  (GlcNAc)7 (Man)3 (Asn)1	
 9,10-Epoxyoctadecenoic acid (9(10)-EpOME)	
((N-Acetyl-D-Glucosaminyl)5-(Alpha-D-Mannosyl)2-Beta-D-Mannosyl-Diacetylchitobiosyl)-L-Asparagine (Protein)	
(+)-Alpha-Pinene	CC1=CCC2CC1C2(C)C
(+)-Alpha-Tocopherol	CC1=C(C2=C(CCC(O2)(C)CCCC(C)CCCC(C)CCCC(C)C)C(=C1O)C)C
(+)-Gama-Tocopherol	
(+-)-5-Hydroxy-6E,8Z,11Z,14Z,17Z-Eicosapentaenoic Acid	CCC=CCC=CCC=CCC=CC=CC(CCCC(=O)O)O
(-)-Salsolinol	CC1C2=CC(=C(C=C2CCN1)O)O
(-)-Trans-Carveol	CC1=CCC(CC1O)C(=C)C
(11Z,14Z)-Icosadienoyl Coenzyme A	
(12S)-12-hydroxyheptadeca-5,8,10-trienoic acid (12S-HHT)	
(1R,2R,3R,4R,5R,6S)-2,3,5,6-Tetrahydroxy-4-(Phosphonatooxy)Cyclohexyl Phosphate	
(20S)-20-Hydroxypregn-4-En-3-One	CC(C1CCC2C1(CCC3C2CCC4=CC(=O)CCC34C)C)O
(24R)-24,25-Dihydroxycalciol	CC(CCC(C(C)(C)O)O)C1CCC2C1(CCCC2=CC=C3CC(CCC3=C)O)C
(24R,25R)-3Alpha,7Alpha,12Alpha,24-Tetrahydroxy-5Beta-Cholestan-26-Oyl Coenzyme A	
(24S)-24-Hydroxycholesterol	CC(C)C(CCC(C)C1CCC2C1(CCC3C2CC=C4C3(CCC(C4)O)C)C)O
(24S)-7Alpha,24-Dihydroxycholesterol	CC(C)C(CCC(C)C1CCC2C1(CCC3C2C(C=C4C3(CCC(C4)O)C)O)C)O
(25R)-3Alpha,7Alpha,12Alpha-Trihydroxy-5Beta-Cholestan-26-Oyl Coenzyme A	
(25S)-3Alpha,7Alpha,12Alpha-Trihydroxy-5Beta-Cholestan-26-Oyl Coenzyme A	
(2E)-Docosenoyl Coenzyme A	
(2E)-Eicosenoyl Coenzyme A	
(2E)-Heneicosenoyl Coenzyme A	
(2E)-Heptadecenoyl Coenzyme A	
(2E)-Heptenoyl Coenzyme A	
(2E)-Hexacosenoyl Coenzyme A	
(2E)-Nonadecenoyl Coenzyme A	
(2E)-Nonenoyl Coenzyme A	
(2E)-Octadecenoyl Coenzyme A	
(2E)-Octenoyl Coenzyme A	
(2E)-Pentadecenoyl Coenzyme A	
(2E)-Pentenoyl Coenzyme A	
(2E)-Tetracosenoyl Coenzyme A	
(2E)-Tetradecenoyl Coenzyme A	
(2E)-Tricosenoyl Coenzyme A	
(2E)-Tridecenoyl Coenzyme A	
(2E)-Undecenoyl Coenzyme A	
(2R)-Pristanoyl Coenzyme A	
(2R,3R,4S,5R,6R)-3,4,5-Trihydroxy-6-(Hydroxymethyl)Oxan-2-Yl Phosphate	
(2S)-1-Hydroxy-3-Oxooctadecan-2-Aminium	CCCCCCCCCCCCCCCC(=O)C(CO)[NH3+]
(2S)-4-Carbamoyl-2-(2-Phenylacetamido)Butanoate	
(2S)-Pristanoyl Coenzyme A	
(2S,3R)-2-Azaniumyl-3-Hydroxyoctadecyl Phosphate	CCCCCCCCCCCCCCCC(C(COP(=O)(O)O)N)O
(2S,3S)-3-Hydroxy-2-Methylbutanoyl Coenzyme A	
(3,4-Dihydroxyphenyl)Acetate	C1=CC(=C(C=C1CC(=O)[O-])O)O
(3E,5Z,8Z)-Tetradecatrienoyl Coenzyme A	
(3S)-3-Hydroxy-Cis,Cis-Palmito-7,10-Dienoyl Coenzyme A	
(3S)-3-Hydroxy-Cis-8-Tetradecenoyl Coenzyme A	
(3S)-3-Hydroxydodec-Cis-6-Enoyl Coenzyme A	
(3S)-3-Hydroxylinoleoyl Coenzyme A	
(3S)-Citramalyl Coenzyme A	
(3S)-Hydroxy-Docasa-Cis,Cis-13,16-Dienoyl Coenzyme A	
(3S)-Hydroxy-Eicosa-Cis,Cis,Cis-11,14,17-Trienoyl Coenzyme A	
(3S)-Hydroxy-Eicosa-Cis,Cis-11,14-Dienoyl Coenzyme A	
(4-Hydroxy-3-Methoxyphenyl)Acetaldehyde	COC1=C(C=CC(=C1)CC=O)O
(4-Hydroxyphenyl)Acetaldehyde	C1=CC(=CC=C1CC=O)O
(4R,5S)-4,5,6-Trihydroxy-2,3-Dioxohexanoate	C(C(C(C(=O)C(=O)C(=O)O)O)O)O
(4Z,7Z,10Z,13Z,16Z)-Docosa-4,7,10,13,16-Pentaenoic Acid	CCCCCC=CCC=CCC=CCC=CCC=CCCC(=O)O
(4Z,7Z,10Z,13Z,16Z)-Docosapentaenoyl Coenzyme A	
(5-Hydroxyindol-3-Yl)Acetaldehyde	C1=CC2=C(C=C1O)C(=CN2)CC=O
(5Z,9E,14Z)-(8Xi,11R,12S)-11,12-Epoxy-8-Hydroxyicosa-5,9,14-Trienoate	CCCCCC=CCC1C(O1)C=CC(CC=CCCCC(=O)[O-])O
(6Z,9Z)-Octadecadienoyl Coenzyme A	
(8Z,11Z,14Z,17Z)-Eicosatetraenoyl Coenzyme A	
(9E)-Octadecenoic Acid	CCCCCCCCC=CCCCCCCCC(=O)O
(9Z)-12,13-Epoxyoctadecenoic acid (12(13)-EpOME)	
(9Z,12Z,15Z,18Z)-Tetracosatetraenoyl Coenzyme A	
(9Z,12Z,15Z,18Z,21Z)-Tetracosapentaenoyl Coenzyme A	
(Alpha-D-Mannosyl)2-Beta-D-Mannosyl-N-Acetylglucosamine	CC(=O)NC1C(C(C(OC1O)CO)OC2C(C(C(C(O2)CO)O)OC3C(C(C(C(O3)CO)O)OC4C(C(C(C(O4)CO)O)O)O)O)O)O
(Dimannosyl),(Phosphoethanolaminyl)-Mannosyl-Glucosylaminyl-Acylphosphatidylinositol (H6)	
(Gal)1 (GalNAc)1 (GlcNAc)1 (Ser/Thr)1	
(Gal)2 (GalNac)1 (Glc)1 (GlcNac)1 (LFuc)1 (Cer)1	
(Gal)2 (GalNac)1 (Glc)1 (GlcNac)1 (LFuc)2 (Cer)1	
(Gal)2-Xyl-L-Ser (Protein)	
(Gal)3 (GalNac)1 (Glc)1 (GlcNac)1 (LFuc)1 (Cer)1	
(Gal)3 (GalNac)1 (Glc)1 (GlcNac)2 (LFuc)1 (Cer)1	
(Gal)3 (Glc)1 (GlcNac)1 (Cer)1	
(Gal)3 (Glc)1 (GlcNac)1 (LFuc)1 (Cer)1	
(Gal)3 (Glc)1 (GlcNac)1 (LFuc)2 (Cer)1	
(Gal)3 (Glc)1 (GlcNac)2 (LFuc)2 (Cer)1	
(Gal)3 (Glc)1 (GlcNac)2 (LFuc)3 (Cer)1	
(Gal)3 (Glc)1 (Glcnac)3 (Cer)1	
(Gal)4 (GalNac)1 (Glc)1 (GlcNac)2 (LFuc)1 (Cer)1	
(Gal)4 (GalNac)1 (Glc)1 (GlcNac)2 (LFuc)2 (Cer)1	
(Gal)4 (Glc)1 (GlcNAc)3 (LFuc)2 (Cer)1	
(Gal)4 (Glc)1 (GlcNac)2 (LFuc)1 (Cer)1	
(Gal)4 (Glc)1 (GlcNac)3 (LFuc)1 (Cer)1	
(Gal)4 (Glc)1 (GlcNac)3 (LFuc)2 (Cer)1	
(Gal)4 (Glc)1 (GlcNac)3 (LFuc)3 (Cer)1	
(Gal)6 (Glc)1 (GlcNac)3 (LFuc)2 (Cer)1	
(GalNAc)1 (GlcNAc)1 (Ser/Thr)1	
(GlcNAc)6 (Man)3 (Asn)1	
(GlcNac-Glca)2-GlcNac-Glca-Gal-Gal-Xyl-L-Ser (Protein)	
(GlcNac-Glca)3-GlcNac-Glca-Gal-Gal-Xyl-L-Ser (Protein)	
(GlcNac-Glca)4-GlcNac-Glca-Gal-Gal-Xyl-L-Ser (Protein)	
(Glcn2S-Glca)4-GlcNac-Glca-Gal-Gal-Xyl-L-Ser (Protein)	
(Glcn2S-Idoa-Glcn2S-Glca)2-GlcNac-Glca-Gal-Gal-Xyl-L-Ser (Protein)	
(Mannosyl),(Phosphoethanolaminyl)-Mannosyl-Glucosylaminyl-Acylphosphatidylinositol (B)	
(Phosphoethanolaminyl-Dimannosyl),(Phosphoethanolaminyl)-Mannosyl-Glucosaminyl-Acylphosphatidylinositol	
(Phosphoethanolaminyl-Dimannosyl),(Phosphoethanolaminyl)-Mannosyl-Glucosaminyl-Acylphosphatidylinositol (H7)	
(Phosphoethanolaminyl-Mannosyl),(Phosphoethanolaminyl)-Dimannosyl-Glucosaminyl-Acylphosphatidylinositol (H7)	
(R)-3-Hydroxybutanoyl Coenzyme A	
(R)-3-Hydroxybutanoyl-[acp]	
(R)-3-Hydroxybutyrate	CC(CC(=O)[O-])O
(R)-3-Hydroxydecanoyl-[acyl-carrier protein]	
(R)-3-Hydroxydodecanoyl-[acyl-carrier protein]	CCCCCCCCCC(CC(=O)S)O
(R)-3-Hydroxyhexanoyl-[acyl-carrier protein]	CCCC(CC(=O)S)O
(R)-3-Hydroxyoctadecanoyl-[acyl-carrier protein]	CCCCCCCCCCCCCCCC(CC(=O)S)O
(R)-3-Hydroxyoctanoyl-[acyl-carrier protein]	
(R)-3-Hydroxytetradecanoyl-[acyl-carrier protein]	
(R)-5-Diphosphomevalonate	CC(CCOP(=O)(O)OP(=O)(O)O)(CC(=O)O)O
(R)-5-Phosphonatomevalonate	CC(CCOP(=O)([O-])[O-])(CC(=O)[O-])O
(R)-Lactaldehyde	CC(C=O)O
(R)-Lactate	CC(C(=O)O)O
(R)-Methylmalonyl Coenzyme A	
(R)-Mevalonate	CC(CCO)(CC(=O)[O-])O
(R)-Pantothenate	CC(C)(CO)C(C(=O)NCCC(=O)[O-])O
(R)-Propane-1,2-Diol	CC(CO)O
(R)-S-Lactoylglutathionate	
(S)-2-Aminobutanoate	CCC(C(=O)O)N
(S)-2-[5-Amino-1-(5-Phospho-D-Ribosyl)Imidazole-4-Carboxamido]Succinate	C1=NC(=C(N1C2C(C(C(O2)COP(=O)(O)O)O)O)N)C(=O)NC(CC(=O)O)C(=O)O
(S)-3-Aminoisobutyric Acid	CC(CN)C(=O)O
(S)-3-Hydroxy-11-Cis-Octadecenoyl Coenzyme A	
(S)-3-Hydroxy-7-Hexadecenoyl Coenzyme A	
(S)-3-Hydroxybutanoyl Coenzyme A	
(S)-3-Hydroxydecanoyl Coenzyme A	
(S)-3-Hydroxydodecanoyl Coenzyme A	
(S)-3-Hydroxyisobutyryl Coenzyme A	
(S)-3-Hydroxyoctadecanoyl Coenzyme A	
(S)-3-Hydroxyoleyleoyl Coenzyme A	
(S)-3-Hydroxytetradecanoyl Coenzyme A	
(S)-3-Sulfonatolactate	C(C(C(=O)O)O)S(=O)(=O)O
(S)-Dihydroorotate	C1C(NC(=O)NC1=O)C(=O)O
(S)-Glycerate	C(C(C(=O)O)O)O
(S)-Lactaldehyde	CC(C=O)O
(S)-Lactate	CC(C(=O)[O-])O
(S)-Malate	C(C(C(=O)O)O)C(=O)O
(S)-Methylmalonyl Coenzyme A	
(S)-Propane-1,2-Diol	CC(CO)O
(Trimannosyl),(Phosphoethanolaminyl)-Mannosyl-Glucosaminyl-Acylphosphatidylinositol (M4C)	
(Z,Z,Z)-7,10,13-Hexadecatrienoic Acid	CCC=CCC=CCC=CCCCCCC(=O)O
({[(Mannosyl),(Phosphoethanolaminyl)]-Dimannosyl},{Phosphoethanolaminyl})-Mannosyl-Glucosaminyl-Acylphosphatidylinositol (M4B) (Mem2Emgacpail Heparan Sulfate)	
({[(mannosyl),(phosphoethanolaminyl)]-dimannosyl},{phosphoethanolaminyl})-mannosyl-glucosaminyl-acylphosphatidylinositol-Protein (M4B)	
1 Acyl Phosphoglycerol	
1'-OH-midazolam	
1'-OH-midazolam-glucuronide	
1,2-Dehydrosalsolinol	CC1=NCCC2=CC(=C(C=C12)O)O
1,2-Diacyl-Sn-Glycerol (Didodecanoyl, N-C12:0)	CCCCCCCCCCCC(=O)OCC(CO)OC(=O)CCCCCCCCCCC
1,2-Diacylglycerol-Chylomicron-Pool	
1,2-Diacylglycerol-Ld-Pc-Pool	
1,2-Diacylglycerol-Ld-Pe-Pool	C(C(CO)(CO)CO)O
1,2-Diacylglycerol-Ld-Sm-Pool	[Sm]
1,2-Diacylglycerol-VLDL-Pool	
1,2-Dihydroxy-5-(Methylthio)Pent-1-En-3-One	CSCCC(=O)C(=CO)O
1,4-Dihydroxy-midazolam	C1=CC=C(C(=C1)C2=NC(C3=CN=C(N3C4=C2C=C(C=C4)Cl)CO)O)F
1-(S-Glutathionyl)-2,4-Dinitrobenzene	C1=CC(=C(C=C1[N+](=O)[O-])[N+](=O)[O-])SCC(C(=O)NCC(=O)O)NC(=O)CCC(C(=O)O)N
1-Acylglycerol-3P-Ld-Sm-Pool	
1-Acylglycerol-Ld-Sm-Pool	
1-Acylglycerol-VLDL-Pool	
1-Alkyl 2-Acteylglycerol 3-Phosphocholine	
1-Alkyl 2-Lysoglycerol 3-Phosphocholine	
1-Alpha,24R,25-Trihydroxyvitamin D2	CC(C=CC(C)(C(C)(C)O)O)C1CCC2C1(CCCC2=CC=C3CC(CC(C3=C)O)O)C
1-Alpha,25-Dihydroxyvitamin D2	CC(C=CC(C)C(C)(C)O)C1CCC2C1(CCCC2=CC=C3CC(CC(C3=C)O)O)C
1-Arachidonoyl Glycerol	CCCCCC=CCC=CCC=CCC=CCCCC(=O)OCC(CO)O
1-Arachidonoyl-Glycero-3-Phosphocholine	CCCCCC=CCC=CCC=CCC=CCCCC(=O)OCC(COP(=O)([O-])OCC[N+](C)(C)C)O
1-Arachidonoyl-Sn-Glycero-3-Phosphoethanolamine	CCCCCC=CCC=CCC=CCC=CCCCC(=O)OCC(COP(=O)(O)OCCN)O
1-Arachidonoylglycerophosphoinositol	CCCCCC=CCC=CCC=CCC=CCCCC(=O)OCC(COP(=O)(O)OC1C(C(C(C(C1O)O)O)O)O)O
1-Didecanoylglycerophosphoethanolamine (C12:0 Pe)	
1-Dihomo-Linolenoylglycerophosphocholine (20:3, Delta 8, 11, 14), Lysopc A C20:3	
1-Dihomo-Linolenoylglycerophosphoethanolamine (20:3, Delta 8, 11, 14)	
1-Docosahexaenoylglycerophosphocholine	
1-Docosahexenoylglyceroethanolamine (Delta 4, 7, 10, 13, 16, 19), Lpe (22:6)	
1-Docosahexenoylglycerophosphocholine (Delta 4, 7, 10, 13, 16, 19), Sn1-Lpc (22:6)	
1-Docosapentenoylglycerophosphocholine (Delta 4, 7, 10, 13, 16), Sn1-Lpc (22:5)-W6	
1-Docosapentenoylglycerophosphocholine (Delta 7, 10, 13, 16, 19), Sn1-Lpc (22:5)-W3	
1-Docosatetraenoyglycerophosphoethanolamine (22:4, Delta 7, 10, 13, 16)	
1-Docosatetraenoylglycerophosphocholine (Delta 7, 10, 13, 16), Sn1-Lpc (22:4)	
1-Eicosadienoylglycerophosphocholine (Delta 11,14)	
1-Eicosapentenoylglycerophosphocholine (Delta 5, 8, 11, 14, 17), Sn1-Lpc (20:5)	
1-Eicosatetraenoylglycerophosphocholine (Delta 8, 11, 14, 17), Sn1-Lpc (20:4)	
1-Eicosatrienoylglycerophosphocholine (Delta 11, 14, 17)	
1-Eicosatrienoylglycerophosphoethanolamine (Delta 11, 14, 17), Lpe (20:3)	
1-Eicosenoylglycerophosphocholine (Delta 11) ,Sn1-Lpc (20:1)	
1-Gamma-Linolenoyl-Cholesterol, Cholesterol-Ester (18:3, Delta 6, 9, 12)	
1-Heptadecanoylglycerophosphocholine	CCCCCCCCCCCCCCCCC(=O)OCC(COP(=O)([O-])OCC[N+](C)(C)C)O
1-Heptadecanoylglycerophosphoethanolamine (C17:0 Pe)	
1-Hexadecenoylglycerophosphoethanolamine (C16:1 Pe, Delta 9)	
1-Hydroperoxy-8-Carboxyoctyl 3,4-Epoxynon-(2E)-Enyl Ether	CCOCC
1-Lignocericylglycerophosphocholine (24:0), Lysopc A C24	
1-Linoleoyl-Cholesterol, Cholesterol-Ester (18:2, Delta 9, 12)	
1-Linoleoylglycerol	CCCCCC=CCC=CCCCCCCCC(=O)OCC(CO)O
1-Linoleoylglycerophosphocholine (Delta 9,12)	
1-Linoleoylglycerophosphoethanolamine (Delta 9,12)	
1-Methylimidazole-4-Acetaldehyde	CN1C=C(N=C1)CC=O
1-Methylnicotinamide	C[N+]1=CC=CC(=C1)C(=O)N
1-Myristoylglycerophosphocholine	CCCCCCCCCCCCCC(=O)OCC(COP(=O)([O-])OCC[N+](C)(C)C)O
1-Myristoylglycerophosphoethanolamine (C14:0 Pe)	
1-Nonadecanoylglycerophosphocholine, Sn1-Lpc (19:0)	
1-Octadeca-Trienoylglycerophosphocholine, Sn1-Lpc (18:3, Delta 6, 9, 12)	
1-Octadeca-Trienoylglycerophosphocholine, Sn1-Lpc (18:3, Delta 9, 12, 15)	
1-Oleoylglycerol	CCCCCCCCC=CCCCCCCCC(=O)OCC(CO)O
1-Oleoylglycerophosphocholine (Delta 9)	
1-Oleoylglycerophosphoethanolamine (Delta 9)	
1-Palmitoleoylglycerophosphocholine (Delta 9)	
1-Palmitoylglycerol	CCCCCCCCCCCCCCCC(=O)OCC(CO)O
1-Palmitoylglycerophosphocholine	CCCCCCCCCCCCCCCC(=O)OCC(COP(=O)(O)OCC[N+](C)(C)C)O
1-Palmitoylglycerophosphoethanolamine	
1-Palmitoylglycerophosphoinositol	CCCCCCCCCCCCCCCC(=O)OCC(COP(=O)([O-])OC1C(C(C(C(C1O)O)O)O)O)O
1-Pentadecanoylglycerophosphoethanolamine (C15:0 Pe)	
1-Phosphatidyl-1D-Myo-Inositol	
1-Phosphatidyl-1D-Myo-Inositol 3,4,5-Trisphosphate	CC(=O)OC(COP(=O)(O)OC1C(C(C(C(C1O)OP(=O)(O)O)OP(=O)(O)O)OP(=O)(O)O)O)OC(=O)C
1-Phosphatidyl-1D-Myo-Inositol 3,4-Bisphosphate	
1-Phosphatidyl-1D-Myo-Inositol 3,5-Bisphosphate	
1-Phosphatidyl-1D-Myo-Inositol 3-Phosphate	C(C(COP(=O)(O)OC1C(C(C(C(C1O)OP(=O)(O)O)O)O)O)C(=O)O)C(=O)O
1-Phosphatidyl-1D-Myo-Inositol 4-Phosphate	CCCCCCCCCCCCCCCC(=O)OCC(COP(=O)([O-])OC1C(C(C(C(C1O)O)OP(=O)([O-])[O-])O)O)OC(=O)CCCCCCCCCCCCCCC
1-Phosphatidyl-1D-Myo-Inositol 5-Phosphate	
1-Piperideine-2-Carboxylate	C1CCN=C(C1)C(=O)[O-]
1-Piperideine-6-Carboxylate	C1CC=NC(C1)C(=O)[O-]
1-Pyrroline	C1CC=NC1
1-Pyrroline-5-Carboxylate	C1CC(N=C1)C(=O)[O-]
1-Stearoylglycerol	CCCCCCCCCCCCCCCCCC(=O)C(C(CO)O)O
1-Stearoylglycerophosphocholine	CCCCCCCCCCCCCCCCCC(=O)OCC(COP(=O)([O-])OCC[N+](C)(C)C)O
1-Stearoylglycerophosphoethanolamine	CCCCCCCCCCCCCCCCCC(=O)OCC(COP(=O)([O-])OCC[NH3+])O
1-Stearoylglycerophosphoinositol	CCCCCCCCCCCCCCCCCC(=O)OCC(COP(=O)([O-])OC1C(C(C(C(C1O)O)O)O)O)O
1-Timnodnoyl-Cholesterol, Cholesterol-Ester (20:5, Delta 5,8,11,14,17)	
1-Tridecanoylglycerophosphoethanolamine (C13:0 Pe)	
1-Vaccenoyl-Cholesterol, Cholesterol-Ester (18:1, Delta 11)	
1-hydroxy S-ibuprofen	
1-hydroxy S-ibuprofen-glucuronide	
10,11-Dihydro-12-Epi-Leukotriene B4	
10,11-Dihydro-12-Oxo-Ltb4	CCCCCC=CCC(=O)CCC=CC=CC(CCCC(=O)O)O
10,11-Dihydro-20-Dihydroxy-Leukotriene B4	C(CCC(O)O)CC=CCC(CCC=CC=CC(CCCC(=O)[O-])O)O
10,11-Dihydro-20-Trihydroxy-Leukotriene B4	C(CCC(O)(O)O)CC=CCC(CCC=CC=CC(CCCC(=O)O)O)O
10,11-Dihydro-Leukotriene B4	CCCCCC=CCC(CCC=CC=CC(CCCC(=O)O)O)O
10-Formyltetrahydrofolate	C1C(NC2=C(N1)N=C(NC2=O)N)CN(C=O)C3=CC=C(C=C3)C(=O)NC(CCC(=O)O)C(=O)O
10-Formyltetrahydrofolate-[Glu](5)	
10-Formyltetrahydrofolate-[Glu](6)	
10-Formyltetrahydrofolate-[Glu](7)	
10Z,13Z,16Z,19Z-Docosatetraenoic Acid	CCC=CCC=CCC=CCC=CCCCCCCCCC(=O)O
10Z,13Z,16Z,19Z-Docosatetraenoyl Coenzyme A	
10Z,13Z,16Z,19Z-Docosatetraenoylcarnitine	
10Z,13Z,16Z-Docosatrienoyl Coenzyme A	
10Z,13Z,16Z-Docosatrienoylcarnitine	CCC=CCC=CCC=CCCCCCCCCCCCC(=O)OC(CC(=O)[O-])C[N+](C)(C)C
10Z,13Z,16Z-Docosatriynoic Acid	
10Z-Heptadecenoic Acid	CCCCCCC=CCCCCCCCCC(=O)O
10Z-Heptadecenoyl Coenzyme A	
11,12-Epoxyeicosatrienoic Acid	CCCCCC=CCC1C(O1)CC=CCC=CCCCC(=O)O
11-Cis-Eicosenoate	CCCCCCCCC=CCCCCCCCCCC(=O)O
11-Cis-Retinal	CC1=C(C(CCC1)(C)C)C=CC(=CC=CC(=CC=O)C)C
11-Cis-Retinol	CC1=C(C(CCC1)(C)C)C=CC(=CC=CC(=CCO)C)C
11-Dehydrothromboxane B2	CCCCCC(C=CC1C(C(CC(=O)O1)O)CC=CCCCC(=O)O)O
11-Deoxycorticosterone	CC12CCC3C(C1CCC2C(=O)CO)CCC4=CC(=O)CCC34C
11-Deoxycortisol	CC12CCC(=O)C=C1CCC3C2CCC4(C3CCC4(C(=O)CO)O)C
11-Eicosenoyl Coenzyme A	
11-Octadecenoyl Carnitine	
11-Octadecenoyl Coenzyme A	CCCCCCC=CCCCCCCCCCC(=O)SCCNC(=O)CCNC(=O)C(C(C)(C)COP(=O)(O)OP(=O)(O)OCC1C(C(C(O1)N2C=NC3=C(N=CN=C32)N)O)OP(=O)(O)O)O
11Beta-Hydroxyprogesterone	CC(=O)C1CCC2C1(CC(C3C2CCC4=CC(=O)CCC34C)O)C
11Z,14Z,17Z-Eicosatrienoic Acid	CCC=CCC=CCC=CCCCCCCCCCC(=O)O
11Z,14Z,17Z-Eicosatrienoyl Coenzyme A	
11Z,14Z,17Z-Eicosatrienoylcarnitine	
11Z,14Z-Eicosadienoic Acid	CCCCCC=CCC=CCCCCCCCCCC(=O)O
11Z,14Z-Eicosadienoylcarnitine	
11Z-Docosenoic Acid	CCCCCCCCCCC=CCCCCCCCCCC(=O)O
11Z-Docosenoyl Coenzyme A	
11Z-Eicosenoyl Coenzyme A 	
11Z-Octadecenoyl Coenzyme A	
12 Hydroxy Arachidonic Acid	CCCCCC=CCC(=CCC=CCC=CCCCC(=O)O)O
12,13-Hydroxyoctadec-9(Z)-Enoate	CCCCCC(C(CC=CCCCCCCCC(=O)O)O)O
12-Dehydrocholic acid; 12-Oxodeoxycholic acid; 12oxo-3alpha,7alpha-Dihydroxy-5beta-cholan-24-oic acid	
12-HT or M-VI, 12-hydroxy tacrolimus	
12-Hydroperoxyeicosa-5,8,10,14-tetraenoate	
12-Hydroxyeicosatetraenoate	CCCCCC=CCC(C=CC=CCC=CCCCC(=O)O)O
12-Oxo-Leukotriene B4	CCCCCC=CCC(=O)C=CC=CC=CC(CCCC(=O)O)O
12Z,15Z,18Z,21Z-Tetracosatetraenoic Acid	CCC=CCC=CCC=CCC=CCCCCCCCCCCC(=O)O
12Z,15Z,18Z,21Z-Tetracosatetraenoyl Coenzyme A	
13,15-O-didesmethyl tacrolimus	
13,31-O-Didesmethyl-tacrolimus	
13-Cis-Oxo-Retinoic Acid	
13-Cis-Retinal	CC1=C(C(CCC1)(C)C)C=CC(=CC=CC(=CC=O)C)C
13-Cis-Retinoate	CC1=C(C(CCC1)(C)C)C=CC(=CC=CC(=CC(=O)O)C)C
13-Cis-Retinol	CC1=C(C(CCC1)(C)C)C=CC(=CC=CC(=CCO)C)C
13-Cis-Retinoyl Glucuronide	CC1=C(C(CCC1)(C)C)C=CC(=CC=CC(=CC(=O)OC2C(C(C(C(O2)C(=O)O)O)O)O)C)C
13-Docosenoate	CCCCCCCCC=CCCCCCCCCCCCC(=O)O
13-Docosenoyl Coenzyme A	
13-L-Hydroperoxylinoleic Acid	CCCCCC(C=CC=CCCCCCCCC(=O)O)OO
13-O-desmethyl tacrolimus, 13-DMT or M-I	
13Z,16Z,19Z-Docosatrienoic Acid	CCC=CCC=CCC=CCCCCCCCCCCCC(=O)O
13Z,16Z,19Z-Docosatrienoyl Coenzyme A	
13Z,16Z,19Z-Docosatrienoylcarnitine	
13Z,16Z-Docosadienoic Acid	CCCCCC=CCC=CCCCCCCCCCCCC(=O)O
13Z,16Z-Docosadienoyl Coenzyme A	
13Z,16Z-Docosadienoylcarnitine	
13Z-Eicosenoic Acid	CCCCCCC=CCCCCCCCCCCCC(=O)O
13Z-Eicosenoyl Coenzyme A	
13Z-Octadecenoic Acid	CCCCC=CCCCCCCCCCCCC(=O)O
13Z-Octadecenoyl Coenzyme A	
14,15-Dihete	CCC=CCC(C(CC=CCC=CCC=CCCCC(=O)O)O)O
14,15-Epoxy-5,8,11-Eicosatrienoic Acid	CCCCCC1C(O1)CC=CCC=CCC=CCCCC(=O)O
14-Demethyllanosterol	CC(CCC=C(C)C)C1CCC2C1(CCC3=C2CCC4C3(CCC(C4(C)C)O)C)C
15(S)-(15R)-15-Hydroxyeicosa-5Z,8Z,11Z,13E,17Z-Pentaenoate	
15(S)-Hydroperoxy-Epe	
15, 31-O-Didesmethyl-tacrolimus	
15-DMT or M-III, 15-O-desmethyl tacrolimus	
15-Deoxy-Pgd2	CCCCCC=CC=C1C(C(CC1=O)O)CC=CCCCC(=O)O
15-Deoxy-Prostaglandin J2	CCCCCC=CC=C1C(C=CC1=O)CC=CCCCC(=O)O
15-Hydroperoxyeicosa-8Z,11Z,13E-Trienoate	CCCCCC(C=CC=CCC=CCCCCCCC(=O)O)OO
15-Hydroxy-(8Z,11Z,13E)-Eicosatrienoate	CCCCCC(C=CC=CCC=CCCCCCCC(=O)O)O
15-Keto-Prostaglandin F2A	CCCCCC(=O)C=CC1C(CC(C1CC=CCCCC(=O)O)O)O
15R-Hydroxy-5Z,8Z,11Z,13E,17Z-Eicosapentaenoic Acid	CCC=CCC(C=CC=CCC=CCC=CCCCC(=O)O)O
15S-Hydroperoxyeicosatetraenoate	CCCCCC(C=CC=CCC=CCC=CCCCC(=O)O)OO
16-Glucuronide-Estriol	CC12CCC3C(C1CC(C2O)OC4C(C(C(C(O4)C(=O)O)O)O)O)CCC5=C3C=CC(=C5)O
16Alpha-Hydroxydehydroepiandrosterone	CC12CCC(CC1=CCC3C2CCC4(C3CC(C4=O)O)C)O
16Alpha-Hydroxyestrone	CC12CCC3C(C1CC(C2=O)O)CCC4=C3C=CC(=C4)O
17Alpha,21-Dihydroxypregnenolone	CC12CCC(CC1=CCC3C2CCC4(C3CCC4(C(=O)CO)O)C)O
17Alpha-Hydroxypregnenolone	CC(=O)C1(CCC2C1(CCC3C2CC=C4C3(CCC(C4)O)C)C)O
17Alpha-Hydroxypregnenolone Sulfate	CC(=O)C1(CCC2C1(CCC3C2CC=C4C3(CCC(C4)OS(=O)(=O)O)C)C)O
17Alpha-Hydroxyprogesterone	CC(=O)C1(CCC2C1(CCC3C2CCC4=CC(=O)CCC34C)C)O
17Beta-Estradiol 3-Glucosiduronic Acid	CC12CCC3C(C1CCC2O)CCC4=C3C=CC(=C4)OC5C(C(C(C(O5)C(=O)O)O)O)O
17Beta-Estradiol-3,4-Semiquinone	
17Beta-Hydroxy-5Alpha-Androstan-3-One	CC12CCC(=O)CC1CCC3C2CCC4(C3CCC4O)C
17Z-Hexacosenoic Acid	CCCCCCCCC=CCCCCCCCCCCCCCCCC(=O)O
17Z-Hexacosenoyl Coenzyme A	
18 Hydroxy Arachidonic Acid	
18-Hydroxycorticosterone	CC12CCC(=O)C=C1CCC3C2C(CC4(C3CCC4C(=O)CO)CO)O
18R-Hydroxy-5Z,8Z,11Z,14Z,16E-Eicosapentaenoic Acid	CCC(C=CC=CCC=CCC=CCC=CCCCC(=O)O)O
19-Hydroxyandrost-4-Ene-3,17-Dione	CC12CCC3C(C1CCC2=O)CCC4=CC(=O)CCC34CO
1D-Myo-Inositol 1,3,4,5-Tetrakisphosphate	C1(C(C(C(C(C1OP(=O)(O)O)OP(=O)(O)O)OP(=O)(O)O)O)OP(=O)(O)O)O
1D-Myo-Inositol 1,3,4-Trisphosphate	C1(C(C(C(C(C1OP(=O)(O)O)O)OP(=O)(O)O)OP(=O)(O)O)O)O
1D-Myo-Inositol 1,3-Bisphosphate	C1(C(C(C(C(C1O)OP(=O)([O-])[O-])O)OP(=O)([O-])[O-])O)O
1D-Myo-Inositol 1,4,5-Trisphosphate	C1(C(C(C(C(C1OP(=O)(O)O)O)OP(=O)(O)O)OP(=O)(O)O)O)O
1D-Myo-Inositol 1-Phosphate	C1(C(C(C(C(C1O)O)OP(=O)(O)O)O)O)O
1D-Myo-Inositol 3,4-Bisphosphate	C1(C(C(C(C(C1O)OP(=O)(O)O)OP(=O)(O)O)O)O)O
1D-Myo-Inositol 3-Phosphate	C1(C(C(C(C(C1O)O)OP(=O)(O)O)O)O)O
1D-Myo-Inositol 4-Phosphate	C1(C(C(C(C(C1O)O)OP(=O)(O)O)O)O)O
2(R),6-Dimethyl-Heptanoyl Coenzyme A	
2(S),6-Dimethyl-Heptanoyl Coenzyme A	
2,3-Bisphosphonato-D-Glycerate	C(C(C(=O)[O-])OP(=O)([O-])[O-])OP(=O)([O-])[O-]
2,3-Cyclic Uridine-5'-Monophosphate	
2,3-Dihydro-1H-Indole-5,6-Dione	C1CNC2=CC(=O)C(=O)C=C21
2,3-Diketo-5-Methylthio-1-Phosphopentane	CSCCC(=O)C(=O)COP(=O)(O)O
2,4,7,10,13,16,19-Docosaheptenoyl Coenzyme A	
2,4,7,10,13,16-Docosahexenoyl Coenzyme A	
2,4,7,10,13-Hexadecapentaenoyl Coenzyme A	
2,4,7,10-Hexadecatetraenoyl Coenzyme A	
2,4,7-Decatrienoyl Coenzyme A	
2,4-Decadienoyl Coenzyme A	
2,5,8,11,14-Eicosapentaenoyl Coenzyme A	
2,5-Dihydroxybenzoate	C1=CC(=C(C=C1O)C(=O)O)[O-]
2,6 Dimethylheptanoyl Carnitine	CC(C)CCCC(C)C(=O)OC(CC(=O)[O-])C[N+](C)(C)C
2,6 Dimethylheptanoyl Coenzyme A	
2,6,10-Trimethyl Undecanoyl Coenzyme A	
2,6,9,12,15-Octadecapentenoyl Coenzyme A	
2,6,9,12-Octadecatetraenoyl Coenzyme A	
2,6,9-Dodecatrienoyl Coenzyme A	
2,6-Dimethyl-Trans-2-Heptenoyl Coenzyme A	
2,6-Dodecadienoyl Coenzyme A	
2,7,10,13,16,19-Docosahexenoyl Coenzyme A	
2,7,10,13,16-Docosapentenoyl Coenzyme A	
2,7,10,13-Hexadecatetraenoyl Coenzyme A	
2,7,10-Hexadecatrienoyl Coenzyme A	
2,7-Decadienoyl Coenzyme A	
2-(Formamido)-N1-(5-Phospho-D-Ribosyl)Acetamidine	C(C1C(C(C(O1)N=C(CNC=O)N)O)O)OP(=O)(O)O
2-Amino-3-Oxoadipate	C(CC(=O)O)C(=O)C(C(=O)O)N
2-Aminoacrylic Acid	C=C(C(=O)O)N
2-Aminomuconate	C(=CC(=O)[O-])C=C(C(=O)[O-])N
2-Aminomuconate 6-Semialdehyde	C(=CC=O)C=C(C(=O)O)N
2-Arachidonoylglycerol	CCCCCC=CCC=CCC=CCC=CCCCC(=O)OC(CO)CO
2-Carboxy-2,3-Dihydro-5,6-Dihydroxyindole	C1C(NC2=CC(=C(C=C21)O)O)C(=O)O
2-Decaprenyl-5-Hydroxy-6-Methoxy-3-Methyl-1,4-Benzoquinone	CC1=C(C(=O)C(=C(C1=O)O)OC)CC=C(C)CCC=C(C)CCC=C(C)CCC=C(C)CCC=C(C)CCC=C(C)CCC=C(C)CCC=C(C)CCC=C(C)CCC=C(C)C
2-Decaprenyl-6-Methoxy-1,4-Benzoquinone	CC(=CCCC(=CCCC(=CCCC(=CCCC(=CCCC(=CCCC(=CCCC(=CCCC(=CCCC(=CCC1=CC(=O)C=C(C1=O)OC)C)C)C)C)C)C)C)C)C)C
2-Decaprenyl-6-Methoxy-3-Methyl-1,4-Benzoquinone	CC1=C(C(=O)C(=CC1=O)OC)CC=C(C)CCC=C(C)CCC=C(C)CCC=C(C)CCC=C(C)CCC=C(C)CCC=C(C)CCC=C(C)CCC=C(C)CCC=C(C)C
2-Decaprenyl-6-Methoxyphenol	CC(=CCCC(=CCCC(=CCCC(=CCCC(=CCCC(=CCCC(=CCCC(=CCCC(=CCCC(=CCC1=C(C(=CC=C1)OC)O)C)C)C)C)C)C)C)C)C)C
2-Deoxy-D-Ribose	C(C=O)C(C(CO)O)O
2-Deoxy-D-Ribose 1-Phosphate	C1C(C(OC1OP(=O)(O)O)CO)O
2-Deoxy-D-Ribose 5-Phosphate	C(C=O)C(C(COP(=O)(O)O)O)O
2-Deoxyadenosine	C1C(C(OC1N2C=NC3=C(N=CN=C32)N)CO)O
2-Deoxyinosine 5-Phosphate	
2-Hydroxy-3-Methyl-Valerate	CCC(C)C(C(=O)O)O
2-Hydroxy-4-Nitrophenolate	C1=CC(=C(C=C1[N+](=O)[O-])O)[O-]
2-Hydroxy-Glutarate	
2-Hydroxy-Isovalerate	
2-Hydroxyadipic Acid	C(CC(C(=O)O)O)CC(=O)O
2-Hydroxybutyrate	CCC(C(=O)O)O
2-Hydroxyestradiol	CC12CCC3C(C1CCC2O)CCC4=CC(=C(C=C34)O)O
2-Hydroxyestrone	CC12CCC3C(C1CCC2=O)CCC4=CC(=C(C=C34)O)O
2-Hydroxyhexadecanal	CCCCCCCCCCCCCCC(C=O)O
2-Hydroxyphenylacetate	C1=CC=C(C(=C1)CC(=O)[O-])O
2-Hydroxyphytanoyl Coenzyme A	CC(C)CCCC(C)CCCC(C)CCCC(C)C(C(=O)SCCNC(=O)CCNC(=O)C(C(C)(C)COP(=O)(O)OP(=O)(O)OCC1C(C(C(O1)N2C=NC3=C(N=CN=C32)N)O)OP(=O)(O)O)O)O
2-Keto-3-Deoxy-D-Glycero-D-Galactononic Acid	
2-Keto-3-Deoxy-D-Glycero-D-Galactononic Acid 9-Phosphate	
2-Keto-4-Methylthiobutyrate	CSCCC(=O)C(=O)O
2-Linoleoylglycerophosphocholine	
2-Linoleoylglycerophosphoethanolamine	
2-Methoxy-6-All Trans-Decaprenyl-2-Methoxy-1,4-Benzoquinol	CC(=CCCC(=CCCC(=CCCC(=CCCC(=CCCC(=CCCC(=CCCC(=CCCC(=CCCC(=CCC1=C(C(=CC(=C1)O)OC)O)C)C)C)C)C)C)C)C)C)C
2-Methoxyestradiol-17Beta	CC12CCC3C(C1CCC2O)CCC4=CC(=C(C=C34)OC)O
2-Methoxyestrone	CC12CCC3C(C1CCC2=O)CCC4=CC(=C(C=C34)OC)O
2-Methyl-3-Hydroxy-Butyrate	
2-Methyl-3-Hydroxy-Valerate	
2-Methyl-3-Oxo-Valerate	
2-Methyl-3-Oxo-Valeryl Coenzyme A	
2-Methyl-3-Oxopropanoate	CC(C=O)C(=O)[O-]
2-Methylacetoacetyl Coenzyme A	CC(C(=O)C)C(=O)SCCNC(=O)CCNC(=O)C(C(C)(C)COP(=O)(O)OP(=O)(O)OCC1C(C(C(O1)N2C=NC3=C(N=CN=C32)N)O)OP(=O)(O)O)O
2-Methylbutanoyl Coenzyme A	
2-Methylbutyrylglycine	CCC(C)C(=O)NCC(=O)O
2-Methylcitrate	CC(C(=O)O)C(CC(=O)O)(C(=O)O)O
2-Methylcrotonoyl Coenzyme A	
2-Methylprop-2-Enoyl Coenzyme A	
2-Oleoylglycerophosphocholine	CCCCCCCCC=CCCCCCCCC(=O)OC(CO)COP(=O)(O)OCC[N+](C)(C)C
2-Oxoadipate	C(CC(=O)C(=O)O)CC(=O)O
2-Oxobutanoate	CCC(=O)C(=O)O
2-Oxoglutaramate	C(CC(=O)N)C(=O)C(=O)[O-]
2-Oxoglutarate	C(CC(=O)O)C(=O)C(=O)O
2-Palmitoylglycerophosphocholine	CCCCCCCCCCCCCCCC(=O)OC(CO)COP(=O)(O)OCC[N+](C)(C)C
2-Phenylacetamide	C1=CC=C(C=C1)CC(=O)N
2-Phenylethanaminium	C1=CC=C(C=C1)CC[NH3+]
2-Phospho-D-Glycerate	C(C(C(=O)O)OP(=O)(O)O)O
2-Stearoylglycerophosphocholine	
2-Trans-7,10,13,16,19-All-Cis-Docosahexaenoyl Coenzyme A	
2-Trans-Cis,Cis,Cis,Cis-4,8,11,14-Eicosapentaenoyl Coenzyme A	
2-hydroxy S-ibuprofen-glucuronide	
2-hydroxy-R-ibuprofen	
2-hydroxy-S-ibuprofen	
2-hydroxy-atorvastatin-acid / ortho-hydroxy-atorvastatin acid	
2-hydroxy-atorvastatin-acyl-glucuronide	
2-hydroxy-atorvastatin-lactone / ortho-hydroxy-atorvastatin lactone	
2-hydroxy-atorvastatin-lactone-glucuronide	
2-methoxy-6-all trans-decaprenyl-2-methoxy-1,4-benzoquinol	CC(=CCCC(=CCCC(=CCCC(=CCCC(=CCCC(=CCCC(=CCCC(=CCCC(=CCCC(=CCC1=C(C(=CC(=C1)O)OC)O)C)C)C)C)C)C)C)C)C)C
20-COOH-10,11-Dihydro-Leukotriene B4	
20-Dihydroxyleukotriene B4	C(CCC(O)O)CC=CCC(C=CC=CC=CC(CCCC(=O)O)O)O
20-Hydroxycholesterol	CC(C)CCCC(C)(C1CCC2C1(CCC3C2CC=C4C3(CCC(C4)O)C)C)O
20-Oh-10,11-Dihydro-Leukotriene B4	
20-Oxo-Leukotriene B4	C(CCC=O)CC=CCC(C=CC=CC=CC(CCCC(=O)O)O)O
20-Trihydroxy-Leukotriene-B4	C(CCC(O)(O)O)CC=CCC(C=CC=CC=CC(CCCC(=O)O)O)O
21-Hydroxyallopregnanolone	CC12CCC(CC1CCC3C2CCC4(C3CCC4C(=O)CO)C)O
21-Hydroxypregnenolone	CC12CCC3C(C1CCC2C(=O)CO)CC=C4C3(CCC(C4)O)C
24,25-Dihydrolanosterol	CC(C)CCCC(C)C1CCC2(C1(CCC3=C2CCC4C3(CCC(C4(C)C)O)C)C)C
24R,25-Dihyoxyvitamin D2	
25(R)Tetrahca Coenzyme A	
25(S)-Trihydroxycoprostanoyl Coenzyme A	
25-Hydroxycholesterol	CC(CCCC(C)(C)O)C1CCC2C1(CCC3C2CC=C4C3(CCC(C4)O)C)C
25-Hydroxyvitamin D2	CC(C=CC(C)C(C)(C)O)C1CCC2C1(CCCC2=CC=C3CC(CCC3=C)O)C
27-Hydroxycholesterol	CC(CCCC(C)C1CCC2C1(CCC3C2CC=C4C3(CCC(C4)O)C)C)CO
2E,4Z,7Z,10Z-Hexadecatetraenoyl Coenzyme A	
2E,6Z,9Z,12Z-Octadecatetraenoyl Coenzyme A	
2E,7Z,10Z,13Z,16Z-Docosapentaenoyl Coenzyme A	
3''-hydroxy-lovastatin acid form	
3''-hydroxy-lovastatin lactone form	
3',5'-dihydrodiol-simvastatin-lactone form	
3',8'-LD1	CCCCCCCCCCCCCC=CC(C(COC1C(C(C(C(O1)CO)OC2C(C(C(C(O2)CO)O)OC3C(C(C(C(O3)CO)OC4C(C(C(C(O4)CO)O)OC5(CC(C(C(O5)C(C(CO)OC6(CC(C(C(O6)C(C(CO)O)O)NC(=O)C)O)C(=O)O)O)NC(=O)C)O)C(=O)O)O)O)NC(=O)C)O)O)O)NC=O)O
3'-Carboxy-Alpha-Chromanol	C1COC2=CC=CC=C2C1O
3'-Phosphoadenylyl Sulfate	C1=NC(=C2C(=N1)N(C=N2)C3C(C(C(O3)COP(=O)(O)OS(=O)(=O)O)OP(=O)(O)O)O)N
3'-S-hydroxy-pravastatin	
3'-S-hydroxy-pravastatin-CoA	
3'-S-hydroxy-pravastatin-tetranor	
3'-S-hydroxy-pravastatin-tetranor-CoA	
3'-alpha,5'beta-dihydroxy-pravastatin / 3'-alpha5'beta6'beta-trihydroxy pravastatin	
3'-hydroxy-iso-delta-4',5'-hydroxy acid form of lovastatin	
3'-hydroxy-simvastatin-acid form	
3'-hydroxy-simvastatin-lactone form	
3(R)-Hydroxy-Pristanoyl Coenzyme A	
3(S)-Hydroxy-10,13,16-All-Cis-Docosatrienoyl Coenzyme A	
3(S)-Hydroxy-11-Cis-Eicosenoyl Coenzyme A	
3(S)-Hydroxy-11Cis-Docosenoyl Coenzyme A	
3(S)-Hydroxy-13-Cis-Eicosenoyl Coenzyme A	
3(S)-Hydroxy-13Cis-Docosenoyl Coenzyme A	
3(S)-Hydroxy-2(S),6-Dimethyl-Heptanoyl Coenzyme A	
3(S)-Hydroxy-3-Oxo-Eicosadienoyl Coenzyme A	
3(S)-Hydroxy-4(R),8-Dimethyl-Nonanoyl Coenzyme A	
3(S)-Hydroxy-4-Methyl-Pentanoyl Coenzyme A	
3(S)-Hydroxy-5Z,8Z-Tetradecadienoyl Coenzyme A	
3(S)-Hydroxy-6Z,9Z,12Z-Octadecatrienoyl Coenzyme A	
3(S)-Hydroxy-9-Cis-Eicosenoyl Coenzyme A	
3(S)-Hydroxy-All-Cis-8,11,14,17-Eicosatetraenoyl Coenzyme A	
3(S)-Hydroxy-Cis-15-Tetracosaenoyl Coenzyme A	
3(S)-Hydroxy-Cis-9-Octadecenoyl Coenzyme A	
3(S)-Hydroxy-Dihomo-Gama-Linolenoyl Coenzyme A	
3(S)-Hydroxy-Docosa-10,13,16,19-All-Cis-Tetraenoyl Coenzyme A	
3(S)-Hydroxy-Docosa-13,16,19-All-Cis-Trienoyl Coenzyme A	
3(S)-Hydroxy-Docosa-7,10,13,16,19-All-Cis-Pentaenoyl Coenzyme A	
3(S)-Hydroxy-Docosa-7,10,13,16-All-Cis-Tetraenoyl Coenzyme A	
3(S)-Hydroxy-Hexacosenoyl Coenzyme A	
3(S)-Hydroxy-Tetracosa-12,15,18,21-All-Cis-Tetraenoyl Coenzyme A	
3(S)-Hydroxy-Tetracosa-6,9,12,15,18-All-Cis-Pentaenoyl Coenzyme A	
3,3',5'-Triiodothyronine	C1=CC(=C(C=C1CC(C(=O)O)N)I)OC2=CC(=C(C(=C2)I)O)I
3,3,5-Triiodo-L-Thyronine	C1=CC(=C(C=C1CC(C(=O)O)N)I)OC2=CC(=C(C(=C2)I)O)I
3,3-Diiodo-L-Thyronine	
3,3-Diiodo-L-Thyronine 4-O-Sulfate	
3,4-Dihydroxymandelaldehyde	C1=CC(=C(C=C1C(C=O)O)O)O
3,4-Dihydroxymandelate	C1=CC(=C(C=C1C(C(=O)O)O)O)O
3,4-Dihydroxyphenylacetaldehyde	C1=CC(=C(C=C1CC=O)O)O
3,4-Dihydroxyphenylethanol	C1=CC(=C(C=C1CCO)O)O
3,4-Dihydroxyphenylethyleneglycol	C1=CC(=C(C=C1C(CO)O)O)O
3,4-Epoxynonanal	CCCCCC1C(O1)CC=O
3,5-Cyclic Adenosine Monophosphate	
3,5-Cyclic Guanosine Monophosphate	
3,5-Diiodo-L-Thyronine	C1=CC(=CC=C1O)OC2=C(C=C(C=C2I)CC(C(=O)O)N)I
3,5-Diiodo-L-Thyronine 4-O-Sulfate	
3,5-Diiodo-L-Tyrosine	C1=C(C=C(C(=C1I)O)I)CC(C(=O)O)N
3,6,9,12,15-Octadecapentenoyl Coenzyme A	
3,6,9,12-Octadecatetraenoyl Coenzyme A	
3,6,9-Dodecatrienoyl Coenzyme A	
3,6-Dodecadienoyl Coenzyme A	
3,7,10,13,16,19-Docosahexenoyl Coenzyme A	
3,7,10,13,16-Docosapentenoyl Coenzyme A	
3,7,10,13-Hexadecatetraenoyl Coenzyme A	
3,7,10-Hexadecatrienoyl Coenzyme A	
3,7,24THCA	
3,7,24Thca Coenzyme A	
3,7-Decadienoyl Coenzyme A	
3-(3-Hydroxy-Phenyl)Propionate	
3-(3-Hydroxy-Phenyl)Propionate Hydroxy Derivative	
3-(3-Hydroxy-Phenyl)Propionate Hydroxy Derivative Glucuronide	
3-(4-Hydroxyphenyl)Lactate	C1=CC(=CC=C1CC(C(=O)[O-])O)O
3-(4-Hydroxyphenyl)Pyruvate	C1=CC(=CC=C1CC(=O)C(=O)[O-])O
3-Decaprenyl-4,5-Dihdydroxybenzoate	
3-Decaprenyl-4-Hydroxy-5-Methoxybenzoate	CC(=CCCC(=CCCC(=CCCC(=CCCC(=CCCC(=CCCC(=CCCC(=CCCC(=CCCC(=CCC1=C(C(=CC(=C1)C(=O)O)OC)[O-])C)C)C)C)C)C)C)C)C)C
3-Decaprenyl-4-Hydroxybenzoate	CC(=CCCC(=CCCC(=CCCC(=CCCC(=CCCC(=CCCC(=CCCC(=CCCC(=CCCC(=CCC1=C(C=CC(=C1)C(=O)O)O)C)C)C)C)C)C)C)C)C)C
3-Decenoyl Coenzyme A	
3-Dehydro-L-Gulonate	C(C(C(C(=O)C(C(=O)O)O)O)O)O
3-Dehydrochenodeoxychollyc acid; 7oxo-3alpha-hydroxy-5beta-cholan-24-oic acid	
3-Dehydrocholic acid; 3oxo-7alpha,12alpha-Dihydroxy-5beta-cholan-24-oic acid	
3-Demethylubiquinol-10	CC1=C(C(=C(C(=C1O)O)OC)O)CC=C(C)CCC=C(C)CCC=C(C)CCC=C(C)CCC=C(C)CCC=C(C)CCC=C(C)CCC=C(C)CCC=C(C)CCC=C(C)C
3-Hexenoyl Coenzyme A	
3-Hydoxy-Suberic Acid	
3-Hydoxy-Suberyl Coenzyme A	
3-Hydroxy Butyryl Carnitine	
3-Hydroxy Tetradecenoyl-7 Coenzyme A	
3-Hydroxy Tetradecenoyl-7-Carnitine	
3-Hydroxy Trans5,8Tetradecadienoyl Carnitine	
3-Hydroxy Trans5,8Tetradecadienoyl Coenzyme A	
3-Hydroxy Trans7,10-Hexadecadienoyl Carnitine	
3-Hydroxy Trans7,10-Hexadecadienoyl Coenzyme A	
3-Hydroxy-2-Methylpropanoate	CC(CO)C(=O)[O-]
3-Hydroxy-3-Methyl-Glutarate	
3-Hydroxy-Adipate	
3-Hydroxy-Adipoyl Coenzyme A	
3-Hydroxy-Glutarate	C(C(CC(=O)O)O)C(=O)O
3-Hydroxy-Glutaryl Coenzyme A	
3-Hydroxy-Isovaleryl Carnitine	
3-Hydroxy-L-Kynurenine	C1=CC(=C(C(=C1)O)N)C(=O)CC(C(=O)O)N
3-Hydroxy-N6,N6,N6-Trimethyl-L-Lysine	C[N+](C)(C)CCCC(C(C(=O)O)N)O
3-Hydroxy-Octadecenoyl Carnitine	CCCCCCCCCCCCCCCC(=O)C=C(C(CC(=O)[O-])(C[N+](C)(C)C)O)O
3-Hydroxy-Sebacic Acid	C(CCCC(=O)O)CCC(CC(=O)O)O
3-Hydroxy-Sebacoyl Coenzyme A	
3-Hydroxy-Tetradecanoyl Carnitine	
3-Hydroxyanthranilate	C1=CC(=C(C(=C1)O)N)C(=O)O
3-Hydroxydecanoylcarnitine	CCCCCCCC(CC(=O)OC(CCC(=O)[O-])[N+](C)(C)C)O
3-Hydroxydocosanoyl Coenzyme A	
3-Hydroxydodecanoylcarnitine	CCCCCCCCCC(CC(=O)OC(CC(=O)[O-])C[N+](C)(C)C)O
3-Hydroxyeicosanoyl Coenzyme A	
3-Hydroxyheneicosanoyl Coenzyme A	
3-Hydroxyheptadecanoyl Coenzyme A	
3-Hydroxyheptanoyl Coenzyme A	
3-Hydroxyhexacosanoyl Coenzyme A	
3-Hydroxyhexadecanoyl Coenzyme A	
3-Hydroxyhexadecanoylcarnitine	CCCCCCCCCCCCCC(CC(=O)OC(CC(=O)[O-])C[N+](C)(C)C)O
3-Hydroxyhexadecenoyl Coenzyme A	
3-Hydroxyhexadecenoylcarnitine	CCCCCCC=CCCCCCC(CC(=O)OC(CC(=O)[O-])C[N+](C)(C)C)O
3-Hydroxyisobutyryl Coenzyme A	CC(CO)C(=O)SCCNC(=O)CCNC(=O)C(C(C)(C)COP(=O)(O)OP(=O)(O)OCC1C(C(C(O1)N2C=NC3=C(N=CN=C32)N)O)OP(=O)(O)O)O
3-Hydroxyisovaleric Acid	CC(C)(CC(=O)O)O
3-Hydroxyisovaleryl Coenzyme A	CC(C)(CC(=O)SCCNC(=O)CCNC(=O)C(C(C)(C)COP(=O)(O)OP(=O)(O)OCC1C(C(C(O1)N2C=NC3=C(N=CN=C32)N)O)OP(=O)(O)O)O)O
3-Hydroxynonadecanoyl Coenzyme A	
3-Hydroxynonanoyl Coenzyme A	
3-Hydroxyoctadecadienoyl Coenzyme A	
3-Hydroxyoctadecadienoylcarnitine	CCCCCCCCCCCCCC=CC(=CC(=O)C(CC(=O)[O-])(C[N+](C)(C)C)O)O
3-Hydroxyoctadecanoyl Carnitine	
3-Hydroxyoctadecanoyl Coenzyme A	CCCCCCCCCCCCCCCC(CC(=O)SCCNC(=O)CCNC(=O)C(C(C)(C)COP(=O)(O)OP(=O)(O)OCC1C(C(C(O1)N2C=NC3=C(N=CN=C32)N)O)OP(=O)(O)O)O)O
3-Hydroxyoctadecenoyl Coenzyme A	
3-Hydroxypentadecanoyl Coenzyme A	
3-Hydroxypentanoyl Coenzyme A	
3-Hydroxypropanoyl Coenzyme A	CC(C)(COP(=O)(O)OP(=O)(O)OCC1C(C(C(O1)N2C=NC3=C(N=CN=C32)N)O)OP(=O)(O)O)C(C(=O)NCCC(=O)NCCSC(=O)CCO)O
3-Hydroxypropionate	C(CO)C(=O)[O-]
3-Hydroxypyruvate	C(C(=O)C(=O)[O-])O
3-Hydroxytetracosanoyl Coenzyme A	
3-Hydroxytricosanoyl Coenzyme A	
3-Hydroxytridecanoyl Coenzyme A	
3-Hydroxyundecanoyl Coenzyme A	
3-Iodo-L-Tyrosine	C1=CC(=C(C=C1CC(C(=O)O)N)I)O
3-Keto-4-Methylzymosterol	CC1C2CCC3=C(C2(CCC1=O)C)CCC4(C3CCC4C(C)CCC=C(C)C)C
3-Keto-Beta-D-Galactose	C(C1C(C(=O)C(C(O1)O)O)O)O
3-Keto-Eicosa-8,11,14,17-All-Cis-Tetraenoyl Coenzyme A	
3-Ketolactose	C(C1C(C(=O)C(C(O1)OC(C(CO)O)C(C(C=O)O)O)O)O)O
3-Mercaptolactate	C(C(C(=O)O)O)S
3-Mercaptolactate-Cysteine Disulfide	C(C(C(=O)O)N)SSCC(C(=O)O)O
3-Mercaptopyruvate	C(C(=O)C(=O)[O-])S
3-Methoxy-4-Hydroxymandelate	COC1=C(C=CC(=C1)C(C(=O)O)O)O
3-Methoxy-4-Hydroxyphenylglycolaldehyde	COC1=C(C=CC(=C1)C(C=O)O)O
3-Methoxytyramine	COC1=C(C=CC(=C1)CCN)O
3-Methyl-2-Oxobutanoate	CC(C)C(=O)C(=O)[O-]
3-Methyl-2-Oxopentanoate	CCC(C)C(=O)C(=O)[O-]
3-Methyl-Glutaconate	
3-Methyl-Glutarate	CC(CC(=O)O)CC(=O)O
3-Methyl-Thio-Propionate	
3-Methylbut-2-Enoyl Coenzyme A	
3-Methylcrotonoylglycine	
3-Methylhistidine	CN1C=NC=C1CC(C(=O)O)N
3-Methylimidazoleacetic Acid	
3-Monoiodo-L-Thyronine	C1=CC(=CC=C1O)OC2=C(C=C(C=C2)CC(C(=O)[O-])[NH3+])I
3-Monoiodo-L-Thyronine 4-O-Sulfate	
3-O-Methyldopa	COC1=C(C=CC(=C1)CC(C(=O)O)N)O
3-Oxo-(2S)-Methylisocapryloyl Coenzyme A	
3-Oxo-11-Cis-Eicosenoyl Coenzyme A	
3-Oxo-11-Cis-Octadecenoyl Coenzyme A	
3-Oxo-11Cis-Docosenoyl Coenzyme A	
3-Oxo-13-Cis-Eicosenoyl Coenzyme A	
3-Oxo-13Cis-Docosenoyl Coenzyme A	
3-Oxo-4(R),8-Dimethyl-Nonanoyl Coenzyme A	
3-Oxo-4-Methyl-Pentanoyl Coenzyme A	
3-Oxo-6Z,9Z,12Z-Octadecatrienoyl Coenzyme A	
3-Oxo-7-Hexadecenoyl Coenzyme A	
3-Oxo-9-Cis-Eicosenoyl Coenzyme A	
3-Oxo-All-Cis-6,9,12,15,18-Tetracosapentaenoyl Coenzyme A	
3-Oxo-Cis,Cis-5,8-Tetradecadienoyl Coenzyme A	
3-Oxo-Cis,Cis-7,10-Hexadecadienoyl Coenzyme A	
3-Oxo-Cis-15-Tetracosaenoyl Coenzyme A	
3-Oxo-Cis-8-Tetradecenoyl Coenzyme A	
3-Oxo-Cis-9-Octadecenoyl Coenzyme A	
3-Oxo-Dihomo-Gama-Linolenoyl Coenzyme A	
3-Oxo-Docosa-10,13,16,19-All-Cis-Tetraenoyl Coenzyme A	
3-Oxo-Docosa-13,16,19-All-Cis-Trienoyl Coenzyme A	
3-Oxo-Docosa-7,10,13,16,19-All-Cis-Pentaenoyl Coenzyme A	
3-Oxo-Docosa-7,10,13,16-All-Cis-Tetraenoyl Coenzyme A	
3-Oxo-Docosa-Cis,Cis,Cis-10,13,16-Trienoyl Coenzyme A	
3-Oxo-Eicosadienoyl Coenzyme A	
3-Oxo-Hexacosenoyl Coenzyme A	
3-Oxo-Hexanoyl Coenzyme A	
3-Oxo-Octanoyl Coenzyme A	
3-Oxo-Tetracosa-12,15,18,21-All-Cis-Tetraenoyl Coenzyme A	
3-Oxo-Tetracosa-9,12,15,18-All-Cis-Tetraenoyl Coenzyme A	
3-Oxodecanoyl Coenzyme A	
3-Oxodecanoyl-[acyl-carrier protein]	
3-Oxodocasa-Cis,Cis-13,16-Dienoyl Coenzyme A	
3-Oxodocosanoyl Coenzyme A	
3-Oxododecanoyl Coenzyme A	
3-Oxododecanoyl-[acyl-carrier protein]	
3-Oxoeicosa-Cis,Cis,Cis-11,14,17-Trienoyl Coenzyme A	
3-Oxoeicosa-Cis,Cis-11,14-Dienoyl Coenzyme A	
3-Oxoeicosanoyl Coenzyme A	
3-Oxoheneicosanoyl Coenzyme A	
3-Oxoheptadecanoyl Coenzyme A	
3-Oxoheptanoyl Coenzyme A	
3-Oxohexacosyl Coenzyme A	
3-Oxohexadecanoyl-[acyl-carrier protein]	
3-Oxohexanoyl-[acyl-carrier protein]	
3-Oxolaur-6-Cis-Enoyl Coenzyme A	
3-Oxolinoleoyl Coenzyme A	
3-Oxomyrist-5-Enoyl Coenzyme A	
3-Oxononadecanoyl Coenzyme A	
3-Oxononanoyl Coenzyme A	
3-Oxooctadecanoyl Coenzyme A	
3-Oxooctadecanoyl-[acyl-carrier protein]	
3-Oxooctanoyl-[acyl-carrier protein]	
3-Oxooleoyl Coenzyme A	
3-Oxopalmitoyl Coenzyme A	
3-Oxopentadecanoyl Coenzyme A	
3-Oxopentanoyl Coenzyme A	
3-Oxopristanoyl Coenzyme A	CC(C)CCCC(C)CCCC(C)CCC(=O)C(C)C(=O)SCCNC(=O)CCNC(=O)C(C(C)(C)COP(=O)(O)OP(=O)(O)OCC1C(C(C(O1)N2C=NC3=C(N=CN=C32)N)O)OP(=O)(O)O)O
3-Oxopropanoate	C(C=O)C(=O)[O-]
3-Oxopropionyl Coenzyme A	
3-Oxotetracosanoyl Coenzyme A	
3-Oxotetradecanoyl Coenzyme A	
3-Oxotetradecanoyl-[acyl-carrier protein]	
3-Oxotricosanoyl Coenzyme A	
3-Oxotridecanoyl Coenzyme A	
3-Oxoundecanoyl Coenzyme A	
3-Phospho-D-Glycerate	C(C(C(=O)O)O)OP(=O)(O)O
3-Phospho-D-Glyceroyl Phosphate	C(C(C(=O)OP(=O)(O)O)O)OP(=O)(O)O
3-Phosphonatooxypyruvate	C(C(=O)C(=O)O)OP(=O)(O)O
3-Sulfino-L-Alanine	C(C(C(=O)O)N)S(=O)O
3-Sulfinopyruvate	C(C(=O)C(=O)O)S(=O)O
3-Sulfonatopyruvate	C(C(=O)C(=O)O)S(=O)(=O)O
3-Ureidoisobutyrate	CC(CNC(=O)N)C(=O)O
3-Uridine-5'-Monophosphate	
3-alpha-iso-pravastatin	
3-dehydro-Deoxycholate	
3-dehydro-Lithocholate	
3-hydroxy R-ibuprofen	
3-hydroxy S-ibuprofen	
3-hydroxy S-ibuprofen-glucuronide	
3-hydroxy-acetaminophen	
3-keto-5,6,-dihydroxy-pravastatin	
3-methoxy-acetaminophen	CC(=O)NC1=CC(=C(C=C1)O)OC
31-DMT or M-II, 31-O-desmethyl tacrolimus	
31-O-Desmethyl,19-Hydroxy,37, 39-Epoxy-tacrolimus	
3A,7A,12A-Trihydroxy-5B-24-Oxocholestanoyl Coenzyme A	
3Alpha,7Alpha,12Alpha,24-Tetrahydroxy-5Beta-Cholestan-26-Al	CC(CCC(C(C)C=O)O)C1CCC2C1(C(CC3C2C(CC4C3(CCC(C4)O)C)O)O)C
3Alpha,7Alpha,12Alpha-Trihydroxy-5Beta-Cholest-24-Enoyl Coenzyme A	CC(CCC=C(C)C(=O)SCCNC(=O)CCNC(=O)C(C(C)(C)COP(=O)(O)OP(=O)(O)OCC1C(C(C(O1)N2C=NC3=C(N=CN=C32)N)O)OP(=O)(O)O)O)C4CCC5C4(C(CC6C5C(CC7C6(CCC(C7)O)C)O)O)C
3Alpha,7Alpha,12Alpha-Trihydroxy-5Beta-Cholestan-26-Al	CC(CCCC(C)C1CCC2C1(C(CC3C2C(CC4C3(CCC(C4)O)C)O)O)C)C=O
3Alpha,7Alpha,12Alpha-Trihydroxy-5Beta-Cholestan-27-Al	
3Alpha,7Alpha,12Alpha-Trihydroxy-5Beta-Cholestanoate	CC(CCCC(C)C(=O)O)C1CCC2C1(C(CC3C2C(CC4C3(CCC(C4)O)C)O)O)C
3Alpha,7Alpha,24-Trihydroxy-5Beta-Cholestan-26-Al	CC(CCC(C(C)C=O)O)C1CCC2C1(CCC3C2C(CC4C3(CCC(C4)O)C)O)C
3Alpha,7Alpha,24-Trihydroxy-5Beta-Cholestanoyl Coenzyme A	
3Alpha,7Alpha-Dihydroxy-5Beta-Cholest-24-Enoyl Coenzyme A	
3Alpha,7Alpha-Dihydroxy-5Beta-Cholestan-26-Al	CC(CCCC(C)C1CCC2C1(CCC3C2C(CC4C3(CCC(C4)O)C)O)C)C=O
3Alpha,7Alpha-Dihydroxy-5Beta-Cholestanate	CC(CCCC(C)C(=O)O)C1CCC2C1(CCC3C2C(CC4C3(CCC(C4)O)C)O)C
3Alpha,7Alpha-Dihydroxy-5Beta-Cholestanoyl Coenzyme A	
3Alpha-Hydroxy-5Beta-Androstan-17-One	CC12CCC(CC1CCC3C2CCC4(C3CCC4=O)C)O
3Alpha-Hydroxy-5Beta-Androstan-17-One 3-Glucosiduronic Acid	CC12CCC(CC1CCC3C2CCC4(C3CCC4=O)C)OC5C(C(C(C(O5)C(=O)O)O)O)O
3Beta-Hydroxyandrost-5-En-17-One	CC12CCC3C(C1CCC2=O)CC=C4C3(CCC(C4)O)C
3Beta-Hydroxyandrost-5-En-17-One 3-Sulfate	CC12CCC3C(C1CCC2=O)CC=C4C3(CCC(C4)OS(=O)(=O)O)C
3S-Hydroxy-Hexanoyl Coenzyme A	
3S-Hydroxy-Octanoyl Coenzyme A	
3S-Hydroxyhexadecanoyl Coenzyme A	
3Z,7Z,10Z-Hexadecatrienoyl Coenzyme A	
4 Hydroxy Retinoic Acid	
4'-Carboxy-4'-Methyl-5'-Cholesta-8-En-3'-Ol	
4'-Carboxy-5'-Cholesta-8,24-Dien-3'-Ol	
4'-Carboxy-5'-Cholesta-8-En-3'-Ol	
4'-Formyl-4'-Methyl-5'-Cholesta-8,24-Dien-3'-Ol	
4'-Formyl-4'-Methyl-5'-Cholesta-8-En-3'-Ol	
4'-Formyl-5'-Cholesta-8,24-Dien-3'-Ol	
4'-Hydroxymethyl-4'-Methyl-5'-Cholesta-8,24-Dien-3'-Ol	
4'-Hydroxymethyl-4'-Methyl-5'-Cholesta-8-En-3'-Ol	
4'-Hydroxymethyl-5'-Cholesta-8,24-Dien-3'-Ol	
4'-Methyl-5'-Cholesta-8-En-3-One	
4'-Methyl-Cholesta-8-Enol	
4(R),8-Dimethyl-Trans-2-Nonenoyl Coenzyme A	
4,4-Dimethyl-14Alpha-Formyl-5Alpha-Cholest-8-En-3Beta-Ol	CC(C)CCCC(C)C1CCC2(C1(CCC3=C2CCC4C3(CCC(C4(C)C)O)C)C)C=O
4,4-Dimethyl-14Alpha-Formyl-5Alpha-Cholesta-8,24-Dien-3Beta-Ol	CC(CCC=C(C)C)C1CCC2(C1(CCC3=C2CCC4C3(CCC(C4(C)C)O)C)C)C=O
4,4-Dimethyl-14Alpha-Hydroxymethyl-5Alpha-Cholest-8-En-3Beta-Ol	CC(C)CCCC(C)C1CCC2(C1(CCC3=C2CCC4C3(CCC(C4(C)C)O)C)C)CO
4,4-Dimethyl-14Alpha-Hydroxymethyl-5Alpha-Cholesta-8,24-Dien-3Beta-Ol	CC(CCC=C(C)C)C1CCC2(C1(CCC3=C2CCC4C3(CCC(C4(C)C)O)C)C)CO
4,4-Dimethyl-5Alpha-Cholesta-8,14,24-Trien-3Beta-Ol	CC(CCC=C(C)C)C1CC=C2C1(CCC3=C2CCC4C3(CCC(C4(C)C)O)C)C
4,4-Dimethyl-5Alpha-Cholesta-8,14-Dien-3Beta-Ol	CC(C)CCCC(C)C1CC=C2C1(CCC3=C2CCC4C3(CCC(C4(C)C)O)C)C
4,4-Dimethylcholesta-8(9),14-Dien-3Beta-Ol	CC(C)CCCC(C)C1CC=C2C1(CCC3=C2CCC4C3(CCC(C4(C)C)O)C)C
4,4-Dimethylcholesta-8(9)-En-3Beta-Ol	CC(C)CCCC(C)C1CCC2C1(CCC3=C2CCC4C3(CCC(C4(C)C)O)C)C
4,7,10,13-Hexadecatetraenoyl Coenzyme A	
4,7,10-Hexadecatrienoyl Coenzyme A	
4,7-Decadienoyl Coenzyme A	
4,8 Dimethylnonanoyl Coenzyme A	
4,8,12-Trimethyl Tridecanoyl Coenzyme A	
4,8-Dimethylnonanoyl Carnitine	CC(C)CCCC(C)CCC(=O)OC(CC(=O)[O-])C[N+](C)(C)C
4-(2-Amino-3-Hydroxyphenyl)-2,4-Dioxobutanoate	C1=CC(=C(C(=C1)O)N)C(=O)CC(=O)C(=O)[O-]
4-(2-Aminophenyl)-2,4-Dioxobutanoate	C1=CC=C(C(=C1)C(=O)CC(=O)C(=O)[O-])N
4-(Trimethylammonio)Butanoate	C[N+](C)(C)CCCC(=O)[O-]
4-Acetamidobutanal	CC(=O)NCCCC=O
4-Acetamidobutanoate	CC(=O)NCCCC(=O)[O-]
4-Aminobutanal	C(CC=O)CN
4-Aminobutanoate	C(CC(=O)O)CN
4-Cholesten-7',12',24-Triol-3-One	
4-Decenoyl Coenzyme A	
4-Fumarylacetoacetate	C(C(=O)CC(=O)O)C(=O)C=CC(=O)O
4-Hydroperoxy-2-Nonenal	CCCCCC(C=CC=O)OO
4-Hydroxy Debrisoquine	
4-Hydroxy Tolbutamide	CCCCNC(=O)NS(=O)(=O)C1=CC=C(C=C1)CO
4-Hydroxy-2-Nonenal	CCCCCC(C=CC=O)O
4-Hydroxy-2-Oxoglutarate	C(C(C(=O)[O-])O)C(=O)C(=O)[O-]
4-Hydroxy-Butyrate	
4-Hydroxybenzoate	C1=CC(=CC=C1C(=O)O)O
4-Hydroxybenzoyl Coenzyme A	CC(C)(COP(=O)(O)OP(=O)(O)OCC1C(C(C(O1)N2C=NC3=C(N=CN=C32)N)O)OP(=O)(O)O)C(C(=O)NCCC(=O)NCCSC(=O)C4=CC=C(C=C4)O)O
4-Hydroxyestradiol	CC12CCC3C(C1CCC2O)CCC4=C3C=CC(=C4O)O
4-Hydroxyphenylacetate	CC(=O)OC1=CC=C(C=C1)O
4-Imidazolone-5-Propanoate	C1=NC(C(=O)N1)CCC(=O)O
4-Maleylacetoacetate	C(C(=O)CC(=O)[O-])C(=O)C=CC(=O)[O-]
4-Methyl-2-Oxopentanoate	CC(C)CC(=O)C(=O)O
4-Methyl-Pentanoyl Coenzyme A	
4-Methyl-Thio-Oxo-Butyrate	
4-Methyl-Trans-2-Pentenoyl Coenzyme A	
4-Methylpentanal	CC(C)CCC=O
4-Nitrophenolate	C1=CC(=CC=C1[N+](=O)[O-])[O-]
4-Nitrophenyl Sulfate	C1=CC(=CC=C1[N+](=O)[O-])OS(=O)(=O)O
4-Nitrophenyl-Phosphate	C1=CC(=CC=C1[N+](=O)[O-])OP(=O)(O)O
4-OH-midazolam	
4-OH-midazolam-glucuronide	
4-Oxo-13-Cis-Retinoate	CC1=C(C(C(=O)CC1)(C)C)C=CC(=CC=CC(=CC(=O)O)C)C
4-Oxo-2-Nonenal	CCCCCC(=O)C=CC=O
4-Pregnene-11Beta,17Alpha-Diol-3,20-Dione	CC(=O)C1(CCC2C1(CC(C3C2CCC4=CC(=O)CCC34C)O)C)O
4-Pyridoxate	CC1=NC=C(C(=C1O)C(=O)O)CO
4-S-Glutathionyl-5,6-Dihydroxyindoline	
4-Trimethylammoniobutanal	C[N+](C)(C)CCCC=O
4-beta-OH-gliclazide	
4-hydroxy-atorvastatin-acid / para-hydroxy-atorvastatin acid	
4-hydroxy-atorvastatin-lactone / para-hydroxy-atorvastatin lactone	
4A-Hydroxytetrahydrobiopterin	CC(C(C1CN=C2C(N1)(C(=O)NC(=N2)N)O)O)O
4Alpha-Formyl-5Alpha-Cholesta-8-En-3Beta-Ol	CC(C)CCCC(C)C1CCC2C1(CCC3=C2CCC4C3(CCC(C4C=O)O)C)C
4Alpha-Hydroxymethyl-5Alpha-Cholesta-8-En-3Beta-Ol	CC(C)CCCC(C)C1CCC2C1(CCC3=C2CCC4C3(CCC(C4CO)O)C)C
4Alpha-Methylzymosterol	CC1C2CCC3=C(C2(CCC1O)C)CCC4(C3CCC4C(C)CCC=C(C)C)C
4Alpha-Methylzymosterol-4-Carboxylate	CC(CCC=C(C)C)C1CCC2C1(CCC3=C2CCC4C3(CCC(C4(C)C(=O)O)O)C)C
4Z,7Z,10Z,13Z,16Z-Docosapentaenoylcarnitine	
4Z,7Z,10Z-Hexadecatrienoyl Coenzyme A	
5(S),6(S)-Epoxy-15(S)-Hydroxy-7E,9E,11Z,13E-Eicosatetraenoic Acid Anion	
5(S)-Hydroperoxyeicosatetraenoic Acid	CCCCCC=CCC=CCC=CC=CC(CCCC(=O)O)OO
5,10-Methenyltetrahydrofolate	C1C2CN(C=[N+]2C3=C(N1)N=C(NC3=O)N)C4=CC=C(C=C4)C(=O)NC(CCC(=O)O)C(=O)O
5,10-Methylenetetrahydrofolate	C1C2CN(CN2C3=C(N1)N=C(NC3=O)N)C4=CC=C(C=C4)C(=O)NC(CCC(=O)O)C(=O)O
5,12,20-Trihete	C(CCC=CCC(C=CC=CC=CC(CCCC(=O)O)O)O)CCO
5,12-Dihydroxy-6,8,10,14-Eicosatetraenoic Acid	CCCCCC=CCC(C=CC=CC=CC(CCCC(=O)O)O)O
5,15-Dihydroxyeicosatetraenoic Acid	CCCCCC(C=CC=CCC=CC=CC(CCCC(=O)O)O)O
5,6,7,8-Tetrahydrobiopterin	CC(C(C1CNC2=C(N1)C(=O)NC(=N2)N)O)O
5,6,7,8-Tetrahydrofolate	C1C(NC2=C(N1)N=C(NC2=O)N)CNC3=CC=C(C=C3)C(=O)NC(CCC(=O)[O-])C(=O)[O-]
5,6-Dihydrothymine	CC1CNC(=O)NC1=O
5,6-Dihydrouracil	C1CNC(=O)NC1=O
5,6-Dihydroxyindole-2-Carboxylate	C1=C2C=C(NC2=CC(=C1O)[O-])C(=O)O
5,6-Epoxy-8,11,14-eicosatrienoic Acid	CCCCCC=CCC=CCC=CCC1C(O1)CCCC(=O)O
5,6-Indolequinone-2-Carboxylate	C1=C2C=C(NC2=CC(=O)C1=O)C(=O)[O-]
5,6-epoxy-3-alpha-iso-pravastatin	
5,8,11,14,17-Eicosapentenoic Acid	CCC=CCC=CCC=CCC=CCC=CCCCC(=O)O
5,8,11,14,17-Eicosapentenoyl Coenzyme A	
5,8,11,14-Eicosatetraenoyl Coenzyme A	
5,8,11-Tetradecatrienoyl Coenzyme A	
5,8-Tetradecadienoyl Coenzyme A	
5-Adenylyl Sulfate	
5-Amino-1-(5-Phospho-D-Ribosyl)Imidazole	C1=C(N(C=N1)C2C(C(C(O2)COP(=O)(O)O)O)O)N
5-Amino-1-(5-Phospho-D-Ribosyl)Imidazole-4-Carboxamide	C1=NC(=C(N1C2C(C(C(O2)COP(=O)(O)O)O)O)N)C(=O)N
5-Amino-1-(5-Phospho-D-Ribosyl)Imidazole-4-Carboxylate	C1=NC(=C(N1C2C(C(C(O2)COP(=O)(O)O)O)O)N)C(=O)O
5-Amino-2-Oxopentanoic Acid	C(CC(=O)C(=O)O)CN
5-Amino-4-Oxopentanoate	C(CC(=O)O)C(=O)CN
5-Diphosphoinositol Pentakisphosphate	C1(C(C(C(C(C1OP(=O)(O)O)OP(=O)(O)O)OP(=O)(O)OP(=O)(O)O)OP(=O)(O)O)OP(=O)(O)O)OP(=O)(O)O
5-Dodecenoyl Coenzyme A	
5-Formamido-1-(5-Phospho-D-Ribosyl)Imidazole-4-Carboxamide	C1=NC(=C(N1C2C(C(C(O2)COP(=O)(O)O)O)O)NC=O)C(=O)N
5-Formiminotetrahydrofolate	C1C(N(C2=C(N1)N=C(NC2=O)N)C=N)CNC3=CC=C(C=C3)C(=O)NC(CCC(=O)O)C(=O)O
5-Formyltetrahydrofolate	C1C(N(C2=C(N1)N=C(NC2=O)N)C=O)CNC3=CC=C(C=C3)C(=O)NC(CCC(=O)O)C(=O)O
5-Guanidino-2-Oxopentanoic Acid	C(CC(=O)C(=O)O)CN=C(N)N
5-Hydroperoxy-Epa	
5-Hydroxy Omeprazole	CC1=C(C(=CN=C1CS(=O)C2=NC3=C(N2)C=C(C=C3)OC)CO)OC
5-Hydroxy-L-Tryptophan	C1=CC2=C(C=C1O)C(=CN2)CC(C(=O)O)N
5-Hydroxyeicosatetraenoate	CCCCCC=CCC=CCC=CC=CC(CCCC(=O)O)O
5-Hydroxyhexanoic Acid	CC(CCCC(=O)O)O
5-Hydroxyindoleacetate	C1=CC2=C(C=C1O)C(=CN2)CC(=O)O
5-Hydroxyisourate	C12=NC(=O)NC1(C(=O)NC(=O)N2)O
5-Hydroxytryptophol	C1=CC2=C(C=C1O)C(=CN2)CCO
5-L-Gamma-Glutamyl Amino Acid	
5-L-Glutamyl-L-Alanine	CC(C(=O)O)NC(=O)CCC(C(=O)O)N
5-Methoxytryptophol	COC1=CC2=C(C=C1)NC=C2CCO
5-Methyltetrahydrofolate	CN1C(CNC2=C1C(=O)NC(=N2)N)CNC3=CC=C(C=C3)C(=O)NC(CCC(=O)O)C(=O)O
5-Methylthio-5-Deoxy-D-Ribose 1-Phosphate	CSCC1C(C(C(O1)OP(=O)(O)O)O)O
5-Methylthio-5-Deoxy-D-Ribulose 1-Phosphate	CSCC(C(C(=O)COP(=O)(O)O)O)O
5-Methylthioadenosine	CSCC1C(C(C(O1)N2C=NC3=C(N=CN=C32)N)O)O
5-Nitro-Gama-Tocopherol	
5-Octenoyl Coenzyme A	
5-Oxo-(6E,8Z,11Z,14Z)-Eicosatetraenoic Acid	
5-Oxo-12(S)-Hydroxy-Eicosa-6E,8Z,10E,14Z-Tetraenoate	
5-Oxo-6-Trans-Leukotriene B4	CCCCCC=CCC(C=CC=CC=CC(=O)CCCC(=O)O)O
5-Oxoprolinate	C1CC(=O)NC1C(=O)[O-]
5-Phospho-Alpha-D-Ribose 1-Diphosphate	C(C1C(C(C(O1)OP(=O)(O)OP(=O)(O)O)O)O)OP(=O)(O)O
5-Phospho-Beta-D-Ribosylamine	C(C1C(C(C(O1)N)O)O)OP(=O)(O)O
5-Phosphonooxy-L-Lysine	C(CC(C(=O)O)N)C(CN)OP(=O)(O)O
5-S-Cysteinyldopa	C1=C(C=C(C(=C1O)O)SCC(C(=O)O)N)CC(C(=O)O)N
5-S-Cysteinyldopamine	C1=C(C=C(C(=C1O)O)SCC(C(=O)O)N)CCN
5-S-Cysteinylglycine Dopa	
5-S-Glutathionyl-Dopamine	
5-S-Glutathionyl-L-Dopa	C1=C(C=C(C(=C1O)O)SCC(C(=O)NCC(=O)O)NC(=O)CCC(C(=O)O)N)CC(C(=O)O)N
5-Tetradecenoyl Coenzyme A	
5-hydroxy-fluvastatin	CC(C)N1C2=CC=CC=C2C(=C1C=CC(CC(CC(=O)O)O)(O)O)C3=CC=C(C=C3)F
5-hydroxy-fluvastatin-glucuronide	
5Alpha-Androstane-3,17-Dione	CC12CCC(=O)CC1CCC3C2CCC4(C3CCC4=O)C
5Alpha-Androstane-3Alpha,17Beta-Diol	CC12CCC(CC1CCC3C2CCC4(C3CCC4O)C)O
5Alpha-Cholest-7-En-3Beta-Ol	CC(C)CCCC(C)C1CCC2C1(CCC3C2=CCC4C3(CCC(C4)O)C)C
5Alpha-Cholest-8-En-3-One	CC(C)CCCC(C)C1CCC2C1(CCC3=C2CCC4C3(CCC(=O)C4)C)C
5Alpha-Cholesta-7,24-Dien-3Beta-Ol	CC(CCC=C(C)C)C1CCC2C1(CCC3C2=CCC4C3(CCC(C4)O)C)C
5Alpha-Cholesta-8,24-Dien-3-One	CC(CCC=C(C)C)C1CCC2C1(CCC3=C2CCC4C3(CCC(=O)C4)C)C
5Alpha-Dihydrotestosterone Glucuronide	CC12CCC(=O)CC1CCC3C2CCC4(C3CCC4OC5C(C(C(C(O5)C(=O)O)O)O)O)C
5Alpha-Dihydrotestosterone Sulfate	CC12CCC(=O)CC1CCC3C2CCC4(C3CCC4OS(=O)(=O)O)C
5Alpha-Pregnane-3,20-Dione	CC(=O)C1CCC2C1(CCC3C2CCC4C3(CCC(=O)C4)C)C
5Beta-Cholestan-3Alpha,7Alpha,12Alpha,24(S),27-Pentol	CC(CCC(C(C)CO)O)C1CCC2C1(C(CC3C2C(CC4C3(CCC(C4)O)C)O)O)C
5Beta-Cholestan-3Alpha,7Alpha,12Alpha,24(S)-Tetrol	CC(C)C(CCC(C)C1CCC2C1(C(CC3C2C(CC4C3(CCC(C4)O)C)O)O)C)O
5Beta-Cholestan-7Alpha,12Alpha,27-Triol-3-One	
5Beta-Cholestane-3Alpha,7Alpha,12Alpha,24S,25-Pentol	CC(CCC(C(C)(C)O)O)C1CCC2C1(C(CC3C2C(CC4C3(CCC(C4)O)C)O)O)C
5Beta-Cholestane-3Alpha,7Alpha,12Alpha,26-Tetrol	CC(CCCC(C)C1CCC2C1(C(CC3C2C(CC4C3(CCC(C4)O)C)O)O)C)CO
5Beta-Cholestane-3Alpha,7Alpha,12Alpha,27,27-Pentaol	
5Beta-Cholestane-3Alpha,7Alpha,12Alpha-Triol	CC(C)CCCC(C)C1CCC2C1(C(CC3C2C(CC4C3(CCC(C4)O)C)O)O)C
5Beta-Cholestane-3Alpha,7Alpha,24,26-Tetrol	CC(CCC(C(C)CO)O)C1CCC2C1(CCC3C2C(CC4C3(CCC(C4)O)C)O)C
5Beta-Cholestane-3Alpha,7Alpha,24-Triol	CC(C)C(CCC(C)C1CCC2C1(CCC3C2C(CC4C3(CCC(C4)O)C)O)C)O
5Beta-Cholestane-3Alpha,7Alpha,26-Triol	CC(CCCC(C)C1CCC2C1(CCC3C2C(CC4C3(CCC(C4)O)C)O)C)CO
5Beta-Cholestane-3Alpha,7Alpha,27-Triol	CC(CCCC(C)(C)O)C1CCC2C1(CCC3C2C(CC4C3(CCC(C4)O)C)O)C
5Beta-Cholestane-3Alpha,7Alpha-Diol	CC(C)CCCC(C)C1CCC2C1(CCC3C2C(CC4C3(CCC(C4)O)C)O)C
5Z,8Z,11Z,14Z,17Z-Eicosapentaenoylcarnitine	
5Z,8Z,11Z-Eicosatrienoic Acid	CCCCCCCCC=CCC=CCC=CCCCC(=O)O
5Z,8Z,11Z-Eicosatrienoyl Coenzyme A	
5Z,8Z,11Z-Eicosatrienoylcarnitine	
5Z-Tetradecenoic Acid	CCCCCCCCC=CCCCC(=O)O
5Z-Tetradecenoyl Coenzyme A	
6 Alpha Hydroxy Taxol/ 6 Alpha Hydroxy Paclitaxel	
6'-beta-carboxy-simvastatin-acid form	
6'-beta-carboxy-simvastatin-lactone form	
6'-beta-hydroxy simvastatin acid	
6'-beta-hydroxy simvastatin lactone	
6'-beta-hydroxy-lovastatin lactone form	
6'-beta-hydroxy-lovastatin-acid form	
6'-beta-hydroxy-methyl-simvastatin-acid form	
6'-beta-hydroxy-methyl-simvastatin-lactone form	
6'-exomethylene-lovastatin lactone form	
6'-exomethylene-lovastatin-acid form	
6'-exomethylene-simvastatin-lactone form	
6,7-Dihydrobiopterin	CC(C(C1CN=C2C(=N1)C(=O)NC(=N2)N)O)O
6,7-Dihydroxy-1,2,3,4-Tetrahydroisoquinoline	C1CNCC2=CC(=C(C=C21)O)O
6-(N-Acetyl-Alpha-D-Glucosaminyl)-1-Phosphatidyl-1D-Myo-Inositol	CC(=O)NC1C(C(C(OC1OC2C(C(C(C(C2OP(=O)(O)OCC(COC(=O)C)OC(=O)C)O)O)O)O)CO)O)O
6-Amino-2-Oxohexanoic Acid	C(CCN)CC(=O)C(=O)O
6-Beta-Hydroxy Testosterone	
6-Hydroxydopamine-Quinone	C1=C(C(=CC(=C1O)O)O)CC(=O)N=O
6-Hydroxymelatonin	CC(=O)NCCC1=CNC2=CC(=C(C=C21)OC)O
6-Lactoyl-5,6,7,8-Tetrahydropterin	CC(C(=O)C1CNC2=C(N1)C(=O)NC(=N2)N)O
6-Methoxy-3-Methyl-2-All-Trans-Decaprenyl-1,4-Benzoquinol	CC1=C(C(=C(C=C1O)OC)O)CC=C(C)CCC=C(C)CCC=C(C)CCC=C(C)CCC=C(C)CCC=C(C)CCC=C(C)CCC=C(C)CCC=C(C)CCC=C(C)C
6-Oxo-Prostaglandin F1Alpha	CCCCCC(C=CC1C(CC(C1CC(=O)CCCCC(=O)O)O)O)O
6-Phospho-D-Gluconate	C(C(C(C(C(C(=O)O)O)O)O)O)OP(=O)(O)O
6-Phospho-D-Glucono-1,5-Lactone	C(C1C(C(C(C(=O)O1)O)O)O)OP(=O)(O)O
6-Pyruvoyl-5,6,7,8-Tetrahydropterin	CC(=O)C(=O)C1CNC2=C(N1)C(=O)NC(=N2)N
6-Trans-Leukotriene B4 (5S,12R-Dihydroxy-6E,8E,10E,14Z-Eicosatetraenoic Acid)	
6-alpha-OH-gliclazide	
6-beta-OH-gliclazide	
6-beta-OH-gliclazide-glucuronide	
6-epipravastatin	
6-hydroxy-fluvastatin	
6-hydroxy-fluvastatin-glucuronide	
6Z,9Z,12Z,15Z,18Z,21Z-Tetracosahexaenoic Acid	CCC=CCC=CCC=CCC=CCC=CCC=CCCCCC(=O)O
6Z,9Z,12Z,15Z,18Z-Tetracosapentaenoic Acid	CCCCCC=CCC=CCC=CCC=CCC=CCCCCC(=O)O
6Z,9Z,12Z,15Z,18Z-Tetracosapentaenoylcarnitine	
6Z,9Z,12Z,15Z-Octadecatetraenoylcarnitine	
6Z,9Z-Octadecadienoylcarnitine	
7,10,13-Hexadecatrienoyl Coenzyme A	
7,10-Hexadecadienoyl Coenzyme A	
7,8-Dihydrofolate	C1C(=NC2=C(N1)N=C(NC2=O)N)CNC3=CC=C(C=C3)C(=O)NC(CCC(=O)[O-])C(=O)[O-]
7,8-Dihydroneopterin 3-Triphosphate	
7-Dehydrochenodeoxycholic acid; 7oxo-3alpha-hydroxy-5beta-cholan-24-oic acid	
7-Dehydrocholic acid; 7-Oxodeoxycholic acid; 7oxo-3alpha,12alpha-Dihydroxy-5beta-cholan-24-oic acid	
7-Hexadecenoyl Coenzyme A	
7-Hydroxy-Octanoate	CC(CCCCCC(=O)O)O
7-Ketolithocholate	CC(CCC(=O)[O-])C1CCC2C1(CCC3C2C(=O)CC4C3(CCC(C4)O)C)C
7-Tetradecenoyl Coenzyme A	
7-alpha-OH-gliclazide	
7-beta-OH-gliclazide	
7-beta-OH-gliclazide-glucuronide	
7-hydroxy-3-alpha-iso-pravastatin	
7Alpha,12Alpha,26-Trihydroxycholest-4-En-3-One	CC(CCCC(C)C1CCC2C1(C(CC3C2C(CC4=CC(=O)CCC34C)O)O)C)CO
7Alpha,12Alpha-Dihydroxy-5Beta-Cholestan-3-One	CC(C)CCCC(C)C1CCC2C1(C(CC3C2C(CC4C3(CCC(=O)C4)C)O)O)C
7Alpha,12Alpha-Dihydroxycholest-4-En-3-One	CC(C)CCCC(C)C1CCC2C1(C(CC3C2C(CC4=CC(=O)CCC34C)O)O)C
7Alpha,24-Dihydroxy-5Beta-Cholestan-3-One	CC(C)C(CCC(C)C1CCC2C1(CCC3C2C(CC4C3(CCC(=O)C4)C)O)C)O
7Alpha,24-Dihydroxycholest-4-En-3-One	CC(C)C(CCC(C)C1CCC2C1(CCC3C2C(CC4=CC(=O)CCC34C)O)C)O
7Alpha,24Alpha-Dihydroxy-5Beta-Cholestan-3-One	CC(C)C(CCC(C)C1CCC2C1(CCC3C2C(CC4C3(CCC(=O)C4)C)O)C)O
7Alpha,25-Dihydroxycholesterol	CC(CCCC(C)(C)O)C1CCC2C1(CCC3C2C(C=C4C3(CCC(C4)O)C)O)C
7Alpha,26-Dihydroxy-5Beta-Cholestan-3-One	CC(CCCC(C)C1CCC2C1(CCC3C2C(CC4C3(CCC(=O)C4)C)O)C)CO
7Alpha,26-Dihydroxycholest-4-En-3-One	CC(CCCC(C)C1CCC2C1(CCC3C2C(CC4=CC(=O)CCC34C)O)C)CO
7Alpha,27-Dihydroxycholesterol	CC(CCCC(C)C1CCC2C1(CCC3C2C(C=C4C3(CCC(C4)O)C)O)C)CO
7Alpha-Hydroxy-5Beta-Cholestan-3-One	CC(C)CCCC(C)C1CCC2C1(CCC3C2C(CC4C3(CCC(=O)C4)C)O)C
7Alpha-Hydroxycholest-4-En-3-One	CC(C)CCCC(C)C1CCC2C1(CCC3C2C(CC4=CC(=O)CCC34C)O)C
7Z,10Z,13Z,16Z,19Z-Docosapentaenoylcarnitine	
7Z,10Z-Hexadecadienoic Acid	CCCCCC=CCC=CCCCCCC(=O)O
7Z-Hexadecenoic Acid	CCCCCCCCC=CCCCCCC(=O)O
7Z-Hexadecenoyl Coenzyme A	
7Z-Octadecenoic Acid	CCCCCCCCCCC=CCCCCCC(=O)O
7Z-Octadecenoyl Coenzyme A	
7Z-Tetradecenoic Acid	CCCCCCC=CCCCCCC(=O)O
8,9-Epoxyeicosatrienoic Acid	CCCCCC=CCC=CCC1C(O1)CC=CCCCC(=O)O
8-Dehydrocholesterol	CC(C)CCCC(C)C1CCC2C1(CCC3=C2CC=C4C3(CCC(C4)O)C)C
8Z,11Z,14Z,17Z-Eicosatetraenoylcarnitine	
8Z,11Z,14Z-Eicosatrienoylcarnitine	
8Z,11Z-Eicosadienoic Acid	CCCCCCCCC=CCC=CCCCCCCC(=O)O
8Z,11Z-Eicosadienoyl Coenzyme A	
8Z,11Z-Eicosadienoylcarnitine	
9,10-Hydroxyoctadec-12(Z)-Enoate	CCCCCC=CCC(C(CCCCCCCC(=O)O)O)O
9-Cis-Retinoate	CC1=C(C(CCC1)(C)C)C=CC(=CC=CC(=CC(=O)[O-])C)C
9-Cis-Retinol	CC1=C(C(CCC1)(C)C)C=CC(=CC=CC(=CCO)C)C
9-O-Acetylated Gd3	
9-O-Acetylated Gt3	
9-Octadecenoyl Coenzyme A	
9E-Octadecenoic Acid	CCCCCCCCC=CCCCCCCCC(=O)O
9E-Tetradecenoic Acid (N-C14:1)	
9E-Tetradecenoyl Coenzyme A	CCCCC=CCCCCCCCC(=O)SCCNC(=O)CCNC(=O)C(C(C)(C)COP(=O)([O-])OP(=O)([O-])OCC1C(C(C(O1)N2C=NC3=C(N=CN=C32)N)O)OP(=O)([O-])[O-])O
9S,11,15S-Trihydroxy-Thromboxa-5Z,13E-Dien-1-Oic Acid	CCCCCC(C=CC1C(C(CC(O1)O)O)CC=CCCCC(=O)O)O
9Z,12Z,15Z,18Z,21Z-Tetracosapentaenoic Acid	CCC=CCC=CCC=CCC=CCC=CCCCCCCCC(=O)O
9Z,12Z,15Z,18Z,21Z-Tetracosapentaenoylcarnitine	
9Z,12Z,15Z,18Z-Tetracosatetraenoic Acid	CCCCCC=CCC=CCC=CCC=CCCCCCCCC(=O)O
9Z,12Z,15Z,18Z-Tetracosatetraenoylcarnitine	
9Z-Eicosenoic Acid	CCCCCCCCCCC=CCCCCCCCC(=O)O
9Z-Eicosenoyl Coenzyme A	
9Z-Heptadecenoic Acid	CCCCCCCC=CCCCCCCCC(=O)O
9Z-Heptadecenoyl Coenzyme A	
AM1 (cyclosporine)	
AM19 (cyclosporine)	
AM1A (cyclosporine)	
AM1A4N (cyclosporine)	
AM1AL (cyclosporine)	
AM1Ac (cyclosporine)	
AM1c (cyclosporine)	
AM1c-glucuronide (cyclosporine)	
AM1c4N9 (cyclosporine)	
AM1c9 (cyclosporine)	
AM4N (cyclosporine)	
AM4N9 (cyclosporine)	
AM9 (cyclosporine)	
Acetaldehyde	CC=O
Acetaminophen glucuronide	CC(=O)NC1=CC=C(C=C1)OC2C(C(C(C(O2)C(=O)O)O)O)O
Acetate	CC(=O)[O-]
Acetoacetate	CC(=O)CC(=O)[O-]
Acetoacetyl Coenzyme A	CC(=O)CC(=O)SCCNC(=O)CCNC(=O)C(C(C)(C)COP(=O)(O)OP(=O)(O)OCC1C(C(C(O1)N2C=NC3=C(N=CN=C32)N)O)OP(=O)(O)O)O
Acetoacetyl-ACP	
Acetone	CC(=O)C
Acetyl Adenylate	CC(=O)OP(=O)(O)OCC1C(C(C(O1)N2C=NC3=C(N=CN=C32)N)O)O
Acetyl Coenzyme A	CC(=O)SCCNC(=O)CCNC(=O)C(C(C)(C)COP(=O)(O)OP(=O)(O)OCC1C(C(C(O1)N2C=NC3=C(N=CN=C32)N)O)OP(=O)(O)O)O
Acetyl Isoleucine (Chemspider Id: 9964364)	
Acetyl-ACP	
Acetyl-Glycine	CC(=O)NCC(=O)O
Acetyl-L-Lysine	CC(=O)NC(CCCCN)C(=O)O
Acetyl-Threonine 	
Acetylcholine	CC(=O)OCC[N+](C)(C)C
Acetylhomoserine	CC(=O)OCCC(C(=O)O)N
Acyl Coenzyme A-Ld-Sm-Pool	
Acyl carrier protein	
Adenine	C1=NC2=NC=NC(=C2N1)N
Adenosine	C1=NC(=C2C(=N1)N(C=N2)C3C(C(C(O3)CO)O)O)N
Adenosine 3,5-Bismonophosphate	
Adenosine Diphosphate	C1=NC(=C2C(=N1)N(C=N2)C3C(C(C(O3)COP(=O)(O)OP(=O)(O)O)O)O)N
Adenosine Monophosphate	C1=NC(=C2C(=N1)N(C=N2)C3C(C(C(O3)COP(=O)(O)O)O)O)N
Adenosine Triphosphate	C1=NC(=C2C(=N1)N(C=N2)C3C(C(C(O3)COP(=O)(O)OP(=O)(O)OP(=O)(O)O)O)O)N
Adenosine-5'-Diphosphate-D-Mannose	
Adenosine-5'-Diphosphate-D-Ribose 2-Phosphate	
Adenosine-5'-Diphosphate-Ribose	
Adipic Acid	C(CCC(=O)O)CC(=O)O
Adipoyl Carnitine	C[N+](C)(C)CC(CC(=O)O)OC(=O)CCCCC=O
Adipoyl Coenzyme A	
Adrenaline	CNCC(C1=CC(=C(C=C1)O)O)O
Adrenic Acid	CCCCCC=CCC=CCC=CCC=CCCCCCC(=O)O
Adrenoyl Coenzyme A	
Aflatoxin B1	COC1=C2C3=C(C(=O)CC3)C(=O)OC2=C4C5C=COC5OC4=C1
Aflatoxin B1 Exo-8,9-Epoxide	COC1=C2C3=C(C(=O)CC3)C(=O)OC2=C4C5C6C(O6)OC5OC4=C1
Agmatine	C(CCN=C(N)N)CN
Alanyl-Arginyl-Cysteine	CC(C(=O)NC(CCCN=C(N)N)C(=O)NC(CS)C(=O)O)N
Alanyl-Arginyl-Glycine	CC(C(=O)NC(CCCN=C(N)N)C(=O)NCC(=O)O)N
Alanyl-Asparaginyl-Leucine	CC(C)CC(C(=O)O)NC(=O)C(CC(=O)N)NC(=O)C(C)N
Alanyl-Glycyl-Lysine	CC(C(=O)NCC(=O)NC(CCCCN)C(=O)O)N
Alanyl-Histidyl-Alanine	CC(C(=O)NC(CC1=CN=CN1)C(=O)NC(C)C(=O)O)N
Alanyl-Lysine-Threonine	
Aldehydo-D-Xylose	C(C(C(C(C=O)O)O)O)O
Aldosterone	CC12CCC(=O)C=C1CCC3C2C(CC4(C3CCC4C(=O)CO)C=O)O
All Trans Decaprenyl Diphosphate	CC(=CCCC(=CCCC(=CCCC(=CCCC(=CCCC(=CCCC(=CCCC(=CCCC(=CCCC(=CCOP(=O)(O)OP(=O)(O)O)C)C)C)C)C)C)C)C)C)C
All-Trans-Retinal	CC1=C(C(CCC1)(C)C)C=CC(=CC=CC(=CC=O)C)C
All-Trans-Retinoate	CC1=C(C(CCC1)(C)C)C=CC(=CC=CC(=CC(=O)[O-])C)C
Allantoin	C1(C(=O)NC(=O)N1)NC(=O)N
Allopregnanolone	CC(=O)C1CCC2C1(CCC3C2CCC4C3(CCC(C4)O)C)C
Alloxan	C1(=O)C(=O)NC(=O)NC1=O
Alpha-Cehc-Glucuronide	CC1=C(C(=C(C2=C1OC(CC2)(C)CCC(=O)O)C)OC3C(C(C(C(O3)C(=O)O)O)O)O)C
Alpha-D-Ribose 1-Phosphate	C(C1C(C(C(O1)OP(=O)(O)O)O)O)O
Alpha-D-Ribose 5-Phosphate	C(C1C(C(C(O1)O)O)O)OP(=O)(O)O
Alpha-GalNac-Globoside	
Alpha-Linolenate	CCC=CCC=CCC=CCCCCCCCC(=O)[O-]
Alpha-Linolenoyl Coenzyme A	
Alpha-Linolenyl Carnitine	
Alpha-N-Acetylneuraminosyl-(2->3)-Beta-D-Galactosyl-(1->4)-Beta-D-Glucosylceramide	
Alpha-N-Acetylneuraminyl-2,3-Beta-D-Galactosyl-1,4-N-Acetyl-Beta-D-Glucosaminyl-1,3-Beta-D-Galactosyl-1,4-D-Glucosylceramide	
Alpha-Pinene Oxide	CC1(C2CC1C3(C(C2)O3)C)C
Alpha-Tocopheryl Hydroquinone	
Alpha-Tocopheryl Quinone	CC1=C(C(=O)C(=C(C1=O)C)CCC(C)(CCCC(C)CCCC(C)CCCC(C)C)O)C
Alpha-Tocotrienol	CC1=C(C2=C(CCC(O2)(C)CCC=C(C)CCC=C(C)CCC=C(C)C)C(=C1O)C)C
Ammonioacetone	CC(=O)C[NH3+]
Ammonium	[NH4+]
Anandamide	CCCCCC=CCC=CCC=CCC=CCCCC(=O)NCCO
Androst-4-Ene-3,17-Dione	CC12CCC(=O)C=C1CCC3C2CCC4(C3CCC4=O)C
Androst-5-Ene-3,17-Dione	CC12CCC3C(C1CCC2=O)CC=C4C3(CCC(=O)C4)C
Androsterone	CC12CCC(CC1CCC3C2CCC4(C3CCC4=O)C)O
Androsterone 3-Glucosiduronic Acid	CC12CCC(CC1CCC3C2CCC4(C3CCC4=O)C)OC5C(C(C(C(O5)C(=O)O)O)O)O
Androsterone Sulfate	CC12CCC(CC1CCC3C2CCC4(C3CCC4=O)C)OS(=O)(=O)O
Anthranilate	C1=CC=C(C(=C1)C(=O)[O-])N
Antipyrine	CC1=CC(=O)N(N1C)C2=CC=CC=C2
Apelin (1-12)	CC(C)CC(C(=O)NC(CO)C(=O)NC(CC1=CN=CN1)C(=O)NC(CCCCN)C(=O)NCC(=O)N2CCCC2C(=O)NC(CCSC)C(=O)N3CCCC3C(=O)O)NC(=O)C(CCCN=C(N)N)NC(=O)C4CCCN4C(=O)C(CCCN=C(N)N)NC(=O)C(CCC(=O)N)N
Apelin-13	CC(C)CC(C(=O)NC(CO)C(=O)NC(CC1=CN=CN1)C(=O)NC(CCCCN)C(=O)NCC(=O)N2CCCC2C(=O)NC(CCSC)C(=O)N3CCCC3C(=O)NC(CC4=CC=CC=C4)C(=O)O)NC(=O)C(CCCN=C(N)N)NC(=O)C5CCCN5C(=O)C(CCCN=C(N)N)NC(=O)C(CCC(=O)N)N
ApoB100	
ApoC1	
ApoC2	
ApoC3	
ApoE	
Apoa1	
Apoc-Lysine	
Apocarboxlase (No Lys Residue)	
Aquacob(III)Alamin	CC1=CC2=C(C=C1C)N(C=N2)C3C(C(C(O3)CO)OP(=O)([O-])OC(C)CNC(=O)CCC4(C(C5C6(C(C(C(=N6)C(=C7C(C(C(=N7)C=C8C(C(C(=N8)C(=C4[N-]5)C)CCC(=O)N)(C)C)CCC(=O)N)(C)CC(=O)N)C)CCC(=O)N)(C)CC(=O)N)C)CC(=O)N)C)O.[OH3+].[Co]
Arachidic Acid	CCCCCCCCCCCCCCCCCCCC(=O)O
Arachidonate	CCCCCC=CCC=CCC=CCC=CCCCC(=O)[O-]
Arachidonoyl Coenzyme A	CCCCCC=CCC=CCC=CCC=CCCCC(=O)SCCNC(=O)CCNC(=O)C(C(C)(C)COP(=O)(O)OP(=O)(O)OCC1C(C(C(O1)N2C=NC3=C(N=CN=C32)N)O)OP(=O)(O)O)O
Arachidoyl Coenzyme A	CCCCCCCCCCCCCCCCCCCC(=O)SCCNC(=O)CCNC(=O)C(C(C)(C)COP(=O)(O)OP(=O)(O)OCC1C(C(C(O1)N2C=NC3=C(N=CN=C32)N)O)OP(=O)(O)O)O
Arginyl-Alanine-Phenylalanine	
Arginyl-Alanyl-Alanine	CC(C(=O)NC(C)C(=O)O)NC(=O)C(CCCN=C(N)N)N
Arginyl-Alanyl-Threonine	CC(C(C(=O)O)NC(=O)C(C)NC(=O)C(CCCN=C(N)N)N)O
Arginyl-Arginine	C(CC(C(=O)NC(CCCN=C(N)N)C(=O)O)N)CN=C(N)N
Arginyl-Arginyl-Lysine	C(CCN)CC(C(=O)O)NC(=O)C(CCCN=C(N)N)NC(=O)C(CCCN=C(N)N)N
Arginyl-Arginyl-Metheonine	
Arginyl-Cystinyl-Glycine	
Arginyl-Cystinyl-Serine	
Arginyl-Glutamyl-Glutamate	
Arginyl-Glutamyl-Proline	C1CC(N(C1)C(=O)C(CCC(=O)O)NC(=O)C(CCCN=C(N)N)N)C(=O)O
Arginyl-Glycyl-Glycine	C(CC(C(=O)NCC(=O)NCC(=O)O)N)CN=C(N)N
Arginyl-Histidyl-Threonine	CC(C(C(=O)O)NC(=O)C(CC1=CN=CN1)NC(=O)C(CCCN=C(N)N)N)O
Arginyl-Leucyl-Phenylalanine	CC(C)CC(C(=O)NC(CC1=CC=CC=C1)C(=O)O)NC(=O)C(CCCN=C(N)N)N
Arginyl-Lysyl-Aspartate	
Arginyl-Phenylalanine-Arginine	
Arginyl-Prolyl-Methionine	CSCCC(C(=O)O)NC(=O)C1CCCN1C(=O)C(CCCN=C(N)N)N
Arginyl-Prolyl-Threonine	CC(C(C(=O)O)NC(=O)C1CCCN1C(=O)C(CCCN=C(N)N)N)O
Arginyl-Seryl-Serine	C(CC(C(=O)NC(CO)C(=O)NC(CO)C(=O)O)N)CN=C(N)N
Arginyl-Valyl-Cysteine	CC(C)C(C(=O)NC(CS)C(=O)O)NC(=O)C(CCCN=C(N)N)N
Arginyl-Valyl-Tryptophan	CC(C)C(C(=O)NC(CC1=CNC2=CC=CC=C21)C(=O)O)NC(=O)C(CCCN=C(N)N)N
Argtyrval	
Asparaginyl-Alanyl-Arginine	CC(C(=O)NC(CCCN=C(N)N)C(=O)O)NC(=O)C(CC(=O)N)N
Asparaginyl-Asparaginyl-Arginine	C(CC(C(=O)O)NC(=O)C(CC(=O)N)NC(=O)C(CC(=O)N)N)CN=C(N)N
Asparaginyl-Cysteinyl-Cysteine	C(C(C(=O)NC(CS)C(=O)NC(CS)C(=O)O)N)C(=O)N
Asparaginyl-Methionyl-Proline	CSCCC(C(=O)N1CCCC1C(=O)O)NC(=O)C(CC(=O)N)N
Asparaginyl-Phenylalanyl-Aspartate	
Asparaginyl-Phenylalanyl-Cysteine	C1=CC=C(C=C1)CC(C(=O)NC(CS)C(=O)O)NC(=O)C(CC(=O)N)N
Asparaginyl-Tyrosyl-Glycine	C1=CC(=CC=C1CC(C(=O)NCC(=O)O)NC(=O)C(CC(=O)N)N)O
Asparaginyl-Tyrosyl-Phenylalanine	C1=CC=C(C=C1)CC(C(=O)O)NC(=O)C(CC2=CC=C(C=C2)O)NC(=O)C(CC(=O)N)N
Asparaginyl-Tyrosyl-Threonine	CC(C(C(=O)O)NC(=O)C(CC1=CC=C(C=C1)O)NC(=O)C(CC(=O)N)N)O
Aspartyl-Asparaginyl-Glutamate	
Aspartyl-Glutamate	C(CC(=O)O)C(C(=O)O)NC(=O)C(CC(=O)O)N
Aspartyl-Glutamyl-Proline	C1CC(N(C1)C(=O)C(CCC(=O)O)NC(=O)C(CC(=O)O)N)C(=O)O
Aspartyl-Glutamyl-Tryptophan	C1=CC=C2C(=C1)C(=CN2)CC(C(=O)O)NC(=O)C(CCC(=O)O)NC(=O)C(CC(=O)O)N
Aspartyl-Histidyl-Cysteine	C1=C(NC=N1)CC(C(=O)NC(CS)C(=O)O)NC(=O)C(CC(=O)O)N
Aspartyl-Histidyl-Proline	C1CC(N(C1)C(=O)C(CC2=CN=CN2)NC(=O)C(CC(=O)O)N)C(=O)O
Aspartyl-Lysyl-Glutamate	
Aspartyl-Lysyl-Histidine	C1=C(NC=N1)CC(C(=O)O)NC(=O)C(CCCCN)NC(=O)C(CC(=O)O)N
Aspartyl-Methionyl-Aspartate	
Aspartyl-Prolyl-Lysine	C1CC(N(C1)C(=O)C(CC(=O)O)N)C(=O)NC(CCCCN)C(=O)O
Aspartyl-Valyl-Asparagine	CC(C)C(C(=O)NC(CC(=O)N)C(=O)O)NC(=O)C(CC(=O)O)N
Azelaic Acid	C(CCCC(=O)O)CCCC(=O)O
Band Membrane Protein (Methylated, Universal, Erythrocyte -> 2.1,3,4.1)	
Band Membrane Protein (Universal, Erythrocyte --> 2.1,3,4.1)	
Benzoate	C1=CC=C(C=C1)C(=O)[O-]
Benzoyl Coenzyme A	CC(C)(COP(=O)(O)OP(=O)(O)OCC1C(C(C(O1)N2C=NC3=C(N=CN=C32)N)O)OP(=O)(O)O)C(C(=O)NCCC(=O)NCCSC(=O)C4=CC=CC=C4)O
Beta Glucan-Glycocholate Complex	
Beta Glucan-Taurocholic Acid Complex	
Beta Glucan-Taurodeoxycholic Acid Complex	
Beta-1,4-Mannose-N-Acetylglucosamine	CC(=O)NC1C(C(C(OC1O)CO)OC2C(C(C(C(O2)CO)O)O)O)O
Beta-Alanine	C(CN)C(=O)O
Beta-Aminopropion Aldehyde	C(CN)C=O
Beta-Carotene	CC1=C(C(CCC1)(C)C)C=CC(=CC=CC(=CC=CC=C(C)C=CC=C(C)C=CC2=C(CCCC2(C)C)C)C)C
Beta-Casomorphin	C1CC(N(C1)C(=O)C(CC2=CC=C(C=C2)O)N)C(=O)NC(CC3=CC=CC=C3)C(=O)N4CCCC4C(=O)N
Beta-Casomorphin (1-6)	CC(C)C(C(=O)NC(CCC(=O)O)C(=O)N1CCCC1C(=O)O)NC(=O)C(CC2=CC=CC=C2)NC(=O)C3CCCN3C(=O)C(CC4=CC=C(C=C4)O)N
Beta-D-Fructofuranose 2,6-Bisphosphate	C(C1C(C(C(O1)(CO)OP(=O)(O)O)O)O)OP(=O)(O)O
Beta-D-Glucose-6-Phosphate	C(C1C(C(C(C(O1)O)O)O)O)OP(=O)(O)O
Beta-GalNac-Globoside	
Beta-Glucans	C(C1C(C(C(C(O1)OC2C(OC(C(C2O)O)OC3C(OC(C(C3O)O)O)CO)CO)O)O)O)O
Beta-Hydroxy-Beta-Methylbutyrate	CC(C)(CC(=O)[O-])O
Beta-Tocopherol	CC1=CC(=C(C2=C1OC(CC2)(C)CCCC(C)CCCC(C)CCCC(C)C)C)O
Betaine Aldehyde	C[N+](C)(C)CC=O
Bicarbonate	C(=O)(O)[O-]
Bilirubin	CC1=C(NC(=C1CCC(=O)O)CC2=C(C(=C(N2)C=C3C(=C(C(=O)N3)C)C=C)C)CCC(=O)O)C=C4C(=C(C(=O)N4)C=C)C
Biliverdin	CC1=C(C(=CC2=C(C(=C(N2)C=C3C(=C(C(=O)N3)C)C=C)C)CCC(=O)O)NC1=CC4=NC(=O)C(=C4C)C=C)CCC(=O)O
Biocytin	C1C2C(C(S1)CCCCC(=O)NCCCCC(C(=O)O)N)NC(=O)N2
Biotin	C1C2C(C(S1)CCCCC(=O)O)NC(=O)N2
Biotinyl-5-Adenosine-5'-Monophosphate	
Bis(Beta-Glucosyluronate)Bilirubin	CC1=C(NC(=C1CCC(=O)OC2C(C(C(C(O2)C(=O)[O-])O)O)O)CC3=C(C(=C(N3)C=C4C(=C(C(=O)N4)C)C=C)C)CCC(=O)OC5C(C(C(C(O5)C(=O)[O-])O)O)O)C=C6C(=C(C(=O)N6)C=C)C
But-2-enoyl-[acyl-carrier protein]	CC=CC(=O)S
Butanoyl Coenzyme A	CCCC(=O)SCCNC(=O)CCNC(=O)C(C(C)(C)COP(=O)(O)OP(=O)(O)OCC1C(C(C(O1)N2C=NC3=C(N=CN=C32)N)O)OP(=O)(O)O)O
Butyrate	CCCC(=O)[O-]
Butyryl Carnitine	
Butyryl-ACP (n-C4:0ACP)	
C12:0-Ethanolamide, Didecanoyl Ethanolamide	
C14:0-Ethanolamide, Tetradecanoyl Ethanolamide	
C20:4 Carnitine	
CMP-N-glycoloylneuraminate	
Calcidiol	CC(CCCC(C)(C)O)C1CCC2C1(CCCC2=CC=C3CC(CCC3=C)O)C
Calciol	CC(C)CCCC(C)C1CCC2C1(CCCC2=CC=C3CC(CCC3=C)O)C
Calcitriol	CC(CCCC(C)(C)O)C1CCC2C1(CCCC2=CC=C3CC(CC(C3=C)O)O)C
Calcium	[Ca]
Caproic Acid	CCCCCC(=O)O
Carbamoyl Phosphate	C(=O)(N)OP(=O)(O)O
Carbon Dioxide	C(=O)=O
Carbon Monoxide	[C-]#[O+]
Carbonic Acid	C(=O)(O)O
Cardiolipin	CCCCCC=CCC=CCCCCCCCC(=O)OCC(COP(=O)(O)OCC(COP(=O)([O-])OCC(COC(=O)CCCCCCCC=CCC=CCCCCC)OC(=O)CCCCCCCC=CCC=CCCCCC)O)OC(=O)CCCCCCCC=CCC=CCCCCC
Carnosine	C1=C(NC=N1)CC(C(=O)O)NC(=O)CCN
Ceramide 1-Phosphate	CCCCCCCCCCCCCCCCCC(=O)NC(COP(=O)(O)O)C(C=CCCCCCCCCCCCCC)O
Cerotic Acid	CCCCCCCCCCCCCCCCCCCCCCCCCC(=O)O
Cervonic Acid, C22:6 N-3	
Cervonyl Coenzyme A	CCC=CCC=CCC=CCC=CCC=CCC=CCCC(=O)SCCNC(=O)CCNC(=O)C(C(C)(C)COP(=O)(O)OP(=O)(O)OCC1C(C(C(O1)N2C=NC3=C(N=CN=C32)N)O)OP(=O)(O)O)O
Chenodeoxycholate	CC(CCC(=O)[O-])C1CCC2C1(CCC3C2C(CC4C3(CCC(C4)O)C)O)C
Chenodeoxycholic acid-24glucuronide, CDCA-24G	
Chenodeoxycholic acid-3glucuronide, CDCA-3G	
Chenodeoxycholoyl Coenzyme A	CC(CCC(=O)SCCNC(=O)CCNC(=O)C(C(C)(C)COP(=O)(O)OP(=O)(O)OCC1C(C(C(O1)N2C=NC3=C(N=CN=C32)N)O)OP(=O)(O)O)O)C4CCC5C4(CCC6C5C(CC7C6(CCC(C7)O)C)O)C
Chenodeoxyglycocholoyl Coenzyme A	
Chitin	
Chitobiose	C(C1C(C(C(C(O1)OC(C(CO)O)C(C(C=O)N)O)N)O)O)O
Chloride	[Cl-]
Cholate	CC(CCC(=O)[O-])C1CCC2C1(C(CC3C2C(CC4C3(CCC(C4)O)C)O)O)C
Cholest-5-En-3B-Yl (13Z-Docosenoate)	CCCCCCCCC=CCCCCCCCCCCCC(=O)OC1CCC2(C3CCC4(C(C3CC=C2C1)CCC4C(C)CCCC(C)C)C)C
Cholest-5-En-3B-Yl (9Z-Heptadecenoate)	CCCCCCCC=CCCCCCCCC(=O)OC1CCC2(C3CCC4(C(C3CC=C2C1)CCC4C(C)CCCC(C)C)C)C
Cholest-5-En-3B-Yl (9Z-Octadecenoate)	CCCCCCCCC=CCCCCCCCC(=O)OC1CCC2(C3CCC4(C(C3CC=C2C1)CCC4C(C)CCCC(C)C)C)C
Cholest-5-En-3B-Yl (9Z-Tetradecenoate)	CCCCC=CCCCCCCCC(=O)OC1CCC2(C3CCC4(C(C3CC=C2C1)CCC4C(C)CCCC(C)C)C)C
Cholest-5-En-3B-Yl (Heptadecanoate)	CCCCCCCCCCCCCCCCC(=O)OC1CCC2(C3CCC4(C(C3CC=C2C1)CCC4C(C)CCCC(C)C)C)C
Cholest-5-En-3B-Yl (Pentadecanoate)	CCCCCCCCCCCCCCC(=O)OC1CCC2(C3CCC4(C(C3CC=C2C1)CCC4C(C)CCCC(C)C)C)C
Cholest-5-En-3Beta,20R,22R-Triol	CC(C)CCC(C(C)(C1CCC2C1(CCC3C2CC=C4C3(CCC(C4)O)C)C)O)O
Cholest-5-En-3Beta,22R-Diol	CC(C)CCC(C(C)C1CCC2C1(CCC3C2CC=C4C3(CCC(C4)O)C)C)O
Cholest-5-En-3Beta-Yl (11Z,14Z-Eicosadienoate)	CCCCCC=CCC=CCCCCCCCCCC(=O)OC1CCC2(C3CCC4(C(C3CC=C2C1)CCC4C(C)CCCC(C)C)C)C
Cholest-5-En-3Beta-Yl (11Z-Eicosenoate)	CCCCCCCCC=CCCCCCCCCCC(=O)OC1CCC2(C3CCC4(C(C3CC=C2C1)CCC4C(C)CCCC(C)C)C)C
Cholest-5-En-3Beta-Yl (13Z,16Z-Docosadienoate)	CCCCCC=CCC=CCCCCCCCCCCCC(=O)OC1CCC2(C3CCC4(C(C3CC=C2C1)CCC4C(C)CCCC(C)C)C)C
Cholest-5-En-3Beta-Yl (15Z-Tetracosenoate)	
Cholest-5-En-3Beta-Yl (4Z,7Z,10Z,13Z,16Z,19Z-Docosahexaenoate)	CCC=CCC=CCC=CCC=CCC=CCC=CCCC(=O)OC1CCC2(C3CCC4(C(C3CC=C2C1)CCC4C(C)CCCC(C)C)C)C
Cholest-5-En-3Beta-Yl (5Z,8Z,11Z,14Z,17Z-Eicosapentaenoate)	CCC=CCC=CCC=CCC=CCC=CCCCC(=O)OC1CCC2(C3CCC4(C(C3CC=C2C1)CCC4C(C)CCCC(C)C)C)C
Cholest-5-En-3Beta-Yl (5Z,8Z,11Z,14Z-Eicosatetraenoate)	CCCCCC=CCC=CCC=CCC=CCCCC(=O)OC1CCC2(C3CCC4(C(C3CC=C2C1)CCC4C(C)CCCC(C)C)C)C
Cholest-5-En-3Beta-Yl (7Z,10Z,13Z,16Z,19Z-Docosapentaenoate)	CCC=CCC=CCC=CCC=CCC=CCCCCCC(=O)OC1CCC2(C3CCC4(C(C3CC=C2C1)CCC4C(C)CCCC(C)C)C)C
Cholest-5-En-3Beta-Yl (7Z,10Z,13Z,16Z-Docosatetraenoate)	CCCCCC=CCC=CCC=CCC=CCCCCCC(=O)OC1CCC2(C3CCC4(C(C3CC=C2C1)CCC4C(C)CCCC(C)C)C)C
Cholest-5-En-3Beta-Yl (8Z,11Z,14Z-Eicosatrienoate)	CCCCCC=CCC=CCC=CCCCCCCC(=O)OC1CCC2(C3CCC4(C(C3CC=C2C1)CCC4C(C)CCCC(C)C)C)C
Cholest-5-En-3Beta-Yl (9Z,12Z,15Z-Octadecatrienoate)	CCC=CCC=CCC=CCCCCCCCC(=O)OC1CCC2(C3CCC4(C(C3CC=C2C1)CCC4C(C)CCCC(C)C)C)C
Cholest-5-En-3Beta-Yl (9Z,12Z-Octadecadienoate)	CCCCCC=CCC=CCCCCCCCC(=O)OC1CCC2(C3CCC4(C(C3CC=C2C1)CCC4C(C)CCCC(C)C)C)C
Cholest-5-En-3Beta-Yl (9Z-Hexadecenoate)	CCCCCCC=CCCCCCCCC(=O)OC1CCC2(C3CCC4(C(C3CC=C2C1)CCC4C(C)CCCC(C)C)C)C
Cholest-5-En-3Beta-Yl Docosanoate	CCCCCCCCCCCCCCCCCCCCCC(=O)OC1CCC2(C3CCC4(C(C3CC=C2C1)CCC4C(C)CCCC(C)C)C)C
Cholest-5-En-3Beta-Yl Dodecanoate	CCCCCCCCCCCC(=O)OC1CCC2(C3CCC4(C(C3CC=C2C1)CCC4C(C)CCCC(C)C)C)C
Cholest-5-En-3Beta-Yl Eicosanoate	CCCCCCCCCCCCCCCCCCCC(=O)OC1CCC2(C3CCC4(C(C3CC=C2C1)CCC4C(C)CCCC(C)C)C)C
Cholest-5-En-3Beta-Yl Hexadecanoate	CCCCCCCCCCCCCCCC(=O)OC1CCC2(C3CCC4(C(C3CC=C2C1)CCC4C(C)CCCC(C)C)C)C
Cholest-5-En-3Beta-Yl Nonadecanoate	CCCCCCCCCCCCCCCCCCC(=O)OC1CCC2(C3CCC4(C(C3CC=C2C1)CCC4C(C)CCCC(C)C)C)C
Cholest-5-En-3Beta-Yl Octadecanoate	CCCCCCCCCCCCCCCCCC(=O)OC1CCC2(C3CCC4(C(C3CC=C2C1)CCC4C(C)CCCC(C)C)C)C
Cholest-5-En-3Beta-Yl Tetradecanoate	CCCCCCCCCCCCCC(=O)OC1CCC2(C3CCC4(C(C3CC=C2C1)CCC4C(C)CCCC(C)C)C)C
Cholesta-5,7,24-Trien-3Beta-Ol	CC(CCC=C(C)C)C1CCC2C1(CCC3C2=CC=C4C3(CCC(C4)O)C)C
Cholesta-5,7-Dien-3Beta-Ol	CC(C)CCCC(C)C1CCC2C1(CCC3C2=CC=C4C3(CCC(C4)O)C)C
Cholesta-8(9)-En-3Beta-Ol	CC(C)CCCC(C)C1CCC2C1(CCC3=C2CCC4C3(CCC(C4)O)C)C
Cholesterol	CC(C)CCCC(C)C1CCC2C1(CCC3C2CC=C4C3(CCC(C4)O)C)C
Cholesterol Sulfate	CC(C)CCCC(C)C1CCC2C1(CCC3C2CC=C4C3(CCC(C4)OS(=O)(=O)O)C)C
Cholesterol-Ester-11,14,17-Eico	
Cholesterol-Ester-11-Docose	
Cholesterol-Ester-13,16,19-Doco	
Cholesterol-Ester-13-Eicose	
Cholesterol-Ester-13-Octade	
Cholesterol-Ester-4,7,10,13,16-Docosa	
Cholesterol-Ester-5,8,11-Eico	
Cholesterol-Ester-5-Tetra	
Cholesterol-Ester-6,9,12,15,18,21-Tetra	
Cholesterol-Ester-6,9,12,15,18-Tetraco	
Cholesterol-Ester-6,9,12,15-Octa	
Cholesterol-Ester-6,9-Octa	
Cholesterol-Ester-7-Hexa	
Cholesterol-Ester-7-Tetrade	
Cholesterol-Ester-8,11,14,17-Eico	
Cholesterol-Ester-8,11-Eico	
Cholesterol-Ester-9,12,15,18,21-Tetra	
Cholesterol-Ester-9,12,15,18-Tetraco	
Cholesterol-Ester-9-Eicose	
Cholesterol-Ester-9-Heptade	
Cholesterol-Ester-9-Octa	
Cholesterol-Ester-Cis-Vac	
Cholesterol-Ester-Gamma-Lin	
Cholesterol-Ester-Heneico	
Cholesterol-Ester-Hexacosa	
Cholesterol-Ester-Hexecose	
Cholesterol-Ester-Tetraco	
Cholesterol-Ester-Trico	
Cholesterol-Ester-Tridec	
Cholesteryl Arachidonate, Cholesterol-Ester (20:4, Delta 5,8,11,14)	
Cholesteryl Docosahexanoate, Cholesterol-Ester (22:6, Delta 4,7,10,13,16,19)	
Cholic acid 3-sulfate	CC(CCC(=O)O)C1CCC2C1(C(CC3C2C(CC4C3(CCC(C4)OS(=O)(=O)O)C)O)O)C
Cholic acid-24glucuronide, CA-24G	
Choline	C[N+](C)(C)CCO
Choline Phosphate	C[N+](C)(C)CCOP(=O)(O)[O-]
Choloyl Coenzyme A	
Chondroitin Sulfate A (GalNac4S-Glca) And B (Idoa2S-GalNac4S), Precursor 2	
Chondroitin Sulfate A (GalNac4S-Glca) And B (Idoa2S-GalNac4S), Precursor 3	
Chondroitin Sulfate A (GalNac4S-Glca) Proteoglycan	
Chondroitin Sulfate A (GalNac4S-Glca), B (Idoa2S-GalNac4S), And E (GalNac4,6Dis-Glca), Precursor 1	
Chondroitin Sulfate A (GalNac4S-Glca), Degradation Product 1	
Chondroitin Sulfate A (GalNac4S-Glca), Degradation Product 2	
Chondroitin Sulfate A (GalNac4S-Glca), Degradation Product 3	
Chondroitin Sulfate A (GalNac4S-Glca), Degradation Product 4	
Chondroitin Sulfate A (GalNac4S-Glca), Degradation Product 5	
Chondroitin Sulfate A (GalNac4S-Glca), Free Chain	
Chondroitin Sulfate B (Idoa2S-GalNac4S), Precursor 4	
Chondroitin Sulfate B (Idoa2S-GalNac4S), Precursor 5	
Chondroitin Sulfate B / Dermatan Sulfate (Idoa2S-GalNac4S) Proteoglycan	
Chondroitin Sulfate B / Dermatan Sulfate (Idoa2S-GalNac4S), Degradation Product 1	
Chondroitin Sulfate B / Dermatan Sulfate (Idoa2S-GalNac4S), Degradation Product 2	
Chondroitin Sulfate B / Dermatan Sulfate (Idoa2S-GalNac4S), Degradation Product 3	
Chondroitin Sulfate B / Dermatan Sulfate (Idoa2S-GalNac4S), Free Chain	
Chondroitin Sulfate C (GalNac6S-Glca) And D (GlcNac6S-Glca2S), Precursor 1	
Chondroitin Sulfate C (GalNac6S-Glca) Proteoglycan	
Chondroitin Sulfate C (GalNac6S-Glca), Degradation Product 1	
Chondroitin Sulfate C (GalNac6S-Glca), Degradation Product 2	
Chondroitin Sulfate C (GalNac6S-Glca), Degradation Product 3	
Chondroitin Sulfate C (GalNac6S-Glca), Degradation Product 4	
Chondroitin Sulfate C (GalNac6S-Glca), Degradation Product 5	
Chondroitin Sulfate C (GalNac6S-Glca), Free Chain	
Chondroitin Sulfate C (GalNac6S-Glca), Precursor 2	
Chondroitin Sulfate C (GalNac6S-Glca), Precursor 3	
Chondroitin Sulfate D (GlcNac6S-Glca2S) Precursor 2	
Chondroitin Sulfate D (GlcNac6S-Glca2S) Proteoglycan	
Chondroitin Sulfate D (GlcNac6S-Glca2S), Degradation Product 1	
Chondroitin Sulfate D (GlcNac6S-Glca2S), Degradation Product 2	
Chondroitin Sulfate D (GlcNac6S-Glca2S), Degradation Product 3	
Chondroitin Sulfate D (GlcNac6S-Glca2S), Degradation Product 4	
Chondroitin Sulfate D (GlcNac6S-Glca2S), Degradation Product 5	
Chondroitin Sulfate D (GlcNac6S-Glca2S), Degradation Product 6	
Chondroitin Sulfate D (GlcNac6S-Glca2S), Free Chain	
Chondroitin Sulfate D (GlcNac6S-Glca2S), Precursor 3	
Chondroitin Sulfate D (GlcNac6S-Glca2S), Precursor 4	
Chondroitin Sulfate D (GlcNac6S-Glca2S), Precursor 5	
Chondroitin Sulfate E (GalNac4,6Dis-Glca) Proteoglycan	
Chondroitin Sulfate E (GalNac4,6Dis-Glca), Degradation Product 1	
Chondroitin Sulfate E (GalNac4,6Dis-Glca), Degradation Product 2	
Chondroitin Sulfate E (GalNac4,6Dis-Glca), Degradation Product 3	
Chondroitin Sulfate E (GalNac4,6Dis-Glca), Degradation Product 4	
Chondroitin Sulfate E (GalNac4,6Dis-Glca), Degradation Product 5	
Chondroitin Sulfate E (GalNac4,6Dis-Glca), Degradation Product 6	
Chondroitin Sulfate E (GalNac4,6Dis-Glca), Degradation Product 7	
Chondroitin Sulfate E (GalNac4,6Dis-Glca), Free Chain	
Chondroitin Sulfate E (GalNac4,6Dis-Glca), Precursor 2	
Chondroitin Sulfate E (GalNac4,6Dis-Glca), Precursor 3	CC1=NN(C(=C1)N)C2=CC=C(C=C2)Cl
Chondroitin Sulfate E (GalNac4,6Dis-Glca), Precursor 4	
Chondroitin Sulfate E (GalNac4,6Dis-Glca), Precursor 5A	C1=CC=C(C=C1)NC(=O)NN
Chondroitin Sulfate E (GalNac4,6Dis-Glca), Precursor 5B	
Chondroitin Sulfate Precursor (GalNac-Glca-(Gal)2-Xyl-L-Ser (Protein))	
Chondroitin Sulfate/Heparan Sulfate Linkage Region (Glca-(Gal)2-Xyl-L-Ser (Protein))	
Cia-5,8, Tetradecadienoic Acid	
Cis,Cis-11,14-Eicosadienoic Acid	CCCCCC=CCC=CCCCCCCCCCC(=O)O
Cis,Cis-2-Amino-3-(3-Oxoprop-1-Enyl)But-2-Enedioate	C(=CC(=C(C(=O)[O-])N)C(=O)[O-])C=O
Cis,Cis-3,6-Dodecadienoyl Coenzyme A	
Cis,Cis-Myristo-5,8-Dienoyl Coenzyme A	
Cis,Cis-Palmito-7,10-Dienoyl Coenzyme A	
Cis-(3S)-Hydroxytetradec-5-Enoyl Coenzyme A	
Cis-15-Tetracosenoyl Coenzyme A	
Cis-6-Dodecenoyl Coenzyme A	
Cis-Aconitate	C(C(=CC(=O)O)C(=O)O)C(=O)O
Cis-Dodec-3-Enoyl Coenzyme A	
Cis-Myrist-7-Enoyl Coenzyme A	
Cis-octadec-11-enoyl-[acyl-carrier protein] (n-C18:1)	
Cis2Trans4Decadienoyl Coenzyme A	
Citrate	C(C(=O)[O-])C(CC(=O)[O-])(C(=O)[O-])O
Cob(Ii)Alamin	CC1=CC2=C(C=C1C)N(C=N2)C3C(C(C(O3)CO)OP(=O)([O-])OC(C)CNC(=O)CCC4(C(C5C6(C(C(C(=N6)C(=C7C(C(C(=N7)C=C8C(C(C(=N8)C(=C4[N-]5)C)CCC(=O)N)(C)C)CCC(=O)N)(C)CC(=O)N)C)CCC(=O)N)(C)CC(=O)N)C)CC(=O)N)C)O.[Co+2]
Cocaine	CN1C2CCC1C(C(C2)OC(=O)C3=CC=CC=C3)C(=O)OC
Coenzyme A	CC(C)(COP(=O)(O)OP(=O)(O)OCC1C(C(C(O1)N2C=NC3=C(N=CN=C32)N)O)OP(=O)(O)O)C(C(=O)NCCC(=O)NCCS)O
Coproporphyrin I	CC1=C(C2=CC3=NC(=CC4=NC(=CC5=C(C(=C(N5)C=C1N2)CCC(=O)O)C)C(=C4C)CCC(=O)O)C(=C3C)CCC(=O)O)CCC(=O)O
Coproporphyrin Iii	CC1=C(C2=CC3=C(C(=C(N3)C=C4C(=C(C(=N4)C=C5C(=C(C(=N5)C=C1N2)C)CCC(=O)O)C)CCC(=O)O)C)CCC(=O)O)CCC(=O)O
Coproporphyrinogen I	CC1=C2CC3=C(C(=C(N3)CC4=C(C(=C(N4)CC5=C(C(=C(N5)CC(=C1CCC(=O)O)N2)C)CCC(=O)O)C)CCC(=O)O)C)CCC(=O)O
Coproporphyrinogen Iii	CC1=C2CC3=C(C(=C(N3)CC4=C(C(=C(N4)CC5=C(C(=C(N5)CC(=C1CCC(=O)O)N2)C)CCC(=O)O)C)CCC(=O)O)CCC(=O)O)C
Coprostanol	CC(C)CCCC(C)C1CCC2C1(CCC3C2CCC4C3(CCC(C4)O)C)C
Core 2	
Core 3	
Core 4	
Core 5	
Core 6	
Core 7	
Core 8	
Corticosterone	CC12CCC(=O)C=C1CCC3C2C(CC4(C3CCC4C(=O)CO)C)O
Cortisol	CC12CCC(=O)C=C1CCC3C2C(CC4(C3CCC4(C(=O)CO)O)C)O
Cortisone	CC12CCC(=O)C=C1CCC3C2C(=O)CC4(C3CCC4(C(=O)CO)O)C
Coumarin	C1=CC=C2C(=C1)C=CC(=O)O2
Creatine	CN(CC(=O)O)C(=N)N
Creatinine	CN1CC(=O)N=C1N
Crotonoyl Coenzyme A	
Cyanate	C(=[N-])=O
Cyanosulfurous Acid Anion	
Cysteamine	C(CS)N
Cystyl-Asparaginyl-Methionine	
Cystyl-Aspartyl-Phenylalanine	
Cystyl-Cysteine	
Cystyl-Glutaminyl-Methionine	
Cystyl-Glutamyl-Histidine	
Cystyl-Glutamyl-Tryptophan	
Cystyl-Leucyl-Threonine	
Cystyl-Seryl-Methionine	
Cystyl-Tyrosyl-Asparagine	
Cytidine	C1=CN(C(=O)N=C1N)C2C(C(C(O2)CO)O)O
Cytidine 5'-Monophosphate	C1=CN(C(=O)N=C1N)C2C(C(C(O2)COP(=O)(O)O)O)O
Cytidine-5'-DIphosphate	C1=CN(C(=O)N=C1N)C2C(C(C(O2)COP(=O)(O)OP(=O)(O)O)O)O
Cytidine-5'-Diphosphate-Diacylglycerol	
Cytidine-5'-Diphosphate-Ethanolamine	
Cytidine-5'-Diphosphatecholine	
Cytidine-5'-Monophosphate-N-Acetyl-Beta-Neuraminate	
Cytidine-5'-Triphosphate	C1=CN(C(=O)N=C1N)C2C(C(C(O2)COP(=O)(O)OP(=O)(O)OP(=O)(O)O)O)O
Cytosine	C1=C(NC(=O)N=C1)N
D-3-Amino-Isobutanoate	CC(CN)C(=O)O
D-4-Phosphopantothenate	
D-Alanine	CC(C(=O)O)N
D-Alanyl-D-Alanine	CC(C(=O)NC(C)C(=O)O)N
D-Arabitol	C(C(C(C(CO)O)O)O)O
D-Arginine	C(CC(C(=O)O)N)CN=C(N)N
D-Aspartate	C(C(C(=O)O)N)C(=O)O
D-Erythrose 4-Phosphate	C(C(C(C=O)O)O)OP(=O)(O)O
D-Fructose	C1C(C(C(C(O1)(CO)O)O)O)O
D-Fructose 1,6-Bisphosphate	C(C1C(C(C(O1)(COP(=O)(O)O)O)O)O)OP(=O)(O)O
D-Fructose 1-Phosphate	C(C(C(C(C(=O)COP(=O)(O)O)O)O)O)O
D-Fructose 6-Phosphate	C(C1C(C(C(O1)(CO)O)O)O)OP(=O)(O)O
D-Galactosamine	C(C1C(C(C(C(O1)O)N)O)O)O
D-Galactose	C(C1C(C(C(C(O1)O)O)O)O)O
D-Galactosyl-N-Acylsphingosine	CCCCCCCCCCCCCCCCCC(=O)NC(COC1C(C(C(C(O1)CO)O)O)O)C(C=CCCCCCCCCCCCCCC)O
D-Glucarate	C(C(C(C(=O)O)O)O)(C(C(=O)O)O)O
D-Gluconate	C(C(C(C(C(C(=O)[O-])O)O)O)O)O
D-Glucosamine	C(C1C(C(C(C(O1)O)N)O)O)O
D-Glucosamine-6-Phosphate	C(C1C(C(C(C(O1)O)N)O)O)OP(=O)(O)O
D-Glucosaminylphosphatidylinositol	C(C1C(C(C(C(O1)OC2C(C(C(C(C2OP(=O)(O)OCC(COC=O)OC=O)O)O)O)O)N)O)O)O
D-Glucose	C(C1C(C(C(C(O1)O)O)O)O)O
D-Glucose 1,6-Bisphosphate	C(C(C(C(C(C=O)OP(=O)(O)O)O)O)O)OP(=O)(O)O
D-Glucose 1-Phosphate	C(C1C(C(C(C(O1)OP(=O)(O)O)O)O)O)O
D-Glucose 6-Phosphate	C(C(C(C(C(C=O)O)O)O)O)OP(=O)(O)O
D-Glucosyl-N-Acylsphingosine	
D-Glucosylceramide	
D-Glucuronate	C1(C(C(OC(C1O)O)C(=O)O)O)O
D-Glucuronate 1-Phosphate	C1(C(C(OC(C1O)OP(=O)(O)O)C(=O)O)O)O
D-Glucurono-6,3-Lactone	C(=O)C(C1C(C(C(=O)O1)O)O)O
D-Glyceraldehyde	C(C(C=O)O)O
D-Glycerate	C(C(C(=O)[O-])O)O
D-Mannose	C(C1C(C(C(C(O1)O)O)O)O)O
D-Mannose 1-Phosphate	C(C1C(C(C(C(O1)OP(=O)(O)O)O)O)O)O
D-Mannose 6-Phosphate	C(C1C(C(C(C(O1)O)O)O)O)OP(=O)(O)O
D-Ornithine	C(CC(C(=O)O)N)CN
D-Proline	C1CC(NC1)C(=O)O
D-Ribitol	C(C(C(C(CO)O)O)O)O
D-Ribose	C1C(C(C(C(O1)O)O)O)O
D-Ribulose	C(C(C(C(=O)CO)O)O)O
D-Ribulose 5-Phosphate	C(C(C(C(=O)CO)O)O)OP(=O)(O)O
D-Serine	C(C(C(=O)O)N)O
D-Sorbitol	C(C(C(C(C(CO)O)O)O)O)O
D-Tagatofuranose 1,6-Bisphosphate	C(C1C(C(C(O1)(COP(=O)(O)O)O)O)O)OP(=O)(O)O
D-Tagatofuranose 6-Phosphate	C(C1C(C(C(O1)(CO)O)O)O)OP(=O)(O)O
D-Tagatose	C1C(C(C(C(O1)(CO)O)O)O)O
D-Tagatose 1-Phosphate	C(C(C(C(C(=O)COP(=O)(O)O)O)O)O)O
D-Xylulose	C(C(C(C(=O)CO)O)O)O
D-Xylulose 1-Phosphate	C(C(C(C(=O)COP(=O)(O)O)O)O)O
D-Xylulose 5-Phosphate	C(C(C(C(=O)CO)O)O)OP(=O)(O)O
De-Fuc Form Of Pa6	
De-Fuc Form Of Pa6 (Wo Peptide Linkage)	
De-Fuc, Reducing GlcNac Removed Form Of Pa6 (w/o Peptide Linkage)	
De-Fuc, Reducing GlcNac Removed, De-Sia Form Of Pa6 (W/O Peptide Linkage)	
De-Fuc, Reducing GlcNac Removed, De-Sia, De-Gal Form Of Pa6 (W/O Peptide Linkage)	
Deacylated-(Phosphoethanolaminyl-Dimannosyl),(Phosphoethanolaminyl)-Mannosyl-Glucosaminyl-Acylphosphatidylinositol	
Deacylated-Glycophosphatidylinositol (Gpi)-Anchored Protein	
Deamino-Nad+	C1=CC(=C[N+](=C1)C2C(C(C(O2)COP(=O)(O)OP(=O)(O)OCC3C(C(C(O3)N4C=NC5=C(N=CN=C54)N)O)O)O)O)C(=O)O
Debrisoquine	C1CN(CC2=CC=CC=C21)C(=N)N
Decadienoyl Carnitine	CCCCCC=CC=CC(=O)C(CC(=O)[O-])(C[N+](C)(C)C)O
Decadienoyl Coenzyme A	
Decanoate (N-C10:0)	
Decanoyl Carnitine	
Decanoyl Coenzyme A (N-C10:0 Coenzyme A)	
Decanoyl-ACP (n-C10:0ACP)	
Decenoyl Carnitine	
Decenoyl Coenzyme A	
Dehydroascorbide	
Dehydrodolichol Diphosphate, Human Liver Homolog	
Dehydrodolichol Phosphate, Human Liver Homolog	
Dehydrodolichol, Human Liver Homolog	
Dehydrospermidine	C(CC=NCCCN)CN
Delta12-Prostaglandin J2	CCCCCC(CC=C1C(C=CC1=O)CC=CCCCC(=O)O)O
Demethylated Antipyrine	
Deoxyadenosine Diphosphate	C1C(C(OC1N2C=NC3=C(N=CN=C32)N)COP(=O)(O)OP(=O)(O)O)O
Deoxyadenosine Monophosphate	C1C(C(OC1N2C=NC3=C(N=CN=C32)N)COP(=O)(O)O)O
Deoxyadenosine Triphosphate	C1C(C(OC1N2C=NC3=C(N=CN=C32)N)COP(=O)(O)OP(=O)(O)OP(=O)(O)O)O
Deoxycholate	CC(CCC(=O)[O-])C1CCC2C1(C(CC3C2CCC4C3(CCC(C4)O)C)O)C
Deoxycholic acid 3-sulfate	CC(CCC(=O)O)C1CCC2C1(C(CC3C2CCC4C3(CCC(C4)OS(=O)(=O)O)C)O)C
Deoxycholic acid-24glucuronide, CDA-24G	
Deoxycholic acid-3glucuronide, CDA-3G	
Deoxycholoyl Coenzyme A	
Deoxycytidine	C1C(C(OC1N2C=CC(=NC2=O)N)CO)O
Deoxycytidine-5'-Diphosphate	
Deoxycytidine-5'-Triphosphate	C1C(C(OC1N2C=CC(=NC2=O)N)COP(=O)(O)OP(=O)(O)OP(=O)(O)O)O
Deoxycytidylic Acid	C1C(C(OC1N2C=CC(=NC2=O)N)COP(=O)(O)O)O
Deoxyguanosine	C1C(C(OC1N2C=NC3=C2N=C(NC3=O)N)CO)O
Deoxyguanosine-5'-Diphosphate	
Deoxyguanosine-5'-Triphosphate	
Deoxyinosine	C1C(C(OC1N2C=NC3=C2N=CNC3=O)CO)O
Deoxyinosine-5'-Diphosphate	
Deoxyinosine-5'-Triphosphate	
Deoxythymidine-5'-Diphosphate	
Deoxythymidine-5'-Phosphate	
Deoxythymidine-5'-Triphosphate	CC1=CN(C(=O)NC1=O)C2CC(C(O2)COP(=O)(O)OP(=O)(O)OP(=O)(O)O)O
Deoxyuridine	C1C(C(OC1N2C=CC(=O)NC2=O)CO)O
Deoxyuridine-5'-Diphosphate	C1C(C(OC1N2C=CC(=O)NC2=O)COP(=O)(O)OP(=O)(O)O)O
Deoxyuridine-5'-Monophosphate	
Deoxyuridine-5'-Triphosphate	C1C(C(OC1N2C=CC(=O)NC2=O)COP(=O)(O)OP(=O)(O)OP(=O)(O)O)O
Dephospho Coenzyme A	CC(C)(COP(=O)(O)OP(=O)(O)OCC1C(C(C(O1)N2C=NC3=C(N=CN=C32)N)O)O)C(C(=O)NCCC(=O)NCCS)O
Desmosterol	CC(CCC=C(C)C)C1CCC2C1(CCC3C2CC=C4C3(CCC(C4)O)C)C
Dgmp	C1C(C(OC1N2C=NC3=C2N=C(NC3=O)N)COP(=O)(O)O)O
Digalactosylceramide	
Digalactosylceramidesulfate	
Diglyceride	
Dihomo-Gamma-Linolenate	CCCCCC=CCC=CCC=CCCCCCCC(=O)O
Dihomo-Gamma-Linolenoyl Ethanolamide	CCCCCC=CCC=CCC=CCCCCCCC(=O)NCCO
Dihomo-Gamma-Linolenyl Coenzyme A	
Dihydroceramide	CCCCCCCCCCCCCCCC(C(CO)NC=O)O
Dihydrolipoamide	C(CCC(=O)N)CC(CCS)S
Dihydrolipolprotein	
Dihydroneopterin	C1C(=NC2=C(N1)N=C(NC2=O)N)C(C(CO)O)O
Dihydroxyacetone Phosphate	C(C(=O)COP(=O)(O)O)O
Dimannosyl-Glucosaminyl-Acylphosphatidylinositol (H3)	
Dimethylallyl Diphosphate	CC(=CCOP(=O)(O)OP(=O)(O)O)C
Diphosphate	[O-]P(=O)([O-])OP(=O)([O-])[O-]
Disialyl-Galactosylgloboside	
Disialyl-T Antigen	
Docosa-7,10,13,16,19-All-Cis-Pentaenoyl Coenzyme A	
Docosahexaenoic acid, C22:6	
Docosahexaenoyl Ethanolamide	CCC=CCC=CCC=CCC=CCC=CCC=CCCC(=O)NCCO
Docosahexaenoylcarnitine	CC(=O)OC1=CC=CC2=C1C(=O)C3=CC(=C(C(=C23)OC)OC(=O)C)OC
Docosanedioicacid	C(CCCCCCCCCCC(=O)O)CCCCCCCCCC(=O)O
Docosanoic Acid	CCCCCCCCCCCCCCCCCCCCCC(=O)O
Docosanoyl Coenzyme A	CCCCCCCCCCCCCCCCCCCCCC(=O)SCCNC(=O)CCNC(=O)C(C(C)(C)COP(=O)(O)OP(=O)(O)OCC1C(C(C(O1)N2C=NC3=C(N=CN=C32)N)O)OP(=O)(O)O)O
Docosanoylcarnitine	CCCCCCCCCCCCCCCCCCCCCC(=O)OC(CC(=O)[O-])C[N+](C)(C)C
Docosapentaenoic Acid	CCC=CCC=CCC=CCC=CCC=CCCCCCC(=O)O
Docosatetraenoyl Ethanolamide (22:4, Delta 7, 10, 13, 16)	
Docosenoyl Coenzyme A	
Docosenoylcarnitine	
Docosenoylcarnitine(11)	
Dodecanedioic Acid	C(CCCCCC(=O)O)CCCCC(=O)O
Dodecanedioyl Carnitine	
Dodecanedioyl Coenzyme A	
Dodecanoic Acid	CCCCCCCCCCCC(=O)O
Dodecanoyl-ACP (n-C12:0ACP)	
Dodecanoylcarnitine	CCCCCCCCCCCC(=O)OC(CC(=O)[O-])C[N+](C)(C)C
Dodecenoyl Carnitine	
Dolichol Diphosphate, Human Liver Homolog	
Dolichol, Human Liver Homolog	
Dolichol, Human Uterine Homolog	
Dolichyl Beta-D-Glucosyl Phosphate, Human Liver Homolog	
Dolichyl Phosphate	CC(CCC=C(C)CCC=C(C)CCC=C(C)CCC=C(C)C)CCOP(=O)(O)O
Dolichyl Phosphate D-Mannose, Human Uterine Homolog	
Dopamine	C1=CC(=C(C=C1CCN)O)O
Dopamine 3-O-Sulfate	C1=CC(=C(C=C1CCN)OS(=O)(=O)O)O
Dopamine 4-O-Sulphate	C1=CC(=C(C=C1CCN)O)OS(=O)(=O)O
Dopamine O-Quinone	C1=CC(=O)C(=O)C=C1CCN
Dopamine-3-O-Glucuronide	
Dopamine-4-O-Glucuronide	C1=CC(=C(C=C1CCN)O)OC2C(C(C(C(O2)C(=O)O)O)O)O
Dopaminochrome	C1CNC2=CC(=O)C(=O)C=C21
Ebastine	CC(C)(C)C1=CC=C(C=C1)C(=O)CCCN2CCC(CC2)OC(C3=CC=CC=C3)C4=CC=CC=C4
Ecgoninium Methyl Ester	
Eicosa-2E,8Z,11Z,14Z,17Z-Pentaenoyl Coenzyme A	
Eicosa-5,8,11,14,17-All-Cis-Pentaenoyl Coenzyme A	
Eicosanoylcarnitine	CCCCCCCCCCCCCCCCCCCC(=O)OC(CC(=O)[O-])C[N+](C)(C)C
Eicosenoic acid, C20:1	
Eicosenoylcarnitine(11)	
Eicosenoylcarnitine(7)	
Eicosenoylcarnitine(9)	
Elaidic carnitine	CCCCCCCCC=CCCCCCCCC(=O)OC(CC(=O)[O-])C[N+](C)(C)C
Electron Transfer Flavoprotein Oxidized	
Electron Transfer Flavoprotein Reduced	
Erythro-4-Hydroxy-L-Glutamate	C(C(C(=O)O)N)C(C(=O)O)O
Erythro-5-Hydroxy-L-Lysine	C(CC(C(=O)O)N)C(CN)O
Estradiol	CC12CCC3C(C1CCC2O)CCC4=C3C=CC(=C4)O
Estriol	CC12CCC3C(C1CC(C2O)O)CCC4=C3C=CC(=C4)O
Estrone	CC12CCC3C(C1CCC2=O)CCC4=C3C=CC(=C4)O
Estrone 3-Glucosiduronic Acid	
Estrone 3-Sulfate	CC12CCC3C(C1CCC2=O)CCC4=C3C=CC(=C4)OS(=O)(=O)O
Ethanol	CCO
Ethanolamine	C(CO)N
Ethanolamine Phosphate	C(COP(=O)(O)O)N
Ethylmalonic Acid	CCC(C(=O)O)C(=O)O
Ethylmalonyl Coenzyme A	CCC(C(=O)O)C(=O)SCCNC(=O)CCNC(=O)C(C(C)(C)COP(=O)(O)OP(=O)(O)OCC1C(C(C(O1)N2C=NC3=C(N=CN=C32)N)O)OP(=O)(O)O)O
F1Alpha	CC(=O)NC1C(C(C(OC1OCC(C(=O)O)N)COC2C(C(C(C(O2)CO)OC3C(C(C(C(O3)CO)O)O)O)O)NC(=O)C)O)O
Farnesyl Diphosphate	CC(=CCCC(=CCCC(=CCOP(=O)(O)OP(=O)(O)O)C)C)C
Fatty Acid 11-Cis-Retinol	
Fatty Acid 9-Cis-Retinol	
Fatty Acid Retinol	
Fatty-Acid-Chylomicron-Pool	
Fatty-Acid-Ld-Sm-Pool	
Fatty-Acid-VLDL-Pool	
Ferricytochrome B5	
Ferricytochrome C	
Ferricytochrome b5	
Ferrocytochrome B5	
Ferrocytochrome C	
Ferrocytochrome b5	
Flavin Adenine Dinucleotide Oxidized	
Flavin Adenine Dinucleotide Reduced	CC1=CC2=C(C=C1C)N(C3=C(N2)C(=O)NC(=O)N3)CC(C(C(COP(=O)(O)OP(=O)(O)OCC4C(C(C(O4)N5C=NC6=C(N=CN=C65)N)O)O)O)O)O
Flavin Mononucleotide	CC1=CC2=C(C=C1C)N(C3=NC(=O)NC(=O)C3=N2)CC(C(C(COP(=O)(O)O)O)O)O
Folate	C1=CC(=CC=C1C(=O)NC(CCC(=O)O)C(=O)O)NCC2=CN=C3C(=N2)C(=O)NC(=N3)N
Formaldehyde	C=O
Formate	C(=O)[O-]
Formyl Coenzyme A	CC(C)(COP(=O)(O)OP(=O)(O)OCC1C(C(C(O1)N2C=NC3=C(N=CN=C32)N)O)OP(=O)(O)O)C(C(=O)NCCC(=O)NCCSC=O)O
Formyl-N-Acetyl-5-Methoxykynurenamine	CC(=O)NCCC(=O)C1=C(C=CC(=C1)OC)NC=O
Fuc-alpha1->2Gal-beta1->3GlcNAc-beta1->3Gal-beta1->4Glc-beta1-1'Cer	
Fucosyl Galactosylgloboside	
Fumarate	C(=CC(=O)[O-])C(=O)[O-]
Gal-Alpha1->3(Fuc-Alpha1->2)Gal-Beta1->3GlcNac-Beta1->3LacCer	
Gal-Gal-Gal-Gal-Gal-Glc-Cer	
Gal-Gal-Gal-Gal-Glc-Cer	
Gal-Gal-Gal-Glc-Cer	
Gal-GlcNac-Gal Globoside	
Gal-Xyl-L-Ser (Protein)	
GalNac-Beta1->4(Neuac-Alpha2->8Neuac2->3)Gal-Beta1->4Glc-Beta1->1'Cer	
Galactan monomer 1, n-2	
Galactan monomer 2, n-2	
Galactitol	C(C(C(C(C(CO)O)O)O)O)O
Galactosyl Glucosyl Ceramide	
Galactosylgloboside	CCCCCCCCCCCCCC=CC(C(COC1C(C(C(C(O1)CO)OC2C(C(C(C(O2)CO)OC3C(C(C(C(O3)CO)O)OC4C(C(C(C(O4)CO)O)OC5C(C(C(C(O5)CO)O)O)O)NC(=O)C)O)O)O)O)O)NC=O)O
Galactosylglycerol	C(C1C(C(C(C(O1)OCC(CO)O)O)O)O)O
Gama-Carboxyethyl-Hydroxychroman	
Gama-Cehc-Glucuronide	
Gama-Tocopheroxyl Radical	
Gamma-Glutamyl-3-Aminopropiononitrile	C(CNC(=O)CCC(C(=O)O)N)C#N
Gamma-Glutamyl-Beta-Cyanoalanine	C(CC(=O)NC(CC#N)C(=O)O)C(C(=O)O)N
Gamma-L-Glutamyl-L-Cysteine	C(CC(=O)NC(CS)C(=O)O)C(C(=O)O)N
Gamma-Linolenate	CCCCCC=CCC=CCC=CCCCCC(=O)[O-]
Gamma-Linolenoyl Coenzyme A	
Gamma-Linolenoylcarnitine	
Ganglioside Gm1	CCCCCCCCCCCCCCCCCC(=O)NC(COC1C(C(C(C(O1)CO)OC2C(C(C(C(O2)CO)OC3C(C(C(C(O3)CO)O)OC4C(C(C(C(O4)CO)O)O)O)NC(=O)C)OC5(CC(C(C(O5)C(C(CO)O)O)NC(=O)C)O)C(=O)O)O)O)O)C(C=CCCCCCCCCCCCCC)O
Gd1B	
Gd1Beta	
Gd1C	
Gd3	[Gd]
Gda1 Hs	
Gentisate Aldehyde	C1=CC(=C(C=C1O)C=O)O
Geranyl Diphosphate	CC(=CCCC(=CCOP(=O)(O)OP(=O)(O)O)C)C
Gibberellin A1	CC12C(CCC3(C1C(C45C3CCC(C4)(C(=C)C5)O)C(=O)O)OC2=O)O
Gibberellin A2	CC1(CC23CC1CCC2C45CCC(C(C4C3C(=O)O)(C(=O)O5)C)O)O
GlcNac(3S)-Alpha-1,4-Glca-Beta-1,3-Gal-Beta-1,3-Gal-Beta-1,4-Xylose	
GlcNac-Alpha-1,4-Core 1	
GlcNac-Alpha-1,4-Core 2	
GlcNac-Gal Globoside	
GlcNac-Glca-(Gal)2-Xyl	
GlcNac-Glca-GlcNac-Glca-Gal-Gal-Xyl-L-Ser (Protein)	
Glca-(GlcNac-Glca)2-GlcNac-Glca-Gal-Gal-Xyl-L-Ser (Protein)	
Glca-(GlcNac-Glca)3-GlcNac-Glca-Gal-Gal-Xyl-L-Ser (Protein)	
Glca-Beta-1,3-Gal-Beta-1,3-Gal-Beta-1,4-Xylose	
Glca-GlcNac-Glca-GlcNac-Glca-Gal-Gal-Xyl-L-Ser (Protein)	
Glcn2S-Idoa-Glcn2,6Dis-Glca2S-Glcn2,6Dis-Idoa2S-Glcn2,6Dis-Glca-GlcNac-Glca-Gal-Gal-Xyl-L-Ser (Protein)	
Glcn2S-Idoa-Glcn2S-Glca2S-Glcn2S-Idoa2S-Glcn2S-Glca-GlcNac-Glca-Gal-Gal-Xyl-L-Ser (Protein)	
Gliclazide	CC1=CC=C(C=C1)S(=O)(=O)NC(=O)NN2CC3CCCC3C2
Globoside	
Glucosaminyl-Acylphosphatidylinositol	
Glutaconate	C(C=CC(=O)O)C(=O)O
Glutaconyl Coenzyme A	CC(C)(COP(=O)(O)OP(=O)(O)OCC1C(C(C(O1)N2C=NC3=C(N=CN=C32)N)O)OP(=O)(O)O)C(C(=O)NCCC(=O)NCCSC(=O)C=CCC(=O)O)O
Glutaminyl-Arginyl-Leucine	CC(C)CC(C(=O)O)NC(=O)C(CCCN=C(N)N)NC(=O)C(CCC(=O)N)N
Glutaminyl-Asparaginyl-Glutamine	C(CC(=O)N)C(C(=O)NC(CC(=O)N)C(=O)NC(CCC(=O)N)C(=O)O)N
Glutaminyl-Asparaginyl-Leucine	CC(C)CC(C(=O)O)NC(=O)C(CC(=O)N)NC(=O)C(CCC(=O)N)N
Glutaminyl-Histidyl-Histidine	C1=C(NC=N1)CC(C(=O)NC(CC2=CN=CN2)C(=O)O)NC(=O)C(CCC(=O)N)N
Glutaminyl-Histidyl-Lysine	C1=C(NC=N1)CC(C(=O)NC(CCCCN)C(=O)O)NC(=O)C(CCC(=O)N)N
Glutaminyl-Lysyl-Lysine	C(CCN)CC(C(=O)NC(CCCCN)C(=O)O)NC(=O)C(CCC(=O)N)N
Glutaminyl-Lysyl-Tryptophan	C1=CC=C2C(=C1)C(=CN2)CC(C(=O)O)NC(=O)C(CCCCN)NC(=O)C(CCC(=O)N)N
Glutaminyl-Prolyl-Glutamate	
Glutaminyl-Tryptophanyl-Glutamate	
Glutaminyl-Tyrosyl-Leucine	CC(C)CC(C(=O)O)NC(=O)C(CC1=CC=C(C=C1)O)NC(=O)C(CCC(=O)N)N
Glutamyl-Glutamate	C(CC(=O)O)C(C(=O)NC(CCC(=O)O)C(=O)O)N
Glutamyl-Isoleucyl-Lysine	CCC(C)C(C(=O)NC(CCCCN)C(=O)O)NC(=O)C(CCC(=O)O)N
Glutamyl-Leucine	CC(C)CC(C(=O)O)NC(=O)C(CCC(=O)O)N
Glutamyl-Methionine	CSCCC(C(=O)O)NC(=O)C(CCC(=O)O)N
Glutamyl-Methioninyl-Histidine	
Glutamyl-Threonine	CC(C(C(=O)O)NC(=O)C(CCC(=O)O)N)O
Glutamyl-Threonyl-Lysine	CC(C(C(=O)NC(CCCCN)C(=O)O)NC(=O)C(CCC(=O)O)N)O
Glutamyl-Tryptophanyl-Alanine	CC(C(=O)O)NC(=O)C(CC1=CNC2=CC=CC=C21)NC(=O)C(CCC(=O)O)N
Glutarate	C(CC(=O)O)CC(=O)O
Glutaryl Carnitine	
Glutaryl Coenzyme A	CC(C)(COP(=O)(O)OP(=O)(O)OCC1C(C(C(O1)N2C=NC3=C(N=CN=C32)N)O)OP(=O)(O)O)C(C(=O)NCCC(=O)NCCSC(=O)CCCC(=O)O)O
Glutathione Disulfide (Oxidized Glutathione)	
Glutathionyl-Leuc4	
Glyceraldehyde 3-Phosphate	C(C(C=O)O)OP(=O)(O)O
Glycerol	C(C(CO)O)O
Glycerol 2-Phosphate	C(C(CO)OP(=O)(O)O)O
Glycerol 3-Phosphate	C(C(COP(=O)(O)O)O)O
Glycerone	C(C(=O)CO)O
Glycerophosphocholine	C[N+](C)(C)CCOP(=O)([O-])OCC(CO)O
Glycine	C(C(=O)O)N
Glycine Betaine	C[N+](C)(C)CC(=O)[O-]
Glycochenodeoxycholate	CC(CCC(=O)NCC(=O)O)C1CCC2C1(CCC3C2C(CC4C3(CCC(C4)O)C)O)C
Glycochenodeoxycholic acid 3-sulfate	CC(CCC(=O)NCC(=O)O)C1CCC2C1(CCC3C2C(CC4C3(CCC(C4)OS(=O)(=O)O)C)O)C
Glycocholate	CC(CCC(=O)NCC(=O)O)C1CCC2C1(C(CC3C2C(CC4C3(CCC(C4)O)C)O)O)C
Glycocholic acid 3-sulfate	CC(CCC(=O)NCC(=O)O)C1CCC2C1(C(CC3C2C(CC4C3(CCC(C4)OS(=O)(=O)O)C)O)O)C
Glycodeoxycholic Acid	CC(CCC(=O)NCC(=O)O)C1CCC2C1(C(CC3C2CCC4C3(CCC(C4)O)C)O)C
Glycodeoxycholic acid 3-sulfate	CC(CCC(=O)NCC(=O)O)C1CCC2C1(C(CC3C2CCC4C3(CCC(C4)OS(=O)(=O)O)C)O)C
Glycogen, Structure 1 (Glycogenin-11[1,4-Glc])	
Glycogen, Structure 2 (Glycogenin-1,6-{7[1,4-Glc], 4[1,4-Glc]})	
Glycogen, Structure 3 (Glycogenin-7[1,4-Glc])	
Glycogen, Structure 4 (Glycogenin-1,6-{2[1,4-Glc], [1,4-Glc]})	
Glycogen, Structure 5 (Glycogenin-2[1,4-Glc])	
Glycogenin-G7G1	
Glycolaldehyde	C(C=O)O
Glycolate	C(C(=O)O)O
Glycolithocholate	CC(CCC(=O)NCC(=O)[O-])C1CCC2C1(CCC3C2CCC4C3(CCC(C4)O)C)C
Glycophosphatidylinositol (Gpi) Signal Sequence (C-Terminal Peptide)	
Glycophosphatidylinositol (Gpi)-Anchored Protein Precursor	
Glycoursodeoxycholate	CC(CCC(=O)NCC(=O)O)C1CCC2C1(CCC3C2C(CC4C3(CCC(C4)O)C)O)C
Glycoursodeoxycholic acid 3-sulfate	CC(CCC(=O)NCC(=O)O)C1CCC2C1(CCC3C2C(CC4C3(CCC(C4)OS(=O)(=O)O)C)O)C
Glycyl-Glycine	C(C(=O)NCC(=O)O)N
Glycyl-Histidyl-Asparagine	C1=C(NC=N1)CC(C(=O)NC(CC(=O)N)C(=O)O)NC(=O)CN
Glycyl-Histidyl-Lysine	C1=C(NC=N1)CC(C(=O)NC(CCCCN)C(=O)O)NC(=O)CN
Glycyl-Lysyl-Cysteine	C(CCN)CC(C(=O)NC(CS)C(=O)O)NC(=O)CN
Glycyl-Lysyl-Phenylalanine	C1=CC=C(C=C1)CC(C(=O)O)NC(=O)C(CCCCN)NC(=O)CN
Glycyl-Phenylalanine	C1=CC=C(C=C1)CC(C(=O)O)NC(=O)CN
Glycyl-Tyrosyl-Lysine	C1=CC(=CC=C1CC(C(=O)NC(CCCCN)C(=O)O)NC(=O)CN)O
Glycyl-Valyl-Histidine	CC(C)C(C(=O)NC(CC1=CN=CN1)C(=O)O)NC(=O)CN
Glycylleucine	CC(C)CC(C(=O)O)NC(=O)CN
Glycylproline	C1CC(N(C1)C(=O)CN)C(=O)O
Glycylsarcosine	CN(CC(=O)O)C(=O)CN
Glyoxylate	C(=O)C(=O)O
Gm1Alpha	
Gm1B	
Gm2A	
Gm2A:Gm2-Ganglioside	
Gm2Alpha	CC(=O)NC1C(CC(OC1C(C(CO)O)O)(C(=O)[O-])OCC2C(C(C(C(O2)OC3C(OC(C(C3O)O)OC4C(OC(C(C4O)O)OCC(CO)NC=O)CO)CO)NC(=O)C)O)O)O
Gp1C	
Gp1C Alpha	
Gpi Heparan Sulfate	
Gq1B	CC(=O)NC1C(CC(OC1C(C(CO)OC2(CC(C(C(O2)C(C(CO)O)O)NC(=O)C)O)C(=O)[O-])O)(C(=O)[O-])OCC3C(C(C(C(O3)OC4C(OC(C(C4O)O)OC5C(OC(C(C5O)O)OCC(CO)NC=O)CO)CO)NC(=O)C)OC6C(C(C(C(O6)CO)O)OC7(CC(C(C(O7)C(C(CO)OC8(CC(C(C(O8)C(C(CO)O)O)NC(=O)C)O)C(=O)[O-])O)NC(=O)C)O)C(=O)[O-])O)O)O
Gq1Balpha	
Gq1C	CCCCCCCCCCCCCCCCCCCCCCCCC(=O)NC(COC1C(C(C(C(O1)CO)OC2C(C(C(C(O2)CO)OC3C(C(C(C(O3)CO)O)OC4C(C(C(C(O4)CO)O)OC5(CC(C(C(O5)C(C(CO)O)O)NC(=O)C)O)C(=O)O)O)CC(=O)C)OC6(CC(C(C(O6)C(C(CO)OC7(CC(C(C(O7)C(C(CO)OC8(CC(C(C(O8)C(C(CO)O)O)NC(=O)C)O)C(=O)O)O)NC(=O)C)O)C(=O)O)O)NC(=O)C)O)C(=O)O)O)O)O)C(C=CCCCCCCCCCCCCC)O
Gt1A	CCCCCCCCCCCCCC=CC(C(COC1C(C(C(C(O1)CO)OC2C(C(C(C(O2)CO)OC3C(C(C(C(O3)CO)O)OC4C(C(C(C(O4)CO)O)OC5(CC(C(C(O5)C(C(CO)OC6(CC(C(C(O6)C(C(CO)O)O)NC(=O)C)O)C(=O)O)O)NC(=O)C)O)C(=O)O)O)NC(=O)C)OC7(CC(C(C(O7)C(C(CO)O)O)NC(=O)C)O)C(=O)O)O)O)O)NC=O)O
Gt1Aalpha	
Gt1B	CC(=O)NC1C(CC(OC1C(C(CO)O)O)(C(=O)[O-])OC2C(C(OC(C2O)OC3C(C(OC(C3O)CO)OC4C(OC(C(C4OC5(CC(C(C(O5)C(C(CO)OC6(CC(C(C(O6)C(C(CO)O)O)NC(=O)C)O)C(=O)[O-])O)NC(=O)CO)O)C(=O)[O-])O)OC7C(OC(C(C7O)O)OCC(CO)NC=O)CO)CO)NC(=O)C)CO)O)O
Gt1C	
Gt2	C1=CC(=C(C=C1C(=O)NO)NC(=O)C2=C(C=C(C=C2)Cl)Cl)Cl
Gt3	
Guanidine	C(=N)(N)N
Guanidinoacetic Acid	C(C(=O)O)N=C(N)N
Guanine	C1=NC2=C(N1)C(=O)NC(=N2)N
Guanosine	C1=NC2=C(N1C3C(C(C(O3)CO)O)O)N=C(NC2=O)N
Guanosine-5'-Diphosphate	C1=NC2=C(N1C3C(C(C(O3)COP(=O)(O)OP(=O)(O)O)O)O)N=C(NC2=O)N
Guanosine-5'-Diphosphate-4-Dehydro-6-Deoxy-Alpha-D-Mannose	
Guanosine-5'-Diphosphate-L-Fucose	
Guanosine-5'-Monophosphate	C1=NC2=C(N1C3C(C(C(O3)COP(=O)(O)O)O)O)N=C(NC2=O)N
Guanosine-5'-Triphosphate	C1=NC2=C(N1C3C(C(C(O3)COP(=O)(O)OP(=O)(O)OP(=O)(O)O)O)O)N=C(NC2=O)N
Guanosine-Diphosphate-Alpha-D-Mannose	
Guar Gum-Deoxyxholic Acid Complex	
Guar Gum-Glycocholate Complex	
Guar Gum-Taurocholic Acid Complex	
Gums	
Heneicosanoic Acid	CCCCCCCCCCCCCCCCCCCCC(=O)O
Heneicosanoyl Coenzyme A	
Heneicosanoylcarnitine	
Heparan Sulfate Proteoglycan	
Heparan Sulfate, Degradation Product 1	
Heparan Sulfate, Degradation Product 10	
Heparan Sulfate, Degradation Product 11	
Heparan Sulfate, Degradation Product 12	
Heparan Sulfate, Degradation Product 13	
Heparan Sulfate, Degradation Product 14	
Heparan Sulfate, Degradation Product 15	
Heparan Sulfate, Degradation Product 16	
Heparan Sulfate, Degradation Product 17	
Heparan Sulfate, Degradation Product 18	
Heparan Sulfate, Degradation Product 19	
Heparan Sulfate, Degradation Product 2	
Heparan Sulfate, Degradation Product 20	
Heparan Sulfate, Degradation Product 3	
Heparan Sulfate, Degradation Product 4	
Heparan Sulfate, Degradation Product 5	
Heparan Sulfate, Degradation Product 6	
Heparan Sulfate, Degradation Product 7	
Heparan Sulfate, Degradation Product 8	
Heparan Sulfate, Degradation Product 9	
Heparan Sulfate, Free Chain	
Heparan Sulfate, Precursor 1	
Heparan Sulfate, Precursor 14	
Heparan Sulfate, Precursor 15	
Heparan Sulfate, Precursor 2	
Heptadecanoyl Coenzyme A	CCCCCCCCCCCCCCCCC(=O)SCCNC(=O)CCNC(=O)C(C(C)(C)COP(=O)(O)OP(=O)(O)OCC1C(C(C(O1)N2C=NC3=C(N=CN=C32)N)O)OP(=O)(O)O)O
Heptadecanoyl Thanolamide (C17:0)	
Heptadecanoylcarnitine	CCCCCCCCCCCCCCCCC(=O)C(CC(=O)[O-])(C[N+](C)(C)C)O
Heptadecenoylcarnitine(7)	
Heptadecenoylcarnitine(8)	
Heptaglutamyl Folate (Dhf)	
Heptaglutamyl Folate (Thf)	
Heptanoyl Coenzyme A	
Heptylic Acid	CCCCCCC(=O)O
Hexacosanoyl Coenzyme A	
Hexadecanal	CCCCCCCCCCCCCCCC=O
Hexadecanediocacid	
Hexadecanedioic Acid Mono-L-Carnitine Ester	C[N+](C)(C)CC(CC(=O)[O-])OC(=O)CCCCCCCCCCCCCCC(=O)O
Hexadecanedioyl Coenzyme A	CC(C)(COP(=O)([O-])OP(=O)([O-])OCC1C(C(C(O1)N2C=NC3=C(N=CN=C32)N)O)OP(=O)([O-])[O-])C(C(=O)NCCC(=O)NCCSC(=O)CCCCCCCCCCCCCCC(=O)[O-])O
Hexadecanoate (N-C16:0)	CCCCCCCCCCCCCCCC(=O)O
Hexadecenal	CCCCCCCCCCCCCC=CC=O
Hexadecenoate (N-C16:1)	CCCCCCC=CCCCCCCCC(=O)O
Hexadecenoyl Ethanolamide, C16:1-Ethanolamide (Delta 9)	
Hexadecenoyl-[acyl-carrier protein]	
Hexaglutamyl Folate (Dhf)	
Hexaglutamyl Folate (Thf)	
Hexanoate (N-C6:0)	CCCCCC(=O)[O-]
Hexanoyl Carnitine	CCCCCC(=O)OC(CC(=O)[O-])C[N+](C)(C)C
Hexanoyl Coenzyme A (N-C6:0Coenzyme A)	
Hexanoyl-ACP (n-C6:0ACP)	
Hexanoyl-Glycine	
High Density Lipoprotein	
Histamine	C1=C(NC=N1)CCN
Histidyl-Arginyl-Cysteine	C1=C(NC=N1)CC(C(=O)NC(CCCN=C(N)N)C(=O)NC(CS)C(=O)O)N
Histidyl-Arginyl-Serine	C1=C(NC=N1)CC(C(=O)NC(CCCN=C(N)N)C(=O)NC(CO)C(=O)O)N
Histidyl-Aspartate	C1=C(NC=N1)CC(C(=O)NC(CC(=O)O)C(=O)O)N
Histidyl-Cystyl-Cysteine	
Histidyl-Glutamate	
Histidyl-Glutaminyl-Alanine	CC(C(=O)O)NC(=O)C(CCC(=O)N)NC(=O)C(CC1=CN=CN1)N
Histidyl-Glutamyl-Glutamine	C1=C(NC=N1)CC(C(=O)NC(CCC(=O)O)C(=O)NC(CCC(=O)N)C(=O)O)N
Histidyl-Histidyl-Lysine	C1=C(NC=N1)CC(C(=O)NC(CC2=CN=CN2)C(=O)NC(CCCCN)C(=O)O)N
Histidyl-Lysyl-Alanine	CC(C(=O)O)NC(=O)C(CCCCN)NC(=O)C(CC1=CN=CN1)N
Histidyl-Lysyl-Glutamate	
Histidyl-Lysyl-Isoleucine	CCC(C)C(C(=O)O)NC(=O)C(CCCCN)NC(=O)C(CC1=CN=CN1)N
Histidyl-Lysyl-Lysine	C1=C(NC=N1)CC(C(=O)NC(CCCCN)C(=O)NC(CCCCN)C(=O)O)N
Histidyl-Lysyl-Threonine	CC(C(C(=O)O)NC(=O)C(CCCCN)NC(=O)C(CC1=CN=CN1)N)O
Histidyl-Lysyl-Valine	CC(C)C(C(=O)O)NC(=O)C(CCCCN)NC(=O)C(CC1=CN=CN1)N
Histidyl-Methionine	CSCCC(C(=O)O)NC(=O)C(CC1=CN=CN1)N
Histidyl-Methionyl-Glutamine	CSCCC(C(=O)NC(CCC(=O)N)C(=O)O)NC(=O)C(CC1=CN=CN1)N
Histidyl-Phenylalanyl-Arginine	C1=CC=C(C=C1)CC(C(=O)NC(CCCN=C(N)N)C(=O)O)NC(=O)C(CC2=CN=CN2)N
Histidyl-Prolyl-Lysine	C1CC(N(C1)C(=O)C(CC2=CN=CN2)N)C(=O)NC(CCCCN)C(=O)O
Histidyl-Tryptophanyl-Histidine	C1=CC=C2C(=C1)C(=CN2)CC(C(=O)NC(CC3=CN=CN3)C(=O)O)NC(=O)C(CC4=CN=CN4)N
Holocarboxylase (Biotin Covalent Bound To Lys Residue Of Apoc)	
Homocarnosine	C1=C(NC=N1)CC(C(=O)O)NC(=O)CCCN
Homocitrulline	C(CCNC(=O)N)CC(C(=O)O)N
Homocysteine Thiolactone	C1CSC(=O)C1N
Homogentisate	C1=CC(=C(C=C1O)CC(=O)O)O
Homovanillate	COC1=C(C=CC(=C1)CC(=O)O)O
Hyaluronan	
Hyaluronan Biosynthesis, Precursor 1	CC(=O)NC1C(C(C(OC1O)CO)O)OC2C(C(C=C(O2)C(=O)O)O)O
Hyaluronan Degradation Product 1	
Hydrogen Cyanide	C#N
Hydrogen Peroxide	OO
Hydrogen atom	[HH]
Hydrosulfide	[SH-]
Hydroxide Ion	[OH-]
Hydroxy Nifedipine	
Hydroxyacetone	CC(=O)CO
Hydroxyl radical	[OH]
Hydroxylated Ebastine	
Hydroxymethylbilane	C1=C(C(=C(N1)CC2=C(C(=C(N2)CC3=C(C(=C(N3)CC4=C(C(=C(N4)CO)CC(=O)O)CCC(=O)O)CC(=O)O)CCC(=O)O)CC(=O)O)CCC(=O)O)CC(=O)O)CCC(=O)O
Hydroxymethylglutaryl Coenzyme A	
Hydroxymethylglutathione	C(CC(=O)NC(CS)C(=O)NCC(=O)O)C(C(=O)O)NCO
Hyocholic acid-24glucuronide, HCA-24G	
Hyocholic acid-6glucuronide, HCA-6G	
Hyocholic acid; gamma-Muricholate	
Hyodeoxycholic acid-24glucuronide, HDCA-24G	
Hyodeoxycholic acid-6glucuronide, HDCA-6G	
Hyodesoxycholic Acid	CC(CCC(=O)O)C1CCC2C1(CCC3C2CC(C4C3(CCC(C4)O)C)O)C
Hypochlorous Acid	OCl
Hypotaurine	C(CS(=O)O)N
Hypoxanthine	C1=NC2=C(N1)C(=O)NC=N2
I-Antigen	
Idoa-Beta-1,4-GlcNac(3S)-Alpha-1,4-Glca-Beta-1,3-Gal-Beta-1,3-Gal-Beta-1,4-Xylose	
Idoa2S-Beta-1,4-GlcNac(3S)-Alpha-1,4-Glca-Beta-1,3-Gal-Beta-1,3-Gal-Beta-1,4-Xylose	
Iii3Fuc-Nlc6Cer	
Iinosine-5'-Triphosphate	
Imidazol-4-Ylacetate	C1=C(NC=N1)CC(=O)[O-]
Imidazole-4-Acetaldehyde	C1=C(NC=N1)CC=O
Indol-3-Ylacetaldehyde	C1=CC=C2C(=C1)C(=CN2)CC=O
Indole-3-Acetate	C1=CC=C2C(=C1)C(=CN2)CC(=O)[O-]
Indole-5,6-Quinone	C1=CNC2=CC(=O)C(=O)C=C21
Inosine	C1=NC2=C(C(=O)N1)N=CN2C3C(C(C(O3)CO)O)O
Inosine-5'-Diphosphate	C1=NC2=C(C(=O)N1)N=CN2C3C(C(C(O3)COP(=O)(O)OP(=O)(O)O)O)O
Inosine-5'-Monophosphate	C1=NC2=C(C(=O)N1)N=CN2C3C(C(C(O3)COP(=O)(O)O)O)O
Intermediate Density Lipoprotein	
Iodide	[I-]
Iodine	II
Iron (Fe2+)	
Iron (Fe3+)	[Fe+3]
Isobutyryl Coenzyme A	CC(C)C(=O)SCCNC(=O)CCNC(=O)C(C(C)(C)COP(=O)(O)OP(=O)(O)OCC1C(C(C(O1)N2C=NC3=C(N=CN=C32)N)O)OP(=O)(O)O)O
Isobutyrylglycine	CC(C)C(=O)NCC(=O)O
Isochenodeoxycholic acid; 3beta,7alpha,12alpha-Trihydroxy-5beta-cholanic acid	
Isochenodeoxycholic acid; 3beta,7alpha-Dihydroxy-5beta-cholanic acid	
Isocitric Acid	C(C(C(C(=O)O)O)C(=O)O)C(=O)O
Isolecyl-Aspartate	
Isolecyl-Glutaminyl-Glutamate	
Isolecyl-Glycyl-Arginine	
Isolecyl-Prolyl-Lysine	
Isolecyl-Seryl-Arginine	
Isolecyl-Tryptophanyl-Tyrosine	
Isoleucyl-Arginyl-Isoleucine	CCC(C)C(C(=O)NC(CCCN=C(N)N)C(=O)NC(C(C)CC)C(=O)O)N
Isoleucyl-Asparaginyl-Histidine	CCC(C)C(C(=O)NC(CC(=O)N)C(=O)NC(CC1=CN=CN1)C(=O)O)N
Isomaltose,  Brachiose	
Isopentenyl Diphosphate	CC(=C)CCOP(=O)(O)OP(=O)(O)O
Isovaleryl Carnitine	
Isovaleryl Coenzyme A	CC(C)CC(=O)SCCNC(=O)CCNC(=O)C(C(C)(C)COP(=O)(O)OP(=O)(O)OCC1C(C(C(O1)N2C=NC3=C(N=CN=C32)N)O)OP(=O)(O)O)O
Isovalerylglycine	CC(C)CC(=O)NCC(=O)O
Itaconic Acid	C=C(CC(=O)O)C(=O)O
Itaconyl Coenzyme A	
Iv3-A-Neu5Ac,Iii4-A-Fuc-Lc4Cer	
Iv3-A-Neuac,Iii3-A-Fuc-Nlc4Cer	
Keratan Sulfate I	CCCCOC1=C(C=CC(=C1)CC2CNC(=O)N2)OC
Keratan Sulfate I, Degradation Product 1	
Keratan Sulfate I, Degradation Product 10	
Keratan Sulfate I, Degradation Product 11	
Keratan Sulfate I, Degradation Product 12	
Keratan Sulfate I, Degradation Product 13	
Keratan Sulfate I, Degradation Product 14	
Keratan Sulfate I, Degradation Product 15	
Keratan Sulfate I, Degradation Product 16	
Keratan Sulfate I, Degradation Product 17	
Keratan Sulfate I, Degradation Product 18	
Keratan Sulfate I, Degradation Product 19	
Keratan Sulfate I, Degradation Product 2	
Keratan Sulfate I, Degradation Product 20	
Keratan Sulfate I, Degradation Product 21	
Keratan Sulfate I, Degradation Product 22	
Keratan Sulfate I, Degradation Product 23	
Keratan Sulfate I, Degradation Product 24	
Keratan Sulfate I, Degradation Product 25	
Keratan Sulfate I, Degradation Product 26	
Keratan Sulfate I, Degradation Product 27	
Keratan Sulfate I, Degradation Product 28	
Keratan Sulfate I, Degradation Product 29	
Keratan Sulfate I, Degradation Product 3	
Keratan Sulfate I, Degradation Product 30	
Keratan Sulfate I, Degradation Product 31	
Keratan Sulfate I, Degradation Product 32	
Keratan Sulfate I, Degradation Product 33	
Keratan Sulfate I, Degradation Product 34	
Keratan Sulfate I, Degradation Product 35	
Keratan Sulfate I, Degradation Product 36	
Keratan Sulfate I, Degradation Product 37	
Keratan Sulfate I, Degradation Product 38	
Keratan Sulfate I, Degradation Product 39	
Keratan Sulfate I, Degradation Product 4	
Keratan Sulfate I, Degradation Product 40	
Keratan Sulfate I, Degradation Product 41	
Keratan Sulfate I, Degradation Product 5	
Keratan Sulfate I, Degradation Product 6	
Keratan Sulfate I, Degradation Product 7	
Keratan Sulfate I, Degradation Product 8	
Keratan Sulfate I, Degradation Product 9	
Keratan Sulfate Ii (Core 2-Linked)	
Keratan Sulfate Ii (Core 2-Linked), Degradation Product 1	
Keratan Sulfate Ii (Core 2-Linked), Degradation Product 2	
Keratan Sulfate Ii (Core 2-Linked), Degradation Product 3	
Keratan Sulfate Ii (Core 2-Linked), Degradation Product 4	
Keratan Sulfate Ii (Core 2-Linked), Degradation Product 5	
Keratan Sulfate Ii (Core 2-Linked), Degradation Product 6	
Keratan Sulfate Ii (Core 2-Linked), Degradation Product 7	
Keratan Sulfate Ii (Core 2-Linked), Degradation Product 8	
Keratan Sulfate Ii (Core 2-Linked), Degradation Product 9	
Keratan Sulfate Ii (Core 4-Linked)	
Keratan Sulfate Ii (Core 4-Linked), Degradation Product 1	
Keratan Sulfate Ii (Core 4-Linked), Degradation Product 2	
Keratan Sulfate Ii (Core 4-Linked), Degradation Product 3	
Keratan Sulfate Ii (Core 4-Linked), Degradation Product 4	
Keratan Sulfate Ii Biosynthesis, Precursor 1	
Keratan Sulfate Ii Biosynthesis, Precursor 10	
Keratan Sulfate Ii Biosynthesis, Precursor 2	
Keratan Sulfate Ii Biosynthesis, Precursor 3	
Keratan Sulfate Ii Biosynthesis, Precursor 4	
Keratan Sulfate Ii Biosynthesis, Precursor 5	
Keratan Sulfate Ii Biosynthesis, Precursor 6	
Keratan Sulfate Ii Biosynthesis, Precursor 7	
Keratan Sulfate Ii Biosynthesis, Precursor 8	
Keratan Sulfate Ii Biosynthesis, Precursor 9	
Keratan Sulfate Ii Boisynthesis, Precursor 2	
Keto-Phenylpyruvate	C1=CC=C(C=C1)CC(=O)C(=O)[O-]
Kinetensin	CCC(C)C(C(=O)NC(C)C(=O)NC(CCCN=C(N)N)C(=O)NC(CCCN=C(N)N)C(=O)NC(CC1=CN=CN1)C(=O)N2CCCC2C(=O)NC(CC3=CC=C(C=C3)O)C(=O)NC(CC4=CC=CC=C4)C(=O)NC(CC(C)C)C(=O)O)N
Kinetensin 1-3	CCC(C)C(C(=O)NC(C)C(=O)NC(CCCN=C(N)N)C(=O)O)N
Kinetensin 1-7	CCC(C)C(C(=O)NC(C)C(=O)NC(CCCN=C(N)N)C(=O)NC(CCCN=C(N)N)C(=O)NC(CC1=CN=CN1)C(=O)N2CCCC2C(=O)NC(CC3=CC=C(C=C3)O)C(=O)O)N
Kinetensin 1-8	CCC(C)C(C(=O)NC(C)C(=O)NC(CCCN=C(N)N)C(=O)NC(CCCN=C(N)N)C(=O)NC(CC1=CN=CN1)C(=O)N2CCCC2C(=O)NC(CC3=CC=C(C=C3)O)C(=O)NC(CC4=CC=CC=C4)C(=O)O)N
Kinetensin 4-8	C1CC(N(C1)C(=O)C(CC2=CN=CN2)NC(=O)C(CCCN=C(N)N)N)C(=O)NC(CC3=CC=C(C=C3)O)C(=O)NC(CC4=CC=CC=C4)C(=O)O
Kynurenic Acid	C1=CC=C2C(=C1)C(=O)C=C(N2)C(=O)O
L-1-Pyrroline-3-Hydroxy-5-Carboxylate	C1C(C=NC1C(=O)O)O
L-2-Amino-3-Oxobutanoic Acid	CC(=O)C(C(=O)O)N
L-2-Aminoadipate	C(CC(C(=O)O)N)CC(=O)O
L-3-Cyanoalanine	C(C#N)C(C(=O)O)N
L-4-Hydroxyglutamic Semialdehyde	C(C(C=O)O)C(C(=O)O)N
L-Alanine	CC(C(=O)O)N
L-Allysine	C(CC=O)CC(C(=O)O)N
L-Arabinitol	C(C(C(C(CO)O)O)O)O
L-Arabinose	C1C(C(C(C(O1)O)O)O)O
L-Arginine	C(CC(C(=O)O)N)CN=C(N)N
L-Arginosuccinic Acid	C(CC(C(=O)O)N)CN=C(N)NC(CC(=O)O)C(=O)O
L-Ascorbate	C(C(C1C(=C(C(=O)O1)[O-])O)O)O
L-Asparagine	C(C(C(=O)O)N)C(=O)N
L-Aspartate	C(C(C(=O)O)N)C(=O)O
L-Carnitine	C[N+](C)(C)CC(CC(=O)[O-])O
L-Citrulline	C(CC(C(=O)O)N)CNC(=O)N
L-Cystathionine	C(CSCC(C(=O)O)N)C(C(=O)O)N
L-Cysteic Acid	C(C(C(=O)O)N)S(=O)(=O)O
L-Cysteine	C(C(C(=O)O)N)S
L-Cysteinylglycine	C(C(C(=O)NCC(=O)O)N)S
L-Cystine	C(C(C(=O)O)N)SSCC(C(=O)O)N
L-Dopa	C1=CC(=C(C=C1CC(C(=O)O)N)O)O
L-Dopachromate	C1C(NC2=CC(=O)C(=O)C=C21)C(=O)[O-]
L-Dopaquinone	C1=CC(=O)C(=O)C=C1CC(C(=O)O)N
L-Fucose	CC1C(C(C(C(O1)O)O)O)O
L-Fucose 1-Phosphate	CC1C(C(C(C(O1)OP(=O)(O)O)O)O)O
L-Glutamate	C(CC(=O)O)C(C(=O)O)N
L-Glutamate 5-Phosphate	C(CC(=O)OP(=O)(O)O)C(C(=O)O)N
L-Glutamate 5-Semialdehyde	C(CC(C(=O)O)N)C=O
L-Glutamine	C(CC(=O)N)C(C(=O)O)N
L-Gulonate	C(C(C(C(C(C(=O)[O-])O)O)O)O)O
L-Gulono-1,4-Lactone	C(C(C1C(C(C(=O)O1)O)O)O)O
L-Histidine	C1=C(NC=N1)CC(C(=O)O)N
L-Homocysteine	C(CS)C(C(=O)O)N
L-Homocystine	C(CSSCCC(C(=O)O)N)C(C(=O)O)N
L-Homoserine	C(CO)C(C(=O)O)N
L-Iduronate	C1(C(C(OC(C1O)O)C(=O)O)O)O
L-Isoleucine	CCC(C)C(C(=O)O)N
L-Kynurenine	C1=CC=C(C(=C1)C(=O)CC(C(=O)O)N)N
L-Leucine	CC(C)CC(C(=O)O)N
L-Lysine	C(CCN)CC(C(=O)O)N
L-Methionine	CSCCC(C(=O)O)N
L-Normetanephrine	COC1=C(C=CC(=C1)C(CN)O)O
L-Oleoylcarnitine	CCCCCCCCC=CCCCCCCCC(=O)OC(CC(=O)[O-])C[N+](C)(C)C
L-Palmitoylcarnitine	CCCCCCCCCCCCCCCC(=O)OC(CC(=O)[O-])C[N+](C)(C)C
L-Phenylalanine	C1=CC=C(C=C1)CC(C(=O)O)N
L-Pipecolic Acid	C1CCNC(C1)C(=O)O
L-Proline	C1CC(NC1)C(=O)O
L-Prolinylglycine	C1CC(NC1)CONCC(=O)O
L-Saccharopinate	C(CC[NH2+]C(CCC(=O)[O-])C(=O)[O-])CC(C(=O)[O-])[NH3+]
L-Serine	C(C(C(=O)O)N)O
L-Threonate	C(C(C(C(=O)O)O)O)O
L-Threonine	CC(C(C(=O)O)N)O
L-Thyroxine	C1=C(C=C(C(=C1I)OC2=CC(=C(C(=C2)I)O)I)I)CC(C(=O)O)N
L-Tryptophan	C1=CC=C2C(=C1)C(=CN2)CC(C(=O)O)N
L-Tyrosine	C1=CC(=CC=C1CC(C(=O)O)N)O
L-Valine	CC(C)C(C(=O)O)N
L-Xylulose	C(C(C(C(=O)CO)O)O)O
Lacto-N-Fucopentaosyl Iii Ceramide	CCCCCCCCCCCCCC=CC(C(COC1C(C(C(C(O1)CO)OC2C(C(C(C(O2)CO)O)OC3C(C(C(C(O3)CO)OC4C(C(C(C(O4)CO)O)O)O)OC5C(C(C(C(O5)C)O)O)O)NC(=O)C)O)O)O)NC=O)O
Lactoisooctaosylceramide ((Gal)4 (Glc)1 (GlcNAc)3 (Cer)1)	
Lactoneotetraosylceramide	
Lactose	C(C1C(C(C(C(O1)OC2C(OC(C(C2O)O)O)CO)O)O)O)O
Lactose-6P	
Lactotriaosylceramide	
Lanosterol	CC(CCC=C(C)C)C1CCC2(C1(CCC3=C2CCC4C3(CCC(C4(C)C)O)C)C)C
Lauroyl Carnitine	
Lauroyl Coenzyme A	CCCCCCCCCCCC(=O)SCCNC(=O)CCNC(=O)C(C(C)(C)COP(=O)(O)OP(=O)(O)OCC1C(C(C(O1)N2C=NC3=C(N=CN=C32)N)O)OP(=O)(O)O)O
Lea Glycolipid	CCCCCCCCCCCCCC=CC(C(COC1C(C(C(C(O1)CO)OC2C(C(C(C(O2)CO)O)OC3C(C(C(C(O3)CO)OC4C(C(C(C(O4)C)O)O)O)OC5C(C(C(C(O5)CO)O)O)O)NC(=O)C)O)O)O)NC=O)O
Leb Glycolipid	CCCCCCCCCCCCCC=CC(C(COC1C(C(C(C(O1)CO)OC2C(C(C(C(O2)CO)O)OC3C(C(C(C(O3)CO)OC4C(C(C(C(O4)C)O)O)O)OC5C(C(C(C(O5)CO)O)O)OC6C(C(C(C(O6)C)O)O)O)NC(=O)C)O)O)O)NC=O)O
Leucyl-Alanyl-Arginine	CC(C)CC(C(=O)NC(C)C(=O)NC(CCCN=C(N)N)C(=O)O)N
Leucyl-Asparaginyl-Aspartate	
Leucyl-Aspartyl-Lysine	CC(C)CC(C(=O)NC(CC(=O)O)C(=O)NC(CCCCN)C(=O)O)N
Leucyl-Glycine	CC(C)CC(C(=O)NCC(=O)O)N
Leucyl-Leucyl-Tryptophan	CC(C)CC(C(=O)NC(CC(C)C)C(=O)NC(CC1=CNC2=CC=CC=C21)C(=O)O)N
Leucyl-Proline	CC(C)CC(C(=O)N1CCCC1C(=O)O)N
Leucyl-Prolyl-Arginine	CC(C)CC(C(=O)N1CCCC1C(=O)NC(CCCN=C(N)N)C(=O)O)N
Leucyl-Seryl-Tryptophan	CC(C)CC(C(=O)NC(CO)C(=O)NC(CC1=CNC2=CC=CC=C21)C(=O)O)N
Leucyl-Tryptophan	CC(C)CC(C(=O)NC(CC1=CNC2=CC=CC=C21)C(=O)O)N
Leucyl-Tryptophanyl-Arginine	CC(C)CC(C(=O)NC(CC1=CNC2=CC=CC=C21)C(=O)NC(CCCN=C(N)N)C(=O)O)N
Leucyl-Tyrosyl-Tyrosine	CC(C)CC(C(=O)NC(CC1=CC=C(C=C1)O)C(=O)NC(CC2=CC=C(C=C2)O)C(=O)O)N
Leucyl-Valine	CC(C)CC(C(=O)NC(C(C)C)C(=O)O)N
Leucylleucine	CC(C)CC(C(=O)NC(CC(C)C)C(=O)O)N
Leukoaminochrome	C1CNC2=CC(=C(C=C21)O)O
Leukotriene A4	CCCCCC=CCC=CC=CC=CC1C(O1)CCCC(=O)O
Leukotriene A5	CCC=CCC=CCC=CC=CC=CC1C(O1)CCCC(=O)[O-]
Leukotriene B4	CCCCCC=CCC(C=CC=CC=CC(CCCC(=O)O)O)O
Leukotriene B5	CCC=CCC=CCC(C=CC=CC=CC(CCCC(=O)O)O)O
Leukotriene C4	CCCCCC=CCC=CC=CC=CC(C(CCCC(=O)O)O)SCC(C(=O)NCC(=O)O)NC(=O)CCC(C(=O)O)N
Leukotriene D4	CCCCCC=CCC=CC=CC=CC(C(CCCC(=O)O)O)SCC(C(=O)NCC(=O)O)N
Leukotriene E4	CCCCCC=CCC=CC=CC=CC(C(CCCC(=O)O)O)SCC(C(=O)O)N
Leukotriene F4	CCCCCC=CCC=CC=CC=CC(C(CCCC(=O)O)O)SCC(C(=O)O)NC(=O)CCC(C(=O)O)N
Ley Glycolipid	CCCCCCCCCCCCCC=CC(C(COC1C(C(C(C(O1)CO)OC2C(C(C(C(O2)CO)O)OC3C(C(C(C(O3)CO)OC4C(C(C(C(O4)CO)O)O)OC5C(C(C(C(O5)C)O)O)O)OC6C(C(C(C(O6)C)O)O)O)NC(=O)C)O)O)O)NC=O)O
Lignocerate	CCCCCCCCCCCCCCCCCCCCCCCC(=O)[O-]
Limonene	CC1=CCC(CC1)C(=C)C
Linoelaidic Acid (All Trans C18:2)	
Linoleate	CCCCCC=CCC=CCCCCCCCC(=O)[O-]
Linoleic Coenzyme A	CCCCCC=CCC=CCCCCCCCC(=O)SCCNC(=O)CCNC(=O)C(C(C)(C)COP(=O)(O)OP(=O)(O)OCC1C(C(C(O1)N2C=NC3=C(N=CN=C32)N)O)OP(=O)(O)O)O
Linolenic Acid Hydroperoxide	CCC=CCC=CCC=CCCCCCCCC(=O)OO
Linoleoyl Ethanolamide	CCCCCC=CCC=CCCCCCCCC(=O)NCCO
Linoleyl Carnitine	CCCCCC=CCC=CCCCCCCCC(=O)OC(CC(=O)[O-])C[N+](C)(C)C
Lipoamide	C1CSSC1CCCCC(=O)N
Lipoate	C1CSSC1CCCCC(=O)[O-]
Lipoxin A4	CCCCCC(C=CC=CC=CC=CC(C(CCCC(=O)O)O)O)O
Lipoxin B4	CCCCCC(C(C=CC=CC=CC=CC(CCCC(=O)O)O)O)O
Lipoylprotein	C1CSSC1CCCCC(=O)N
Lithocholate	CC(CCC(=O)[O-])C1CCC2C1(CCC3C2CCC4C3(CCC(C4)O)C)C
Lithocholic acid 3-sulfate	CC(CCC(=O)O)C1CCC2C1(CCC3C2CCC4C3(CCC(C4)OS(=O)(=O)O)C)C
Lithocholic acid-24glucuronide, CDCA-24G	
Lithocholic acid-3glucuronide, CDCA-3G	
Losartan	CCCCC1=NC(=C(N1CC2=CC=C(C=C2)C3=CC=CC=C3C4=NNN=N4)CO)Cl
Losartan-E3174/ losartan-M6	
Losartan-M1	
Losartan-M2	
Losartan-M4 (glucuronide derivative)	
Losartan-M5	
Losartan-N1-glucuronide	CCCCC1=NC(=C(N1CC2=CC=C(C=C2)C3=CC=CC=C3C4=NN=NN4C5C(C(C(C(O5)C(=O)O)O)O)O)CO)Cl
Losartan-N2-glucuronide / Losartan-M7	
Low Density Lipoprotein	
Lysopc A C26:1 (Delta 5)	
Lysopc A C28:0	CCCCCCCCCCCCCCCCCCCCCCCCCCCC(=O)OCC(COP(=O)([O-])OCC[N+](C)(C)C)O
Lysopc A C28:1 (Delta 5)	
Lysophosphatidic Acid	CCCCCCCCC=CCCCCCCCC(=O)OCC(COP(=O)(O)O)O
Lysophosphatidylcholine pool, average acyl composition	
Lysyl-Arginyl-Leucine	CC(C)CC(C(=O)O)NC(=O)C(CCCN=C(N)N)NC(=O)C(CCCCN)N
Lysyl-Cysteinyl-Histidine	C1=C(NC=N1)CC(C(=O)O)NC(=O)C(CS)NC(=O)C(CCCCN)N
Lysyl-Glutaminyl-Phenylalanine	C1=CC=C(C=C1)CC(C(=O)O)NC(=O)C(CCC(=O)N)NC(=O)C(CCCCN)N
Lysyl-Glutamyl-Glutamate	
Lysyl-Lysyl-Lysine	C(CCN)CC(C(=O)NC(CCCCN)C(=O)NC(CCCCN)C(=O)O)N
Lysyl-Phenylalanyl-Isoleucine	CCC(C)C(C(=O)O)NC(=O)C(CC1=CC=CC=C1)NC(=O)C(CCCCN)N
Lysyl-Proline	C1CC(N(C1)C(=O)C(CCCCN)N)C(=O)O
Lysyl-Tryptophanyl-Arginine	C1=CC=C2C(=C1)C(=CN2)CC(C(=O)NC(CCCN=C(N)N)C(=O)O)NC(=O)C(CCCCN)N
Lysyl-Tyrosyl-Isoleucine	CCC(C)C(C(=O)O)NC(=O)C(CC1=CC=C(C=C1)O)NC(=O)C(CCCCN)N
Lysyl-Valyl-Phenylalanine	CC(C)C(C(=O)NC(CC1=CC=CC=C1)C(=O)O)NC(=O)C(CCCCN)N
Lysyl-Valyl-Tryptophan	CC(C)C(C(=O)NC(CC1=CNC2=CC=CC=C21)C(=O)O)NC(=O)C(CCCCN)N
M3Gacpail Prot Heparan Sulfate	
Malonate	C(C(=O)O)C(=O)O
Malonic Dialdehyde	C(C=O)C=O
Malonyl Carnitine	
Malonyl Coenzyme A	CC(C)(COP(=O)(O)OP(=O)(O)OCC1C(C(C(O1)N2C=NC3=C(N=CN=C32)N)O)OP(=O)(O)O)C(C(=O)NCCC(=O)NCCSC(=O)CC(=O)O)O
Malonyl-Carnitin	
Malonyl-[acyl-carrier protein]	
Maltodecaose	C(C1C(C(C(C(O1)OC2C(OC(C(C2O)O)OC3C(OC(C(C3O)O)OC4C(OC(C(C4O)O)OC5C(OC(C(C5O)O)OC6C(OC(C(C6O)O)OC7C(OC(C(C7O)O)OC8C(OC(C(C8O)O)OC9C(OC(C(C9O)O)OC1C(OC(C(C1O)O)O)CO)CO)CO)CO)CO)CO)CO)CO)CO)O)O)O)O
Maltoheptaose	C(C1C(C(C(C(O1)OC2C(OC(C(C2O)O)OC3C(OC(C(C3O)O)OC4C(OC(C(C4O)O)OC5C(OC(C(C5O)O)OC6C(OC(C(C6O)O)OC(C(CO)O)C(C(C=O)O)O)CO)CO)CO)CO)CO)O)O)O)O
Maltohexaose	C(C1C(C(C(C(O1)OC2C(OC(C(C2O)O)OC3C(OC(C(C3O)O)OC4C(OC(C(C4O)O)OC5C(OC(C(C5O)O)OC(C(CO)O)C(C(C=O)O)O)CO)CO)CO)CO)O)O)O)O
Maltononaose	C(C1C(C(C(C(O1)OCC(C(C(C(C=O)OC2C(C(C(C(O2)CO)OC3C(C(C(C(O3)CO)O)O)O)OC4C(C(C(C(O4)CO)O)O)O)OC5C(C(C(C(O5)CO)O)O)O)OC6C(C(C(C(O6)CO)O)O)O)OC7C(C(C(C(O7)CO)O)O)O)OC8C(C(C(C(O8)CO)O)O)O)O)O)O)O
Maltopentaose	C(C1C(C(C(C(O1)OC2C(OC(C(C2O)O)OC3C(OC(C(C3O)O)OC4C(OC(C(C4O)O)OC(C(CO)O)C(C(C=O)O)O)CO)CO)CO)O)O)O)O
Maltose	C(C1C(C(C(C(O1)OC2C(OC(C(C2O)O)O)CO)O)O)O)O
Maltotetraose	C(C1C(C(C(C(O1)OC2C(OC(C(C2O)O)OC3C(OC(C(C3O)O)OC(C(CO)O)C(C(C=O)O)O)CO)CO)O)O)O)O
Maltotriose	C(C1C(C(C(C(O1)OC2C(OC(C(C2O)O)OC(C(CO)O)C(C(C=O)O)O)CO)O)O)O)O
Mannosyl-Glucosaminyl-Acylphosphatidylinositiol (H2)	
Margaric Acid	CCCCCCCCCCCCCCCCC(=O)O
Melanin	CC1=C2C3=C(C4=CNC5=C(C(=O)C(=O)C(=C45)C3=CN2)C)C(=O)C1=O
Melatonin	CC(=O)NCCC1=CNC2=C1C=C(C=C2)OC
Menaquinone-10	CC1=C(C(=O)C2=CC=CC=C2C1=O)CC=C(C)CCC=C(C)CCC=C(C)CCC=C(C)CCC=C(C)CCC=C(C)CCC=C(C)CCC=C(C)CCC=C(C)CCC=C(C)C
Menaquinone-11	CC1=C(C(=O)C2=CC=CC=C2C1=O)CC=C(C)CCC=C(C)CCC=C(C)CCC=C(C)CCC=C(C)CCC=C(C)CCC=C(C)CCC=C(C)CCC=C(C)CCC=C(C)CCC=C(C)C
Menaquinone-7	CC1=C(C(=O)C2=CC=CC=C2C1=O)CC=C(C)CCC=C(C)CCC=C(C)CCC=C(C)CCC=C(C)CCC=C(C)CCC=C(C)C
Menaquinone-8	CC1=C(C(=O)C2=CC=CC=C2C1=O)CC=C(C)CCC=C(C)CCC=C(C)CCC=C(C)CCC=C(C)CCC=C(C)CCC=C(C)CCC=C(C)C
Menaquinone-9	CC1=C(C(=O)C2=CC=CC=C2C1=O)CC=C(C)CCC=C(C)CCC=C(C)CCC=C(C)CCC=C(C)CCC=C(C)CCC=C(C)CCC=C(C)CCC=C(C)C
Mesaconate	CC(=CC(=O)O)C(=O)O
Mesaconyl Coenzyme A	
Metanephrine	CNCC(C1=CC(=C(C=C1)O)OC)O
Metformin	CN(C)C(=N)N=C(N)N
Methanol	CO
Methionyl-Arginyl-Leucine	CC(C)CC(C(=O)O)NC(=O)C(CCCN=C(N)N)NC(=O)C(CCSC)N
Methionyl-Asparaginyl-Tyrosine	CSCCC(C(=O)NC(CC(=O)N)C(=O)NC(CC1=CC=C(C=C1)O)C(=O)O)N
Methionyl-Glutaminyl-Tyrosine	CSCCC(C(=O)NC(CCC(=O)N)C(=O)NC(CC1=CC=C(C=C1)O)C(=O)O)N
Methionyl-Glycyl-Arginine	CSCCC(C(=O)NCC(=O)NC(CCCN=C(N)N)C(=O)O)N
Methionyl-Histidyl-Lysine	CSCCC(C(=O)NC(CC1=CN=CN1)C(=O)NC(CCCCN)C(=O)O)N
Methionyl-Methionyl-Isoleucine	CCC(C)C(C(=O)O)NC(=O)C(CCSC)NC(=O)C(CCSC)N
Methionyl-Phenylalanyl-Arginine	CSCCC(C(=O)NC(CC1=CC=CC=C1)C(=O)NC(CCCN=C(N)N)C(=O)O)N
Methionyl-Tryptophanyl-Phenylalanine	CSCCC(C(=O)NC(CC1=CNC2=CC=CC=C21)C(=O)NC(CC3=CC=CC=C3)C(=O)O)N
Methyl-Succinate	
Methyl-Succinyl Coenzyme A	
Methyl-hydroxy-gliclazide	
Methylammonium	C[NH3+]
Methylglyoxal	CC(=O)C=O
Methylmalonate	CC(C(=O)O)C(=O)O
Mevalonate-Lactone	
Midazolam	CC1=NC=C2N1C3=C(C=C(C=C3)Cl)C(=NC2)C4=CC=CC=C4F
Midazolam-glucuronide	
Mono(Glucosyluronic Acid)Bilirubin	CC1=C(NC(=C1CCC(=O)O)CC2=C(C(=C(N2)C=C3C(=C(C(=O)N3)C)C=C)C)CCC(=O)OC4C(C(C(C(O4)C(=O)O)O)O)O)C=C5C(=C(C(=O)N5)C=C)C
Monoacylglycerol 2	
Monoacylglycerol-Chylomicron-Pool	
Monodehydroascorbate	C(C(C1C(=O)C(=C(O1)O)O)O)O
Monofucosyllactoisooctaosylceramide	
Monosialylgalactosylgloboside	
Myelin Sheath	
Myo-Inositol	C1(C(C(C(C(C1O)O)O)O)O)O
Myo-Inositol Hexakisphosphate	C1(C(C(C(C(C1OP(=O)(O)O)OP(=O)(O)O)OP(=O)(O)O)OP(=O)(O)O)OP(=O)(O)O)OP(=O)(O)O
Myristoyl Coenzyme A	CCCCCCCCCCCCCC(=O)SCCNC(=O)CCNC(=O)C(C(C)(C)COP(=O)(O)OP(=O)(O)OCC1C(C(C(O1)N2C=NC3=C(N=CN=C32)N)O)OP(=O)(O)O)O
Myristoyl-ACP (n-C14:0ACP)	
N(1)-Acetylspermidine	CC(=O)NCCCNCCCCN
N(2)-Acetyl-L-Ornithine	CC(=O)NC(CCCN)C(=O)O
N(8)-Acetylspermidine	CC(=O)NCCCCNCCCN
N(Tele)-Methylhistaminium	CN1C=C(N=C1)CC[NH3+]
N,N-Dimethylglycine	CN(C)CC(=O)O
N-((R)-4-Phosphopantothenoyl)-L-Cysteine	CC(C)(COP(=O)(O)O)C(C(=O)NCCC(=O)NC(CS)C(=O)O)O
N-(Omega)-Hydroxyarginine	C(CC(C(=O)O)N)CN=C(N)NO
N-Acetyl-Beta-D-Galactosaminyl-(1->4)-[Alpha-N-Acetylneuraminosyl-(2->3)]-Beta-D-Galactosyl-Beta-D-Glucosyl-(1<->1)-Ceramide Anion	
N-Acetyl-Beta-D-Glucosaminyl-1,2-Alpha-D-Mannosyl-1,3-(N-Acetyl-Beta-D-Glucosaminyl-1,2-Alpha-D-Mannosyl-1,6)-(N-Acetyl-Beta-D-Glucosaminyl-1,4)-Beta-D-Mannosyl-1,4-N-Acetyl-Beta-D-Glucosaminyl-R	
N-Acetyl-D-Galactosamine	CC(=O)NC1C(C(C(OC1O)CO)O)O
N-Acetyl-D-Galactosamine 1-Phosphate	CC(=O)NC1C(C(C(OC1OP(=O)(O)O)CO)O)O
N-Acetyl-D-Glucosamine	CC(=O)NC1C(C(C(OC1O)CO)O)O
N-Acetyl-D-Glucosamine 1-Phosphate	CC(=O)NC1C(C(C(OC1OP(=O)(O)O)CO)O)O
N-Acetyl-D-Glucosamine 6-Phosphate	CC(=O)NC1C(C(C(OC1O)COP(=O)(O)O)O)O
N-Acetyl-D-Glucosaminyl-1,3-Beta-D-Galactosyl-1,4-N-Acetyl-Beta-D-Glucosaminyl-1,3-Beta-D-Galactosyl-1,4-Beta-D-Glucosylceramide	
N-Acetyl-D-Mannosamine	CC(=O)NC1C(C(C(OC1O)CO)O)O
N-Acetyl-D-Mannosamine 6-Phosphate	CC(=O)NC1C(C(C(OC1O)COP(=O)(O)O)O)O
N-Acetyl-D-galactosaminyl-N-Acetyl-D-galactosaminyl-1,3-D-galactosyl-1,4-D-galactosyl-1,4-D-glucosylceramide	
N-Acetyl-L-Asparagine	CC(=O)NC(CC(=O)N)C(=O)O
N-Acetyl-L-Aspartate	CC(=O)NC(CC(=O)O)C(=O)O
N-Acetyl-L-Cysteine	CC(=O)NC(CS)C(=O)O
N-Acetyl-L-Glutamate	CC(=O)NC(CCC(=O)O)C(=O)O
N-Acetyl-S-[2-Carboxy-1-(1 H-Imidazol-4-Yl)Ethyl]-L-Cysteine	
N-Acetyl-Seryl-Aspartate	
N-Acetyl-Seryl-Aspartyl-Lysyl-Proline	CC(=O)NC(CO)C(=O)NC(CC(=O)O)C(=O)NC(CCCCN)C(=O)N1CCCC1C(=O)O
N-Acetyl-Tyrosine	CC(=O)NC(CC1=CC=C(C=C1)O)C(=O)O
N-Acetylleucine	CC(C)CC(C(=O)O)NC(=O)C
N-Acetylmethionine	CC(=O)NC(CCSC)C(=O)O
N-Acetylneuraminate	CC(=O)NC1C(CC(OC1C(C(CO)O)O)(C(=O)O)O)O
N-Acetylneuraminate 9-Phosphate	CC(=O)NC1C(CC(OC1C(C(COP(=O)(O)O)O)O)(C(=O)O)O)O
N-Acetylneuraminosyl-D-Galactosyl-N-Acetyl-D-Galactosaminyl-(N-Acetylneuraminosyl)-D-Galactosyl-D-Glucosylceramide Dianion	
N-Acetylputrescine	CC(=O)NCCCCN
N-Acetylserotonin	CC(=O)NCCC1=CNC2=C1C=C(C=C2)O
N-Acetylvanilalanine	CC(=O)NC(CC1=CC(=C(C=C1)O)OC)C(=O)O
N-Acylsphingosine	CCCCCCCCCCCCCCCC(=O)NC(CO)C(C=CCCCCCCCCCCCCC)O
N-Benzoylglycinate	C1=CC=C(C=C1)C(=O)NCC(=O)[O-]
N-Carbamoyl-Beta-Alaninate	C(CNC(=O)N)C(=O)[O-]
N-Carbamoyl-L-Aspartate	C(C(C(=O)O)NC(=O)N)C(=O)O
N-Formimidoyl-L-Glutamate	C(CC(=O)O)C(C(=O)O)N=CN
N-Formyl-L-Kynurenine	C1=CC=C(C(=C1)C(=O)CC(C(=O)O)N)NC=O
N-Formylanthranilate	C1=CC=C(C(=C1)C(=O)[O-])NC=O
N-Methylethanolaminium Phosphate	CNCCOP(=O)(O)O
N-Methylsalsolinol	CC1C2=CC(=C(C=C2CCN1C)O)O
N-Ribosylnicotinamide	C1=CC(=C[N+](=C1)C2C(C(C(O2)CO)O)O)C(=O)N
N-desisopropyl-fluvastatin	
N-desmethyl-rosuvastatin	CC(C)C1=NC(=NC(=C1C=CC(CC(CC(=O)O)O)O)C2=CC=C(C=C2)F)NS(=O)(=O)C
N1-(5-Phospho-D-Ribosyl)Glycinamide	C(C1C(C(C(O1)NC(=O)CN)O)O)OP(=O)(O)O
N2-Formyl-N1-(5-Phospho-D-Ribosyl)Glycinamide	C(C1C(C(C(O1)NC(=O)CNC=O)O)O)OP(=O)(O)O
N2M2Nmasn (W/O Peptide Linkage)	
N6,N6,N6-Trimethyl-L-Lysine	C[N+](C)(C)CCCCC(C(=O)[O-])N
N6-(1,2-Dicarboxyethyl)-Adenosine Monophosphate	
NAPQI	CC(=O)N=C1C=CC(=O)C=C1
Naphthalene	C1=CC=C2C=CC=CC2=C1
Naphthalene Epoxide	C1=CC=C2C3C(O3)C=CC2=C1
Nefa-Blood-Pool-In	
Nefa-Blood-Pool-Out	
Neocasomorphin	CCC(C)C(C(=O)O)NC(=O)C1CCCN1C(=O)C(CCC(=O)O)NC(=O)C(C(C)C)NC(=O)C2CCCN2C(=O)C(CC3=CC=C(C=C3)O)N
Neocasomorphin (1-5)	CC(C)C(C(=O)NC(CCC(=O)O)C(=O)N1CCCC1C(=O)O)NC(=O)C2CCCN2C(=O)C(CC3=CC=C(C=C3)O)N
Nervonic Acid	CCCCCCCCC=CCCCCCCCCCCCCCC(=O)O
NeuNGc	C1C(C(C(OC1(C(=O)[O-])O)C(C(CO)O)O)NC(=O)CO)O
Neuromedin N	CCC(C)C(C(=O)NC(CC(C)C)C(=O)O)NC(=O)C(CC1=CC=C(C=C1)O)NC(=O)C2CCCN2C(=O)C(C(C)CC)NC(=O)C(CCCCN)N
Neuromedin N (1-4)	CCC(C)C(C(=O)N1CCCC1C(=O)NC(CC2=CC=C(C=C2)O)C(=O)NC(C(C)CC)C(=O)O)N
Nicotinamide	C1=CC(=CN=C1)C(=O)N
Nicotinamide Adenine Dinucleotide	C1=CC(=C[N+](=C1)C2C(C(C(O2)COP(=O)([O-])OP(=O)(O)OCC3C(C(C(O3)N4C=NC5=C(N=CN=C54)N)O)O)O)O)C(=O)N
Nicotinamide Adenine Dinucleotide - Reduced	
Nicotinamide Adenine Dinucleotide Phosphate	C1=CC(=C[N+](=C1)C2C(C(C(O2)COP(=O)([O-])OP(=O)([O-])OCC3C(C(C(O3)N4C=NC5=C(N=CN=C54)N)OP(=O)([O-])[O-])O)O)O)C(=O)N
Nicotinamide Adenine Dinucleotide Phosphate - Reduced	C1C=CN(C=C1C(=O)N)C2C(C(C(O2)COP(=O)(O)OP(=O)(O)OCC3C(C(C(O3)N4C=NC5=C(N=CN=C54)N)OP(=O)(O)O)O)O)O
Nicotinamide Ribotide	C1=CC(=C[N+](=C1)C2C(C(C(O2)COP(=O)(O)[O-])O)O)C(=O)N
Nicotinate	C1=CC(=CN=C1)C(=O)[O-]
Nicotinate D-Ribonucleoside	
Nicotinate D-Ribonucleotide	C1=CC(=C[N+](=C1)C2C(C(C(O2)COP(=O)(O)O)O)O)C(=O)O
Nifedipine	CC1=C(C(C(=C(N1)C)C(=O)OC)C2=CC=CC=C2[N+](=O)[O-])C(=O)OC
Nitric Oxide	[N]=O
Nitrite	N(=O)[O-]
Nitropyridine metabolite of nifedipine	
Nitryl Chloride	[NH+](=O)[O-].[Cl-]
Nlc6Cer	CCCCCCCCCCCCCC=CC(C(COC1C(C(C(C(O1)CO)OC2C(C(C(C(O2)CO)O)OC3C(C(C(C(O3)CO)OC4C(C(C(C(O4)CO)O)OC5C(C(C(C(O5)CO)OC6C(C(C(C(O6)CO)O)O)O)O)NC(=O)C)O)O)NC(=O)C)O)O)O)NC(=O)C)O
Nlc7Cer	
Nlc8Cer	
Nonadecanoic Acid	CCCCCCCCCCCCCCCCCCC(=O)O
Nonadecanoyl Coenzyme A	CCCCCCCCCCCCCCCCCCC(=O)SCCNC(=O)CCNC(=O)C(C(C)(C)COP(=O)(O)OP(=O)(O)OCC1C(C(C(O1)N2C=NC3=C(N=CN=C32)N)O)OP(=O)(O)O)O
Nonadecanoylcarnitine	CCCCCCCCCCCCCCCCCCC(=O)OC(CC(=O)[O-])C[N+](C)(C)C
Nonanoic Acid	CCCCCCCCC(=O)O
Nonanoyl Coenzyme A	
Norepinephrine	C1=CC(=C(C=C1C(CN)O)O)O
O-Acetylcarnitine	CC(=O)OC(CC(=O)[O-])C[N+](C)(C)C
O-Arachidonoyl Ethanolamine	CCCCCC=CCC=CCC=CCC=CCCCC(=O)OCCN
O-Methylhippurate	
O-Octadecanoyl-R-Carnitine	CCCCCCCCCCCCCCCCCC(=O)OC(CC(=O)[O-])C[N+](C)(C)C
O-Phospho-L-Serine	C(C(C(=O)O)N)OP(=O)(O)O
O-Phosphonato-L-Homoserine	
O-Propanoylcarnitine	CCC(=O)OC(CC(=O)[O-])C[N+](C)(C)C
O2-4A-Cyclic-Tetrahydrobiopterin	
Ocosatetraenoylcarnitine	
Octadecanoate (N-C18:0)	CCCCCCCCCCCCCCCCCC(=O)[O-]
Octadecanoyl-ACP (n-C18:0ACP)	
Octadecatrienoylcarnitine	CCCCCCCCCCCC=CC=CC=CC(=O)OC(CC(=O)[O-])C[N+](C)(C)C
Octadecenoate (N-C18:1)	CCCCCCCCC=CCCCCCCCC(=O)[O-]
Octadecenoyl Carnitine (Hypothetical, Position Of Double Bond Unknown)	
Octadecenoyl Coenzyme A	
Octadecenoyl Coenzyme A (N-C18:1 Coenzyme A)	
Octadecenoylcarnitine(11)	
Octadecenoylcarnitine(7)	
Octanoate (N-C8:0)	CCCCCCCC(=O)[O-]
Octanoyl Carnitine	
Octanoyl Coenzyme A (N-C8:0 Coenzyme A)	
Octanoyl-ACP (n-C8:0ACP)	
Octenoyl Carnitine	
Octenoyl Coenzyme A	
Oleoyl Ethanolamide	CCCCCCCCC=CCCCCCCCC(=O)NCCO
Oleoyl-CoA	CCCCCCCCC=CCCCCCCCC(=O)SCCNC(=O)CCNC(=O)C(C(C)(C)COP(=O)(O)OP(=O)(O)OCC1C(C(C(O1)N2C=NC3=C(N=CN=C32)N)O)OP(=O)(O)O)O
Omega Hydroxy Dodecanoate (N-C12:0)	
Omega Hydroxy Hexadecanoate (N-C16:0)	C(CCCCCCCC(=O)O)CCCCCCCO
Omega Hydroxy Tetradecanoate (N-C14:0)	
Omega-3-Arachidonic Acid	CCC=CCC=CCC=CCC=CCCCCCCC(=O)O
Omeprazole	CC1=CN=C(C(=C1OC)C)CS(=O)C2=NC3=C(N2)C=C(C=C3)OC
One Carbon Unit	
Ornithine	C(CC(C(=O)O)N)CN
Orotate	C1=C(NC(=O)NC1=O)C(=O)[O-]
Orotidine 5'-Phosphate	C1=C(N(C(=O)NC1=O)C2C(C(C(O2)COP(=O)(O)O)O)O)C(=O)O
Orthophosphate	[O-]P(=O)([O-])[O-]
Oxalate	C(=O)(C(=O)[O-])[O-]
Oxaloacetate	C(C(=O)C(=O)O)C(=O)O
Oxalosuccinate	C(C(C(=O)C(=O)O)C(=O)O)C(=O)O
Oxidized Thioredoxin	
Oxygen	O=O
P-Coumaroyl Coenzyme A	
P-Cresol	CC1=CC=C(C=C1)O
P-Cresol Sulfate	CC1=CC=C(C=C1)OS(=O)(=O)O
Pa6	CCCCC(=O)OCC(COP(=O)(O)O)OC=O
Paclitaxel	CC1=C2C(C(=O)C3(C(CC4C(C3C(C(C2(C)C)(CC1OC(=O)C(C(C5=CC=CC=C5)NC(=O)C6=CC=CC=C6)O)O)OC(=O)C7=CC=CC=C7)(CO4)OC(=O)C)O)C)OC(=O)C
Palmitoleoyl-Carnitine	CCCCCCC=CCCCCCCCC(=O)C(CC(=O)[O-])(C[N+](C)(C)C)O
Palmitoleyl Coenzyme A	CCCCCCC=CCCCCCCCC(=O)SCCNC(=O)CCNC(=O)C(C(C)(C)COP(=O)(O)OP(=O)(O)OCC1C(C(C(O1)N2C=NC3=C(N=CN=C32)N)O)OP(=O)(O)O)O
Palmitoyl Coenzyme A (N-C16:0 Coenzyme A)	
Palmitoyl-ACP (n-C16:0ACP)	
Palmitoylethanolamide	CCCCCCCCCCCCCCCC(=O)NCCO
Pantetheine	CC(C)(CO)C(C(=O)NCCC(=O)NCCS)O
Pantetheine 4-Phosphate	
Paragloboside	
Pe-Nme-Ld-Pool	
Pectin	C1(C(C(OC(C1O)O)C(=O)O)O)O
Pectin-Deoxycholic Acid Complex	
Pectin-Glycocholate Complex	
Pectin-Taurocholic Acid Complex	
Pentadecanoic Acid	CCCCCCCCCCCCCCC(=O)O
Pentadecanoyl Coenzyme A	CCCCCCCCCCCCCCC(=O)SCCNC(=O)CCNC(=O)C(C(C)(C)COP(=O)(O)OP(=O)(O)OCC1C(C(C(O1)N2C=NC3=C(N=CN=C32)N)O)OP(=O)(O)O)O
Pentadecanoyl Thanolamide (C15:0)	
Pentadecanoylcarnitine	CCCCCCCCCCCCCCC(=O)OC(CC(=O)[O-])C[N+](C)(C)C
Pentaglutamyl Folate (Dhf)	
Pentaglutamyl Folate (Thf)	
Pentanoyl Coenzyme A	CCCCC(=O)SCCNC(=O)CCNC(=O)C(C(C)(C)COP(=O)(O)OP(=O)(O)OCC1C(C(C(O1)N2C=NC3=C(N=CN=C32)N)O)OP(=O)(O)O)O
Peptidyl-L-Lysine	
Perillyl Alcohol	CC(=C)C1CCC(=CC1)CO
Peroxynitrite	N(=O)O[O-]
Phenylacetaldehyde	C1=CC=C(C=C1)CC=O
Phenylacetate	C1=CC=C(C=C1)CC(=O)[O-]
Phenylacetyl Coenzyme A	CC(C)(COP(=O)(O)OP(=O)(O)OCC1C(C(C(O1)N2C=NC3=C(N=CN=C32)N)O)OP(=O)(O)O)C(C(=O)NCCC(=O)NCCSC(=O)CC4=CC=CC=C4)O
Phenylacetylglycine	C1=CC=C(C=C1)CC(=O)NCC(=O)O
Phenylalanyl-Asparaginyl-Methionine	CSCCC(C(=O)O)NC(=O)C(CC(=O)N)NC(=O)C(CC1=CC=CC=C1)N
Phenylalanyl-Aspartate	C1=CC=C(C=C1)CC(C(=O)NC(CC(=O)O)C(=O)O)N
Phenylalanyl-Glutaminyl-Phenylalanine	C1=CC=C(C=C1)CC(C(=O)NC(CCC(=O)N)C(=O)NC(CC2=CC=CC=C2)C(=O)O)N
Phenylalanyl-Leucine	CC(C)CC(C(=O)O)NC(=O)C(CC1=CC=CC=C1)N
Phenylalanyl-Leucyl-Aspartate	
Phenylalanyl-Leucyl-Histidine	CC(C)CC(C(=O)NC(CC1=CN=CN1)C(=O)O)NC(=O)C(CC2=CC=CC=C2)N
Phenylalanyl-Lysyl-Alanine	CC(C(=O)O)NC(=O)C(CCCCN)NC(=O)C(CC1=CC=CC=C1)N
Phenylalanyl-Lysyl-Proline	C1CC(N(C1)C(=O)C(CCCCN)NC(=O)C(CC2=CC=CC=C2)N)C(=O)O
Phenylalanyl-Phenylalanine	C1=CC=C(C=C1)CC(C(=O)NC(CC2=CC=CC=C2)C(=O)O)N
Phenylalanyl-Phenylalaninyl-Asparagine	
Phenylalanyl-Phenylalaninyl-Threonine	
Phenylalanyl-Prolyl-Arginine	C1CC(N(C1)C(=O)C(CC2=CC=CC=C2)N)C(=O)NC(CCCN=C(N)N)C(=O)O
Phenylalanyl-Seryl-Tryptophan	C1=CC=C(C=C1)CC(C(=O)NC(CO)C(=O)NC(CC2=CNC3=CC=CC=C32)C(=O)O)N
Phenylalanyl-Threonyl-Lysine	CC(C(C(=O)NC(CCCCN)C(=O)O)NC(=O)C(CC1=CC=CC=C1)N)O
Phenylalanyl-Tryptophanyl-Leucine	CC(C)CC(C(=O)O)NC(=O)C(CC1=CNC2=CC=CC=C21)NC(=O)C(CC3=CC=CC=C3)N
Phenylalanyl-Tyrosine	C1=CC=C(C=C1)CC(C(=O)NC(CC2=CC=C(C=C2)O)C(=O)O)N
Phenylalanyl-Tyrosinyl-Glutamine	
Phenylalanyl-Tyrosinyl-Lysine	
Phenyllactate	
Phosphatidate	
Phosphatidate-Ld-Pc-Pool	
Phosphatidate-Ld-Pe-Pool	
Phosphatidate-Ld-Sm-Pool	
Phosphatidyl Glycerol Phosphate	
Phosphatidyl-N-Dimethylethanolamine	CN(C)CCO
Phosphatidylcholine	
Phosphatidylethanolamine	CC(=O)OCC(COP(=O)(O)OCCN)OC(=O)C
Phosphatidylglycerol	CCC.CCO.C(C(COP(=O)(O)O)O)O
Phosphatidylinositol 4,5-Bisphosphate	CCCCCCCCC=CCCCCCCCC(=O)OCC(COP(=O)(O)OC1C(C(C(C(C1O)OP(=O)(O)O)OP(=O)(O)O)O)O)OC(=O)CCCCCCCC=CCCCCCCCC
Phosphatidylserine	CCCCCCCCCCCCCCCCCC(=O)OCC(COP(=O)(O)OCC(C(=O)O)N)OC(=O)CCCCCCCCCCCCCCCCC
Phosphocreatine	CN(CC(=O)O)C(=NP(=O)(O)O)N
Phosphodimethylethanolamine	CN(C)CCOP(=O)(O)O
Phosphoenolpyruvate	C=C(C(=O)O)OP(=O)(O)O
Phosphoethanolaminyl-Mannosyl-Glucosylaminyl-Acylphosphatidylinositol (H5)	
Phosphoethanolaminyl-Trimannosyl-Glucosaminyl-Acylphosphatidylinositol (H6)	
Phosphorylase-Limit Dextrin (Glycogenin-1,6{4[1,4-Glc], 4[1,4-Glc]})	
Phylloquinone	CC1=C(C(=O)C2=CC=CC=C2C1=O)CC=C(C)CCCC(C)CCCC(C)CCCC(C)C
Phytanate	CC(C)CCCC(C)CCCC(C)CCCC(C)CC(=O)[O-]
Phytanoyl Coenzyme A	CC(C)CCCC(C)CCCC(C)CCCC(C)CC(=O)SCCNC(=O)CCNC(=O)C(C(C)(C)COP(=O)(O)OP(=O)(O)OCC1C(C(C(O1)N2C=NC3=C(N=CN=C32)N)O)OP(=O)(O)O)O
Phytoceramide	
Phytosphingosine	CCCCCCCCCCCCCCC(C(C(CO)N)O)O
Phytosphingosine-1-Phosphate	CCCCCCCCCCCCCCC(C(C(COP(=O)(O)O)N)O)O
Picolinic Acid	C1=CC=NC(=C1)C(=O)O
Pooled cholesterol ester	
Porphobilinogen	C1=C(C(=C(N1)CN)CC(=O)O)CCC(=O)O
Potassium	[K]
Pregn-5-Ene-3,20-Dione	CC(=O)C1CCC2C1(CCC3C2CC=C4C3(CCC(=O)C4)C)C
Pregn-5-Ene-3,20-Dione-17-Ol	CC(=O)C1(CCC2C1(CCC3C2CC=C4C3(CCC(=O)C4)C)C)O
Pregnenolone	CC(=O)C1CCC2C1(CCC3C2CC=C4C3(CCC(C4)O)C)C
Pregnenolone Sulfate	CC(=O)C1CCC2C1(CCC3C2CC=C4C3(CCC(C4)OS(=O)(=O)O)C)C
Presqualene Diphosphate	CC(=CCCC(=CCCC(=CC1C(C1(C)CCC=C(C)CCC=C(C)C)COP(=O)(O)OP(=O)(O)O)C)C)C
Previtamin D3	CC1=C(CC(CC1)O)C=CC2=CCCC3(C2CCC3C(C)CCCC(C)C)C
Primed Glycogenin (Glycogenin-8[1,4-Glc])	
Pristanal	CC(C)CCCC(C)CCCC(C)CCCC(C)C=O
Pristanic Acid	CC(C)CCCC(C)CCCC(C)CCCC(C)C(=O)O
Pristanoyl Coenzyme A	CC(C)CCCC(C)CCCC(C)CCCC(C)C(=O)SCCNC(=O)CCNC(=O)C(C(C)(C)COP(=O)(O)OP(=O)(O)OCC1C(C(C(O1)N2C=NC3=C(N=CN=C32)N)O)OP(=O)(O)O)O
Progesterone	CC(=O)C1CCC2C1(CCC3C2CCC4=CC(=O)CCC34C)C
Prolyl-Arginyl-Aspartate	
Prolyl-Arginyl-Cysteine	C1CC(NC1)C(=O)NC(CCCN=C(N)N)C(=O)NC(CS)C(=O)O
Prolyl-Asparaginyl-Cysteine	C1CC(NC1)C(=O)NC(CC(=O)N)C(=O)NC(CS)C(=O)O
Prolyl-Cysteine	C1CC(NC1)C(=O)NC(CS)C(=O)O
Prolyl-Glutamatsyl-Lysine	
Prolyl-Glutaminyl-Proline	C1CC(NC1)C(=O)NC(CCC(=O)N)C(=O)N2CCCC2C(=O)O
Prolyl-Histidine	C1CC(NC1)C(=O)NC(CC2=CN=CN2)C(=O)O
Prolyl-Histidyl-Tyrosine	C1CC(NC1)C(=O)NC(CC2=CN=CN2)C(=O)NC(CC3=CC=C(C=C3)O)C(=O)O
Prolyl-Leucyl-Arginine	CC(C)CC(C(=O)NC(CCCN=C(N)N)C(=O)O)NC(=O)C1CCCN1
Prolyl-Lysyl-Proline	C1CC(NC1)C(=O)NC(CCCCN)C(=O)N2CCCC2C(=O)O
Prolyl-Phenylalanine	C1CC(NC1)C(=O)NC(CC2=CC=CC=C2)C(=O)O
Prolyl-Prolyl-Arginine	C1CC(NC1)C(=O)N2CCCC2C(=O)NC(CCCN=C(N)N)C(=O)O
Prolyl-Prolyl-Proline	C1CC(NC1)C(=O)N2CCCC2C(=O)N3CCCC3C(=O)O
Prolyl-Tryptophanyl-Lysine	C1CC(NC1)C(=O)NC(CC2=CNC3=CC=CC=C32)C(=O)NC(CCCCN)C(=O)O
Prolyl-Tryptophanyl-Threonine	CC(C(C(=O)O)NC(=O)C(CC1=CNC2=CC=CC=C21)NC(=O)C3CCCN3)O
Prolyl-Valyl-Glutamine	CC(C)C(C(=O)NC(CCC(=O)N)C(=O)O)NC(=O)C1CCCN1
Propanoyl Coenzyme A	
Propinol Adenylate	CCC(=O)OP(=O)(O)OCC1C(C(C(O1)N2C=NC3=C(N=CN=C32)N)O)O
Propionate	CCC(=O)[O-]
Propionyl-Glycine	
Prostaglandin D2	CCCCCC(C=CC1C(C(CC1=O)O)CC=CCCCC(=O)O)O
Prostaglandin E1	CCCCCC(C=CC1C(CC(=O)C1CCCCCCC(=O)O)O)O
Prostaglandin E2	CCCCCC(C=CC1C(CC(=O)C1CC=CCCCC(=O)O)O)O
Prostaglandin F2Alpha	CCCCCC(C=CC1C(CC(C1CC=CCCCC(=O)O)O)O)O
Prostaglandin G1	CCCCCC(C=CC1C2CC(C1CCCCCCC(=O)O)OO2)OO
Prostaglandin H1	CCCCCC(C=CC1C2CC(C1CCCCCCC(=O)O)OO2)O
Prostaglandin H2	CCCCCC(C=CC1C2CC(C1CC=CCCCC(=O)O)OO2)O
Prostaglandin H3	CCC=CCC(C=CC1C2CC(C1CC=CCCCC(=O)O)OO2)O
Prostaglandin I2	CCCCCC(C=CC1C(CC2C1CC(=CCCCC(=O)O)O2)O)O
Prostaglandin J2	CCCCCC(C=CC1C(C=CC1=O)CC=CCCCC(=O)O)O
Prostaglandin-A1	
Prostaglandin-A2	
Prostaglandin-B1	CCCCCC(C=CC1=C(C(=O)CC1)CCCCCCC(=O)O)O
Prostaglandin-B2	CCCCCC(C=CC1=C(C(=O)CC1)CC=CCCCC(=O)O)O
Prostaglandin-C1	CCCCCC(C=CC1=CCC(=O)C1CCCCCCC(=O)O)O
Prostaglandin-C2	CCCCCC(C=CC1=CCC(=O)C1CC=CCCCC(=O)O)O
Prostaglandin-D1	
Prostaglandin-D3	
Prostaglandin-E3	CCC=CCC(C=CC1C(CC(=O)C1CC=CCCCC(=O)O)O)O
Prostaglandin-F1Alpha	
Prostaglandin-F2Beta	
Prostaglandin-G2	CCCCCC(C=CC1C2CC(C1CC=CCCCC(=O)O)OO2)OO
Protein Asparagine	
Protein N6,N6,N6-Trimethyl-L-Lysine	
Protein N6,N6-Dimethyl-L-Lysine	
Protein N6-Methyl-L-Lysine	
Protein-Linked Serine Or Threonine Residue (O-Glycosylation Site)	
Protein-Linked Serine Residue (Glycosaminoglycan Attachment Site)	
Protoheme	CC1=C(C2=CC3=C(C(=C([N-]3)C=C4C(=C(C(=N4)C=C5C(=C(C(=N5)C=C1[N-]2)C)C=C)C)C=C)C)CCC(=O)O)CCC(=O)O.[Fe+2]
Proton	[H+]
Protoporphyrin	CC1=C(C2=CC3=NC(=CC4=NC(=CC5=C(C(=C(N5)C=C1N2)C=C)C)C(=C4CCC(=O)O)C)C(=C3C)CCC(=O)O)C=C
Protoporphyrinogen Ix	CC1=C2CC3=C(C(=C(N3)CC4=C(C(=C(N4)CC5=C(C(=C(N5)CC(=C1CCC(=O)O)N2)CCC(=O)O)C)C=C)C)C=C)C
Psillium-Glycocholic Acid Complex	
Psychosine	CCCCCCCCCCCCCC=CC(C(COC1C(C(C(C(O1)CO)O)O)O)N)O
Psyllium	CCCCCCCCCCCCCCCCCCCCCCCCCCCCCCCCC(=O)O
Psyllium-Taurocholic Acid Complex	
Psyllium-Taurodeoxycholic Acid Complex	
Putrescine	C(CCN)CN
Pyridoxal	CC1=NC=C(C(=C1O)C=O)CO
Pyridoxal 5-Phosphate	CC1=NC=C(C(=C1O)C=O)COP(=O)(O)O
Pyridoxamine	CC1=NC=C(C(=C1O)CN)CO
Pyridoxamine 5-Phosphate	CC1=NC=C(C(=C1O)CN)COP(=O)(O)O
Pyridoxine	CC1=NC=C(C(=C1O)CO)CO
Pyridoxine 5-Phosphate	CC1=NC=C(C(=C1O)CO)COP(=O)(O)O
Pyruvate	CC(=O)C(=O)[O-]
Quinolinic Acid	C1=CC(=C(N=C1)C(=O)O)C(=O)O
Quinonoid Dihydrobiopterin	CC(C(C1=NC2=C(NC1)N=C(NC2=O)N)O)O
R Group 2 Coenzyme A	
R Total 2 Coenzyme A	
R Total 2 Position	
R Total 3 Carnitine	
R Total 3 Coenzyme A	
R Total 3 Position	
R Total Coenzyme A	
R-3-hydroxypalmitoyl-[acyl-carrier protein]	
R-carboxy ibuprofen	
Reduced Glutathione	C(CC(=O)NC(CS)C(=O)NCC(=O)O)C(C(=O)O)N
Reduced Thioredoxin	C[N+](C)(C)C(CC1=CNC(=S)N1)C(=O)O
Reducing GlcNac Removed Form Of N2M2Nmasn (W/O Peptide)	
Retinal	CC1=C(C(CCC1)(C)C)C=CC(=CC=CC(=CC=O)C)C
Retinol	CC1=C(C(CCC1)(C)C)C=CC(=CC=CC(=CCO)C)C
Retinoyl Glucuronide	CC1=C(C(CCC1)(C)C)C=CC(=CC=CC(=CC(=O)OC2C(C(C(C(O2)C(=O)O)O)O)O)C)C
Retinyl Palmitate	CCCCCCCCCCCCCCCC(=O)OCC=C(C)C=CC=C(C)C=CC1=C(CCCC1(C)C)C
Riboflavin	CC1=CC2=C(C=C1C)N(C3=NC(=O)NC(=O)C3=N2)CC(C(C(CO)O)O)O
S-(2-Methylbutanoyl)-Dihydrolipoamide	CCC(C)C(=O)SCCC(CCCCC(=O)N)S
S-(2-Methylpropanoyl)-Dihydrolipoamide	CC(C)C(=O)SCCC(CCCCC(=O)N)S
S-(3-Methylbutanoyl)-Dihydrolipoamide	CC(C)CC(=O)SCCC(CCCCC(=O)N)S
S-Acetyldihydrolipoamide	CC(=O)SC(CCCCC(=O)N)CCS
S-Adenosyl-L-Homocysteine	C1=NC(=C2C(=N1)N(C=N2)C3C(C(C(O3)CSCCC(C(=O)O)N)O)O)N
S-Adenosyl-L-Methionine	C[S+](CCC(C(=O)[O-])N)CC1C(C(C(O1)N2C=NC3=C(N=CN=C32)N)O)O
S-Adenosylmethioninamine	C[S+](CCCN)CC1C(C(C(O1)N2C=NC3=C(N=CN=C32)N)O)O
S-Aminomethyldihydrolipoamide	C(CCC(=O)N)CC(CCSCN)S
S-Aminomethyldihydrolipoylprotein	C(CCC(=O)N)CC(CCSCN)S
S-Formylglutathionate	
S-Glutaryldihydrolipoamide	C(CCC(=O)N)CC(CCSC(=O)CCCC(=O)O)S
S-Glutathionyl-Ethacrynic-Acid	
S-Sulfo-L-Cysteine	C(C(C(=O)O)N)SS(=O)(=O)O
S-[2-Carboxy-1-(1 H-Imidazol-4-Yl)Ethyl]-L-Cysteine	
S-carboxy ibuprofen	
S-carboxy ibuprofen glucuronide	
Salsolinol 1-Carboxylate	CC1(C2=CC(=C(C=C2CCN1)O)O)C(=O)O
Salyl-(2,3)-Sialyl-(2,6)-Galactosylgloboside	
Sarcosine	CNCC(=O)O
Sebacicacid	
Sebacoyl Carnitine	
Sebacoyl Coenzyme A	
Sedoheptulose 1,7-Bisphosphate	C(C(C(C(C(C(=O)COP(=O)(O)O)O)O)O)O)OP(=O)(O)O
Sedoheptulose 7-Phosphate	C(C(C(C(C(C(=O)CO)O)O)O)O)OP(=O)(O)O
Selenomethionine	C[Se]CCC(C(=O)O)N
Serotonin	C1=CC2=C(C=C1O)C(=CN2)CCN
Seryl-Arginyl-Alanine	CC(C(=O)O)NC(=O)C(CCCN=C(N)N)NC(=O)C(CO)N
Seryl-Arginyl-Tryptophan	C1=CC=C2C(=C1)C(=CN2)CC(C(=O)O)NC(=O)C(CCCN=C(N)N)NC(=O)C(CO)N
Seryl-Cysteinyl-Arginine	C(CC(C(=O)O)NC(=O)C(CS)NC(=O)C(CO)N)CN=C(N)N
Seryl-Glycyl-Glutamate	
Seryl-Lysyl-Histidine	C1=C(NC=N1)CC(C(=O)O)NC(=O)C(CCCCN)NC(=O)C(CO)N
Seryl-Phenylalanyl-Lysine	C1=CC=C(C=C1)CC(C(=O)NC(CCCCN)C(=O)O)NC(=O)C(CO)N
Seryl-Tryptophanyl-Histidine	C1=CC=C2C(=C1)C(=CN2)CC(C(=O)NC(CC3=CN=CN3)C(=O)O)NC(=O)C(CO)N
Sialyl Galactosylgloboside	
Sialyl-(1,3)-Sialyl-(2,6)-Galactosylgloboside	
Sialyl-T Antigen	
Sialyl-Tn Antigen	
Sm (D18:0/24:0), Sphingomyelin	
Sm (D18:0/24:1), Sphingomyelin	
Sm (D18:0/25:0), Sphingomyelin	
Sm (D18:1/14:0), Sphingomyelin	
Sm (D18:1/15:0), Sphingomyelin	
Sm (D18:1/16:0), Sphingomyelin	
Sm (D18:1/16:1), Sphingomyelin	
Sm (D18:1/17:0), Sphingomyelin	
Sm (D18:1/18:0), Sphingomyelin	
Sm (D18:1/18:1), Sphingomyelin	
Sm (D18:1/20:0), Sphingomyelin	
Sm (D18:1/20:1), Sphingomyelin	
Sm (D18:1/21:0), Sphingomyelin	
Sm (D18:1/22:0), Sphingomyelin	
Sm (D18:1/22:1), Sphingomyelin	
Sm (D18:1/23:0), Sphingomyelin	
Smcfa-Blood-Pool	
Sodium	[Na]
Spermidine	C(CCNCCCN)CN
Spermidine Dialdehyde	
Spermidine Monoaldehyde 1	C(CC=O)CNCCCN
Spermidine Monoaldehyde 2	
Spermine	C(CCNCCCN)CNCCCN
Spermine Dialdehyde	C(CCNCCC=O)CNCCC=O
Spermine Monoaldehyde	C(CC[NH2+]CCC=O)C[NH2+]CCC[NH3+]
Sphinganine	CCCCCCCCCCCCCCCC(C(CO)N)O
Sphingomyelin 	
Sphingosine	CCCCCCCCCCCCCC=CC(C(CO)N)O
Sphingosine 1-Phosphate	CCCCCCCCCCCCCC=CC(C(COP(=O)(O)O)N)O
Sphingosylphosphorylcholine	CCCCCCCCCCCCCC=CC(C(COP(=O)([O-])OCC[N+](C)(C)C)N)O
Squalene	CC(=CCCC(=CCCC(=CCCC=C(C)CCC=C(C)CCC=C(C)C)C)C)C
Squalene 2,3-Epoxide	CC(=CCCC(=CCCC(=CCCC=C(C)CCC=C(C)CCC1C(O1)(C)C)C)C)C
Starch, Structure 1 (1,6-{7[1,4-Glc], 4[1,4-Glc]})	
Starch, Structure 2 (1,6-{2[1,4-Glc], [1,4-Glc]})	
Stearidonic Acid C18:4, N-3	
Stearidonoyl Coenzyme A	CCC=CCC=CCC=CCC=CCCCCC(=O)SCCNC(=O)CCNC(=O)C(C(C)(C)COP(=O)(O)OP(=O)(O)OCC1C(C(C(O1)N2C=NC3=C(N=CN=C32)N)O)OP(=O)(O)O)O
Stearoyl Coenzyme A (N-C18:0 Coenzyme A)	
Stearoyl Ethanolamide	CCCCCCCCCCCCCCCCCC(=O)NCCO
Suberic Acid	C(CCCC(=O)O)CCC(=O)O
Suberyl Carnitine	
Suberyl Coenzyme A	
Suberyl-Glycine	
Succinate	C(CC(=O)[O-])C(=O)[O-]
Succinic Semialdehyde	C(CC(=O)O)C=O
Succinyl Carnitine	
Succinyl Coenzyme A	CC(C)(COP(=O)(O)OP(=O)(O)OCC1C(C(C(O1)N2C=NC3=C(N=CN=C32)N)O)OP(=O)(O)O)C(C(=O)NCCC(=O)NCCSC(=O)CCC(=O)O)O
Succinyl-Acetoacetate	C(CC(=O)O)C(=O)CC(=O)CC(=O)O
Succinylacetone	CC(=O)CC(=O)CCC(=O)O
Sucrose	C(C1C(C(C(C(O1)OC2(C(C(C(O2)CO)O)O)CO)O)O)O)O
Sulfate	[O-]S(=O)(=O)[O-]
Sulfate Derivative Of Norepinephrine	
Sulfatide Galactocerebroside	
Sulfite	[O-]S(=O)[O-]
Sulfochenodeoxycholate	
Sulfoglycolithocholate	CC(CCC(=O)NCC(=O)O)C1CCC2C1(CCC3C2CCC4C3(CCC(C4)OS(=O)(=O)[O-])C)C
Sulfotaurolithocholate	
Superoxide	[O-][O]
T-Antigen (Core 1)	
Tachysterol 3	CC1=C(CC(CC1)O)C=CC2=CCCC3(C2CCC3C(C)CCCC(C)C)C
Tacrolimus	CC1CC(C2C(CC(C(O2)(C(=O)C(=O)N3CCCCC3C(=O)OC(C(C(CC(=O)C(C=C(C1)C)CC=C)O)C)C(=CC4CCC(C(C4)OC)O)C)O)C)OC)OC
Tags-Chylomicron-Pool	
Taurine	C(CS(=O)(=O)O)N
Taurochenodeoxycholate	CC(CCC(=O)NCCS(=O)(=O)O)C1CCC2C1(CCC3C2C(CC4C3(CCC(C4)O)C)O)C
Taurochenodeoxycholic acid 3-sulfate	CC(CCC(=O)NCCS(=O)(=O)O)C1CCC2C1(CCC3C2C(CC4C3(CCC(C4)OS(=O)(=O)O)C)O)C
Taurocholic acid	CC(CCC(=O)NCCS(=O)(=O)O)C1CCC2C1(C(CC3C2C(CC4C3(CCC(C4)O)C)O)O)C
Taurocholic acid 3-sulfate	CC(CCC(=O)NCCS(=O)(=O)O)C1CCC2C1(C(CC3C2C(CC4C3(CCC(C4)OS(=O)(=O)O)C)O)O)C
Taurodeoxycholic Acid	CC(CCC(=O)NCCS(=O)(=O)O)C1CCC2C1(C(CC3C2CCC4C3(CCC(C4)O)C)O)C
Taurodeoxycholic acid 3-sulfate	
Taurohyocholic acid; N-(3alpha,6alpha,7alpha-Trihydroxy-5beta-cholan-24-oyl)taurine	
Taurolithocholate	CC(CCC(=O)NCCS(=O)(=O)O)C1CCC2C1(CCC3C2CCC4C3(CCC(C4)O)C)C
Tauroursodeoxycholate	CC(CCC(=O)NCCS(=O)(=O)[O-])C1CCC2C1(CCC3C2C(CC4C3(CCC(C4)O)C)O)C
Tauroursodeoxycholic acid 3-sulfate	
Testosterone	CC12CCC3C(C1CCC2O)CCC4=CC(=O)CCC34C
Testosterone 3-Glucosiduronic Acid	
Testosterone Sulfate	CC12CCC3C(C1CCC2OS(=O)(=O)O)CCC4=CC(=O)CCC34C
TetraHCA	CC(CCC(C(C)C(=O)O)O)C1CCC2C1(C(CC3C2C(CC4C3(CCC(C4)O)C)O)O)C
Tetracosa-6,9,12,15,18,21-All-Cis-Hexaenoyl Coenzyme A	
Tetracosa-6,9,12,15,18-All-Cis-Pentaenoyl Coenzyme A	
Tetracosanoyl Coenzyme A	
Tetradecadienoyl Carnitine	
Tetradecadienoyl Coenzyme A	
Tetradecanedioyl Coenzyme A	
Tetradecanoic Acid	CCCCCCCCCCCCCC(=O)O
Tetradecanoylcarnitine	CCCCCCCCCCCCCC(=O)OC(CC(=O)[O-])C[N+](C)(C)C
Tetradecenoyl Carnitine	
Tetradecenoyl Coenzyme A	
Tetradecenoyl Coenzyme A (N-C14:1)	
Tetradecenoylcarnitine(5)	
Tetradecenoylcarnitine(9)	
Thiamin	CC1=C(SC=[N+]1CC2=CN=C(N=C2N)C)CCO
Thiamin Monophosphate	CC1=C(SC=[N+]1CC2=CN=C(N=C2N)C)CCOP(=O)(O)O
Thiamine Diphosphate	CC1=C(SC=[N+]1CC2=CN=C(N=C2N)C)CCOP(=O)(O)OP(=O)(O)O
Thiamine-Triphosphate	CC1=C(SC=[N+]1CC2=CN=C(N=C2N)C)CCOP(=O)(O)OP(=O)(O)OP(=O)(O)O
Thiocyanate	C(#N)[S-]
Thiosulfate	OS(=O)(=S)[O-]
Threonyl-Arginyl-Tyrosine	CC(C(C(=O)NC(CCCN=C(N)N)C(=O)NC(CC1=CC=C(C=C1)O)C(=O)O)N)O
Threonyl-Asparaginyl-Tyrosine	CC(C(C(=O)NC(CC(=O)N)C(=O)NC(CC1=CC=C(C=C1)O)C(=O)O)N)O
Threonyl-Glutaminyl-Glutamate	
Threonyl-Glutaminyl-Tyrosine	CC(C(C(=O)NC(CCC(=O)N)C(=O)NC(CC1=CC=C(C=C1)O)C(=O)O)N)O
Threonyl-Histidinyl-Histidine	
Threonyl-Isoleucyl-Arginine	CCC(C)C(C(=O)NC(CCCN=C(N)N)C(=O)O)NC(=O)C(C(C)O)N
Threonyl-Methionyl-Arginine	CC(C(C(=O)NC(CCSC)C(=O)NC(CCCN=C(N)N)C(=O)O)N)O
Threonyl-Phenylalanyl-Arginine	CC(C(C(=O)NC(CC1=CC=CC=C1)C(=O)NC(CCCN=C(N)N)C(=O)O)N)O
Threonyl-Seryl-Arginine	CC(C(C(=O)NC(CO)C(=O)NC(CCCN=C(N)N)C(=O)O)N)O
Threonyl-Threonyl-Arginine	CC(C(C(=O)NC(C(C)O)C(=O)NC(CCCN=C(N)N)C(=O)O)N)O
Threonyl-Tyrosyl-Methionine	CC(C(C(=O)NC(CC1=CC=C(C=C1)O)C(=O)NC(CCSC)C(=O)O)N)O
Thromboxane A2	CCCCCC(C=CC1C(C2CC(O2)O1)CC=CCCCC(=O)O)O
Thromboxane B2	CCCCCC(C=CC1C(C(CC(O1)O)O)CC=CCCCC(=O)O)O
Thymidine	CC1=CN(C(=O)NC1=O)C2CC(C(O2)CO)O
Thymine	CC1=CNC(=O)NC1=O
Tiglyl Carnitine	CC=C(C)C(=O)OC(CC(=O)[O-])C[N+](C)(C)C
Tiglyl Glycine	CC=C(C)C(=O)NCC(=O)O
Timnodonic Acid C20:5, N-3	
Tn Antigen	CC(=O)NC1C(C(C(OC1OCC(C(=O)O)N)CO)O)O
Tolbutamide	CCCCNC(=O)NS(=O)(=O)C1=CC=C(C=C1)C
Torasemide	CC1=CC(=CC=C1)NC2=C(C=NC=C2)S(=O)(=O)NC(=O)NC(C)C
Torasemide-M1	
Torasemide-M3	
Torasemide-M5	
Total fatty acid	
Trans,Cis,Cis,Cis,Cis-2,10,13,16,19-Docosapentaenoyl Coenzyme A	
Trans,Cis,Cis,Cis,Cis-2,12,15,18,21-Tetracosapentaenoyl Coenzyme A	
Trans,Cis,Cis,Cis-2,10,13,16-Docosatetraenoyl Coenzyme A	
Trans,Cis,Cis,Cis-2,11,14,17-Eicosatetraenoyl Coenzyme A	
Trans,Cis,Cis,Cis-2,13,16,19-Docosatetraenoyl Coenzyme A	
Trans,Cis,Cis-2,11,14-Eicosatrienoic Acid	
Trans,Cis,Cis-2,11,14-Eicosatrienoyl Coenzyme A	
Trans,Cis,Cis-2,13,16-Docasatrienoyl Coenzyme A	
Trans,Cis,Cis-2,7,10-Hexadecatrienoyl Coenzyme A	
Trans,Cis,Cis-2,9,12-Octadecatrienoyl Coenzyme A	
Trans,Cis-2,11-Docosadienoyl Coenzyme A	
Trans,Cis-2,11-Eicosadienoyl Coenzyme A	
Trans,Cis-2,13-Docosadienoyl Coenzyme A	
Trans,Cis-2,13-Eicosadienoyl Coenzyme A	
Trans,Cis-2,15-Tetracosadienoyl Coenzyme A	
Trans,Cis-2,17-Hexacosadienoyl Coenzyme A	
Trans,Cis-2,8,11-Eicosatrienoyl Coenzyme A	
Trans,Cis-2,9-Eicosadienoyl Coenzyme A	
Trans,Cis-2,9-Octadecadienoyl Coenzyme A	
Trans,Cis-Hexadeca-2,7-Dienoyl Coenzyme A	
Trans,Cis-Lauro-2,6-Dienoyl Coenzyme A	
Trans,Cis-Myristo-2,5-Dienoyl Coenzyme A	
Trans,Cis-Octadeca-2,11-Dienoyl Coenzyme A	
Trans,Cis-Octadeca-2,9-Dienoyl Coenzyme A	
Trans,Trans,Cis-Geranylgeranyl Diphosphate	CC(=CCCC(=CCCC(=CCCC(=CCOP(=O)(O)OP(=O)(O)O)C)C)C)C
Trans-2,3-Dehydropristanoyl Coenzyme A	
Trans-2-All-Cis-6,9,12,15,18-Tetracosahexaenoyl Coenzyme A	
Trans-2-Cis,Cis,Cis-8,11,14-Eicosatetraenoyl Coenzyme A	
Trans-2-Cis,Cis-4,8-Tetradecatrienoyl Coenzyme A	
Trans-2-Cis,Cis-5,8-Tetradecatrienoyl Coenzyme A	
Trans-2-Cis-8-Tetradecadienoyl Coenzyme A	
Trans-3-Cis-8,11,14-Eicosatetraenoyl Coenzyme A	
Trans-3-Cis-8-Tetradecadienoyl Coenzyme A	
Trans-3-Methylglutaconyl Coenzyme A	
Trans-4-Coumarate	C1=CC(=CC=C1C=CC(=O)O)[O-]
Trans-4-Hydroxy-L-Proline	C1C(CNC1C(=O)O)O
Trans-Dec-2-Enoyl Coenzyme A	
Trans-Dec-2-enoyl-[acyl-carrier protein]	
Trans-Delta-2-Glutaryl Coenzyme A	
Trans-Delta-2-Heptadecanoic Acid	
Trans-Delta-2-Heptadecanoyl Coenzyme A	
Trans-Dodec-2-Enoyl Coenzyme A	
Trans-Dodec-2-enoyl-[acyl-carrier protein]	
Trans-Hex-2-Enoyl Coenzyme A	
Trans-Hex-2-enoyl-[acyl-carrier protein]	
Trans-Hexadec-2-Enoyl Carnitine	CCCCCCCCCCCCCC=CC(=O)OC(CC(=O)[O-])C[N+](C)(C)C
Trans-Hexadec-2-Enoyl Coenzyme A	
Trans-Hexadec-2-enoyl-[acyl-carrier protein]	
Trans-Oct-2-enoyl-[acyl-carrier protein]	
Trans-Tetradec-2-enoyl-[acyl-carrier protein]	
Trans-octadec-2-enoyl-[acyl-carrier protein]	
Trans2,6Dodecadienoyl Coenzyme A	
Trans3,6Dodecadienoyl Coenzyme A	
Trans4Decenoyl Coenzyme A	CCCCCC=CCCC(=O)SCCNC(=O)CCNC(=O)C(C(C)(C)COP(=O)([O-])OP(=O)([O-])OCC1C(C(C(O1)N2C=NC3=C(N=CN=C32)N)O)OP(=O)([O-])[O-])O
Trans5,8Tetradecadienoyl Coenzyme A	
Trans7,10-Hexadecadienoyl Coenzyme A	CCCCCC=CCC=CCCCCCC(=O)SCCNC(=O)CCNC(=O)C(C(C)(C)COP(=O)([O-])OP(=O)([O-])OCC1C(C(C(O1)N2C=NC3=C(N=CN=C32)N)O)OP(=O)([O-])[O-])O
Trehalose	C(C1C(C(C(C(O1)OC2C(C(C(C(O2)CO)O)O)O)O)O)O)O
Tricosanoic Acid	CCCCCCCCCCCCCCCCCCCCCCC(=O)O
Tricosanoyl Coenzyme A	CCCCCCCCCCCCCCCCCCCCCCC(=O)SCCNC(=O)CCNC(=O)C(C(C)(C)COP(=O)(O)OP(=O)(O)OCC1C(C(C(O1)N2C=NC3=C(N=CN=C32)N)O)OP(=O)(O)O)O
Tridecanoic Acid	CCCCCCCCCCCCC(=O)O
Tridecanoyl Coenzyme A	CCCCCCCCCCCCC(=O)SCCNC(=O)CCNC(=O)C(C(C)(C)COP(=O)(O)OP(=O)(O)OCC1C(C(C(O1)N2C=NC3=C(N=CN=C32)N)O)OP(=O)(O)O)O
Tridecanoyl Thanolamide (C13:0)	
Triglyceride	C(C(COC=O)OC=O)OC=O
Trihexosyl Ceramide	
Triiodothyronine Sulfate	C1=CC(=C(C=C1OC2=C(C=C(C=C2I)CC(C(=O)O)N)I)I)OS(=O)(=O)O
Trimannosyl-Glucosaminyl-Acylphosphatidylinositol (H4)	
Trimethylenediaminium	C(C[NH3+])C[NH3+]
Triphosphate	[O-]P(=O)([O-])OP(=O)([O-])OP(=O)([O-])[O-]
Tryptamine	C1=CC=C2C(=C1)C(=CN2)CCN
Tryptophanyl-Alanyl-Proline	CC(C(=O)N1CCCC1C(=O)O)NC(=O)C(CC2=CNC3=CC=CC=C32)N
Tryptophanyl-Arginyl-Alanine	CC(C(=O)O)NC(=O)C(CCCN=C(N)N)NC(=O)C(CC1=CNC2=CC=CC=C21)N
Tryptophanyl-Aspartyl-Aspartate	
Tryptophanyl-Glutaminyl-Glutamine	C1=CC=C2C(=C1)C(=CN2)CC(C(=O)NC(CCC(=O)N)C(=O)NC(CCC(=O)N)C(=O)O)N
Tryptophanyl-Glutamyl-Glycine	C1=CC=C2C(=C1)C(=CN2)CC(C(=O)NC(CCC(=O)O)C(=O)NCC(=O)O)N
Tryptophanyl-Glutamyl-Leucine	CC(C)CC(C(=O)O)NC(=O)C(CCC(=O)O)NC(=O)C(CC1=CNC2=CC=CC=C21)N
Tryptophanyl-Glutamyl-Proline	C1CC(N(C1)C(=O)C(CCC(=O)O)NC(=O)C(CC2=CNC3=CC=CC=C32)N)C(=O)O
Tryptophanyl-Glutamyl-Tyrosine	C1=CC=C2C(=C1)C(=CN2)CC(C(=O)NC(CCC(=O)O)C(=O)NC(CC3=CC=C(C=C3)O)C(=O)O)N
Tryptophanyl-Glycyl-Aspartate	
Tryptophanyl-Glycyl-Leucine	CC(C)CC(C(=O)O)NC(=O)CNC(=O)C(CC1=CNC2=CC=CC=C21)N
Tryptophanyl-Glycyl-Phenylalanine	C1=CC=C(C=C1)CC(C(=O)O)NC(=O)CNC(=O)C(CC2=CNC3=CC=CC=C32)N
Tryptophanyl-Glycyl-Valine	CC(C)C(C(=O)O)NC(=O)CNC(=O)C(CC1=CNC2=CC=CC=C21)N
Tryptophanyl-Histidyl-Methionine	CSCCC(C(=O)O)NC(=O)C(CC1=CN=CN1)NC(=O)C(CC2=CNC3=CC=CC=C32)N
Tryptophanyl-Isoleucyl-Lysine	CCC(C)C(C(=O)NC(CCCCN)C(=O)O)NC(=O)C(CC1=CNC2=CC=CC=C21)N
Tryptophanyl-Isoleucyl-Tryptophan	CCC(C)C(C(=O)NC(CC1=CNC2=CC=CC=C21)C(=O)O)NC(=O)C(CC3=CNC4=CC=CC=C43)N
Tryptophanyl-Leucyl-Valine	CC(C)CC(C(=O)NC(C(C)C)C(=O)O)NC(=O)C(CC1=CNC2=CC=CC=C21)N
Tryptophanyl-Lysine	C1=CC=C2C(=C1)C(=CN2)CC(C(=O)NC(CCCCN)C(=O)O)N
Tryptophanyl-Methionyl-Arginine	CSCCC(C(=O)NC(CCCN=C(N)N)C(=O)O)NC(=O)C(CC1=CNC2=CC=CC=C21)N
Tryptophanyl-Methionyl-Valine	CC(C)C(C(=O)O)NC(=O)C(CCSC)NC(=O)C(CC1=CNC2=CC=CC=C21)N
Tryptophanyl-Phenylalanine	C1=CC=C(C=C1)CC(C(=O)O)NC(=O)C(CC2=CNC3=CC=CC=C32)N
Tryptophanyl-Prolyl-Glycine	C1CC(N(C1)C(=O)C(CC2=CNC3=CC=CC=C32)N)C(=O)NCC(=O)O
Tryptophanyl-Prolyl-Leucine	CC(C)CC(C(=O)O)NC(=O)C1CCCN1C(=O)C(CC2=CNC3=CC=CC=C32)N
Tryptophanyl-Prolyl-Valine	CC(C)C(C(=O)O)NC(=O)C1CCCN1C(=O)C(CC2=CNC3=CC=CC=C32)N
Tryptophanyl-Seryl-Tyrosine	C1=CC=C2C(=C1)C(=CN2)CC(C(=O)NC(CO)C(=O)NC(CC3=CC=C(C=C3)O)C(=O)O)N
Tryptophanyl-Threonyl-Glutamate	
Tryptophanyl-Threonyl-Isoleucine	CCC(C)C(C(=O)O)NC(=O)C(C(C)O)NC(=O)C(CC1=CNC2=CC=CC=C21)N
Tryptophanyl-Threonyl-Tyrosine	CC(C(C(=O)NC(CC1=CC=C(C=C1)O)C(=O)O)NC(=O)C(CC2=CNC3=CC=CC=C32)N)O
Tryptophanyl-Tyrosyl-Glutamine	C1=CC=C2C(=C1)C(=CN2)CC(C(=O)NC(CC3=CC=C(C=C3)O)C(=O)NC(CCC(=O)N)C(=O)O)N
Tryptophanyl-Tyrosyl-Tyrosine	C1=CC=C2C(=C1)C(=CN2)CC(C(=O)NC(CC3=CC=C(C=C3)O)C(=O)NC(CC4=CC=C(C=C4)O)C(=O)O)N
Tryptophanyl-Valyl-Aspartate	
Type Ia Glycolipid	
Type Ih Glycolipid	
Type Iih Glycolipid	
Type Iiia Glycolipid	CCCCCCCCCCCCCC=CC(C(COC1C(C(C(C(O1)CO)OC2C(C(C(C(O2)CO)O)OC3C(C(C(C(O3)CO)OC4C(C(C(C(O4)CO)O)OC5C(C(C(C(O5)CO)O)OC6C(C(C(C(O6)CO)O)OC7C(C(C(C(O7)CO)O)O)NC(=O)C)OC8C(C(C(C(O8)C)O)O)O)NC(=O)C)OC9C(C(C(C(O9)C)O)O)O)O)NC(=O)C)O)O)O)NC=O)O
Type Iiiab	
Type Iiih Glycolipid	CCCCCCCCCCCCCC=CC(C(COC1C(C(C(C(O1)CO)OC2C(C(C(C(O2)CO)O)OC3C(C(C(C(O3)CO)OC4C(C(C(C(O4)CO)O)OC5C(C(C(C(O5)CO)O)OC6C(C(C(C(O6)CO)O)O)OC7C(C(C(C(O7)C)O)O)O)NC(=O)C)OC8C(C(C(C(O8)C)O)O)O)O)NC(=O)C)O)O)O)NC=O)O
Tyr-194 Of Apo-Glycogenin Protein (Primer For Glycogen Synthesis)	
Tyramine	C1=CC(=CC=C1CCN)O
Tyramine O-Sulfate	C1=CC(=CC=C1CCN)OS(=O)(=O)O
Tyrosyl-Alanine	CC(C(=O)O)NC(=O)C(CC1=CC=C(C=C1)O)N
Tyrosyl-Alaninyl-Phenylalanine	
Tyrosyl-Arginyl-Glutamate	
Tyrosyl-Arginyl-Serine	C1=CC(=CC=C1CC(C(=O)NC(CCCN=C(N)N)C(=O)NC(CO)C(=O)O)N)O
Tyrosyl-Aspartyl-Arginine	C1=CC(=CC=C1CC(C(=O)NC(CC(=O)O)C(=O)NC(CCCN=C(N)N)C(=O)O)N)O
Tyrosyl-Cysteinyl-Glycine	C1=CC(=CC=C1CC(C(=O)NC(CS)C(=O)NCC(=O)O)N)O
Tyrosyl-Cysteinyl-Threonine	CC(C(C(=O)O)NC(=O)C(CS)NC(=O)C(CC1=CC=C(C=C1)O)N)O
Tyrosyl-Glutamate	C1=CC(=CC=C1CC(C(=O)NC(CCC(=O)O)C(=O)O)N)O
Tyrosyl-Leucyl-Arginine	CC(C)CC(C(=O)NC(CCCN=C(N)N)C(=O)O)NC(=O)C(CC1=CC=C(C=C1)O)N
Tyrosyl-Phenylalanyl-Tyrosine	C1=CC=C(C=C1)CC(C(=O)NC(CC2=CC=C(C=C2)O)C(=O)O)NC(=O)C(CC3=CC=C(C=C3)O)N
Tyrosyl-Threonine	CC(C(C(=O)O)NC(=O)C(CC1=CC=C(C=C1)O)N)O
Tyrosyl-Tryptophanyl-Phenylalanine	C1=CC=C(C=C1)CC(C(=O)O)NC(=O)C(CC2=CNC3=CC=CC=C32)NC(=O)C(CC4=CC=C(C=C4)O)N
Tyrosyl-Tyrosine	C1=CC(=CC=C1CC(C(=O)NC(CC2=CC=C(C=C2)O)C(=O)O)N)O
Tyrosyl-Valyl-Methionine	CC(C)C(C(=O)NC(CCSC)C(=O)O)NC(=O)C(CC1=CC=C(C=C1)O)N
Ubiquinol-10	CC1=C(C(=C(C(=C1O)OC)OC)O)CC=C(C)CCC=C(C)CCC=C(C)CCC=C(C)CCC=C(C)CCC=C(C)CCC=C(C)CCC=C(C)CCC=C(C)CCC=C(C)C
Ubiquinone-10	CC1=C(C(=O)C(=C(C1=O)OC)OC)CC=C(C)CCC=C(C)CCC=C(C)CCC=C(C)CCC=C(C)CCC=C(C)CCC=C(C)CCC=C(C)CCC=C(C)CCC=C(C)C
Umbelliferone	C1=CC(=CC2=C1C=CC(=O)O2)O
Undecanoyl Coenzyme A	CCCCCCCCCCC(=O)SCCNC(=O)CCNC(=O)C(C(C)(C)COP(=O)(O)OP(=O)(O)OCC1C(C(C(O1)N2C=NC3=C(N=CN=C32)N)O)OP(=O)(O)O)O
Undecylic Acid	CCCCCCCCCCC(=O)O
Uracil	C1=CNC(=O)NC1=O
Urate	C12=C(NC(=O)N1)NC(=O)NC2=O
Urate Radical	
Urea	C(=O)(N)N
Uridine	C1=CN(C(=O)NC1=O)C2C(C(C(O2)CO)O)O
Uridine Diphosphate	C1=CN(C(=O)NC1=O)C2C(C(C(O2)COP(=O)(O)OP(=O)(O)O)O)O
Uridine-5'-Diphosphate-Alpha-D-Xylose	
Uridine-5'-Diphosphate-D-Galactose	
Uridine-5'-Diphosphate-Glucose	C1=CN(C(=O)NC1=O)C2C(C(C(O2)COP(=O)(O)OP(=O)(O)OC3C(C(C(C(O3)CO)O)O)O)O)O
Uridine-5'-Diphosphate-Glucuronate	
Uridine-5'-Diphosphate-N-Acetyl-Alpha-D-Glucosamine	
Uridine-5'-Diphosphate-N-Acetyl-D-Galactosamine	
Uridine-5'-Monophosphate	C1=CN(C(=O)NC1=O)C2C(C(C(O2)COP(=O)(O)O)O)O
Uridine-5'-TrIphosphate	C1=CN(C(=O)NC1=O)C2C(C(C(O2)COP(=O)(O)OP(=O)(O)OP(=O)(O)O)O)O
Urocanate	C1=C(NC=N1)C=CC(=O)O
Uroporphyrin I	C1=C2C(=C(C(=CC3=NC(=CC4=NC(=CC5=C(C(=C1N5)CC(=O)O)CCC(=O)O)C(=C4CCC(=O)O)CC(=O)O)C(=C3CCC(=O)O)CC(=O)O)N2)CC(=O)O)CCC(=O)O
Uroporphyrinogen Iii	C1C2=C(C(=C(N2)CC3=C(C(=C(N3)CC4=C(C(=C(N4)CC5=C(C(=C1N5)CCC(=O)O)CC(=O)O)CC(=O)O)CCC(=O)O)CC(=O)O)CCC(=O)O)CC(=O)O)CCC(=O)O
Uroporphyrinogeni	
Ursocholic acid; 3alpha,7beta,12alpha-Trihydroxy-5beta-cholan-24-oic acid; 3alpha,7beta,12alpha-Trihydroxy-5beta-cholanic acid; 7beta-Hydroxyisocholic acid; 7-Epicholic acid	
Ursodeoxycholate	CC(CCC(=O)O)C1CCC2C1(CCC3C2C(CC4C3(CCC(C4)O)C)O)C
Ursodeoxycholic acid 3-sulfate	CC(CCC(=O)O)C1CCC2C1(CCC3C2C(CC4C3(CCC(C4)OS(=O)(=O)O)C)O)C
Ursodeoxycholyl Coenzyme A	
V3(Neuac)2-Gb5Cer ((Gal)3 (GalNAc)1 (Glc)1 (Neu5Ac)2 (Cer)1)	
V3Fuc,Iii3Fuc-Nlc6Cer	
V3Fuc-Nlc6Cer	
Vaccenic Acid	CCCCCCC=CCCCCCCCCCC(=O)O
Valeric Acid	CCCCC(=O)O
Valyl-Arginyl-Glycine	CC(C)C(C(=O)NC(CCCN=C(N)N)C(=O)NCC(=O)O)N
Valyl-Histidyl-Asparagine	CC(C)C(C(=O)NC(CC1=CN=CN1)C(=O)NC(CC(=O)N)C(=O)O)N
Valyl-Leucyl-Phenylalanine	CC(C)CC(C(=O)NC(CC1=CC=CC=C1)C(=O)O)NC(=O)C(C(C)C)N
Valyl-Lysyl-Tyrosine	CC(C)C(C(=O)NC(CCCCN)C(=O)NC(CC1=CC=C(C=C1)O)C(=O)O)N
Valyl-Phenylalanyl-Arginine	CC(C)C(C(=O)NC(CC1=CC=CC=C1)C(=O)NC(CCCN=C(N)N)C(=O)O)N
Valyl-Prolyl-Tryptophan	CC(C)C(C(=O)N1CCCC1C(=O)NC(CC2=CNC3=CC=CC=C32)C(=O)O)N
Valyl-Seryl-Arginine	CC(C)C(C(=O)NC(CO)C(=O)NC(CCCN=C(N)N)C(=O)O)N
Valyl-Tryptophanyl-Phenylalanine	CC(C)C(C(=O)NC(CC1=CNC2=CC=CC=C21)C(=O)NC(CC3=CC=CC=C3)C(=O)O)N
Valyl-Tryptophanyl-Valine	CC(C)C(C(=O)NC(CC1=CNC2=CC=CC=C21)C(=O)NC(C(C)C)C(=O)O)N
Valyl-Valine	CC(C)C(C(=O)NC(C(C)C)C(=O)O)N
Vanil-Lactate	
Vanilpyruvic Acid	COC1=C(C=CC(=C1)CC(=O)C(=O)O)O
Vi2Fuc-Nlc6	CCCCCCCCCCCCCC=CC(C(COC1C(C(C(C(O1)CO)OC2C(C(C(C(O2)CO)O)OC3C(C(C(C(O3)CO)OC4C(C(C(C(O4)CO)O)OC5C(C(C(C(O5)CO)OC6C(C(C(C(O6)CO)O)O)OC7C(C(C(C(O7)C)O)O)O)O)NC(=O)C)O)O)NC(=O)C)O)O)O)NC(=O)C)O
Vi3Neuac-Nlc6Cer	CCCCCCCCCCCCCC=CC(C(COC1C(C(C(C(O1)CO)OC2C(C(C(C(O2)CO)O)OC3C(C(C(C(O3)CO)OC4C(C(C(C(O4)CO)O)OC5C(C(C(C(O5)CO)OC6C(C(C(C(O6)CO)O)OC7(CC(C(C(O7)C(C(CO)O)O)NC(=O)C)O)C(=O)O)O)O)NC(=O)C)O)O)NC(=O)C)O)O)O)NC(=O)C)O
W Hydroxy Testosterone	CC12CCC3C(C1CCC2O)CCC4=CC(=O)CCC34CO
W-Carboxy Leukotriene B4	
W-Hydroxydecanoicacid	
W-Hydroxydocosanoicacid	
W-Hydroxyl Arachidonic Acid	
W-Hydroxyl Leukotriene B4	
Water	O
Xanthine	C1=NC2=C(N1)C(=O)NC(=O)N2
Xanthosine	C1=NC2=C(N1C3C(C(C(O3)CO)O)O)NC(=O)NC2=O
Xanthurenic Acid	C1=CC2=C(C(=C1)O)NC(=CC2=O)C(=O)O
Xanthylic Acid	C1=NC2=C(N1C3C(C(C(O3)COP(=O)(O)O)O)O)NC(=O)NC2=O
Xyl-L-Ser (Protein)	
Xylitol	C(C(C(C(CO)O)O)O)O
Zinc	[Zn]
Zymosterol	CC(CCC=C(C)C)C1CCC2C1(CCC3=C2CCC4C3(CCC(C4)O)C)C
Zymosterol Intermediate 2	CC(CCC=C(C)C)C1CCC2C1(CCC3=C2CCC4C3(CCC(=O)C4)C)C
acetaminophen-glutathione-conjugate	
acetaminophen-mercapturate-conjugate/N-acetyl-cysteine-acetaminophen	
acetaminophen/paracetamol	
acid metabolite of nifedipine	
allopurinol	C1=NNC2=C1C(=O)NC=N2
atorvastatin-acid	CC(C)C1=C(C(=C(N1CCC(CC(CC(=O)O)O)O)C2=CC=C(C=C2)F)C3=CC=CC=C3)C(=O)NC4=CC=CC=C4.CC(C)C1=C(C(=C(N1CCC(CC(CC(=O)O)O)O)C2=CC=C(C=C2)F)C3=CC=CC=C3)C(=O)NC4=CC=CC=C4
atorvastatin-acyl-glucuronide / G2	
atorvastatin-ether-glucuronide -G1	
atorvastatin-lactone	CC(C)C1=C(C(=C(N1CCC2CC(CC(=O)O2)O)C3=CC=C(C=C3)F)C4=CC=CC=C4)C(=O)NC5=CC=CC=C5
atorvastatin-lactone-ether-glucuronide / G3	
carboxy-gliclazide	C1CC2CN(CC2C1)NC(=O)NS(=O)(=O)C3=CC=C(C=C3)C(=O)O
cerivastatin	CC(C)C1=C(C(=C(C(=N1)C(C)C)COC)C2=CC=C(C=C2)F)C=CC(CC(CC(=O)O)O)O
cerivastatin-M1	
cerivastatin-M1-glucuronide	
cerivastatin-M22	
cerivastatin-M23	
cerivastatin-M23-glucuronide	
cerivastatin-M24	
cerivastatin-M31	
cyclosporine	CCC1C(=O)N(CC(=O)N(C(C(=O)NC(C(=O)N(C(C(=O)NC(C(=O)NC(C(=O)N(C(C(=O)N(C(C(=O)N(C(C(=O)N(C(C(=O)N1)C(C(C)CC=CC)O)C)C(C)C)C)CC(C)C)C)CC(C)C)C)C)C)CC(C)C)C)C(C)C)CC(C)C)C)C
cyclosporine-sulphate	
cysteine-conjugate-acetaminophen	
dehydro-gliclazide	
deoxy-fluvastatin-dinor	
des-isopropyl-dihydro-fluvastatin-tetranor	
des-isopropyl-dihydro-fluvastatin-tetranor-glucuronide	
des-isoproylpropionic-acid-fluvastatin	
des-isoproylpropionic-acid-fluvastatin-CoA	
desacyl dehydro-pravastatin	
fluvastatin	CC(C)N1C2=CC=CC=C2C(=C1C=CC(CC(CC(=O)O)O)O)C3=CC=C(C=C3)F
fluvastatin-CoA form	
fluvstatin-glucuronide	
glucuronide-conjugate of 3-methoxy-acetaminophen	
glucuronide-thiomethyl-acetaminophen conjugate	
hydroxy metabolite of nifedipine	
ibuprofen acyl glucuronide	CC(C)CC1=CC=C(C=C1)C(C)C(=O)OC2C(C(C(C(O2)C(=O)O)O)O)O
ibuprofen-CoA-R form	
ibuprofen-CoA-S form	
ibuprofen-R	
ibuprofen-S	
lactone form of nifedipine	
lovastatin lactone form	
lovastatin-hydroxyacid form	
oxypurinol	C1=NNC2=C1C(=O)NC(=O)N2
oxypurinol-1-riboside	
oxypurinol-7-riboside	C1C(C(C(C(O1)O[N+]23C4=CN=CN=C4N=C2O3)O)O)O
pitavastatin	C1CC1C2=NC3=CC=CC=C3C(=C2C=CC(CC(CC(=O)O)O)O)C4=CC=C(C=C4)F
pitavastatin-M13	
pitavastatin-M3	
pitavastatin-glucuronide	
pitavastatin-lactone	C1CC1C2=NC3=CC=CC=C3C(=C2C=CC4CC(CC(=O)O4)O)C5=CC=C(C=C5)F
pravastatin	CCC(C)C(=O)OC1CC(C=C2C1C(C(C=C2)C)CCC(CC(CC(=O)O)O)O)O
pravastatin glucuronide	CCC(C)C(=O)OC1CC(C=C2C1C(C(C=C2)C)CCC(CC(CC(=O)O)O)O)OC3C(C(C(C(O3)C(=O)O)O)O)O
rosuvastatin	CC(C)C1=NC(=NC(=C1C=CC(CC(CC(=O)O)O)O)C2=CC=C(C=C2)F)N(C)S(=O)(=O)C
rosuvastatin-5S-lactone	CC(C)C1=NC(=NC(=C1C=CC2CC(CC(=O)O2)O)C3=CC=C(C=C3)F)N(C)S(=O)(=O)C
rosuvastatin-glucuronide	
simvastatin dihydroxy acid form	
simvastatin lactone form	
simvastatin-acyl-glucuronide	
sulphate-conjugate of thiomethyl-acetaminophen	
sulphate-conjugate-3-methoxy-acetaminophen	
sulphate-conjugate-acetaminophen	
taurine conjugate of S-ibuprofen	
thiomethyl-conjugate-acetaminophen	
thiomethyl-sulphoxide-acetaminophen-glucuronide	
thiomethyl-sulphoxide-acetaminophen-sulphate	
thiomethyl-sulphoxide-conjugate-acetaminophen	
threo-isomer of fluvastain	
trans-lactone-fluvastatin	
triol metabolite of pravastatin	
udp-ribose	
{[(Prot-PE-Man),(PE)-Man],[PE]}-Man-GlcN-AcylPI	
	
  (GlcNAc)7 (Man)3 (Asn)1	
 9,10-Epoxyoctadecenoic acid (9(10)-EpOME)	
  (GlcNAc)7 (Man)3 (Asn)1	
 9,10-Epoxyoctadecenoic acid (9(10)-EpOME)	
  (GlcNAc)7 (Man)3 (Asn)1	
 9,10-Epoxyoctadecenoic acid (9(10)-EpOME)	
  (GlcNAc)7 (Man)3 (Asn)1	
 9,10-Epoxyoctadecenoic acid (9(10)-EpOME)	
  (GlcNAc)7 (Man)3 (Asn)1	
 9,10-Epoxyoctadecenoic acid (9(10)-EpOME)	
  (GlcNAc)7 (Man)3 (Asn)1	
 9,10-Epoxyoctadecenoic acid (9(10)-EpOME)	
  (GlcNAc)7 (Man)3 (Asn)1	
 9,10-Epoxyoctadecenoic acid (9(10)-EpOME)	
  (GlcNAc)7 (Man)3 (Asn)1	
 9,10-Epoxyoctadecenoic acid (9(10)-EpOME)	
Cysteinylglycine, postc	
Cysteinylglycine, syn	
Glycine, postc	
Glycine, syn	
H+, syn	
L-Glutamate, postc	
L-Glutamate, syn	
L-Glutamine, postc	
L-Glutamine, syn	
L-Lactate, postc	
L-Lactate, syn	
L-Serine, postc	
L-Serine, syn	
  (GlcNAc)7 (Man)3 (Asn)1	
 9,10-Epoxyoctadecenoic acid (9(10)-EpOME)	
