uniprotID	Neuron 1	Neuron 2	Neuron 3
Q3TNY2	101060000000	98764000000	91461000000
Q9DCR1	557240000000	570840000000	555100000000
P05213	521250000000	547000000000	551560000000
O89054	636980000000	578830000000	582040000000
Q04447	107630000000	89922000000	110980000000
Q8K2I5	126130000000	128790000000	117790000000
A0A1L1SUV0	125220000000	122860000000	126430000000
Q3TTX2	59437000000	64355000000	62121000000
Q3KQJ4	173360000000	187740000000	175580000000
Q6PHC1	91015000000	95546000000	104290000000
W8QM43	88750000000	85024000000	75241000000
Q99KI0	57767000000	58548000000	55268000000
Q8R3A9	16315000000	16742000000	16914000000
D3Z510	21675000000	22143000000	23395000000
F6WA09	160890000000	162110000000	199020000000
O08553	281110000000	244260000000	247730000000
Q80U36	279820000000	269170000000	264980000000
Q8BK89	290740000000	278610000000	261350000000
P08249	66481000000	66864000000	78732000000
Q811H6	170800000000	193370000000	188040000000
Q8CFR9	291120000000	290030000000	274110000000
A0A0J9YUE9	17607000000	16459000000	17781000000
O08599	36188000000	35067000000	31344000000
Q3TYV5	422110000	763660000	716520000
Q60932	49530000000	52199000000	57455000000
W8QPF2	12594000000	11274000000	10262000000
Q3TRF8	76006000000	65230000000	62881000000
P08553	15740000000	17781000000	9514600000
Q8VCE0	24818000000	21991000000	24240000000
Q9QYR6	11045000000	10312000000	10640000000
P04370	6769700	60805000	41921000
P46460	8858700000	9972000000	9377300000
P60202	30148000	28070000	39655000
Q6P1J1	204200000000	197540000000	177550000000
P06745	24292000000	20515000000	19359000000
P09411	42741000000	45717000000	42517000000
Q6GQU1	22165000000	22338000000	20990000000
Q05DD2	4465100000	5218800000	1848400000
Q9DBJ1	45717000000	37048000000	48665000000
D3Z3I8	194280000000	168290000000	151830000000
P05063	5683000000	5049100000	7698200000
P50516	27367000000	23050000000	27452000000
Q543S2	109990000000	109330000000	120990000000
P05202	30985000000	32766000000	31665000000
Q8C5U3	74604000000	74403000000	80709000000
F7ALS6	9879500000	10502000000	12047000000
Q922A0	7049000000	6409100000	6644000000
Q9CRT0	142730000000	153960000000	117240000000
Q3UZ53	68649000000	64625000000	59113000000
Q8BNF8	93775000000	94804000000	72562000000
P17751	23224000000	27054000000	29549000000
Q5SWR0	35834000000	37277000000	35131000000
B0LAB5	55459000000	49031000000	53956000000
D3YXN6	87597000000	93066000000	95988000000
Q80T68	164750000000	153890000000	168440000000
D3Z7J9	46050000000	50591000000	48891000000
P18760	88003000000	82550000000	96334000000
P13595	103940000000	116040000000	119390000000
P14152	23922000000	23947000000	25015000000
Q9CZ18	81468000000	78778000000	70381000000
Q3UMG4	17689000000	16414000000	14372000000
Q91VA7	13184000000	12164000000	14141000000
P46096	12163000000	12174000000	8341400000
Q80ZK2	21186000000	20557000000	22387000000
P50396	42845000000	52871000000	59496000000
Q8CB85	20848000000	20719000000	18971000000
Q545P0	9630500000	11549000000	12926000000
D3YVK1	1008200000	828160000	1090300000
Q02053	141490000000	137710000000	132770000000
Q3TSQ7	18714000000	19581000000	17483000000
Q5M8R7	17912000000	16452000000	16436000000
A0A1S6GWG6	16122000000	15336000000	14353000000
Q80TN1	387960000	414900000	385620000
Q8BL41	27605000000	26330000000	23857000000
Q6A0D0	9444500000	9975300000	7685300000
O89055	32306000000	32873000000	34477000000
Q8VDN2	6303700000	6891300000	6128000000
G3UZR1	87792000000	109760000000	38662000000
P38647	36376000000	37127000000	38056000000
Q8BVI9	28191000000	27782000000	33771000000
Q5FWJ3	34677000000	35649000000	29851000000
P03995	4699500000	5168000000	5095400000
Q5SUC3	38014000000	39079000000	36755000000
Q3V1S0	5359400000	4754600000	5485300000
Q76MZ3	44108000000	43637000000	35686000000
A0A140LI98	17370000000	21712000000	23599000000
P43006	207080000	339650000	197390000
Q8CI94	16690000000	16277000000	15744000000
A0A087WSU3	15289000000	14598000000	12302000000
F6WHQ7	4172700000	3842700000	4327500000
Q6R5G9	6247300000	6027500000	5807100000
Q9D6F9	19666000000	13422000000	14563000000
Q6S393	2957000000	3350700000	3462300000
P62761	4892800000	4832600000	6867100000
Q5EBQ2	38101000000	34477000000	46514000000
D6RG68	1459700000	1299600000	1238800000
Q3ULT2	17862000000	17535000000	18502000000
P00920	301370000	253420000	63487000
A0A494B908	16883000000	13437000000	15857000000
Q9DC08	31024000000	28361000000	31823000000
Q5M9N9	69597000000	55989000000	97673000000
Q9D051	9874500000	10962000000	10682000000
Q6P8I7	11274000000	11677000000	11152000000
Q3TUS2	51864000000	55214000000	56687000000
Q8C2R2	57609000000	53004000000	58256000000
Q3UWP8	45046000000	38809000000	38014000000
Q8BJH3	20699000000	19225000000	21767000000
Q62188	194470000000	181630000000	169800000000
Q8BYI9	605000000	525080000	854170000
Q9JHL8	11576000000	10839000000	10744000000
Q99LL2	9831300000	10487000000	10304000000
Q9R0P9	60973000000	61549000000	65984000000
Q8CAQ8	19953000000	16224000000	19892000000
A0A087WSL5	1238800000	1530900000	1319000000
P58252	112130000000	114090000000	92420000000
Q3U9V4	45434000000	42803000000	43209000000
Q3UTH2	77521000000	70547000000	60167000000
Q9CZU6	24287000000	26620000000	27668000000
Q6NXW3	24327000000	22140000000	25641000000
Q99104	42555000000	40032000000	35823000000
Q64332	1559500000	2563800000	2845700000
Q99M55	8320700000	7865700000	8762600000
P84078	38451000000	32950000000	23575000000
Q8VEJ2	20394000000	22284000000	24064000000
V9GXX9	10525000000	11460000000	8801700000
Q5U3M2	71307000000	61735000000	50429000000
P56564	2084000000	3130900000	3881000000
Q61275	11032000000	8859900000	21117000000
P68369	96051000000	87867000000	84827000000
Q9Z1G3	6232600000	6954700000	5522700000
Q8BXU5	3411000000	2672300000	2433300000
A0A286YE28	51669000000	50253000000	49415000000
Q544B1	15596000000	12936000000	18232000000
A0A087WSI9	12799000000	12470000000	12495000000
A0A140LIG7	16639000000	15381000000	14689000000
Q3UJP4	77652000000	78360000000	88393000000
Q9R0K7	7701000000	7099300000	5917200000
Q05BC6	14034000000	10510000000	14796000000
Q8QZT1	23384000000	26450000000	33678000000
Q80TQ3	5047800	62741000	19123000
Q8CE30	65829000000	46819000000	57091000000
Q99P72	33183000000	32875000000	33007000000
Q99LJ3	5776100000	6505400000	6036900000
Q8C649	9467900000	9475800000	11180000000
Q11011	27666000000	27992000000	33189000000
P51863	6017300000	5676000000	6430000000
Q9R111	1352100000	680500000	825260000
Q64521	14090000000	12481000000	13479000000
P61264	8532000000	8679400000	11650000000
Q61644	874550000	633980000	890630000
D0VYV7	7905200000	7696100000	7917300000
P60879	6127600000	7049200000	5028700000
Q3UXD6	1653300000	1430300000	1050700000
Q4FZG5	14182000000	16295000000	15251000000
F7BDR1	63319000000	63402000000	68484000000
P50518	12175000000	9019500000	11785000000
Q5DTI2	13776000000	14904000000	14235000000
Q9EQF6	135190000000	124000000000	114810000000
Q7TSJ2	2799200000	2354900000	2340200000
Q8K310	76639000000	70828000000	67083000000
Q8CEF3	3792600000	2821000000	5702500000
Q9CTJ5	1901500000	2110200000	1684000000
Q8C8I1	6509800000	6201900000	5227400000
Q99PT1	22401000000	19241000000	24570000000
Q9D6R2	11029000000	9810600000	8162000000
Q9Z0E0	9116300000	9684700000	8647300000
Q3TT26	6809900000	6722900000	6347900000
Q08331	4182400000	3182600000	3539100000
Q5EBP8	117890000000	95362000000	75121000000
Q60931	30570000000	33468000000	33062000000
Q6IWE1	11883000000	15328000000	14672000000
Q60864	23935000000	25732000000	24419000000
Q80TJ1	13635000000	10142000000	13275000000
Q9JJD8	53414000000	58130000000	48345000000
Q9D855	10101000000	11475000000	9759800000
Q99KM9	23154000000	25926000000	21095000000
P19096	74312000000	83796000000	73253000000
Q60930	17244000000	17543000000	18929000000
Q8BXH2	7042600000	6904300000	7824100000
P97807	14689000000	14205000000	12173000000
Q62108	3256800000	3659500000	3356200000
A0A494BAN9	6045000000	6207000000	6391100000
Q3UK61	16969000000	17162000000	17007000000
Q8C5M9	5596300000	6004900000	5210300000
F6Q404	37486000000	35615000000	39420000000
D3Z4K7	19290000000	17592000000	15222000000
D3Z7K0	18571000000	19004000000	9586200000
Q3TMU8	19257000000	18590000000	17528000000
O70251	13414000000	14116000000	16603000000
O35514	8050700000	9104300000	9472800000
F6YL81	1383900000	1257300000	1123100000
Q5DQJ3	26612000000	21921000000	28991000000
Q8C5K4	23872000000	22677000000	26345000000
A0A0J9YV84	1868900000	1764700000	1635700000
Q3U9J9	15491000000	15611000000	13046000000
O35526	6945500000	6375500000	7475800000
Q9QYX7	5774700000	4254600000	4325400000
A0A0J9YUY5	12209000000	10466000000	11114000000
P06837	19633000000	24659000000	23212000000
Q6ZQ38	34116000000	34367000000	37113000000
Q3TSK3	13771000000	14051000000	13493000000
F7B327	12403000000	9039300000	8991100000
A2A5N2	39159000000	40971000000	40930000000
P48036	1471400000	2150900000	2304200000
Q8K1M6	14507000000	14951000000	13606000000
Q3UFJ3	5327800000	5323200000	5066800000
P19783	18435000000	17542000000	20619000000
A0A240F9Y3	6366200000	5620700000	8355500000
P62631	8107500000	8086200000	3401000000
P63011	9293600000	8645300000	9432900000
Q3U8W0	24062000000	23741000000	19362000000
Q91WD5	6068400000	5357600000	5184700000
P09671	3660900000	3707700000	3777000000
D3Z2H9	24773000000	25997000000	23994000000
Q91XV3	20160000000	25593000000	28937000000
Q8VDQ8	2070900000	2223000000	2399200000
D3Z1M7	6565200000	5958900000	5635700000
Q99K05	28442000000	23998000000	24181000000
D6RG60	10603000000	10356000000	9993400000
Q8C8N4	56778000000	53958000000	57631000000
Q8R5C5	22936000000	18571000000	27005000000
Q91V12	21077000000	18311000000	18028000000
Q3U1B1	11440000000	15148000000	19930000000
F6U775	13134000000	12570000000	12645000000
Q3TP56	39729000000	35240000000	31877000000
P10639	15871000000	15804000000	14491000000
Q05DE5	3390700000	3747000000	3707400000
O08749	10233000000	11423000000	11829000000
Q3UPX0	2123500000	2005200000	2321600000
E9Q0U7	12190000000	11673000000	11685000000
O55042	2877700000	2705100000	2779100000
Q05CM4	9547100000	8789100000	9001900000
P11983	58370000000	58326000000	52281000000
Q9EQH3	30914000000	29825000000	22167000000
Q3TB39	7020200000	8690900000	8264200000
P12787	10032000000	11588000000	9749200000
Q9QWI6	7041300000	6388200000	6442700000
D3Z7I7	432000000	364460000	652100000
Q3TYN8	4083100000	5208400000	5393300000
Q8K0T0	5975800000	5537600000	6430100000
A0A087WRD4	9250400000	7479600000	8707800000
Q69ZW4	11555000000	11554000000	10672000000
Q9DC69	6602400000	5707500000	5293300000
Q8BVE3	9405300000	8507700000	8152900000
Q9DCT2	5868400000	8390900000	6017800000
J3QQ18	2297500000	2020000000	2554100000
Q9CS06	69318000000	61855000000	65531000000
Q5F2A7	60620000000	62728000000	53435000000
Q545F0	22512000000	26804000000	19092000000
P84075	1766800000	2426900000	1399800000
P62748	4533300000	3299800000	4053700000
Q3ULW0	14823000000	15694000000	12792000000
Q5ND42	7212100000	6503500000	5283400000
Q99KJ8	19834000000	17243000000	18257000000
Q8C355	12215000000	12576000000	12181000000
E0CY23	3781900000	3710900000	4761900000
Q3TIQ5	30310000000	29673000000	29386000000
Q3UR26	32655000000	32770000000	28672000000
B1ARS0	14588000000	14493000000	13160000000
A0A0N4SWF4	966790000	853400000	860100000
P14733	35708000000	37749000000	37190000000
P63330	16553000000	19051000000	19268000000
A0A0N4SW56	6962900000	5834200000	7167600000
Q8R1P3	6997100000	6333900000	7260600000
Q9R0Q6	15400000000	11774000000	10730000000
Q3UHH5	27068000000	27418000000	37083000000
P80316	45723000000	45924000000	46329000000
P62962	23315000000	22742000000	20389000000
Q6NZM3	19795000000	19923000000	19799000000
Q922X7	7164000000	6635300000	6280200000
Q8VEK3	48165000000	42851000000	47396000000
Q9CZ30	12443000000	12699000000	7188600000
Q9CW65	8186300000	7155200000	5880900000
Q8BZ98	9471400000	8453300000	8488300000
Q564F4	45952000000	46754000000	44240000000
Q9CVU5	52563000000	48614000000	50627000000
Q80UE3	3197800000	2482600000	3082800000
Q80XN0	19471000000	18228000000	17017000000
Q99KF9	22383000000	21788000000	22538000000
Q9JLM6	50503000000	49641000000	47704000000
Q768S5	982390000	1109900000	746430000
Q3V496	12661000000	11343000000	11383000000
P20108	5078100000	5263100000	7742900000
Q4FK36	21198000000	22807000000	15300000000
Q9WUB3	8114300	5703800	37387000
P31324	15807000000	18825000000	17889000000
Q9QXS6	48292000000	47753000000	46589000000
D3Z099	3645600000	3533700000	2861800000
Q80YU5	19228000	15416000	0
Q8BWF0	2740900000	3410300000	3046600000
A0A1W2P8F0	15345000000	17285000000	14634000000
Q8BXY4	28401000000	24149000000	23635000000
Q9R0Y5	5982100000	6164400000	4376500000
P68254	22601000000	25136000000	24741000000
E9Q7L0	3452700000	3575200000	4158100000
A0A1B0GR35	6889100000	8042000000	8627400000
B0R1E3	31298000000	28445000000	13296000000
Q8C715	1714900000	1206500000	1984400000
Q7TQD2	356730000	492630000	319680000
Q05BL6	15452000000	17206000000	16556000000
Q8BL32	53044000000	49172000000	43655000000
Q9Z2U0	30710000000	28834000000	26179000000
Q9CR68	13077000000	12305000000	15320000000
Q4FJL0	19539000000	19330000000	21494000000
Q9JJE1	2097400000	1690300000	2526200000
P0DP26	104810000000	107000000000	125650000000
Q8JZT4	12664000000	15584000000	14294000000
Q3UF01	7057000000	5956800000	6873700000
Q3TSQ8	74371000	78870000	108070000
Q3U9E0	24578000000	25352000000	23538000000
A2A817	11148000000	11776000000	10886000000
Q52KG9	36920000000	38838000000	29546000000
Q3TIP1	7288600000	8048200000	9837000000
Q3UR55	1598400000	1305000000	1372200000
A0A338P798	10177000000	10969000000	8340800000
Q78V97	4096100000	3063500000	2926100000
Q5SW83	16742000000	20694000000	16125000000
Q8VEM8	14914000000	19021000000	16896000000
P28660	13053000000	12856000000	14156000000
Q8BJT2	11506000000	12171000000	12025000000
S4R1I6	46216000000	43959000000	40156000000
Q8BLQ9	3681100000	4087400000	4044900000
Q3ULF7	20781000000	19467000000	16714000000
Q8C5Q5	25738000000	25716000000	28022000000
Q9DCD0	21709000000	16479000000	11878000000
Q99N28	3359300000	3105800000	3315100000
D3Z510	689350000	604710000	566700000
Q8C0Y2	11421000000	9510800000	11065000000
Q9CW70	612740	6996500	67994000
Q4FZK2	37540000000	35235000000	35498000000
Q9R1Q8	4703600000	5680700000	4831900000
Q61018	5319500000	5247400000	4581600000
P32848	596210000	0	111970000
Q9D9A5	9265600000	9285000000	7764000000
P48758	10920000000	11746000000	12393000000
Q9DBE3	39023000000	39161000000	36539000000
Q5SW18	13832000000	15811000000	15663000000
Q80TN1	772220000	705710000	1029400000
B1B0B8	4545800000	4587500000	4052900000
Q3TG71	7227400000	7293700000	6166100000
D3Z434	4108200000	3092500000	3456900000
Q6NXY3	6894900000	7094800000	6577000000
O35129	13287000000	19719000000	19413000000
Q9EPN1	44009000000	39391000000	41743000000
Q7TQH3	130920000	42884000	60377000
Q8BHN4	7338100000	7769300000	7068300000
Q8C6L4	3721700000	4207000000	4314500000
Q6NSS6	24492000000	22695000000	33102000000
Q8BGT8	6067600000	5244000000	5227200000
Q9DCJ5	3747800000	2796200000	3711800000
Q9Z2I0	8257100000	8205100000	10265000000
Q8BTY3	26239000000	25008000000	24685000000
Q9ERS2	4200100000	4525000000	3046100000
Q80SW1	2808500000	2953900000	2718900000
A0A0G2JEM7	5675100000	5025500000	3323200000
P61089	11537000000	10308000000	10263000000
Q3TV50	1380600000	1970600000	1692500000
Q9CSP8	47103000000	40974000000	59801000000
Q8K183	3374100000	3586500000	3560400000
Q8BG39	337790000	344280000	473290000
Q8CHR4	8219300000	5540300000	7430800000
P97300	4817200000	5113600000	6153400000
S4R2K7	7260400000	7170200000	6699800000
P51150	14741000000	13322000000	16543000000
Q63810	8842000000	9519500000	12987000000
Q544Q7	4925600000	5385800000	5422600000
Q9D0M3	5955900000	5825700000	6352500000
Q3TCK3	15087000000	14856000000	13129000000
Q9JKK7	8040900000	9318800000	6427800000
Q91YK6	12576000000	10588000000	13494000000
Q62425	8918900000	7091100000	7891300000
Q3URJ3	286630000	283440000	418440000
Q9WV34	2632200000	1959200000	2204500000
Q9D8Y0	2272100000	1551800000	1740600000
A0A494BBF5	2680000000	2486800000	2357500000
Q0QER9	80846000000	76963000000	85616000000
Q8VIJ6	33739000000	27923000000	27887000000
A0A286YCZ0	777660000	1006900000	1859700000
P55088	0	32745000	0
Q99LC5	7143500000	8746000000	10966000000
Q6ZWT2	1206800000	656140000	809650000
A0A0N4SUJ8	28549000000	28270000000	25081000000
E9PV63	3702400000	4472700000	4679900000
Q3U4M7	14471000000	13953000000	12672000000
Q91ZZ3	1426600000	954380000	3352000000
Q9DCS9	3216400000	3942900000	4616100000
Q3TXU8	22000000000	20607000000	28921000000
Q9Z1N5	31589000000	31019000000	28479000000
Q9JIS5	1799000000	2255300000	1381700000
Q91ZX7	17731000000	17415000000	16585000000
Q9D0A2	37044000000	37869000000	36078000000
Q61207	10206000000	8803900000	8348200000
Q8R001	10441000000	9974000000	8246500000
F6Q2E3	20669000000	18603000000	17841000000
O55125	7037600000	8406500000	10164000000
Q60835	59628000	55144000	85708000
A0A1W2P7T1	8507000000	9793900000	8835900000
Q8R3V5	2350600000	2093300000	2046200000
Q8CFE7	21367000000	18974000000	18816000000
Q0V930	3769500000	4023600000	4252400000
P14206	37634000000	39370000000	40531000000
Q71VC5	2274400000	1995100000	2357600000
A0A338P6Q8	4674200000	3935800000	3257100000
Q9QZ83	25023000000	26677000000	32489000000
Q149M1	311860000	129770000	557940000
M0QWP9	4829000000	4254300000	4814300000
Q99LN6	4717400000	5183100000	6092100000
P48678	2782800000	2092700000	2530900000
Q64433	9152200000	11177000000	10769000000
E9Q5V1	9640800000	9261400000	10196000000
Q5SX48	7930900000	7785700000	6825900000
P51859	25470000000	21469000000	17830000000
Q99JX8	26235000000	21229000000	25300000000
P99027	56508000000	47397000000	37987000000
Q91VR7	7593900000	8924100000	8269500000
Q3UHJ0	2019000000	2214500000	2240900000
Q91V61	7940600000	7484400000	7841300000
Q61304	139850000	133260000	69777000
Q9ERK4	17888000000	19059000000	17771000000
Q9CQI6	9659600000	9413800000	13717000000
P23198	49300000000	49676000000	53058000000
A0A1L1ST40	710380000	684250000	748280000
Q9Z1Z5	6940600000	6810500000	5904100000
Q9WTX5	10223000000	10080000000	6720900000
Q80VE7	12209000000	12080000000	10654000000
O88712	7932400000	7931500000	6850500000
O88447	14009000000	15017000000	13781000000
P23506	3175400000	2665400000	3026500000
Q99JY0	3109300000	4004200000	2990300000
D3YZU5	1150700000	1242100000	1643800000
Q8BTA2	19985000000	11101000000	23604000000
Q3UUE3	12117000000	12654000000	11791000000
G3UZ33	25762000000	26006000000	28116000000
Q9Z2U1	14103000000	13454000000	12182000000
Q6PGJ3	7832800000	8861000000	8353400000
Q05DU4	5924000000	6353900000	5732200000
Q3U484	18909000000	22261000000	19919000000
Q80TT4	8022200000	7377300000	6999300000
O89053	4504400000	3911000000	4058300000
Q6P9Y5	2508200000	1926800000	2121900000
G3XA25	40622000000	34917000000	39479000000
Q6ZQ59	10332000000	11843000000	10425000000
P26350	53849000000	110040000000	118810000000
P62242	40636000000	42770000000	39303000000
Q91X97	3321700000	2451200000	4827300000
Q9JKB1	15094000000	18640000000	19114000000
Q05BF3	6946800000	7501400000	7445200000
Q3UHL1	5560000000	5825400000	5253100000
Q8C048	868430000	465360000	667930000
Q52L53	13013000000	13795000000	12309000000
Q8VE33	14535000000	11166000000	9325500000
Q6KAM8	19798000000	20749000000	21201000000
D3YVF0	2966400000	2629600000	3450400000
Q6A0B9	19755000000	19856000000	20802000000
Q9EQ20	3004900000	3899900000	4237300000
Q3V472	6710700000	7169700000	6385200000
Q9CPW4	12458000000	8852400000	10133000000
Q3UR42	42199000000	42422000000	33073000000
Q9CPQ1	257080000	625990000	906450000
O35381	18648000000	19717000000	25595000000
Q8BGZ1	593710000	529690000	939490000
Q3UXC8	29768000000	35344000000	27774000000
Q8CBP8	8228600000	8493500000	8245200000
Q9CPV4	10374000000	9776000000	10690000000
O08532	7346700000	6524400000	6397900000
P46097	172460000	103200000	50292000
Q91XL9	6325100000	5139600000	4431300000
A0A286YCS6	640840000	705790000	819420000
Q9CX86	34648000000	27186000000	22867000000
P24527	5313900000	4207200000	5011800000
Q0KL02	20227000000	20070000000	19680000000
Q3TRQ3	5218400000	4499600000	4318300000
Q3UE86	15507000000	16232000000	14927000000
Q3TWG5	13146000000	11228000000	13441000000
Q9CWU3	11115000000	10985000000	8044800000
Q9JKR6	10866000000	12846000000	14131000000
Q06138	8533400000	8839100000	9332100000
Q3UCL9	30598000000	26191000000	27884000000
Q3TW19	4378100000	5135100000	3324800000
Q8K1L5	5574800000	3362000000	3241800000
Q9CZC8	6347300000	6848200000	5737500000
Q80UA6	15322000000	15820000000	16448000000
Q6PB69	3185100000	3294300000	3573400000
Q8C266	13448000000	13948000000	14192000000
Q9DAB4	34595000000	35665000000	40681000000
Q78PY7	17265000000	15851000000	14875000000
Q9QUR6	23599000000	20361000000	20464000000
Q56A16	13310000000	12115000000	14169000000
Q3U6P5	19860000000	18918000000	18629000000
Q8CC95	3372900000	2889700000	2815600000
Q3U428	18190000	0	13828000
Q9DCW5	1228000000	1396200000	0
Q9D3C4	14440000000	15955000000	9809300000
Q571C2	3642900000	4581300000	4334500000
P50114	0	0	0
Q8C028	2074500000	1971200000	2239700000
Q7TN23	25076000000	24686000000	23310000000
Q8C7T5	15381000000	16414000000	15467000000
Q9JMH9	15416000000	14776000000	15082000000
F7ALR2	33849000000	25605000000	21832000000
Q8BMX6	15239000000	13177000000	10571000000
Q8BME2	2037200000	1794700000	1551200000
D3YV69	12069000000	11812000000	11890000000
Q93092	9983200000	10215000000	8449400000
Q9CQ69	3294100000	3298200000	2820000000
Q8BH66	4755800000	5088100000	5643900000
A0A494BBJ6	12857000000	12412000000	11026000000
Q60631	7773000000	5460400000	4867500000
B1AXW3	10891000000	9768100000	9139700000
Q8C7C4	20533000000	21158000000	17313000000
Q99JW9	20103000000	21311000000	22619000000
Q8K1M3	4440600000	3893800000	4177000000
P13707	763640000	385180000	458380000
Q7TMB4	11468000000	13317000000	10112000000
Q9CUI0	8215800000	8636300000	7085000000
F7B7L8	26707000000	26202000000	24706000000
Z4YL78	23121000000	22735000000	23587000000
Q9CPR4	21796000000	20662000000	22396000000
A0A140LIU3	3868700000	5401300000	4219900000
E9Q6P1	9949800000	8169200000	8892600000
Q6P6I8	492880000	374200000	1029900000
Q78TF3	16250000000	17353000000	12867000000
Q8R2M5	4374300000	4061200000	6879900000
Q3THE2	9158300000	7872400000	6560600000
P97351	13346000000	16397000000	13038000000
Q8CCD5	5976300000	6365500000	6338300000
P54227	39302000000	42511000000	39702000000
Q62318	39199000000	34144000000	29356000000
Q922S4	2073900000	2457100000	1983100000
Q8VIL8	3117100000	3097200000	3133200000
P28738	26144000000	28984000000	30174000000
Q61990	10530000000	10197000000	12506000000
Q9CTH3	64152000	29932000	32337000
P54071	14842000000	19057000000	18456000000
Q3TQV0	8836000000	9762600000	8701000000
Q8BGH2	5339300000	5679000000	4688100000
Q3THF6	10155000000	9660300000	8039100000
Q3THK7	9594000000	8956800000	9310200000
Q8BRV5	1146400000	0	0
Q9CZ44	15971000000	12827000000	13783000000
Q6PER3	2583600000	2487100000	1832100000
Q8R5L1	20521000000	18375000000	26895000000
P13020	1682000000	1914500000	1893000000
Q6IR43	6478900000	5518900000	5529100000
Q91WS0	3351500000	3757000000	2889900000
Q9CRN8	17832000000	15188000000	19662000000
Q99PU5	1280600000	1175500000	1344600000
G3XA76	39823000000	29750000000	35586000000
A0A1D5RLE4	8732000000	8732600000	8776200000
Q3TPW7	2847500000	2701600000	3260100000
Q6URW6	1246900000	1008500000	820370000
Q6TDG6	2950700000	2744200000	4249800000
Q8C7F4	2082200000	3141400000	2564600000
Q8BK64	12234000000	12132000000	12708000000
Q8CD64	1116800000	821970000	903890000
Q9CXW3	11540000000	10569000000	10328000000
Q9QYB5	1201500000	860000000	1309500000
P19536	2692300000	2777800000	2792800000
P45591	6841100000	6516500000	6234700000
Q60676	6135900000	7483500000	5123800000
Q8BLK3	2713800000	2519500000	3005800000
Q790Y8	10736000000	9860700000	8734900000
Q920I9	5315100000	4757300000	5562800000
Q3ULN5	4224600000	4161800000	3968200000
Q9D898	1804900000	2197000000	2012200000
Q8QZS9	15175000000	15238000000	13318000000
Q8C0M9	1024800000	1097200000	1069700000
Q8BTU6	7357400000	6720200000	6137900000
Q8C6E9	1660900000	1643300000	1742900000
Q99JF8	19104000000	19309000000	16206000000
Q00PI9	14576000000	12660000000	12597000000
Q9DBP5	10053000000	9563400000	9161200000
Q3UBT8	9936800000	9592400000	12071000000
A0A286YDW8	20735000000	21813000000	18577000000
Q8C372	18650000000	20778000000	17945000000
E9PZC2	2780200000	3181000000	3105300000
Q3U589	10383000000	9251000000	11543000000
Q8BVQ9	11155000000	10896000000	9553200000
Q9CYT3	9004600000	10435000000	8813500000
Q8BH95	5622800000	6293200000	5939300000
E9Q0N6	5377600000	6469000000	7134100000
Q8R016	6122600000	5752400000	4770500000
Q9QUM9	10789000000	12213000000	13290000000
A2AQE4	6920700000	5964200000	6901600000
Q9D846	2059100000	1893300000	1600100000
A0A088DEG2	31464000	9391400	46973000
Q62465	13779000000	14832000000	17914000000
Q9ESQ3	2638700000	2876900000	2285700000
Q9CRT3	7017700000	9611700000	14590000000
Q8C6E4	1925700000	1451200000	2208200000
F6VMS8	1673400000	1761200000	1322000000
Q3TEL4	17228000000	14284000000	15368000000
B1AXT0	28096000000	25471000000	25437000000
Q9CTI8	2092200000	1607500000	1896700000
Q99LF4	10990000000	12199000000	10843000000
Q9Z1Z2	17107000000	13779000000	13841000000
Q8K0T0	13691000000	12286000000	14669000000
Q7TMM9	7551600000	8050700000	9170600000
A0A1L1SUV0	20819000000	15122000000	13830000000
Q61166	31779000000	23914000000	21252000000
Q3TNG9	24120000000	22331000000	26748000000
Q99JP7	1944000000	2651000000	2566100000
Q9WV55	7789400000	8262800000	8726200000
O08585	4272500000	3582900000	4303000000
A0JLU3	20340000000	22092000000	20536000000
P06801	3234600000	2717400000	1679100000
Q60749	12340000000	13390000000	17686000000
Q9CTV7	2724000000	2768000000	3104600000
Q61753	6567800000	5979900000	8091700000
Q8BFZ3	3069900000	1965400000	1816600000
Q62277	1463700000	1899300000	1904400000
Q9WTT4	291690000	559220000	479700000
Q9ESN6	15956000000	16559000000	15708000000
G3UYR8	2078600000	1918300000	1967300000
Q6EVH9	11781000000	11019000000	9116700000
H3BL62	5382100000	4871600000	6553900000
V9GWV4	3321200000	3257300000	2739300000
Q8K0S0	185100000	245080000	312930000
Q8BFZ9	8024400000	6013800000	6021400000
Q6IS27	3666200000	3783900000	3326200000
Q8K596	1082800000	931570000	626500000
A0A1Y7VM48	12021000000	12000000000	11474000000
A0A0J9YU32	29751000000	29297000000	23805000000
Q5EBJ4	0	0	9449500
Q99KR1	15252000000	16830000000	19426000000
Q3UYW8	707990000	630960000	951890000
E9Q3L2	2550300000	2871000000	2605100000
O08599	1136600000	564530000	463970000
A0A0J9YUE9	374310000	164910000	251560000
A0A0U1RQ06	2444500000	3890000000	2636600000
Q8R0V6	1610100000	1134300000	2046900000
Q8BXG5	5136400000	4438400000	5754000000
Q5M9J5	27495000000	25363000000	12778000000
Q5ZEY2	41443000000	43363000000	46485000000
P29758	10791000000	9708400000	9904500000
Q60902	5091900000	5596600000	5924900000
Q3V3C2	14485000000	11864000000	9559000000
G3UYP8	3836900000	3853900000	2975800000
Q9WU78	6487400000	5642200000	5635700000
Q3UBU9	15171000000	18608000000	18060000000
G8DYL3	23746000000	22341000000	20649000000
P0DI97	5328000000	4900800000	5900900000
S4R1N1	29769000000	36914000000	40178000000
F7C0X9	1869000000	1744700000	2118200000
D3Z703	5121900000	4790700000	4521300000
P60335	15671000000	17782000000	18370000000
Q8BMP0	3147000000	2468200000	3276400000
Q9Z0P4	4673800000	4481800000	4355300000
Q9CWF5	7464100000	6931900000	6747400000
P08003	10331000000	11734000000	11776000000
Q9WTR5	6641300000	6426400000	6474800000
Q6IRU5	2994700000	2682000000	3731500000
Q9CRB6	115110000	101190000	240070000
Q8CBZ2	3283200000	2648100000	3129100000
Q3UF57	9572000000	7665300000	8905400000
Q80XI4	4910600000	4544600000	6323900000
Q3TQ56	1176300000	987020000	781120000
Q3U5Y1	9533000000	11699000000	11996000000
Q9Z0H8	11093000000	8975400000	9094300000
Q80VP1	1676900000	1976200000	1891000000
O08917	2505500000	2593000000	3105500000
Q5U415	4448500000	4040900000	4981500000
Q6P6I8	374920000	374270000	453370000
P61164	26403000000	22931000000	26981000000
P84086	2729400000	2450400000	2634600000
Q9Z2H2	3064100000	3147700000	3547000000
Q8CDN6	10732000000	12625000000	7077900000
A0A0G2JF57	7712800000	7214500000	8709100000
Q6P4T2	28618000000	28456000000	29415000000
Q62418	2812100000	3371000000	2113000000
Q3UFX6	395180000	344170000	212240000
F7CAT1	11532000000	13913000000	11657000000
Q80Z24	6112500000	3937600000	7483700000
P51174	2518500000	3039300000	3656900000
Q8C426	1521100000	2072100000	2427400000
Q8BKG0	440930000	422930000	492520000
Q8BYQ0	1744100000	2095600000	2402800000
Q99JI7	6496400000	7474300000	4988400000
E9Q0U1	11473000000	11320000000	11062000000
Q8CBE3	5811300000	4737100000	3832200000
Q9DBG6	16713000000	17474000000	24012000000
A2ALT5	10346000000	10857000000	8531700000
Q9WUK2	9889800000	9780000000	10737000000
Q05816	30707000000	35615000000	29687000000
Q3UNH4	5415700000	5573500000	5759800000
Q6P5F9	20938000000	17452000000	17261000000
Q3TQ39	3162500000	3010900000	3313400000
P10605	2761500000	2750300000	1982700000
Q3TTY3	5088500000	4991000000	5548500000
Q6ZPJ3	7163700000	7173800000	6972100000
P28651	1573400	0	3431400
Q8CCM0	1557700000	837150000	1197400000
Q8BKX3	14822000000	13966000000	15038000000
Q58EU6	34141000000	31595000000	29255000000
A0A494BAF7	3292000000	3143200000	4207500000
Q8R5H6	5307700000	4579400000	4459700000
A0A494B9J2	3998200000	4373400000	4195800000
Q80TA6	3829100000	1285400000	621240000
Q8C167	5476100000	4335100000	5906400000
P03888	1637900000	1590600000	2427700000
Q9QZ88	5441700000	5399800000	5907300000
Q546G4	1584200000	2817700000	2789700000
Q5SSL4	5624000000	4847300000	5047900000
Q3U2J2	389630000	651260000	326450000
B5L834	1698900000	1293100000	1252100000
Q8BVS1	1854200000	1955000000	2006900000
Q3TQQ6	5523700000	5942800000	4912600000
Q69ZX3	893870000	472040000	905380000
Q9Z268	2180400	5606400	2894600
Q9CV24	12589000000	11714000000	11140000000
Q3TEL1	11015000000	14196000000	10434000000
Q6NXK7	323830000	383960000	252800000
Q9R1P4	9655200000	10178000000	8646800000
Q8C944	3797800000	4247900000	4256900000
Q9DCN2	9367700000	9574100000	10093000000
Q9Z140	124710000	124150000	203900000
F6TGJ2	4707000000	3921100000	4285200000
A2ALS7	1216600000	1300400000	891110000
O70589	11122000000	10350000000	8931100000
Q9DBC7	4611400000	3879100000	3155700000
Q9CXQ5	20089000000	19301000000	17315000000
Q8C2E2	7615100000	9064800000	5714400000
Q62300	9216700000	10648000000	10130000000
A0A1W2P7L5	5713700000	7361900000	8422500000
Q52L78	0	2582500	13584000
B0LAE6	3689300000	3791200000	3758600000
Q80ZJ1	2742400000	2142700000	2839300000
Q3UMW2	14697000000	14360000000	12153000000
O35685	12388000000	11741000000	12204000000
Q9DCT8	7300900000	8000100000	6726200000
A0A0G2JEY8	158290000	108600000	273340000
Q9JM76	5588800000	5698100000	5036400000
Q99LK5	7750000000	7491900000	6494900000
F6R291	5302400	7828000	3213800
P53395	2649100000	2436700000	2287600000
Q8BV76	15265000000	12712000000	15848000000
Q3TUF4	7833400000	6420400000	7258700000
Q8C5A0	9263800000	7404300000	6854400000
A0A1L1SUY8	2625400000	2864900000	3174200000
Q8K2U0	4249100000	3791600000	3958000000
Q5M9N8	18044000000	17549000000	23073000000
Q99PV0	26064000000	25173000000	25558000000
Q9JLN9	6260000000	7123900000	7039100000
Q543R4	5060700000	4266300000	4050900000
Q9CX58	21506000000	21761000000	17522000000
Q3UPV6	553590000	472510000	358560000
Q6PH08	1298500000	1014500000	2442500000
Q80TH1	2795200000	3088800000	3062000000
Q9CPW0	1176200000	503040000	640870000
Q9QUR7	4013000000	3841100000	3146600000
Q3V0Z9	1918500000	2379900000	2378700000
P11404	3443200000	3321500000	3651100000
A2VCS3	14935000000	15132000000	13931000000
Q542R8	2511900000	2054800000	3241700000
O54962	6228400000	5632400000	3955600000
Q9ES28	9639300000	8833600000	10135000000
O55234	11268000000	10470000000	11130000000
V9GXM4	2318600000	2633700000	3832800000
Q8BH44	1610400000	1477800000	1910000000
Q62059	625060000	500860000	480490000
Q3UHW2	8025000000	9828200000	7842600000
Q9CXW7	25008000000	26809000000	27253000000
Q6TA13	9841100000	8658800000	8702200000
Q9CWJ9	9429600000	10185000000	11439000000
Q9DC80	13236000000	12187000000	13424000000
Q99K51	994880000	901890000	1440200000
P55066	620160000	808370000	585590000
Q8BXH1	263780000	379370000	297040000
Q9Z0X1	5412700000	5810900000	6996500000
Q3TZT4	397410000	363800000	622270000
P28271	5868000000	5364700000	4447600000
Q80UW2	91237000	136260000	235690000
P63028	19460000000	21633000000	11499000000
Q9ESW4	5933600000	6395200000	4916500000
Q52L50	4507700000	5050400000	3760500000
Q8C854	12192000000	11767000000	12237000000
Q8BRQ9	625280000	701410000	559810000
D3Z505	1350300000	1669700000	2372000000
Q6P5I3	8836100000	8544700000	10300000000
Q3UZ06	6553800000	5349800000	4660100000
Q9JJV2	5198800000	5590800000	4722000000
I1E4X7	3743200000	3465800000	3053100000
Q99LH6	4731200000	3921500000	3916800000
Q3TC32	7703000000	8273700000	11334000000
Q812A2	9451300000	8509500000	9312300000
Q80Z38	1405900000	1666500000	1604500000
P63323	8193500000	8724600000	8387400000
Q61425	1108500000	2308200000	1513200000
Q9CYB9	13975000000	14559000000	12500000000
A2A9X5	7324700000	4823300000	7513200000
Q9CX78	1370300000	1298300000	952110000
Q8R169	4371600000	4159200000	3641100000
P07356	1834000000	1611700000	2439500000
Q921F2	16942000000	17313000000	13972000000
Q9CQF9	6546400000	6245500000	5968100000
Q3TA27	3966900000	3721600000	4328500000
Q6R891	2797000000	2544300000	2500300000
Q45VK6	15234000000	15159000000	14401000000
F8VPN4	2409300000	1996100000	2488800000
Q8R570	3335200000	2967800000	2697500000
D6RCU8	8297700000	8256300000	8117000000
Q80UG2	19884000000	17770000000	17403000000
D3YX62	3557100000	4660300000	4194100000
Q8C9V5	3674600000	3870000000	4008200000
Q6PDM2	19074000000	19861000000	19847000000
Q6PD97	12506000000	10939000000	12788000000
Q8BP17	2527200000	2802300000	2870200000
Q9WTP7	2086700000	2246300000	2303600000
W8QM43	0	0	0
Q3UGR5	1357100000	1293100000	1271200000
A0AA74KQE8	10478000000	8857200000	9558600000
Q3UB90	23620000000	22128000000	20102000000
P61226	2153700000	1782900000	1910500000
A0A0G2JFT8	8466000000	8879700000	8030100000
Q3TS74	3439900000	2839100000	3662600000
Q3UTV3	3324600000	3980800000	3206600000
Q8VEH3	5777800000	5406100000	5699500000
Q3V406	1842400000	1739000000	1435200000
Q8K063	54342000	25364000	8890500
Q9CX34	3471400000	2958600000	3593300000
P54823	21423000000	22982000000	19465000000
P17156	428450000	316810000	431520000
Q3TAL9	989780000	1475400000	1608300000
Q3V2F8	9680300000	8520100000	8884400000
E9QM38	1071900000	1174000000	1490700000
D3Z4Q8	1308300000	1220500000	1345400000
B9EHJ3	2108000000	1809900000	1928100000
P56959	15633000000	12131000000	12179000000
Q6A065	18785000000	16976000000	16689000000
Q3TNV7	6266400000	5376100000	6137300000
Q99L12	17724000000	16246000000	20809000000
P68404	844520000	723300000	790170000
Q58E35	19988000000	22959000000	28690000000
Q99JX4	15470000000	15475000000	13378000000
Q921L6	3706900000	3093700000	3226400000
Q3UWG5	2725100000	3109300000	2957000000
D6RCV3	7610200000	7302800000	5856400000
Q1HCM7	2974200000	3104000000	3179500000
Q5NTY0	9636800000	10489000000	9256500000
Q9CXE1	8955600000	9058300000	7004200000
P15116	10988000000	10133000000	10182000000
Q9Z0P5	2866600000	2327700000	1996400000
Q9DAR7	7799700000	6896900000	6904400000
Q8K1C3	3023000000	3275700000	3817600000
A0A494BAW8	2032600000	2314300000	1220600000
Q8VDJ3	5838900000	5285300000	5415600000
P37804	448340000	585150000	755080000
Q9WUR9	338560000	615640000	400190000
B2RPW5	2013800000	2142400000	3391400000
A2RRK3	1367100000	1649300000	1754500000
F8SLQ6	206520000	262520000	162800000
O55029	11188000000	10707000000	10754000000
Q9CRB9	1990400000	1836600000	2183900000
D6RG47	5950800000	6855800000	6357400000
Q5DTL9	693430000	533240000	1240300000
Q8BQV0	7024800000	7273600000	6579700000
Q60634	2894400000	3228300000	3227800000
Q3UXX4	4694000000	4566700000	4293100000
G8JL76	2176600000	1832300000	2767400000
Q8C2V2	3586900000	4105300000	4433200000
Q8C2Y9	12735000000	11685000000	9711800000
Q9JJK2	11341000000	9031800000	12520000000
Q8C454	3389400000	2596700000	3404200000
E0CYP3	2116800000	1763300000	1604200000
Q3U6Y5	17468000000	16978000000	18411000000
Q6PHN9	5000500000	4693200000	5558100000
Q8C5L2	4391600000	4367900000	5094600000
A0A3B2W465	8602900000	7800800000	7721300000
Q8BUP4	4465400000	4999200000	4585000000
Q9JLV5	4970900000	4882600000	5272300000
A0A2R8VHT1	11364000000	14612000000	14157000000
Q1KS26	12179000000	12315000000	12866000000
Q62348	18628000000	14181000000	13650000000
Q91W50	8319800000	9535200000	7507400000
Q9D1E6	3148600000	4215000000	3785700000
Q8CCN9	8564100000	7631700000	11075000000
Q58EW0	22463000000	19679000000	23401000000
Q9QUP5	0	5741600	3140800
Q3B7Z2	5286400000	5664900000	5180700000
A2VCP9	3906700000	3026500000	3357700000
Q9R0P3	5828900000	6243000000	4483700000
Q9JKD3	2007600000	1664800000	1749200000
Q3TZ27	2281400000	2820300000	3438800000
Q3TRH2	20684000000	20650000000	18112000000
Q9Z0S1	1692800000	1840400000	1461400000
Q9QZ06	2109900000	1946000000	2946700000
B7ZNJ3	1444900000	1235000000	1313700000
Q8BPV9	2384700000	2882200000	3085400000
Q61696	816870000	972100000	1770400000
H3BLJ1	4455500000	4390200000	3531300000
Q8CCT4	985170000	893160000	744460000
Q8R1I1	5867800000	5957100000	7977300000
Q3UWX9	4327900000	3996700000	3913300000
Q3UMP4	11375000000	10626000000	10028000000
Q78TF3	2765700000	2954500000	2222400000
Q6PB52	3741900000	4094300000	4541000000
Q8BGR3	1503300000	1648300000	942870000
Q3UX22	1950400000	1899000000	1816900000
D6RJ54	1813100000	2149200000	1876300000
Q91Z31	22291000000	17501000000	16149000000
Q3UIU2	1714400000	2119600000	2269000000
A0A087WPV4	11764000000	13657000000	11733000000
Q543F6	3703700000	3395000000	4205800000
Q8C0E2	7146100000	6550800000	5265600000
Q6R5D0	12667000000	12364000000	11855000000
Q9CWK8	2385200000	2997200000	2968700000
Q8CBC9	556650000	368970000	494810000
Q61081	5553000000	4620500000	4244600000
Q9D7C3	1670300000	1152700000	1349900000
Q9D859	9090400000	9184000000	8655300000
H3BKD9	3195700000	3042500000	4669400000
F6XX57	43895000000	40243000000	49567000000
A0A087WRH6	3609500000	4005600000	4975200000
P62627	12698000000	9078600000	8408300000
Q8VHL1	1057100000	1154100000	1380100000
Q9CR95	1596700000	1167600000	2000100000
A0A0N4SV41	6294500000	6180700000	6153500000
Q3TSR4	5419700000	5920000000	4773300000
Q9Z2D6	2943600000	2947100000	3577100000
Q542I9	10918000000	11698000000	11272000000
Q544Z9	9348100000	8911600000	10590000000
Q9CXS2	1366500000	1070400000	2060500000
Q8CBU4	2857900000	2821100000	2884800000
Q91ZJ5	3003700000	2707000000	2451200000
Q9R0X4	3336800000	3262700000	3087700000
P52196	666500000	934040000	766960000
P12970	17945000000	17673000000	15210000000
V9GXY1	17903000000	18810000000	17473000000
Q920H7	2520300000	2392400000	3221400000
Q3ULJ0	2100100000	1986400000	2364000000
Q8VEH5	15275000000	13884000000	12458000000
P63168	6318100000	9554900000	8835700000
Q8K212	3837700000	4368400000	4930700000
Q3UXV4	3785500000	3947500000	4603900000
Q9CU21	882110000	1280200000	813890000
Q99LY9	1011200000	823320000	786260000
P30999	7710900000	8126000000	7889700000
Q9CTF5	5990100000	5877500000	5307400000
Q9QZM0	5342000000	6361000000	5795300000
Q8C9L4	224890000	144700000	262400000
Q99PJ0	2514000000	2443600000	1739400000
P42859	2102900000	2146200000	1824800000
A0A2R8W6V1	2408300000	1916200000	1778000000
Q8BHE3	4737300000	3973800000	4428500000
Q9EPU0	11113000000	11404000000	9878700000
Q8BM51	8620100000	7973200000	7100500000
Q80TE7	1340800000	750340000	600060000
Q8BKZ9	1732700000	1916800000	1529600000
Q3UNA6	10253000000	8657800000	11387000000
Q8R3X7	2293100000	2363000000	2429100000
Q9CT72	14681000000	15493000000	11917000000
Q9CXY6	18001000000	16214000000	16146000000
Q9CQE1	8856600000	6503100000	4885200000
Q9D6G1	31297000000	40445000000	13623000000
Q9D6G3	1687600000	2316400000	1681000000
Q8BZC2	0	4642400	53088000
Q8BWS6	1955800000	2017100000	1989800000
Q7M6Y3	4760700000	4860300000	4919000000
Q8BLE7	308990000	225130000	264700000
Q8BMF3	525840000	476360000	690030000
Q9CQH7	2663400000	2287500000	3333200000
Q05DS7	6099700000	5980500000	5952100000
G3UYH1	3752300000	3654000000	3489900000
Q80TV8	14002000000	14028000000	17642000000
P57759	5684100000	4150100000	5588900000
Q06890	588600000	638010000	748770000
Q8R071	0	0	0
Q3TEB0	8649600000	6864400000	8055400000
Q8JZN5	4128000000	4475400000	5049300000
Q9R1V6	893860000	681950000	921030000
Q3UY14	901510000	1365900000	1322300000
P12023	4257100000	4306400000	4362000000
D3Z258	2461300000	3310200000	1473400000
Q8R164	1350600000	1711800000	1841800000
G3UZM5	0	0	0
Q9CXY0	5138300000	7174000000	6012000000
Q3TS59	10467000000	9375100000	8545400000
O35639	447010000	585610000	776960000
A0A0A6YY71	292700000	315160000	532240000
Q8C8Q0	850980000	910030000	937320000
Q8JZP2	7089200000	7681600000	6229900000
Q9DCY1	11097000000	11107000000	11124000000
Q3UGN9	3871400000	2194400000	3710700000
Q05CS7	1967000000	1840000000	2150200000
Q3UTR0	2520500	0	18853000
Q8CGF6	8586900000	8222800000	7723900000
Q80YA9	1934800000	1673500000	2128300000
Q8BNQ9	55432000	292000000	228960000
Q9CT18	4515200000	4143400000	4003500000
Q6DFY2	3795900000	4398600000	4507500000
Q920E5	12179000000	15829000000	15185000000
Q9EPL8	13941000000	17578000000	14612000000
G3X9K3	4071400000	3999200000	4587100000
Q8VD04	4047800000	3380500000	3469100000
B7ZMQ9	4718500000	3776900000	3312100000
Q9CSH0	14677000000	13507000000	11540000000
Q9D0M5	2691000000	2470800000	3220700000
Q9CQW1	10506000000	10900000000	10131000000
F6ZLC6	12525000000	11892000000	12300000000
Q3THS6	7402100000	5300100000	4927300000
F6SWQ9	1099500000	1015500000	1352600000
Q3TR00	1355100000	1217000000	1090400000
Q3UY17	536090000	701050000	595780000
Q8CCL8	9892800000	8836800000	6934000000
Q62305	6763900000	6633200000	5380600000
A0A1D5RMC1	5963100000	4481200000	3178500000
Q45FE5	1487100000	1164100000	1157300000
Q80YX1	315930000	349110000	569360000
P20060	691770000	911780000	851620000
F8VQC7	8103300000	7006100000	7734100000
Q8QZS1	3614700000	3303600000	4272000000
Q7TN11	1262600000	1185100000	1469800000
A0A494BBB3	7797000000	6644900000	8027000000
Q60771	0	0	6124300
Q6P6M9	1465300000	1309400000	1916800000
Q3U6M5	10502000000	10730000000	10302000000
A0A140LJK3	13845000000	12350000000	14634000000
G8DYS4	8183900000	8359000000	7973200000
Q6PFD5	9941700	0	13283000
Q5DQR4	474220000	290080000	405750000
Q8BMH2	3934400000	4043300000	3427400000
P49025	172660000	173990000	392350000
Q8BJU0	6388900000	5745900000	5618700000
Q8CBW3	1726900000	1739500000	2028100000
Q99KB8	796770000	644120000	885410000
Q4VBC9	3967600000	2785000000	4352300000
A0A2I3BS22	2075900000	1874100000	2574500000
A0A1L1ST83	4333600000	4681600000	3982200000
O08583	13395000000	10643000000	14081000000
Q8CAB4	29779000	0	15772000
Q3U2H3	2891300000	2635200000	2266000000
P49722	12248000000	12344000000	10250000000
Q99LR1	2865500000	3273600000	2293500000
Q3UZ27	23699000000	22099000000	18988000000
Q64105	2841800000	3483100000	3161300000
Q99J08	3656000	10474000	75093000
Q9CQI3	3798200000	4281700000	6561200000
Q3TS98	1406200000	2009200000	1994200000
Q9CQJ8	1783900000	2525500000	1571600000
Q3TB31	9755000000	10218000000	9020500000
Q3UKD6	6390500000	6518000000	6345200000
Q99JR1	5713200000	6649200000	7231800000
Q9CQM9	8491000000	9437600000	8408400000
Q3THD5	17644000000	16436000000	14942000000
O70456	0	0	0
E9Q3T7	2916700000	3170700000	3866900000
Q91YR1	4585100000	4005600000	3286300000
P70195	5938900000	6868400000	6716200000
Q99PL6	3173400000	2686400000	2860100000
Q64133	1936800000	1733500000	1782700000
Q5M9M4	20624000000	18307000000	12882000000
B1AQF7	1425200000	1234800000	1558500000
Q921R2	16130000000	14006000000	14360000000
B2RRC5	10719000000	9319300000	11571000000
Q9DCZ4	2226600000	2228600000	2323700000
Q9R074	5173900000	5829700000	4401500000
Q8BU18	6440900000	5806000000	5469300000
D3Z0C2	17456000000	13127000000	13498000000
A0A1Y7VLG5	16837000	14718000	0
P41216	1749200000	1735500000	2485400000
A0A2R8VI42	12553000000	11221000000	11061000000
Q9JIF7	12115000000	12222000000	11114000000
D6RE43	17280000000	25819000000	23067000000
Q6Q477	99495000	229930000	216580000
Q49S98	645330000	597900000	846410000
Q8K3H0	5440400000	4780900000	5213000000
Q9JHI5	2764400000	2571200000	3035600000
D3Z036	6583500000	5700600000	6276300000
Q9D8U8	2152500000	1632100000	1350700000
Q8K0Z3	6686600000	7928400000	6547600000
A0A0U1RQB4	3006700000	3468200000	4026000000
Q91VM5	12527000000	12327000000	9836100000
Q8BVV6	5081900000	5263500000	4591100000
A0A0N4SWD1	1979100000	2383300000	2994900000
Q5SXA5	2405100000	2119900000	1990600000
S4R1D5	2067600000	2061700000	2186300000
Q5M9K7	8954100000	9182500000	7012500000
F6YTS6	864900000	905670000	1295100000
Q99KQ4	2769300000	2535000000	2275500000
Q8CE37	5121000000	4713900000	5103600000
W8R8Q6	7146700000	6650600000	6790400000
Q9D1P4	5881800000	5654400000	3742600000
Q8CF63	2800900000	2812200000	2795000000
A0A2I3BS01	509110000	495610000	988720000
P62830	10965000000	11776000000	11518000000
Q8CG76	4671400000	3909500000	7520600000
Q810V8	1989200000	2194700000	2895500000
Q922K6	3344700000	3329100000	2550600000
Q9CVI3	1233800000	1401300000	1170800000
Q544I1	2184200000	2581200000	2499700000
Q9D1K2	2709800000	2180700000	1953400000
Q99MR6	6273100000	6988600000	6425700000
Q5F258	4972600000	4611200000	3754500000
Q99J45	5087300000	6373200000	5186200000
Q9Z130	16920000000	19932000000	12593000000
P70372	13996000000	15233000000	13459000000
Q8C0T5	461800000	629380000	853390000
Q9R1P0	7892600000	6074800000	4922600000
Q9CY93	10521000000	9343700000	9686000000
Q3U173	2335800000	2524300000	2442400000
Q8C078	1894600000	2194900000	1557200000
Q9D5V5	5734100000	5563300000	5945000000
A0A571BD72	630020000	756770000	690700000
P46096	0	0	0
Q99NE5	1008000000	896600000	1140500000
P11031	7181600000	6877900000	6425400000
Q9JLZ3	501070000	768550000	793110000
Q9CVH5	497050000	615240000	497470000
Q3UG16	6452900000	5724400000	5364100000
Q9R1P1	8468300000	8956900000	7160900000
Q3TYW0	7473800000	6411100000	8346000000
Q3UXA7	5834400000	3893300000	3823000000
A0A2I3BR90	627170000	602280000	517470000
P70232	6412000000	6268500000	5560000000
Q9QYS2	799380000	928720000	1178900000
D3YUT6	153390000	75420000	132140000
P05132	3306700000	3006800000	2765700000
A0A338P6W0	7037100000	8016000000	6431300000
Q91Z57	3000600000	2435200000	1957700000
P35438	626160000	804860000	639160000
Q91VI7	2077800000	2184100000	1955200000
Q8BK60	0	0	0
Q9CQC7	2115200000	2139000000	2177600000
D6RHQ0	4266300000	3835800000	3046700000
Q9CVY8	1828200000	1717100000	1638000000
Q4FJX4	512760000	346820000	331020000
Q924M7	2376400000	2386000000	2671000000
P97398	12932000000	13004000000	11872000000
Q99MN9	2272100000	1712200000	2000100000
Q80U49	1130900000	1225000000	1073100000
Q8BKD1	323460000	296160000	545580000
Q91YP2	7550200000	6917700000	8033200000
Q8CC64	2685600000	3224700000	3652000000
A0A0J9YUG0	5760500000	5167200000	5456200000
Q571D6	2509800000	2683900000	3647600000
Q8BWY3	11696000000	12734000000	11545000000
Q9CQ75	396490000	621850000	781050000
A0A3B2W7K0	1655200000	1603900000	1664100000
Q5XJY5	8097100000	6379900000	7010800000
Q63847	5048100000	4855300000	5759000000
Q9QZE5	7835400000	7123600000	6525700000
P56376	1310100000	1161400000	1029500000
Q3TR27	3017500000	3706400000	3594600000
Q9D2V7	3079800000	3380900000	3098000000
Q99MI1	7014300000	6913700000	5205500000
A0A1D5RLT7	5996600000	5674700000	6967000000
S4R1P4	4801200000	4859600000	5012800000
Q3TRH4	469440000	572300000	727900000
Q3TYD2	5751200000	5796600000	6797100000
Q8C5M4	2746500000	2104100000	2318200000
Q8BNY6	2302400000	2007300000	2136600000
Q6DI58	22957000000	21331000000	23226000000
Q8BMZ4	14046000000	12063000000	13115000000
Q6NS55	1301400000	898860000	1049600000
Q641N3	16163000000	16678000000	16168000000
Q99LI8	3017800000	2969300000	2406800000
Q641P0	436920000	581860000	370920000
Q8K411	5708800000	4851600000	3232500000
Q3UVN6	2108000000	1774900000	1367800000
Q8BP92	7864200000	6082000000	11916000000
Q2KHP0	50822000	109980000	62894000
Q3USX4	1060900000	840360000	1042200000
O88703	46146000	75249000	62594000
Q60817	9673500000	10519000000	6763300000
Q4FZH7	4563000000	4893200000	3505500000
P48428	9609400000	7466500000	4271800000
Q3TDK6	1355600000	1388600000	1461900000
Q64674	7678500000	8945100000	5328300000
D3Z6R9	17418000000	18126000000	11505000000
Q922D4	6634500000	6614600000	7922300000
P04925	304420000	463600000	280660000
Z4YMF3	744700000	687560000	676960000
Q3U4R9	2005700000	2386000000	2177800000
F8WI84	1195300000	1276000000	1148900000
Q8BWM0	3198700000	2464200000	1699600000
Q91Z53	740030000	745960000	577190000
Q501M9	889990000	961300000	821610000
A0A494B9J5	1550200000	2037400000	1937400000
Q99KG8	7825000000	7540600000	7987700000
Q99LP6	4602600000	3510300000	4342900000
Q921G7	1475300000	1512300000	1373400000
Q3UID0	14982000000	13035000000	13231000000
A0A1B0GRX8	75263000	81999000	117600000
Q9R1P3	5166200000	6828100000	4834900000
P18572	1703700000	1541000000	1619300000
P99026	4744400000	3836400000	6390400000
P35436	2349200000	0	22219000
Q99J77	10241000000	8225200000	8269600000
Q8BU52	10488000000	10497000000	8435200000
Q99KM8	1810100000	1932400000	2378400000
Q07076	1113900000	758740000	922270000
Q91XF0	593730000	543960000	742600000
Q9JMH6	8659600000	7252400000	7585800000
Q9CQ92	977350000	1137000000	1525600000
P70663	112680000	163190000	186780000
A0A087WSU0	6251500000	6823800000	6306000000
Q8BL97	6845200000	5986800000	6423900000
Q3TRS8	1819900000	1916000000	1832700000
Q9CZX8	7814300000	7205200000	7205000000
B9EJ86	12536000000	12658000000	14551000000
Q91YJ2	2519700000	2273300000	3607900000
Q8VCW8	760720000	603980000	912450000
P62073	1561400000	1634900000	1259800000
Q6P5F6	2885200000	3011200000	2866800000
Q3V3R1	2999700000	3211200000	2695100000
Q80ZP7	560180000	446530000	446220000
Q3V256	1989600000	1754200000	1873300000
Q3UJS5	17838000000	13526000000	11242000000
O08688	1996600000	1759100000	2257600000
Q3T9V9	6673100000	7680100000	8945100000
A0A0G2JGA4	6358700000	6256000000	5471100000
Q8C2U7	7343600000	5590800000	5513800000
P09528	1572900000	1480600000	1420300000
Q8C0B4	14995000	116460000	1837000
Q91YE6	10775000000	11055000000	14764000000
Q99L13	1027600000	965800000	1412100000
Q3UGY8	2086500000	2010100000	1613100000
Q9D2Q7	130360000	314590000	92882000
Q9ERU0	16933000	89903000	102670000
G3UYJ7	1965200000	2211700000	2807800000
Q3TXY1	1122200000	1121800000	1398700000
H3BLR3	7130300000	6344900000	7112600000
Q9QYB1	2379800000	2545600000	2277800000
Q7TMB8	1566700000	1881700000	2014700000
Q3UR13	247550000	281040000	240270000
Q80ZL3	1092800000	1158300000	1094000000
O09131	2047700000	1895300000	1680300000
B2KFA9	5021300000	5292500000	4340800000
Q8C1W9	9003000000	10036000000	9679600000
A0A0A6YX33	6797200000	6937200000	6372900000
Q8K161	7979000000	9265300000	10634000000
Q3UJN2	14778000000	15577000000	17875000000
Q9CWZ3	10210000000	9632800000	8483000000
Z4YKC4	2787900000	2925400000	2856800000
Q9Z1L5	1226100000	1396000000	1293100000
Q8JZS3	11240000000	12772000000	9251900000
Q9CUY6	1030800000	764670000	649130000
B1AZS9	5897800000	6698000000	6141100000
Q3U9A8	12053000000	11461000000	12891000000
Q3THX4	2974900000	3909300000	3888500000
Q8R574	5556100000	5747100000	6230400000
Q9CRH1	10449000000	7741200000	8854600000
A0A286YDK9	4044300000	3369200000	2210700000
Q9QUI0	5817100000	7452400000	7016200000
A0A571BG49	10353000000	9468000000	6272700000
A8Y5E8	16771000000	11976000000	12442000000
Q5DTH1	5032700000	5831900000	4786400000
Q8VED9	3486900000	3003000000	1400100000
Q61151	5104600000	4262800000	4181700000
Q3TU57	1675000000	1824000000	1816400000
Q9D4H1	7641500000	8963300000	8922000000
Q8C090	350490000	178630000	465900000
Q8BYR5	181330000	121580000	257740000
E0CYL3	1411900000	1664300000	1274900000
Q4W8U9	635950000	464500000	504060000
Q3TMH2	284300000	391210000	346010000
Q7TT50	5698200000	4986100000	5419700000
P62754	12968000000	16054000000	17203000000
Q3TEQ0	6171900000	5568300000	4382200000
Q3UJQ2	25904000000	23550000000	22635000000
Q5ND50	4662200000	5111600000	4250800000
D3YXK2	8587700000	7656500000	7412200000
Q3UG68	8488600000	8972700000	8885600000
Q3V2S0	1858100000	1842300000	2431500000
Q3TRH5	2874000000	3216500000	2544000000
Q8JZS0	2594400000	2087300000	2220900000
A0A0R4J1C2	1287300000	1220900000	877320000
Q8R3S6	4426700000	4141200000	4018100000
Q9CYZ2	1887900000	2017100000	1526900000
Q9WV18	2363300000	2340600000	1991400000
Q9D4H8	7557900000	7030100000	7233100000
P28740	6296300000	7019700000	6571400000
Q3UH29	378990000	414340000	194030000
Q91VN4	1926600000	1462300000	1287700000
Q8CBH3	4736700000	4439400000	4812400000
Q3V159	4428500000	4006700000	4031800000
P31786	936610000	1171100000	1342700000
Q8VH52	9098800000	9451300000	7703100000
Q5M9J2	1219900000	804720000	1228500000
Q5DTM9	5517000000	5565000000	5675800000
Q7TPM6	6473600000	5801300000	5360700000
Q3UFQ5	508000000	616600000	583520000
P60840	444020000	430930000	551830000
A2APS5	2101000000	2661700000	2538700000
P70392	961220000	780340000	774670000
Q91XU3	757540000	1104400000	1467600000
Q9D091	4196300000	4889600000	4167500000
Q8R582	13756000000	14707000000	13907000000
A0A0G2JG24	1867300000	2321400000	1948300000
P47963	9681000000	11833000000	10301000000
Q9CQR4	523660000	582080000	354890000
Q9CXS4	8185600000	7899600000	8355200000
Q9D1V1	156030000	125120000	119190000
Q9CSR6	5041800000	4782100000	5240000000
Q3UZ36	7481000000	6894000000	5541900000
P58771	1818500000	1767100000	1690800000
E9QAD8	505890000	590800000	551040000
Q505F5	5569200000	5470700000	6281200000
Q8K4Z5	7733000000	6271200000	5775300000
Q9CS47	12332000000	11343000000	13134000000
Q3UH60	4845000000	6230200000	5497300000
Q6PE78	3508100000	3209400000	2387100000
Q6ZQ18	2046300000	2302300000	2289800000
Q9DB41	849000000	665400000	560490000
Q9DB79	11977000000	12441000000	11717000000
Q9EQZ6	1011800000	814390000	1017400000
Q8R5J9	1085600000	1319600000	1012700000
Q9JLC8	3411700000	2433000000	2914600000
Q6PCX2	714750000	623850000	528910000
O70492	3284600000	3237400000	2630400000
Q8BPA2	2805500000	2825100000	3358200000
Q9WUL7	8673300000	7143100000	7275100000
O35344	7384000000	7250800000	8442200000
Q543Z1	55539000	63639000	103860000
P51880	9940600000	12562000000	12090000000
Q3US80	2906300000	2763700000	2706500000
Q02819	8558200000	9115800000	9537100000
Q8VDP4	9922700000	8901700000	8120800000
Q9CR32	7701900000	6065500000	4818400000
D3YXV4	554750000	497810000	533570000
Q9JL62	60797000	74784000	86975000
Q8C419	41483000	38122000	15297000
Q3UHD9	1169700000	1141000000	1176300000
Q99LG2	8473100000	10217000000	9406000000
Q9CUN8	776870000	1637000000	1554600000
A0A1B0GRT5	4470700000	3636400000	4608700000
Q9JK42	281540000	435010000	256450000
Q9CQ60	13115000000	10715000000	11697000000
V9GXY8	1343800000	995050000	1101600000
Q8BTG7	1212000000	975030000	865020000
Q99JZ4	4493500000	4197800000	3741600000
Q99PL5	3129200000	2893300000	2474000000
Q3UJR6	1869600000	1600500000	2095100000
Q61137	1856800000	1740600000	2266700000
Q3TIC2	3316700000	3726000000	2769800000
Q6R5D6	10128000000	10639000000	9554900000
Q8BJ42	0	0	14033000
Q8BWB5	1029100000	827320000	756150000
Q9D5T0	4521300000	3766700000	2752200000
P10493	24534000	0	15264000
Q8K0D5	2170900000	2288100000	2701200000
Q8C7X2	7895700000	8377500000	8389800000
Q9DBN7	1205100000	1228600000	1297700000
Q9D6Y7	2287400000	1845600000	2112900000
Q61001	44712000	82015000	174000000
P29391	15252000000	19243000000	18956000000
Q8VD79	212430000	393240000	109480000
A0A1L1SS61	722360000	737020000	735310000
Q3THA8	678790000	490480000	495750000
E6Y2W9	674160000	366780000	695470000
A0A1W2P784	696310000	660750000	782290000
Q9JMF3	0	7152200	9857100
Q6A075	1684200000	1322200000	1206700000
Q059I1	17836000000	19207000000	19768000000
Q3U172	2056800000	2118600000	1462900000
Q9DB72	0	0	0
Q8R191	1038800000	724910000	1101900000
F7AI87	11990000000	11400000000	11854000000
O55137	2161700000	2827500000	2722500000
Q6PBC0	2492800000	2781900000	3400600000
Q9CQ22	2962700000	3552100000	6248600000
Q9CUM4	4310300000	5239400000	5026300000
Q9JKC6	553790000	805770000	595100000
Q99LF0	9651500000	9118200000	9521900000
Q3TBG4	32440000	20377000	34209000
Q8BZ69	4401400000	3919100000	3748300000
O88851	3084200000	2263900000	2211900000
Q3UTY9	9904200000	10216000000	9202900000
Q9D023	2461000000	2312400000	1997300000
P97461	12542000000	12627000000	10645000000
Z4YKB8	11435000000	12958000000	14052000000
Q3UWX1	3058000000	3053400000	2959800000
Q8VDK8	4504000000	5174700000	3971300000
P80560	468910000	406850000	391610000
Q3USM1	356140000	381770000	449720000
Q9D8B0	4639600000	3829800000	3881000000
O09061	9704800000	9230400000	12205000000
Z4YLR9	1281300000	1126500000	580090000
Q8CD62	4912200000	5635900000	5127700000
Q3TS88	1634700000	2112300000	1560100000
A8JYK8	9725200	9200200	10224000
Q8BYM0	1889100000	1862900000	1811000000
H3BK26	2193300000	1688000000	2134000000
Q3UPG6	3258300000	2755000000	2947200000
Q8BXU6	904790000	871550000	827400000
Q80WM4	0	0	0
Q99KE1	1481200000	1501300000	2026100000
Q8BSD1	3145300000	3248400000	3129300000
P62852	8780700000	10181000000	8406400000
Q9R1T2	9562400000	9633700000	8922300000
Q3UWJ0	7767000000	8554700000	6876900000
Q9DB27	2972300000	3458700000	2295500000
Q99KC8	543620000	656830000	985430000
Q920P5	495450000	428130000	749970000
Q8BRF7	2202700000	2129200000	2000500000
Q80UN7	753460000	896920000	750330000
O70194	5901000000	6854100000	5338900000
Q9QY76	1605100000	1465600000	1729400000
P62774	7299600000	6807000000	6500400000
Q8QZY1	7020900000	7064700000	7943200000
P11352	2385500000	2038100000	2001900000
Q7TPT3	3415100000	3519500000	2933200000
P63046	897340000	804900000	982970000
O35341	305560000	266900000	165650000
Q58E59	8079800000	6589800000	6544700000
Q3TDD9	4110700000	4032200000	3516400000
Q8CJ19	4393900000	4772900000	4893400000
Q9D7X3	458730000	494530000	577240000
Q8K239	4817500000	3862500000	5857400000
Q9EQE3	2126600000	1872500000	1594200000
J3QMQ8	1908000000	1579200000	885010000
Q60625	4881600	9817800	0
Q8C163	1743300000	1433500000	1743200000
Q62393	1236900000	815700000	864120000
Q61686	34314000000	32475000000	42022000000
F7CVZ7	2097400000	2018100000	1610200000
A0A1Y7VM34	367700000	368360000	637390000
Q9CSM0	6937500000	6407700000	4686400000
Q9DC61	2617900000	2917300000	2971400000
P58044	6497000000	5888500000	4467900000
Q9WV80	2699400000	2630700000	2194300000
Q8BVQ5	3600200000	3891100000	3318000000
Q8BGB7	1038900000	1049800000	1077900000
Q3US30	2704800000	3093100000	2622300000
A0A0J9YUG2	5141900000	6785000000	4004900000
Q9D1T0	1151500000	938240000	1482500000
Q01405	5610000000	4443100000	4927100000
Q8BYM5	3077100000	3142000000	3413300000
Q9D736	2110700000	2098300000	2277700000
D3Z4Q8	0	0	0
Q05DM9	2934200000	3205400000	2422700000
Q99M71	241010000	329510000	213880000
Q9CQX2	3393100000	4002100000	2455300000
B9EKL9	3537300000	3001000000	4431400000
Q3UJS0	6042600000	7611800000	6926200000
Q61584	4100600000	3022400000	3704100000
Q9CUB4	2482200000	2262500000	1981100000
Q8CGI8	13021000000	12043000000	11532000000
Q0GNC1	177110000	44503000	273640000
Q3UDE2	11357000000	8629400000	10637000000
Q9CRH9	994230000	927290000	984630000
A0A0G2JEW5	3672200000	3308500000	3083200000
Q8R0S4	358770000	466890000	376850000
Q9CYR0	2771300000	2753400000	2308000000
Q3UF06	377230000	325020000	294690000
Q9QXV0	229330000	236830000	235630000
Q9CRD0	1575100000	1583200000	1826200000
Q9CUV0	473010000	655200000	470320000
A0A1Y7VNC1	946760000	1024500000	1308700000
Q3UVR7	2274900000	2260600000	1328200000
Q9CZP5	2939900000	2150700000	2868700000
Q62443	0	21355000	28481000
Q3UXP2	9171200000	9651300000	9438900000
Q5EBX5	4987600000	4988700000	5615100000
Q5PR73	573090000	440640000	458930000
Q6P9R2	4342800000	3954900000	4501800000
A0A0A6YX60	34223000	51151000	108090000
Q921M3	17219000000	15624000000	14261000000
Q6PAS6	613390000	1114800000	547350000
Q66K07	5585800000	6090900000	4985300000
D3YXW5	1205200000	1264000000	1046500000
Q4QRK2	726360000	908890000	1427900000
Q8BZS8	2111400000	1960700000	2933300000
P67871	4791900000	5788700000	3846100000
Q99KA8	6092700000	6116300000	6377700000
Q8CF81	4808300000	4196700000	3422500000
H3BKL5	3678400000	3271700000	3002100000
Q9D963	2393200000	2506200000	2213700000
Q8CEW3	8612600000	9206900000	8584000000
Z4YN82	533230000	557570000	566050000
Q9WUM3	1709500000	2030700000	1780200000
Q68FH0	723320000	670050000	827930000
Q9CQR2	9503100000	6723600000	7036200000
Q9D6Q7	1102900000	950180000	793190000
Q3TS73	272780000	189120000	591020000
Q91WS8	2476900000	2354700000	1418900000
Q9D2F6	2336000000	2311400000	2111700000
Q9JHK4	2322100000	1956900000	1953100000
Q8BH57	2624000000	2605000000	2764100000
Q9CYG7	4043800000	3939700000	3641600000
Q66JR8	11556000000	42442000000	48586000000
B1AZ85	2394600000	1975000000	3682700000
Q8CI43	3033100000	3046500000	2294400000
Q9Z0U1	429240000	598720000	476030000
A0A1B0GSW6	1576400000	1871100000	1941400000
G3UZY9	783170000	750770000	837170000
Q8BT41	1383700000	1351400000	1982300000
Q3UCF7	3568500000	4184400000	3242800000
D6RCG9	1682300000	1759200000	1364500000
O89079	11756000000	13273000000	8488400000
Q9D8B4	2245100000	2385400000	2520700000
Q99L04	2360000000	1964500000	1561600000
Q8BUK6	4353500000	3518800000	2838900000
Q3UEW8	1171800000	1071000000	1139900000
Q80Y17	3639300000	3817500000	4424200000
O35621	2050000000	1528600000	2020800000
Q3TM28	5543100000	5165100000	4757600000
G3UY77	6125500000	3463600000	6562100000
Q3V4B3	3489400000	2611800000	3915500000
Q9CRT9	6646500000	6749100000	6603400000
Q99KP6	12159000000	10911000000	8796700000
Q8K2T1	10180000000	8477600000	9359100000
A0A0J9YVG0	7624200000	7282600000	9177900000
Q9R257	137500000	86434000	216220000
Q3UY89	2317000000	3054400000	2918400000
Q8C1Q3	452580000	439050000	480400000
P63040	1228000000	838310000	1448800000
Q9D1Q6	4529300000	4336500000	4274100000
Q9D5Q4	5355000000	4627600000	3024100000
Q3TEA9	2204100000	2669600000	3483000000
Q9R1R2	2826000000	2673200000	2873900000
Q52KE3	2248700000	2272000000	2113100000
Q8BQ10	7436300000	6305300000	5693800000
Q8BYY7	9977900000	8886200000	9077700000
Q8BVW7	3310700000	3464200000	3107700000
Q3U8F0	9327700000	10015000000	8588900000
A2ASS3	1778900000	1723000000	2551200000
Q9CSV3	6524200000	5057700000	6391200000
Q9CTB5	1500400000	1134800000	922480000
A2AL20	5269500000	5412300000	5895800000
A0A8I4T097	2592200000	1585900000	2140800000
Q8BTG3	2442700000	2820900000	3232800000
Q8CEY5	3859700000	4627500000	3733000000
E9PUL5	1040700000	436750000	785410000
Q6PAJ1	3819000000	3644100000	3835100000
P40240	296530000	248880000	316800000
Q571C8	39341000	37251000	0
Q9WTS5	17000000000	10439000000	9865600000
Q1WWJ8	5871300000	4223700000	5100100000
Q5BLK2	4366600000	5294700000	4616700000
Z4YJL4	1540300000	1476100000	1875300000
Q3U4C8	585680000	607600000	839370000
Q6PD36	188420000	236090000	205920000
Q921U5	3034000000	3660200000	3760600000
Q5U3K5	1202000000	1417200000	1203500000
Q6NS60	2079500000	2257100000	2203800000
Q80U63	2200300000	1961800000	1955000000
Q8JZW4	245890000	471480000	313500000
Q3USB7	1589600000	1334300000	1654900000
Q5RJI5	2937100000	3041800000	2723100000
Q8C7R4	4069200000	5075200000	4155100000
Q9JM96	3443600000	3306800000	3240300000
Q3UU96	2455700000	1953300000	2380300000
Q3UD13	3251900000	3244200000	4040200000
Q80UJ7	1342900000	1539200000	1492400000
Q6PE56	4812500000	4186000000	3884900000
Q62426	3200900000	4749400000	2500700000
Q9DC70	1776700000	1708500000	1779400000
Q8BMK4	8995800000	8705900000	8505200000
Q9ER00	3539300000	3486600000	3598300000
F6V095	10907000000	10224000000	11974000000
D3YZP9	3899200000	3738800000	3962300000
Q5NC79	2888900000	3033600000	3337600000
Q9D8B3	2160100000	2187600000	2042000000
Q8BLF7	259040000	328850000	358650000
Q9WTX6	4574700000	4275100000	4755800000
A0A0J9YV86	631140000	749010000	802970000
Q8VE47	4046300000	2850000000	4883100000
Q9CV67	4058400000	4456300000	4321000000
Q8BIV6	459710000	742020000	485880000
Q3TMG0	9455900000	9024800000	6745300000
D3YWH6	4268500000	4150200000	4692900000
Q8CBE6	597250000	716090000	688330000
Q5I0T8	12001000000	10740000000	12098000000
Q8BSZ7	4245900000	4320200000	3953100000
B1AY13	5173500000	4724400000	4566000000
P59017	1951300000	2010700000	1411200000
Q99MY5	9478900000	8182500000	8056600000
Q8BNK9	1106100000	644660000	696650000
B2RRE3	4262600000	4274500000	4406800000
Q8BX94	3786700000	3374500000	3074800000
P70206	4233900000	4410800000	4062500000
Q8C5M5	5654600000	6332000000	4387900000
M0QWN2	2826600000	2614900000	2775700000
Q6PFY4	7740400000	8008000000	11158000000
Q5SVL6	552450000	567420000	814570000
Q9QZB7	4298200000	4462200000	4304000000
S4R2D2	1139000000	862620000	926470000
Q6P8I7	810500000	759610000	3181300000
E0CYW3	1629700000	1602700000	1314900000
Q8C8C7	5907800000	5632800000	5288300000
Q6A068	10990000000	9674900000	12388000000
Q9D164	6803400000	6055200000	7679800000
Q8C0L0	6176500000	5503100000	5682900000
Q4VA53	12475000000	12600000000	13171000000
P39688	4499300000	4676500000	4470200000
Q8R5M7	104240000	151430000	428280000
O88448	2513800000	2200000000	1946700000
Q3UVW9	1344800000	1378100000	1621800000
Q6A088	5391200000	4898100000	5508600000
A2A432	5159400000	4601000000	3926100000
Q9WU28	943170000	1189200000	1213600000
Q9JJ28	2383800000	2456300000	2555800000
Q8R2V9	4183400000	3721700000	3823000000
Q9D0L8	9654200000	8140000000	10688000000
A0A1D5RMG4	5263000000	4318600000	4057000000
Q9CV89	6821200000	6271400000	7752000000
Q9JL26	10882000	29216000	15024000
D6RHN2	415970000	356500000	493240000
Q3UBL0	13950000000	14397000000	15621000000
Q9CTT2	14520000000	13624000000	14501000000
Q9CRE9	8569200000	8095400000	7957000000
Q69ZY2	589420000	635260000	521130000
P48771	1083700000	1243200000	987610000
Q3UJB9	12068000000	9626700000	9548700000
Q8K2Q3	1002500000	877350000	1071600000
A0A0U1RPB3	3280300000	2993100000	3232900000
Q6P8X1	2441600000	2993800000	2827400000
O09114	0	36985000	268560000
Q8R127	2244400000	1445500000	1804500000
Q8BG40	1180800000	1253300000	1631300000
Q8BR48	10116000000	11703000000	7781500000
Q9D710	1128400000	1486600000	816340000
P21460	103920000	224720000	95251000
G3UXZ4	621750000	870100000	665930000
Q3TUX9	755170000	757600000	845630000
P61971	5653400000	4773300000	3207400000
Q9JHW2	4250800000	3996000000	4100400000
Q91VW3	5802500000	4323100000	3935300000
A0A494B9M5	3608800000	4269600000	3283500000
Q3TSV9	4020300000	3558100000	5083100000
Q9Z315	3030500000	2522000000	2385900000
P97765	923610000	906730000	1132300000
G3UZV5	4379300000	5464900000	5497900000
Q5U458	2715900000	2802300000	2794800000
Q8CCI7	174200000	159330000	200000000
A0A0N4SVZ2	3341000000	3047800000	2268400000
Q9WVA2	627740000	922050000	1059600000
Q6IRU5	0	0	0
Q6A0A9	1139000000	1438700000	1262800000
Q91YW3	1785300000	2495700000	1865600000
Q6PCP5	3393200000	2706500000	1844300000
Q9D1M0	2233600000	2605100000	3756300000
P63213	177850000	140540000	168910000
Q3UUG1	3018400000	2629100000	2271500000
Q61771	4640000000	3494300000	3550400000
Q69ZS5	668730000	656820000	958150000
P97494	1450700000	1420400000	1504500000
Q9D9V3	1155200000	1100100000	1261000000
Q9EQK5	216390000	294390000	155980000
Q91WK2	2928300000	2719900000	2084100000
Q9CS31	7024900000	11206000000	9238800000
P60824	9609800000	6911800000	8332600000
A2AGS1	2364600000	2243200000	2248100000
Q62442	0	0	0
P27671	41764000	158180000	277980000
H3BL21	1084200000	894620000	635120000
Q9JL35	8574900000	10633000000	6089500000
Q71M36	2333200000	632070000	2357900000
G3UZ00	2155900000	2378700000	1857500000
Q99L69	2062500000	2253100000	2547200000
Q9R0H0	5207400000	7873900000	6256300000
Q3UE06	1990200000	2099800000	1969600000
B3STQ3	3202500000	2732500000	2793600000
Q8CC88	822380000	1004500000	1041000000
Q9CQ65	3245800000	2851700000	3378800000
Q3TZV1	1254500000	1051400000	1240300000
Q9CPX6	3220500000	3145300000	2627400000
Q8R464	2015700000	2487200000	1334300000
Q3TLE2	1532200000	1724100000	1725400000
Q3UZ51	8062800000	7721700000	11380000000
S4R179	7175700000	7256200000	6175600000
Q5HZK3	7605700000	8068300000	7296700000
A2APV2	8013300000	7186700000	7767600000
Q3U0D7	2336800000	2025200000	2065500000
Q571F9	15010000000	14018000000	13836000000
Q5J7N1	2498300000	2113400000	2475500000
Q8BG13	10405000000	11380000000	7788600000
Q8BVU9	7666800000	7550300000	6968000000
Q9CR61	1483000000	1681800000	1593400000
Q9WUK8	612170000	488640000	637900000
Q61187	4259500000	4371200000	4044000000
Q497N4	831210000	914590000	1035000000
Q8CD82	4507300000	5161800000	4253000000
Q61234	52585000	66273000	46924000
Q3UJU9	1464300000	1311300000	1666600000
Q60692	4768000000	4730600000	3707500000
Q8BQZ4	3230800000	2750100000	2637300000
E3T928	217050000	386080000	364000000
Q80T41	262940000	236300000	214640000
Q9D5V6	1928800000	1260100000	1447800000
Q3UDZ1	45090000	78210000	132030000
Q8CEH7	1211300000	1000200000	1083600000
Q5PR15	19028000000	16787000000	18149000000
Q99LD8	12728000000	12030000000	14102000000
Q8K567	1517200000	1899300000	2755800000
A2AE03	6486400000	5488400000	5145600000
Q9DAK9	1870000000	1761900000	1814000000
Q8VCZ1	5329300000	5574400000	4900500000
Q3TQD2	1409900000	1584800000	1139700000
Q3UH04	800370000	977340000	1300100000
Q8BK00	1420900000	1268000000	1314700000
Q3URI0	7668900000	8199700000	6472700000
Q8VIM9	3148400000	3010300000	2699700000
Q922Q2	359440000	541540000	563770000
Q6P069	852650000	398160000	489910000
Q8R0F8	2011500000	1954700000	3138100000
F6QK86	2610600000	2993500000	2806300000
Q8BIU2	1343300000	1789400000	1483000000
Q91YK1	2470100000	2987400000	3436500000
Q3TQZ9	3506700000	3066800000	3174000000
A0A1B0GSL5	8466800000	7406100000	7926100000
Q0II04	438950000	269210000	286450000
Q9QZE7	5716600000	5868900000	8069200000
Q9JJZ2	0	0	0
A0A140LJF9	1843000000	1743100000	2274100000
Q9CW03	6469500000	7141300000	8071400000
Q08642	37069000	60927000	82585000
Q8R0E6	6543400000	6096800000	5061100000
Q99KY4	2625100000	2540200000	2621200000
Q11136	1566500000	1616000000	1454900000
Q8VE22	1778200000	2123700000	2516200000
Q3TCN2	1814300000	1294900000	1209000000
Q9CZN7	16291000000	16774000000	18842000000
Q6PAR5	6691300000	5127400000	5624700000
S4R2P8	7217800000	7175100000	6616600000
Q8CGF7	8218800000	6688000000	6248400000
Q64213	4231800000	4735700000	4014300000
Q99M74	0	0	0
Q8BI84	4780200000	4187000000	4252400000
Q8BNU0	5463100000	5289300000	4998900000
Q792E4	1944400000	1673700000	1799400000
Q8BU74	1083400000	1101700000	1454600000
Q564F6	2909600000	2625700000	2874000000
A0A0U1RPN1	2327200000	2931100000	2561700000
Q9CX56	5164300000	5494500000	6290500000
R7RU63	1690000000	1700900000	1941300000
G5E919	2176700000	1909600000	1744600000
Q7TNG5	987330000	1054700000	1014300000
P26231	2425700000	2739400000	2888100000
Q3TDX2	2474000000	2525400000	2360600000
Q9D7N9	903310000	942330000	848470000
Q9CQ62	547170000	779000000	619360000
Q3TUJ5	7313000000	6825000000	6545900000
Q91VZ6	1349000000	1541800000	2034700000
Q0PD56	3522200000	3095400000	3464100000
Q6A074	2795300000	2704200000	3388300000
E9QMI9	2268500000	2662300000	2423500000
Q8JZU2	3173700000	3510000000	3267000000
Q9D577	2683400000	2412100000	2114800000
Q920N7	0	0	0
Q3V0N9	2444400000	2416900000	2719200000
Q3UYL3	5246700000	3896000000	4071500000
Q9CW20	5995300000	5192500000	4384100000
Q80WJ7	3037500000	2008000000	2259800000
Q9Z1D1	3189600000	3197000000	2432600000
Q3TM46	509290000	483700000	677320000
Q8C1D9	3628700000	3995100000	3508800000
Q8BGS2	7009000000	5164100000	4300500000
Q8CHD7	7236500000	5743600000	6132300000
Q64518	0	25767000	0
Q3UF02	3560900000	3099500000	3387300000
D3YWR1	917070000	939320000	828560000
P60761	154820000	0	29627000
Q8C0Z4	228780000	260440000	349120000
P12849	1093500000	595720000	595140000
Q4FZE7	4579800000	4637800000	6313500000
Q9QUR8	870900000	1291900000	1042700000
Q99KK2	2895800000	2345000000	2309600000
O35841	5222500000	5232200000	4870100000
F7CU63	1309700000	1202000000	1162500000
Q8CBY8	2850500000	3728100000	2580900000
O08997	6031300000	7292000000	5308800000
A0A1Y7VM54	4937700000	4121700000	4587500000
Q6NZQ3	4088600000	5237900000	4324200000
P35282	1969300000	1604300000	1885000000
Q6DFV3	2139400000	1923200000	2522400000
Q8C5K4	0	0	0
Q9DBL7	1440300000	1359300000	1656500000
Q920Q4	3563600000	3358700000	3425700000
Q8BLK2	3302500000	2600100000	2962600000
A0A2R8VHJ4	1561700000	1974300000	1693400000
Q8BUK5	2324600000	2855600000	2659000000
D3Z458	6503300000	5063900000	4394200000
Q9D1Z6	2575900000	2954200000	3093600000
Q8C3G7	75946000	63038000	95925000
Q78U92	2603800000	2360800000	2582800000
Q99JG2	0	0	0
A0A1W2P872	9070900000	9414500000	8166800000
A0A1L1SUR4	12870000	39154000	32380000
A0A0R4J1R9	1334800000	1407300000	1228400000
Q80TL0	1626200000	1759900000	2158300000
Q3U0K8	516100000	477580000	463110000
P61358	15055000000	13340000000	10225000000
Q99LE6	3330200000	3340800000	3236500000
Q9D2P8	0	0	0
Q99KP3	253300000	211640000	80736000
Q8BGC0	13523000000	11554000000	12209000000
V9GXD9	2719900000	2961100000	2586300000
Q8K394	1792000000	1695200000	1881600000
Q8C2N8	3588400000	4105300000	3895000000
Q9D2R0	8702400000	8732500000	7961500000
Q3UH83	414590000	415220000	404740000
Q8JZZ5	5992300000	4360000000	3903100000
Q3UZL8	5319000000	6417400000	6399100000
Q9QXB9	3863900000	3835000000	3254100000
F7D1R5	5941100000	6350300000	6110200000
Q4VAA2	2570200000	2256700000	2085800000
Q8BT90	7543300000	7607300000	4212200000
Q3TLI0	1533500000	1731000000	1274000000
Q6P6Q1	638740000	378520000	678650000
Q1MWP8	508730000	406030000	578650000
Q80XU3	2936100000	2324600000	2955100000
Q8C076	3876900000	3826000000	3114000000
Q8BHL5	2065600000	2294800000	2802400000
Q91VR8	48807000	92736000	41873000
Q921E2	5837800000	4986600000	6213200000
Q9DB73	966360000	791320000	1205200000
Q9R0I7	4296300000	2893300000	3421800000
Q8BHW2	1638300000	2242600000	1899600000
Q5SNZ0	4557300000	4287300000	3840900000
Q8C0W5	2874200000	2638600000	2233500000
O55091	887050000	702440000	664660000
Q3U868	17893000000	16222000000	17006000000
Q811C1	180910000	244440000	206490000
Q9Z1Q5	3300500000	4378300000	3779000000
P97384	131280000	203890000	325380000
Q5PR75	7930700000	7280100000	6246700000
O70125	3479800000	3225300000	2913000000
Q00915	3260200000	2796400000	3503000000
Q6ZWM8	1960700000	1623500000	1637400000
Q8BGQ1	2211600000	2473700000	2318500000
Q9D6H6	863710000	731750000	468130000
F2Z438	2441000000	2255800000	1808700000
Q8K400	1679700000	1271100000	1362200000
Q9EP89	860310000	718270000	1030500000
Q8C754	2435100000	2446500000	2861800000
D3YXQ4	922320000	858530000	493560000
Q3TQN8	969960000	1063300000	825810000
O54901	4520600000	4776300000	4780700000
Q3UND3	1347700000	808310000	1381100000
Q8K279	3482000000	3873000000	3504300000
Q9DC85	8971700000	8272200000	7326000000
Q9Z2C9	1720900000	1742100000	1150800000
O70325	736750000	924820000	1020400000
Q8K1M6	276640000	295030000	223920000
Q8BXC3	1947600000	1848400000	2537200000
Q99K01	4721300000	5048000000	5208500000
E9PXK4	318400000	256390000	292270000
P14576	4233700000	4489300000	3405700000
Q5DTP0	501650000	472780000	100030000
A2A7Z6	600070000	647370000	580860000
Q3TSW9	2146000000	1586800000	2047100000
A0A3B2WCD2	4082000000	5330200000	3884000000
F6S731	4510500000	2655900000	3950400000
Q8CH09	7558200000	5669900000	4885100000
Q8BTX9	4141100000	4825300000	3738800000
G3UYP0	2535800000	2750300000	3008100000
Q91VK4	850840000	802520000	732360000
A0A2I3BRL7	468060000	476410000	243250000
Q8K406	0	0	12844000
Q3UDC3	328500000	292340000	354740000
Q8C2J1	246930000	151410000	269570000
A0A2I3BRG7	4855600000	2951200000	3484700000
Q91YX7	5734800000	5363600000	4921100000
Q8BR63	417470000	384840000	496570000
Q3UJC3	1458800000	1168300000	1368700000
A0A0A6YXV0	1611400000	1728600000	1812300000
Q99KN2	2235100000	1601400000	1913200000
Q8R1Y7	1183400000	1130000000	1224300000
Q3TJI3	377120000	261840000	285110000
Q8BJA6	2446900000	1563000000	2970700000
Q3UQT2	6492000000	4469600000	5190800000
Q8BUR4	285700000	436680000	317760000
P56212	1247200000	809980000	785670000
Q920P3	194510000	278700000	404850000
Q3UTH8	463290000	472350000	324780000
Q3TU79	2023800000	2219700000	2240700000
Q8BK08	1105100000	1307200000	1867700000
A0A087WPM5	2513500000	2548000000	2303000000
A0A494BBM2	2589700000	2107500000	2707100000
Q9WTP6	3303100000	2931900000	3165800000
E0CZF4	2296800000	2190300000	2164800000
Q3V4C0	45555000	0	12872000
Q4VA28	6752800000	7350800000	6214600000
Q6ZQI3	4690400000	4806900000	4956600000
Q9CY27	2648800000	2597400000	1917700000
Q3UWC8	126660000	92832000	159970000
Q3UY76	419330000	430350000	529830000
F6X9P4	61154000	64635000	47850000
Q542I7	4118300000	3137500000	4394300000
Q8C7D2	775260000	687820000	610870000
Q4FZH2	7990900000	6556600000	4984500000
Q99JH2	623230000	929130000	922800000
Q3TEQ5	7165500000	6676700000	9184500000
Q8CJH3	1295000000	1744400000	1746100000
Q7TN13	11402000000	11603000000	15785000000
Q3U5C3	839250000	956090000	1006000000
Q9ES56	1325900000	1278900000	1467100000
Q3URY8	4099800000	3269700000	3557100000
O08582	4416000000	5114600000	5589500000
Q8BX10	2734600000	2191400000	2224200000
Q9R1K9	625010000	534040000	444890000
D3Z0M9	6135700000	5088300000	6508000000
Q8C248	0	21417000	0
Q9ESZ8	3642500000	3420300000	3659400000
Q8CEC7	2239300000	2345000000	2224200000
P58771	1036800000	374020000	689600000
A0A0J9YUB2	3145900000	3105500000	2415200000
Q8CGA0	660310000	914040000	788590000
Q8C7K6	3093800000	2812300000	3894400000
Q99KH8	1397800000	1283700000	1998100000
D6RJ62	2278700000	2179700000	2307800000
Q3UHC7	2599900000	2335700000	2322200000
Q8VD33	532400000	656520000	690880000
Q61239	1713100000	1227900000	1699700000
Q9CRB8	98113000	82996000	27721000
A0A2R8VHH6	1088900000	1241200000	1336300000
Q14BZ3	508990000	452010000	345990000
E9PUL9	3269700000	3702300000	3578600000
Q3U2X9	1204000000	1214000000	1122000000
Q8BPM0	6261300000	7349500000	5199100000
Q8CHG3	2102900000	1691600000	3019100000
Q8BFY6	871590000	812260000	771170000
Q8C052	3786900000	3564300000	2948800000
Q9D1G5	568280000	531010000	822710000
Q8CCB4	1622100000	1559000000	1647900000
Q61102	2280000000	2191600000	2608900000
Q3UV70	1385900000	1710800000	1685900000
G3UZY2	1433800000	2041900000	1570300000
Q3UXG4	1721800000	2039000000	2535800000
Q9DBH5	4004900000	4093500000	4222100000
Q8CCP7	1513000000	1316400000	1792400000
Q99KW9	4731600000	4732300000	2601900000
Q3TXT9	932420000	906640000	969530000
O70493	2932200000	1724200000	1683400000
P61924	6083700000	5820800000	4340100000
Q6PHU5	1491200000	2032800000	1343500000
Q3TQT3	3089000000	2457100000	3081400000
B2RPY3	753150000	750770000	941780000
Q5XG69	1932000000	1115200000	1044300000
Q9CVG4	59250000	124540000	136680000
Q80UP3	918580000	633850000	647610000
Q9EP83	6582500000	4879500000	5660000000
Q9ERB0	4000000000	3274600000	3458400000
D3Z2R9	60602000	161530000	29329000
E9Q858	1628400000	1512200000	1558900000
Q80U40	111000000	164850000	176820000
Q3UHW5	2102000000	2338300000	2680300000
Q91YW0	152320000	250460000	543670000
Q9CTB2	1140100000	1076100000	1272900000
A2AJI0	1720100000	1218100000	1554600000
A0A1L1SUF6	9116600000	9323700000	11076000000
P55937	4253500000	3703100000	3222400000
Q9D1H6	660120000	822520000	927580000
F7BWP1	1986600000	1921300000	1598400000
Q3TDT4	163160000	110120000	194660000
P70699	881590000	1089600000	1008500000
A0A1L1SSD1	7267800000	7412400000	8120100000
Q8BN80	496830000	530060000	584000000
A0A087WRL3	2180900000	2209200000	1892100000
Q3USQ6	4728200000	4433300000	4178900000
Q80VC8	1166000000	1017100000	1278300000
Q8K1Z0	1572100000	1157900000	1008300000
F6QJV5	2570900000	2866600000	3052900000
B0R092	928220000	1167500000	1364800000
Q3UNI8	620980000	881900000	1210800000
Q8BP73	1560500000	1484900000	2066900000
Q91VM2	27669000000	19342000000	20317000000
A0A2R8VHJ0	607190000	941860000	1021000000
Q61655	3281400000	3061200000	2836100000
Q8VBX5	1272600000	1099800000	1221400000
Q2M4G6	3023000000	3585200000	3878700000
Q7TQG5	7697200000	7296000000	6623700000
Q80VP0	1418900000	1333000000	1576100000
Q99JB2	3125400000	3289800000	3272100000
A2ADZ6	2027500000	1864000000	1716000000
Q6ZWY3	7540700000	8083600000	6833700000
Q8R361	980470000	909680000	904410000
Q3UQQ1	730310000	806000000	893000000
Q6ZWQ6	3287900000	3475100000	2860900000
Q8BG18	191140000	86295000	45808000
A0AAQ4VMS3	473820000	320520000	516920000
Q3U5Q7	832070000	730180000	704520000
Q9DAB3	1298000000	977250000	1362000000
Q8BHC1	1311100000	1601700000	1823400000
Q9DBT5	1324800000	1413000000	1027300000
S4R2T5	2215800000	2270900000	2090000000
Q91ZP9	132980000	81728000	83243000
P31786	0	0	0
Q8CH18	8150200000	7136600000	6246100000
Q3TP53	14371000000	13768000000	15221000000
Q91X98	328630000	337270000	454250000
Q5DTQ2	1867700000	2033800000	2096300000
Q9D7H3	4698000000	3988900000	3682100000
Q80U95	4789100000	4736900000	4394600000
Q9D6U8	1729100000	1236000000	1379400000
Q3UU50	2397600000	2164300000	2510000000
Q922Q4	3138000000	3172200000	3416600000
Q69ZW3	2006100000	2398200000	3084200000
Q8C6G8	2329000000	2227300000	1921800000
P55821	8247200000	11984000000	5714000000
G3UYM8	3271300000	3521700000	3127200000
Q3URE1	1463400000	1233200000	1872400000
Q91YH5	1054200000	979100000	1150600000
Q69ZH9	1463400000	1236300000	1564900000
Q9Z0Y1	1692300000	1724200000	1151100000
Q3TIU1	361380000	509950000	605360000
Q6PDS3	9988700000	9784900000	8872500000
Q922P9	7027500000	6130000000	5607900000
Q9D586	786960000	952130000	698210000
Q9CT10	3816500000	3183500000	2948600000
Q99JN5	4401900000	4916800000	4365300000
Q9CTJ5	130380000	74507000	92338000
Q8BQ31	663620000	523120000	437190000
Q3UZ28	6341800000	5739900000	4752400000
O70228	3116600000	2661000000	4173500000
Q9D3A9	367570000	443780000	260000000
P49813	0	0	39305000
Q8K221	520540000	464680000	542420000
Q8VDQ1	69485000	147830000	134620000
Q80U19	812190000	834870000	527180000
Q3UVL4	2138500000	2120700000	2235900000
C0H5X4	501410000	841440000	567400000
Q8BXT3	2023600000	1820800000	1647500000
Q91WJ8	6182500000	5656500000	4471400000
Q9CZB0	922300000	1228500000	935590000
Q9ER58	2754500000	3095700000	3825600000
Q9Z0F7	0	0	0
Q8CGB7	1939400000	2112600000	2086400000
O35874	1967400000	2125200000	1507200000
Q5DU10	4238100000	4267500000	5126900000
Q8BFP9	721250000	771740000	923600000
D3Z6Y3	5884300000	4717100000	5338200000
Q3TLH4	3069800000	2477900000	2315800000
Q541E2	798180000	1091500000	911900000
Q80T43	673820000	594600000	703540000
Q9DC51	5960500000	8889500000	9997100000
Q8BHV7	504890000	561290000	753210000
Q68FM7	1767700000	1820700000	1501600000
Q3V461	2785000000	2763700000	2579400000
Q80X80	835340000	767110000	623870000
Q3UMP2	2033900000	1993000000	1620200000
O54990	1068300000	1287400000	1863000000
Q9EQ80	3433200000	3068400000	3112600000
G5E8V9	919860000	877570000	1014800000
Q9CSI6	5517200000	4264600000	3989500000
Q3U9K9	2270500000	2351400000	2612400000
P70697	1403100000	1349700000	1211700000
Q80WU9	420780000	555820000	514190000
Q9CV53	0	0	0
Q8CA95	1748000000	1711600000	1686400000
A0A338P6Q0	4099100000	4257200000	4763600000
Q9DBC3	2110800000	2019200000	2358800000
Q0VBU4	2197800000	1993200000	2346900000
A7TU71	1183800000	1063500000	1195300000
P35283	2558600000	2425400000	2199000000
H7BWY7	2727100000	2617900000	3428200000
Q58E65	5395800000	5878500000	3396000000
Q3UPV6	0	0	0
Q99LB6	1330400000	1358300000	1650700000
Q8BZ14	976750000	1058400000	1353800000
Q9JIG7	1700000000	1623700000	1996700000
Q99K70	2336000000	2181900000	2081200000
Q8C5A9	1292500000	1650000000	1397500000
Q3TWL4	823030000	626560000	860720000
Q9QZF2	9062500000	8240200000	10654000000
Q80VV6	553310000	1055500000	629930000
Q8BLA0	17814000000	15558000000	17980000000
Q9D8W7	146320000	382760000	410290000
Q64337	1345400000	1118800000	1043000000
Q7TT13	194840000	13210000	67342000
Q3V386	25107000	20955000	105800000
F6WMX7	783310000	922410000	833360000
Q3V483	1100600000	1479800000	1710700000
Q8CHR8	8522300000	7375000000	9116300000
Q8C2Q3	4609800000	3990800000	3510900000
D3YWL7	1301200000	1084400000	1402600000
Q8CJG1	5450600000	5244900000	3238700000
C9K0Z7	1815600000	1810100000	1942900000
B9VQ37	17407000000	17019000000	23449000000
Q8C573	2397900000	2043600000	2744100000
Q6ZWU9	842730000	1756900000	909500000
Q2M4H7	1418900000	1595600000	1212400000
Q4QQM4	5994200000	4462000000	5012000000
Q8VE45	3721800000	3736800000	3406000000
Q9DB34	1245900000	1149800000	1673800000
Q6ZQ32	281740000	167530000	294540000
Q8R2U5	4841900000	4396600000	4106600000
F6VY18	145490000	281070000	239330000
Q6PGF7	2775700000	2896400000	3158500000
Q99M51	1359700000	1075300000	1614800000
Q9JHQ5	1898500000	1481700000	1516400000
Q8BQD5	624670000	366090000	191430000
Q05CY4	3848800000	3526300000	4119000000
Q8R1N4	970950000	1046500000	714750000
Q62383	5120600000	4080200000	3898400000
Q9CT23	4812600000	5691900000	5742200000
Q7TSC1	3054800000	2883800000	2750300000
Q922H2	663360000	856030000	750080000
Q3TUS4	14744000000	14336000000	20006000000
Q3TI84	2360600000	2631800000	2879000000
Q8K258	5536700000	4739400000	4577000000
Q8BTD9	526970000	678860000	382580000
Q9JJU6	1456200000	1132600000	1201500000
Q9D020	1506700000	1374400000	1782200000
Q8BGF2	1157200000	1042400000	1619000000
P63216	0	76391000	34241000
Q9WTL7	2331000000	2271000000	2260400000
D3Z0Q9	1361800000	1416800000	1558500000
A0A1Y7VL39	4766900000	4262600000	3868500000
O88532	2711200000	2185800000	2138800000
Q8R1X2	150260000	329440000	171810000
Q8BUA6	6690200000	6211400000	7344100000
G8DXU5	1035000000	1045100000	1284600000
W8QPF2	0	0	0
Q810B6	5599300000	5551700000	5251100000
P55288	689840000	763640000	1007800000
F7BPA5	2635700000	2549300000	1986900000
Q9JKS5	181870000	244170000	116240000
Q9CXI5	2453400000	2170700000	2449100000
B2RXC1	1207600000	1268400000	1512400000
Q3UWR6	1754600000	1473600000	2437200000
P98203	3283100000	3673000000	3684000000
Q3UXI3	2098200000	1639400000	1855000000
Q9EPE9	3474000000	3585300000	3665300000
Q0VDM6	0	0	22623000
Q9D1C8	4252600000	2956400000	3375000000
Q8CHG2	14768000000	14984000000	22506000000
Q8C0P5	298550000	129910000	110700000
B1AST8	1665500000	2112200000	2333000000
Q9CZF2	2855000000	2701600000	2288000000
P60521	1200800000	1032100000	797160000
Q6NZB0	2976700000	1817700000	2597800000
Q9CZI5	5239300000	4455400000	5099200000
Q99M87	1057600000	897070000	1065800000
Q60790	1095100000	1041700000	1171300000
Q8VE88	1721300000	1884000000	1811600000
O88952	962570000	765970000	1492300000
Q8R2Y8	3778600000	2703400000	2865100000
Q80U87	1020300000	780710000	832180000
F6U8X4	568500000	780560000	876890000
Q8K1X1	3999300000	4396100000	5412000000
P58771	422270000	415210000	534620000
Q3UY99	3032300000	2830200000	2998500000
Q8K0E2	2445300000	2431000000	2604900000
Q3V4C5	2011300000	2225700000	2049900000
Q80Y24	1211500000	1326900000	984600000
P84084	3415300000	3793300000	2772800000
Q8CHW0	868260000	842110000	781690000
E9QA02	672400000	348910000	490830000
O35969	484020000	462210000	615120000
Q8BYH5	4011100000	3914300000	4019200000
A0A494BAG4	2518900000	2219700000	2362800000
Q8BFT9	1284200000	1006500000	1709300000
Q922V4	6167800000	4480000000	5992700000
D3YWQ0	2104400000	1754100000	2277400000
Q3UUS9	1635000000	1958100000	1318600000
Q9EQZ7	379070000	267410000	269170000
Q8BP95	1366000000	1522100000	1785200000
Q9D1I3	283650000	307070000	298370000
A0A0R4J2C7	1075500000	1517600000	1560100000
Q99P24	14423000000	11994000000	14598000000
Q9JJI8	2742800000	3276900000	3578800000
O35544	0	0	0
Q3UPJ2	5480800000	6304900000	6680300000
F6ZKC7	4717300000	3895100000	4837100000
D3Z4I2	1151400000	1128400000	1043100000
Q9CYR6	2676000000	2352500000	2392600000
Q8BPZ2	9456000000	11052000000	11323000000
Q61290	1156900000	614260000	591070000
Q8CA83	11210000000	12967000000	10325000000
Q80ZU1	2904000000	2353900000	2707900000
Q3UH86	491700000	496300000	455090000
A0A0G2JDI4	1327600000	928300000	2009300000
A0A087WRL1	1796100000	1468700000	1059900000
Q14C24	5458500000	4839000000	4497400000
A0A2R8VKC7	111640000	103800000	0
Q8BSE8	2143200000	2272900000	1880500000
Q8BL02	4477800000	4952500000	2406500000
A0A0A6YY78	1657700000	1336100000	1267900000
Q08943	11154000000	9488700000	9579700000
F6VA16	438550000	466310000	748010000
Q3UUT6	1911100000	1726000000	2106000000
Q3UKQ5	549580000	475000000	628780000
Q78KN5	3045400000	3590600000	3601300000
Q32MD7	256440000	280250000	386750000
D3Z5F7	6788600000	6991600000	5868700000
E9Q6S5	2914400000	1873400000	1839800000
Q3UUU7	1408200000	1057000000	1456400000
Q7TSJ7	6659500000	6015100000	6190700000
Q80YA3	685820000	423150000	763820000
E9Q2L8	166710000	92540000	433790000
Q3UMB5	1270700000	1522400000	2164700000
Q8C8I0	226220000	177580000	490660000
Q6PEB6	4167600000	3259300000	2621100000
Q3U3Y3	661410000	249020000	517540000
Q3U524	421900000	332370000	720970000
D6RIL4	3339900000	3172600000	3405100000
Q3TYH7	3135300000	2743500000	2380000000
P70698	4085400000	4336200000	4201600000
Q60900	15095000000	13011000000	13435000000
F8WGT4	5389300000	4649000000	3943700000
Q8K2Q0	2456900000	2804100000	2312600000
A0A087WNT9	7756100000	7264900000	2928800000
Q3U1G0	4143800000	3859800000	2986300000
A0A1L1SS90	1295100000	1309800000	1216000000
Q9EPK7	3475000000	3790400000	3071800000
A3KGC5	1932200000	1697000000	1789800000
Q8R3V2	2222300000	2089900000	2037200000
P97952	49734000	0	0
Q9D7A8	1077100000	1119300000	1404500000
Q9CR21	2291700000	2630500000	3128100000
F7BF80	1720400000	1457500000	1219800000
A2AWQ2	9916800000	10867000000	9092700000
Q3UR33	4396600000	4841200000	4148200000
Q3V458	1521700000	1461500000	1325600000
Q3TSG2	1479900000	1625800000	1231200000
Q91VH6	1626300000	1709300000	1280800000
Q3UUE0	39419000	26318000	102410000
Q8C9T5	4712300000	4046400000	4874900000
G3UWF3	297420000	377970000	205320000
A0A1Y7VKG0	1367300000	1660100000	1755300000
Q91ZW3	8634700000	9264500000	10111000000
Q0PD53	2283600000	1437200000	1518900000
Q9CYN9	2012200000	1448800000	1441500000
D3Z440	746760000	673240000	572380000
P56375	103550000	99825000	141320000
Q8K3C3	3912500000	3352600000	3242200000
Q9D6I2	2850000000	2896200000	2877400000
Q8VDS4	4257600000	3202000000	3433300000
Q7TNR6	619580000	671140000	518290000
Q9DCL8	1059200000	659830000	751420000
P20065	16478000000	21629000000	16730000000
Q91WP4	964870000	1080600000	1099700000
Q3TMV3	1306600000	822740000	1403400000
Q61165	120430000	75232000	121810000
F6RT95	0	36959000	0
P85094	580630000	684040000	447460000
Q8CES4	756130000	583680000	682120000
Q8BJG5	4630600000	3423000000	2974800000
A0A1B0GS25	2100200000	2431700000	2458800000
A0A2I3BQD1	4390200000	4859700000	3796800000
Q6IRU2	3224900000	3408400000	3426800000
Q8BU44	703270000	811030000	636320000
O35114	5939000000	6850100000	3073500000
Q8CE65	6899900000	5957700000	6260700000
Q9CQG4	1927900000	1805400000	1872800000
Q5SWP3	2102900000	2037100000	1808200000
Q9D1M4	2833400000	3698900000	1862400000
Q9CTH7	2424600000	2571200000	1763000000
V9GX21	842460000	597460000	1121900000
Q56A07	298180000	160740000	256660000
Q99K30	5296100	0	0
A0A087WPM2	0	0	0
Q05186	3771100000	2299400000	3310600000
Q8BT83	1675200000	1793500000	1547900000
Q8CCJ4	1675700000	1229600000	1438100000
Q99KR7	659400000	529050000	496810000
Q8BK29	2481600000	3126700000	3032200000
Q9EPB9	3132200000	3879200000	5085200000
Q99KH2	2211000000	2180500000	2279100000
Q3TIV5	3314400000	3547200000	2406500000
Q9WTX2	3117300000	3660100000	2125300000
Q9CYW4	1520000000	1312200000	1256500000
Q6P5D8	6576300000	6023600000	6825300000
Q6NXW0	1609400000	1697800000	1995100000
Q9Z2L3	32337000	61676000	0
Q5SUV9	538080000	454600000	488520000
I7HIP5	2000900000	1696500000	1446800000
Q3U2Z6	215280000	192870000	282880000
Q923A7	6052000000	4795900000	5571500000
Q8BH58	4178200000	3768500000	3351400000
A2RRJ4	5328300000	6288100000	5148800000
O35127	411330000	495160000	492930000
Q3URV9	5667100000	4842000000	6711000000
Q3USK9	0	157140000	0
Q3UQ34	3385700000	3113500000	3358800000
Q8VHP7	0	0	0
Q9QZ08	2551800000	2433700000	2390700000
Q80TL7	2770500000	2666400000	2436300000
Q9ESX5	4792400000	5021400000	5716100000
Q6PD26	2230500000	2789800000	2962100000
P62075	864640000	1347000000	916690000
Q3TIR6	2003400000	2330200000	2044300000
O55222	594440000	702770000	694940000
Q3TRU2	2132600000	1818200000	1853900000
Q9D6T9	1040900000	1049900000	1088200000
A8C1T7	706530000	497960000	1220200000
Q8K012	6385500000	5098900000	6574000000
Q9WUD1	1558800000	1695800000	1214800000
Q9ES00	6458700000	7012600000	7441000000
Q3TZR0	2545800000	2023100000	2612200000
Q69ZX8	543340000	341230000	611110000
F8WGX4	1507900000	1507400000	1002300000
Q7TN29	1465400000	1158300000	1270500000
Q921T2	828510000	1034000000	1154400000
Q3V1L4	2108400000	2410200000	2096100000
Q9DA85	1116300000	1047700000	1017000000
Q8VDV4	504110000	553320000	546230000
Q99LD9	3302900000	2916000000	2941700000
Q9Z0P4	3357700000	3721100000	1489300000
A0A2I3BRJ9	1026700000	894280000	652070000
Q9DC13	2400300000	3204500000	2654300000
Q8VDP6	1003500000	1095900000	814540000
Q9D6Y9	677520000	822870000	967920000
Q8VBX6	482920000	526270000	1021100000
Q8BVK3	390170000	291070000	220530000
F6UI15	6546400000	6577600000	6911100000
B7ZW94	1697600000	1503400000	1542900000
Q9DCM0	921430000	994890000	1086600000
A2ADY9	1054500000	741030000	822620000
Q9ESJ4	115520000	206280000	93123000
Q99JI7	251380000	459670000	188120000
Q925E7	2228300000	1879300000	1670700000
Q99KV1	2911500000	1875200000	2591300000
P59281	2057300000	1755000000	1777400000
Q8CJ40	68578000	160180000	299920000
Q3UX51	1566400000	1447600000	1148700000
P21126	2712000000	2121900000	1929700000
O35668	285560000	138560000	327050000
A2APX9	0	33167000	0
P21107	3337100000	3580100000	1766200000
Q9CPS6	497970000	535760000	725660000
Q9EST5	5452600000	5538600000	5260000000
Q9CRH8	228030000	410870000	995760000
Q8R2U0	2427100000	2526500000	3076700000
Q80VD1	3207900000	2991500000	3148400000
E9PUC2	3840900000	4105700000	3408000000
Q8C7P2	1670600000	1660100000	1748500000
Q62422	813570000	628880000	517670000
Q80VC9	4915600000	4519500000	3565200000
Q9QXK3	2885500000	2364500000	2935600000
Q80VE6	4573200000	4524500000	5340600000
Q9R1V4	84952000	201600000	141470000
P60879	1540800000	1664100000	1305500000
Q3TQX5	3662600000	3485200000	2895600000
Q8R5D2	3022900000	2549900000	2253900000
A0A087WSF0	1997100000	1563600000	2406200000
Q8R5L3	2533500000	2123300000	3593200000
D3YW40	1359900000	1619500000	1374100000
Q7TSQ8	1572600000	1550800000	1442100000
G3UZW9	4420500000	4883900000	6155000000
Q6PAI9	2052200000	2053400000	2231600000
P14106	29560000	95052000	15915000
Q3UR67	1094800000	1332800000	1245900000
Q3URH5	13337000000	12200000000	12276000000
Q6PES1	3639800000	2690200000	4527100000
Q7TSV4	2213500000	1756900000	2133800000
Q8BWU8	0	0	0
Q80WG5	1293700000	1540300000	1704200000
G3UX97	1224500000	1273300000	1398900000
Q9EPL2	198620000	278090000	56953000
Q03173	2351200000	1776500000	1525900000
Q3TY60	599540000	659520000	689300000
Q569V6	766750000	695050000	971810000
Q3UUH0	880740000	860560000	756440000
Q3TTT3	3420100000	3056700000	2987600000
Q9D8S9	1211300000	753480000	961000000
Q3UTQ8	112900000	172020000	61253000
A0A087WSC7	1790500000	1675000000	1702900000
P35290	1611600000	1533200000	1672100000
H3BKN0	6528600000	6806700000	6492400000
Q3TQH8	175730000	179330000	221850000
Q8C8H4	1342700000	1434700000	1673300000
Q4VAG4	6265100000	6875100000	5568000000
Q9D096	2792900000	2732800000	3674200000
Q61704	0	0	0
Q499F6	0	29250000	3562600
Q9ERR1	1281900000	1081500000	1550000000
Q3TTC9	1978600000	2507300000	2917500000
Q6PD03	685160000	647390000	699900000
Q9JLI8	5420600000	4910000000	4823300000
Q8BWR2	864240000	700790000	580320000
Q3V4D2	75090000	24646000	26748000
A2A5R6	705120000	883030000	716440000
Q9WVA4	797470000	886130000	1003800000
Q8CEH2	3818300000	3826200000	4017400000
A2AHC3	3533900000	3884100000	3049600000
Q8K4Z0	56016000	36771000	83169000
Q8CBK2	430810000	393430000	671610000
Q62500	317950000	298520000	199380000
Q8R0A5	778890000	667990000	961490000
Q64444	0	0	0
F7ASU3	2616500000	2650100000	2781000000
Q9Z1Q2	660510000	564750000	598170000
P07309	323650000	421750000	195700000
Q8K354	375810000	280580000	320950000
Q9CWE0	1002500000	1127900000	1215400000
Q8C996	280100000	355840000	449240000
Q52KR3	391610000	240320000	1166600000
Q8BU92	646400000	636560000	373490000
Q3TWK2	1450200000	1265600000	1168300000
F6Z1Z9	449080000	586790000	784780000
Q91Z61	494700000	501570000	350160000
Q07417	1568700000	1970900000	2375800000
Q5M9N5	3689400000	4611100000	4061900000
Q5SXE4	561040000	562130000	701590000
Q9JMB4	3705900000	3132900000	2754600000
Q6ZQM3	930360000	1142400000	1239000000
O08992	3372200000	2816000000	3046600000
Q8BY44	1643300000	2073400000	1856900000
Q3UFY7	1187200000	1371600000	1596700000
Q8VDM6	3331600000	3454300000	2744500000
P62849	3761900000	3933700000	1954800000
Q9Z2M7	2095500000	2255500000	2612900000
A0A140LJH5	2921000000	3261200000	3568900000
A0A1L1SRL0	4058400000	3386100000	3692300000
Q80VL1	1607800000	1775200000	2703300000
Q8QZU9	881830000	1152800000	1606700000
Q3TAW2	808520000	983620000	1237200000
A0A2R8VI72	1791900000	1488300000	1438500000
Q8C7N0	494530000	473570000	330660000
Q9QYR9	566770000	441910000	350490000
Q8BX69	23079000000	25373000000	29022000000
Q8BV99	1700100000	1577500000	1822900000
A0A0G2JFP1	137810000	103440000	98148000
Q8VCM6	1955300000	1758500000	2381100000
Q8C6L4	11350000000	7624000000	6371100000
Q8R1B5	0	0	0
Q8BG02	390090000	348060000	303480000
Q8VE62	1710000000	1615800000	1547900000
A0A1B0GSI8	2942900000	3953100000	3545200000
Q3TPB5	555830000	580180000	654960000
Q80UU9	1865800000	2154800000	2203000000
Q9D3F3	938360000	1084500000	863690000
Q8R212	0	0	0
Q80TN4	651040000	265630000	294160000
Q80W47	1013200000	884480000	883880000
B1AUD3	845710000	672950000	737690000
Q3KNA5	463990000	473770000	403170000
Q8CC58	1938700000	473610000	1027500000
Q61140	1445400000	1993800000	1377900000
P97411	677850000	587580000	772660000
Q99LJ3	1119900000	1069700000	1359900000
Q8BJP9	1721900000	1469100000	1265700000
A0A1D5RMC7	6718400000	7349900000	6148600000
Q3U8P5	1667200000	1993500000	1369200000
P56371	2845000000	2423400000	2179900000
Q3TNU2	4581800000	4450600000	3639100000
I7HPV7	636950000	632640000	580800000
Q3USK2	3419900000	3287600000	2696100000
Q78V99	1713100000	1665900000	1440600000
Q64520	1047400000	1076100000	698860000
Q5EBK8	3833200000	3664800000	1508900000
Q99K23	986390000	931210000	859040000
Q8R3I5	1675400000	1682200000	1170700000
Q9Z0G0	1093400000	1434700000	1029600000
P47802	1524500000	1969500000	1636200000
Q99JT9	4378600000	3628200000	2461400000
Q9DCJ9	355810000	593700000	576660000
Q9D2N9	1764500000	1201600000	1329700000
Q9DB15	2286100000	2009000000	2051400000
A0A286YCV6	1643300000	1333700000	1447400000
Q3URU9	1707300000	1394500000	2234300000
Q3TM55	624300000	427920000	259430000
P41241	7169000000	7288500000	7002700000
Q9CQD9	193330000	236220000	234190000
O55201	3932300000	4344700000	4480000000
F7BWC1	1561600000	1295900000	1750200000
Q8BSJ0	58802000	68548000	13326000
E0CY30	201990000	312020000	378570000
Q9D7M1	2087800000	1661600000	2965200000
Q9QXA5	1587600000	1703100000	2020100000
Q8C069	205390000	370970000	281940000
D3YZL0	0	0	183560000
P83887	956940000	1645900000	1133600000
Q8VCI5	2453800000	1644100000	1715200000
Q7TQJ3	162290000	96597000	217410000
Q4FJU1	191970000	262110000	86699000
A0A0G2JFK1	4254900000	11249000000	7621900000
Q8BLR2	800960000	781280000	744930000
Q91WM1	5999700000	6385900000	5219900000
Q8QZT2	16157000	19171000	34864000
Q6PAV2	2532300000	2448200000	3398800000
Q62241	5504500000	4387100000	5073100000
S4R176	53882000	420540000	0
Q925S7	2302500000	2487900000	1808300000
Q8BW86	0	0	0
Q3UJS2	6456900000	5841400000	6153200000
D3YY14	808950000	511770000	420530000
Q05CZ0	761740000	890300000	1261500000
Q921W4	1973500000	2182100000	2720500000
Q9CVV2	303470000	286730000	417420000
Q91WG4	3635400000	4469300000	3310900000
Q8BTK1	2009300000	1687300000	2564800000
Q7TT21	3085200000	2382100000	2838400000
Q9ESR1	4003400000	3213600000	4438800000
S4R225	1515400000	1295300000	1301000000
Q8R0U6	132820000	272900000	319550000
Q9DAS9	0	348330000	56026000
Q8R0G9	3886400000	3816600000	4608400000
Q6PF93	511130000	651200000	915340000
A0A1W2P7X3	1508700000	1092300000	1013900000
Q9CWL8	3917000000	3977200000	3671800000
A0A286YDW3	154080000	135720000	118350000
Q3TRR0	3469600000	2255700000	3396100000
Q6PAK3	281280000	381360000	370110000
Q9D1X0	91113000	59967000	155060000
Q9DCS3	2355700000	2593400000	2302800000
D3Z227	908590000	1037900000	546650000
Q61249	839740000	861570000	598000000
F6XLD9	1416600000	1263600000	1397900000
Q80YW9	1451700000	1160400000	1185200000
D6RH98	704670000	687460000	717170000
Q80W21	1287500000	893920000	987130000
Q8R3S9	1424700000	1248600000	1851700000
F6VPB5	0	13636000	0
Q9R226	3994400000	2939900000	2948500000
G8DZ75	3080000000	2936700000	3036000000
Q3YEC8	1887400000	2164200000	1866400000
Q9CXJ4	692180000	565180000	618680000
Q8BMP6	2430600000	2580300000	2711400000
Q4FK51	893450000	1145600000	1717600000
Q80UT2	2384300000	1559000000	2725700000
A0A0G2JGY7	7776800000	8313600000	8235100000
O35681	269810000	243700000	329660000
Q3TB93	6245200000	5665100000	5456300000
E9Q5W5	2571100000	2254200000	1612100000
Q9D1I5	293610000	216270000	468170000
Q9WVR4	1645800000	1390800000	2269700000
G3UXE8	59798000	47473000	117890000
Q91V36	1198800000	1788900000	1322000000
Q3TB69	54745000	21522000	77511000
Q3TUA8	2067700000	1820300000	2026500000
Q3TBS9	267620000	439190000	454880000
Q8CHX7	278760000	258370000	175900000
Q99N87	1920700000	2482500000	1630100000
Q8CA02	1398800000	1604700000	1893300000
Q3UFK4	4359900000	4052200000	3464400000
F6XWD4	668280000	606250000	340380000
Q0VBD0	195630000	214790000	157370000
E9QL08	2515400000	2337700000	2782400000
Q9CTQ1	475150000	575220000	464460000
Q8R038	1971700000	2188000000	2011000000
Q9Z2E4	0	0	0
Q80U56	1337700000	974930000	1549800000
Q9CVD6	4102000000	4246400000	4523300000
Q9D0F3	5908600000	6224500000	6448200000
D6RHQ8	206610000	277360000	131620000
Q3US65	1908500000	1870700000	1283600000
Q9CY18	499120000	488570000	514540000
Q8R4N0	0	30747000	165850000
Q8K4F5	538210000	519450000	796530000
Q99J36	2765100000	1594100000	1320000000
Q9CQJ6	1064900000	1356200000	3007000000
Q5SWN2	1549700000	1222000000	1378000000
A0A1L1SS70	125240000	309970000	387720000
D6RFD9	82109000	120420000	312370000
A0A494BBF2	391110000	481540000	645830000
Q8BS26	1431900000	1848300000	1298700000
D6REV5	1467500000	1053300000	1080800000
Q811S7	2262800000	1665700000	2225500000
Q01730	601820000	611520000	581830000
A0A286YDJ1	256380000	646780000	0
Q9D3A4	329330000	290010000	291210000
Q99K92	2708500000	3045300000	2582300000
S4R2F1	177650000	105500000	194670000
F7ATH5	326340000	230270000	353330000
Q9R0D8	645750000	792480000	1279200000
Q3V1C8	2445900000	2520900000	1994000000
Q8CIV8	1412700000	2084600000	3549700000
Q9DB74	94879000	28940000	51763000
Q9D4C9	1180800000	950460000	1137300000
Q8R0Y8	95612000	78104000	189800000
Q9CQM5	1603600000	1778300000	1806900000
Q9CQ86	644020000	575950000	709520000
E9PWY6	1079700000	1516300000	1275400000
Q8CFD2	0	0	0
Q9CRY7	4779000000	6231500000	6628200000
Q9ES89	631180000	862850000	522920000
Q14BB9	0	15030000	0
Q5NCU5	319440000	271830000	440520000
Q9CU20	1068400000	1133700000	1191400000
Q8BP44	2541000000	2390500000	2553900000
O89001	3345000000	2327100000	2405300000
Q3UHB8	317850000	271570000	392390000
F6XQD0	374530000	332290000	331490000
A0A1D5RM86	2907400000	2641200000	3288700000
Q9DBU8	3605300000	3516500000	2710300000
Q9JJR8	851960000	763370000	595700000
Q9D375	872360000	892590000	944170000
Q3THG9	2632100000	2343100000	2960900000
Q9DAT4	3280800000	3050300000	2820500000
Q9D7S9	1562500000	1745100000	1438200000
Q8K2Q7	3612500000	3351200000	3652700000
O70591	2919900000	3124500000	3282500000
O54941	5091700000	4712300000	4376900000
Q8C3X9	1357500000	1428600000	1606400000
P70677	32239000000	32779000000	26571000000
Q6PG83	203500000	738940000	0
Q9D125	803550000	915020000	711890000
Q3UKC1	538350000	521890000	506740000
D3YYD9	2692700000	2431400000	3048100000
A0A2R8W742	240530000	169870000	247960000
Q8C0C2	2189000000	2002400000	1919300000
B6YY24	2164800000	2045600000	1993000000
E9PVI5	6064100000	5107100000	3410500000
Q9QUH0	774090000	1091000000	739670000
Q9WVG6	2841700000	2788900000	2620500000
Q60770	96638000	148460000	156800000
Q7TPD3	3258700000	3451200000	3008300000
Q922J6	0	0	0
Q9CW88	2972100000	2425000000	2910500000
A0A2I3BQA6	896220000	869290000	912380000
V9GXL7	64941000	51949000	139640000
G3UZF4	696240000	593980000	314630000
Q8VEH8	1901900000	1826400000	2409400000
Q9DD18	240100000	287160000	281300000
Q0GA42	93281000	58836000	52994000
Q8K2F8	2219700000	1492900000	1481300000
A0A0A6YVU1	673890000	588210000	659140000
S4R2S4	0	0	0
Q05CE8	104020000	184450000	157500000
Q9CVC9	1045900000	911250000	1749700000
Q3TU73	702430000	847220000	929830000
Q8R1G2	0	0	0
Q9DBS1	8405400000	8477500000	5935400000
P57784	4737600000	3030700000	4324500000
Q9QXG2	1665600000	1401500000	2575200000
Q3UKJ7	5397500000	4718000000	4419700000
Q8K0X8	1283300000	982620000	1902900000
Q3U3F6	3378200000	2609300000	3117200000
Q3UFY8	3284500000	3098200000	2956500000
Q02257	2484600000	1999600000	2357100000
Q80TI0	993230000	966360000	1549700000
Q3UHL7	613880000	885450000	288260000
Q571A1	1179400000	889910000	1072900000
A0A3Q4L2U5	941730000	834470000	1111300000
F6T4V9	8512800000	8640500000	9679100000
Q6PE15	863450000	835540000	947280000
A0JLR3	6741700000	6436400000	5432600000
Q9JL04	60956000	58985000	60816000
Q9CWM4	1939500000	1697700000	1971000000
A0A5H1ZRL1	801600000	741270000	450160000
Q8BK72	1974200000	1387800000	2010700000
Q8BIQ9	2520200000	2201300000	1765000000
Q3TUH1	938510000	1231500000	1009700000
Q7TPS5	969610000	928170000	1079900000
Q8K5A7	801780000	650590000	883800000
Q5DTL0	1057400000	1469500000	1346900000
A0A0G2JFP2	427750000	501450000	819430000
Q3U3S0	1972900000	2385100000	2774000000
Q8BXQ4	1491500000	1851200000	1106900000
Q9QYI3	2219900000	2724700000	2298800000
Q3U4E9	2887700000	2515400000	4055800000
Q8CFB4	0	0	0
Q91W69	0	0	0
F8VQ95	111580000	75305000	130810000
Q8CDT0	3753800000	2988300000	3188400000
Q8BJH1	2118000000	1929100000	1930600000
Q99K09	4712400000	5042600000	4126200000
O08847	5484200000	6059800000	5338400000
P69566	1584900000	1069400000	1578900000
Q61474	2269800000	1899600000	2176800000
Q3TEF0	3914700000	3724000000	3445900000
Q8VBZ3	1793100000	1562000000	1475500000
A0A0A0MQ76	8528700000	8476800000	8391900000
A0A0G2JGE0	2486700000	1983100000	1979700000
Q8C0A4	2214200000	1536800000	1072400000
Q8CA35	1960000000	1732300000	1803600000
Q3U9N6	813990000	738560000	1564600000
Q9D6M5	0	129170000	0
Q5F285	708860000	920170000	918670000
Q91YQ8	236340000	394150000	423870000
Q9DC50	622010000	980710000	838840000
Q9DCM2	189720000	209810000	105410000
Q9CQC6	4334200000	4545300000	3723600000
Q91W86	2386700000	2150900000	1828300000
Q2NL51	2332700000	2529600000	2442300000
Q9DBZ5	3381900000	3698400000	3432400000
Q05DG3	572280000	686800000	660040000
Q8CAQ8	106810000	160790000	145350000
F2Z490	2027300000	2154900000	2016500000
Q8VCV3	1845300000	1720700000	2295000000
O88493	0	180500	0
Q9D389	0	0	103150000
P62855	4710900000	7345700000	6497400000
Q8BLL4	1703500000	1433000000	1638700000
Q3TPE9	1182200000	1920400000	1894100000
Q5SVW9	1139300000	1036400000	1266700000
E9Q1E4	2064000000	1970200000	2332400000
Q7TSE6	145140000	181640000	210060000
A0A1D5RLR6	3920200000	3431300000	3753800000
F7B227	724040000	749320000	786420000
Q8K1R3	1356500000	1142400000	1567300000
Q6PHQ8	3109900000	3015100000	2499200000
Q9D6B6	106570000	130700000	523260000
O88597	450760000	407280000	523830000
Q3U8D6	1915000000	1415900000	1621800000
F8VPP8	3898100000	2775400000	2966300000
Q8BRY6	184830000	115650000	112510000
Q8BUX6	1287200000	1204400000	1179200000
D3YY76	2499400000	2455500000	2237800000
V9GX23	710900000	660900000	946710000
Q3TP34	232740000	262660000	264670000
Q8BQP0	1532100000	1344000000	1204700000
Q05CD7	1340100000	1611600000	2042500000
Q5DTL1	3060100000	2534600000	2656400000
P62960	13850000000	12002000000	9737200000
Q6GTL7	1674500000	1316600000	1436400000
Q91WK1	164040000	214490000	361400000
S4R248	751170000	590360000	731540000
P62843	3169400000	2418800000	1636300000
Q8CFE4	2735100000	2395000000	2418200000
Q80TT3	773880000	1484800000	1178500000
Q99JN2	1183900000	728180000	1204300000
Q80Y14	2555000000	2658600000	4815300000
Q8R086	835850000	678370000	817820000
Q8CE50	708040000	761270000	686650000
Q9JKF7	1417600000	1586400000	1945200000
Q9CRD9	5246800000	5043300000	3929300000
Q8K0C9	1206200000	1293000000	1167400000
Q3U2W8	499830000	276870000	286690000
Q8K1A6	1278400000	1201900000	1146900000
Q8BFY9	3852800000	4708400000	4080100000
Q921H9	1687000000	1051000000	1444200000
B9EJ80	1412200000	1438700000	1802300000
P97355	1431800000	1400600000	1039800000
Q09J74	36273000	29077000	45600000
Q9JIK9	2768800000	2646600000	2649700000
Q3UZK0	462060000	485880000	434330000
G4W8R2	494130000	332860000	465510000
A0A2I3BS26	0	0	15535000
Q9D0B6	720530000	888070000	868480000
Q8BGU3	6169100000	6314700000	4778800000
O88704	77694000	63361000	65506000
Q4KML4	5724800000	8166100000	5144600000
Q811W8	1592700000	1160600000	1497500000
Q80UK0	3482000000	3665300000	3687300000
Q9QZ23	1357200000	1695500000	2035200000
Q61423	196500000	968210000	247860000
Q61335	993310000	653790000	1089300000
Q922H4	517250000	563060000	883980000
Q62086	271010000	398870000	301580000
P70181	0	0	0
Q05CD5	0	5615500	0
Q3U4W4	8135400000	7737100000	8355800000
U3M993	6475000000	5751800000	6040700000
Q9CVZ1	532060000	459210000	648480000
Q3TYE9	531240000	526490000	916970000
A0A1L1SSJ7	1429500000	957740000	651710000
Q8BGU5	468760000	524740000	528840000
Q8K3Z2	214830000	266330000	296630000
Q545H7	0	185350000	31775000
Q61282	0	36831000	0
Q9CTG4	99694000	69127000	38132000
Q8BNY2	5363400000	5659000000	4665600000
D3Z3R3	367880000	505160000	455210000
Q9CR51	3292100000	2596100000	1952200000
Q5JZY2	228140000	253210000	219660000
Q80UI9	22231000	0	31554000
B7ZN02	0	0	0
Q6NVE9	0	222580000	233140000
Q9WTR1	188740000	189090000	298360000
Q8BT60	1051700000	1584800000	1160600000
O35953	92122000	61551000	115140000
Q6PB99	4033400000	4054000000	4301200000
P15626	231390000	296910000	278530000
Q8BTZ7	782030000	847790000	853200000
Q3V415	595710000	552370000	643320000
Q3UXS0	699580000	666270000	659320000
P18894	0	0	0
Q3UII2	0	82736000	0
A0A0N4SW66	1095300000	1408100000	1010700000
Q3TWW8	2678000000	3163200000	3381700000
Q6NVG1	251790000	170290000	178900000
Q8BJK0	1793000000	1816000000	2312100000
Q8BVG4	934070000	952430000	1220900000
Q9DBS9	430000000	359370000	616290000
Q91VF2	289220000	137780000	298060000
P61458	175230000	139100000	114130000
A0A1W2P835	734040000	611980000	674450000
B7ZMN9	116650000	97146000	177580000
Q3TP48	5002400000	5280100000	5949300000
Q8VEK0	485070000	426280000	345390000
Q80UM7	1720200000	2072100000	2328000000
P15331	271260000	242380000	224440000
Q3UR70	1830500000	1642400000	1447400000
Q9ER88	870570000	1223200000	1278700000
Q8R1S0	223280000	495460000	366400000
Q9CRJ4	381890000	700700000	586460000
Q9D7B6	1227000000	1455900000	1459500000
Q6W8Q3	66503000	209650000	0
Q922P8	1131900000	1061500000	1356900000
Q64676	70183000	135290000	129820000
Q91VT4	712120000	723530000	951040000
E9Q7G1	2731800000	4726700000	4180300000
Q63959	0	0	0
Q3U5B1	171500000	32762000	0
Q3T9X8	716290000	829590000	779350000
P28667	16281000000	13571000000	19159000000
Q68FM6	604210000	525570000	590640000
Q8BPI2	1957600000	2086300000	1474700000
Q9D0K8	1286200000	1149200000	1567400000
Q3UYQ1	80835000	56281000	69170000
Q8R5I5	392830000	329910000	476640000
Q05BD8	1112200000	1221300000	2362800000
A0A1Y7VJ05	5769900000	5753500000	4798800000
Q3U281	873490000	790320000	803550000
Q9DCL1	617780000	692520000	606350000
Q78IK4	1022200000	869490000	1353200000
Q8VDN4	491530000	415730000	665630000
Q3TZM9	157830000	215810000	225140000
Q69Z99	10269000000	8636500000	8012600000
Q14AY4	179520000	126530000	186090000
Q9DAI6	890970000	680410000	549770000
Q8C047	1250100000	1205100000	1136800000
Q8C0J2	673480000	563360000	1017900000
Q8VI63	198660000	617160000	496560000
P0C192	2568800000	2082800000	2278700000
Z4YM95	2773500000	2887700000	2742200000
E9Q3M6	83956000	80290000	121550000
A0A1D5RM39	557340000	523460000	867540000
Q99MR1	550180000	595310000	512460000
Q6P1H9	308100000	474190000	343900000
Q9CRS5	1983600000	2339300000	1208300000
A0A0U1RP18	4172800000	3355900000	5297700000
Q9CV75	3743000000	1969300000	2673900000
Q6NV83	3704500000	4359800000	4767000000
Q0VDL6	19508000	6543200	20143000
Q0VEJ0	11984000	28937000	0
Q3UYV9	4604000000	5080300000	5265300000
Q3URD3	916330000	903940000	1131000000
Q99KD6	1817600000	1747800000	2806500000
Q80V42	0	11003000	0
Q8BWT5	969710000	1128000000	1197900000
Q7TPM1	4123800000	3939500000	3086900000
Q9CU17	367180000	355770000	314410000
Q8CCJ3	922350000	1016500000	1327800000
Q9JM13	1570000000	1045000000	1019800000
Q9DBR3	827910000	1253400000	1149400000
P16675	886020000	787730000	582030000
Q9D6E0	662570000	887270000	881990000
Q9WVQ5	768990000	683390000	637680000
Q8CCN5	283510000	294080000	327280000
Q3TYD6	896680000	577230000	955430000
Q5QNQ6	293750000	197300000	339740000
D3YTN1	2328000000	2549300000	4898100000
Q9WTS4	1653000000	1426800000	1344900000
Q99JB8	61360000	62458000	63344000
Q9QYI5	383020000	346330000	283100000
Q91YJ3	845020000	814470000	966280000
Q9Z2V5	2122900000	2225700000	1619000000
Q61373	703440000	765120000	815570000
Q2KHS8	2980000000	4001000000	4009300000
Q5SUF2	2634400000	2813100000	2327200000
A0A1L1SQY6	139640000	294830000	232670000
Q8BGV7	597410000	493130000	0
Q8VCE6	328690000	380830000	269190000
P58774	0	0	0
Q8VE70	910680000	905000000	879420000
Q8K448	584470000	545940000	622600000
S4R1B3	1020400000	941130000	1396500000
Q8BGE6	1949700000	1992500000	2325300000
P19639	167300000	0	0
A0A0A6YWL7	1939500000	1613300000	2079600000
Q6NVF9	2766700000	2308900000	2404400000
Q9CQQ9	833490000	788070000	822080000
Q9QZS3	145070000	330470000	196380000
A0A087WS21	96193000	45722000	150610000
Q8C5Q4	720680000	780970000	972390000
E9Q9M5	1670100000	1260700000	1428500000
Q8C323	194120000	64198000	26697000
Q9JHR9	0	0	0
B5TVM2	59219000	78391000	0
Q8BFQ4	2778300000	2478500000	2036000000
D3Z3T5	4610200000	2204200000	3284300000
Q8CI95	2264700000	2415000000	2113200000
Q8BGR9	805530000	1017400000	999420000
S4R1S1	970200000	930800000	1018900000
Q3V3W9	416190000	510760000	596280000
A0A0A6YWZ1	735030000	823260000	970680000
P63080	769420000	608730000	564760000
Q8BKC4	3333700000	3000700000	2351400000
D3Z268	3220100000	2882000000	2662400000
Q9Z277	8111200000	7410200000	11594000000
Q9DCY6	108970000	221660000	156750000
Q8R3F5	1149200000	1501700000	1277000000
Q8R4E6	331410000	244980000	183810000
D3Z0Y0	1272400000	1906000000	1055500000
Q5DTM8	2057200000	2046700000	2533700000
A0AAQ4VMS8	563870000	595060000	1128600000
A0A286YE56	1663800000	2323800000	1654000000
Q3U029	487000000	460680000	620380000
A0A1Y7VNW0	1384500000	1415800000	1243300000
Q91YN5	644740000	443560000	1385200000
Q8R3R8	644250000	557760000	512560000
P61079	3063100000	2626300000	987380000
Q6PD32	1391600000	1312800000	1210000000
Q8CFJ6	199770000	236340000	255530000
Q8BIV3	2273300000	1765200000	2332200000
Q8BL09	415750000	469720000	484650000
Q9CVL5	529060000	590760000	816050000
A0A1W2P7M1	1112200000	756800000	651620000
O08797	96647000	220530000	111880000
Q9DAU1	706920000	1011800000	996900000
A4FU75	173390000	150380000	227830000
O54916	607400000	720110000	543740000
Q3U2F9	1067700000	780310000	1176400000
Q9QXT0	694980000	752840000	665610000
Q3THM8	1383500000	1141100000	1570500000
E9PZ19	277260000	212510000	275150000
Q8C5C6	6362500000	6829100000	5618800000
Q8CI78	459860000	484810000	606170000
A0A7L7T991	208540000	348020000	194180000
Q6PEV3	864070000	703200000	1083000000
D3Z3I3	668700000	714080000	682810000
Q61112	818330000	937070000	762970000
Q71M36	549220000	505230000	486340000
P35288	1287600000	952040000	1353900000
Q8BXC6	1456200000	1777900000	1178400000
Q8CHS9	1245100000	1555000000	1317000000
Q9D7H9	2352400000	2120700000	3804100000
O70481	1880400000	1969500000	1194300000
Q3U9G3	5633800000	5437800000	5275700000
P51655	3018000000	3431300000	6022900000
Q7TNM2	3483200000	3429200000	2681000000
Q9CS42	403480000	403950000	459820000
Q9WVT6	0	0	0
Q3TQ55	1012900000	921350000	655200000
Q60803	102560000	117380000	133190000
Q8BRH7	522630000	336640000	416230000
Q9D8B7	89082000	98239000	53854000
P52483	1719900000	1381200000	1378800000
A0PJI0	6345700000	7096800000	6952800000
Q91Z69	3593900000	3693000000	4297600000
Q8BSI7	1921600000	1809200000	2188200000
Q8CGY6	0	0	0
Q9CTH8	1626800000	1646800000	1317100000
Q8VDI7	1009500000	826690000	1371100000
Q9QZH3	1122700000	923560000	529360000
Q9CQU0	1325900000	1113900000	1206200000
M0QWM4	1500100000	1335900000	1693300000
Q9DBR1	5740700000	5396100000	5240000000
Q8BHB9	0	0	0
Q9CQ80	754620000	644140000	643180000
Q5U448	3190900000	2878600000	3180200000
Q8C008	282110000	109100000	181810000
E9Q3T4	1749300000	1409200000	1919900000
A0A1B0GSL0	280650000	276740000	391050000
Q5DTH0	0	0	0
Q3TTY1	782280000	787250000	619140000
Q80U78	3199000000	2787600000	2392500000
Q8BY54	2973300000	2897800000	2958000000
Q8K0C4	7498900000	8262700000	8419400000
Q8CIG5	2505400000	2162500000	2307900000
Q9CQ48	1149700000	967080000	1222100000
P29416	380750000	355080000	404120000
Q8C541	442510000	446790000	381000000
Q68FE2	376920000	323930000	393190000
Q91XD6	1147300000	1262300000	1463200000
Q3TR41	1906900000	1846700000	1805900000
A2A934	1430200000	1098900000	656670000
Q9Z2Q5	812630000	889670000	1378500000
Q8R307	1663800000	2094100000	1715200000
Q8BUH3	1883100000	2130700000	2975700000
D3Z6E2	47257000	59264000	0
Q91YR7	5756600000	4382400000	4592900000
P21107	0	78479000	172880000
A0A1L1SST9	1897200000	1413800000	1667000000
Q8C3X2	593710000	681680000	504180000
Q3UFS0	3073600000	2900200000	3958900000
Q9DCG9	1250700000	1187400000	1829000000
B1AXN9	1064800000	1045700000	1157300000
Q8VHE0	3888700000	4362500000	4788600000
Q8BVB3	1549800000	1782500000	1861800000
Q80WG6	931340000	1052500000	836140000
Q99J83	622950000	747050000	798840000
Q9R0U0	1994300000	1905400000	1615700000
B8JJ72	4670500000	6108700000	6354300000
Q9DAN5	1116100000	1563800000	1535300000
Q6ZQF2	1038400000	1279100000	1482700000
A0A0G2JFL1	3929700000	3881400000	4481200000
Q0KL01	825640000	604290000	691400000
Q9D706	3269900000	2786400000	4017800000
Q9CXW2	1115000000	1022900000	907390000
Q9R190	6160400000	5839300000	6430900000
Q8C2W4	2710000000	2598700000	2277000000
Q3UUC8	403600000	418530000	404700000
F7BCB7	826530000	658220000	1047500000
Q8C7F9	2756000000	3011700000	2649700000
P15388	0	0	0
Q80TL1	201760000	228450000	116530000
Q9EPL9	779990000	1350600000	1337600000
B1ASR7	163700000	96149000	92919000
Q9CWW6	2039700000	2354100000	1478500000
Q3UDP0	596430000	677820000	406510000
Q9D6N5	533660000	901460000	641580000
Q8BGN8	64577000	53313000	42577000
Q3TR91	618360000	260970000	362040000
Q9CQ02	1258400000	1090700000	1132900000
Q9D323	3640100000	2503600000	2727800000
Q3TQ81	428250000	381370000	294620000
Q8CGU1	131820000	211840000	382170000
Q9JIX0	1435100000	1546100000	839500000
Q91VA6	2112000000	1715100000	1434700000
Q3UPH1	1458100000	1062400000	965300000
F6T9T6	190560000	160130000	151910000
O35943	683970000	943740000	376630000
Q9CTU8	3002000000	2312900000	2733100000
P38585	2254700000	1526900000	2450600000
Q3UBX7	117170000	67878000	39485000
Q9QZB9	689940000	872190000	693740000
Q8BTV2	1946000000	1672400000	1778100000
Q3TRV5	3880600000	3528700000	4732300000
Q8C4Q6	821490000	805890000	736650000
P0C7L0	323140000	269810000	286780000
A0A0N4SWE8	0	330900000	0
Q3V424	2191300000	2002300000	2322400000
Q8C0L9	251280000	230320000	257780000
P83917	3048700000	2051300000	2719600000
F6VQZ6	0	357660000	151700000
A2AHX6	974350000	980950000	1459700000
Q9CWP6	651610000	824040000	573260000
A0A140LIM8	755050000	704580000	748800000
Q99JX7	3165800000	2995400000	2465600000
Q9CXR1	297340000	233540000	357280000
O55017	403970000	207490000	548260000
A0A0G2JE59	222500000	203070000	165060000
Q5J4D5	2142900000	3325200000	2679900000
Q6P1J1	2357900000	1782500000	1220300000
Q3U0M1	833480000	813020000	824070000
Q3V377	864270000	803530000	640630000
Q0VDP7	266440000	190250000	188470000
Q9DAW6	2019800000	1926800000	2052500000
Q99JH7	956860000	780250000	410200000
A0A286YDR1	809480000	710530000	1361900000
A0A494BBD1	8255900000	8859000000	9174200000
Q8CE71	2742700000	2670100000	2895300000
Q8C094	502350000	581460000	381990000
Q9D1H7	2014200000	2372700000	1873200000
Q3UKV0	2875500000	2944200000	2520000000
P0DW27	1742700000	1380800000	1272600000
P70188	2425700000	2482700000	2838000000
Q64373	1082600000	596970000	610590000
Q3TAA5	2604300000	2572100000	2426700000
Q9D964	413860000	524030000	358560000
Q9DAI2	983540000	798580000	729920000
A0A1Y7VNA1	669380000	484240000	935220000
Q8BQ62	190740000	43871000	84650000
Q8CCW7	983950000	766660000	1199900000
Q3UWL8	2551200000	1249800000	2102800000
Q8BQ11	216490000	196680000	313940000
A0A1L1STG9	2268300000	1980000000	2665100000
Q921Q7	0	0	0
Q9D0G5	211560000	186570000	250280000
Q3TP10	5994100000	6074300000	5442000000
Q8R0N6	0	82746000	56778000
Q9R0X6	0	0	0
Q3THR4	2186300000	1997400000	2114600000
Q3UWN4	6629500000	5864800000	7546000000
O88951	0	0	0
Q64442	80088000	93309000	56394000
Q543S2	643240000	841790000	0
Q8C124	1425900000	943870000	1813100000
Q8BI08	0	0	0
Q8VBT9	1011400000	1026100000	979460000
Q9CR67	476230000	472680000	333680000
Q99MR0	3141900000	3365500000	3260500000
Q9QZH6	662630000	492830000	401160000
O55100	216510000	0	0
Q3TQK2	155640000	160700000	107850000
A2A5M9	1295100000	1481700000	1653300000
A0A0R4J0T5	2180900000	2204300000	1853000000
Q8BIF0	1398100000	1285700000	1621300000
A0A0G2JEZ9	1219200000	1410000000	1398600000
Q9D6K8	333580000	475750000	351830000
Q8BGG7	805650000	989050000	567350000
Q3TQ07	867240000	971600000	961720000
Q91ZR1	895920000	1130000000	1140600000
Q05CB9	1168600000	1166100000	1678600000
Q8K011	430930000	535280000	404900000
Q61334	176920000	354130000	198220000
S4R2R1	941470000	875960000	752440000
Q3TUD0	0	10076000	10395000
P54731	1520400000	904020000	1358300000
Q3V038	614380000	901950000	684710000
Q9CZU7	1220900000	1306500000	640260000
Q8BZJ0	93733000	111060000	177900000
Q68EF6	36596000	41730000	0
P06797	1303300000	749450000	1104900000
Q9DCV4	1138400000	1054700000	1063200000
Q8VI75	3115100000	3331000000	2421700000
Q9EQ06	198130000	217870000	131980000
Q91WU5	496040000	116200000	352160000
Q922B1	308800000	346110000	541910000
Q9WTI7	552670000	673280000	583020000
Q9CQ71	987030000	645960000	1293100000
Q8C4U8	5810100000	4767000000	5895600000
Q3UE37	828400000	953390000	802430000
Q8R025	1651400000	1103600000	1322500000
Q80ZW2	132910000	164130000	147050000
Q8C005	3447100000	2993700000	3219200000
S4R2Q3	3266700000	3844500000	3433000000
Q8BT47	1002000000	635210000	1274900000
A0A1D5RLD2	1553100000	1840400000	1632800000
A0A1L1SRU5	306570000	210920000	159530000
Q8CGC4	7084100000	5559600000	4844000000
Q922V9	3002500000	2875100000	3467000000
Q3UMY5	3754600000	3092200000	2453600000
Q3TWN3	289070000	222850000	393950000
Q9DA27	0	0	0
Q543X5	4273900000	3360300000	4062500000
Q9CR09	462700000	513940000	467540000
Q810U5	1077500000	888840000	883210000
Q8BIM2	293540000	278020000	508040000
A0A0U1RPZ3	5985700000	4345600000	6934600000
Q60673	0	0	0
Q8C339	33428000	77184000	21128000
A2AH30	683630000	639260000	612110000
Q9CQ45	2855800000	3193400000	2712200000
Q5PR09	4429800000	4227200000	3969400000
Q9CW64	515280000	612610000	569310000
Q9ERI6	862080000	696790000	848100000
A0A0U1RNV7	2923000000	3027900000	4474100000
Q8CD55	182970000	171620000	178290000
Q8BR31	1741800000	1576200000	1574100000
Q8C1Y8	1094500000	1317900000	1278800000
Q61749	2084500000	2284900000	2395800000
A2A8Z1	1727100000	1603100000	1145500000
Q921S7	1308500000	1257300000	1092500000
Q91YS3	289510000	195870000	315310000
Q8BR49	3330100000	3263600000	3274800000
Q9D334	1405700000	1301700000	743420000
Q80XA6	384960000	264710000	464670000
Q9Z0T2	1891700000	1393000000	1199700000
Q9Z2Z6	1021900000	1009400000	694960000
Q3V3U7	1219700000	927220000	857390000
A0A0J9YV11	1196100000	1110200000	898560000
Q9CYN2	1851100000	1884900000	1428100000
Q61157	270520000	1604800000	522640000
Q91YN3	2113200000	1884000000	1796800000
Q3TQ57	5257000000	4915100000	6203600000
Q9CZX0	3062900000	3234200000	3125500000
Q5U430	1525200000	1191700000	986870000
Q9CRN9	1737100000	1707200000	2157300000
P97492	3949100	0	0
Q9D7Q6	3068400000	2978700000	3228400000
Q3USJ7	1873800000	2138400000	2532700000
Q8R245	507310000	629640000	764010000
Q9CX00	1337300000	2056000000	1897200000
Q6A009	1298900000	1970400000	1204600000
Q8C3E3	569380000	629580000	647990000
Q9CRU8	682940000	587070000	651460000
Q3ULP9	1253000000	1356600000	1373300000
Q8BX91	4441900000	4345800000	4045400000
F7CBX2	324890000	569410000	456410000
A1L367	1840400000	1683600000	1124600000
Q3UVD8	1541100000	1134600000	684480000
Q8BTZ4	4935200000	4313300000	4207600000
Q9CQY6	872450000	1197200000	1029200000
Q8CCP0	1469700000	1271500000	1406000000
Q9EPR5	435110000	251320000	373140000
Q8CCF0	1632400000	1348500000	1766400000
A2A699	3959700000	3916900000	4058800000
Q8BH48	534410000	523340000	877620000
Q6PD28	1306300000	1166100000	1630900000
P10107	59376000	115490000	45820000
Q3V2N4	1095300000	954770000	935060000
Q80U35	485790000	395820000	516460000
Q9R0N0	1888800000	1365600000	1902600000
I6L974	769880000	1033300000	1422600000
Q6ISX3	2122500000	2123500000	1759900000
Q9JI75	0	33908000	59988000
Q8BQ67	94435000	50973000	79608000
A6H5Y3	1993700000	1577800000	2255400000
Q6ZPZ4	331790000	208050000	243010000
Q68FH8	2926600000	2605500000	2732000000
P07759	0	0	0
Q8BNQ1	1043200000	1486200000	1697100000
Q8CCG5	307160000	226700000	315340000
Q9D0L7	2443700000	2781300000	2887100000
Q8CBC9	39679000	0	0
Q9D0A3	81160000	32152000	113660000
Q91W67	1373400000	1147100000	1421600000
Q91W39	2985200000	2870300000	1921800000
Q9CT25	1144200000	1121500000	852100000
A0A1B0GRL3	163690000	167990000	247810000
Q8BRE4	5386800000	4117800000	5527900000
P61750	2710300000	2699500000	2739300000
Q9CW99	858420000	937280000	923920000
Q9JKL5	0	0	0
Q6P220	605550000	371430000	675180000
Q8BP27	904340000	1202500000	1181300000
B7ZMP1	262020000	304120000	370380000
Q8C993	1326800000	985510000	828090000
Q9CRD2	1812300000	1455500000	1167100000
Q8C5P7	12734000	27403000	0
Q9D071	2116600000	2240600000	2354300000
Q68ED7	1948800000	1081900000	1062200000
Q6PHZ8	0	86229000	300870000
A0A1B0GT35	3035900000	3091800000	3061400000
A0A0A6YW31	1659300000	1398600000	753040000
Q8BJW6	1656500000	1775800000	1532900000
Q9D074	791080000	869130000	527250000
Q3TDL0	1398000000	1336000000	914250000
Q8C7C2	236890000	434840000	408590000
Q99PG2	5552000000	4553000000	3656600000
Q8BG44	13771000	643530000	0
Q3TVA4	147030000	193930000	143590000
Q6PDN3	443480000	187080000	578380000
Q8CA38	528970000	494590000	611520000
Q8BH74	2441500000	2211000000	2090700000
Q62308	0	0	0
B1AVZ0	643370000	638620000	413310000
Q9CRB2	524480000	699890000	558420000
Q3TKB4	905450000	495770000	657940000
A0A0G2JDN1	1227600000	1252900000	1009900000
Q9D5G2	1292000000	1601100000	1138700000
Q3V3V4	1394700000	1348200000	1247500000
Q9CY73	2040400000	1945700000	2398400000
F7CB91	1099300000	1366600000	1484500000
Q7TQD7	7471700000	8182500000	8043500000
Q5DTG7	1793200000	1909600000	2038900000
Q91WA3	141100000	54964000	238240000
Q99KI3	1989700000	1483000000	2325000000
Q9D7P6	287870000	204540000	206270000
Q9D387	0	0	0
Q5F239	1767600000	1163400000	1749400000
Q923D4	979590000	834810000	955220000
Q91YQ3	453730000	487170000	239920000
Q8K2I1	953820000	815380000	932790000
Q923D5	1118700000	1157500000	1199400000
Q6PDY2	617360000	473680000	438740000
P35285	1264900000	919830000	814870000
Q9CTB3	54139000	185230000	171250000
I6L9D3	1248300000	1247100000	1276000000
Q61627	619040000	694290000	970640000
A0A1C7ZMY5	0	0	0
Q8BL36	1571000000	1300100000	1548100000
Q9CRQ7	1631000000	1322500000	1672300000
P54763	5120400000	4277100000	4932900000
Q8BIP0	1148500000	1045400000	1517600000
Q8CD09	315860000	627830000	678280000
Q80V91	498450000	466340000	546170000
Q3TY75	3047900000	3573500000	3379500000
Q8CBC7	790600000	632390000	605570000
Q9DBB8	0	60008000	73563000
Q3UZU4	1522300000	806380000	918810000
Q9DBE0	223630000	287150000	88407000
Q80U30	485850000	713970000	760010000
Q9DAB4	0	0	77698000
Q8BKT3	128290000	124100000	124670000
P47867	1841000000	1496400000	1148300000
Q924S8	165550000	167480000	229000000
Q8C8Y6	312330000	134660000	170930000
D3Z369	1342300000	1437700000	1943000000
Q61733	1428600000	1414900000	1253700000
Q9WTS6	5156200000	6507300000	5213500000
D6RI93	357090000	334500000	422990000
Q9D677	980770000	747300000	885480000
S4R1X1	1116500000	892660000	926970000
Q5EAT0	1995900000	2079700000	1386800000
F6X4L9	480810000	441090000	446240000
P26339	371360000	344530000	376180000
Q8K3A8	1520500000	1308600000	1828000000
F6QAU7	1031600000	951610000	1054000000
Q9R0M4	300610000	296420000	467740000
Q99LN3	3920800000	3771300000	4548900000
D3Z0R1	657760000	407130000	340990000
A0A0G2JGJ4	277230000	420580000	670370000
Q3TD93	1633700000	1587500000	2705900000
P50096	2897900000	1769100000	3286100000
B1AZ39	856300000	752370000	800390000
A8Y5P9	784500000	1052000000	888610000
Q99KX1	318600000	612620000	354280000
V9GX71	101340000	120410000	114510000
Q3TWR3	708660000	725090000	618330000
P47964	2310700000	2819200000	1854300000
Q3TYL4	1028700000	1508900000	1120100000
Q62179	501730000	438890000	406360000
Q3TXR6	419220000	447190000	499040000
Q8BW41	868830000	852620000	1235000000
Q80TW3	709540000	638000000	1040500000
Q8K3A0	296070000	258170000	336130000
A0A1W2P7X3	0	0	0
Q4VBD2	769970000	772910000	435620000
Q8BIJ1	0	0	28450000
Q6PAQ0	941780000	677640000	511830000
Q543T5	36322000	0	0
Q3TWU8	380580000	464860000	387350000
Q8CFB9	340850000	185410000	320570000
Q3UET5	672010000	677310000	735070000
Q571D5	282090000	333310000	493080000
Q3TN67	853780000	1114100000	1256600000
Q9D2E7	0	0	0
Q9D1L9	2190500000	2631300000	1991300000
Q9JJT9	1247100000	1181700000	877230000
Q0QWG9	6223900	0	0
Q8K2Y9	761550000	1009800000	581720000
A3KMP2	56913000	42534000	0
A0A1W2P8D6	666680000	750490000	772010000
A0A1D5RLM9	2304000000	2305800000	2532200000
P70303	1376400000	1105200000	1333800000
Q8R2Z5	73780000	0	39433000
Q9JK23	1851000000	1961500000	2620500000
Q62178	141940000	86884000	125830000
A0A1D5RLZ6	1420100000	1494700000	1532800000
E9PWN0	200250000	268990000	169550000
Q6A028	826510000	405170000	959790000
Q64310	395050000	421020000	441490000
Q5FWH7	0	0	0
Q9D2R6	0	0	0
B2RWY0	45114000	6960600	44215000
Q7TSC5	108140000	152260000	402560000
Q9CRT8	2761200000	2704300000	2407700000
G5E8P9	997220000	799150000	789340000
Q9ET22	33095000	102120000	140180000
Q99MR3	774640000	951210000	892070000
P97300	0	0	0
F6RCM5	0	0	40828000
A2AUR5	217020000	238080000	172640000
P97447	1197500000	1408200000	1833500000
Q9CR86	2425200000	2101300000	2161500000
S4R2K5	881040000	601510000	946700000
Q8K1R7	533750000	704070000	789910000
Q505D1	1576100000	1275700000	1710100000
Q8JZY2	1103800000	1133000000	1273100000
Q9CR60	707080000	670750000	301860000
Q8R502	836900000	725550000	474210000
Q9JMJ6	1318300000	1238700000	1087400000
Q9WV85	769640000	941130000	933020000
Q543Q7	1237000000	874240000	809890000
A0A494B993	771040000	812360000	670340000
Q8C0Q9	294700000	290420000	427390000
Q3U105	68142000	0	0
O88271	1333900000	1244300000	1388800000
H3BK80	3939700000	3114700000	2923200000
Q9DB32	306630000	254330000	414550000
Q64696	2120700000	1753900000	3083400000
Q9D1Y2	93539000	48908000	62636000
Q8C570	1621000000	2132000000	1691300000
Q9D289	451770000	484120000	413530000
D3Z210	89576000	71636000	50985000
Q3U1F9	1196600000	1407100000	2060400000
Q9ER73	759580000	613550000	641390000
Q9DCB4	217810000	256390000	433340000
Q63829	779320000	769100000	560290000
Q8BXR1	104140000	34762000	83596000
D6RHN1	979730000	925990000	1466200000
Q91V57	2985700000	2875500000	3843700000
Q99KH0	1126600000	1176600000	1276100000
Q9EP72	1963400000	1514000000	952480000
A0A1D5RLX3	4025800000	3932700000	4754100000
Q9CZK3	614930000	1102200000	692610000
Q9D824	1323000000	1077500000	1260000000
Q9CQ79	1086400000	1626500000	1300100000
Q8BYF5	79850000	73483000	58082000
Q9D0J4	1267200000	1135200000	1329000000
Q3TRB6	637620000	714790000	859020000
Q9R171	96598000	26548000	70542000
Q9D2M8	977930000	793180000	602700000
P57722	809630000	619090000	614580000
Q3UQE4	251170000	269980000	301160000
Q7TSG2	2413000000	2499900000	1744100000
P52194	38262000	37542000	60598000
D3YUH9	0	0	0
Q9CTZ9	947300000	933710000	1297900000
A0A0U1RQ35	741700000	890590000	615390000
Q9D9S3	13455000	14477000	54325000
Q6NZM3	111300000	152730000	470570000
P63154	3566100000	3502500000	3132300000
Q8C0W8	716970000	753850000	1351600000
Q3TIU4	2489100000	1816400000	2581800000
Q0VBL3	1455200000	1352900000	1345900000
Q9DC94	5409300000	5733500000	7745600000
Q2M4G8	895150000	1025100000	1027100000
Q91WN1	1122200000	907240000	1350600000
Q8BLU8	37124000	54684000	133750000
Q3UY82	3091000000	2693100000	3280700000
Q99L27	538450000	488710000	352390000
O88712	0	0	0
Q99P31	1409700000	1761200000	1426700000
Q8BYW1	5062900	15940000	5945500
Q9R0A0	1121600000	1105400000	1193300000
Q3TUP8	635680000	555030000	539640000
Q8R3Z5	1143800000	1027300000	943060000
Q63810	0	0	0
B1AS29	178630000	145330000	212960000
Q9CSU0	1196000000	891580000	1183400000
Q3U8S0	1396500000	1313500000	1034600000
A0JLT5	6416200000	7553800000	4701200000
Q99JF8	5475700000	2738700000	3796100000
Q91YP0	568000000	639980000	601130000
Q91XF1	1007600000	983140000	1767600000
G3UYV9	678600000	791220000	1877200000
P46737	592030000	673470000	592070000
Q80TJ1	0	0	0
Q64152	3806100000	3044500000	3230700000
Q9Z0V2	569910000	432810000	341940000
Q9JMF0	29373000	39220000	77075000
Q9CTQ0	78793000	110740000	208750000
Q14DP4	0	0	0
Q3U366	487970000	582860000	422960000
Q8BFS6	382370000	318930000	345190000
Q9CXF4	489830000	452680000	291130000
Q9D8T7	389440000	406840000	457420000
A0A0G2JGH5	299910000	233760000	180020000
Q9EPK2	147440000	151700000	168920000
Q8BRN9	228320000	200190000	177760000
Q8CFI7	6433800000	5440300000	5741600000
Q3TDP3	194390000	192620000	144810000
O08576	814270000	660180000	633210000
D6RGN7	1429900000	1700200000	1251400000
A0A087WQ93	714700000	517970000	648270000
Q4FJL8	0	0	0
Q3V0N8	162980000	167530000	128980000
G3UYH5	1492600000	1560400000	2031400000
Q99MD9	14018000000	13510000000	15511000000
Q3TPB2	470850000	662790000	506390000
Q566K0	670230000	673770000	558780000
Q3V3Y3	1109100000	1261800000	1004200000
Q5SWP1	1349200000	1447200000	1934000000
Q9D8X2	2279300000	1443100000	1933900000
A0A0G2JGY8	6033800000	6048800000	5943400000
Q9CQ49	2414400000	2301100000	1696900000
Q8VBT0	1968300000	2211700000	2890300000
Q61730	38797000	67895000	50073000
Q8CFV4	0	0	0
Q571M5	783370000	748010000	767590000
Q9D0B5	167150000	109210000	0
B2RQZ6	13701000	32858000	65919000
Q9CSQ5	3438200000	3500900000	3640800000
A0A286YE75	654120000	747630000	736070000
Q9EPR4	170020000	187320000	115160000
D3YUE4	161390000	175590000	303250000
Q9CWX2	250250000	290060000	212930000
P0C7M9	92730000	82383000	0
Q922U1	3222700000	2981400000	3535800000
Q9D1J3	2095900000	2150000000	1995900000
Q3UZM3	363260000	398640000	388330000
Q78V97	0	0	0
Q80UI9	0	0	0
Q3V313	930700000	1490800000	918430000
Q8VE09	10402000	0	29696000
Q99K78	528070000	698210000	638560000
Q8CC34	443800000	369660000	320640000
P0C605	29009000	10213000	25930000
Q9CWU9	1331700000	1047900000	1808700000
Q3UX91	4893400000	4613400000	5320300000
Q05BF2	6756500000	7112600000	8044500000
Q9CT87	3200400000	2713000000	3151200000
Q99LB7	15158000	8107500	23359000
Q9Z2L6	638530000	629710000	741300000
A0A286YDS5	2383600000	1988100000	1895300000
Q8R1S4	1955600000	1619200000	2290400000
Q8CGV2	0	0	0
Q9JJJ7	557430000	447960000	197780000
Q80W04	334520000	415510000	689750000
Q8R1F6	731290000	784460000	1029800000
Q8BQF5	261540000	212210000	183390000
Q8BTZ5	571640000	837440000	767010000
A0A140LHN8	102670000	136590000	75410000
Q69ZB1	572150000	345240000	562350000
D6RJI8	2544000000	2408900000	2329500000
Q8R059	224650000	190430000	225470000
F7A8L1	343700000	353750000	452000000
Q91YY0	794670000	672310000	656530000
A8Y5G5	1109900000	911600000	882630000
Q91XW9	0	0	165970000
Q8BZE0	684160000	505180000	418210000
Q9CR98	735290000	623490000	477580000
Q3TY84	684330000	572020000	512660000
Q505D7	305490000	349780000	288140000
P61804	864020000	815280000	993570000
Q91VX2	3213800000	2794900000	2809300000
Q5SVR0	252960000	353370000	335000000
Q9CPW7	564240000	546990000	407170000
Q3TYI1	1074600000	1360500000	1307500000
Q3U2K8	238350000	274270000	158600000
Q8BUC0	497330000	502500000	453330000
Q9ET01	993870000	1523200000	2268900000
P20352	0	0	36788000
Q80UI8	567320000	867260000	777070000
Q8BMX5	1420700000	1337900000	1340200000
A0A0N4SW09	1136400000	1140500000	917740000
Q3TDI9	313410000	402740000	393360000
Q9D6G9	0	0	0
A0A1B0GST1	577990000	349760000	509390000
Q9CPT3	700180000	661440000	689980000
Q3TRC7	0	0	64564000
Q9D287	1380900000	1851900000	1434900000
Q3ULJ6	567810000	377100000	452440000
H3BKH1	350250000	198650000	121960000
Q9JJY3	1570100000	1700100000	1667400000
Q8BVW0	122000000	19999000	21857000
B1AQG3	917480000	777790000	579220000
Q80ZK0	482810000	422010000	303680000
Q499X9	358570000	391900000	785400000
Q3UF30	89749000	111200000	62611000
A2AC90	35139000	9915100	39334000
Q8BQP9	51095000	84278000	0
Q3V2V1	435990000	380890000	378280000
Q3TUB1	750380000	686330000	454060000
A0A0A0MQH9	307560000	335840000	504720000
Q9CQ26	497660000	594070000	436760000
Q8C6K6	2163500000	1616200000	1605200000
Q8BSQ9	5107800000	4040300000	5057600000
P70452	48491000	65391000	56559000
Q3UR07	769910000	715110000	649190000
A2AHG0	0	0	0
D3Z4S3	167750000	122660000	94484000
Q8CAE6	259770000	206780000	288580000
Q8K0V4	3620100000	2867300000	3389600000
Q8VHN8	1828900000	1692400000	1807000000
F7AST3	119200000	108570000	120250000
O35063	367550000	542280000	913090000
Q0PD49	720980000	875700000	1261600000
Q9CTT7	3977900000	3328100000	3278400000
Q8C421	327200000	356380000	98685000
A0A0N4SW71	231610000	232630000	241270000
Q91WC9	119390000	196230000	141390000
Q8CGK7	181560000	223850000	378630000
Q8VCC9	27173000	78827000	160570000
A0A2I3BRY4	373740000	417510000	445210000
Q9D0L4	526640000	523110000	401300000
Q9CQV5	810210000	789460000	544540000
P97950	3310300000	2754500000	3095800000
Q9JLV2	493550000	504480000	669390000
Q91WV0	2577900000	1510700000	1993300000
Q5F226	4395900	8435400	3184100
P97429	1438200000	1460700000	3323300000
Q8R111	257370000	269300000	391400000
Q99LM2	369090000	360880000	288860000
Q3TT51	811460000	658550000	723730000
B2RPU2	0	0	0
O70400	23642000	25850000	53056000
Q9R0L6	1124700000	1001500000	910390000
A0EXG3	642750000	717530000	606160000
A0A2R8VKI7	705170000	1596100000	1221800000
P04370	0	0	0
Q9Z0W3	2959200000	3315800000	4142600000
Q3V4A1	1145300000	1215200000	1375500000
Q5SSZ5	84420000	184730000	0
Q6NXV2	137950000	140400000	187370000
Q8BGR6	1618400000	1543400000	1355000000
P42337	3543400000	4466100000	4604200000
Q8CI04	1357000000	1550700000	2643200000
Q8BUL6	166970000	117960000	85645000
Q8CJ15	1386600000	1225600000	690800000
P58044	491910000	367370000	263490000
Q9CTC0	6015600000	3580200000	3223700000
Q9D486	1679400000	2209500000	1312400000
Q80X28	4616900000	3868300000	5263200000
Q8C5G1	2598500000	2168300000	2622400000
Q8BJ03	485870000	483440000	405260000
Q9DB16	101720000	103440000	151220000
Q8JZX4	1854400000	1907900000	2106600000
Q8CH79	465320000	623400000	477960000
Q6P5G6	1933800000	1745300000	2133700000
Q9DCA9	3952100000	3244800000	3756500000
Q8C7F4	281860000	217660000	262210000
Q3V492	659200000	749010000	574000000
Q920M7	0	0	0
Q3U5I3	2932700000	3022100000	3011200000
P70280	775000000	785890000	458320000
Q3ULT2	1527900000	988170000	1476500000
Q8R395	816050000	788010000	422600000
Q9QXW9	0	0	0
Q8R3I3	1205000000	1466300000	681050000
Q3TV50	0	0	0
D6RFQ8	1022400000	959110000	778350000
Q91X20	1994200000	1863900000	2241100000
Q9D792	572090000	454470000	524150000
S4R2R7	17301000	0	19412000
Q4JIM5	984600000	1116000000	806290000
Q9D5R2	532370000	497730000	727890000
Q3TIR1	371130000	660200000	461680000
G3UZB9	284020000	230600000	163990000
F7D3P0	437720000	376410000	395410000
Q8C3X4	677680000	645830000	723030000
B2RUE0	340380000	382980000	510220000
Q3UI43	375870000	390990000	450330000
A0A571BGD8	340340000	278000000	208810000
Q8C846	5293600000	4498500000	3422700000
A0A338P774	856330000	827470000	828360000
Q99ME2	2146700000	1962500000	1417200000
Q9D8L5	504390000	349790000	426880000
Q69ZF3	1520900000	1277600000	2070000000
Q8BP38	1516900000	1763900000	1744300000
Q9CW76	289460000	346900000	316390000
Q8CFN5	2731600000	3885600000	1720500000
Q9D250	0	588130000	60808000
Q8C1D4	524380000	477110000	338270000
Q9CT19	4677600000	4766000000	3631500000
D6RI30	139220000	56447000	154960000
Q3TP97	334030000	461300000	466640000
Q91YJ5	522480000	554740000	721330000
Q9WV32	599050000	1225200000	559100000
Q80U58	3710200000	3253400000	3885900000
Q3U186	758920000	744420000	926840000
Q3UA37	2341600000	1748300000	1442200000
Q9QXE7	638410000	589020000	519640000
Q3TTJ1	279110000	258840000	456870000
Q9JMI0	0	71111000	232830000
Q61048	95829000	306530000	298390000
A8C1W9	644330000	575330000	702780000
Q9CR89	1466300000	1420000000	1059400000
S4R1M9	164330000	144110000	120960000
Q9DBD5	2569800000	3303700000	1554200000
Q91XI1	2041900000	1784700000	1718200000
Q8BJ85	845830000	557790000	796990000
Q80X33	139940000	141780000	128010000
Q9CVM8	215220000	0	0
Q3UM62	63023000	67411000	46405000
A2BHN6	1288600000	1138800000	1227900000
Q3US13	510850000	427790000	435800000
Q8VCR7	404930000	128290000	169810000
Q8CHW4	2531100000	2444700000	1941000000
Q9D7X1	721560000	791430000	504120000
H3BL37	1977200000	1388900000	2173500000
Q8C5M2	1228500000	841080000	1515900000
P97770	1130200000	1139500000	1436000000
A0A1D5RM97	158880000	171130000	188610000
Q8BM65	74423000	138810000	108460000
O09126	183910000	142990000	136760000
A0A0H2UKB5	1170400000	1153700000	1531800000
Q80YV3	8843100000	8267000000	7839500000
Q3UST9	1440600000	888030000	1696000000
Q8BYB9	482810000	500380000	236600000
Q3TYX3	258510000	322770000	385140000
A0A338P6M7	2694700000	2624100000	3458500000
A0A1D5RM90	1043900000	650460000	733640000
B2RXV9	0	0	0
Q9JME7	807510000	532950000	594460000
Q6PGB6	1678600000	1470600000	1548800000
Q8BW85	1233700000	1387300000	1832400000
A6PW50	299770000	456840000	328420000
Q99J31	1681500000	1364200000	1890600000
Q9CZN8	422510000	443980000	677720000
Q9D9S0	371580000	171490000	310580000
A2TJV2	322650000	267130000	239040000
Q8BHC4	5310200000	6006500000	5313200000
A0A1N9M8A6	1163200000	1749300000	1004300000
Q3UXZ6	0	0	0
Q60648	540480000	485200000	308890000
Q91YW7	975220000	865770000	1072100000
P21995	0	11628000	59763000
Q8BVF2	1297800000	739830000	1106900000
Q9D8S3	505550000	479380000	462970000
Q9JHW4	2861600000	2662300000	2828600000
Q99PK1	594850000	1070000000	669870000
Q8R4F1	901900000	630430000	1004000000
Q7TSK3	1918500000	1602700000	2463200000
A0A0J9YUE9	0	0	0
Q3V4B4	2065600000	1604300000	1632300000
Q0KK55	105300000	70417000	103850000
Q9JK77	313220000	265530000	196270000
Q3YAA4	14181000	4795900	19881000
Q8K2M0	1062900000	849780000	1130600000
Q8BSC5	88040000	64113000	44155000
Q8BHS3	967890000	815250000	543160000
Q14CH0	122950000	93282000	222740000
Q8QZY9	424910000	626990000	760080000
Q8CEN3	165890000	299040000	206050000
Q3UM69	0	0	0
Q3TNJ2	844250000	1279000000	1542100000
P62315	4322500000	5099600000	3570300000
Q8BYR2	1542400000	2630000000	1504100000
Q8BJ88	1203100000	1170000000	1090700000
Q9D7V9	70038000	86140000	89698000
A0A338P7E2	141040000	198660000	131870000
Q3TY65	925230000	391550000	1071100000
Q3UND4	416980000	492260000	611520000
Q8CE74	798280000	610900000	680950000
Q80W22	0	0	0
Q3TU63	90476000	186510000	307270000
Q8BG89	15381000	64261000	0
D6RDD3	608110000	942750000	833100000
Q642L7	7840500000	5777800000	6710400000
O09012	1178800000	1004900000	1205300000
A0A1Y7VKU8	670530000	589030000	544000000
Q8R1J6	1397300000	1463300000	1462000000
Q4FZC9	105920000	0	0
Q6IS36	513690000	458120000	862730000
Q80T68	941760000	901600000	477280000
Q69ZS6	0	0	0
G3X9Q4	536640000	616700000	627280000
A0A5F8MPF0	3274900000	3074600000	2976900000
Q8CER8	491450000	445940000	504980000
Q3TVX1	2082300000	2027100000	1620700000
P19137	0	0	0
Q9QYF1	2163600000	2679500000	2670400000
Q3URI3	95749000	94735000	149880000
Q9D6S7	1333400000	1473700000	1073100000
Q3TNY2	878230000	542170000	0
Q921W0	657030000	706000000	685770000
D3Z6B9	12600000000	10088000000	13953000000
Q6P3D0	659680000	590300000	663310000
Q3UG09	808350000	869730000	925550000
G3UZK5	548580000	617020000	340240000
Q8BK93	96742000	147370000	70587000
P63166	561230000	627540000	681180000
Q8BP79	593250000	675080000	677590000
Q3TBW2	503470000	972010000	633530000
A0A1L1SV70	862870000	1021300000	643680000
A0A087WR11	533370000	710500000	760140000
O70250	0	0	0
Q9CZP8	444950000	388800000	899340000
Q3UFJ8	0	0	15488000
Q8BK75	1224000000	747880000	342950000
Q8JZV7	110880000	151120000	122890000
Q8K147	8998100000	11728000000	14770000000
Q99MP8	752710000	782400000	755090000
Q8C8N4	872280000	1571100000	1195900000
Q99KR3	18164000	53325000	49554000
Q3URY3	276930000	346390000	415820000
Q9JIG8	213850000	199030000	425970000
Q9D385	476060000	398570000	405490000
Q9CRU1	1311500000	1158400000	1066400000
F6TSI8	0	45992000	0
A0A0A6YVW1	390770000	340700000	219850000
Q8C5K1	1199000000	1074400000	1111500000
O70152	1174900000	920190000	682320000
O35682	102900000	107220000	102260000
Q9CXB8	198420000	165050000	0
G5E8A7	997250000	937460000	1221700000
Q8VEA4	1196700000	1134500000	1545500000
Q9CR39	718810000	938470000	587110000
Q571B7	201780000	355270000	248800000
Q3URS9	494330000	538510000	397790000
Q9DCT5	764290000	718690000	759790000
Q9CQH8	117060000	69695000	0
Q61016	0	17500000	0
Q8K4I3	84706000	84840000	41616000
Q6PKB1	279160000	212350000	281410000
Q3TJV1	2613800000	2524100000	2521100000
Q8BTY8	618640000	901910000	807720000
Q9D404	230770000	273620000	255010000
Q8CE52	92542000	31273000	0
Q9ESX4	509210000	400800000	365620000
Q5DU41	629550000	1000900000	1063500000
A0A286YDE4	428490000	466070000	378890000
Q9D662	1219000000	1348800000	1125800000
Q8R105	608260000	597520000	969840000
Q3V363	1210900000	1253300000	892920000
Q8C0L8	1042500000	1018000000	1106300000
Q6P9J5	0	0	0
Q3TZ40	0	0	0
Q8CAD1	518840000	500500000	283860000
Q5DTQ1	116750000	103250000	114580000
Q8R3T5	179550000	55088000	104860000
Q810R2	4146600000	4622000000	4679000000
O35598	2316200000	2555300000	2219400000
E9Q6J8	406000000	468390000	393300000
P47759	6133100000	5030200000	5276300000
E9Q6B2	343590000	156190000	102710000
Z4YJW6	220970000	234620000	222410000
Q8BH79	938000000	871640000	1291800000
Q9CY66	2443200000	2330900000	2254400000
Q3UWN6	623430000	477260000	605110000
A5X3G4	334850000	404160000	207160000
Q3YAB0	106690000	344020000	543890000
Q5DU31	73611000	56619000	73244000
Q99M04	497260000	358780000	765230000
A0A3B2WCR9	322310000	423650000	518520000
E0CYW0	647980000	645410000	957230000
Q3UR33	3949900000	3368000000	4242400000
P25911	30793000	35140000	27620000
Q8C599	706280000	753320000	892630000
Q6P9Y5	0	0	58495000
Q8HW98	414420000	507630000	499100000
Q8CB20	719010000	931050000	764090000
A0A087WNX9	556700000	532480000	303540000
A0A1Y7VJH3	324600000	204390000	323980000
Q8VDG3	724200000	1265400000	1207400000
Q8C1S9	83283000	217000000	62537000
Q6PG98	1083200000	1036900000	1024400000
Q80Y81	1318200000	1242700000	1536600000
F6Q3S1	170780000	133080000	207140000
F6SKI6	748550000	747420000	618750000
A0A087WQ75	244580000	189240000	159190000
Q9QY74	88848000	96788000	117440000
Q505L1	1886400000	2129300000	1727700000
Q3UEX5	386310000	595500000	324700000
Q8BP40	488560000	381100000	451840000
Q8R3G1	1473700000	1564800000	1314800000
Q8C170	1241600000	1012300000	1168700000
Q8BHZ1	365310000	343530000	446380000
Q8BIJ7	562480000	537680000	676710000
Q9ES34	337690000	399830000	372670000
Q3UM29	2070400000	1227500000	2260100000
Q9CY57	1821900000	1906500000	2068600000
P51175	884510000	819880000	1077000000
Q8R435	0	0	0
Q3U213	185920000	269840000	186770000
Q5NCF2	209350000	152300000	268200000
F6UKR5	962980000	901390000	840300000
Q8C713	1641200000	1647900000	1575300000
Q8CC47	62930000	46239000	70623000
Q8BQQ4	160870000	173750000	70667000
P59481	832630000	891270000	690040000
Q3UV28	0	0	215900000
Q9D717	72646000	70170000	55238000
Q9CTJ7	1326400000	1348600000	1200100000
A0A494BAQ7	171780000	49389000	50255000
Q8BJL0	1139600000	1028900000	1016300000
Q99NF2	39545000	116880000	51302000
Q8CB64	615780000	673360000	483100000
Q8K3X4	2365900000	1756900000	1989000000
Q3SXD3	266660000	285020000	170280000
Q9ESP1	1174100000	1061700000	836670000
Q91VH2	25440000	31584000	51520000
Q52KI8	932900000	930200000	881130000
Q6V595	0	0	223540000
Q921Y0	841140000	665460000	760670000
A0A494BB88	416220000	406970000	436100000
Q8VCH5	834070000	674650000	756740000
Q80TA9	753540000	637920000	621430000
Q8K0C1	826730000	956660000	993970000
P0DW27	280850000	321900000	471890000
Q9WUB4	569500000	739340000	630120000
Q8BQA9	538530000	320180000	594960000
O70340	138200000	0	21618000
Q3UUK3	0	0	0
D3Z792	432050000	445020000	399020000
Q91VS5	587840000	715460000	591800000
Q7TSH4	249740000	356010000	442910000
Q8BJZ4	643770000	1035800000	1095400000
Q5DTU1	591260000	512500000	998890000
Q3TQ93	670570000	613410000	683400000
D3Z1B4	109990000	48718000	129360000
Q99M86	2353300000	2377700000	2490300000
Q3UM63	216960000	271270000	163900000
Q62379	3500200000	1974900000	2222000000
Q8C9D3	1790000000	1513400000	1687700000
Q9JLM6	150000000	201060000	194890000
Q8C6B2	0	126600000	103710000
P70232	0	0	0
Q542C3	1638000000	1398100000	1435100000
Q6NTA4	1645300000	2040000000	3086700000
Q3TL44	145390000	295400000	237530000
Q8C837	1093200000	1086800000	1386500000
Q8BMS9	1253000000	1774400000	1538000000
Q9CUL0	0	354270000	655590000
P09925	583220000	517560000	700340000
Q3TZ02	243150000	368350000	228870000
Q69ZU6	674480000	641970000	460900000
Q3V0G7	431500000	254390000	384650000
Q9DAZ9	225060000	242130000	146770000
Q8R238	63877000	0	103820000
Q9D2K3	336660000	236730000	264810000
Q9CTW1	472420000	336640000	416090000
P21271	707010000	321860000	644450000
Q9R0Q9	1308900000	1363700000	1479400000
Q8R0P4	72532000	77346000	72467000
Q99N84	655410000	791350000	775840000
P49817	29699000	57341000	76473000
Q9D1T4	2234100000	2712900000	2489300000
Q9CQE3	1844000000	1738500000	1887400000
F8WHN1	1027700000	1071100000	893610000
H9KV10	252640000	188920000	200470000
A0A0G2JGS8	69933000	106670000	101330000
Q9QYY8	1063100000	925320000	548160000
Q8K377	120230000	250850000	273900000
P61965	2238300000	1836700000	2257300000
Q6ZWM4	1058700000	922980000	934890000
P70460	1329100000	1246900000	1397200000
Q3THB2	1513900000	1240100000	1397000000
Q9CPX7	1071800000	1036500000	963020000
F6SSV9	903150000	950510000	814080000
H3BKL4	1411000000	1133100000	1142500000
Q3UJN9	1326800000	939570000	1795300000
Q8R2U4	700750000	945950000	636890000
Q9DB82	2012700000	1285900000	2951500000
Q9WUU7	129060000	227430000	110170000
P62322	820930000	986670000	758140000
Q3TPF1	3010500000	2837500000	2597700000
Q3TQV0	919140000	855290000	718540000
Q6P9J9	322700000	449500000	263430000
Q3TS37	0	8858900	0
Q812E0	158320000	178180000	262190000
Q8BT29	564290000	915620000	993160000
Q9CU33	306430000	261020000	274940000
Q8K215	211570000	224630000	277320000
Q9D5H9	147750000	114170000	158540000
Q3V3C8	0	0	64638000
Q4FK66	964350000	1085300000	807470000
Q14BE0	753580000	726430000	773020000
Q9DBX3	0	0	0
Q9DAM7	490150000	404630000	325620000
Q9EQH2	245050000	221600000	355770000
J9SQG4	206490000	268290000	170390000
P51910	0	0	0
Q921C1	0	0	0
Q3UXF9	981320000	1045500000	797440000
Q8VE80	2165700000	2183200000	2450600000
Q99LS3	1950600000	1261700000	1490700000
Q9ER87	0	0	34226000
Q8BHN0	780700000	498430000	607980000
Q5F2E7	827380000	736320000	1128500000
Q9ET77	212550000	130900000	219070000
Q91VK1	6210700000	6626500000	6942800000
Q8VC91	257650000	544040000	499980000
Q9JJ61	177060000	239250000	198250000
Q9DBX2	935530000	1550600000	1302900000
Q8BKR5	674270000	607500000	750010000
Q8BKG3	514960000	706630000	1087200000
Q3TTT5	724780000	799170000	732420000
Q99N94	395110000	288150000	323330000
Q9QZD8	331030000	518960000	519410000
A0A0G2JFT8	511680000	572560000	500110000
Q3TGF2	1061400000	793720000	731400000
Q3UWW0	1007800000	1031800000	1090300000
P13595	433780000	744660000	789590000
D3YV21	463080000	286090000	423750000
Q99L88	0	0	0
Q9CQU3	778030000	735940000	747050000
P62305	1284900000	1549700000	2268000000
Q3UTX2	494060000	419330000	255050000
Q61418	299570000	407620000	319740000
Q8BT98	690520000	689930000	693960000
Z4YMG1	753230000	764730000	1109900000
Q811U4	634270000	939350000	1186800000
Q8R420	375650000	286920000	359940000
G8XUU5	494320000	734490000	716990000
Q8CIM8	966680000	902030000	1422100000
Q99JR5	0	0	0
Q99LC2	1658400000	1574900000	2224300000
Q924L1	680940000	702410000	717850000
Q9QYE9	0	0	0
Q61337	471380000	431240000	422370000
Q3TXU5	781160000	660320000	550120000
Q8CEI3	0	0	0
A0A494BB25	483110000	461260000	499390000
Q3UJT4	218920000	304060000	409760000
Q8C5H9	28161000	39628000	38933000
Q3TAQ8	302190000	302890000	422720000
Q8C8L1	211300000	165550000	150980000
A2APY7	131350000	210260000	100550000
Q69ZP3	357910000	249590000	455200000
Q8BYN3	549850000	1363200000	624180000
Q9WU40	767930000	620240000	772370000
Q9R0K7	0	0	0
Q91ZR2	725590000	995570000	551710000
Q3TB82	0	228290000	280170000
Q8CCX5	0	0	0
A2AFR3	496240000	736660000	403030000
A0A1W2P700	814340000	745320000	739600000
Q78PG9	186440000	195730000	171520000
Q8K2D3	1410900000	1041200000	1450100000
Q8K2T8	2892000000	2423300000	3789200000
G3UZT9	350960000	393980000	272960000
Q91V81	983430000	791920000	636310000
Q2YDW2	1737500000	1716500000	1499700000
Q9CTB8	1246800000	1037400000	1148800000
Q8VHK5	0	32751000	32768000
A0A0G2JFB9	156510000	244250000	237880000
Q9ES74	28112000	160190000	293490000
Q8BGH7	554000000	524850000	432720000
Q9JL56	433560000	444340000	385630000
Q3TQ82	203920000	180610000	165380000
Q60899	1518900000	1707300000	1719600000
Q8CB27	163750000	182030000	0
B2RW11	109420000	83716000	103500000
Q4KMV6	284100000	276540000	254460000
Q8R3N6	3823500000	3489600000	3720700000
Q3UUN2	44383000	32180000	36153000
Q3UGH2	0	0	0
Q8K4U2	329030000	265660000	158660000
Q9ER39	655910000	986650000	1076100000
Q3UGW9	1005200000	957640000	1405900000
P16254	858000000	731100000	996050000
A0A4X7	2072400000	2288300000	1401400000
Q9QZB1	89989000	92188000	69678000
A0AAQ4VMS0	350220000	335670000	308340000
Q91YD3	1303200000	1235600000	1627200000
D3Z1G7	151650000	151210000	183800000
Q922Y1	1311800000	1330400000	886710000
Q8BZY0	694990000	402380000	1012600000
Q5EBP0	1231500000	1143700000	1702200000
Q6ZQ88	3281700000	3343100000	3225300000
Q9D8X1	141590000	91948000	85618000
Q6P4T0	271360000	231970000	278510000
Q9D6L8	882830000	745290000	812860000
Q9Z2E9	205630000	155930000	254180000
Q8C033	93085000	66102000	90242000
Q8C597	1775800000	1904800000	2236400000
Q91WL8	209010000	212110000	173020000
Q924A2	397270000	276360000	367720000
D6RGU6	352450000	279170000	405930000
Q9D1V6	191660000	98684000	166920000
Q8C080	1311800000	1294800000	816560000
Q9CQA1	315560000	319440000	289100000
Q9ERA6	1564300000	2501900000	1713800000
Q9Z0H3	2898000000	2420600000	2995500000
Q8BVL3	543930000	682090000	579700000
Q9CQG1	341470000	303620000	518590000
A0A140LHY2	459740000	415890000	156410000
O35166	174490000	180650000	107980000
A3KFX0	0	0	0
F7CT85	30146000	0	0
Q9JMG1	1034500000	1165100000	707900000
Q8VDZ4	212280000	198450000	172120000
Q80XT9	1667800000	1373900000	1532100000
Q8R3C7	203600000	134560000	269520000
Q9D1S6	124430000	174420000	427330000
Q99NB8	725950000	565390000	606070000
Q9CVF6	1184900000	1135600000	1361800000
Q9D857	328630000	406860000	437040000
Q9D6E4	257960000	287710000	306060000
Q9Z2D8	1519400000	1472500000	1518100000
B2KF34	308670000	359440000	314960000
Q8BGH4	545980000	700450000	458260000
Q9JJA2	397790000	388370000	212440000
Q8R3H7	1960600000	1694900000	1605300000
Q6PG57	192860000	256070000	108480000
A0A2S1CVQ7	132090000	122310000	138210000
Q8K1M6	380030000	445370000	364820000
Q9JK27	397520000	433130000	363520000
Q9CWG8	469690000	423350000	438930000
O09005	411590000	233290000	298430000
Q3UNR3	1134900000	1737800000	1113200000
Q99LC8	2233200000	1524900000	1802900000
Q7TNE3	751660000	588470000	378120000
Q3TKY6	1694600000	2229100000	2087800000
Q8K2Y7	1106100000	1094300000	734980000
Q9D1B9	431510000	494140000	725410000
Q8BV37	55702000	129710000	200490000
Q8BU18	328540000	472520000	440010000
Q8CI61	295440000	193900000	147540000
A0A087WQQ3	1464400000	2422900000	1608300000
A0A1B0GT62	831380000	888670000	598110000
Q9D614	273210000	230850000	260030000
Q5U477	1308900000	1446100000	1141800000
Q8C4Z5	1191800000	1163800000	1218800000
Q9D1I7	146090000	81504000	164100000
Q8CAE9	1087400000	1522900000	1533100000
Q9CZ28	457050000	305670000	429940000
Q99KH7	1989200000	1247400000	1566000000
Q9CUG0	994940000	794530000	828090000
Q9D2P4	528780000	513140000	954730000
Q4FJN2	737520000	900200000	642310000
Q9D8Y1	352800000	366980000	442960000
A0A1L1SV46	239780000	265670000	363450000
Q8C6V9	3183400000	3192300000	2364700000
Q5DTN8	0	139650000	131030000
Q9CQ19	0	0	0
Q9R071	1646000000	1797900000	2097700000
Q3UPY7	1322400000	1626000000	1368400000
A0A140LI54	269120000	210210000	268510000
P98191	89425000	64458000	0
Q3V355	3482300000	3452000000	3590500000
Q3U319	1803400000	1122800000	2155300000
Q810A3	803540000	322350000	512870000
Q8BMZ5	388790000	624480000	419610000
Q921D1	98204000	75643000	60964000
Q9CSU4	793120000	939740000	655840000
P70407	0	0	0
D3YV77	1119400000	1082600000	914260000
Q6PGH1	292650000	150200000	120110000
Q58E38	447900000	555650000	588790000
F6QLS2	2763800000	2525800000	2686300000
Q00898	0	0	0
Q8R2H9	0	0	0
Q3V3K3	451630000	261110000	639280000
A0A2I3BQ34	76412000	60136000	39630000
Q9CX12	479530000	498630000	451690000
O35988	0	0	0
Q8BKH7	190490000	202320000	319980000
Q8BM43	224200000	430660000	419690000
P62077	150620000	64028000	220220000
Q921L5	1265400000	1079000000	721530000
Q8BZH2	436570000	219730000	325410000
Q9DBW2	563700000	413320000	414930000
Q9QX59	417830000	490800000	596960000
Q3TFQ1	442250000	320760000	584290000
B1AZI6	4391800000	4601900000	5026600000
Q14CH7	723350000	837000000	615890000
Q8CBC4	171750000	111060000	234170000
Q8BLT3	0	0	0
Q8K157	119860000	0	0
Q80UU0	280000000	325310000	246830000
Q05BK2	258350000	166310000	238520000
Q3UJM9	333220000	358880000	561380000
F7CNH0	363140000	496200000	712790000
Z4YKB8	365920000	226590000	364130000
Q3UKR3	326020000	348490000	389660000
Q6PAL8	269120000	257310000	359010000
Q50H33	86033000	126110000	142430000
F6U4X6	305040000	577380000	509040000
F6UFF7	1527000000	1370800000	1197500000
Q8K327	3001900000	2770000000	3199200000
P14069	22928000	15561000	54819000
Q8R4R6	600520000	655560000	709810000
Q91YE8	32815000	23114000	5906700
Q8VEM0	149310000	238640000	111570000
Q8VDT9	760320000	1412900000	1318600000
Q8BVL9	1932700000	2372000000	1184600000
P56942	0	0	0
Q8QZS8	577410000	849230000	583600000
Q5M9P1	652810000	987600000	924750000
Q3TDQ9	236890000	193400000	423840000
Q8CHF0	642740000	592440000	658410000
B1AYE4	155250000	94552000	176390000
Q6ZPS6	979970000	1059700000	1131400000
Q8R1W1	474640000	474360000	349470000
Q99KU0	282460000	519450000	268490000
Q8BJU2	192920000	191980000	167760000
Q8K2C7	1320900000	1131600000	884490000
Q3UPA6	1763900000	1830300000	1483900000
Q99M31	1820600000	1909300000	2399300000
Q9D0E3	506700000	655120000	556790000
Q8JZL3	726930000	568220000	455480000
Z4YKT6	736520000	558300000	553600000
Q4PJX1	895710000	941770000	961090000
Q3UI28	2908700000	2415200000	1844400000
Q9CYM4	1113500000	983420000	1267400000
D3Z472	0	0	61955000
Q8BNQ9	0	0	0
Q8CBC9	0	0	0
Q9CRJ3	122600000	49374000	41307000
Q5DTF3	54130000	46294000	37309000
Q0P556	1332000000	1248900000	1264800000
Q9JHJ0	358150000	436820000	1234200000
Q8VHL0	0	0	109660000
Q9CRQ7	1452800000	1107300000	1467400000
Q8C6U6	322580000	455130000	668050000
Q8BU31	225490000	306590000	334170000
Q9CST0	535410000	482890000	529100000
Q3TA10	969730000	831480000	935930000
Q8BTD7	685150000	551870000	418060000
Q8C5N9	697040000	743740000	857570000
A0A0G2JH09	2536500000	2049000000	1357000000
Q9CSR3	8582200000	8975000000	6833100000
E9Q6Y8	166250000	149640000	198830000
Q6A097	828160000	733920000	568070000
Q9EPU4	4263800000	4039200000	2994500000
Q3TNQ0	738130000	733060000	1019400000
Q9Z1E4	813380000	965170000	990440000
Q924T2	1130500000	1104000000	1202500000
Q8CFA2	125240000	232280000	211740000
Q61823	351450000	274460000	500190000
B2RTC8	40240000	28118000	59471000
Q8C525	653070000	619020000	304490000
Q9JI78	394950000	469020000	270750000
Q7M6Y3	0	0	0
Q8K1H1	342350000	344830000	439430000
A2ATL1	94885000	193570000	97204000
Q8C048	0	0	0
Q91VJ5	1506600000	1045800000	786200000
Q9JLI6	168820000	189420000	184540000
Q80XE5	14656000000	14819000000	13503000000
Q9D8V7	693390000	410750000	673370000
Q8R2M1	203270000	83554000	156100000
Q9EQI8	411930000	489810000	396550000
Q3TDW9	133990000	141980000	176540000
Q02105	0	0	0
D3Z5A6	1549400000	1138000000	1055300000
Q8N7N5	357800000	493260000	505420000
A0A1B0GT69	92910000	128130000	0
Q9D5E9	0	0	0
Q91WK0	267060000	257070000	273040000
Q8BGP6	141600000	110180000	159080000
A2ARS0	0	0	0
E0CZD3	3485200000	3198700000	3355200000
A0A2R8VHB5	1121400000	1207000000	571470000
Q8BZH4	3442400000	3428700000	4418000000
A0PJ46	963950000	720180000	971790000
P24638	632810000	936120000	693290000
Q8BKX6	6068700000	4274900000	5764400000
Q65CL1	0	0	0
Q8BMP1	945980000	1002500000	1254000000
Q9CQT2	776320000	821760000	747140000
Q91VZ4	345780000	486760000	644310000
B1AR89	232070000	221900000	130540000
Q3TAX1	284350000	281040000	206270000
Q8VE19	957580000	1026400000	792520000
A0A1Y7VP61	1071500000	894380000	830230000
Q8K0I1	478600000	701890000	556420000
A2AG83	370980000	303200000	362910000
Q8BX53	1529400000	2156600000	1326600000
P49935	0	20931000	0
Q4QQM3	4305600000	5092800000	4326000000
Q3TV34	448910000	491730000	436620000
H3BLQ3	419070000	436020000	511850000
E9Q5P9	662960000	733840000	864900000
Q6ZWQ7	2353600000	1776000000	2403700000
Q8BGT7	1909700000	1494300000	1933100000
Q8C4G4	144600000	175000000	289230000
P70268	2336600000	2774200000	2831200000
Q0VEE0	0	0	0
Q8BKC7	1018800000	721600000	686730000
P98200	802270000	724670000	1048200000
Q923F1	932310000	1017500000	817580000
A2AF47	3137400000	3183200000	2536800000
Q8K0M3	24728000	48483000	25003000
Q8R1U1	1372700000	1176400000	1295700000
Q9D338	824640000	632460000	425650000
Q91X78	296250000	412020000	343300000
Q8CD96	1859500000	1833100000	2039800000
Q8K2U6	170060000	150210000	173300000
H3BKP5	270110000	172730000	154870000
B9EKY0	199450000	180610000	146160000
Q62018	2982000000	3157800000	3173500000
A8Y5H7	1405600000	1510200000	902960000
Q3USF3	636210000	680520000	630630000
Q8BZQ7	1865100000	2140200000	2102900000
Q8BZQ9	240690000	207620000	389880000
A0A0G2JGK5	49139000	39875000	110000000
Q7TQA1	0	0	0
Q3T9A5	1393300000	1140500000	2203400000
Q6PFD8	185000000	299110000	161300000
O88668	276200000	397980000	38997000
Q9R099	857220000	737500000	524950000
E9Q6J5	580370000	466080000	634870000
Q9CR41	445470000	1025700000	679600000
A0A1Y7VLC3	1315000000	1248400000	1239900000
Q9CSF1	2547400000	2909500000	3476000000
A0A0A6YWU9	89620000	107400000	227890000
Q80WS3	1022600000	1354600000	1814100000
P63089	882330000	843520000	1202400000
Q9CQF0	779810000	775050000	826640000
Q9ESM3	0	0	0
F8VQB6	0	0	0
Q8C9H6	0	0	0
Q8BWK5	1707400000	1766000000	1777200000
Q8C853	150970000	166390000	0
Q9CV32	1862300000	2262300000	2443400000
Q3UFF7	273780000	313540000	181520000
Q80Y86	0	0	0
Q3UMP4	884430000	697110000	737470000
Q80TF3	301340000	274490000	273180000
Q99PN1	403470000	406140000	147780000
Q5ND25	105760000	150610000	157990000
Q8VE38	420320000	443050000	772720000
Q9CRQ9	0	0	0
Q5U4D9	1787000000	1619400000	2705600000
Q3UYM1	1078900000	955120000	740120000
D0VYV7	0	0	0
A0A1L1SQI7	541330000	472080000	365860000
Q9D711	0	0	0
Q9DB48	780300000	1176300000	824320000
Q80WW9	152510000	115950000	213730000
Q9D239	19496000	14050000	0
Q9D7I5	146040000	140460000	185740000
O08600	251920000	207300000	156220000
Q3V425	132630000	118260000	312170000
Q3UI46	2931200000	5392900000	16422000000
Q80VQ0	0	0	0
Q8CD99	1432800000	1412700000	1367100000
Q9CR23	340110000	360480000	462060000
A2AD75	557440000	436650000	1101500000
A0A0J9YUV2	285030000	330820000	215320000
B1AVY2	990260000	774890000	915140000
Q9D6X3	250020000	288330000	286120000
Q9ESN4	89514000	0	0
Q3V2W4	0	0	0
Q9WVM3	1267400000	1583400000	954900000
Q6P1H6	571280000	866000000	1445800000
Q9CX30	476880000	737870000	450160000
Q9R069	0	0	28024000
Q3UW82	4532400000	3805300000	3674100000
Q6DFY2	1277800000	770310000	1080400000
D6RJ32	750750000	889130000	1038000000
H3BJ37	173580000	176260000	192440000
Q8K2T3	1701100000	1493300000	1843000000
Q9CQB5	916100000	872230000	1051400000
Q8K224	1545400000	1386000000	1941900000
A0A7N9VS33	134220000	121480000	214160000
Q91WE1	309760000	271580000	248150000
V9GXB5	1542000000	1055200000	691270000
P11087	37056000	0	34014000
G8DYZ0	818140000	1012700000	820170000
Q8C7H1	352860000	389710000	358770000
G3X8U8	499510000	436070000	468890000
Q8VDS8	340040000	632880000	331490000
A0A1B0GRA4	174410000	181690000	261340000
Q99KL8	4613200	0	22061000
Q3V394	0	0	0
Q8C5L3	720880000	601690000	653340000
Q3TR43	0	0	0
Q91VU0	546520000	608560000	653410000
Q80YR4	789510000	398830000	675190000
Q3UZJ3	1037300000	775570000	943990000
Q8CII3	179810000	198930000	336930000
Q80TJ1	115840000	0	247900000
Q68FC6	829980000	869080000	884090000
A0A1W2P844	1004800000	898600000	1246000000
Q9Z351	285230000	281840000	333120000
Q52KF2	96352000	131560000	144780000
Q810T0	447510000	447030000	406070000
I6L9J4	0	0	0
F7CEK4	462150000	675930000	505310000
Q8BZR6	64191000	35797000	100190000
Q5XJE5	656200000	666060000	681200000
Q8BZS9	389790000	375750000	390130000
Q8R0J7	535790000	431770000	409920000
Q6P2B2	681360000	439000000	356730000
Q810B7	336410000	210120000	190050000
A1L146	470990000	454470000	400680000
Q8BYW9	74357000	80236000	121610000
Q62407	47948000	71964000	123350000
Q3V4B5	458540000	527190000	714840000
Q91XX4	407320000	438390000	614710000
Q02384	192600000	305840000	483270000
Q8K265	3819700000	2893500000	2712300000
S4R2J5	165580000	164730000	148850000
Q8C7M0	344750000	334310000	233760000
Q9WV02	2797600000	2456000000	1721900000
Q3UWK4	351180000	430500000	340760000
Q3TV90	630390000	802230000	544030000
Q80VJ2	74210000	104020000	125240000
Q5CCJ9	1831800000	1906400000	1499700000
Q8BNJ6	512100000	346920000	686050000
Q8C8C8	215780000	133490000	275580000
Q9QYL9	140800000	111980000	137780000
Q9JJA1	2189500000	1903600000	1669300000
S4R2T6	25287000	3344100	10600000
Q6NXJ0	348590000	251290000	512690000
Q91W53	194360000	218410000	224410000
Q3TC93	472120000	489340000	358710000
Q9WV31	0	0	0
Q3TJN9	36770000	12536000	59718000
A0A2R8W6U3	427050000	318990000	415240000
Q3UVT4	1431900000	1693200000	1665300000
Q8CE86	1116300000	1099300000	1330000000
Q9R0N5	627960000	645530000	461840000
Q8C1F7	2973400000	2915700000	3031100000
Q80X85	877410000	690920000	614530000
Q8CFV9	279630000	257920000	335910000
Q8BI72	825830000	897380000	496380000
Q9D1H8	778320000	739220000	754630000
Q3U5K1	7786600	5651700	4344100
Q8C6Y0	0	0	0
Q3TDN4	197540000	258190000	253970000
Q3TV22	28779000000	25368000000	35995000000
P97811	168010000	185570000	27104000
B1AZF9	84894000	88588000	117790000
A0A0A6YXP0	673740000	788660000	697250000
Q61923	39930000	45444000	85249000
Q8BHL8	361450000	233850000	183860000
O35926	0	0	0
Q91VU6	139970000	190870000	274350000
P16390	0	0	0
Q8K1E6	60453000	90550000	0
Q9JK53	0	0	0
A2AIL4	96366000	212470000	409800000
Q148S0	211160000	253420000	285720000
Q78YZ6	0	236590000	0
Q3TMU8	0	0	0
Q3TQC7	276820000	206780000	307950000
Q3UC26	454150000	419780000	459020000
P70444	449130000	581920000	363500000
Q8BQ07	684990000	538030000	703000000
Q9JHS3	578790000	603610000	575840000
Q8VI68	706440000	552230000	795690000
Q9WUD8	383380000	427340000	297140000
Q6ZPT1	1093400000	802490000	605340000
Q9QZS8	475360000	449610000	616590000
Q9CV62	1309400000	1082900000	2102100000
Q8BH27	241390000	207590000	280860000
Q8R310	126730000	87719000	250050000
Q9DBS5	1070800000	1475900000	854540000
S4R2G4	80695000	87806000	290020000
B2RWC4	119260000	120460000	132530000
Q8BSI6	448370000	598120000	542860000
Q9CPU2	236690000	199310000	82585000
Q9CZX9	460300000	634230000	477240000
Q8BJ33	1229400000	1328300000	1407700000
Q99L85	405590000	285390000	194190000
Q9CZD6	960760000	825550000	943880000
Q91W92	10574000	155320000	149630000
Q5DU14	704510000	389120000	496410000
Q3TRW4	342640000	280750000	292930000
Q8C181	13165000	67864000	15551000
Q9CYZ2	130390000	124980000	114790000
B7ZC11	328120000	303030000	264620000
Q9CVT6	398800000	453910000	602130000
Q56A13	347620000	378450000	311170000
Q8BN01	588270000	698560000	491890000
Q8BMS4	281840000	295810000	361120000
Q9CYL5	548530000	527840000	528560000
Q99KK1	220000000	201860000	199350000
Q8CBH5	0	0	0
Q8C3X8	559420000	716500000	196900000
Q8CH02	434930000	375860000	459730000
A0A3Q4L2S8	566780000	450180000	338500000
Q8CEM9	1969700000	1939500000	1841600000
Q9D0R8	1080300000	813420000	791970000
M0QWR6	209970000	270660000	299280000
D3Z2Y6	0	0	0
Q8CE96	925140000	839690000	932740000
Q8BXN9	867050000	753460000	805720000
Q3UFX9	0	0	0
Q8CFQ3	2956700000	3272800000	2288500000
Q9R1I4	0	11685000	276780000
Q8BNC6	195730000	265790000	202950000
A0A2R8VHD7	1119100000	1074300000	724890000
Q91VM3	297440000	236650000	234980000
Q9DB26	0	0	0
Q3UIL6	101930000	55384000	103930000
Q9DCA2	258420000	246940000	274330000
Q7TSS2	273620000	297680000	296110000
Q8C4B4	613040000	592520000	715300000
E9Q585	661420000	769200000	918690000
O89029	0	28969000	0
V9GXX2	87804000	102390000	201600000
Q8BY88	95097000	121480000	118570000
A2RT57	694160000	646420000	925920000
Q3TQL3	222720000	172880000	232000000
Q3UUR8	321880000	454590000	349230000
Q8BVB4	642870000	458470000	616090000
Q9Z0L0	222540000	185110000	261840000
A6H5U5	724560000	673560000	518880000
Q8VC03	142910000	0	48152000
B2RWR4	602090000	474000000	755720000
Q8C3I4	22294000	25593000	0
P61957	2785800000	2687600000	3139800000
Q8BUU7	232400000	200130000	204710000
Q9CUY3	117460000	294950000	124180000
Q91ZH7	0	0	0
A2A8U2	496330000	633860000	522930000
Q9CUY2	1958600000	2012100000	2381800000
Q91ZF0	220790000	70483000	377770000
Q5SX59	0	74996000	388460000
Q8K273	288330000	306850000	497020000
Q8VHR5	1528600000	1566000000	1595100000
Q3ZT31	179800000	120350000	216080000
P97291	225570000	111720000	520280000
Q8BWB5	0	0	0
Q9DBH3	0	0	0
Q8CEM8	132000000	164490000	282510000
Q8VE11	356560000	447450000	495220000
Q91Z78	650010000	448590000	501560000
A2AVQ7	419940000	409320000	511090000
Q9D7B2	93625000	97595000	83065000
Q3UN02	469880000	289550000	434400000
Q8C561	240610000	414340000	613620000
P63058	1758200000	1291900000	1870500000
P51906	454980000	245240000	321360000
Q810C1	210190000	221600000	113600000
Q8CHE4	224680000	347340000	456330000
P11859	96822000	128210000	0
Q62283	1006300000	1410600000	679080000
Q5DTF5	277660000	577960000	661350000
F7BP73	182910000	235890000	227260000
Q8BJD1	0	36071000	0
P63024	120340000	125280000	236330000
Q3TR97	829670000	980210000	670980000
Q9JLQ0	22871000	18674000	37874000
Q8CBR9	741200000	411180000	309420000
Q9DCJ1	322400000	252010000	273870000
Q8C908	711370000	612400000	760470000
A0A3Q4L320	848960000	862620000	1399600000
A0A0B4J1E5	326210000	612940000	800040000
E9Q640	1244600000	920170000	1278500000
Q8K0T2	350900000	318340000	308010000
D3YZI9	207780000	168150000	90438000
Q6P8I4	486090000	441580000	314970000
A0A0N4SV15	210960000	326680000	591230000
Q9CZ62	520220000	768590000	579230000
A0A2R8W718	117480000	169340000	162920000
A0A0U1RQ12	1979900000	2482500000	1743100000
Q8C8T5	972820000	639020000	1365900000
Q9WV03	2253700000	2006300000	1927300000
Q8K238	407180000	385640000	439860000
Q3TTA7	1210800000	1077500000	856480000
P16305	0	0	0
P70257	2338600000	2809400000	2314400000
Q9QYH6	198890000	245850000	247390000
Q8R066	330350000	248880000	301810000
B1APX2	1138700000	1060800000	769540000
Q80W00	726580000	689460000	671990000
J3QNZ2	617070000	805570000	1321200000
Q3TI10	186290000	290220000	347100000
Q61738	173170000	0	30368000
Q8K3Z9	478310000	410700000	264410000
Q8C5K4	2707400000	1803500000	2152100000
Q05C23	1442300000	1282100000	1849100000
Q9DB50	562570000	293500000	248140000
Q8VEG4	664060000	695010000	1152900000
Q0V8T9	103310000	207740000	127550000
Q9DCE5	1053500000	868150000	667600000
Q9QXE0	82010000	175020000	107920000
Q9DC33	524620000	507880000	447970000
Q61285	142340000	175760000	88976000
Q69ZG4	1040800000	1022700000	1823700000
Q8BY89	293990000	321380000	314690000
Q8BLU0	307170000	125390000	547040000
Q8CF93	0	66247000	109840000
Q8R2R3	791090000	540600000	956970000
Q3TYK1	27587000	0	0
Q9D1F4	310670000	193010000	235770000
Q80Y55	182640000	254500000	225030000
Q9CWI3	1905000000	1398000000	1563300000
Q8BM85	1277100000	1136400000	1397700000
Q6PEE2	967280000	1109700000	1210200000
Q920A5	147390000	120520000	53290000
Q5XKA9	137220000	127850000	220440000
Q8BHA3	71097000	82272000	144810000
O70404	37240000	26358000	0
P40936	0	36338000	0
Q9WVC3	0	0	0
A6X8Z5	105190000	244110000	61294000
Q8BLA6	371690000	320260000	155480000
Q99K43	0	0	0
Q3TGW2	165830000	143020000	234750000
Q8BGR2	512760000	698890000	585640000
A6H5U5	441670000	415400000	487290000
Q546L4	0	0	0
Q9ER67	1169000000	1186000000	1404600000
Q6DIB4	1557000000	1392600000	1413600000
Q8BZ60	119580000	110300000	176910000
V9GXP7	935450000	555320000	880830000
Q8BT02	1399800000	916040000	838930000
Q05D93	460310000	351620000	422120000
Q3TJZ5	1489500000	1510600000	1573200000
Q8BXJ9	249240000	163260000	367540000
P27600	317340000	396760000	583700000
Q3TR14	362630000	367530000	273800000
Q9D781	279180000	336820000	251040000
E9QMU3	0	0	0
Q80T85	940480000	704340000	363430000
A2A723	402690000	646520000	490410000
A0A2I3BQG1	293090000	261490000	443630000
O35972	862560000	889900000	941920000
Q921J7	58549000	123480000	36018000
O88970	93945000	109080000	36287000
Q9D8M7	306590000	340300000	501760000
Q9Z316	265950000	387010000	355320000
Q9CRR7	765510000	732850000	835290000
Q61410	0	0	0
Q3U1V6	143800000	132590000	240000000
Q3TSU2	60693000	196990000	0
G3UZL2	458870000	340080000	642440000
D3YUJ3	464810000	494990000	680300000
Q8K073	1877500000	2351800000	2823300000
Q923X4	353470000	359670000	470570000
A2AR50	435910000	329990000	224210000
Q6PGF2	327200000	219520000	247100000
Q8BP29	4039100000	3630800000	3657400000
Q9CW79	365160000	560200000	655120000
A0A087WQ82	60773000	83973000	128590000
Q9WUU8	142760000	282070000	93492000
P70451	751960000	901150000	1047700000
Q80VP9	93136000	188630000	0
Q05A21	0	0	88645000
E9Q7A1	819290000	884340000	681030000
Q6ZWS9	3019400000	2747100000	2057200000
Q3UNL2	658200000	499670000	533240000
Q8VCM5	209300000	256520000	249010000
Q3U6J4	333550000	366280000	226610000
P58501	908080000	846330000	636450000
Q99LG4	2299300000	1958800000	2523800000
Q3TLP5	121650000	150680000	123080000
Q921R1	0	25554000	32599000
Q3V165	106010000	113000000	112050000
Q3UF15	775960000	837130000	508160000
Q8R2Q4	367910000	383510000	399670000
Q9Z266	232090000	304260000	313460000
Q3ULV5	438900000	540690000	802110000
Q05D94	348150000	351670000	326910000
D3Z359	522470000	744570000	608660000
Q9JI44	1019000000	837620000	828940000
Q921C5	408640000	444580000	494300000
Q9Z0M5	71668000	340970000	83948000
F6ZH54	1202000000	1059500000	1210800000
P70182	176210000	135050000	146820000
O89065	613770000	357140000	270870000
Q99KD0	261720000	258740000	134170000
Q9CW46	1829200000	1539600000	1694300000
Q9CW90	213460000	219300000	157130000
Q571I9	194810000	282660000	141560000
Q3TQJ2	133120000	149930000	191670000
F6RXH3	209130000	149130000	209900000
Q9CWC4	352220000	297250000	382510000
Q9JI59	0	45556000	0
Q9DBC9	42805000	41059000	43188000
M0QWN7	148440000	180420000	251740000
Q9JMF8	81713000	95912000	66996000
Q8N7N8	390490000	249560000	94138000
Q3UVZ6	107610000	86615000	96560000
Q4FJM3	204000000	222870000	114360000
Q08093	25926000	39724000	128390000
Q8BNE5	0	0	0
Q61271	182140000	199180000	211140000
Q8VBV6	0	40739000	0
Q91X88	110580000	116710000	239470000
Q9Z1S3	0	0	0
Q6PGE2	165780000	189560000	347670000
Q8CGJ8	548170000	376290000	353730000
Q9EPQ8	1121300000	784660000	616520000
Q6NSR8	34759000	54933000	34013000
Q6P8P5	215810000	148240000	149060000
A0A087WSI8	109280000	111070000	102810000
Q3TU57	151120000	0	0
Q9JKX4	905740000	986770000	971000000
Q9QYE6	458930000	367600000	498680000
O08644	194210000	357500000	124760000
Q9Z2R6	620840000	522970000	824150000
Q99MX0	0	0	0
Q923A8	537410000	786670000	624430000
Q3TS00	1437900000	917230000	2017600000
B0QZL8	182540000	213640000	188640000
Q91YL2	222620000	370280000	271730000
Q9D0G0	491970000	1074500000	1211600000
Q8BGN2	0	0	0
Q8BUY8	124840000	116900000	142930000
A0A2I3BPY7	353010000	342270000	425890000
Q64735	82133000	106490000	72734000
Q80ZS3	978270000	791180000	629290000
Q9R0G7	2229400000	1744200000	1852300000
Q9EQS3	435470000	645570000	93616000
Q62148	12576000	6239000	0
Q9CR29	149120000	152370000	139850000
A2AK70	0	91610000	40298000
Q9DC71	470300000	394350000	506930000
Q3TSS1	308800000	357000000	309500000
A0A338P7C2	314280000	345090000	248050000
Q80X71	406200000	272190000	396820000
Q8BP00	643060000	982980000	785260000
Q8BKB2	44105000	64810000	122060000
Q68EF8	169510000	113810000	83669000
Q5ND37	0	68625000	298740000
A0A0A0MQF5	555710000	554100000	448970000
Q9CPW3	438460000	142940000	461950000
P17665	57391000	27075000	0
Q99LS6	734580000	837000000	1216800000
A2A8L9	1078200000	1327100000	910370000
Q8JZW5	130680000	156800000	234500000
A0A494B9K8	281740000	184580000	364980000
Q4G5Y1	336130000	386160000	441470000
Q9CQF8	108830000	120850000	108970000
Q3UF75	264410000	153210000	215230000
Q99MS8	227920000	218250000	133410000
Q7JJ13	795800000	523830000	757290000
Q91Y11	246050000	201560000	364540000
Q9D464	1365100000	1052600000	963700000
Q6ZQD9	241250000	193480000	187780000
Q80YF9	2537400000	2174600000	1814700000
Q3T9T3	158050000	84978000	197820000
Q8C2A1	0	0	0
Q8R568	325800000	417920000	416490000
Q6PGE7	0	0	0
Q80YA3	0	0	0
Q3UUR4	261620000	274110000	236920000
Q8CES0	850440000	830190000	1150400000
Q5DTP4	173060000	153690000	184900000
Q3UYL9	0	0	0
Q9JIQ3	486100000	754400000	598960000
Q9WU62	34863000	61874000	20918000
A2AN40	729150000	1026800000	576270000
P09242	213510000	163900000	150940000
Q80ZJ7	181310000	207540000	163380000
Q9Z275	288890000	515620000	377650000
Q8CHS8	78615000	112250000	75822000
P11679	0	0	0
Q9D7A6	320010000	339590000	440630000
Q811H2	671800000	1302800000	1207000000
O88895	529610000	458890000	215440000
Q3TSQ5	150810000	98051000	139760000
Q69ZF7	277160000	266940000	319600000
Q9WUB0	157050000	193160000	133800000
Q3TW44	531140000	601980000	543400000
Q9Z247	70942000	73916000	151450000
Q68EF4	0	69389000	0
Q9CVI3	171530000	218410000	198920000
P62311	1753600000	1546900000	1695000000
Q4FK31	125660000	124780000	202160000
Q8N9S3	819850000	1135300000	419440000
Q91W61	74710000	114930000	173110000
Q8BHS6	468290000	585200000	535520000
Q8R3Y8	1327000000	1820100000	1277700000
A0A2I3BQN9	456820000	573450000	404070000
Q8BYT6	2529700000	2363500000	2901700000
Q61324	1213900000	1191800000	1490500000
Q9D6Z0	152990000	129240000	326330000
Q8R3Q0	193860000	139900000	204530000
Q3UW17	61901000	61258000	56106000
Q6PDH0	664540000	952870000	663590000
Q3UQU0	644410000	642400000	629480000
Q6IEE6	0	38498000	0
Q9D0D5	1406700000	1147300000	1093400000
Q8BVA2	186220000	151000000	224200000
Q5SWJ8	1578100000	1635700000	2049800000
Q99J95	1119400000	898900000	947540000
Z4YN86	0	119030000	0
Q9DCI2	0	0	0
Q8K3C6	0	0	76172000
Q9JM03	112380000	128940000	24296000
F8WGU6	123480000	0	0
E9LV95	969340000	860590000	612250000
A0A0N4SV06	87529000	75845000	0
Q7TNF0	95398000	192210000	147920000
Q6PDC0	353930000	220200000	264880000
Q3TAP3	628110000	596990000	596860000
Q3UZ84	659300000	507090000	619180000
Q99NE5	137390000	36612000	121640000
Q8BRB4	344460000	385050000	328670000
Q0PMG2	1132000000	987040000	1449000000
P81117	848190000	618430000	412330000
Q8BQ47	258280000	416440000	267940000
Q8R409	1265300000	865630000	645830000
Q8K1C0	519840000	500660000	335770000
A0A0J9YU87	76026000	78262000	126090000
Q9DCU2	0	0	0
Q62207	542540000	574940000	756120000
A0A494BA44	537950000	496980000	476990000
Q9JHU2	256600000	215730000	159450000
P63248	2431700000	2146300000	2542100000
Q9D0B0	832980000	869190000	1031900000
Q9CXJ1	334750000	452860000	333980000
Q8BJT2	150880000	67155000	13136000
Q61062	392630000	378740000	368200000
Q8CEI8	159150000	36665000	54552000
Q9ER97	0	0	85121000
A0A140LIU6	1474600000	1551900000	2061600000
Q8BWU5	370580000	445720000	417740000
D3Z5B1	498890000	358870000	483930000
Q8C670	706460000	963600000	839320000
Q3V477	1195500000	1189700000	798810000
D3Z762	0	0	0
Q8K097	0	0	92611000
Q6P6J9	1575400000	1209700000	1226600000
Q91W96	3463400000	3226900000	2089200000
Q80SZ7	0	0	0
O35692	1331900000	1068400000	1489600000
Q8BK81	55703000	48504000	92818000
Q9DAX9	736370000	335220000	417710000
Q925J9	863770000	739260000	810400000
Q8BL48	614850000	492590000	686940000
D3Z5U6	0	0	0
Q9D7S7	242790000	418870000	335280000
Z4YMH1	1289500000	1173500000	1174200000
Q3UXN9	712580000	491700000	519410000
Q5DU47	739420000	458310000	397260000
Q8BM55	614350000	673920000	698910000
A0A0R4J2A0	2229500000	2030300000	2425700000
G3UY97	80849000	165960000	50096000
P97326	111740000	64324000	269200000
A0A0R4J291	153780000	265370000	270460000
Q3U9V4	0	0	0
Q9Z0J0	711160000	736150000	555440000
A0A1D5RLZ5	210470000	131100000	169620000
Q4FJT5	17216000	16502000	35701000
Q544N3	0	0	0
Q69ZN7	44390000	25862000	40728000
Q8CA72	1629100000	912160000	1582500000
A0A1D5RL86	3325600000	3639700000	1225900000
Q9JHS9	805550000	676470000	539140000
S4R2A3	346760000	346440000	326010000
Q3TIG7	1141100000	809970000	704610000
Q3UJC0	1663300000	1566600000	2001000000
A0A0R4J243	367490000	255930000	430910000
Q8BR07	338050000	380970000	260370000
Q8BKT7	1653100000	1768600000	924070000
D3Z7I7	18759000	18037000	21101000
Q9EP82	551280000	555120000	653540000
Q9CZL5	51514000	69488000	46310000
Q8CI33	319150000	333510000	279470000
Q8CET6	267610000	167680000	204280000
Q3UL03	665340000	405230000	692610000
Q6PCN6	2038400000	1792100000	1534600000
A4FUQ0	439450000	310020000	488530000
Q3UBZ2	241670000	271680000	64588000
Q60739	1057000000	995080000	888260000
Q8C5K4	9592800000	8147100000	11236000000
E0CX48	0	0	0
Q99KW3	362540000	357670000	524280000
Q8BTJ4	163390000	151740000	117540000
O89076	643920000	764610000	494330000
Q9CQT0	329020000	359940000	574040000
Q9D177	316040000	313360000	225070000
Q9QUN9	0	0	0
O70507	77104000	90879000	54269000
Q3TMP8	34833000	49712000	100170000
Q8K3K8	129960000	119490000	90567000
F6WQ99	81742000	73407000	76894000
Q8BU94	1131800000	1097600000	1252800000
Q14B01	234730000	238440000	169330000
Q3ZB20	27165000	53969000	97887000
Q6PB93	3805300000	3677900000	3583600000
Q62036	632110000	815130000	822780000
Q9QYK9	588880000	605520000	905570000
Q8JZW1	0	0	0
F6SXD2	225320000	252540000	429320000
Q9QZF3	1809300000	1771300000	1315400000
Z4YL50	155600000	80392000	245230000
Q8R3C0	1865000000	2126200000	1579300000
Q9CZG9	296690000	356230000	467810000
Q78J03	0	0	0
Q8C0Q2	211240000	194600000	241450000
Q6P071	615240000	465550000	719620000
A2BE28	2173300000	2845800000	3466500000
Q9D6E8	576460000	259580000	137640000
P83870	369130000	391080000	214850000
F6Z0Z5	388920000	504420000	495330000
Q3U2A4	394730000	321360000	579680000
Q8BFQ9	99202000	186000000	164290000
P35569	539050000	223570000	375700000
O88413	114320000	45711000	152870000
Q5SFM8	1325000000	1300100000	574930000
Q9D868	443710000	326880000	415090000
P11835	4586800	39198000	13360000
Q8R2P7	5308600000	4373500000	5458600000
Q9CZ83	804680000	950340000	750890000
Q5DTR3	440150000	522990000	958600000
Q9D6P6	0	0	0
Q8CCD5	0	0	0
Q91VK6	0	0	0
Q3TQ64	645210000	498590000	412450000
Q7TSF4	241260000	205860000	104950000
Q8VDR9	186830000	119730000	257040000
P70271	156020000	64867000	107080000
P61953	0	0	0
Q9CRP6	1406500000	1062700000	1295200000
Q3TMQ8	689530000	530880000	699740000
Q9D8V0	901810000	943420000	778120000
Q3UK64	1647000000	1036200000	1489000000
F6XIE4	554710000	257840000	370970000
Q6VN19	102250000	93456000	135680000
Q9D958	2287400000	1168700000	2407000000
Q3TT55	658210000	591300000	498290000
Q8VI33	420620000	376330000	339520000
Q9D620	0	297050000	511090000
Q7M750	0	9001400	0
Q3TAJ0	312770000	318590000	403960000
Q8K4Q7	126300000	129690000	176770000
Q9CSJ2	690100000	997300000	794040000
Q148R0	0	0	0
B7ZP45	0	0	128620000
Q924H7	819920000	601380000	818490000
Q8R159	492890000	570760000	482330000
Q8BRU6	46173000	51243000	11195000
Q8C7E9	418200000	407990000	395530000
Q8C190	137480000	243880000	134650000
Q3UVC5	0	0	0
Q3TU24	246300000	259600000	219150000
D6RJK7	766170000	623040000	578060000
Q9D3L3	238860000	298320000	297630000
Q9DB25	401340000	461960000	297680000
F7AIV2	0	0	0
Q3U3K9	298820000	293170000	417540000
D3YXX8	428300000	354150000	564560000
Q9CUV3	897700000	762680000	1176200000
Q3TJ69	46519000	76708000	168910000
Q8R3F7	1281500000	1072400000	1690600000
Q9DB29	634990000	836390000	758950000
Q99LH6	0	0	0
Q7TQK1	655060000	997680000	836110000
Q9CZP7	276760000	161260000	184380000
Q9R087	335410000	346670000	209680000
Q9CSK1	124320000	107790000	122670000
W6CPJ9	902790000	1525900000	1594400000
Q9WUV0	71222000	91638000	82755000
Q8BK88	273920000	255030000	265480000
Q9JMB8	31292000	52079000	61638000
O54818	0	0	0
Q69ZQ2	113250000	167280000	132190000
Q6VH22	575940000	535930000	795300000
O88939	20572000	273600000	55449000
Q9D6X6	0	0	75248000
P97478	209200000	145570000	239660000
P54754	177280000	140270000	228330000
Q9D787	547860000	497090000	441300000
A2A9V7	147620000	164710000	177930000
Q8BPE4	141630000	179290000	146970000
Q91Z49	2168700000	2060700000	1856500000
Q3UCV8	443380000	330650000	355660000
Q8BTC9	106050000	136020000	145380000
A0A3Q4EGF1	1962700000	4387500000	2361300000
Q6NXN1	0	134020000	146370000
Q9Z2L7	183090000	168770000	267800000
Q6VGS5	819640000	906080000	864260000
Q9CWU6	197180000	220520000	203470000
Q8K054	367920000	360300000	429600000
Q6A065	242860000	121150000	383820000
P04370	0	0	0
B2RQQ8	168220000	187490000	0
Q9R1B9	283370000	289730000	376640000
Q3UEX5	0	0	0
Q9CUJ6	518070000	640070000	398360000
Z4YN00	50198000	85611000	81322000
Q9JKV5	0	0	0
Q99N89	239500000	281400000	215020000
Q80X73	558130000	472750000	622050000
G3X9Z4	640310000	782590000	596400000
Q3UYR3	427500000	282630000	338310000
Q9D4Z7	155140000	119500000	71881000
Q9QXY9	439790000	584810000	530580000
Q501L4	2120600000	2264100000	2364700000
Q61371	152550000	100010000	229570000
Q4VA41	523350000	413840000	539860000
Q3TGF1	0	0	0
Q3USV7	674830000	1037500000	966350000
Q8BGY7	108470000	102100000	0
Q8VCN9	565630000	575180000	600680000
Q6P9Z1	3498700000	3388800000	2862300000
A0A338P6M3	484460000	568840000	589220000
Q8K093	72353000	52827000	48680000
Q3US38	263170000	442160000	210280000
Q3THJ3	475700000	366560000	313580000
D6RGR2	321260000	385890000	462120000
Q3UY03	3401400000	2827000000	2612700000
A0A494B9M7	314680000	329730000	346680000
A0A2R8VI31	0	0	89253000
Q3UZD0	5813000000	6317500000	4833200000
Q8VCS3	619990000	591790000	628790000
A3KML4	1160700000	872660000	898070000
Q9JIY0	674280000	512620000	754040000
Q3UXQ1	1022500000	728800000	689920000
Q3TR66	322410000	137150000	236300000
Q5S8D1	217240000	200180000	324080000
D3Z5G3	0	0	8481700
B9EHT4	687990000	492630000	633240000
Q8BMQ8	908700000	955430000	610450000
Q8CCN9	214910000	189570000	244480000
B9EKE7	217650000	231430000	424160000
A0A173M1J6	10732000	29185000	12236000
F6TM12	1910400000	1834100000	1539900000
D6REF7	965270000	1417500000	1318200000
Q64191	161480000	180640000	332880000
Q9D6K5	29888000	25513000	26846000
Q80SY5	958130000	483820000	1242900000
Q3UI81	499050000	357890000	316780000
Q9D0U6	134180000	79359000	142830000
Q922G6	474740000	327720000	299380000
Q9JI39	161010000	216020000	256600000
Q91WL6	746990000	630400000	857880000
Q9QZB0	119340000	131520000	103830000
Q3UE99	135630000	215210000	121440000
F7A043	1043600000	1518900000	981650000
Q5SP85	0	0	107180000
Q9Z224	380160000	491590000	785240000
Q69ZL8	591720000	587190000	458820000
Q9D3X0	314300000	333770000	331470000
Q8CBY8	642850000	497280000	395010000
Q8BKC8	232840000	210920000	205580000
Q3TRB3	1017200000	1197600000	766370000
Q9DB70	95165000	8378400	78074000
Q3TSU5	1151700000	867050000	915810000
Q6ZWQ9	153500000	121940000	106970000
Q8CDN4	390470000	383480000	476290000
F6ZTZ2	429330000	469020000	254310000
Q8BMJ3	409280000	426220000	299740000
Q9D772	326060000	197780000	149140000
A0A0U1RQ74	102300000	107510000	183820000
G3UW53	117530000	131100000	185280000
Q3U4G3	188540000	321300000	335720000
Q0VDX8	272610000	172640000	229390000
Q8C1J1	103660000	133690000	136600000
Q3UDN6	54899000	106520000	14509000
Q3TP50	424720000	243230000	297030000
S4R2R2	950720000	1235500000	542410000
Q3V2C6	0	0	0
Q8K3I0	0	11689000	0
Q9D2R8	494820000	416720000	402910000
Q9EQT6	0	32390000	23145000
Q9R0P6	1557000000	2217100000	2015600000
Q8R344	754180000	578660000	832600000
Q9D7J4	129510000	109410000	107380000
Q8VEE1	141680000	185660000	176970000
B1AT64	0	55293000	35828000
Q9D1X6	1035500000	1221300000	1092200000
Q9CSW6	146440000	88769000	214910000
Q3ULI0	387170000	261780000	298660000
A0A1L1ST19	110950000	142450000	193090000
Q6P5H2	3814100000	3463500000	4275500000
Q8BIL5	732330000	841550000	1141200000
Q5RJH3	45045000	37598000	67664000
Q3TX57	0	0	0
Q8C6M7	108350000	78727000	229290000
Q8BKE9	275530000	426100000	454510000
Q8BJF9	226180000	247270000	216430000
Q64362	352160000	344340000	350980000
Q8BRM5	67199000	118880000	80746000
Q9ERV1	179500000	233370000	688160000
Q99KS6	229380000	259890000	309850000
Q792A4	0	0	0
Q64519	451400000	437480000	351820000
Q32NY6	2672600000	2672200000	2083600000
A0A498WGL8	0	0	0
Q3U2B9	533720000	367160000	399330000
Q9R0M5	505050000	278930000	576270000
Q3U5E6	1384000000	875350000	727320000
Q5NBX1	118600000	92895000	73219000
Q9JHE7	116550000	0	62031000
P62274	1419000000	1206700000	1069100000
Q3TC33	182610000	277050000	308890000
Q5XJY4	151730000	135440000	66704000
Q3URU2	288100000	219060000	202170000
E9Q5M1	108420000	101520000	82991000
D3Z1Z0	209950000	196930000	0
Q9ERD6	1771200000	1781600000	2235000000
S4R2U9	208090000	208810000	403190000
Q8BZ36	258240000	265390000	138410000
Q9D7V6	1482200000	1175700000	1630600000
B2ZRS7	76794000	64821000	0
Q9D6T0	953060000	1019000000	1093600000
Q811M6	0	5525000	33395000
G3UXD8	4202000000	3492500000	3759300000
Q8CFJ9	294550000	190380000	236950000
B2RRE7	464300000	322320000	702410000
A4FUP7	98533000	118810000	364090000
Q8VC06	922550000	1475100000	1289100000
Q7JCX7	393220000	251300000	183070000
E0CXT1	2487800000	1860600000	1994900000
Q8CA55	150010000	55154000	165590000
O08842	0	0	0
Z4YLV8	1256500000	1063200000	2180300000
Q3UGT9	194420000	123950000	85160000
Q3U4A0	1822800000	1810800000	1695900000
Q9DBL2	668680000	703130000	560120000
Q9ERI5	326350000	452090000	234170000
A0A3Q4L2X0	314120000	274500000	333750000
Q3UWR0	2605300000	2626100000	3039700000
A0A0A6YXW3	598590000	701460000	487450000
Q3UPW9	1737200000	1566200000	1670300000
Q3V3J5	3719000	2071400	4855500
Q3TVI8	90541000	86196000	87059000
A0A0A6YXB0	738780000	1206800000	1165100000
Q9CVD2	160180000	114490000	157670000
Q9CXU9	216370000	296450000	952770000
Q9WVH9	0	0	0
Q9CV68	507710000	665230000	827220000
Q3UZX0	68302000	36674000	54816000
Q80W14	1489100000	1509300000	2251300000
Q3UHD2	169640000	174930000	128340000
P46718	318940000	247590000	511590000
A0A0G2JGD2	80205000	54996000	19052000
A0A1L1SVA9	285020000	269170000	333830000
Q8BUK9	0	0	0
Q9QWV9	937350000	706680000	771990000
Q8CHY3	292100000	368270000	124620000
Q3URX8	607230000	773270000	843920000
Q9D1T2	47121000	22224000	48601000
F8WGA9	195860000	236860000	392260000
Q8CE59	659580000	494470000	601240000
F6ZXV1	132050000	145970000	181030000
Q05AA6	188460000	91224000	291080000
O70309	82177000	123780000	70472000
F6VQ30	256690000	170340000	298860000
Q9CXI3	0	0	46275000
Q66JV4	1351900000	2086600000	949230000
Q6ZPY7	1671800000	1182500000	1227900000
Q99PP9	446470000	137120000	376230000
Q9CQP2	169620000	194120000	269380000
H3BL74	436510000	315340000	477940000
A0A1C7ZMZ7	0	0	0
Q8BTW3	758850000	884580000	751500000
Q9CUX0	344790000	376860000	280740000
Q05DT3	894860000	978050000	706950000
A0A0R4J173	739380000	652890000	739630000
Q8VCN5	0	0	123380000
Q811J3	295430000	326050000	240440000
Q8BXC0	27082000	47490000	57400000
E9Q634	143820000	117520000	134360000
Q8BKY8	205620000	218160000	285240000
F6QCI0	306690000	206270000	293170000
Q3V391	37391000	55398000	172170000
Q91XX4	272880000	319380000	296220000
Q8C9A9	293590000	187540000	288430000
Q9Z188	201910000	323660000	211730000
Q8BND3	603830000	749250000	757920000
Q61893	40469000	9601400	91493000
Q6S5C2	99835000	132220000	117670000
Q9D198	618910000	699760000	733200000
Q91YT7	842700000	733130000	582940000
Q91YI4	1082100000	1127800000	435390000
Q56A08	217050000	258910000	255350000
Q8BHX6	261230000	252570000	613520000
Q3UNJ3	346200000	437180000	399570000
Q80X11	713090000	33835000	0
Q91YR5	1194200000	1269300000	538320000
Q9CY97	1084900000	1191200000	841960000
Q60603	0	0	0
A6X919	1188700000	1694700000	1246400000
Q9DCF9	1574400000	1594100000	2251000000
Q8R1I3	54644000	50096000	68729000
Q9CPR1	276880000	224020000	85261000
Q6DTY7	347480000	290180000	339630000
Q9D8P4	189530000	180980000	185440000
M0QWW2	512920000	483640000	324460000
Q3V141	2394700000	2093200000	2060600000
Q5SQM0	0	0	0
Q9JJE4	56289000	70542000	55672000
D3Z556	98675000	76562000	11617000
Q9D4F8	200560000	178740000	242340000
Q922U9	24792000	60609000	57303000
Q9CQ43	457120000	598700000	476900000
Q9CT84	571790000	493170000	524940000
Q62121	32611000	0	51779000
Q8BNN1	0	0	0
Q8C5L6	344020000	415280000	279820000
Q3TYD4	0	0	0
Q9CQQ0	372040000	372140000	56314000
H3BLJ0	187390000	205450000	242660000
E0CXM3	0	0	0
Q921U7	13613000	22649000	23539000
Q9D7B1	225530000	362550000	648840000
Q76KF0	103660000	252120000	143220000
Q8K114	197000000	245840000	332100000
D6RHB8	168610000	158840000	176320000
Q5U4C3	483950000	475950000	451740000
Q6AW69	0	0	0
Q8BYP3	201700000	319520000	294320000
Q8C9S4	263080000	165470000	190300000
Q8K335	526810000	479790000	342950000
Q8C147	20747000	64857000	80150000
Q6R5G2	5200400000	5587100000	4683700000
Q99LH2	641640000	669000000	580070000
Q9CSX9	241760000	181980000	161120000
Q8R216	45277000	0	0
Q3UYU8	1888000000	1992500000	2274400000
Q7TN79	325550000	187710000	197170000
Q8CII2	439010000	741810000	567970000
Q78TF3	210340000	140760000	136470000
Q9JJF0	114980000	58704000	65035000
Q3UDK1	273750000	292470000	448360000
Q96DY5	80432000	82072000	84279000
Q9R1S8	1975500000	2050400000	1795000000
P0C090	497780000	678610000	595710000
A0A494BBA3	414180000	401490000	479650000
Q3TMH5	1010000000	329100000	198770000
Q8C0J6	640540000	430120000	672830000
Q8BU88	1013400000	966500000	1022100000
Q91XX4	76254000	164460000	148950000
Q921N7	207940000	191450000	52808000
Q9QYI4	442090000	541610000	498550000
Q91XC9	91367000	88303000	73823000
Q8CIP5	314120000	375550000	217660000
Q9EPU5	125210000	144680000	113960000
Q80ZD8	183670000	89792000	121980000
Q8K3I4	0	0	0
Q923B0	0	0	0
Q9D8D8	1084300000	917300000	1203900000
E9Q2L1	1335600000	1566800000	1096300000
A0A0G2JDY1	1097200000	969500000	1209000000
O08528	452880000	490880000	254550000
Q8VED4	690900000	690970000	738790000
Q8VD26	164180000	128800000	179050000
Q8BZF8	0	0	0
Q3UUF8	0	71028000	0
A0A1Y7VLL5	1411500000	1243000000	1084100000
Q924S7	241010000	268900000	193520000
Q3V3M0	263940000	307390000	303280000
Q91VC9	158160000	160890000	159690000
Q3UVK0	288710000	349170000	243230000
Q99JR6	34429000	38207000	78010000
Q9CQ73	0	0	0
Q9CQ28	88773000	73646000	129630000
Q3TSN8	1995000000	2270400000	1968900000
Q8R2R6	170370000	159680000	323010000
Q9D5J6	30183000	0	0
F6R9J2	547950000	484190000	722550000
Q14C00	0	106000000	65546000
Q922R7	3747800000	3128100000	2945300000
Q9JKZ2	260870000	312450000	524940000
Q4FK28	537230000	671690000	1219900000
A0A286YE37	177120000	243260000	261260000
P27545	769560000	574800000	730030000
Q9Z2M6	55629000	117920000	148160000
Q99LE7	518220000	513230000	368410000
Q3TW27	895030000	841390000	1198600000
Q3URP7	85822000	68118000	80682000
Q8C4L4	160920000	125100000	84372000
A0A1B0GST7	175240000	247470000	304170000
A0A494BAP2	165070000	194140000	125030000
Q8CA06	35608000	6518300	2768300
Z4YK18	124660000	161440000	183140000
P47746	236910000	179290000	221300000
Q8BRI7	527390000	676800000	475800000
Q811Q9	1491900000	1016800000	1107700000
Q8BG92	297870000	369940000	323470000
Q6PGG6	994200000	858040000	1417500000
Q8BYK2	219160000	105640000	239120000
Q8CFP6	96655000	0	0
O08585	564660000	610020000	748710000
A0A1Y7VJY7	0	0	0
P59708	197410000	149360000	72271000
Q8K194	167440000	45836000	175330000
D6RI74	83573000	89800000	154360000
Q8BRX2	225830000	125790000	124210000
O88705	111260000	96318000	112340000
Q3V3H6	546920000	551140000	92853000
Q5SP85	264960000	167160000	251360000
Q3UZ63	379400000	243780000	308940000
Q8C4A2	287700000	305490000	362140000
Q8R555	107990000	95727000	226140000
A0A7N9VSZ1	65872000	17716000	0
Q3UGX3	42352000	0	83817000
Q9ER49	2060700000	2552600000	2721200000
A0A0G2JE17	146620000	187400000	172220000
Q9D8Z6	67028000	93464000	0
Q9R118	0	44855000	75498000
A0A0U1RNT0	259850000	304530000	308140000
Q91YR9	212250000	373820000	251490000
A0A2I3BS07	504830000	516970000	910020000
Q3TQJ1	0	0	131060000
B2RWJ3	0	0	0
Q8BWW9	220240000	264210000	338850000
Q6GQV9	2417300000	2184800000	2666100000
Q80Z28	241910000	173250000	166970000
Q91Z33	786010000	713850000	370040000
Q8C0Y0	161550000	145560000	145800000
Q7M729	0	0	0
Q80XC2	145250000	219580000	199680000
Q8R1K9	515040000	491760000	633960000
Q8K004	220700000	118420000	216900000
A2I833	365990000	486000000	744640000
Q8C7G6	2071500000	1536300000	2536300000
Q3TAM4	0	0	0
Q9CXX9	252190000	170260000	227860000
Q3UZD4	289910000	267760000	239020000
P05555	55826000	63981000	24129000
J3QPT8	203570000	212920000	213550000
Q8CHK3	202250000	216360000	260660000
Q8R1R3	182660000	162730000	159080000
F7D0T1	0	0	0
Q9CY16	299390000	293060000	253410000
Q8BUY5	341290000	446720000	353850000
Q8R3V5	243660000	190100000	201420000
Q99LT0	149360000	196460000	447100000
Q3TZP5	2257300000	2316900000	2500600000
Q9QXW2	124560000	102200000	139470000
Q8C3C5	1117500000	898020000	988420000
Q9CR56	608570000	760670000	2248800000
Q99LI5	238290000	234950000	259750000
Q80Y83	327740000	314950000	346720000
V9GX00	112160000	10604000	66149000
Q542U7	616560000	655190000	617100000
F6XNR8	441650000	549680000	422270000
Q8BSB5	575310000	657600000	282070000
Q8BWJ3	287150000	217700000	47287000
Q8BJZ0	537300000	330050000	392250000
Q9Z160	694460000	644790000	485730000
Q9D6T3	300060000	367530000	252520000
A0A0J9YV73	668170000	376730000	602720000
A0A0G2JFS2	277450000	171090000	162960000
Q8BGE2	96306000	196750000	257760000
E9Q5K9	482810000	427690000	637670000
Q80U12	160770000	102020000	195970000
Q921M0	349000000	477770000	556340000
D3Z1J5	50227000	102360000	44716000
Q9CVY4	264300000	301210000	318960000
Q8BWC1	0	0	0
P22935	315020000	410590000	384670000
Q3TZG0	659890000	632630000	511720000
Q8BYD1	135490000	89087000	131170000
Q9D4C4	306700000	481070000	338370000
Q7TPD2	0	119880000	71115000
Q543D7	97301000	40507000	45117000
F6VMP2	34184000	0	108810000
Q8R242	0	0	24179000
A0A0U1RQ20	13793000	13967000	14675000
A2AP88	50179000	156200000	163550000
A2ALI5	0	0	0
Q8BQT4	895990000	654620000	764000000
E3VX18	2387200000	1639600000	1767300000
Q8BR32	238480000	456390000	507360000
Q3TVC3	675760000	498670000	421740000
Q3UN16	122020000	76591000	186810000
H3BKM2	337710000	524250000	484660000
Q9D6U7	327730000	153710000	192150000
A0A2R8W6X3	0	44402000	59261000
Q3UH28	1525100000	1136000000	1570800000
Q3TNR8	279270000	203160000	298760000
Q14DT0	0	27615000	0
E9Q6T9	308360000	354690000	135480000
Q8C295	421470000	675870000	651350000
P52432	715900000	852070000	1034300000
Q3TNQ6	877470000	354540000	554550000
Q6DVA0	266260000	322980000	472190000
Q9R088	185200000	195970000	317690000
Q9CPV3	207680000	181120000	243500000
Q9CPR7	257460000	135980000	224290000
Q8BYR1	355890000	485840000	458680000
Q6ZPP6	391610000	585790000	631060000
Q8BSN6	710120000	669970000	189490000
Q3TAA7	11727000	105650000	102470000
D6REG2	416710000	360450000	206190000
F6SGT4	808320000	696810000	609020000
Q80Z38	0	0	0
Q9CVG6	2056600000	1599400000	1575100000
Q99NH2	96948000	189850000	381950000
Q3UBK0	0	0	0
Q3T995	534650000	577800000	574160000
Q8CI70	425690000	313330000	322420000
P20263	0	0	0
Q9CWF6	95826000	79067000	146840000
Q8K199	56564000	75519000	78546000
Q3UHF7	238110000	338880000	417290000
Q8VDV7	573970000	568930000	522300000
Q9D1C3	119900000	188950000	0
F6VDD7	300210000	291390000	204790000
F6RF61	416890000	292250000	496190000
Q99J74	1489800000	1138700000	1578600000
P60882	264060000	246400000	273170000
Q8BZR4	425120000	544370000	493250000
Q9Z2G9	0	0	45342000
E9Q9K1	0	0	131110000
Q9D6F3	666780000	612750000	835620000
Q64332	0	0	0
Q5PR04	19565000	18275000	17211000
Q80YE7	4218300000	3461700000	3161800000
Q8BS39	0	0	0
Q80TT7	278290000	183420000	330520000
P23475	490310000	577150000	431920000
Q3V2C5	142900000	219540000	113670000
Q8BHZ4	102170000	111130000	120470000
Q8BH97	157000000	244310000	297230000
Q80ZX8	0	0	0
Q8VCK0	148430000	161800000	177620000
Q8R214	1061800000	860560000	1016700000
Q8CBU8	1834900000	1464200000	2110100000
G3UZ98	2607000000	2197600000	3290900000
Q8BXA5	945210000	950010000	421390000
Q3UUJ6	0	0	0
Q9WTS2	919000000	642320000	949240000
Q61103	355630000	297870000	75168000
Q8BU87	0	0	41837000
Q9D958	1165300000	778620000	947430000
Q3UX22	0	0	0
Q9CZV8	272590000	292020000	392700000
Q9CYN8	206820000	151300000	218480000
Q3TKI8	358750000	390210000	295970000
Q8BZX4	600810000	729550000	1218300000
Q9CQS2	551710000	545190000	451760000
Q6PFV6	6263800000	5554200000	5033800000
F6RN19	81108000	83514000	106760000
Q0VGS1	989440000	981680000	901670000
A0A286YEE4	591030000	594350000	499570000
Q6JWR1	129910000	147740000	82895000
Q8C031	160090000	151870000	469440000
Q9D6K7	360500000	251810000	104190000
Q9D6J9	241210000	218180000	145450000
A0A654IEJ3	0	0	0
Q8BYK5	0	0	0
Q3TD87	49346000	73976000	58576000
Q8R4Z5	329680000	178680000	370570000
Q8BXA0	204290000	175400000	192250000
Q8CHD5	1178000000	841170000	707180000
F2Z407	95195000	59130000	0
Q6S5J6	272660000	269800000	307260000
J3QN26	52128000	24376000	72974000
G3UX45	217360000	226580000	200680000
D3Z7D5	0	0	0
Q711T1	546930000	629870000	464000000
Q14AX0	57506000	0	0
Q501J7	410810000	417040000	441050000
Q8R088	440710000	363250000	714350000
Q9D938	141750000	72020000	66794000
Q8VC31	151410000	164220000	96016000
Q80W45	0	0	105280000
Q9JMB0	511940000	245930000	468150000
Q62120	1567000000	2632700000	2532100000
Q8R1J9	422620000	456760000	275980000
Q3U7U0	45395000	177000000	159510000
Q91Z92	526210000	389280000	885070000
Q8BJK8	0	12549000	6546800
A0A0A6YWX8	287570000	310020000	231790000
E0CYX8	131130000	88985000	75091000
Q6PDG8	184310000	155450000	210990000
Q3TY86	0	0	0
Q6ZWQ7	142370000	530010000	486060000
G3UWN0	159220000	256280000	388310000
Q8CAV5	39448000	20704000	76878000
A0A494BAJ9	923590000	843270000	1006000000
Q8C9Q9	2751700000	3046100000	3148100000
A0AAQ4VMT4	302650000	418300000	441630000
Q6RI63	303540000	247280000	340850000
Q9ES70	173920000	194550000	218450000
V9GX90	24162000	29787000	27940000
Q9CRA9	368100000	310240000	598230000
Q9D483	287450000	269830000	371800000
Q3V188	0	0	0
Q9DBI3	327040000	264110000	423190000
Q06BK5	387950000	288590000	509080000
V9GXP1	500530000	606440000	208900000
B1AZA7	0	48642000	34489000
Q9DB43	951370000	1671400000	1159200000
Q8CGI1	544180000	544370000	857970000
Q99J56	298740000	154130000	207190000
D3Z258	0	0	0
Q9EQX4	298740000	0	112170000
Q8C5A5	155690000	148260000	109720000
Q8BHG9	667870000	603230000	564910000
A2AFJ4	287370000	312910000	199300000
Q8BME9	0	0	0
F8WIP1	120730000	138190000	223090000
Q9D046	528870000	83609000	413630000
Q9EST4	2171700000	1575300000	2836000000
Q8R3U8	383290000	333200000	203120000
Q9EPB5	0	47592000	0
Q3UPW6	101050000	161380000	197240000
Q0VDW9	71053000	37533000	31391000
Q569Y3	202310000	312110000	254140000
A0A1D5RMJ9	93493000	294570000	352830000
Q4VAA7	0	6281300	0
F6WIM8	28126000	8133300	160220000
Q920A7	624940000	581970000	750160000
Q3TR38	204340000	183800000	89133000
P97789	2363000000	1836500000	1930500000
E9QK83	886810000	1190100000	1027000000
P58269	208450000	183230000	137190000
Q923S9	213290000	276360000	249430000
Q9CXY7	137210000	164400000	105630000
Q6PB70	463320000	534270000	780800000
Q8BJT4	1264000000	1029100000	893240000
Q8C2Y2	319550000	244810000	300430000
Q544V2	0	0	0
A0A2U3TZF4	137050000	112760000	40490000
Q9QZW0	402550000	565470000	516940000
A0A0A6YWL7	0	0	0
Q3TS81	107240000	68193000	175420000
A2AW15	151890000	158280000	119660000
Q9CWN7	507280000	446720000	535300000
A0A1D5RLJ8	532330000	300780000	370870000
Q8BG15	208810000	164920000	176560000
Q8C3R1	264070000	462090000	613180000
Q9CZ19	0	0	0
Q80TL9	1560300000	1380800000	1836000000
Q6DFV5	423990000	501550000	446530000
P28653	103420000	97761000	81802000
Q9D632	0	20823000	25958000
Q3TMX7	657640000	800630000	520650000
Q91X22	0	0	0
Q8BTG7	0	162790000	165930000
D6RJ48	126310000	158120000	80071000
F7B0S9	44725000	0	34605000
Q7TPN9	43317000	97098000	61915000
Q3TVJ9	0	0	0
Q99KG2	0	0	52361000
Q8VHV1	0	0	8608900
Q8VDP3	689030000	674340000	729940000
Q9DB96	224640000	355580000	361830000
P06684	238500000	428870000	677990000
P12657	0	0	0
Q4FJR0	510390000	361710000	386080000
Q69ZL1	0	0	0
P63147	617150000	474790000	439410000
P11930	0	0	0
A0A0J9YUR4	265440000	382160000	460360000
Q8CCM0	0	0	0
F6TAL7	908550000	704810000	343100000
E9PYU4	3100800000	2963500000	2458900000
Q9QXL8	381540000	168690000	194690000
E9Q754	194030000	177010000	188270000
A0A494BA96	221630000	239410000	179380000
Q3V260	0	0	0
Q497U9	107190000	149030000	267200000
A0A3B2W829	927850000	1156400000	1262500000
Q2WF71	176720000	191700000	136110000
F6TBE5	160050000	151050000	283920000
Q8BU04	185350000	179250000	120720000
Q8BTS9	4189300000	3376400000	4640400000
Q8BJG7	324930000	439200000	222590000
D3YXP9	905930000	868680000	1236400000
Q80UQ3	677640000	442370000	668750000
O70622	184870000	228420000	425560000
I6L9G0	347180000	253800000	392880000
O89083	1301100000	1452000000	924130000
A0A494BB58	618750000	625500000	719820000
Q8BZJ4	72586000	113000000	68161000
P83877	657880000	1298700000	1224900000
Q5RKR3	1532400000	1330900000	2238800000
Q8BYK4	0	126340000	155930000
A0A1W2P8E2	827750000	690000000	812880000
Q3UXJ8	807810000	986880000	1017300000
F6TIK3	1889400000	1452400000	1705600000
Q8VC21	66699000	0	0
F7BE32	163540000	180140000	213500000
B3DFI8	0	0	16162000
A0A2R8W6G1	757250000	541840000	597150000
Q059T5	351110000	444580000	446010000
O88974	591100000	721750000	465780000
Q9D8K4	451590000	455810000	319470000
Q9EPQ7	58197000	0	0
Q80T90	82590000	217600000	190430000
Q3TLQ4	166740000	260990000	183830000
Q9CYA0	729460000	806310000	391360000
Q3UN90	47539000	68855000	48927000
Q8CDJ3	0	0	0
Q80X95	235990000	137250000	181560000
G3UW79	163930000	182660000	87057000
A2AMG5	52997000	44340000	82115000
Q6P5D3	7763800000	8215200000	8015300000
Q7TN99	161480000	0	0
F7AAC3	6056900000	5177600000	8212100000
F6TGV1	200050000	236310000	259650000
A2AGK3	0	0	0
D3YVJ8	122920000	128470000	148900000
P31361	1675300000	1458700000	2488000000
Q9R0E2	115490000	146550000	123130000
Q9D1P2	367550000	345990000	183030000
H3BLF5	573040000	442550000	751440000
P0DJE0	0	6072400	21030000
Q62158	654200000	550750000	713400000
B9EKL6	317130000	222890000	180480000
Q8BNM3	845820000	792190000	651800000
Q9CQQ8	680760000	657390000	274960000
E9Q5C9	851020000	1090200000	1050200000
Q00623	0	0	0
Q3TLU8	593270000	422090000	756570000
H3BLB4	42343000	32536000	77533000
Q80YV0	743500000	626620000	647970000
O08580	113530000	111010000	120900000
Q9Z2G1	117080000	99848000	184870000
O88983	808720000	1173300000	1268100000
D3Z2D8	90929000	107540000	100480000
Q6ZQ80	101820000	146410000	77293000
Q9QZA0	0	0	0
Q3UX90	0	0	0
Q8C036	286930000	298600000	243920000
Q2TFN8	249800000	273190000	301460000
Q8BRP0	252700000	254370000	347710000
O70496	89179000	185940000	61292000
Q08091	11730000	5492400	0
Q3U3E2	586100000	456060000	424280000
A0A2I3BPY2	0	0	0
Q61458	775490000	694010000	1072100000
Q3TRW5	680110000	480250000	557770000
Q9CQE2	391610000	399750000	323890000
Q8C3P5	138230000	112310000	105010000
Q2EMV9	522240000	519430000	1964600000
Q99KV5	2124000000	2078400000	3148900000
D3Z3Z8	151400000	183190000	205380000
Q9CTY6	1595200000	1248800000	1856300000
A0A3B2W417	351840000	579400000	490810000
Q8C9B9	926750000	885550000	703720000
P27641	570800000	465310000	652330000
Q8QZS2	2157400000	2056500000	1979800000
E9QN38	0	0	0
G3X9W4	369150000	372150000	319880000
Q9ESJ0	162050000	233220000	205390000
Q8C103	631720000	598030000	594880000
Q9WTX8	386560000	420550000	572340000
P47743	0	0	0
Q3U3V2	145010000	170270000	229550000
Q91ZE0	109440000	151400000	139540000
P09926	308520000	389980000	317980000
D3Z2D8	657790000	254440000	644930000
O08526	106890000	210850000	178440000
Q5U5M8	61556000	63029000	66944000
Q8C9L0	28647000	19364000	28833000
Q3TQR8	346920000	313140000	360030000
D3YV69	129310000	192890000	197760000
Q8C2N7	0	0	0
Q8C7J6	0	72162000	33976000
Q3UXH3	1228800000	1203500000	962580000
Q8VH36	116650000	140260000	108190000
Q6P8J2	0	0	0
Q91VU7	405460000	355080000	463860000
F6QUA9	57389000	106690000	109330000
Q8VH37	265690000	254920000	334510000
Q9D1I6	335100000	362620000	444800000
Q3UHC0	714800000	804800000	1244400000
Q3UQV3	0	0	0
Q7TPM9	32203000	76253000	0
Q78P92	998730000	676590000	683820000
Q3TJ23	0	0	0
Q3UYI4	0	0	0
A0A2R8VHM9	1257900000	943390000	746040000
Q922E6	285150000	204980000	179330000
Q9D0P8	440410000	380410000	620520000
Q9CQN3	527820000	349530000	45182000
Q9D4J1	0	0	0
Q8VCN8	6506700000	7695600000	6843400000
Q3TRN4	3285700000	2350700000	2529400000
Q91XL3	71653000	85343000	68065000
Q62440	368590000	216090000	560020000
Q7M6Z0	239390000	219020000	165760000
Q8CED1	225400000	157180000	260300000
P16406	0	0	0
Q8CAH4	562750000	327510000	521990000
Q8C9M9	425150000	440450000	434960000
Q9JHG0	0	0	0
Q3ZB59	409360000	398640000	621430000
Q9CZP0	0	0	37142000
A2AUM2	436880000	496140000	742810000
Q8CFL4	94422000	80806000	0
A0A0A6YWP3	0	0	0
Q6IQX7	247430000	189780000	124390000
Q6QD59	256130000	284400000	393340000
Q8BPA8	126950000	165790000	238720000
Q8CD64	0	0	0
Q9Z0M3	38826000	30316000	28697000
Q9Z2E1	107060000	131050000	267840000
A8IP73	265060000	157650000	192410000
A8Y5P2	61450000	196770000	146980000
Q9CRI3	1081100000	1200500000	1143800000
P70279	0	85561000	109630000
Q5SSW2	4549400000	4090500000	3590200000
Q3TU52	166950000	199570000	190050000
Q8BTR5	0	0	0
Q6PAC3	431950000	437500000	594840000
A0A087WSC4	478080000	547400000	489420000
F6YLH2	0	0	0
Q8C736	0	2688600	1437900
Q8CD19	268200000	246030000	179410000
Q8BJ14	310380000	225840000	233720000
Q9CW82	164010000	201250000	271030000
Q3URT4	0	0	0
Q549X4	0	0	0
Q8K4A0	276500000	160240000	205600000
Q91XX4	114340000	126320000	124840000
Q8R2M2	1070100000	890300000	1186000000
Q3U1I8	45650000	35376000	59705000
Q9Z120	213890000	335640000	340790000
A0A338P6C2	65297000	130170000	83224000
Q4FJL9	0	11728000	0
E9QP09	313550000	396130000	324800000
Q9CQJ2	270640000	374010000	271660000
A0A0G2JEH4	194650000	228160000	250380000
Q8VCV1	869450000	889870000	1047400000
Q8CD57	117690000	183910000	132870000
E9Q1Y4	0	0	48541000
Q9ER41	156350000	148070000	177220000
Q9CR11	468510000	374160000	233670000
Q8BTU1	480150000	540810000	525090000
Q99J27	145330000	219250000	318840000
Q8C7V3	1145000000	1169700000	1124900000
O35730	468750000	501730000	176780000
D6RDT2	850550000	743360000	786020000
Q8K2I1	170110000	193010000	151080000
Q3UWJ8	118600000	86229000	116200000
Q8K3I9	349950000	292740000	336170000
Q8CIZ8	0	0	0
Q3V419	65850000	100530000	292360000
Q9WU56	635450000	358040000	346270000
Q9DBU6	449380000	243240000	384350000
Q6NSQ9	51572000	72497000	0
Q3TTC5	239370000	236900000	219110000
Q3T983	14091000	52662000	16934000
Q3UY15	89380000	139090000	183740000
Q9JMJ7	730580000	383050000	469610000
Q8CBG0	1674600000	1290200000	1567600000
Q9D9K3	56525000	53841000	0
Q8VHG2	168860000	483860000	202120000
Q9CPT5	644720000	798310000	416350000
Q05C12	2054500000	1669100000	1858300000
Q3U2B2	223340000	339610000	374210000
Q8BRJ3	0	0	0
Q9D2V8	84723000	110410000	115050000
Q8CC86	0	87320000	93657000
Q9JIH2	415240000	567660000	476410000
Q3V2W1	340010000	164240000	199900000
Q8BLH7	239410000	272530000	263730000
Q8BP78	130590000	96018000	220250000
Q3TJN5	814220000	638910000	1046200000
Q3USH5	541380000	355320000	418880000
Q3UWT7	204460000	17904000	20977000
Q9QYK7	96945000	0	0
Q569V4	2654900000	2098300000	2378300000
Q8C028	0	0	0
Q91Z96	17633000	27420000	0
Q9D0I6	0	103590000	0
Q9CYU9	232590000	269930000	327100000
Q8VCZ6	276630000	234940000	217820000
F6YIT4	278410000	298620000	406860000
Q8BG58	109480000	81146000	78743000
Q811C2	47327000	61336000	88195000
Q9ERN0	504210000	352320000	629480000
A0A0U1RQ29	2044600000	2003500000	2125700000
Q9CQE6	887430000	240210000	1356100000
Q3UYP0	65939000	173600000	278690000
Q3TJT6	104270000	0	116940000
Q60953	64596000	60565000	77897000
Q6PDN0	120920000	86622000	86542000
Q8CHZ3	154680000	181050000	149900000
Q9CRE0	219870000	210080000	266270000
D3Z2L1	556550000	547440000	372250000
Q3UWY6	1595700000	1787500000	2377500000
Q6PFX2	0	0	0
Q9JJZ4	192560000	229630000	167820000
P59470	177290000	161560000	203120000
Q8C739	89582000	130200000	141550000
A0A1L1SQ47	281950000	525470000	412390000
Q91W18	725720000	535670000	793920000
Q4FK56	0	0	0
Q9D6I9	0	0	0
A0A0R4J139	0	0	0
Q3TEP1	324100000	550780000	758960000
Q8BTG7	441580000	288580000	1019500000
Q9CQV7	131990000	104310000	82803000
Q8CG95	495790000	613760000	519450000
Q80VF9	156780000	191880000	479570000
Q8BJU9	318320000	332380000	218610000
Q9D903	550940000	481710000	380890000
Q61624	895590000	739040000	436530000
Q9CT91	481190000	539250000	414740000
E9Q9D5	460550000	384660000	336790000
Q9DBG9	816340000	868560000	1389200000
Q07409	62595000	64549000	311340000
Q9Z255	219680000	130010000	0
Q8C3Q9	92703000	66672000	66228000
J7NUP1	412660000	299270000	524890000
P50608	0	0	0
Q5SWN9	99750000	141820000	104790000
Q8C5Q1	324840000	248400000	248450000
Q9JJN6	163190000	133790000	232340000
Q6ZWZ2	439700000	339000000	416360000
Q8C769	138370000	154920000	259690000
Q8K070	114400000	109140000	115960000
Q9JM93	84617000	55156000	91895000
Q7TNE1	62120000	0	102230000
Q8CAF4	74795000	91618000	76472000
A0A286YEA1	106630000	96194000	102450000
B7ZNG9	0	0	0
A0A1B0GSB1	4580100000	4559900000	4796600000
Q921I1	81800000	150600000	88306000
Q8BXG3	175470000	113720000	192490000
Q8BK77	153180000	204050000	113600000
Q8K0N1	275900000	309990000	348010000
Q8CE33	310550000	285170000	426170000
Q80W49	0	0	0
Q8CIB6	0	0	0
A2BI31	0	0	0
F6RXX6	180450000	236030000	206090000
Q8CC52	843820000	804420000	890590000
Q3TMM0	106320000	86262000	61896000
Q3TPJ6	613840000	515620000	511780000
Q6P0X7	630910000	315200000	408030000
Q5SVQ0	362210000	339040000	369190000
Q0VB97	97046000	230740000	76125000
Q9WTR6	0	0	0
Q3UZW2	0	0	0
Q8BHK1	0	0	68551000
D3YWD6	70070000	58395000	56164000
F2Z3X1	97971000	0	145830000
A0A0A6YWQ7	241030000	268200000	219390000
Q9Z306	0	0	0
A0A0G2JGY5	3038800000	2974600000	3447700000
Q9JKP5	30976000	0	47217000
Q8C3N3	189760000	161160000	158120000
Q6ZQH0	1099700000	1557800000	1647100000
Q9R0Z9	106940000	56694000	83892000
Q9D428	95003000	86365000	144760000
Q923C1	168510000	427450000	167080000
Q80V03	127300000	91382000	164140000
Q9D2V5	138740000	147180000	264810000
Q921Q6	0	0	0
Q5NCE8	0	0	0
Q8K297	732360000	793950000	801590000
Q3TMP1	800570000	769690000	700160000
B1AX06	466150000	525440000	427410000
Q9ERQ3	516800000	795950000	785960000
Q8C0K5	63757000	82968000	98773000
Q9CVR9	128450000	125790000	75028000
Q8C2L6	28899000	120800000	134000000
Q3TCN5	195990000	112710000	183920000
Q5SXA9	701970000	927160000	1085100000
Q8K223	404270000	339200000	525210000
Q99LU0	769790000	454250000	414610000
Q8C1E7	325780000	620310000	237570000
Q3TTH0	496330000	397050000	974330000
E9PW03	307220000	367220000	301150000
Q8K1B2	145270000	78782000	139610000
Q9ERM4	345630000	459820000	532710000
Q1XG81	81855000	116020000	55083000
Q14BV6	125650000	211900000	213960000
A0A1L1ST25	278400000	355180000	295160000
Q8CAR2	143630000	163800000	176030000
Q9CYC6	416200000	280600000	517340000
B2RTJ2	0	0	0
Q8VD72	242240000	225320000	169730000
P49769	683950000	581110000	888810000
Q6NZK8	46877000	55711000	84011000
F2Z431	663470000	567670000	806960000
Q3U0U7	5102100	69094000	38886000
O55102	96597000	70679000	32933000
Q811G0	253880000	295360000	287180000
E0CY18	103490000	86765000	86305000
Q6ZQ91	947820000	712810000	1154600000
Q8C4L7	0	0	0
Q9R0C8	287520000	347360000	468660000
Q8R3W5	171390000	103530000	193620000
Q9CXY1	35919000	80994000	81525000
Q9D2C2	1764500000	1610500000	1382000000
Q3U1N8	1361600000	1366400000	1234900000
F6W3Q8	615280000	666640000	1019600000
Q9D1A6	3844800000	5415400000	5764000000
Q5DU48	63703000	71790000	102400000
Z4YN41	0	59475000	0
Q7TMY4	383260000	329710000	402100000
Q8CFE3	385280000	465490000	632060000
Q3UES8	149830000	99505000	155640000
Q4PZA2	120410000	117190000	149410000
Q80ZU5	151470000	136810000	91773000
Q91VL8	357230000	309530000	379590000
D3Z7N4	283780000	237910000	151870000
Q8C871	30780000	68125000	44547000
Q3UIK4	88405000	124600000	68077000
Q9DCD5	22723000	15371000	0
G3UYN8	383850000	393100000	288960000
F6VQZ6	0	0	0
Q8BG93	95928000	88793000	72366000
Q9QUI3	330620000	280580000	317610000
Q8BTE4	250320000	218720000	202540000
V9GX65	930300000	851100000	967510000
Q91VC7	0	0	0
Q8C4C4	971210000	1374300000	1194000000
D0VYV7	816360000	1276000000	1170000000
Q3TSH3	116360000	173640000	181030000
Q04692	3497600000	3684400000	2165700000
F6ZFG8	67361000	153670000	94200000
Q3T9F4	45287000	44133000	71493000
Q91YY4	256400000	148720000	292200000
Q80YA9	0	0	0
Q80YD6	0	118770000	0
Q8BMY3	1003800000	907610000	1142700000
Q8CBT3	460490000	469470000	493360000
Q6KCD5	1067700000	998530000	1258600000
P70320	670450000	760160000	434270000
Q8BNA6	1573400000	2253500000	3043300000
Q64237	0	0	0
Q6A037	146040000	134040000	222460000
Q9EQM6	0	99615000	0
Q99LJ0	2283700000	1563000000	2002200000
O70403	0	0	0
Q78TU8	0	0	0
O89032	96493000	61448000	158840000
F2Z404	117910000	143530000	176070000
P59242	254360000	290680000	193850000
Q8BL41	181620000	122380000	125080000
Q6NT99	31198000	38778000	0
F6W8I0	0	0	0
Q8CFQ0	116610000	0	118050000
A2A9P8	92548000	88121000	81912000
Q80X37	58964000	53443000	58714000
Q8BVG8	95823000	58065000	140660000
A0A0J9YUP8	156710000	246900000	186810000
Q8C8T7	82535000	77182000	76720000
Q8JZM0	224970000	362430000	298820000
Q8BJL3	1190800000	809390000	1004800000
Q9EPA7	261120000	178880000	129070000
Q5U4B1	204850000	175460000	215840000
Q9CWU8	77944000	55509000	79272000
S4R1Z0	291410000	356840000	397560000
A0A2I3BRS6	250080000	212730000	293870000
P70261	324510000	573790000	571960000
Q91WJ0	0	0	0
Q8VHK1	78459000	87564000	0
A0A172Q399	0	0	0
Q3U234	178020000	130060000	102890000
A0A087WRI6	247180000	119860000	229430000
Q9DC40	159870000	187650000	184610000
A0A0J9YVB7	214740000	211770000	286420000
F7CBJ9	192770000	141900000	154060000
Q8VEG6	238250000	130860000	69440000
Q3U3R4	38130000	23320000	40999000
Q3T9H8	475410000	388880000	669520000
Q99JY4	61967000	84222000	75001000
Q9CQF6	112380000	101110000	118800000
Q8BHI4	146750000	84323000	93711000
H3BLJ6	482790000	476860000	498030000
E9Q109	501310000	495520000	748360000
Q8K1C4	54319000	62364000	0
Q9JIL5	147510000	138440000	140150000
Q3U2S4	107150000	98199000	151000000
Q80W37	50075000	40398000	53278000
Q6P6N5	113160000	107630000	170780000
D6RFP6	187150000	167000000	213700000
A7M7T5	39841000	76549000	0
Q3TU60	174270000	213820000	184460000
G3UY39	295090000	257830000	286430000
Q8VC88	41502000	77834000	0
P49070	364380000	313790000	383950000
Q9D5R5	0	0	0
Q8BSJ8	2029200000	1340800000	1449100000
Q8BHS8	508590000	247660000	293540000
Q8BH01	97967000	127200000	134290000
Q8C373	275510000	300950000	294550000
D3YTQ6	291530000	323670000	351930000
A2ALW2	0	0	0
A0A286YD31	92025000	0	0
D3Z0Q3	182460000	231710000	194790000
Q9D4V7	120060000	48443000	235670000
D3YVV4	62058000	45520000	84382000
Q8CHG0	284730000	242850000	328780000
D3Z4J6	329460000	341600000	166050000
G3BKF2	775830000	787690000	1084400000
A0A2I3BPS3	821930000	1095900000	955950000
A2AV19	496630000	543740000	620630000
Q8BXL7	122120000	147500000	138900000
Q6A051	843700000	632100000	1182200000
O88459	688600000	606310000	1416500000
Q91WI7	52252000	58076000	0
Q3ULL2	279010000	418460000	370860000
S4R2J8	17718000	66789000	22318000
Q62303	779540000	433060000	593190000
Q9D5Y1	26323000	61686000	75298000
E9QPR4	174750000	196520000	105940000
Q3UMX8	337600000	272040000	461200000
Q9D3N8	166580000	202730000	208810000
Q61809	152680000	206510000	399760000
Q9D1G2	468700000	398390000	400230000
Q3UJA1	833670000	926680000	1018200000
Q3TDV5	2013800000	1988700000	2715400000
Q6PCS8	70004000	47732000	66966000
B9EKC2	26766000	48147000	40150000
Q8R3B6	113870000	152660000	155310000
Q9D0I8	1168200000	987300000	1353800000
Q8BJK2	304100000	250210000	307000000
Q7TSZ8	332080000	353380000	350630000
Q8BGU2	0	0	0
Q8BSE0	0	63973000	0
Q2VPD3	0	0	0
Q3U2N8	20854000	17022000	17555000
Q8CEX3	1125200000	1158500000	1010800000
Q9JJB6	190410000	209800000	179880000
Q497H7	242890000	201770000	246310000
Q3UWU4	574010000	431690000	604270000
Q8CGF0	528640000	220870000	231090000
D3Z286	100620000	154220000	114750000
A2BGY5	117610000	109500000	147930000
Q9CQY1	313290000	224770000	247800000
F6ZE47	59860000	67086000	96224000
O35623	188240000	238750000	180890000
Q9JLC4	93804000	0	61535000
A0PJC2	1554100000	1429600000	1644500000
Q3UTH0	467000000	434080000	0
Q3TRC2	37924000	34138000	86759000
B2RQF4	265490000	398070000	289480000
Q9D0C4	200780000	125420000	149760000
Q61895	46148000	50337000	0
F7CVI0	148620000	152370000	131430000
Q5U4C7	560360000	712760000	1092000000
Q6NZL8	397440000	695820000	419080000
Q3TAP7	95775000	73494000	95518000
Q9CSF9	2284500000	2451900000	2501000000
Q80VC8	53896000	0	48037000
Q6P6Q1	0	0	0
A0A0J9YVC8	228340000	181980000	170370000
Q9Z123	88070000	101060000	68391000
V9GX25	478650000	363490000	427650000
A4FVD1	2573600000	2991400000	3319700000
F6VRB4	141500000	162460000	150020000
Q8BXT6	501030000	426320000	498570000
Q8CBY7	102640000	159570000	93198000
D3Z6I0	193910000	178090000	279880000
Q571J4	155660000	111990000	123130000
Q66T02	57920000	63744000	52474000
A2ATU0	175900000	293140000	206090000
Q91WM3	485170000	493090000	406720000
Q9DA03	0	0	0
Q3U3A3	325660000	235080000	269040000
Q8BZZ3	41926000	54526000	88914000
O70423	0	0	0
Q80XU8	90030000	59745000	107070000
Q8BGH5	327600000	354510000	559890000
Q6PER3	0	0	0
Q8BQS1	551970000	398670000	444580000
O88428	0	4913900	0
Q91YD6	0	0	0
Q3UFE4	203650000	225690000	366370000
Q05CA9	414350000	306700000	240310000
P29452	5599000	8366500	10037000
D6REI9	86025000	89034000	0
R4GML8	941010000	631560000	909000000
Q9WVL6	325590000	424350000	487880000
Q921T5	226690000	240390000	604240000
Q8BHJ6	25333000	37562000	0
A2A7A8	28130000	99096000	78607000
A1L351	0	0	0
Q8CD72	247690000	155970000	231290000
Q3TKL3	336380000	321980000	276650000
Q5U221	390360000	261250000	255410000
Q9CRZ6	157520000	185210000	223920000
Q9D6J4	0	0	0
E9Q672	42645000	80106000	0
P97303	1247000000	1102200000	979790000
Q8VI51	0	89127000	70596000
Q9DC22	263160000	195280000	307250000
A0A3B2WAX4	124900000	193900000	402630000
Q544T5	746920000	709120000	739330000
Q9D281	0	0	14633000
Q9WVF8	100680000	123270000	129020000
Q3V3C5	0	21132000	0
Q8BH65	180680000	151030000	149650000
Q8BGK5	1152400000	980650000	1579100000
Q99P30	0	0	0
Q8C214	242130000	244130000	328560000
Q3UX67	364110000	313080000	203730000
D6RIN1	567460000	777390000	1006700000
Q3V411	1213700000	628970000	860910000
Q80U38	99414000	89578000	156730000
Q9D6N1	0	0	0
A0A1B0GT82	165450000	87815000	68778000
Q8C3I8	1151400000	829180000	1065000000
E9Q3C1	0	0	0
Q9CXF6	101480000	115330000	146570000
P27005	0	0	0
Q5NCQ5	113830000	145860000	131970000
Q99K74	902420000	1174300000	872130000
B1AXP6	0	0	0
Q8R2L5	69503000	34813000	0
Q8C3P2	149500000	174580000	194990000
Q9CSM8	109560000	206400000	447220000
Q8R1Q9	0	26407000	0
A2AML9	2109000000	2372000000	1767700000
P16015	0	0	0
Q9DBR2	0	73757000	76643000
A2AC29	158340000	144840000	70085000
Q60647	102670000	104340000	107860000
O35126	155430000	123080000	138600000
Q3TUA9	253730000	308430000	239810000
P54116	100380000	117820000	187580000
Q14DH7	139680000	135640000	225720000
Q8CAM1	277770000	218330000	369410000
Q3TS14	97324000	98241000	144910000
Q9Z1R4	0	0	62734000
Q925L1	310090000	256500000	295630000
Q6PGG9	324980000	446170000	440650000
Q8R179	182630000	183090000	124350000
Q3UEC0	42134000	19571000	39852000
Q8CD10	489530000	381040000	698640000
Q8BLZ1	0	123010000	0
Q8C5F9	253440000	235260000	248150000
Q8CFP3	0	0	0
Q9D7Z3	250420000	161770000	562330000
Q9ERB5	0	0	0
Q8CC27	138810000	103310000	0
Q3UUZ3	479570000	754250000	679320000
Q91XE4	0	0	0
Q9CSB7	0	0	0
Q6ZPG3	768210000	482350000	407120000
Q08122	666600000	949110000	1116100000
Q3TQZ8	396090000	852970000	753260000
Q8CHG5	199970000	224970000	251730000
Q5XG68	615370000	578180000	525900000
Q9D8Z2	445620000	463420000	634670000
Q3V2H8	312650000	263000000	178190000
Q99KJ0	40918000	38059000	77380000
Q8R323	106690000	146880000	276890000
Q9D2I5	220970000	202550000	127240000
Q9DCC7	0	0	0
O08738	285560000	267090000	317310000
Q9Z224	65118000	36987000	71829000
A0A494BAV3	55993000	102250000	140690000
Q8C576	98885000	202230000	378560000
Q9CVE7	149220000	77646000	188050000
Q9WV95	0	10227000	0
A2RS47	113100000	34052000	95134000
P53798	3741400000	4880600000	4172100000
P52840	0	0	0
Q68V26	145400000	206830000	174930000
Q3UX43	95907000	85576000	92939000
F8WIJ8	93415000	93840000	73138000
Q80TS8	0	92412000	0
S4R1R2	569140000	385630000	767060000
Q7TNL9	0	0	0
A2A5W8	0	0	0
Q8BW14	0	0	0
Q9R049	317820000	252840000	298950000
Q9CTH5	0	18399000	0
Q80YR9	249090000	432890000	687080000
D3YZB5	0	0	0
Q8CD95	79809000	94327000	49186000
D3Z0Q9	0	0	0
Q9QY15	236360000	144700000	57916000
Q5DU30	1380800000	1197400000	1184800000
Q64339	368820000	257950000	213740000
Q3UR81	487190000	449530000	580400000
Q9WV38	0	0	0
D3Z2A4	0	0	0
Q8BV28	133730000	177550000	109060000
Q9WTP5	0	0	0
Q66JT5	186810000	344490000	312620000
B1B1D7	501830000	496550000	490500000
Q8CIT8	360470000	254830000	390380000
A0A2R8W6X5	106540000	175530000	113150000
Q9D1L5	161140000	104930000	192450000
Q60715	301160000	451350000	481250000
Q76JQ0	54196000	49857000	59662000
A0A384DV63	475580000	379260000	0
Q810B9	277900000	192150000	355220000
Q8BG30	251740000	239810000	251690000
Q9WVL1	81408000	86727000	110570000
Q8BM92	0	0	0
Q8BHC9	178140000	155590000	150780000
Q924X6	446560000	847760000	1237500000
Q8BPA4	1025400000	1091700000	1163200000
D3YY28	0	0	0
V9GXH6	112790000	94027000	231890000
Q9QZK7	0	0	0
Q8C8I3	216880000	254190000	307730000
Q9D1C9	382080000	403990000	235670000
V9GXJ9	120170000	161800000	58376000
Q61235	46981000	0	0
M0QWG1	391900000	337340000	345430000
Q3U405	427440000	488230000	379420000
Q9EQ61	990790000	1072100000	794900000
E9QAY1	138450000	123490000	141780000
Q4VBX1	67286000	61322000	64704000
Q6P9R5	165660000	236700000	278980000
A0A0U1RNK2	73306000	90362000	56138000
P97793	0	0	78420000
A0A217FL50	79528000	91909000	81441000
Q9DA18	0	0	0
Z4YML9	172300000	40799000	31499000
Q8BGB5	322980000	146580000	318740000
F6TUY8	627810000	738150000	1002300000
Q9CQE7	372530000	556710000	510860000
Q921J6	0	0	0
Q8CA63	657210000	437420000	767200000
Q99KP1	269720000	420150000	497410000
Q9JJH1	0	0	0
Q8QZU1	51766000	104240000	108090000
Q9CUH4	664230000	691080000	1100900000
Q3TLD5	398650000	293800000	447060000
Q543N4	841280000	923090000	1117700000
Q99JV5	176640000	129230000	356370000
Q6NXM3	109320000	113850000	129630000
Q544U7	0	0	0
Q8K2Z1	75287000	86076000	245980000
Q8R576	359420000	281610000	304690000
Q8VEF1	777610000	941230000	1146900000
Q9D6H7	113500000	90485000	178430000
G3UYU0	912210000	1116500000	1267900000
Q07646	902520000	949540000	214590000
Q9DCM7	30063000	44446000	16063000
Q9D9Z5	95217000	139900000	232120000
Q8BYQ8	71528000	75710000	141290000
Q99MY8	144530000	169420000	243720000
Q91XH7	225120000	171430000	174190000
Q8CFD4	147610000	63560000	114250000
A0A1D5RLH0	224010000	302550000	509190000
A0A240F9Y3	0	0	0
Q9QX66	318530000	224670000	153210000
Q8BTR9	294580000	359950000	277000000
Q922X9	971460000	789460000	438660000
Q920M5	0	0	0
P13346	0	0	0
A0A0J9YUT8	634340000	840260000	946530000
Q80XC3	135300000	137320000	105220000
Z4YM25	356120000	305810000	356590000
Q8BMY1	764490000	710590000	1005600000
Q9JLM9	0	87116000	0
Q8VCB1	318650000	481630000	582270000
Q7TPY0	112150000	66924000	110260000
Q8BHW1	1582400000	1968200000	1522500000
Q9D2E2	891480000	869200000	347420000
F6UDU9	0	0	0
Q63943	121930000	130980000	101400000
Q8R3V4	153170000	0	119490000
F6SPQ1	0	29597000	29115000
Q8VCK1	2223000000	1744100000	1142200000
Q3UDF0	0	0	35267000
O35654	300050000	364400000	466350000
Q3UG63	219670000	178220000	206850000
Q8BLT0	84044000	94690000	71883000
Q9WVP0	0	56523000	0
Q9CRK2	1066700000	1122500000	1592400000
Q3UV27	940580000	946920000	802730000
Q9JHZ2	152770000	143780000	120140000
Q91XB7	262190000	378910000	157020000
Q9CZV5	179220000	84986000	177150000
Q91V83	128510000	93456000	75733000
A0A087WQJ5	489980000	345640000	0
D3Z6L4	358000000	520780000	473320000
P58059	139970000	118810000	148880000
Q9CRL3	434700000	338340000	446410000
G3UZ70	203840000	256690000	201680000
Q8BGS3	575800000	398060000	563940000
Q8VD24	0	0	0
Q91YK0	228180000	162280000	240380000
Q9CR65	948410000	1125900000	1645600000
Q8BSC0	310430000	449750000	355190000
P97382	0	0	0
Q3UJ84	224600000	174690000	193280000
Q3UKQ9	467830000	417280000	369510000
Q8BJL1	597120000	697800000	1222500000
Q8C9C1	46888000	0	0
Q8BTT7	455700000	858820000	584550000
Q9CWR5	777250000	1212800000	875900000
Q9QYC7	36146000	0	33441000
Q5DTL2	365680000	273200000	324160000
Q8R5I6	114730000	111510000	77561000
Q3TEK1	621490000	596290000	489680000
Q8BX02	0	0	0
Q8BNJ3	172870000	172100000	240840000
Q0VDW5	306510000	177250000	318570000
Q5GH67	64205000	77637000	101200000
Q7TSI1	87728000	155220000	138370000
E9PVD3	546280000	519080000	617250000
A4FUW0	53061000	31660000	81823000
V9GXW1	157340000	186160000	87752000
E0CZ16	95974000	70103000	84860000
Q8BX85	422480000	438740000	324680000
A0A0U1RP38	690090000	685830000	381460000
A0A0U1RPR4	266990000	344440000	262860000
Q99LH9	29605000	56695000	31325000
Q924Z4	44048000	37963000	47699000
V9GXZ0	149870000	219950000	229380000
Q8CD92	390880000	409410000	357080000
Q9QWH1	333680000	456660000	386760000
B7ZNX0	567350000	371710000	527380000
F6V8R7	166220000	155690000	117790000
F6U9B9	0	0	0
Q3U102	0	0	0
Q9CX84	81710000	82490000	110090000
Q60902	179670000	218210000	187270000
Q8C9B6	1356100000	988240000	1530000000
Q9D7E3	105230000	97614000	130550000
D3YVE8	0	0	0
Q91X52	90567000	32854000	19237000
D3Z6P6	186660000	179310000	171380000
Q9QY40	30055000	13740000	21944000
A2RSY1	195430000	131400000	210860000
Q8BQZ5	146410000	175100000	165370000
Q6PI63	181900000	184470000	248710000
Q8CE46	65672000	104950000	120900000
Q9CX83	159730000	163790000	109290000
E9Q1P8	223020000	143790000	223690000
Q8R1N0	207500000	208400000	223900000
O88693	770460000	734310000	847940000
Q8BUH8	864630000	793880000	925470000
Q9R0X5	167870000	140510000	399860000
Q05CN3	0	0	0
Q8BPZ6	259160000	164650000	545860000
Q8BLS2	173820000	173120000	167830000
A0A1B0GSA7	397110000	366940000	398640000
Q64092	0	0	0
Q8VCD5	261650000	354190000	324620000
Q64466	0	0	0
Q80T80	96370000	64329000	117700000
Q8K150	49393000	82402000	69160000
Q9CSS4	125510000	215500000	348750000
Q8C0C0	184820000	97487000	110040000
Q3TWJ1	304440000	192710000	105550000
Q91X43	130070000	66235000	161420000
Q62470	231650000	304500000	172690000
Q9QXJ4	523380000	505800000	582380000
Q9JLC3	0	0	0
Z4YN06	150420000	230270000	121740000
P41233	56168000	41925000	33431000
Q9QXA7	229460000	150080000	192450000
Q545E8	326040000	391160000	343280000
Q3UHX0	694050000	640000000	404840000
Q9D5S8	245880000	315090000	287020000
Q8JZZ2	81782000	78603000	48497000
Q6NS57	213620000	158950000	366370000
Q3UZ81	0	0	0
Q6P395	33025000	23017000	81201000
Q8K3B1	514660000	612590000	271330000
Q8C5L7	498900000	588200000	609620000
Q8C5I2	231380000	239890000	321240000
Q9D836	0	0	0
E9Q6C8	74000000	85378000	141040000
Q5M8P0	26978000	56152000	52624000
Q5DQR4	0	0	0
D5MR13	92068000	55342000	104680000
Q6PD97	0	0	0
Q9ERS5	5197000	0	145090000
Q9WUA5	0	0	0
Q8BGC9	0	0	0
Q8R3K3	185380000	123220000	92479000
Q9QY06	272310000	261760000	316720000
D3Z3F0	0	0	0
Q9D0F6	657070000	950750000	880260000
Q6P6J0	86337000	0	0
Q8R149	263730000	0	337520000
Q8BTC2	1416600000	866490000	1072200000
Q8C7N0	0	0	0
P50427	460570000	213630000	357600000
D3YXK6	47357000	0	0
Q6S393	0	0	0
J3JS94	145840000	134140000	99287000
Q5U5V2	75110000	0	0
Q91V93	0	0	0
Q99KV3	20606000	12062000	6532600
Q8BTI3	255050000	396860000	361720000
Q5DTJ1	299000000	259970000	329760000
Q8VEB6	0	0	0
Q99LJ1	65838000	0	133000000
Q9QY01	0	0	86011000
Q9D0C5	99642000	105820000	117540000
Q3TRL6	29309000	168220000	187550000
Q3TUC6	139670000	152850000	117380000
Q3UYD2	326320000	245950000	201230000
Q8BT62	0	47254000	608180000
Q8K1N4	601880000	470450000	455250000
Q8K257	250290000	226170000	321080000
Q62393	0	0	0
Q8BUV8	283900000	287810000	347350000
Q91ZD4	7907900000	7365800000	6656700000
Q9D2Z4	0	96883000	0
Q9DCC1	1571800000	1157200000	1494600000
Q9CW07	0	0	0
A0A571BDU2	0	0	0
O09118	289330000	393920000	456590000
A0AB39TYR7	0	0	0
Q99LW6	88610000	73564000	90247000
Q6XUX1	128390000	0	97566000
Q8BZ35	182860000	207950000	207200000
P97346	132320000	132680000	190850000
A0A3B2WAN5	0	0	0
Q8BY63	442960000	509420000	606230000
Q3U592	1719900000	2305000000	1700800000
Q8R4S0	359360000	381620000	419230000
Q9CQA5	115100000	181110000	174840000
F6ZDT4	64539000	94134000	135490000
Q9CRA9	0	0	23525000
Q4KMN2	0	0	0
A2ALS7	0	0	0
Q3UW61	1897900000	1660500000	1053600000
A2AM56	0	0	77152000
A0A0A7EPH8	702590000	364530000	386830000
Q8C2Q2	163760000	137140000	219730000
Q7TSI4	445650000	357050000	562640000
Q8R187	548170000	649940000	641590000
Q9CYM8	47508000	89106000	103920000
Q923Q2	178610000	0	0
Q3UDG9	0	0	0
Q8BW22	837570000	686730000	618250000
Q7TNP2	745300000	902450000	1135200000
Q6IE26	0	0	0
E9Q6I6	0	41265000	104640000
H3BKW8	0	111280000	62964000
Q6P1E1	295170000	316830000	252640000
F6S062	544040000	814880000	784340000
Q99J62	456290000	503910000	895360000
B2RY18	0	0	0
Q9D7K2	0	0	0
Q8CCH2	20594000	19370000	32183000
A0A286YE05	172790000	164440000	76890000
Q9CXU1	112450000	172860000	0
Q9CS00	757140000	624300000	901630000
Q8K0S5	0	0	0
Q3T9Z7	6862500	33953000	25474000
A0A1L1SRL0	523930000	312350000	538930000
Q3TT49	43837000	87688000	57954000
Q91V01	222250000	255270000	288860000
Q64364	0	0	0
P97433	112440000	150260000	149080000
Q3TAS6	142840000	208880000	204110000
A0A1L1SU69	308690000	346820000	254640000
F6R782	0	37627000	0
P58929	158530000	122720000	239300000
Q3UYR9	188790000	206800000	356890000
D6RHS9	80286000	87954000	56365000
Q8VDC1	114390000	44161000	155190000
Q9CWR0	68467000	85630000	211650000
Q3ULV5	734070000	642350000	647990000
O35709	1313300000	1539000000	945740000
Q8BQE8	1061100000	1154800000	1211800000
Q8BHB4	1037800000	1040500000	1456100000
Q80ZU0	173920000	167030000	198790000
Q8CI96	77923000	0	103020000
Q8BQY7	181260000	243630000	206980000
Q0H9Q2	175330000	45435000	26286000
Q9DBM2	278950000	162350000	323750000
Q924H2	224830000	252940000	224950000
Q6PDY0	0	0	56288000
Q60607	89856000	129500000	92078000
Q8BGN5	0	0	0
A0A0A6YXU3	112720000	132990000	70687000
Q3V3Q0	103450000	211570000	109410000
Q8C7V6	559180000	503400000	537520000
P70196	113730000	155840000	114810000
Q9ER47	46368000	0	65606000
Q8VDG5	112410000	86260000	100540000
Q8CHY6	297710000	383110000	318830000
P48381	770210000	1000200000	1064100000
Q3UN20	82969000	50741000	49271000
A0A0U1RPQ4	109080000	69737000	111530000
Q9CR24	239080000	206090000	359370000
A0A0N4SVW9	1282300000	1387600000	812200000
Q3UY43	252600000	200600000	286130000
Q91XX9	138500000	115870000	207020000
Q71RY3	355470000	186800000	309170000
Q8BWW4	745120000	954950000	432900000
Q99PM3	18559000	46940000	90145000
Q921R8	32412000	28358000	73427000
Q8CCV2	76309000	85183000	134490000
Q8VI56	134160000	38156000	52104000
A0ABA7IXJ6	331800000	385600000	353070000
A0A2I3BPQ5	262260000	237200000	227870000
Q99LV9	137670000	106210000	134650000
Q7TN73	208900000	194780000	157640000
Q8R4I7	74450000	66140000	80417000
Q69ZI8	265100000	272470000	240520000
Q8K2Z8	0	0	0
Q6GQU6	0	0	0
D3Z7J7	330690000	428890000	350000000
P51949	159980000	74952000	108820000
Q3TX10	203960000	84150000	71672000
Q8CHT3	451780000	725820000	602490000
Q5NCR5	0	0	0
Q80VA4	103720000	88897000	125530000
Q80ZP7	0	0	0
Q61193	177600000	182540000	187940000
P0C605	0	0	0
D6RGB8	232880000	307300000	194400000
G3X8R1	108750000	107710000	177420000
Q149L6	24691000	42233000	45747000
Q9D2X5	207650000	282430000	426480000
Q8K089	521310000	785610000	574350000
Q7TMY7	785360000	542400000	618590000
Q09XV5	1552400000	1825700000	2324700000
Q62414	117190000	128770000	0
F6SGP4	648800000	644690000	1060400000
P33146	0	0	0
Q8CI11	523760000	500260000	687770000
A2AJW4	28508000	37917000	84354000
Q9CR88	365010000	330230000	377970000
A0A0N4SW87	22792000	57167000	28436000
Q9DBY8	1304500000	937880000	1038700000
Q400C8	2654500000	2898700000	1518600000
Q91Z40	94251000	40158000	57784000
Q8CJF7	2194300000	2036200000	2236300000
F7APE3	37112000	34800000	45745000
Q9DBT1	5650800	7124900	3838500
Q3UT15	300860000	496000000	564770000
Q3UHA3	339580000	216380000	453790000
Q8VCY7	0	0	0
Q8CCQ5	975900000	879930000	1012800000
Q99LJ6	312310000	248740000	232310000
F6YZL6	149270000	176500000	230360000
Q544L9	701820000	920090000	1185000000
Q3TRB7	196430000	225900000	166160000
Q9JIY2	232280000	241220000	291150000
Q2PZL6	8456200000	6735800000	10019000000
Q91VZ8	626870000	713180000	748000000
Q2TA57	19444000	15423000	54372000
A2AES1	1171000000	1394600000	1632800000
Q3UGQ4	200290000	278230000	531190000
Q69ZI1	193970000	189790000	253510000
Q3ULW8	36275000	124920000	31332000
Q3TV73	0	0	0
Q640N3	0	0	0
Q3TMV7	184580000	144600000	210270000
Q8C586	0	0	0
Q8BW98	961970000	990430000	1186800000
O70299	0	0	0
Q3UTH6	453070000	426280000	427800000
Q9CRP7	185920000	234830000	216300000
Q3TRD9	245930000	281080000	380100000
Q8VEJ1	47913000	78041000	53884000
Q9D7J9	0	20571000	15999000
Q6P9Y5	0	0	0
Q3UJK4	92465000	144730000	88715000
Q8CGH8	0	0	0
Q9Z0E6	12530000	10930000	116610000
Q8C165	0	0	0
Q04888	0	0	0
Q9CQP0	74765000	58025000	76903000
Q5PRF0	47835000	149330000	21865000
A2AJW5	0	0	0
Q7TMZ4	0	0	0
Q9QWI6	130690000	126590000	97052000
Q6PCZ4	407020000	344810000	502710000
A2ANU3	0	0	0
Q9D7N6	253750000	211290000	193160000
F6VYE2	1022900000	1094500000	1352700000
F6YBF3	126460000	83285000	159620000
Q80XN4	381740000	589060000	341390000
Q9D0K1	170460000	205240000	194770000
Q9Z210	194790000	151530000	151360000
Q9CSM7	1333800000	1275400000	1391600000
Q9DBK7	179860000	47345000	9442600
D3YZH4	273080000	190070000	152740000
Q3UYG9	717890000	791620000	812170000
A2AH22	121960000	146320000	182200000
Q14B80	0	0	0
Q7TNC6	357960000	243170000	352610000
Q8C5S1	0	0	0
Q3TIP1	71115000	69086000	68188000
A0A0U1RPX0	214760000	206260000	329540000
Q5FW83	96317000	90940000	138880000
Q8K4P0	468140000	371270000	247570000
Q05BA2	213480000	200290000	244370000
Q9D067	57990000	0	0
Q5SS80	1727600000	1433600000	1023700000
D6RGT6	128880000	98248000	228190000
Q91WP6	62085000	49699000	25438000
Q921V5	229370000	302100000	67541000
Q8R1H0	0	0	0
Q54AC6	92757000	70854000	70040000
O70230	190580000	123910000	185070000
Q8BP51	286680000	404330000	355750000
A4QPD3	56090000	35133000	50423000
Q8BL04	61607000	28649000	52777000
Q9QX20	0	0	0
Q8BSJ3	0	37212000	0
A2RSY6	1018200000	856040000	854430000
D6RJK5	0	0	0
A0A0G2JDQ2	164750000	228150000	211170000
Q3US75	161140000	188680000	179170000
Q80ZL9	209490000	152370000	312900000
Q8C797	0	0	0
D3YV77	0	0	0
Q91X61	277380000	336780000	409760000
Q6A074	0	0	0
Q9D658	111740000	145340000	71727000
Q9CZD5	202870000	276360000	262880000
Q9WU63	0	0	0
Q9D1R1	112080000	75821000	54995000
Q3UMR0	60445000	72282000	94795000
Q8CC25	212940000	175770000	260500000
Q61830	5672900	8180600	9822700
Q9ER65	116450000	168050000	97341000
P52875	243080000	202120000	229000000
P0C7N9	957350000	925780000	713230000
Q8C4F5	561400000	636280000	736400000
Q60982	44562000	0	84729000
O88559	419280000	394400000	398280000
Q8BJH7	249460000	248180000	290710000
Q9JJR9	0	0	0
Q9WUK6	4461100000	3940600000	2526200000
Q8CHQ0	33699000	42769000	29562000
Q91X84	13006000	0	15791000
Q60977	55095000	54098000	99764000
A0A087WRI9	1887200000	1464300000	1905400000
Q8BTE1	166770000	51942000	100050000
Q9DBT3	117090000	133500000	140520000
Q8BRV4	451570000	348420000	657130000
Q9D188	0	0	0
A2AJY7	0	0	0
Q9WVJ5	0	0	0
Q9CXV4	1176300000	1045600000	844580000
D3Z358	110110000	171540000	104630000
Q8CGJ0	57660000	59492000	56508000
Q3TZX8	735190000	957200000	801780000
Q8BI80	793030000	575410000	533750000
Q3UGI1	146560000	164980000	227120000
Q542I2	1411700000	1764200000	1618300000
F8WGT6	55031000	46944000	82010000
Q9Z1T2	0	0	0
Q8VDG7	73981000	140450000	115860000
J3QNE8	393610000	366050000	579490000
H7BX33	91127000	80087000	107710000
Q9CZQ8	39244000	42121000	37079000
Q8K3F6	0	0	0
Q9D1G3	0	0	0
Q99KI8	64285000	52617000	49795000
Q6IMP4	0	0	0
F7AFH2	0	0	0
V9GXT9	78719000	110930000	173170000
Q9CQ33	160090000	162110000	157780000
Q9D9A5	0	0	0
Q99LQ5	409140000	334130000	368590000
O35245	115340000	147950000	182900000
P14901	298840000	62935000	110330000
Q99JR8	100020000	17011000	56754000
Q8C9D5	6938400	6052400	5869100
Q8BYI6	0	9210000	2922800
Q8C5M7	30822000	68750000	93320000
Q6P1G0	891760000	950800000	1010200000
Q8BWY4	150720000	169000000	166630000
F2Z476	90781000	52397000	135220000
Q9JJC9	56467000	27428000	34600000
Q9CR47	107790000	94089000	87469000
Q8VC04	0	0	0
Q3TPC7	67525000	40944000	65296000
Q3TQ43	145620000	67302000	170540000
Q9CT56	3591700000	3360900000	3746500000
E9Q9A5	391750000	491540000	335620000
Q8VHN0	0	0	0
Q9D4G5	278070000	406840000	514700000
Q8CDU6	117890000	108030000	122030000
Q3TP99	6798400000	7999100000	5202900000
Q99LB6	65178000	0	123240000
B7ZNP0	2475400000	2009100000	3778100000
Q9D3X1	303660000	344810000	443780000
A0A3G0YW97	0	0	0
A0A0A6YVW0	242090000	209500000	276690000
Q8K083	174060000	156200000	193540000
Q53YK0	0	0	0
Q91WD1	127170000	157650000	156200000
Q8BY71	772990000	816800000	1159300000
Q5EBI7	137670000	134480000	123390000
Q7TSH6	216400000	200970000	165390000
G3XA46	9684900	17972000	52497000
Q542D6	701230000	573700000	620290000
Q7TMK6	253100000	254250000	132210000
Q05DE4	1581100000	1799900000	1461900000
P17141	151800000	201530000	242820000
O55240	0	108550000	127110000
Q8CFI2	100930000	107520000	91151000
Q5SQY2	57880000	56524000	27682000
Q9EQQ2	197700000	277390000	149920000
Q8BLY3	166140000	172220000	261830000
Q99JW1	103780000	79280000	107630000
Q499E5	113430000	91168000	88329000
Q8BKA2	49824000	74635000	0
F6Q2M4	443460000	311700000	305120000
Q8C6A8	1083700000	766980000	1406000000
Q64345	2269500	6775800	2834700
Q3TYN4	0	0	0
Q8C4L1	245680000	201870000	341370000
Q9R0Q4	212100000	233880000	107530000
Q9D0F4	451050000	353590000	469640000
Q99L90	220770000	97520000	169040000
Q9EP97	1684200000	1866800000	1840000000
O70209	0	0	0
Q9QZN1	65134000	58451000	98882000
Q543W5	0	0	49389000
E9Q8A6	23493000	0	14443000
Q3UUU0	0	0	0
D6RFB1	0	0	8522900
Q99N92	130470000	94871000	181250000
Q5NC05	0	175960000	206270000
S4R2S6	176370000	141740000	250900000
Q5MPP0	0	0	0
Q9D635	0	0	0
Q7TT45	51900000	166740000	35549000
A0A1W2P6J0	77242000	86412000	27972000
Q9JMA2	282090000	371150000	422760000
Q8VEJ4	326390000	462180000	497160000
Q9JJU6	36760000	32824000	30466000
P47968	406450000	362540000	319610000
Q6DFU5	71240000	53164000	40684000
Q9CQ25	73201000	39528000	85448000
Q6P5E6	333230000	295580000	243140000
Q9Z0H7	90029000	60763000	66112000
H3BK55	44488000	69234000	36723000
Q8R5K4	578730000	637130000	472640000
Q80WJ7	85497000	170080000	257160000
Q9CXU0	1094500000	822980000	1019500000
F6VNP0	313250000	233590000	213010000
Q9ERS4	54346000	0	88552000
Q9CX53	118800000	233130000	94345000
Q5NCU0	0	0	0
Q9Z1B5	376030000	547720000	562330000
A3KGS3	592550000	549370000	728990000
P51860	0	0	0
Q7TMJ9	45563000	0	45470000
F7C2Y9	169960000	144310000	227680000
Q3UU11	0	0	0
Q9D823	145980000	210240000	69937000
F6XZX4	0	73642000	73581000
F7CW61	0	22388000	0
Q8K2U2	78243000	79413000	50694000
P56389	0	0	0
Q8C569	413890000	386730000	689960000
Q9QZK2	0	0	0
A2A764	179750000	226820000	225600000
Q6GQT6	164090000	146220000	193690000
Q3TLR4	563520000	491870000	562360000
O35450	80220000	80563000	103370000
Q9JII1	83299000	84370000	204110000
Q8VDU0	107190000	262110000	282460000
Q8R169	0	0	0
Q9D162	106130000	90314000	92164000
A0A2I3BQC1	2172600000	1912400000	2028100000
Q3TS82	205360000	191530000	207060000
O88809	39264000000	37486000000	40765000000
Q3U2Y9	157810000	153840000	187780000
Q8R3A6	447860000	271070000	422420000
Q9CW47	0	0	0
C3VDJ0	43532000	70955000	24732000
D6RHQ6	189500000	151100000	110060000
Q99LG1	0	0	0
Q8C535	75328000	165880000	99153000
Q8VED2	0	0	0
Q8BUK3	0	37350000	0
A0A087WNU3	0	0	0
Q6ZPS2	0	0	0
Q3TPN8	1839600000	1032200000	1190800000
Q3UE17	744780000	780330000	1070900000
Q3U0V2	0	0	70385000
Q5SW28	0	0	0
Q91VI2	0	0	0
Q8C796	422890000	475600000	445520000
Q91X72	0	0	0
Q8BQ11	0	0	0
Q6NXH3	68229000	91107000	96592000
Q9JHK5	5034000	5911600	0
Q9CYH6	616760000	635020000	501510000
Q91YT2	33294000	26397000	29844000
A2A9Y7	98033000	80598000	83143000
Q99J45	151950000	132580000	131130000
Q8CBY1	123670000	77421000	212190000
D3Z7N1	61594000	56925000	129900000
P25233	176390000	210360000	188800000
Q62413	0	25139000	0
P0C6B7	0	0	0
Q6ZPR5	2649500000	2762800000	3231400000
Q91VJ1	0	0	0
P58544	0	0	0
Q05DE7	4386300000	3195500000	3486700000
Q62438	0	0	0
Q3UVJ3	377350000	826410000	468810000
S4R2K0	71859000	51827000	80641000
Q9CQA6	0	98357000	120570000
Q3TEC9	323850000	217020000	361050000
Q3U3W2	206680000	166690000	179990000
Q9D1R2	145770000	129400000	163500000
Q8R087	100970000	88089000	70234000
Q80T23	0	0	0
Q8C4S9	36643000	60702000	72331000
Q64369	4386800000	3612500000	4611300000
Q6A011	0	0	64449000
Q6PAT2	108080000	99940000	121320000
Q3UXF1	261580000	217490000	239200000
Q9QXE3	135510000	177650000	277400000
Q8K2A7	387090000	396660000	349100000
B8JJ72	0	0	0
Q3TRF8	0	0	0
Q8C8L2	47664000	68136000	88769000
Q921V6	0	0	0
Q5FW79	0	0	20678000
P51885	0	0	0
Q9CZ16	159220000	79039000	0
Q497F8	84711000	163990000	0
Q8QZY6	117280000	159540000	286080000
Q6PAL7	425700000	515800000	565050000
Q6NS65	0	0	0
B2RWY1	375420000	270660000	218540000
Q8BPZ5	480280000	551970000	423940000
Q99J34	57921000	0	92510000
Q8VE15	20239000	0	19524000
Q6RKD8	0	0	19148000
Q9JJT0	317720000	344460000	358140000
Q61025	0	65611000	33992000
Q60952	70064000	26754000	101050000
Q3U605	8611500	4220200	24795000
Q60991	0	152280000	80355000
Q78HU3	132630000	111610000	188870000
Q80V89	1080400000	1446700000	1186300000
Q8CIE4	0	0	0
Q8BUB4	57190000	110840000	64660000
Q504P2	67476000	35346000	0
A0A087WPN8	11674000	6200100	8301100
Q3TAY6	149500000	257070000	445200000
Q5SZ91	0	0	0
O08856	0	0	147810000
A0A1B0GRZ8	59183000	62125000	180050000
Q80U44	285990000	141740000	218280000
Q62006	874190000	672010000	1103000000
Q9D142	106030000	156170000	122760000
Q9D3U0	253670000	233810000	185160000
Q8CG03	52340000	55619000	0
Q8K339	313740000	223890000	195630000
Q60571	0	0	0
Q61818	426020000	406930000	375910000
A0A3B2WCM9	221250000	159640000	241940000
Q3V4C3	70763000	57195000	66357000
Q3TRP4	83741000	0	0
Q3UYI5	0	18578000	45735000
Q9CU34	38224000	45328000	0
B7ZP28	53707000	79929000	0
Q8CIG9	0	0	0
Q63ZV1	290530000	410590000	599700000
A1IH03	2097700000	1507500000	1862000000
Q05DV3	479600000	398670000	422060000
F6VRP8	19201000	25375000	60563000
Q9CWW7	388310000	400850000	244220000
P97479	69008000	107310000	119430000
Q3U717	0	0	0
P68500	95264000	109210000	78336000
Q9JK83	145300000	101170000	82168000
Q8VDN1	1430300000	935600000	1183800000
F6YN80	218740000	294020000	287400000
E9QN92	0	0	0
O70421	0	95881000	31251000
Q9CZJ9	0	0	0
Q9D136	418060000	424820000	663940000
P06880	0	0	0
Q9DBX1	0	0	0
Q8VIG3	0	0	0
Q8C1B3	399280000	289610000	331960000
Q8BTK5	49067000	0	37514000
F6UK33	0	0	0
Q9CWT3	118260000	132260000	139600000
Q922J9	498840000	636940000	441680000
Q9CPY6	111660000	109510000	172890000
G3UXN0	0	0	0
Q3TV65	116060000	473970000	288350000
Q8C5J2	103860000	77956000	91054000
Q9CZ52	73449000	56817000	140910000
F6RYA6	209010000	144950000	261150000
Q3UHI0	0	0	0
Q9CXD6	0	0	0
Q8K0Q5	39696000	43661000	100050000
Z4YLT1	154390000	166650000	105450000
A0A1W2P7J9	0	0	0
D3Z6S7	0	0	0
H3BJX5	509370000	550050000	717770000
Q0VBT6	0	0	0
Q05BQ9	0	0	0
Q91VN1	156170000	146910000	138190000
Q3TZQ3	0	36990000	16261000
A2AFQ7	135840000	94348000	118640000
B2RXA1	108390000	0	166650000
A0A087WRD2	185510000	185670000	70805000
Q53Z05	60845000	0	0
Q91XB0	0	0	77581000
Q91V08	0	0	0
Q91VS7	0	39830000	0
Q8CEX2	142840000	132690000	142920000
Q5DTS2	148220000	177190000	102250000
Q78WH7	0	0	0
Q8K0Q9	24685000	68644000	39752000
A0A0U1RPY9	177890000	246300000	88536000
Q9D835	0	0	0
Q9CYD1	0	0	0
Q3TQL9	1263200000	1136100000	1499700000
G3UZH1	101670000	108180000	92471000
Q3UZR0	242250000	131830000	212220000
Q542U4	0	0	0
Q9CTM5	0	37959000	0
A0A5F8MPX8	759530000	356550000	436710000
Q7TS76	121550000	63747000	91826000
Q8JZW8	0	0	0
Q6P5D4	89478000	95380000	103180000
Q6P9Q4	58530000	22762000	49235000
Q8R387	41710000	0	0
Q8C7U1	0	0	0
Q8VD12	130840000	129380000	111840000
A0A2I3BRB6	16046000	31576000	50858000
A0A2R8VKJ4	392140000	630700000	560050000
Q5RJG1	299870000	293550000	183880000
Q6P5P0	24628000	18150000	0
A0A286YDF1	0	0	35415000
Q6ZQA6	18293000000	16994000000	16453000000
Q8BIS4	0	0	0
Q5SSH8	35410000	64392000	92529000
A0A0U1RNG3	404660000	369570000	506160000
Q8K1X4	8440700	12523000	6870700
Q5I0X8	25717000	0	0
A2AI05	22094000	42740000	54592000
Q6A0C1	139360000	68395000	0
D6RCX0	0	0	0
D3YVA5	76584000	121300000	0
Q3UCF7	57659000	54182000	52241000
Q924U2	149720000	125420000	182920000
A8C756	791940000	855760000	802620000
Q14AE3	381180000	453690000	283950000
F7DB73	1547500000	1634000000	2026200000
Q9D4S3	83434000	92285000	100210000
Q9CWA8	0	0	0
Q8R103	2607900000	2101600000	515680000
Q8C6G8	0	0	0
Q8BSM9	0	0	0
Q3UZH8	653790000	540540000	973310000
Q8BIY0	347380000	304040000	402650000
Q9ER64	500360000	500910000	1205700000
Q68FH0	0	0	0
E9Q7R8	44249000	44303000	36061000
Q5SU72	272940000	380790000	292380000
Q3UKZ0	0	0	0
F6U6G6	136860000	142160000	134570000
Q8R0M3	382660000	679790000	708500000
Q3USM7	250790000	215780000	314940000
Q3UUE0	68239000	0	0
O08672	0	0	0
P09240	0	0	0
F6ZKC7	36577000	0	35803000
Q8K2H6	62768000	64683000	87956000
Q8K2H3	152850000	117730000	98143000
Q80Z96	40322000	0	22493000
Q3UD01	159050000	202410000	121450000
F6RER8	0	0	0
Q640M6	163000000	62021000	237560000
Q6P3F1	129600000	69052000	131160000
Q9R1W5	0	0	0
P70380	116680000	90344000	118530000
Q3UWJ7	0	0	0
Q80U35	0	0	0
Q766D5	139650000	166050000	166420000
Q8R1K4	0	0	0
F6WHY1	0	0	0
Q9WTZ0	109540000	75082000	0
Q3V3J2	39729000	39045000	0
Q68FG3	0	9434600	0
Q8BNV1	307210000	434340000	230270000
Q80TN7	739470000	739760000	759360000
Q3UZH2	1426100000	984520000	1191900000
P47880	0	0	0
Q3U0B3	0	0	0
Q8K1A5	44069000	61838000	57056000
Q3TUH3	1340900000	2035300000	2275200000
Q8CCX2	0	0	0
F2Z3Y1	484260000	303340000	374990000
Q8BUI5	168140000	177060000	138090000
Q8BMN8	92941000	169780000	132130000
B1ATI1	0	0	0
Q8BI79	57151000	47300000	33319000
O35304	0	0	0
Q9D3S3	380400000	270040000	271650000
Q5DTY5	451490000	578870000	429720000
P60603	100510000	253810000	137960000
Q3UVN0	1946000000	2181200000	1874500000
Q6A0A3	33073000	11768000	21137000
Q8C4W6	619730000	648890000	559410000
Q921Q3	286430000	266920000	748550000
Q00899	89491000	131420000	111580000
Q8VD61	319830000	224310000	435220000
Q9CU36	1332600000	1347000000	1303700000
Q6ZQ40	5017300000	4931000000	3790400000
A8E636	224220000	190670000	152230000
Q8CGC6	325560000	394410000	249020000
A2VCR8	0	0	0
Q7TSG1	64836000	67504000	57917000
Q8C119	1386700000	573130000	866370000
F6XMW0	70980000	51291000	98403000
Q9CUU5	495230000	530780000	726100000
Q8R3N1	428570000	339300000	304190000
Q9D799	43923000	54234000	119600000
Q9Z2E2	0	24253000	0
Q3UE75	3240300	0	31065000
Q9D772	0	0	0
A0A494BB76	0	0	0
Q3UYV5	307640000	454800000	455470000
Q9Z0H1	298340000	467330000	455760000
P98195	174140000	115870000	270990000
F8VPV3	0	0	0
Q61176	402820000	377650000	529410000
Q8C5I1	985230000	502860000	810940000
Q9DB32	0	0	0
Q3UR33	50774000	85865000	50179000
B9EK83	53400000	56264000	26994000
Q9R194	97324000	111990000	110390000
P28063	30990000	54889000	12187000
Q8CBY3	532800000	389110000	768030000
Q3TA11	1996900000	2204800000	1574300000
Q53YY4	0	0	0
Q60I26	0	0	0
A0A494BAF2	6233700	0	5089100
Q8BG21	253860000	116360000	301030000
Q8BJW5	325890000	207650000	323710000
Q99LB4	36005000	117420000	223090000
Q9CPS7	146590000	388410000	165160000
Q62087	0	14960000	28981000
Q8CCZ2	30832000	53443000	34982000
A0A0N4SVW1	80896000	126660000	217790000
Q8BHV1	107890000	147920000	111980000
Q91WA6	0	0	0
Q9D4H7	0	0	0
Q61592	0	0	44317000
Q9DBE9	980560000	899620000	1116100000
E9PUX3	23067000	28224000	0
Q5PSA9	0	0	0
O09161	0	0	0
Q62219	10461000	0	26371000
Q8BND5	0	82589000	43329000
Q9DAM4	0	0	0
Q8BVT1	277420000	548840000	339450000
D3Z335	1167100000	846020000	866890000
Q9DC77	0	0	0
Q9ERU3	184000000	262410000	254950000
Q8C6S5	3388400	5971900	3102900
Q8BUM6	0	0	0
Q9CY30	4517200000	4612500000	4270700000
F6Y747	199070000	97727000	64097000
Q793I8	0	0	0
Q8BYZ1	0	0	0
Q6GQT5	0	0	0
Q8VC16	295770000	518340000	567610000
Q8BXZ7	17722000	0	15739000
Q8R3F9	423000000	471400000	396190000
Q3UM18	113160000	152960000	116420000
Q9Z0S9	97986000	106470000	96857000
Q3UBX0	36865000	35378000	48960000
Q8K302	0	17985000	11287000
A2AV25	23969000	12609000	0
Q8C7K3	0	0	0
Q8C6Q7	66577000	61646000	58772000
P19973	0	0	0
Q8CFW7	76645000	157270000	98176000
Q9CRB0	236290000	246610000	121220000
Q9CXR2	0	0	0
D6RGR1	53506000	10724000	94392000
Q8BJM5	51525000	0	29130000
Q3ULJ3	0	0	0
Q80VC9	0	0	0
Q9EP75	0	0	0
Q9R233	0	9164600	87104000
Q9DCB1	0	0	0
Q9CWS1	0	0	42395000
Q6PE06	1036500000	906110000	760200000
Q5SRP0	74182000	119800000	0
Q8C2R7	0	0	126220000
A2AQP0	0	0	0
Q0VE29	0	0	0
Q3YAB6	80149000	67572000	145720000
Q8C669	218960000	61866000	73815000
Q8CAS9	35473000	131780000	0
P36423	24311000	43724000	4473300
Q8BZ56	0	0	0
Q99L18	388560000	432320000	350200000
Q8CGG4	413090000	576740000	532860000
Q3TMW1	0	124580000	19858000
Q5SVX2	129620000	233500000	300310000
P97865	27759000	41181000	34256000
Q8BZ53	178930000	178300000	186720000
Q9D8Y7	0	0	0
Q9D6T9	0	0	0
Q69ZG5	635430000	536380000	771130000
F7D4T4	799700000	1105700000	461460000
P08101	0	0	1744400
Q9D8C6	58341000	67263000	77548000
A0A2R8VHI9	0	0	0
Q8BZ20	43803000	45490000	24941000
Q9CWV0	69848000	29397000	53166000
O70192	0	0	0
Q9DBU0	387120000	469190000	432240000
B9EKD9	69231000	69769000	26204000
Q9D8T4	0	47079000	67617000
Q91W40	0	0	0
F6WF94	77044000	55832000	43411000
Q5GH64	150000000	113550000	95645000
Q99M59	11831000	15778000	12634000
Q3USS3	0	0	0
Q8BVE7	357240000	357850000	269970000
Q9DA69	0	0	0
Q08EN1	153740000	195920000	105900000
Q8C827	149810000	138720000	238860000
Q9JJV0	0	0	0
D3Z585	0	7004300	0
Q80WE4	66000000	70744000	81687000
Q9CZA5	0	0	0
Q8R322	158210000	161720000	159050000
Q3TE09	144920000	180810000	119910000
O88325	203660000	253290000	301690000
Q9WV91	847310000	887410000	1027000000
A0A0N4SW20	866410000	835400000	866610000
Q3TAI7	18040000	0	0
Q64288	0	0	0
Q9CSW0	238840000	231450000	242510000
Q3TEG9	3298500000	2130500000	4573300000
A0A0G2JFA4	464920000	516230000	386320000
Q8BPN4	0	0	0
Q7TSZ1	135600000	101890000	105900000
Q8BJT9	63037000	86234000	131030000
Q9CSQ9	189980000	131970000	85375000
Q80YP5	10642000	30455000	13767000
Q8VD79	0	0	0
Q9CZE3	0	51711000	23386000
Q8C8B2	0	0	0
Q8CCK6	39618000	92244000	0
Q64127	587400000	469190000	465080000
Q5SF07	1503800000	999970000	1045600000
Q8C795	272340000	160660000	82494000
P97313	296780000	265910000	418420000
P28654	0	0	0
Q8CB05	0	0	11678000
Q8BV52	159740000	327090000	197120000
Q91YK2	0	38235000	112920000
Q8CCH7	165910000	87959000	137570000
Q3TBA3	0	62965000	12274000
P63084	0	0	0
Q9JL12	8064400	41386000	38307000
Q8BN43	236800000	169330000	135520000
O35955	20226000	0	0
O08573	12200000	0	4091100
A0A494BB94	0	167630000	0
E9QN31	963930000	904730000	948930000
B1AUE5	92288000	83168000	78335000
A1A5C0	35254000000	42889000000	41488000000
Q18PI6	0	0	9708700
A0A087WRK6	1039600000	724670000	1309800000
Q8VCE2	58853000	82434000	133970000
Q8K2H1	0	0	0
Q6PFH7	96396000	96018000	88289000
Q5SVP2	65783000	0	0
Q9D4A1	64480000	57740000	56796000
Q8BQZ4	0	0	31444000
Q8CEI7	0	0	0
Q7TMS2	4438200	4110900	37549000
Q3UF57	64314000	0	0
Q9JJD0	147670000	107870000	123370000
P35991	32804000	109810000	16621000
Q80YQ2	847080000	1021500000	852820000
A2AJK6	68899000	51797000	118040000
Q91WE6	337080000	262210000	264390000
Q496R7	0	0	0
Q9CYQ7	80248000	61930000	123340000
Q8R4Y4	4606700	11849000	18997000
A0A140LIW6	186060000	151970000	300700000
Q61078	13136000	10797000	0
Q9JIP6	0	0	0
Q91XA2	147780000	157270000	113650000
D3Z339	0	0	0
Q91W82	0	0	0
Q8BIF9	85991000	21303000	17514000
O35328	7133600000	6719700000	7422700000
Q8CED7	7562200	0	5159900
Q207D2	635370000	512330000	1276700000
Q3UIR3	47919000	16381000	7262700
Q99MB1	0	17533000	0
Q3TUW1	0	0	0
Q3TTZ1	0	0	0
B9EIW1	0	0	0
Q9Z2F2	64538000	50556000	112530000
Q8CG48	571720000	1188900000	1357500000
Q6P1X8	221430000	363490000	525310000
Q9JKB3	187370000	196580000	238790000
Q99JJ9	516280000	618510000	745390000
Q60855	22363000	53381000	29577000
Q9DBZ1	65153000	69469000	123800000
Q9D2D7	68940000	57274000	215720000
Q7TMM0	805980000	817850000	1827100000
E9PYK3	9726000	0	52840000
Q3TTG4	667410000	522060000	1441300000
P58006	36262000	55338000	39488000
G3UZU6	36755000	31632000	24617000
Q62181	1560000000	1501700000	3293200000
Q505D9	2871000000	2794300000	3130700000
Q8K352	0	0	26186000
Q8CBQ5	0	0	0
Q3TPV8	362200000	308300000	196370000
Q9D4H9	706560000	290330000	801840000
Q8K1B7	500260000	427120000	898520000
Q8K1I7	0	0	0
Q3U8I4	44368000	113590000	85227000
Q571M9	3379900000	2143300000	3955900000
A2AI08	12901000	0	0
Q9EQ32	0	0	9657800
Q5QJQ9	2326400000	2263900000	1969800000
Q8C9K6	2042800000	2370100000	1823900000
P51569	106710000	156520000	149320000
Q6KAS7	0	0	0
D6RFA3	138480000	41533000	4601700
Q3UDC5	40409000	15792000	89698000
Q6ZQM7	37972000	26050000	41541000
Q9ESY9	0	0	0
Q80TR4	1166900000	1222500000	1609700000
D3YZJ2	59885000	57921000	86031000
Q8R355	0	0	0
Q5DTU0	4556000	8617200	8633400
Q3ULE3	472270000	228430000	398330000
A0A6G7MAJ9	0	0	0
Q3TEE6	23670000	24358000	127830000
Q8CAX5	427290000	319850000	576980000
A2AJR6	0	0	0
D3YZ96	18006000	28189000	1484900
Q8BW56	1576300000	1085600000	1665300000
Q8CAN1	0	0	0
B2RTM2	0	0	0
Q3TBY8	16296000	8631500	2004600
Q5SX48	0	0	0
Q61072	26368000	65060000	69791000
Q8BGZ2	182650000	179020000	154950000
A0FLF1	3149200	5893500	8664200
Q4VA98	95772000	116440000	183390000
Q8R2R5	0	0	0
Q99MS7	0	5798000	18865000
A0A2I3BS02	41555000	34059000	96007000
D3YVY8	119220000	121090000	236910000
A6X8J6	165120000	195320000	0
P56477	0	0	0
Q3UC78	101030000	182900000	241900000
Q3TCS4	2177600000	1013300000	1679300000
Q9CV95	115860000	184260000	357430000
Q80SU7	11684000	8068200	5260000
Q921I6	431770000	689860000	564300000
P52624	0	0	0
A0A087WSH9	38732000	46235000	39759000
Q8VHL8	0	0	0
Q9D9V4	63613000	57271000	54348000
Q3UUN0	38153000	0	30567000
Q3U606	12673000	23304000	56720000
P47226	1205400000	1090100000	1009400000
Q60787	33720000	47105000	22952000
Q8R142	0	0	0
Q3TAZ7	41927000	0	0
Q4QRL3	0	0	89419000
Q8BG07	111650000	28605000	78183000
A6PW97	0	0	0
Q3TBC5	0	0	0
Q6KAT6	248760000	247040000	287150000
P70248	2088500	18868000	12666000
A2ALN0	49694000	169910000	41056000
F6Z025	10370000	85960000	40412000
Q8CAS7	0	0	0
Q60591	9780900	12110000	23157000
Q925B0	0	0	0
Q8K0Y2	0	0	0
Q8BUB6	34533000	47927000	9345200
Q64324	332450000	438430000	420000000
Q8R422	10006000	36265000	18118000
Q8CGT1	21332000	22224000	0
Q69ZE2	189500000	29100000	9328100
P59267	0	0	0
Q3URE4	22111000	22349000	41589000
A0A0A6YXA9	0	0	0
Q8K4Q8	10043000	15587000	8055200
P08103	18837000	13484000	14059000
Q5DU46	0	0	0
Q62438	0	7900200	0
Q14BH3	12784000	4454100	7014600
A2ARV4	8859600	4111300	6069700
A0A286YD29	0	0	0
A0A494BAQ2	5205500	8132900	11125000
P52633	13515000	18236000	34871000
Q3TC68	6205000	0	5272600
H3BKV4	9026500000	8464800000	6043700000
Q14CH1	0	44220000	0
Q5SUA5	12551000	15646000	92871000
Q8C0S4	0	0	0
Q9Z0X4	11917000	34198000	41472000
Q78E06	77227000	75313000	53647000
Q3TRZ5	1752400	19048000	25357000
Q9D943	39637000	12187000	14551000
A8XU21	4224300	3547800	0
Q8BTE2	0	0	0
B1ATM2	47255000	104760000	70957000
Q3UEU0	5758600	3107200	2546300
Q6NTA3	4055000	4331200	41180000
P28798	116530000	75378000	112580000
P48025	3049400	5454600	17696000
Q8CIH5	23160000	14801000	60235000
S4R293	15892000	21546000	41886000
P97861	0	0	0
Q80VB7	8137400	1214700	30793000
Q3T997	10976000	5481900	6759600
P0DOV2	19238000	6797400	8825200
Q6GX99	5852800	5899600	53281000
P39654	5508000	3799900	5418800
Q8BV49	7420800	0	2500000
Q8C2I9	470340000	562000000	876980000
Q4FJP7	17043000	10670000	13557000
Q9R002	6175100	0	75522000
Q9CT95	6198600	3094100	64286000
Q3TTT4	0	3706700	4778300
A0A0G2JDR3	0	0	0
A0A0G2JDV4	0	0	0
A2P1G9	0	0	0
P01867	0	0	0
A0A0A6YWR2	0	0	0
A0A0B4J1P4	0	0	0
A0A075B5R5	0	0	0
A0A0A6YWK5	0	0	0
A0N8R1	0	0	0
A0A0A6YXW6	0	0	0
V9GXI5	0	0	0
Q9CXN2	0	0	0
Q9CW91	0	0	0
D6RIJ0	0	0	0
Q8C173	130940000	108280000	146250000
Q9Z0Z3	0	0	0
A0A087WSS2	234270000	145660000	282690000
Q149C2	43875000	41711000	0
O89110	76652000	0	0
Q64HC9	0	0	9160600
Q80TV8	0	0	0
Q8BX65	0	0	0
O88493	0	0	0
E3T928	0	0	0
F7DFD7	0	0	0
Q99KD0	0	0	0
E9PZ64	0	0	0
A0A1Y7VK88	0	0	0
Q8BNU6	0	0	0
A1A535	23961000	45695000	47230000
E9Q5R6	0	0	0
Q80VB7	0	0	0
Q2LKW6	0	0	0
A2A3V1	0	0	0
A0PJC8	100440000	120960000	111710000
Q8R4D1	48295000	0	0
Q3UV84	95033000	58372000	80189000
F6XVL5	0	0	0
Q8CC87	0	0	0
Q8K2Q4	0	0	0
A2A5F7	0	0	0
Q9D0S4	0	0	0
Q8CD99	0	0	0
Q3TT87	0	0	76453000
Q8BUK5	0	0	0
Q3UXP0	494150000	383060000	440370000
E9Q0N6	0	0	0
Q8R568	0	0	0
Q3TB48	0	0	0
Q6SJQ7	0	0	0
Q8BVB9	114610000	102180000	158870000
G3UZT3	0	0	0
Q9D294	16209000	30856000	44401000
Q66JU8	0	0	0
Q8CEV3	0	0	0
Q8CCN7	283080000	175140000	282260000
Q8CCN7	0	0	0
Q8CCN7	0	0	0
Q8K0Z9	0	0	0
Q8K182	0	0	0
Q8BMK0	115730000	0	0
Z4YKN2	285470000	0	144270000
Q4VBE7	0	0	0
Q3TWL4	0	0	0
H3BKP4	0	0	0
A2AA59	0	0	0
Q8BJ88	0	0	0
A2AAX3	0	0	0
Q8BT62	0	0	0
Q9JL26	0	0	0
Q6PFC0	431760000	359020000	221680000
O88566	0	0	0
O54864	0	0	0
Q6PDS0	0	59506000	0
Q9D7M0	697100000	734580000	545000000
Q6PFY8	0	0	0
Q8K1G9	201000000	143730000	226600000
A2ACT7	0	0	0
A2AD83	0	0	0
A2ADA5	157150000	92795000	162540000
Q3UV27	0	0	0
A2ADF7	0	0	0
Q9CQY5	109100000	103630000	116780000
Q6PAS2	0	0	0
Q9CVY7	0	0	0
Q3URP3	105490000	82186000	106900000
Q3V0Z9	0	0	0
F6ZKC7	0	0	0
Q3U1T6	0	0	0
A2AEV7	399690000	302060000	448030000
Q8VD04	0	0	0
P97447	0	0	0
E9PZF7	0	0	0
A2AF33	0	0	0
A2AF47	0	0	0
A2AF47	51095000	40548000	55829000
A2AFK4	0	79512000	91590000
Q3TR97	0	0	0
A0PJE1	115510000	121070000	102030000
Q8CGF6	0	0	0
Q8C0B6	0	0	0
Q14AQ9	0	0	0
Q9DAE9	0	0	0
Q99LH6	0	0	0
Q99LH6	0	0	0
A2AGX3	0	0	0
Q8CIU1	85692000	129820000	102810000
A0A5F8MPF0	0	0	0
Q3UVZ7	100050000	80886000	132150000
A2AHL1	0	0	0
A2AHY3	0	0	0
P35438	0	0	0
P35438	0	0	0
Q99L55	0	0	0
A2AIV8	10651000	0	0
Q3ULP9	0	0	0
Q80ZR4	0	0	0
A2AJD1	0	0	0
Q8BX36	62343000	63103000	61662000
Q4KKX9	0	0	0
D6RGQ2	0	0	125740000
A2AJQ3	128800000	110210000	83716000
Q8BZE7	0	0	0
Q3UQY9	0	0	0
Q3TM66	0	0	0
Z4YN28	733010000	706230000	0
Q9JJW0	60460000	43246000	60538000
Q80T90	0	0	0
Q8BWB7	0	0	0
F6R186	93964000	81191000	207100000
Q61710	132760000	0	0
Q8CH79	0	72294000	0
Q6PAQ4	0	0	60641000
F2Z410	139590000	143710000	93643000
A2AM05	0	0	0
Q3ULL0	0	0	0
F7CBX2	0	0	0
Q80V29	0	0	0
A2ANT9	0	0	0
A0A571BF02	0	0	0
Q6NZA9	0	0	0
Q3ULB3	3589700	0	0
Q9CT36	172400000	340730000	476990000
A2APF7	0	9127900	9471900
P43006	0	0	0
Q9QY53	64519000	82093000	95066000
A2APV2	0	0	0
A2AQ07	506130000	143810000	0
Q3UF06	0	0	0
Q3UF06	0	0	0
Q3UST3	0	0	0
F8WJL9	62187000	9095000	25610000
Q8C0I4	0	0	0
A2APV2	0	0	0
Q3UGW0	0	0	0
A2ARA8	0	0	0
Q9CXF0	0	0	0
A2ARI4	469890000	1047100000	993770000
Q3TZD5	154200000	14247000	6212600
Q3USW0	0	0	0
O54826	0	0	0
A2ASA8	0	0	0
Q5EBX5	34452000	41567000	57155000
Z4YLR9	0	0	0
Q8BXH1	0	0	0
Q9R0B6	0	0	0
Q8C854	0	0	0
A2ATY4	0	141950000	0
Q8BRL3	116430000	127010000	104940000
B7ZN53	0	0	0
Q8BLA0	0	0	0
A2AUC6	0	27750000	0
Q9CYZ2	74312000	0	78588000
Q99L53	398090000	234640000	655530000
A2AUM9	35088000	43578000	0
Q9ESY2	136680000	80652000	69620000
A2AVJ5	0	0	0
Q8C0B4	0	0	0
Q76KF0	0	0	0
Q60767	0	0	0
A2AWR3	0	0	0
A2AWT3	0	0	0
G3UZW9	0	0	0
Q8K0H8	87795000	39870000	117920000
A2BGH0	0	0	0
A2BHP4	0	0	0
Q6JVF0	0	0	0
Q8C5D6	0	0	59540000
A2CE44	0	0	0
B2GVN8	53074000	37580000	138020000
Q3TCD3	0	0	0
Q6PD97	48509000	0	0
Q6PGK7	209480000	207960000	307330000
G5E8V9	0	0	0
G3UYA1	0	0	0
Q9D5M3	0	0	0
Q3TSG0	859910000	818870000	834460000
Q790Y8	0	0	0
Q8C8K3	0	0	0
A3KG59	0	0	0
Q8VBX6	0	0	0
B9EKQ1	54507000	64320000	111630000
Q9Z2T4	91057000	268930000	79852000
A3KGL2	0	52541000	93065000
A3KGW5	0	0	0
Q8CDA0	0	0	0
D6RIL1	0	0	0
A4FUP9	0	0	0
P21844	0	0	0
Q5DTF3	0	0	0
Q8K1L5	0	0	0
A6H5X4	0	0	0
B7ZMT4	0	0	0
B7ZMT4	0	0	0
Q8C9I2	190250000	172710000	192080000
Q3TLP2	0	0	0
Q62295	0	0	0
A0A571BGD8	0	0	0
A6H687	238120000	212100000	252160000
A6H6E2	0	0	0
A6H6E9	0	0	0
Q3U2Y9	0	0	0
Q3TRP2	28022000	0	57094000
Q7TSJ7	0	0	0
Q3TP53	0	0	0
A6PWR8	222970000	296350000	259710000
Z4YK23	0	0	0
E9Q5L2	0	0	0
Q3TLE2	0	0	0
Q9CPQ9	0	0	0
D3Z7I7	0	0	0
A7RDN6	0	0	43195000
A8Y5E8	0	0	0
A8Y5G9	0	0	0
A2AJI0	0	0	0
Q8JZN1	0	0	0
Q6PHC1	0	0	0
B0QZL3	0	0	0
Q7TN58	0	0	0
Q8CFC2	80191000	89139000	105250000
D6RHQ0	0	0	0
B1AZ85	0	0	0
Q05CM4	0	0	0
Q8R2M7	19574000	14219000	16630000
Q64446	0	0	0
B1AQ75	0	0	0
B1AQA9	0	0	0
Q3TMY1	198390000	133450000	166170000
Q3UPK1	0	0	0
Q62108	0	0	0
Q8BXT7	0	0	0
Q8CCN5	0	0	0
Q8CAW4	0	0	0
B1ARD6	0	0	0
Q8R3R7	0	0	0
Q8R051	0	0	0
E9QA68	112040000	173640000	291770000
Q8BT58	90970000	52371000	44045000
B1ATE5	0	0	0
Q8C2P3	0	0	0
Q9WVD4	139010000	0	109420000
Q9QZ83	0	0	0
Q9DBL0	0	0	0
Q9CWP6	0	0	0
Q99MD9	0	0	0
Q8C6U6	0	0	0
B1AUF2	48994000	39108000	103990000
Q3V360	0	0	0
O70589	0	0	0
Q3TPX2	0	0	0
Q3UXC7	41089000	41991000	31311000
B1AV65	0	17906000	15299000
Q99MW4	0	0	0
Q8C3H9	0	0	0
B1AVH7	64755000	0	0
Q3TNM7	0	0	0
E7FLY0	0	0	0
G3UZY9	0	0	0
B1AWJ5	0	0	0
B1AWL5	3710000000	4124800000	5436300000
B1AWL5	0	16279000	0
B1AWL5	0	0	0
E9Q193	0	0	0
B1AXD8	116270000	0	102700000
Q3UYQ6	772680000	613550000	344450000
Q9D9E1	186730000	178960000	271470000
Q9DC11	0	0	0
Q3UR35	0	0	0
B1AYL1	0	0	0
Q8BJK8	0	0	0
B1AZ39	0	0	0
Q811G7	0	0	0
Q8BG24	165600000	90900000	155080000
Q8C715	0	0	0
B2B9E1	0	0	0
Q6PHA0	0	0	0
Q9D9T8	0	0	0
Q6ZPU7	8847600	0	15415000
B2KF11	0	0	0
B2KFA9	0	0	0
Q8C4K8	39854000	31275000	50025000
Q8C4K8	133260000	125260000	124810000
Q8K0E7	24424000	32102000	0
Q8BQZ5	0	0	0
Q8BQZ5	0	0	0
A0A087WSD0	61791000	0	0
Q9D067	0	0	0
Q9JKD9	0	0	0
Q8C0Z2	59057000	0	0
Q3UH60	0	0	169080000
B2RQE8	0	0	0
Q8K0P0	0	0	0
B3STQ3	0	0	0
B2RXV9	0	0	0
S4R299	0	0	0
B2RRD7	155770000	96252000	180410000
B2RRL2	0	0	0
Q3TD74	79301000	69789000	81696000
B2RT41	75993000	116140000	116200000
Q6F5E0	60971000	75539000	102570000
Q8BZ97	390100000	274850000	196340000
Q497N3	0	0	0
Q80UG7	0	0	0
J9SQG4	0	0	0
B2RVL6	0	0	0
B2RWW0	0	0	0
A0A0R4J015	161840000	191160000	349060000
B9EKU2	0	0	0
Q8BXX8	323770000	649560000	398510000
B2RXE2	0	0	0
B2RXM5	0	0	0
B4XVP4	0	0	0
Q0P6A9	38176000	39338000	0
Q6GTL7	0	0	0
B4XVQ1	0	0	0
Q3UME0	0	0	0
B5THE2	0	0	0
Q91W39	0	0	0
Q3UHC0	0	0	0
Q8C0W8	0	0	0
P07743	0	0	0
Q9QVN7	0	0	0
Q8CBW3	17962000	0	0
V9GXX2	0	0	0
Q9D6I2	0	0	0
F7C9D1	0	0	0
F7D5Y4	0	0	0
Q3UJK8	230610000	176840000	285910000
Q3UG41	0	0	0
O09129	0	0	0
Q8CEE0	0	0	0
Q8CDG5	0	0	0
Q149E8	175770000	219310000	122380000
Q3UCL9	0	0	0
Q8BJG9	0	0	0
Q8K371	0	0	0
B8JKV0	0	0	0
O54836	0	0	83823000
Q3U564	222910000	166600000	113070000
A4QPD7	357060000	233470000	380840000
Q9JHA8	0	0	0
Q8BN70	0	0	0
B9EJL3	0	0	0
B7ZWM3	0	0	0
Q8C176	189900000	198830000	288820000
Q925H4	0	0	0
E9PUL9	0	0	0
Q3U1H4	0	0	0
Q8CHW1	0	0	0
D6RGS2	0	0	0
Q9Z2D8	0	0	0
Q6KAQ7	0	0	0
C0LZ42	58026000	63784000	65295000
Q9DBV3	81994000	82768000	93689000
F7CE80	0	0	0
D6RHP1	246170000	268110000	275610000
F6S731	0	0	0
Q91ZT7	0	0	0
Q8C025	0	0	0
Q3TYU2	0	0	0
Q0VGT7	0	72325000	0
Q8C884	0	0	0
A0A0R4J139	0	0	0
G3UYM8	0	0	0
Q3V0V2	65691000	56469000	46606000
B7ZMQ9	0	0	0
O35347	0	0	0
Q9WUZ5	0	0	0
Q6PDC0	0	0	0
Q62188	0	0	0
P70331	0	0	0
Q9D6H4	0	0	0
Q2VWQ2	0	0	0
Q8VEA6	0	0	0
D6RG47	0	0	0
A0A494BBD6	13889000	0	0
D3YUE3	183500000	195550000	315580000
Q8BXA1	368490000	354230000	346540000
D3YVX5	0	0	0
Q9D4U8	0	0	0
D3YW26	83249000	83114000	94448000
A0A0R4J1C2	36637000	0	0
Q571F5	0	0	0
Q99JU0	141740000	127440000	106870000
Q2VWQ2	0	0	0
D3YWE6	181520000	150180000	214710000
D3Z510	0	0	0
Q69Z89	0	0	0
D3YWQ0	0	0	0
O54737	0	0	0
A0A240F9Y3	279670000	136080000	216420000
Q8BU92	0	0	33874000
E9PVW4	0	0	0
Q6R5E4	0	0	0
F7ALG5	0	0	27340000
Q8BX46	0	0	0
Q3UX96	0	0	0
Q504P2	0	0	0
D3YXK1	117440000	99950000	114270000
F6ST92	0	0	0
Q69ZR1	0	0	0
D3YXS1	0	0	0
Q91ZJ9	0	0	0
Q9D945	103480000	84028000	80775000
D3YXX4	0	0	0
Q3UCA4	0	0	0
D3YY23	0	0	0
E9Q8A0	0	0	0
Q8R220	0	0	0
Q811T9	0	0	0
B7ZNU5	0	0	0
Q3UTQ7	585820000	432890000	670710000
Q9D2L9	0	0	0
F8SLQ6	0	0	0
F8SLQ6	0	0	0
Q921K9	0	0	0
Q3UUI0	0	0	0
H3BLJ2	0	0	0
Q91VT8	0	0	0
D3YYS9	0	0	0
D3YYU8	261540000	161930000	214910000
P70257	0	0	0
Q3UUT6	0	0	0
G8JL39	0	0	0
Q549J5	0	0	0
D6RIN1	0	0	0
Q3UNH9	166810000	198450000	232510000
D3YZU5	0	0	0
D3YZU5	0	0	0
D3Z5U6	0	0	0
Q3UX22	0	0	0
Q571I9	0	0	0
Q922Y2	77955000	90757000	84648000
D3Z0K6	135090000	128560000	200450000
D3Z0L1	0	72524000	0
Q3ULT2	0	0	0
D3Z0P8	0	0	0
G3UWC5	0	0	0
D3Z0R1	0	0	0
Q8BJT2	0	0	0
P57725	0	33452000	0
Q99P81	0	0	0
Q9JMG3	81254000	53586000	81935000
Q8BXT9	0	0	0
O54974	0	0	0
P58463	0	0	0
Q6TCG8	0	0	0
Q8C7Z8	221140000	237060000	338970000
Q3V4A2	63055000	82023000	59323000
Q8CHZ4	0	0	0
V9SH16	0	0	0
Q5DU47	0	0	0
Q6ZQI3	0	0	0
Q3TBR0	295380000	249610000	223980000
Q3U9V4	0	0	0
P49025	0	0	0
Q9QZ23	0	0	138700000
A0A0G2JGW1	0	0	0
Q4VA34	0	0	0
Q9Z101	0	0	0
Q9D599	0	0	0
Q3TD87	0	0	0
Q7TMJ7	90827000	60100000	0
Q8VE62	112360000	118820000	112990000
Q3TNV7	0	0	0
O08664	72164000	0	0
F8VQ94	0	0	0
D6RCY9	0	0	0
F7CKA6	0	0	0
D3Z434	0	0	0
D3Z450	0	0	0
B7ZWE7	0	0	0
D3Z4C0	0	0	0
Q8BJL3	65075000	17529000	54796000
Q05D93	0	0	0
O09046	0	0	0
G3XA62	0	0	108270000
Q80W14	0	0	0
D3Z4R4	0	0	0
Q543J0	0	0	0
Q8BXU6	0	0	0
Q91WM6	0	0	0
F6ULV5	0	0	0
D3Z592	0	0	0
Q8K4G1	0	0	0
D3Z5G7	0	0	0
Q3TZR3	392350000	343740000	266290000
Q6KAU7	0	0	0
D3Z6P2	0	0	0
D6RFT3	278100000	241970000	293600000
Q7TN99	0	0	0
D3Z5V4	691730000	1347300000	880910000
Q3UIZ8	0	0	0
Q8BXL9	0	0	0
Q62393	0	0	0
Q9CWY4	0	0	0
Q3U345	0	0	0
Q9WUB4	0	0	0
Q8BXU6	0	0	0
P70269	0	0	0
E9QAD8	0	0	0
Q62160	0	0	0
Q3UHH8	65381000	201860000	81978000
Q9D7I6	0	233110000	0
Q9D334	0	0	0
Q6AZB0	0	0	0
P0C6A2	59370000	37175000	83072000
Q9D8N6	0	0	0
Q3TMV3	0	0	0
D3Z7H4	0	0	0
D3Z7K5	0	0	0
Q8CAR0	0	0	0
F7B327	81939000	109010000	17123000
F7AT35	45480000	101310000	39933000
E0CZ25	0	0	0
Q8BZ32	0	76476000	0
P29594	122290000	128750000	97297000
Q9Z210	0	0	0
D6RGR1	0	0	0
Q9DAJ4	120720000	195880000	93055000
Q80YA3	0	0	0
Q9D1X9	0	0	0
Q80UP3	0	0	0
D6RHQ8	0	0	0
Q9CQJ7	0	0	0
D6RIR2	0	0	0
Q9CQE9	0	0	0
Q9D1V6	0	0	0
E0CY30	0	0	0
Q3TEL1	0	0	0
E0CZE8	187640000	0	180010000
Q8BS72	2384800000	1572100000	1650300000
E0CXC2	0	0	0
Q9CVI3	0	0	0
Q9CS47	0	0	0
F6TKE8	0	0	0
Q8BZ98	0	0	0
Q9CQ36	0	0	0
F7C1U0	71512000	37782000	20677000
Q8C9J3	0	0	0
Q6P6L0	0	0	0
Q9D291	48401000	0	21454000
Q9CRN1	0	0	0
Q3UR50	0	0	0
E9Q945	86509000	101740000	0
P0DI97	0	0	0
Q6P0X7	0	0	60546000
E9PU96	926010000	1116800000	1027900000
E9PUA5	82128000	58207000	185580000
D6RH42	31640000	0	0
Q8C7X8	0	0	0
Q9CRH5	118750000	179130000	0
E9PUD6	662460000	444080000	718400000
Q8K0P0	0	0	0
E9Q640	0	0	0
E9PUH6	0	0	0
Q8K012	0	0	0
F6T4V9	0	73001000	96469000
Q6PAI9	0	0	0
Q9Z138	70226000	71387000	88170000
E9PUP1	47477000	0	0
Q91YK4	0	0	0
Q80ZU4	0	0	0
P08508	0	0	0
P40645	200070000	77909000	47057000
O35680	392160000	302450000	218150000
Q3UXJ7	54028000	45929000	0
E9PV24	0	0	0
E9PV98	63217000	0	0
Q8C229	520560000	495740000	363570000
Q924X9	0	0	0
Q8BLT3	0	0	0
Q3UTY9	0	0	0
E9Q8P1	127780000	114290000	116500000
Q8CAQ8	0	0	0
E9PVX6	179530000	711760000	508820000
H3BL74	0	0	0
Q9CRT1	0	0	0
Q6PCW9	0	0	0
Q9JK28	478850000	530300000	614540000
Q8BZL8	0	0	0
Q3TNW3	0	0	0
Q3TRC2	0	0	0
Q14B74	0	0	0
Q8R2Q7	260910000	194720000	268670000
G3UWE9	0	0	0
E9PX37	0	0	0
O35067	0	0	0
V9GX63	19076000	8322100	0
Q3UJT5	0	0	0
A0A571BG49	0	43077000	0
Q99JZ9	0	0	0
Q62108	0	0	0
Q6P539	0	0	0
Q3UZM8	441440000	292930000	337690000
A2A432	0	0	0
Q3U285	0	0	0
Q14BL5	0	0	0
E9PY03	0	0	0
P81270	0	0	0
Q3UGP3	60994000	0	37172000
Q3URC6	70580000	70961000	93223000
Q6ZQ32	0	0	0
Q6NS55	0	0	0
Q5FWH4	788920000	922610000	0
Q9CUJ3	0	0	0
E9PYU4	0	0	0
Q9CRX7	139720000	70842000	0
F7CVZ7	0	0	0
Q3TAH7	0	0	0
Q3TW38	408080000	317770000	799470000
Q3UE68	240820000	249420000	257200000
I6L9I6	0	0	0
Q8BR79	0	0	80417000
E9PVI5	0	0	0
Q9WV86	0	0	0
Q61179	119090000	0	52876000
Q14DQ0	0	0	0
Q924W6	0	0	0
Q3V141	0	0	0
Q9QY06	0	0	0
Q61502	0	0	0
Q3UEI7	0	0	387820000
Q68FM7	0	0	0
Q8C715	0	0	0
Q811H6	0	0	0
Q3UYI6	0	0	0
Q8R0U7	0	0	0
Q3UD61	945020000	738790000	595150000
Q6ZQM3	0	0	0
Q8CAD1	77195000	0	0
E9Q5I0	0	0	0
Q9D3A0	0	0	0
Q922Q6	0	0	0
F6UKB4	121780000	22138000	141290000
Q9CTH6	0	0	0
H3BKV0	0	0	0
E9Q8C1	0	0	0
Q0VD84	0	0	0
Q14BH0	0	0	0
Q8BQC8	0	0	0
P97328	48415000	0	0
Q52KH0	381050000	322880000	468230000
Q8JZW4	0	0	0
Q3U1T9	33582000	31750000	53577000
E9Q286	89140000	65927000	81943000
Q9CVH3	0	0	0
Q8K116	0	0	0
Q9CUV3	0	0	0
Q3URI3	0	0	0
Q3TSK1	0	0	0
E9Q2E9	0	0	0
Q8BUK5	21218000	68623000	42154000
A0A240F9Y3	0	0	0
Q80UU4	0	33195000	0
Q3UUZ7	37336000	39023000	58019000
H7BX20	0	0	0
E9Q2S7	0	136660000	0
Q9CZ26	0	0	0
Q8BRP6	44741000	28940000	59245000
Q7TMK5	0	0	0
Q3UFN0	0	0	0
Q80TC5	71591000	52818000	64616000
Q7TN75	36678000	0	19640000
Q5DU57	167340000	187970000	231110000
Q3TUF4	0	0	0
V9GXM4	0	0	0
Q6PAM4	48798000	217380000	162700000
Q3V3I0	29743000	23822000	28313000
Q9EQK5	0	0	0
Q62108	0	0	0
E9Q414	267570000	0	218360000
Q9JHG5	0	0	0
P58771	0	0	0
P58771	73554000	121640000	114020000
Q91WF9	0	0	0
Q924X9	75479000	109490000	93488000
J3QPG2	61922000	111170000	115530000
Q8C8V8	0	0	0
Q69ZY9	0	0	0
Q8C820	0	112720000	0
Q8C4J1	174820000	358540000	97186000
Q8BRH3	0	0	0
Q9D874	97787000	82923000	48008000
Q8R5F8	0	0	0
Q8C697	0	123990000	0
Q52KB6	26536000	22823000	26804000
Q8C5J8	0	0	37737000
Q3UXC8	0	0	0
O89054	0	0	0
Q925L3	138390000	95410000	166620000
E9Q5G3	98005000	65498000	122340000
Q8VEC1	0	0	0
Q5IRN0	0	0	0
P21107	0	0	0
E9Q5L8	0	0	0
Q91YR2	205580000	147820000	149310000
O54916	0	0	0
O08665	92405000	88232000	0
F6YRI7	56906000	77285000	121470000
Q7TPD3	0	0	0
Q5U5L4	388020000	240520000	301090000
Q3UPA6	0	0	0
E0CZE7	0	0	0
E9Q6C6	0	0	0
E9Q6D8	0	0	0
E9PYI6	67061000	49456000	85561000
Q61730	0	0	0
Q4FJU9	0	0	0
Q9CVX7	0	0	0
Q99LZ7	65935000	107700000	268380000
A2NTK0	0	0	0
Q3TYN8	0	0	0
E9Q6S0	0	0	0
Q8R001	0	0	0
Q9D5V5	0	0	0
V9GXQ7	0	0	0
Q3U055	86186000	114570000	111950000
Q9CVT9	0	0	0
Q3UU30	0	0	0
Q3UYV6	368700000	0	0
Q8C6B8	0	0	0
Q3V361	15900000	14237000	0
Q3U2U7	101670000	95518000	160200000
Q3V1B8	0	442080000	0
H3BLD7	1930400000	0	0
E9Q7P2	0	0	0
Q61085	0	0	0
D3Z1M7	0	0	0
Q6DFX1	0	0	0
Q922T7	0	0	0
Q8CAQ8	0	0	0
Q9EPB5	0	0	0
Q9R167	43136000	0	0
Q8C3R6	581440000	633110000	674120000
Q923T4	54341000	0	55043000
Q60695	0	0	1658100000
Q3UF57	0	0	0
Q8VDV4	0	0	0
E9Q8X5	179410000	123860000	227650000
E9Q942	118780000	170270000	174010000
Q812E0	0	0	0
Q8CHU6	0	0	0
Q924A0	0	0	0
A0A087WSI9	0	0	0
Q80VT1	0	0	0
Q3U4R9	0	0	0
Q3U4R9	0	0	0
Q18PI6	0	0	0
A7XUT9	370720000	374400000	0
Q6GQV7	103930000	110640000	137500000
Q6TA13	0	0	0
Q99KF2	1616000000	563980000	802520000
E9Q9M8	0	0	0
Q66JY2	0	0	162660000
Q6ZPL9	281130000	311230000	325910000
S4R2I4	331750000	183190000	175700000
Q8BUG4	0	0	0
E9Q9V9	43763000	56044000	43619000
Q14C50	0	0	0
Q9CUV3	0	0	0
E9QL08	391710000	0	0
B7ZMQ9	0	0	0
Q8R3S9	0	0	0
Q8C9K4	21834000	32764000	19117000
Q9EP92	0	0	0
Q3UYL3	0	0	0
Q3V425	0	0	0
A2RSK1	658590000	443230000	689630000
O35368	0	0	0
E9Q270	0	0	0
A0A1D5RLB0	70602000	67917000	88958000
Q9CSV6	0	0	0
D6RDU0	0	0	0
Q3U4R9	0	0	0
P27573	0	0	0
Q5PSV9	525530000	316410000	342640000
Q9JJB6	0	0	0
Q9WV86	78815000	56123000	22435000
Q6RT24	28679000	27363000	16039000
Q3UQR8	323900000	338270000	316180000
Q9Z2Q2	0	0	0
Q03173	0	0	0
Q8CHY7	0	0	0
Q8BZ68	0	0	0
Q8BXR5	0	0	0
Q3UVW9	0	0	0
Q6JPI3	149410000	187410000	188640000
G3UX29	70352000	81296000	163320000
Q8BU23	0	0	0
Q61409	0	30490000	65257000
Q91YQ1	65785000	125640000	47689000
Q3UJB6	0	0	0
Q03173	0	0	0
O08734	0	0	0
E9QMD2	0	0	0
Q61329	108720000	0	0
E9QME3	0	0	72028000
Q8BWU5	0	0	0
Q3U5C5	38246000	0	0
Q9DBZ1	0	0	0
Q7TN11	0	0	0
O35068	0	0	74441000
B7ZNA0	0	7068600	10109000
Q812A2	0	0	0
Q9R1R0	0	0	0
Q69ZB0	0	0	0
Q9ET66	0	0	0
P52840	0	0	0
Q8C8N4	70808000	0	166080000
Q8BLX1	0	0	0
E9QNY3	0	0	0
Q924A2	0	0	0
K4DI69	0	0	0
E9QP56	0	0	0
Q8CEF9	0	0	0
Q6PGF3	289280000	268020000	265910000
Q52KG9	0	0	0
Q3TUH0	127540000	112590000	338910000
Q8R1U2	212660000	171550000	180270000
Q9JKK8	136070000	167970000	161260000
Q3ULM0	101360000	85570000	89483000
A0A2I3BRM8	0	43466000	0
Q8C3P2	0	0	0
Q8CET1	74089000	69344000	62417000
F7A6K2	0	0	0
Q9Z2B5	132040000	130740000	179660000
Q6NVF7	0	0	0
Q9JLC4	0	0	0
Q924A0	0	0	0
Q9Z180	77767000	0	0
Q9CXM0	11987000	0	0
Q62259	0	0	0
Q78T54	0	0	0
Q9D9A3	0	254900000	0
S4R2K5	11614000	9300300	30223000
F6WLF9	0	0	132310000
Q571J4	0	0	0
F6Q269	0	0	0
Q8C8N4	229640000	193390000	400520000
Q9D110	0	0	0
Q810V8	0	0	0
Q5U430	0	0	0
F6QZB1	0	0	0
Q6S393	0	0	0
F6R7A2	59674000	0	0
F6R7Y0	0	0	0
Q8BQE8	0	0	0
Q3V1V0	0	149810000	83367000
Q8C103	0	0	0
Q925E7	0	0	0
A8C1S6	0	0	0
D6RIJ0	0	0	0
Q7TMJ8	0	0	0
F6U8X4	0	0	0
Q8C5N5	22412000	0	0
Q3TTT3	17918000	20661000	13536000
F6T4V9	0	0	0
Q64213	136820000	195080000	56323000
Q3UYG9	0	0	0
I7HPV7	0	42895000	0
Q6ZQ32	0	0	0
O70333	0	0	0
F6TQW2	0	0	0
Q8BYF1	0	0	0
Q3UX51	0	0	0
Q8CBH5	0	0	0
Q3UH06	0	0	0
Q9Z351	0	0	0
F6ZZM4	0	0	0
Q6T264	0	0	0
O88447	0	0	0
Q6P4T0	0	0	0
F6VAN0	0	0	0
Q91ZJ0	0	0	0
Q8CCN5	0	0	0
F6VMS8	0	0	0
Q9Z130	0	0	0
F6VRP8	0	0	0
Q8BT39	0	0	0
Q09XV5	0	0	0
F6W6U3	0	0	0
A0A0J9YUE9	0	0	0
F6WHQ7	0	0	0
Q5DU47	0	0	0
Q8BYG9	0	0	0
Q8C8N4	0	0	0
D3Z1M7	0	0	0
G5E8U2	0	0	19902000
F6XWD4	0	0	0
F7BJH9	0	0	0
P50096	0	0	0
F6XYC5	0	0	0
Q9WTN3	0	0	0
Q6PAI9	0	0	0
Q64696	41401000	46482000	36757000
Q8R0A6	0	0	0
Q05BF3	0	0	0
Q8C8N4	0	0	0
Q9CV32	0	0	0
Q3UWX9	0	0	0
Q6P7W0	169280000	151590000	95953000
G5E8J8	0	21404000	51092000
Q9JMH9	0	0	0
Q8BWM2	251620000	217520000	235130000
Q99KG8	0	0	0
Q80WJ7	144020000	129590000	89819000
P43006	0	0	0
Q80U36	0	0	0
Q6Q477	0	0	0
F7AFE4	166380000	0	0
Q8C9I2	0	0	0
Q9JMG4	0	0	0
Q8CBY6	0	41565000	0
B9EHL0	0	0	80452000
A0A338P7B1	1526600000	1245300000	1353000000
F7BWT7	0	0	0
Q3TSQ7	0	0	0
Q3UUE0	0	0	0
F7D1R5	0	0	0
Q68FF7	192090000	181260000	369670000
Q8VCG9	0	0	0
Q8C6G8	0	0	0
Q3TDE2	0	0	0
Q03172	172160000	97530000	106570000
Q99PM8	0	0	0
Q8C4I7	264520000	221670000	144980000
Q8C092	252530000	226920000	469820000
Q8C851	91769000	81275000	89290000
Q9CVK2	0	0	0
Q3UQP1	191520000	40359000	63822000
O08632	0	0	0
P53349	119980000	188430000	0
Q3TRD6	267630000	131620000	251560000
Q6TKP2	0	0	0
Q8BX69	161750000	0	0
Q9XRZ3	26329000	72048000	0
Q8CEM7	0	0	0
Q9R0A5	175070000	112380000	117330000
A0A286YCJ9	0	0	0
Q3UF86	86686000	0	137310000
Q6NXL0	0	0	0
Q64324	0	0	0
Q811C8	0	0	0
Q8K479	19110000	0	0
Q8C3C5	0	0	0
Q61508	0	0	0
Q3TEQ0	235990000	251480000	99841000
Q6ZPP4	111650000	136280000	71918000
F8WIC0	0	0	0
Q66JX3	0	0	0
Q91WU7	0	10078000	0
Q6P6H8	194600000	206510000	155360000
F8WJ72	0	0	0
Q69Z36	63468000	69337000	81602000
Q6ZQM3	0	0	0
Q3B7Y7	0	0	0
A9L8S9	0	0	0
Q9CVY4	0	0	0
Q8BMD5	0	0	0
Q3TRL6	0	0	0
H3BKN3	0	0	0
G3UW60	0	0	0
Q3HNM7	0	0	0
G3UW78	0	0	0
Q1WNQ9	0	0	0
F7A0T4	0	0	0
Q4FZH7	0	0	0
G3UW87	0	0	0
V9GXE9	0	113940000	0
Q5FW56	0	0	0
Q9CZR2	0	0	0
Q8BQ09	86204000	0	0
Q8JZV9	0	0	27483000
Q80XQ8	0	0	0
Q9Z172	174410000	130720000	109390000
P35330	0	0	0
Q76MZ3	0	0	0
Q4JIM5	0	0	0
Q3TRF8	0	0	0
Q8C8D1	42422000	57807000	74237000
Q3URH5	0	0	0
Q5DTZ4	0	0	0
Q8CB64	0	0	0
Q8BGP5	0	0	0
P97321	0	2523200000	0
Q9Z1P4	0	0	0
Q3TRT9	0	0	0
Q8CCS6	521780000	366560000	347790000
Q8C7T5	0	0	0
Q3UWL3	0	54406000	0
Q8R169	0	0	0
F6QRE9	0	0	0
G3UX84	0	0	0
O35426	0	0	0
Q8K1K6	0	0	0
Q3TRF8	0	0	0
Q3TRF8	0	0	0
G3UZ00	0	0	0
G3UZR1	0	0	0
G3X8P5	0	0	0
O89090	0	0	114180000
Q3TGB0	531920000	471340000	602640000
Q8BV37	0	0	0
P32114	0	0	0
Q8CFK2	460340000	455500000	496380000
Q8R3W5	0	0	0
Q91WP6	0	0	0
Q3TRK8	0	0	43549000
Q2UZQ7	124090000	196650000	134610000
Q9QUN7	7551400	3322700	5932300
P59281	0	0	0
Q3TWF6	694430000	552580000	472680000
Q8C6L0	103490000	207200000	0
Q7TQL0	0	0	0
Q8K2H1	0	0	0
Q3UEG7	31871000	84055000	110090000
Q9ESH4	0	0	0
A0A0A0MQ97	0	0	0
Q8BZL4	0	0	0
G3X9C8	194610000	194050000	169460000
B2RY45	0	0	0
Q9D470	0	0	0
Q62381	0	0	0
Q8R1A5	0	0	0
G3X9G7	0	0	0
Q4KL64	570950000	632710000	754100000
S4R1K0	0	0	0
Q9R074	0	0	0
Q9D9S9	0	0	0
Q9CW98	0	0	0
Q9DAI4	20615000	29280000	21234000
Q8BTD1	0	0	0
Q8CDD9	0	0	0
S4R1I9	126060000	104990000	203540000
Q66JZ1	0	0	0
Q8VI64	0	0	0
Q9D4M3	104030000	130250000	93956000
Q99J78	101430000	100560000	102410000
Q99LN3	0	0	0
Q545H8	0	0	0
Q8R060	103500000	75623000	65747000
H3BK56	0	0	0
Q80XH1	0	0	0
P10076	0	0	0
Q5EBG4	94479000	81092000	114730000
G3XA50	0	0	0
P47802	0	0	0
J3QQ46	0	0	0
Q80ST9	0	0	0
P48381	0	0	0
Q6PG96	0	0	0
G5E8A9	0	0	0
G5E8B9	90973000	78262000	80065000
Q80V27	0	0	0
G5E8D6	0	0	0
Q3UPW8	0	0	0
G5E8E3	157810000	72224000	49076000
Z4YL92	41711000	24532000	0
G8DY57	111590000	161180000	120110000
Q3UXC8	0	0	0
Q3TRQ3	0	0	0
Q571F4	0	0	0
Q6PCM9	0	79889000	83810000
Q8CFE4	0	0	0
Q8CCD5	0	0	0
Q3UYW8	0	0	0
Q3UM83	0	0	0
G5E8L8	106880000	90835000	115730000
A0A087WNU8	0	0	0
Q3UE68	0	0	0
Q922D4	0	0	0
Q91YK0	0	0	0
Q8VC74	109570000	234310000	248210000
O88876	0	0	0
O88199	0	0	0
G5E919	0	0	0
Q3V209	155490000	89031000	236450000
Q8C5Q1	0	0	50451000
Q9D3A0	0	0	0
Q3TYI1	105950000	38579000	74639000
Q8K4I3	0	0	0
Q8BRJ4	140720000	59550000	46961000
Q3V295	0	0	0
Q9JJB6	211300000	220610000	379000000
Q8CAL5	187030000	107050000	91618000
Q3UVB4	0	0	0
Q8BLP7	0	0	0
H3BJR2	214560000	159730000	55665000
Q9CZ00	204840000	210080000	366740000
Q6X2R9	0	107550000	23850000
O89067	0	0	0
P62322	0	0	0
Q9D7X3	21495000	30557000	0
Q99JY1	0	0	0
Q3TT45	343800000	238870000	191650000
P14901	0	0	0
H3BKW8	0	0	0
Q8C172	291060000	362690000	286960000
Q80ZL3	0	0	0
Q9JJB6	0	0	0
H3BLK7	0	0	0
Q3UEG6	0	0	0
Q8CD64	0	0	0
Q3TF08	0	0	0
G3UWF3	0	0	0
Q6W3F0	85542000	0	0
P40224	0	0	0
Q0D2G5	55415000	41716000	0
Q3TNS5	47842000	52123000	0
Q9WUK6	591760000	555870000	459500000
Q8K2X2	82448000	0	0
P21237	0	0	0
Q80YT9	0	0	0
Q8C9T5	0	0	0
Q8C8S3	0	0	0
Q8R570	0	0	0
Q9D572	0	0	0
Q8VBX6	0	0	0
Q9D8T0	41786000	61989000	0
Q8CEU2	0	0	0
Q8R5M2	0	0	0
Q8BI84	0	0	0
Q3V054	0	0	0
Q64163	0	0	0
J3QK46	0	0	0
Q7TT13	0	0	0
Q8BMZ2	35825000	42986000	66085000
Q80UU1	187790000	216860000	148750000
Q8BHK4	0	0	0
J3QMK2	0	0	24076000
J3QMN6	0	0	0
J3QNH8	0	0	0
Q8BYT6	0	0	0
Q3UWN4	0	0	0
J3QNX6	0	0	0
Q9QY30	0	0	0
Q8BI35	0	0	0
Q497N4	0	0	0
Q91ZQ8	144730000	66106000	64990000
Q8BPT6	0	0	0
O88668	0	0	0
P60824	0	0	0
Q80W41	136140000	191780000	352550000
K4DI70	0	0	0
Q91VL6	0	0	0
Q8BFX8	0	0	0
Q8R0P3	0	0	0
A0A087WP90	61484000	0	82830000
Q8R1G5	0	0	0
Q58E65	0	0	0
M0QWE2	0	0	0
Q8C2W0	0	0	0
Q8C187	302550000	241740000	352860000
Q62177	0	0	0
O08532	0	0	0
O08538	0	0	0
Q8BQD3	0	0	0
O08581	0	0	0
Q8BPQ2	0	0	0
Q69ZX3	0	0	0
O08640	0	0	0
O08641	53837000	81431000	97514000
O08664	147410000	74065000	212550000
O08677	0	43249000	0
O08677	0	0	0
O08686	0	0	0
Q540E2	0	0	0
O08691	4782000000	4545700000	2050400000
O08692	0	0	0
O08736	0	0	0
Q99K64	0	0	0
O08760	0	0	0
O08762	196770000	144140000	201280000
Q3UWG6	0	0	0
Q5SWE2	71622000	94837000	63309000
Q6NXL3	13427000	12973000	34786000
O08832	0	0	0
Q9CUT4	0	0	0
O08911	0	9571300	14164000
V9GXC0	0	0	0
O08966	0	0	0
A0A0G2JG92	0	0	0
Q80VD7	0	0	0
O09009	159160000	163750000	174400000
Q08EF2	0	0	0
O09012	0	0	0
Q8C1Z3	0	0	0
O09043	0	0	0
Q8C6R2	0	0	0
Q8BWH5	0	50104000	0
B7ZC52	0	18341000	18654000
Q5DTX7	0	0	0
A0A0U1RNY9	363060000	427770000	556000000
O09165	0	0	0
O35047	0	0	0
O35085	346450000	309390000	603740000
O35089	0	0	0
O35125	30688000	0	0
O35130	326580000	310140000	281290000
Q8C9B6	0	0	0
Q9D1R8	0	0	0
Q571L9	102960000	176100000	80546000
A0A286YCE4	0	0	0
O35207	0	0	0
O35216	0	30537000	0
Q80XE8	0	0	0
F7AI87	1787800000	1003700000	1625900000
O35228	0	0	0
O35231	216860000	240300000	419190000
G3UXH8	0	0	0
O35261	0	0	0
O35284	0	0	0
Q3V0A4	0	0	0
O35305	0	0	0
O35309	0	0	0
D3YUR4	231230000	140240000	168750000
O35317	144460000	142670000	96023000
Q3TH93	0	0	0
O35427	115040000	125530000	155340000
O35445	0	0	0
O35451	0	0	0
O35473	0	0	0
Q3UPY3	0	0	0
O35490	0	0	0
Q4FJV9	403460000	218260000	574610000
O35615	0	0	0
O35632	0	344980000	0
Q8BSB5	0	0	0
O35640	0	0	0
Q80VZ1	0	0	0
Q3UL64	71680000	79535000	30550000
O35668	0	0	0
Q545K0	112690000	316210000	50651000
A0A0A6YVX5	556800000	522590000	215620000
O35719	0	0	0
Q3TTS9	0	0	0
A0A2I3BQ01	81590000	92850000	67949000
O35739	0	0	0
O35740	0	0	0
O35744	0	0	0
O35912	0	0	0
Q3UXX4	0	0	0
B2RTL5	186390000	257220000	0
O35973	114370000	128470000	0
O35980	51880000	60314000	48326000
Q3UYU9	0	0	0
Q3TM95	0	0	0
O54732	66636000	54778000	31463000
Q8CC91	0	0	0
Q8C535	0	0	0
Q8BP66	0	0	0
Q8BXG2	110800000	137560000	48237000
A0A2R8VHY0	0	0	0
O54851	0	0	0
Q3U419	0	0	0
O54890	0	0	0
Q8CCY6	37496000	41841000	44814000
O54905	837390000	541880000	1032500000
O54910	0	0	0
Q542N5	0	0	0
Q8VE81	0	32577000	0
O54951	0	0	0
Q3TA87	0	0	0
Q3UV25	67991000	79158000	104900000
A0A0A6YWY7	0	16765000	0
O55100	0	0	0
Q5DTI2	0	0	0
Q8C9Z5	146870000	162170000	293320000
Q99NG2	0	0	0
O55203	915470000	562500000	447060000
O55242	125290000	502580000	99161000
O70126	49595000	64047000	80547000
O70131	0	0	0
O70165	0	0	0
Q8BJT8	0	0	0
Q549P2	0	0	0
O70228	0	0	0
Q4FK50	69205000	47388000	117920000
G3UZP8	105930000	85960000	105400000
O70354	0	0	0
O70374	111360000	0	186910000
O70401	226860000	278270000	203110000
Q542U3	76746000	46348000	92561000
Q3URT7	0	0	0
O70469	0	0	17656000
O70472	139790000	133690000	150690000
A0A494BB27	0	0	0
Q3T9U3	93769000	72963000	69057000
D3YXW9	0	0	0
Q9CSR6	0	0	0
Q8R2W5	504070000	436290000	544060000
O70571	0	0	0
A0A2R8VI88	178770000	249020000	231180000
O70589	0	0	0
Q3UN79	0	0	0
A0A0U5J712	0	0	0
Q05BF2	0	0	0
Q05BF2	123670000	61684000	0
B1AWB9	0	0	0
G5E8J8	500360000	789610000	696700000
O88312	0	0	0
O88319	135060000	173010000	154640000
O88324	0	0	0
F6VPT9	0	0	0
A0A494BB40	216680000	248240000	294170000
O88425	149940000	68431000	0
Q8BQF6	6028100000	5738600000	5785300000
O88492	0	0	0
O88495	0	0	0
D6RFT7	0	0	122040000
Q3UND5	0	0	0
O88536	0	0	0
O88554	113820000	158780000	194460000
Q3UTH2	0	0	0
Q3US54	260750000	288850000	310670000
O88574	103990000	92523000	68727000
Q4FK86	0	0	0
H3BLN9	0	0	0
Q7TMQ0	0	0	0
O88662	0	0	0
A0A1D5RLT1	0	0	0
R4I5B2	97427000	0	0
Q05DP1	52161000	0	0
E9PZ97	0	0	0
Q9CZF7	120360000	139760000	165020000
E9QMU3	0	0	0
O88792	0	0	0
O88803	0	0	0
Q8R1S3	0	0	0
Q9D0T9	0	0	0
D3Z7N7	0	0	0
Q9D237	0	0	0
Q3TNB8	0	0	0
Q549T4	274720000	188200000	109440000
O88852	0	82319000	49227000
Q3UDH0	0	0	0
Q3UGV4	94224000	153690000	204560000
Q3TV37	361840000	345820000	309490000
D6RFT9	55773000	0	0
Q3TER1	0	0	0
A0A0R4J1V6	0	0	0
Q3UWQ0	160960000	207210000	226260000
Q80Y26	0	0	0
O88968	0	0	0
Q3UYE4	0	0	0
Q0VF50	0	0	0
O89016	43780000	99672000	104300000
O89020	0	0	0
Q3TUD0	0	0	0
Q3TUD0	0	0	0
Q9JLA6	0	0	0
O89098	0	0	0
Q5SQB3	0	0	0
O89103	0	0	0
Q3UKA4	0	0	0
Q99KE6	0	0	0
A0A1Y7VMF9	0	0	0
B2RXW7	187610000	182590000	111840000
Q3U463	0	0	0
A0A1W2P7R2	0	0	0
P01325	0	0	0
P01582	0	0	0
Q924R8	0	0	0
K7X379	0	0	0
O19454	0	0	0
Q61893	99221000	122870000	203950000
Q61895	212040000	195730000	147790000
P02088	378910000	2428500000	1128900000
P02089	731080000	1249900000	591020000
P02104	885420000	547830000	341100000
Q8BK65	249220000	582960000	825690000
P02798	0	0	0
P02802	0	0	0
Q3UP47	0	0	0
P24822	159930000	64069000	141930000
Q61895	0	0	0
P03995	0	0	0
P04104	0	0	0
P04117	61215000	0	69400000
P04184	4059800	4556000	0
Q61895	0	0	0
P04247	0	0	0
P04370	0	0	0
P04370	0	0	0
Q3U4Q8	0	0	0
Q3U4Q8	0	0	0
P04444	0	0	0
P04918	0	0	0
P04919	50789000	99087000	139410000
P05214	0	0	0
Q544L6	0	0	0
P05533	0	0	0
Q52L79	40924000	30787000	0
A7VMS5	0	0	0
A0A1D8M9B3	0	0	0
A0A1D8M9B3	0	0	0
P06683	0	0	0
Q9DBN0	0	0	0
B2RUR3	0	0	72435000
Q8C6L2	0	0	0
P06879	0	0	0
Q3U4F9	0	0	19424000
P07607	190470000	184370000	297460000
Q3UQ30	0	0	0
Q6LDK7	0	0	0
P08071	0	0	0
P08074	0	0	0
P08508	0	0	0
A0A077S2U6	0	0	0
P09021	0	0	0
P09041	0	0	0
Q3USA2	0	0	0
Q3TZM2	0	0	0
Q569U6	0	0	0
Q4KML8	0	0	0
Q6LD55	0	0	0
F7AAG1	0	0	0
P0C5J4	0	0	0
P0C7T6	0	0	0
Q3V499	0	0	0
P0CB42	0	85206000	0
P0CG15	0	0	0
P0CL69	0	0	0
P0DI97	0	0	0
P0DJF2	0	0	0
Q8BQK4	0	0	222850000
Q8BTU6	0	0	0
Q8C5K4	0	0	0
Q9JMB4	0	0	0
Q3U868	0	0	0
Q3U9P4	286200000	284330000	334580000
Q3THV8	57196000	99295000	93128000
P11214	161480000	176170000	0
P11247	0	0	0
Q99KD0	0	0	0
P11370	0	0	0
P11440	397060000	482500000	476790000
P11672	0	0	0
P11680	0	0	0
Q8R1A8	243820000	242350000	325050000
Q9D699	0	0	0
P11928	0	0	0
P12023	0	0	0
P12025	0	0	0
P12246	0	0	0
F6ZFV0	34944000	2576500	2082400
P12400	0	0	0
Q3V2F7	0	0	0
Q544K3	0	0	0
P13020	0	0	0
Q3V0V3	171320000	162670000	226500000
Q547C4	0	0	0
P13541	0	0	0
Q1WNQ0	7853300	0	0
P13609	0	0	0
P13634	0	0	0
P14097	0	0	0
P14142	0	0	0
P14220	0	0	0
P14234	0	0	0
P14719	0	0	0
Q3TT26	0	0	0
Q99K36	0	0	0
Q52L49	0	0	0
Q542E3	0	0	0
P0DOV2	0	0	0
Q540M5	0	0	0
P15306	0	0	0
Q5SX16	0	0	0
P15331	0	0	0
Q61331	0	0	0
P15620	0	0	0
Q925A3	77429000	111420000	54921000
A0A1R3UDS6	0	0	0
P15947	0	0	0
P15949	0	0	0
Q8BSX5	0	0	46122000
P16382	0	0	0
Q3TNY2	0	0	0
P16627	0	0	0
P16879	0	24081000	0
Q99NJ4	130850000	101280000	63686000
Q566K0	48567000	41217000	35498000
P17433	0	0	0
Q6GQU1	0	0	0
Q3TU85	0	0	0
A0A077S9N1	0	0	53731000
Q3U8E7	2797400000	1786200000	2339200000
Q8C2T1	0	0	0
F6W125	0	0	0
Q3TR50	0	0	0
Q8CEW1	1296800000	1122600000	1514400000
Q810V8	0	0	0
P18828	0	0	0
P19182	125610000	188950000	229280000
Q3TJ94	0	0	0
Q8VEK8	0	0	0
P19973	0	0	0
Q8C8Y8	0	0	0
P20491	0	0	0
P20664	205250000	141940000	309520000
Q8BRW3	0	0	0
Q9CW70	0	0	0
P20918	92435000	125850000	0
P20934	0	0	0
Q31144	0	0	0
Q3ULR1	0	0	0
Q5M9J9	0	0	0
P21440	0	0	0
A0A0G2JGM6	0	0	0
Q62256	0	0	0
V9H161	0	0	0
P22725	37306000	0	0
Q7TPE9	0	0	0
Q9DBE5	0	0	0
D3Z401	0	0	0
A0A1Y7VJ89	70331000	137130000	94204000
Q9DBU1	0	0	0
B1AR14	363850000	271660000	289470000
Q2L9A9	13304000	0	0
Q3TRQ3	0	0	0
P23906	0	0	0
Q9EQL8	83117000	0	0
Q91YI7	0	0	0
A0A1D5RM42	0	0	0
P24383	0	0	0
P24526	0	0	0
P24604	0	0	0
P25085	0	0	0
Q6QHF1	0	0	0
Q62327	0	0	0
A3KFY1	0	0	0
Q3TC96	0	0	0
P25446	0	17127000	0
P25911	0	0	0
Q4VA39	0	0	0
P26262	0	0	0
P26952	0	0	0
P26954	0	0	0
Q3U2L4	0	0	0
Q921T1	0	28163000	40956000
P27512	0	0	0
P27784	0	0	0
Q3TY85	0	0	0
Q8CIC9	28762000	46695000	44520000
O70192	0	0	0
P28047	0	0	0
P28076	0	24554000	0
P28184	0	0	0
Q8C783	240550000	224310000	304210000
P28293	0	0	0
P28301	0	0	0
Q0VES5	0	0	0
P28359	0	0	0
Q8BY33	56203000	58490000	60105000
P28665	91831000	0	0
P28666	0	0	0
A2AJP2	0	33930000	0
P28740	0	0	0
Q80UN7	0	0	0
P29477	0	0	0
Q3UEK9	0	0	0
P29788	0	0	0
Q8BSF9	0	0	0
P30115	0	0	0
Q9CYU2	0	0	0
Q4FK45	0	0	0
S4R2N5	0	0	0
D6RHS5	1348200000	1318600000	1213400000
P30355	9016200	0	0
Q3UC73	161380000	192280000	165960000
Q8CBP6	38978000	71813000	62107000
P30548	90745000	76781000	0
P30658	24766000	0	95459000
Q8CBT5	0	0	70696000
P30678	0	0	0
P30875	0	0	0
P30999	0	0	0
Q8R3X9	0	0	0
P31254	0	0	0
Q6R5E9	192570000	136730000	232520000
P31532	0	0	0
Q8CF74	0	0	0
Q3UP42	0	0	0
P31809	0	0	0
P31996	0	0	0
P32082	0	0	0
Q0VBU3	0	0	0
A0A0A6YXS8	129070000	229420000	152790000
A2AD37	0	0	0
A0A0R4J003	0	0	0
Q3UWH4	329800000	323010000	494950000
P33215	18147000	25272000	25595000
A0A0U1RPL9	0	0	0
Q6GX98	0	0	0
P33587	0	0	0
Q8CAT7	80077000	135110000	176830000
P33610	390820000	363720000	342770000
Q3TQB1	92994000	55751000	0
P33766	0	0	0
Q80UR8	0	0	0
P34928	0	0	0
P35173	0	2053700	0
P35174	0	0	0
P35175	0	0	0
P35283	0	0	0
Q0PD39	0	0	0
P35294	0	0	0
Q0VGH2	0	0	0
Q543D4	0	0	0
P35385	0	0	0
P35396	0	0	0
Q8CGB2	0	34522000	0
Q3UUQ5	0	0	0
Q545X5	0	0	0
P35492	103980000	0	0
Q3TUT3	249870000	191340000	182590000
Q3TPW2	43525000	32349000	38860000
Q8CFX6	0	0	0
Q925S7	0	75700000	111080000
Q3USS1	0	0	0
Q3V461	0	0	0
B1AW87	361030000	387670000	433170000
P37217	0	0	0
P37889	13843000	0	0
E9PV36	0	0	0
Q792P1	63452000	58013000	57023000
P38533	0	0	0
P39038	227130000	167830000	156460000
P39039	0	0	0
Q9CUM4	0	0	0
Q9CUM4	0	0	0
Q8C245	0	0	0
Q8CAQ7	392060000	330800000	308830000
Q3T9Y3	0	0	0
P39688	69842000	67387000	59236000
Q564P6	0	0	0
E9QAB2	0	0	0
Q14AY3	0	0	0
P40645	0	0	0
P40749	496670000	526370000	303130000
Q544D2	0	0	0
Q8CB25	0	0	0
Q91ZS5	0	0	0
P41251	51977000	120630000	219900000
P41274	0	0	0
Q3UEK1	0	0	0
V9GX83	0	0	0
Q546Q8	0	0	0
Q8BT06	0	50136000	162310000
C7C6A8	0	0	26093000
Q91YV7	0	0	0
Q8CFJ6	0	0	0
Q3URZ4	0	0	0
Q9CPT1	0	31961000	0
P43025	0	0	0
P43120	0	0	0
D3YYP4	42616000	125910000	110470000
F7DC78	109710000	0	126540000
P43407	0	34520000	30909000
P43883	26259000	12277000	47173000
P45377	0	0	62917000
P45700	109800000	95854000	0
A0A1L1SU91	91154000	0	161860000
P46684	0	0	0
Q7TQD7	150900000	0	176420000
P47212	0	0	0
Q3U3J0	0	0	0
Q91Z57	0	0	0
P47810	0	0	0
B2KF34	149100000	116230000	0
Q9D057	266390000	157800000	146270000
Q8BP94	0	97630000	0
P47930	126910000	119370000	66288000
Q8BJE1	0	0	27684000
P48346	0	0	0
A0A1B0GRV3	226660000	190720000	243900000
Q9CU81	0	0	0
P48437	111390000	95661000	119230000
D6RIN7	0	0	0
P48755	0	0	0
P48759	0	0	0
Q5M8T7	387340000	407030000	508660000
Q9EQ55	0	0	0
Q3UXE6	0	0	0
Q5FW62	0	0	30868000
F6ZM31	79330000	52172000	0
F6ZM31	0	0	0
P49290	0	0	0
P49452	194050000	94691000	206800000
Q91V06	83137000	0	84395000
Q8BJV0	0	0	0
Q9ER94	0	0	0
Q921E5	0	69011000	163220000
Q9CWR5	0	0	0
Q545C7	0	0	0
P50543	0	46681000	64959000
A0A140LIU9	0	0	0
Q3TZ97	0	0	0
G3UZ02	73477000	0	0
P51642	0	0	0
Q6NZB9	0	0	0
Q3UAJ6	0	0	0
Q4FK73	0	10520000	0
Q3UU15	0	2049500	7583100
D3YXE4	0	0	0
Q3U9G8	0	0	0
P51943	0	33647000	0
P52019	2059800000	2709100000	2411600000
P52430	79140000	236000000	247290000
G8DZ75	0	0	0
P52482	20138000	49858000	57856000
Q8BPL4	0	0	0
P52801	28374000	0	0
P52927	132400000	46934000	48026000
Q3USC8	268130000	208850000	344060000
D6RE43	0	0	0
P53349	0	0	0
Q8K226	204180000	239150000	176340000
P53368	0	57996000	92940000
Q9JJB6	0	0	0
P53566	0	0	0
Q54AJ1	0	0	0
D3Z2C4	31942000	0	0
Q8CEC2	105930000	120680000	127550000
P53783	0	0	0
P53784	0	0	0
Q5SV41	0	0	0
Q5QJQ9	827120000	680430000	344890000
P54320	0	0	0
Q8BJX5	236170000	236190000	185680000
E9PWK7	0	0	0
P54841	0	0	0
P54843	0	0	0
P55002	0	0	0
P55095	0	0	0
Q8BWS6	0	0	0
Q3UNM8	0	0	0
Q99KH1	152990000	0	0
P55937	0	0	0
Q545R9	147230000	157050000	131560000
Q5FW98	715510000	1241200000	1076300000
Q8BYG7	0	0	0
P56567	0	0	0
Q543E3	0	0	0
Q8VBY5	0	0	0
P57722	129020000	84399000	0
Q9DB01	625810000	599480000	562090000
A0A286YDK5	0	187700000	138050000
Q5PR71	0	0	0
Q3TDF4	85660000	101630000	102940000
P58196	0	0	0
A0A0G2JFN3	114390000	73198000	128900000
Q45FA7	0	0	0
Q8CHC1	0	0	0
P58682	0	0	0
P58774	24524000	0	0
V9GXY4	0	0	0
Q543Z4	0	0	0
Q3UKN2	0	0	0
P59055	245980000	180840000	239230000
Q80XB1	0	0	0
A0A338P7B2	0	0	0
P59266	0	0	0
P59268	0	0	0
Q5DTT7	0	47060000	0
A0A1L1SUC3	0	0	0
Q3V0J6	0	41618000	0
Q6P8R9	0	0	0
P59672	113240000	0	0
Q6PDX1	0	0	0
D3YY89	36097000	233230000	250210000
Q545S6	0	0	0
P60041	164780000	80792000	103050000
P61080	0	20797000	0
Q8R3P3	0	0	0
P61168	0	21636000	0
A2AQE4	0	0	0
Q9D3N9	0	0	0
Q3UUY4	0	0	0
P61216	0	0	0
A0A2U3TZ54	0	0	0
D3Z3G7	0	0	0
P61315	0	0	0
O35341	0	0	0
P61375	0	0	0
P61406	198630000	198690000	232510000
P61588	64915000	43127000	49512000
Q8CE84	0	0	0
Q542S1	207610000	206580000	158320000
P62080	0	46937000	0
Q3UEG0	0	0	0
Q0PD45	0	0	0
Q3UWN6	523090000	471030000	524810000
Q3US92	0	0	0
P62515	60265000	66070000	60503000
Q496W1	0	0	0
P62838	0	0	0
Q505A8	1228900000	583780000	758520000
Q8C061	0	0	0
Q3TRR1	0	0	0
Q3TRR1	0	0	0
D3Z7J9	0	0	0
Q3UMY0	0	0	0
Q9D056	0	177950000	167430000
Q8BJ04	0	0	0
Q61264	0	0	0
Q8CBP8	0	0	0
P68373	554950000	585480000	9041100000
P68404	0	0	0
P70124	0	0	0
Q059Z2	0	0	0
P70182	0	0	0
Q3UMS9	0	0	0
A0A140LJF0	0	0	0
Q3TFI6	0	0	0
P70257	0	0	0
Q3UVF5	52840000	42598000	41185000
P70310	0	0	0
P70313	0	0	0
Q8CC95	0	0	0
Q8C3Y6	238200000	86035000	75901000
P70343	0	0	0
A0A0R4J1C0	64861000	70663000	98993000
Q3U3A3	0	0	0
Q7TSK8	0	0	0
Q791Q5	0	0	0
P70396	62113000	0	0
P70399	843590000	1211500000	1187100000
P70419	0	0	0
Q8R2X1	75630000	57339000	104430000
Q542T3	0	0	0
P70451	0	0	0
F6VJY9	56341000	307520000	241000000
A1E2I3	0	0	0
P70662	291500000	227960000	267250000
Q3TKP4	0	0	0
Q6P9Q2	83215000	135700000	125700000
Q1HCM7	0	0	0
Q8C359	0	0	0
Q9CWS2	0	0	0
Q3UXJ2	0	0	0
A2ACH6	0	0	0
P82349	0	0	0
Q3U3N2	0	0	0
G3UX25	0	0	0
P86174	416860000	274060000	456270000
P97287	76349000	36058000	11831000
P97290	0	0	0
Q3US63	84492000	114420000	137460000
Q9D1M1	162380000	195590000	172880000
Q9D1M8	870560000	962840000	741730000
Q8C423	0	0	0
P97329	0	0	0
Q8C0N6	0	0	0
P97350	0	0	0
A0A1Y7VK37	0	0	0
Q3USJ4	51545000	0	52544000
P97361	0	0	0
Q3UGB9	188550000	205550000	239000000
Q3TEL4	0	0	0
Q3US13	0	0	0
Q7TNU9	0	0	0
Q3TRS8	0	0	33756000
D3Z1S0	0	0	0
F6ULR7	0	0	0
P97459	21518000	34570000	45544000
Q3V1P4	237760000	219180000	158360000
Q3UWF9	0	0	0
P97466	0	0	0
Q497D3	0	0	0
Q8BP87	0	0	0
Q5XKB2	0	0	0
P97938	0	0	0
Q8BZV1	0	0	0
Q8R209	0	0	37441000
P97762	191670000	185930000	176850000
Q3USM1	0	0	0
Q543U0	445520000	1062900000	762480000
P97784	0	0	0
D6RDD4	0	0	0
D6RDD4	0	0	0
Q6P6I8	0	0	0
Q5PXT5	304740000	296060000	292340000
P97808	0	0	0
P97814	26798000	4749000	25114000
G3UY97	0	0	0
Q8C2L5	80535000	61494000	18799000
Q3TTE6	0	0	80861000
P97858	118510000	197900000	72607000
Q8C7G6	0	0	0
P97864	387300000	352160000	230410000
A0A0R4J0Q4	0	0	0
Q6P550	0	0	0
P98064	0	0	0
Q4VAF4	0	0	0
Q3U0K9	0	0	0
Q3US22	182580000	160910000	93565000
Q3UPW7	0	0	83133000
Q9R1Z9	0	0	0
Q00780	0	0	0
A0A0R4J0X5	0	0	0
A0A2P9DUN6	0	734420000	0
Q00941	0	0	0
Q3UY12	0	0	0
Q8CCF8	0	0	0
Q8CBK2	0	0	0
F7CA39	1249700000	1547600000	1466500000
Q1HL33	78190000	66202000	68681000
Q9CY42	0	137020000	126350000
Q8BY39	53188000	100990000	49366000
Q01721	0	274300000	414060000
Q01965	0	0	0
Q3TLW5	0	0	0
Q02067	0	0	0
Q02525	0	0	0
Q02526	57783000	65917000	35923000
Q02614	118800000	119490000	188340000
Q03145	40558000	0	18856000
Q544T2	101200000	91582000	161200000
Q03311	0	0	0
A0A1B0GRF9	0	0	0
Q03402	0	0	0
Q03734	0	0	0
Q3V1K5	26585000	34949000	27669000
Q04742	114730000	182480000	206070000
Q8BNE5	0	0	0
Q04886	0	0	0
Q04887	0	0	0
Q04891	0	0	0
Q04892	0	0	0
Q4FJM4	32516000	57411000	36119000
Q05117	0	25507000	0
Q8CEV8	29869000	0	0
Q05685	0	0	0
Q8CEP0	212800000	0	0
Q91V39	0	0	0
A0A087WPT2	0	0	0
A0A571BD72	22777000	70842000	21497000
Q3UA33	6777500	4250800	4525600
Q3UC70	0	177530000	0
Q059U7	0	2014000	0
Q059U7	0	0	0
Q3UZS2	133580000	137320000	95912000
B9EKL9	0	0	0
Q7TMI7	154220000	125850000	156070000
Q5FW64	0	0	0
Q3U9N6	0	0	0
D3Z2I9	0	0	0
Q8BQ53	100070000	107890000	200080000
Q07139	0	0	0
Q3T9M0	0	0	0
Q07231	210610000	162950000	145720000
Q9CZF3	0	0	0
Q07456	0	0	0
Q07763	0	0	0
Q8C955	0	0	0
Q3UG81	62729000	41612000	18892000
Q3UER0	0	0	0
Q3UYR3	45061000	45084000	35143000
Q08122	0	0	0
Q08189	0	0	0
Q544H8	52087000	35184000	0
E3T928	0	0	0
Q08639	179210000	119860000	118600000
Q08652	0	0	0
Q8BVG5	0	0	0
Q5D0D8	0	0	0
Q09PK2	0	0	0
Q0GNC1	0	0	0
Q0KK56	0	0	0
Q8C4A6	0	0	0
Q9D334	0	0	0
Q0V8T7	96527000	251500000	169880000
Q0V8T8	0	0	0
Q0VAV2	0	0	0
Q0VBL1	0	0	0
Q0VDN7	48598000	49118000	42617000
Q5RKT9	0	0	0
Q544B8	0	0	0
Q8BSE9	84156000	59395000	36320000
Q148V8	0	0	0
Q149B8	0	0	0
Q149S1	0	0	0
Q149T7	0	0	0
Q3U3S3	0	0	0
F6WLR1	189540000	181970000	183860000
Q9CVL4	236670000	177110000	156880000
Q8BWE9	43660000	39119000	48465000
Q14B71	0	0	0
Q9WV04	0	0	0
A0A1Y7VP04	0	0	0
Q14DQ1	0	0	0
Q18PE0	0	0	0
Q1H9T6	0	0	0
Q1HKZ5	156960000	113180000	112810000
A0A571BFY6	0	0	0
Q1XH17	0	0	0
Q2MHE5	0	0	0
Q9D8A8	0	0	0
Q2NKI2	0	0	0
A0A494BBJ5	0	0	0
A0A494BBJ5	0	0	0
F6V7U2	0	0	0
A0A1L1SSY2	0	0	0
Q9D3E4	0	0	0
Q2VLH6	0	0	0
Q8BKT5	41069000	19019000	54044000
Q2YFS3	0	0	0
Q0WXH3	0	0	0
Q14C53	0	31795000	103520000
Q31108	0	0	0
Q32M07	0	0	0
Q32M08	33384000	29702000	33413000
Q32Q92	0	0	0
Q9CZQ1	30566000	29273000	37706000
F6T4Z4	0	37985000	66494000
Q3KNJ2	0	0	0
Q3KNK3	0	0	0
Q3KQJ0	0	0	0
Q8BW71	104960000	73865000	173220000
Q9D3Z4	31522000	0	0
Q3MI11	0	0	0
Q3T9X0	0	0	0
Q3TA38	0	0	0
Q3TA56	0	0	0
Q3TAE8	0	0	0
A0A494B8Y9	164340000	134850000	105070000
S4R1V2	0	0	0
Q3TBL6	0	0	0
Q3TBN1	0	0	0
Q8BZ22	0	0	0
P25085	0	0	0
Q9CUM4	0	0	0
Q3TCT4	46884000	31482000	22123000
Q3TCV3	0	0	0
Q3TD14	0	0	0
Q8BXJ5	160870000	241840000	355320000
Q8BJ97	0	0	0
Q3TEW6	131100000	287760000	152800000
Q3TFK5	157660000	163450000	141360000
Q3TYH7	6196100	0	0
Q61895	259870000	0	0
Q3TH73	0	0	50647000
P0DPB4	0	0	0
Q3TIT8	0	0	0
Q3ULP9	0	0	0
Q8BVC8	0	0	200810000
Q3TJD7	24620000	12248000	232600000
Q3TJM4	0	0	0
A0A0N4SVZ2	0	0	0
Q3TLH4	0	0	0
Q3TLR7	0	0	0
Q99K82	0	0	0
Q3TN34	0	16827000	21264000
Q3TNA1	66399000	64886000	96325000
Q3TNB8	78378000	138540000	103630000
Q3TNL8	35567000	20503000	26749000
Q8VHK4	0	5771300	2577600
J3QPC9	0	0	0
Q3TPR7	0	0	0
Q3TQF0	133620000	91390000	92159000
Q3TQS0	0	0	0
Q9WUJ8	0	0	0
Q3TSG4	269510000	149690000	336950000
Q9QZ49	0	0	0
Q3TUF7	106420000	131900000	125070000
Q3TUL7	0	91672000	79143000
Q3TUU5	215140000	158130000	168130000
Q569V8	138940000	0	128620000
Q3TVC7	33187000	28287000	47791000
Q3TVI4	21074000	0	0
F6Q720	0	0	0
Q3TWH3	14128000	17165000	8296800
Q9WV18	0	0	0
A0A338P798	0	0	0
Z4YLT1	0	0	0
E9Q4U6	24040000	33972000	0
Q9ES55	0	0	0
Q3UCS9	0	0	0
Q3TZX3	0	0	0
Q3U0M1	0	0	0
Q8R2L4	0	0	0
Q3U0X6	710310000	0	427890000
Q3U129	0	0	0
Q3U133	106790000	0	142030000
Q3TYS6	46275000	58594000	121730000
Q8C4Q1	202940000	98935000	110770000
Q8R1U3	0	0	0
Q3U1C4	105630000	69816000	0
E9QL22	134790000	99972000	86566000
Q8BVS4	293590000	248620000	325290000
A2ALH6	0	0	0
Q3U1J1	0	0	0
Q3UH28	0	0	0
Q3U1N2	69122000	68242000	85590000
Q3U1T3	527110000	676410000	790370000
Q3U1V8	0	185700000	141490000
Q3U1Z5	0	0	0
Q3U269	54764000	41475000	61094000
Q3U276	0	0	0
Q3U284	0	0	0
Q3U285	373290000	532770000	296780000
Q3U2A5	0	0	0
A0A0A6YWR9	0	0	26264000
A0A286YDI0	0	0	0
Q3U2J5	0	0	0
Q3U2K0	188740000	127490000	171250000
Q3U2S8	0	0	0
Q9WTY1	122770000	59927000	94764000
Q9CZI4	68629000	65986000	61504000
Q8R376	46736000	0	118130000
P50540	0	0	0
Q4FK35	0	0	0
A0PJN2	0	17062000	23171000
Q3U481	0	0	0
Q99LZ8	0	0	0
Q9EQK7	40253000	68756000	63296000
Q61144	0	0	0
E9PV36	636750000	452640000	700700000
Q3U5F4	82645000	93888000	180710000
Q9D3G5	0	0	0
Q3U6K5	0	0	0
Q3U6Q4	0	0	0
Q8VDE1	182940000	211930000	199970000
A0A286YCL6	111690000	0	0
Q8C1Q3	0	0	0
Q8BNA3	0	0	0
Q3U9F6	13408000	0	11409000
Q61337	0	0	0
Q9CSW3	0	0	0
A0A1Y7VK03	277690000	227440000	209240000
A2AUT3	0	0	0
Q9CSZ5	0	0	0
Q3UC65	0	0	0
B1AT06	0	0	0
Q811H2	0	0	0
Q8C713	0	0	0
Q3T9U1	0	35154000	0
Q9CX36	0	42991000	0
A0A2R8VI42	0	0	0
Q8VC12	91566000	120490000	63991000
F6V638	159410000	131860000	136900000
Q3US30	0	0	0
Q3UFM5	148020000	146620000	111960000
Q8CEZ8	0	0	92449000
A0A3B2WBC2	0	0	0
A0A0G2JH19	100210000	84762000	75548000
Q3UG98	100030000	52358000	68566000
Q3UH06	0	0	0
B2RRK2	34619000	39493000	57958000
Q8CGB7	0	0	0
Q3TAH2	0	0	0
A0A494BBA6	366200000	457730000	173860000
M0QW88	175680000	256990000	0
Q3UJ81	0	20834000	0
Q3TYF0	0	0	0
Q3UJZ3	0	0	0
Q3UK10	0	0	30073000
A0A286YDQ6	0	0	14642000
Q8CCA3	0	0	0
Q3ULA2	0	0	0
Q3ULQ2	0	0	0
Q3UMM4	0	0	0
Q09HN3	0	0	0
Q3UMY5	0	0	0
P21812	0	0	0
Q6P250	0	0	0
Q3UND0	6295600	0	0
A0A3B2W7U6	0	0	0
Q9JHK8	0	0	0
Q3UP38	0	0	0
Q3UP87	0	0	0
S4R2U9	0	0	0
Q3UVP7	44755000	0	94532000
S4R2D4	0	0	0
Q3UPV6	0	0	0
Q3UPW2	0	0	0
Q62217	22510000	0	0
Q3UQ17	0	0	0
Q3UQ28	152350000	131160000	196110000
Q3UQV5	35502000	34414000	30423000
Q3UR85	0	0	0
Q9CYM7	0	0	0
Q3URD3	0	0	0
Q3URJ8	0	0	0
Q3URQ7	378360000	586350000	673080000
Q3URV1	27350000	18846000	62432000
Q8BQ07	0	0	0
Q3US17	37438000	40403000	49340000
A0A140LIU6	0	0	0
Q3USL1	0	0	0
Q3TBC9	161310000	175720000	220980000
Q8C9T1	0	0	0
A0A087WRX7	54910000	0	0
Q3UTD9	0	0	0
Q3UTQ6	0	0	0
Q8C3I5	0	0	0
F8WHN0	0	0	0
Q8VCJ5	110170000	80069000	69138000
Q3UU96	0	0	0
Q9CUW6	269570000	259770000	168580000
Q3TNW6	0	0	0
Q3UV17	0	0	0
Q3UV55	0	0	0
D6RG80	11507000	12073000	18874000
Q9EPW9	0	0	0
Q3UVD5	0	0	0
A0A571BG90	0	0	0
Q8BXU6	0	0	0
Q3UVY1	0	37244000	29675000
Q3TQA8	0	0	0
Q3TPC3	0	0	0
Q3UX10	0	0	0
Q99MZ7	47772000	0	98788000
Z4YN37	0	0	0
Q8CAS3	0	64079000	0
Q3UY23	0	0	0
Q3TP53	0	0	0
Q3UY51	0	0	0
Q3UYV8	0	0	0
Q3UZ01	125470000	149330000	233400000
Q8C2J3	0	0	0
Q3UZZ6	0	0	0
F7ALR2	0	0	0
Q3V0I2	85357000	79750000	119610000
Q3V0J1	22396000	0	0
Q3V0Q6	0	0	0
Q811B5	359530000	378740000	176170000
Q64028	195240000	161890000	198570000
Q3V1G4	0	0	0
Q3V1H1	35945000	0	0
Q8BXB6	0	0	0
A0A0G2JF89	0	0	0
Q3V1N1	126680000	80054000	200630000
Q80YT8	183900000	119290000	65814000
Q3V1Z5	92801000	129490000	125360000
Q3V2Q8	0	0	0
Q3V300	148460000	116100000	235260000
Q14CG6	0	0	0
Q3V1Q5	230220000	167550000	157830000
Q3V4B7	0	0	0
Q8R2U5	54512000	46120000	29517000
F6TIK3	0	0	0
A0A3Q4EGM4	0	28308000	0
Z4YMJ8	0	0	0
Q499D0	40307000	0	0
A0A088DEG2	0	0	0
Q3UTV0	51502000	142660000	102120000
Q4FZG9	0	0	0
Q4G0F8	0	32870000	66968000
Q3U1R1	126800000	109570000	103390000
Q8C715	0	0	0
Q8C426	0	0	0
Q4LFA9	0	0	0
Q8CE15	0	0	0
Z4YKQ9	187850000	125640000	356310000
Q4V9W2	0	0	0
D3YY14	0	0	0
Q4VAC9	0	0	0
Q9CX96	68188000	62611000	85933000
Q4VBE4	0	0	0
Q4VBF2	0	0	0
Q3U6Y5	0	0	0
Q501J7	0	0	0
Q505F1	67377000	0	43681000
Q52KB8	0	0	0
Q52KE7	85270000	119730000	78566000
Q80TH1	0	0	0
Q52KG3	142700000	218640000	257820000
Q52KG4	0	0	0
Q52KG5	252760000	190550000	256070000
Q52KP5	0	0	0
Q52KR2	132870000	152120000	230520000
Q52KR3	0	0	0
Q9CX93	0	0	0
Q56A10	0	0	0
Q571C7	92865000	97557000	77205000
Q571G4	0	0	0
Q571J5	242290000	115160000	267320000
Q8BSD1	0	0	0
Q5BU09	193670000	192340000	257410000
Q5D073	0	0	0
Q5D1E7	0	0	0
A0A494B920	0	0	0
Q9CTH7	0	0	0
E9Q1I3	0	0	0
Q5DTZ0	50562000	55414000	63283000
Q5DU05	0	0	0
Z4YJZ7	1315900000	797840000	1288400000
Q3UN84	0	0	19585000
Q5EBH1	0	0	0
Q5EBP3	0	0	0
Q5EE38	59836000	47503000	98360000
Q5EER8	0	0	0
Q5F204	0	0	0
Q5F258	0	0	0
Q8C4T4	319150000	300600000	242920000
Q5F293	0	0	0
Q3V3H9	0	0	0
Q5F2L2	50838000	33239000	59663000
Q5FW60	0	0	0
Q9D314	0	0	0
Q8C5A0	0	0	0
Q8BKP6	37222000	41773000	54354000
Q5HZG9	0	0	0
A0AAA9WW52	90439000	66587000	54027000
Q8BXV7	42541000	0	51691000
Q8CJ74	158550000	128560000	161220000
Q5HZK1	0	0	0
Q3TCU2	0	0	0
Q62259	34066000	52592000	0
E0CY01	310220000	369930000	279120000
Q80XS2	93327000	61292000	57278000
Q5NCB3	0	0	0
Q5NCB9	0	0	0
Q5NCC4	53435000	76953000	0
Q9JIW4	0	0	0
Q5NCS9	34311000	42336000	35449000
Q8K0Z1	121720000	122610000	186130000
Q5ND29	0	0	525300000
Q3TV83	0	0	6259000000
Q9CSG4	77098000	107340000	75060000
Q5PT52	0	0	0
Q5RJ54	0	0	0
Q6NVE7	0	0	0
Q99L12	189890000	0	128060000
Q9CXP1	89480000	57082000	71310000
Q5RL51	57361000	0	92397000
Q5RL79	89785000	85084000	63484000
A0A140LJK6	0	0	0
Q8CHY4	345300000	0	0
Q91ZJ4	133800000	138000000	80107000
Q5SQ27	0	0	0
Q5SQF8	0	45751000	40184000
Q5SXA5	107080000	59088000	600470000
B1AU71	290390000	220440000	204980000
Q69ZW3	0	0	0
Q5SS90	0	0	40221000
F2Z4A6	0	0	0
Q5SSJ1	0	0	0
Q5SSL4	0	0	0
Q5SSN7	0	0	0
Q5SSZ5	0	0	0
Q5STE3	0	0	0
Q5SUE8	24763000	31609000	0
Q9WUT2	0	0	0
Q3UPG6	0	0	0
E0CXT1	0	0	25678000
Q5SV77	72844000	66909000	0
V9GXD9	0	0	0
Q5SVN9	0	0	0
Q5SW45	0	0	0
Q5SW46	0	0	0
F6ZVN6	1298700000	1495100000	1411300000
Q8C955	0	0	0
Q3UTM8	0	0	0
A0A0A0MQ70	0	0	0
Q571F4	0	0	0
Q5SWW4	189440000	194730000	211790000
Q3UUB1	0	0	0
Q8BLW0	40615000	33652000	584460000
Q5SX75	0	0	0
D3Z3D5	0	0	0
Q5SXG7	0	0	0
Q5SXI5	0	0	0
Q3V3D4	0	0	0
A0A0J9YV86	0	0	0
Q3U0H6	0	0	0
Q3TYD2	218260000	166800000	114590000
Q5SZT6	0	0	0
D6RDU0	158170000	165310000	171870000
Q5U419	0	0	0
Q5U464	0	0	0
Q8C8I1	0	0	0
Q5U4C9	25274000	26880000	28408000
Q6X2R9	332760000	345410000	543410000
Q99N85	0	0	0
Q5U680	0	0	0
Q8C929	0	60169000	0
O88447	0	0	72195000
Q3UM98	157200000	219430000	360610000
F6M2K1	118910000	86836000	164770000
Q8C2M5	94022000	63545000	0
Q5XKN4	347590000	361650000	1217500000
Q5Y5T1	0	0	0
Q5Y5T2	0	0	0
A0A338P749	117510000	112250000	152370000
Q60519	31920000	36641000	60953000
Q60590	0	0	0
Q6P8I7	0	0	0
Q60604	734760000	0	0
Q60613	0	0	0
Q99MT9	0	0	0
Q60644	0	0	0
Q9JHG5	0	0	0
Q3TRA0	67365000	82830000	0
Q60715	0	0	0
V9GXF4	0	0	0
Q3ULV5	0	0	0
Q60753	0	0	0
Q60764	0	0	0
Q62281	0	0	0
J7NUP1	0	0	0
Q3TBB9	28608000	0	33089000
Q9D153	0	0	0
Q60773	0	0	0
Q05CC0	5250400	0	0
Q60779	47682000	56012000	101790000
Q60821	0	0	0
Q60838	230010000	234870000	352070000
Q60843	0	0	0
Q60848	0	0	0
Q8K355	0	0	0
A0A087WSP9	173950000	157950000	106190000
Q60876	499120000	216870000	379290000
Q60898	168240000	155250000	100690000
Q5XFZ5	0	0	0
Q60929	1669900000	783000000	876160000
Q60929	0	0	0
Q4V9V2	35363000	0	0
A0A0G2JE81	0	0	0
Q60987	270140000	495980000	323090000
Q7TSI6	217910000	322590000	210000000
Q8BRW2	39037000	39137000	49383000
D3Z5U8	0	0	0
Q61010	76275000	125090000	112370000
Q8BMQ1	0	0	0
Q6P8Y9	0	16591000	16250000
Q3UR33	0	0	0
Q3UR33	0	0	0
A3KGC5	0	0	0
Q7TT21	133710000	181420000	125280000
F8WGH6	105520000	91448000	92633000
Q8C5G8	176680000	105020000	126890000
Q3UVM5	0	0	0
Q61086	419330000	563240000	769960000
Q61091	0	0	0
F6ZK01	0	0	0
Q5SXE4	0	0	0
Q3TQB0	96876000	86019000	26291000
S4R2L1	161460000	137380000	185300000
Q61129	0	0	0
Q61146	0	0	0
A0A087WPR5	0	0	0
Q3U2D0	0	0	0
Q3U575	195010000	244960000	259640000
Q3UTH4	206110000	168880000	166410000
Q61221	0	0	0
Q5ND36	0	0	0
Q61286	45062000	61500000	57243000
Q9CU19	0	0	0
Q8CBL0	0	0	0
Q3UQT2	0	0	0
Q61382	106030000	63903000	106410000
Q8BNU9	0	97463000	178920000
Q61398	0	0	0
Q61457	51542000	51755000	119700000
Q8C5D4	0	0	0
Q61471	0	0	0
Q9R1C3	0	0	0
Q61483	0	0	0
Q8K2Y1	212080000	150160000	218610000
Q61500	0	0	0
Q61526	0	0	0
Q8C8P0	58142000	40344000	94818000
Q61542	157640000	126850000	166670000
Q61555	0	0	0
Q61584	0	0	0
F8VQC7	0	671120000	0
Q8CF68	0	0	0
Q80T33	0	0	0
Q3UYN0	46138000	47025000	0
Q61646	30231000	0	29715000
Q61660	0	0	0
Q61666	940190000	1213400000	1361800000
Q61666	0	0	0
Q61666	0	0	0
Q80YV1	0	0	0
A0A498WFQ1	0	0	0
Q61712	0	61305000	34941000
Q61738	0	0	0
Q3TWK2	0	0	0
A0A1B0GT90	0	0	0
Q61759	0	0	0
Q61762	0	0	0
Q8CC52	0	0	0
Q61790	0	0	0
Q61805	0	0	0
Q61827	0	0	0
Q61845	0	0	0
A2ALR0	58927000	48805000	70745000
Q545D8	0	0	0
V9GXM7	0	0	0
Q61908	140050000	233520000	82359000
Q61967	0	50850000	66990000
A0A494BAZ6	0	0	0
Q61990	189520000	487850000	372100000
Q62000	0	0	0
F7C9H0	0	0	0
Q62011	0	0	0
Q62035	0	0	0
Q62084	894010000	780410000	774070000
Q62101	126550000	125880000	220300000
Q9JLJ9	0	0	0
Q6NXW5	0	0	0
Q62137	0	0	0
Q62159	45400000	50066000	38504000
Q62176	42805000	0	24032000
Q8BPQ1	57480000	37683000	74127000
Q8BQM3	0	0	0
Q62252	0	0	0
Q62255	70717000	0	0
Q3TTX2	0	0	0
Q8BPB6	34965000	44240000	37075000
Q62266	0	0	0
Q62273	0	0	0
Q62276	182640000	179170000	126890000
Q8VHB0	0	0	0
Q78JJ8	0	55367000	73213000
Q62315	89831000	122730000	60005000
Q62356	0	48778000	75714000
Q62371	0	0	0
Q62392	0	0	0
Q62398	0	0	0
Q3TU57	0	0	0
Q3TU57	0	0	0
Q62431	0	0	0
Q62441	0	0	0
Q3URI0	0	0	0
Q8CEJ4	80145000	0	0
Q8CB84	0	0	0
Q62481	82111000	112610000	128160000
Q62507	0	0	0
Q62511	0	0	0
Q62513	27543000	0	0
Q62559	0	0	0
Q9D2S5	162920000	178090000	126300000
Q63880	0	0	0
D6RIP6	150440000	146250000	138580000
Q63ZV0	0	0	0
Q9JLR7	0	0	0
Q64028	0	0	0
Q9CVI9	28608000	52080000	0
Q640N1	0	0	0
Q9D1Z5	0	0	0
Q3UXE8	0	0	0
Q8BPJ1	0	0	0
B1AUG0	67594000	56618000	74280000
Q64151	641020000	852490000	559260000
Q64152	0	0	0
Q3U4J9	196390000	220120000	272010000
Q8BZP1	0	0	0
Q8R4W5	266250000	214250000	228050000
A0A0G2JG11	0	0	0
Q3THB2	0	0	0
Q8BRX4	251290000	233560000	308230000
Q8C2A1	0	0	0
Q3UUK6	0	0	0
Q64318	0	0	0
Q64321	0	0	0
M0QWY7	25449000	29253000	0
Q64327	495030000	465290000	745170000
Q64337	0	0	0
Q8K0F6	0	0	0
Q64374	0	0	0
Q64387	68509000	0	0
Q80V82	0	0	0
Q64435	0	0	20067000
Q9D748	0	0	0
Q64445	0	0	0
Q14AX9	0	23038000	0
Q3U4M7	0	0	0
Q64520	0	0	0
Q9JJM6	0	0	0
Q8CA36	0	225980000	0
Q8BY70	267970000	191370000	262760000
A2AUV5	0	0	0
Q62017	197350000	145990000	200630000
Q8CCD4	60164000	59107000	73753000
Q64726	0	0	0
Q9D5H8	103020000	130080000	208850000
Q3UUU1	0	0	0
Q64HY3	94764000	64937000	0
A2ATR6	0	0	0
Q66JW3	52895000	55087000	0
Q66K08	0	0	0
F6WAU7	0	0	0
Q66PY1	265840000	186290000	155820000
Q673H1	84396000	143240000	0
Q2LKU9	0	0	0
Q99J68	329730000	166540000	303560000
Q68FD7	26921000	86933000	97055000
Q68FE7	325170000	292440000	361020000
Q68FF7	77120000	141340000	174470000
Q68FG0	294720000	406280000	324470000
Q8BKR7	0	0	0
Q69Z66	141790000	0	194210000
Q69Z69	0	0	0
G3UZ00	0	0	0
G3UZ00	0	0	0
G3UZ00	568590000	0	1017700000
Q69ZB3	61547000	59743000	61681000
A0A087WSQ9	3659600000	3951700000	3213500000
A0A087WNL5	81041000	82187000	99732000
Q69ZK5	117740000	96547000	66233000
Q9D9B2	0	0	0
Q69ZP3	0	0	0
Q69ZT1	0	0	0
A0A1W2P853	89546000	83513000	281980000
Q6A085	38528000	97418000	76101000
Q80YC3	0	0	0
Q6BCL1	0	0	0
Q6DFU8	74378000	92581000	95336000
Q3UU24	44538000	77248000	76398000
Q6DFV3	0	0	0
Q6DFX2	0	0	0
Q8K147	0	0	152710000
Q6DG52	0	0	0
Q6DI86	45110000	35171000	35178000
Q6DIA2	0	0	0
Q6DIB5	0	0	0
Q8BSK0	61637000	0	0
B0YIS0	0	0	0
Q99K07	0	0	0
E9Q9S3	502770000	366970000	0
Q6GQR8	83602000	82746000	0
Q6GQX2	0	0	0
Q9QYJ1	57562000	58108000	78684000
Q6GU68	134240000	96779000	0
Q6IE82	38030000	71063000	0
Q61726	0	0	0
Q6IQY5	218830000	248740000	107630000
Q8K0Y4	161550000	118280000	60469000
Q6KAU8	0	0	0
Q6KCD5	0	0	0
Q6NS45	0	0	0
A0A1Y7VLG5	0	0	0
Q6NS69	0	0	0
Q6NSQ5	0	0	0
Q6NSQ7	89708000	174920000	156610000
Q6NSR3	200790000	168730000	92308000
Q7TNU1	120090000	117180000	154220000
Q6NV52	0	0	43713000
Q8BHQ4	60300000	44456000	35245000
Q8CB73	160450000	115030000	173610000
Q6NVD0	41690000	68558000	49907000
Q6NVD9	0	0	0
Q6NVE3	43209000	34800000	27258000
Q6NVG7	95236000	22674000	25283000
Q6NWW5	0	0	0
Q6NWW9	74691000	47989000	68965000
A8Y5Q7	0	0	0
Q6NXH8	0	0	0
Q6NXK5	52779000	54743000	74806000
Q8K2N2	14210000	69160000	32953000
A0A286YCW1	13107000	0	22909000
F6T4B0	0	106460000	74264000
Q6NXY9	0	0	0
Q9D4P0	0	0	0
Q6NY15	0	0	0
Q6NZB1	62010000	74183000	63644000
Q2PHE9	0	0	0
Q80ZG4	0	0	0
Q6EVH9	0	47957000	33507000
Q6EVH9	0	0	0
Q5DTX1	188460000	150360000	197280000
A0A087WSF0	0	0	0
E9Q640	302910000	354560000	401260000
Q9D3Z7	0	0	0
Q6NZP2	0	0	0
Q6NZP4	0	0	0
Q6NZQ2	291520000	274940000	345210000
Q6NZQ4	77204000	69187000	110240000
Q6NZR2	90672000	88196000	81364000
Q3UUS1	0	0	0
Q6P0X2	150720000	164970000	129540000
Q6P1B3	0	0	0
Q8C5M9	0	0	0
Q6P1C1	0	0	0
Q3UXP7	0	0	0
Q8C949	294380000	365220000	335050000
Q8C558	0	0	0
Q6P1J0	716200000	968470000	1511500000
Q6P3A4	0	0	0
Q6P3A9	0	0	26513000
Q6P3B2	0	0	0
Q6P3E7	31130000	50221000	0
Q6P3Y5	179320000	173560000	276010000
A0A087WQL4	0	0	0
Q3UVE8	178150000	159080000	66974000
F6U8X4	0	0	0
P97480	50597000	52779000	39968000
Q8BHP3	0	0	0
Q9CSQ3	108060000	154230000	199010000
Q3V415	0	0	0
Q9ER74	0	0	0
Q3TZE1	0	0	0
Q8BKW1	133350000	180630000	146770000
Q6P5G6	0	0	0
E9PZ03	0	83022000	0
Q6P6J4	0	0	0
Q6P6K7	0	0	0
Q6P7W2	0	0	0
Q6P7W5	71272000	68839000	65526000
Q6P8H8	45100000	39759000	30310000
Q6P8I6	311300000	92229000	169430000
Q6P8J7	0	0	0
Q8C4Z5	0	0	0
A0A2I3BPX5	0	0	0
B7ZNJ3	0	0	0
Q6P9L6	177600000	187240000	346540000
O35060	229290000	323570000	293650000
Q8C8S0	0	0	0
Q9D6S8	292720000	325150000	504690000
Q6P9S7	0	0	0
Q6PAL0	11854000	0	64902000
Q9D043	0	87778000	0
Q6PAN7	0	0	0
Q6PAQ9	0	0	0
Q6PAR0	554390000	456320000	608950000
Q6PAT0	0	112490000	214040000
Q6PB51	146970000	114710000	0
A2AGB8	79425000	71555000	52343000
Q9JI20	193720000	155040000	147020000
Q6PB90	0	0	0
Q6PB97	283900000	220310000	265370000
Q6PCL9	122370000	89077000	152010000
Q8BX11	142150000	107200000	98199000
Q6PCN7	67605000	82159000	61991000
Q3V436	0	0	0
Q6PCP5	378720000	496880000	0
Q6PCP5	0	0	0
Q3V1D2	0	0	44877000
Q5SQY9	21576000	16046000	0
Q6PD05	0	0	0
A2AKW4	85107000	103120000	64389000
Q6PD29	0	0	0
Q6PDD0	0	0	0
Q6PDK0	0	0	0
Q6PDK8	90811000	104990000	62754000
Q6PDM1	440790000	320190000	484600000
A0A1Y7VMC0	183250000	0	159980000
D6RI25	0	0	0
Q5SXR4	674350000	1099600000	542540000
Q6PE65	0	62481000	0
Q6PEB4	0	0	0
Q6PEE2	0	0	0
F6QD87	0	0	0
Q6PFD6	0	0	0
A2AML9	96537000	81361000	81598000
Q6PFH3	0	23844000	0
Q6PFQ7	13323000	5905100	8279500
Q3TNU2	0	0	0
A0A2I3BQY3	0	0	0
Q6PFX7	1426400000	1474600000	1787100000
Q6PFX8	0	0	0
Q8CER7	1883200000	423810000	305120000
E9QA76	147250000	132440000	201690000
Q6PGA0	0	0	0
Q6PGA0	0	0	0
Q6PGD2	0	0	0
F7AIU6	1145800000	703570000	1488500000
O88809	0	0	0
A0A0A6YX33	0	0	0
A0A0A6YX33	405180000	100380000	94824000
Q6PH08	0	0	0
Q6PHN7	0	0	0
Q6US92	59104000	77874000	71138000
Q920H7	0	0	0
Q920H7	0	0	0
Q8CCM0	0	0	0
Q8CCM0	0	0	0
Q9CW73	60990000	51825000	0
Q3UV62	66359000	64083000	80577000
Q6PJN8	55598000	49109000	0
Q6Q477	0	0	0
A0A286YDY3	0	0	0
Q8CF26	91919000	87207000	84312000
Q6R5N8	79871000	132380000	106110000
S4R2B5	0	0	0
Q8CCP7	0	0	0
Q6SJQ0	0	0	0
Q6TCG2	0	0	0
Q6PDF5	87014000	57506000	128530000
Q6P395	0	0	0
Q921F2	0	0	0
Q6W9K6	0	0	0
Q6WKZ7	0	0	0
Q6X7S9	0	0	0
Q3TMS8	0	0	0
Q6Y5D8	67201000	33956000	0
Q6YGZ1	0	359780000	0
Q9QXC1	0	0	0
H3BKD9	0	0	0
A0A2I3BRJ9	0	0	0
O08548	44762000	26995000	101680000
Q6ZPI0	0	0	0
Q6NS55	0	0	0
Q6ZPR5	0	0	0
Q6ZPR6	305950000	313380000	432000000
Q6ISX3	0	0	0
Q6ZQ06	80780000	0	122430000
Q8CGI8	152450000	154030000	376340000
Q8BWK5	0	0	0
A0A087WS55	65978000	284700000	96697000
Q8K2P5	0	0	0
Q6ZWT2	0	0	0
Q6ZWT2	0	0	0
A0JLP8	0	29571000	49863000
Q99P24	669810000	569740000	551180000
Q8BQ62	0	0	0
Q5RJI9	0	0	0
Q71B07	163170000	155340000	151030000
Q71FD7	494510000	430320000	418140000
E0CX82	0	54028000	74823000
Q3TQ28	0	0	0
A0A2R8W6H5	0	0	0
F7BP45	123800000	91548000	130380000
A0A1Y7VL74	0	0	0
F7BPB5	417540000	397510000	424900000
Q76HP3	0	0	0
Q76K27	711710000	612140000	990860000
Q76KF0	0	0	0
Q78IS1	117170000	135030000	112270000
Q78JT3	0	0	0
Q9ER36	0	0	0
Q78RX3	0	0	0
Q78T54	0	0	0
Q78TF3	31178000	16585000	0
Q78XF5	1640500000	1846900000	3002800000
Q05CW9	16591000	32969000	115410000
Q78YY6	0	0	0
Q792Z1	0	0	0
Q794H2	0	0	0
Q8K167	0	0	0
Q7M6Y2	220330000	125490000	237780000
Q7M6Z4	0	62616000	0
Q7M732	22921000	0	0
Q3USF2	126020000	81788000	48337000
Q7TM95	0	0	0
Q7TMB8	187880000	0	176780000
A1IGX7	0	354620000	291370000
Q8BV98	289570000	255080000	137740000
G3XA76	0	609390000	193020000
Q7TML3	96031000	96462000	116500000
Q7TMM8	70710000	0	0
Q7TMN8	0	0	0
Q7TMV1	0	0	0
Q7TMX5	99440000	88439000	134930000
Q7TN02	0	60270000	0
E0CZ77	0	0	3219800
Q7TN16	0	0	126510000
Q7TN22	337690000	315940000	346820000
Q7TN31	62861000	35369000	60253000
Q99K19	0	0	0
Q7TN83	58796000	81385000	87046000
Q0VEC9	0	0	0
Q9CUV0	0	0	0
A0A1W2P7W9	0	0	0
Q7TNC8	49874000	50361000	0
Q7TND5	148870000	107380000	96293000
A0A1L1STK5	252950000	230180000	82375000
Q7TNI2	0	0	0
Q7TNK1	0	0	0
Q9CSE2	0	0	0
Q7TNL7	0	0	0
Q7TNT2	0	0	0
Q8BIA9	0	0	0
Q7TNU6	0	0	0
Q7TPC1	0	0	0
Q7TPD3	44056000	43696000	51500000
B1ASP0	0	0	0
Q7TPE5	173180000	98540000	182260000
Q7TPM1	0	0	0
Q7TPS5	0	0	0
Q9CV32	0	0	0
Q7TPX5	0	0	0
Q8K2P0	88050000	92113000	131760000
A0A0R4J0E2	0	0	0
Q7TQ48	0	0	0
Q7TQC5	99903000	116050000	103790000
Q9D3E7	0	0	0
Q505G2	90723000	85688000	86784000
Q7TQG0	0	0	0
Q3TYH7	0	0	0
Q7TQH7	0	0	0
Q7TQI8	16022000	17796000	0
Q7TQJ8	0	0	5210400
Q9D6H3	124110000	85216000	127080000
Q7TS68	76744000	66415000	84397000
Q7TS72	203230000	176860000	229120000
Q7TS74	0	0	0
Q7TS75	0	48783000	68017000
Q7TSA6	0	0	0
Q7TSH3	71026000	0	68530000
Q7TSJ2	0	0	0
G3UYM3	0	0	0
F6XNR8	0	0	0
Q7TSN6	0	0	0
Q8BPJ8	0	0	0
F6WZB3	0	0	0
Q8BK34	73155000	60148000	72979000
Q7TSV9	39949000	39593000	0
Q7TT00	0	223370000	83083000
Q8C343	67746000	39243000	32345000
Q80SU7	0	0	0
Q99JV5	0	0	0
Q80SX5	0	0	0
Q80SY3	0	169380000	0
Q9CVV2	0	0	0
Q91YP4	0	0	0
D6RG56	190380000	158010000	252440000
B7ZNG7	0	0	0
Q8VCB7	22174000	13885000	44511000
Q497T4	44452000	72841000	48749000
Q3TB76	89648000	128480000	150930000
Q80TI1	0	0	0
Q80TL7	0	0	0
Q80TS7	0	0	0
Q3UF06	0	0	0
Q80TY4	0	0	0
B1B0B8	0	0	0
B1B0B8	0	0	0
Q2NLC0	135530000	93160000	174160000
Q80U30	0	0	0
Q80U58	0	0	0
Q80U78	143540000	0	124600000
Q9CYH0	49699000	25251000	208540000
Q80UF7	0	0	0
Q80UG1	0	0	0
Q80UI7	0	0	0
Q80UJ1	0	0	0
Q80UK7	0	0	0
Q8C1M4	321960000	284670000	146380000
A0AAA9WVZ7	0	0	0
Q80US4	183470000	206310000	178590000
S4R1B9	253700000	249400000	303870000
Q80UW0	88666000	90212000	0
Q80UW5	186650000	107120000	354320000
Q80UX8	251280000	290720000	179370000
Q8BZ68	0	0	0
Q80UZ2	218750000	211040000	191400000
D3Z130	94766000	122200000	66955000
V9GXW2	0	0	0
Q80V53	0	98003000	0
F7CAP1	74807000	32519000	80565000
Q80V70	0	0	9260700
Q9DB68	26086000	27401000	0
Q3V4A4	207160000	213260000	259780000
D6RJM1	257380000	136330000	412870000
Q80V86	291250000	372120000	361280000
Q9JLM6	0	0	0
Q80VC6	0	0	0
Q80VF6	0	0	0
D3YVX5	86816000	64782000	149830000
Q80VJ3	1368500000	1215600000	960810000
Q8BWF8	0	0	0
Q80VM4	70501000	61387000	91222000
Q8C8I1	0	0	0
Q9D2N5	0	0	0
Q80VP1	0	0	0
Q80VP2	0	0	0
Q80VP8	59853000	120260000	0
Q80VR3	0	0	0
Q80VW7	0	0	0
J3QNQ9	174590000	161800000	119650000
Q80W15	528180000	630560000	574440000
Q80W26	0	0	0
Q80W31	0	0	49089000
Q80W40	0	0	0
Q80W71	52985000	67085000	74439000
H3BL46	0	0	0
Q80WC1	64264000	52848000	97336000
Q80WC3	73629000	94120000	123940000
Q80WM5	0	0	0
Q80WM9	0	0	0
Q8BJ16	0	0	0
Q80WR1	0	0	0
E9PUH0	0	0	0
A0A0N4SVI6	93399000	87381000	128410000
Q80WY3	0	0	0
Q8BZ69	131870000	130750000	92935000
Q8BZ69	0	0	0
Q80X72	0	0	0
Q80X81	0	0	0
Q80X89	0	0	0
Q80XC6	240350000	210750000	149460000
D3YXQ4	0	0	0
B1AUZ4	0	0	32870000
Z4YKC4	0	0	0
A0A494BBI0	0	0	0
Q80XL7	34420000	44765000	58886000
Q80XP8	109780000	108460000	146920000
Q5DU47	0	0	0
Q8CCJ8	0	0	0
Q8BY60	878710000	1028400000	549190000
Q80Y34	0	0	0
Q80Y44	275270000	147520000	197820000
Q80Y50	0	0	0
Q80Y61	0	0	0
Q80Y75	0	0	0
Q80YA8	37190000	0	0
Q80YC5	0	0	0
Q9ER49	121180000	134040000	85865000
Q571J1	0	0	1882300
Q80YX1	0	0	0
Q9QY74	0	0	0
Q80Z37	0	0	0
Q80Z38	0	0	0
Q80Z38	0	0	0
Q8K0P0	0	0	0
Q80ZD3	0	18992000	23259000
Q80ZD9	0	0	0
Q80ZE5	0	0	0
Q80ZI2	0	0	0
Q80ZK0	91960000	81938000	159500000
Q80ZM7	0	0	0
Q80ZQ5	17610000	0	30333000
E9PXA2	0	0	0
Q8BT02	0	0	0
Q810I0	59172000	0	82956000
Q3UMM9	0	0	0
Q3V0G8	140310000	104240000	198620000
Q810L4	0	0	0
Q6P9Y5	0	0	0
Q811B1	0	285560000	129790000
Q8CD64	0	0	0
Q811M1	0	0	0
Q811W0	0	0	0
Q811W2	0	47840000	0
Q812A5	88728000	67668000	66622000
F7BME0	114450000	140450000	168060000
D6RG46	63509000	0	0
Q3U3P5	0	0	0
B9EHM1	37608000	28649000	0
Q8BFR2	1991200	0	23991000
Q8BFS9	59382000	63260000	43725000
A0A2I3BQW1	0	75206000	40374000
Q8BFT6	0	0	0
A0A1W2P848	0	1449400	0
E0CZF4	0	0	0
Q8BFU8	0	0	0
Q8BFW9	0	0	0
Q8BFX1	0	0	0
Q8BG13	0	0	0
Q8BG17	179210000	123880000	104390000
D6RHA9	603390000	405860000	215020000
Q9CVB4	0	0	52735000
Q8BG37	0	0	0
Q8BG48	0	0	0
Q8BG50	0	0	0
F7ASU3	0	0	0
F7ASU3	0	0	0
Q91X82	23539000	14653000	12179000
Q8BG75	0	0	0
Q8BG79	858300000	619630000	1220000000
Q8BG80	0	0	0
Q8BG84	0	0	0
V9GWW7	0	86707000	0
D3Z698	0	50010000	78987000
Q8C666	173620000	220370000	0
Q8BGD7	0	0	0
Q8BGD8	0	0	0
B9EI54	0	0	0
V9GXF9	0	0	0
Q8BGI4	0	0	31149000
Q8BGI5	104220000	117180000	90857000
F7D8X7	0	0	0
Q8BGK6	275490000	298460000	236070000
Q8BGQ2	0	0	0
Q8BGQ4	112640000	105220000	130020000
Q8CDD7	0	0	0
Q8BGS0	215220000	277900000	246610000
Q8BGS7	257810000	0	206730000
Q8BGT0	0	21548000	0
Q8BGT9	0	0	0
Q8BNA7	46662000	85363000	113040000
E0CYT7	140170000	0	0
Q8BGW2	0	0	0
Q8R2P2	0	0	0
Q8BGW6	0	0	0
Q8BGX7	0	0	0
Q8BGY2	0	0	0
Q8BGY3	194620000	0	0
Q8BGY4	69796000	0	41091000
Q8BGZ3	25415000	0	0
Q8BH00	379810000	376250000	402410000
Q8BH02	0	0	0
Q8BH07	0	41652000	0
Q8BH10	0	0	0
Q8BH16	0	55059000	78533000
Q8BH18	0	0	0
Q8BH31	200550000	139570000	128850000
Q8BMF6	373200000	312840000	302120000
Q8BH35	0	0	0
Q8BH47	123700000	120620000	125840000
Q8BH52	0	0	0
V9GXH8	36860000	0	0
Q8BH73	0	0	0
A0A1W2P811	146980000	177410000	121070000
Q99P72	0	0	0
Q8BH93	0	361200000	970850000
Q8BHA0	0	0	97495000
Q8BHA1	0	22430000	0
Q8BHB0	0	0	0
Q8BHC0	0	0	0
Q8BHC7	0	0	0
Q8BHD0	100120000	0	37488000
Q8BV94	0	0	0
Q8BHD8	356130000	369800000	299280000
Q8BHE0	0	0	0
Q8BHE1	45751000	73872000	103360000
Q8BHE4	0	0	0
Q8BHE5	0	0	25829000
Q8BHH1	0	0	0
Q8BHH9	122410000	120740000	288520000
D3Z0Z6	0	0	0
Q8BHI9	0	0	0
Q8BHJ7	176890000	100860000	236570000
Q8BHK0	0	0	0
Q8BHK3	0	0	0
Q8C4L5	0	0	0
Q8BHL5	0	0	0
Q8BHL7	0	0	0
Q3UE86	485970000	721040000	382890000
Q3UE86	0	0	0
Q8BHR2	89291000	71926000	71484000
Q8BHT7	64829000	82117000	57309000
A0A494BB26	0	0	0
Q8BHX3	0	0	0
Q8BHY2	388970000	427780000	431760000
Q14AX8	264410000	220070000	162040000
Q8BI29	0	0	0
Q8BI66	0	0	0
Q3TQ22	186980000	290740000	137540000
Q8BIC7	0	0	0
Q8BID8	0	0	0
Q66L41	161170000	218810000	196910000
Q7TN11	0	0	0
Q8BIL2	0	0	0
Q8BIQ6	0	0	0
Q8BIS1	13563000	14503000	34612000
Q8BIS8	0	0	0
Q8BIW9	41450000	37004000	72214000
Q8BYU1	355610000	345800000	367930000
Q0P4Z5	0	0	0
Q8BIZ0	140460000	89660000	339690000
Q8CBC9	0	0	0
Q8BIZ6	0	163230000	222860000
A0A1Y7VP61	0	0	0
Q3TY52	436880000	389160000	383390000
Q8BJ48	8615800	8072900	8287400
Q8BJ51	0	0	0
Q8BJ56	0	89081000	100750000
A0A2I3BRQ4	82790000	75207000	71881000
Q8BY20	0	0	0
Q8BJ83	0	0	0
Q8BJ90	86084000	102340000	129190000
Q8BJA2	0	0	0
Q499W3	0	0	0
A0A0J9YU06	0	0	0
E0CZA8	0	87118000	113640000
H3BKR6	31414000	49338000	56642000
Q8BJQ4	0	0	0
A0A0R4J1S7	0	0	0
Q8BJU0	0	260270000	297360000
Q9CU17	103610000	43190000	31881000
Q8BK62	0	0	0
Q3TVX1	0	0	0
Q8BKA3	0	0	0
Q8BKF1	383860000	218500000	291480000
A2ABY8	0	59703000	119740000
Q8BKK4	0	0	0
Q8VDT8	0	0	0
Q3V355	41869000	69174000	65535000
Q8BKT8	190040000	193050000	278040000
Q8BKW4	21377000	0	28216000
Q8BL03	93557000	81239000	81959000
Q8BL43	0	0	0
Q8BKD1	0	0	0
Q8BKD1	0	0	0
D3Z2L1	0	0	0
Q8BL80	0	0	0
Q8BLB0	49339000	0	0
Q8BLB8	0	0	0
Q921F2	0	40890000	0
Q8BLG0	86545000	103930000	43430000
Q80UD5	0	0	0
Q8BLI4	0	0	9770800
A0A338P7B4	0	0	0
A0A0A6YY70	0	0	0
Q8BLS7	0	0	0
Q8C0J3	0	0	0
A3KFV7	0	0	0
Q8BLY1	87373000	137100000	0
Q8BLY7	29439000	35124000	0
Q8CGC4	0	0	0
Q8BM47	0	0	0
Q8BM75	166400000	119670000	100760000
Q8BM88	0	0	0
Q8BMA3	0	0	0
Q8BMA5	0	0	0
Q3USB6	494030000	397790000	765650000
Q8BMC0	0	0	0
Q8BMC3	0	0	0
Q8BMC4	491010000	594550000	817410000
A0A2I3BQL2	72715000	83074000	81587000
A0A1W2P7L4	0	0	0
Q1WWL0	0	0	0
Q8BMJ8	0	0	0
Q8BMK1	418210000	0	0
Q8BMK5	0	0	0
Q8BMT4	0	0	0
Q5SP86	11711000	44632000	79981000
Q8BN58	256050000	142990000	326050000
Q8BN82	82910000	24785000	0
Q8BNI4	0	0	0
Q8BNQ3	0	0	0
Q9D2H6	0	0	30389000
Q8BP01	0	0	0
Q8C687	0	0	0
P58771	0	0	81099000
A0A140LIA4	28449000	0	0
Q8BP97	58546000	67666000	0
Q3TRR8	0	0	0
B2M0S5	0	0	0
Q8BPK2	0	16252000	0
Q8BPS4	106050000	85111000	75844000
Q8BPX9	0	0	0
Q8BQB4	116030000	0	275500000
Q8BQM7	0	0	0
Q8C4G0	116690000	114930000	129770000
Q8BQN6	0	0	0
Q3U4R6	0	0	0
Q8VDR4	0	0	0
Q8BQR4	14104000	35277000	0
Q53YY3	0	0	0
Q2HJ05	0	0	0
Q8BQX0	0	0	0
Q8BQX5	0	0	0
Q8BQY8	0	0	0
Q8BR37	0	0	0
Q501M5	156820000	97488000	178600000
Q8BRM2	321130000	342410000	276920000
Q8BS03	0	0	0
Q8K048	586720000	703500000	535790000
Q8BSA9	0	46873000	113680000
Q78WV9	0	0	0
Q8BSL7	252750000	443540000	412950000
Q8BSN5	129470000	95464000	119240000
Q8BSP2	38367000	41928000	30766000
Q8BSU7	0	58460000	73781000
Q8BT51	0	0	0
Q8BTE5	109450000	67568000	0
Q8BTF7	70936000	98259000	111460000
Q8BTG7	0	0	0
Q8BTH6	0	33779000	0
A0A338P6U3	0	0	0
Q8BTP3	0	0	0
Q8BTQ0	0	0	0
Q8BTU7	0	0	0
Q8BTW8	81497000	104970000	108590000
Q8K0U2	90370000	132010000	127130000
A0A286YDR1	0	0	0
Q8BU00	0	31151000	0
Q8K2C4	1014300000	1270200000	1059600000
Q8BU25	0	0	0
Q8BUE4	0	0	25513000
Q8BUH1	0	0	0
Q9QXL8	115800000	78903000	133730000
Q8BUI3	81783000	137990000	163600000
Q8BUJ9	74388000	85756000	124690000
Q8BX26	0	0	0
F6RT95	104780000	0	0
Q8BUP8	0	0	0
Q9CRL6	0	45036000	45562000
Q8BUR3	209280000	104490000	72306000
Q571C2	0	0	0
Q9CVB3	42601000	0	0
Q8BWJ6	75165000	70407000	39743000
Q8BV23	0	0	0
Q8BUE6	0	0	0
Q8BVF7	0	0	0
Q8BVH9	69971000	114610000	120980000
Q8BMX5	0	0	0
Q8BVK9	18949000	0	0
Q8BVL9	0	0	34129000
Q6P078	0	0	0
Q8BVM9	0	0	0
Q3T9K3	284570000	196290000	153600000
Q8BVW3	0	15792000	0
Q8BWQ2	121550000	0	149750000
Q8BVZ1	0	0	0
Q8BVZ5	0	0	0
Q8BW00	0	0	0
Q8BW77	145330000	189870000	337060000
Q8BW49	0	0	0
Q9DB50	0	0	0
Q3UH04	0	0	0
Q3UR82	0	0	0
A0A140LJI3	0	0	0
Q3U172	0	0	0
Q8BWG9	0	0	0
Q8BWH0	0	0	0
Q8BYE2	0	0	0
Q8K256	0	0	0
Q811V2	0	0	0
Q8QZU5	0	0	0
Q8BWR8	0	0	0
Q8BWT5	0	0	0
Q8BWU1	0	0	0
Q8BWU3	0	0	0
Q8BWY7	174710000	143540000	231800000
Q8BX05	0	0	0
Q8BX10	0	0	648270000
Q8BX35	0	0	0
Q8BX43	0	0	0
A0A1L1SUY8	0	0	0
Q8BXJ2	55411000	48566000	64636000
Q8BXN7	0	0	0
Q8R1R3	0	0	0
Q8BXQ8	0	0	0
Q8BXC3	0	0	0
B2XXT9	6687700	0	0
Q8BY46	0	0	0
Q6PFY4	0	0	0
Q8BYG9	0	0	0
V9GXM2	0	0	0
Q8BUB9	162810000	139860000	181900000
Q8BYM7	0	0	0
D3Z5A5	0	0	31139000
Q8BYW1	0	0	0
Q8BYZ7	0	0	0
Q8BZ00	37012000	0	31353000
Q3V3F5	103020000	0	77349000
Q8BZ09	0	0	51511000
Q8BZ47	219970000	224290000	227980000
Q8BZ64	0	0	0
Q3UTH1	0	0	0
Q8BZ98	0	0	0
Q8BZA7	0	0	0
Q8BZF2	0	0	0
Q8BZI0	0	0	0
Q9D4W0	0	0	0
Q8BZL1	0	0	0
Q8BZM0	58933000	57909000	60580000
Q8BZN2	102400000	0	0
Q8BZN4	0	0	0
Q8BZS9	0	0	0
Q8BZT9	561250000	0	0
Q3UMD2	0	0	0
Q8C013	0	0	0
Q8C025	0	0	0
A0A0J9YVG9	0	0	0
Q8C078	0	0	0
Q8C0C4	454770000	719380000	900910000
Q3TPW0	0	62510000	47809000
Q8C0D7	136710000	0	0
Q7TMQ8	13636000	12619000	25448000
Q7TMQ8	0	0	0
Q8C0F9	0	0	0
Q4VAF6	0	0	0
Q8C0I4	310810000	290000000	351100000
Q8C0J2	0	0	0
Q8C0M8	0	0	0
Q8C0P0	0	0	0
Q8C0P7	90784000	0	69244000
Q8C0Q3	0	0	0
Q8C0Q5	0	0	0
Q8C0S1	186340000	242000000	380900000
Q8C0T7	0	0	0
Q78J70	0	0	0
Q8C110	0	0	0
Q8C4U5	220690000	300970000	355620000
Q3TEF2	0	0	97631000
Q8C160	0	0	0
Q8C181	0	0	0
Q561M8	2050400000	944060000	1807700000
Q8C1A3	0	0	0
Q8C1D8	1405900000	1431400000	1374800000
D3Z5Q0	34981000	37722000	53896000
Q8C1I6	0	0	0
A0A1L1SV19	214950000	0	244050000
E9Q663	136230000	84713000	95108000
Q8C208	0	0	0
Q8C255	0	0	0
Q8C263	0	0	0
Q8C2A2	80911000	67231000	44292000
Q8C341	110140000	130670000	92331000
A4QPF5	0	0	0
B7ZP34	0	45101000	0
Q8C3J2	0	0	0
A0A1D5RLK1	118910000	118100000	103960000
Q8C5F2	224840000	217250000	83748000
Q8C3Y4	187920000	212120000	355960000
A0A3Q4L376	127720000	159050000	0
Q8C456	0	0	0
Q149H7	33485000	28361000	44231000
Q3TMN9	0	37853000	35156000
Q8C4Q9	0	0	0
Q8C4U2	0	0	0
Q8C4U3	3050900000	3132400000	4905100000
Q8C4V4	0	0	26704000
Q8C4W3	0	0	0
P28574	159980000	122840000	144330000
Q8C551	0	0	0
Q8C552	0	0	0
Q8C9T3	146030000	164490000	0
Q8C5G2	245300000	333050000	171020000
Q8C5P5	0	0	0
F7A063	0	0	0
Q8C6B2	0	0	0
A0A2R8VHY2	186100000	83543000	51628000
Q9D0I3	0	0	0
Q8C6D4	131590000	89789000	66761000
Q8C6P8	181320000	152080000	123760000
Q8C735	52284000	53767000	93050000
Q8C790	124420000	39399000	48536000
Q8C7E7	0	0	0
Q3UVW9	0	0	0
Q8C7U7	0	53295000	0
Q8C7X2	1137200000	1382300000	1788300000
Q8C804	115660000	0	0
Q8C850	0	0	0
Q8C879	0	0	0
Q8C8C1	0	0	0
Q8C8N3	0	0	0
Q8CBZ2	0	0	0
Q8C9M8	0	0	0
Q8C9S8	0	20958000	0
Q7TNR8	70643000	91763000	105050000
Q8CEK6	0	0	0
Q8CAD1	77119000	0	111220000
Q8CAF4	0	0	0
Q9D372	127330000	92553000	69746000
Q9D717	0	0	0
Q8CAQ8	0	0	0
Q8CAS9	0	0	0
Q8CAV0	138660000	139220000	0
Q8CB67	0	0	0
Q8CB96	0	20199000	0
Q8CBB9	0	0	0
Q8CBC6	88664000	61203000	156050000
Q8CBD1	56240000	83876000	40820000
F6UDR6	0	0	0
Q8CBR6	0	0	0
Q8CBW4	0	0	0
A0A087WRD0	123080000	178820000	0
Q8CBY0	132780000	0	0
Q8CC12	50072000	71772000	57723000
Q8CCI5	139190000	92175000	113390000
Q8CCJ4	1006100000	1378100000	1237800000
A4FUQ6	107200000	119860000	86523000
Q8CDC7	0	0	0
Q8CDD9	0	0	0
Q8CDJ8	119100000	35875000	0
Q8CDK3	0	0	0
A0A2R8W6G8	0	0	0
V9GXX1	16974000	15619000	21483000
Q8CE64	52065000	32088000	65234000
Q8CEE6	65854000	54049000	78203000
Q8CEF1	0	70442000	117010000
Q9D919	0	0	106090000
Q8CEZ1	0	0	0
E0CZ03	0	0	0
Q8CF66	0	0	0
Q8CFA1	0	0	0
F6QPY9	10885000	0	0
Q8CFE5	45215000	50834000	0
A0A2I3BRT8	77753000	99005000	90442000
Q8CFG4	0	0	0
F6ZZX2	142750000	0	83058000
Q8CFK6	0	0	0
Q8CFL8	0	38627000	0
Q8CFN5	0	0	0
G3UZ56	4766600000	3849800000	4058200000
Q9Z0W1	105980000	87024000	231280000
Q8CFU8	0	0	0
Q8CFW1	0	0	0
Q3T981	0	0	62655000
Q8CFZ4	0	15991000	81071000
Q8C6S0	0	0	0
Q8CG46	362340000	400710000	383080000
Q9CY53	0	0	0
Q3TM90	116620000	93395000	200500000
D6RIK9	73694000	66191000	111590000
Q8CG85	0	0	0
Q8CGB3	95488000	67235000	0
Q8CGE8	0	0	0
Q8CGF1	0	308870000	393240000
F7BEN2	139630000	191940000	181160000
B2RWR9	289800000	315960000	197820000
Q8CE65	0	0	0
Q3TV82	37794000	31849000	28343000
Q8CHK2	0	0	0
Q69ZS5	0	0	0
Q69ZS5	0	0	0
Q3UQN9	0	0	0
Q8CHX6	0	0	0
Q8VCP7	448570000	208510000	280720000
Q8CI19	48478000	0	49941000
Q8CI66	2090800000	2148100000	1051400000
Q8C0W5	0	0	0
Q8CB74	0	0	0
Q3TLK4	0	0	0
Q8CID3	0	0	0
Q8CIE2	167580000	235370000	172650000
Q8CIF4	34675000	57059000	84833000
F7DFH5	102990000	148750000	112270000
Q8CIG3	470240000	387110000	576980000
Q8CII9	0	0	0
Q8CIK8	0	0	0
Q8CIM1	0	0	0
Q8CIM3	659990000	669980000	890440000
Q8CIM5	0	0	0
Q8BVX8	0	0	0
Q8CIT0	0	0	0
Q8CJ40	0	0	0
Q8CJC5	0	0	0
Q9CS58	0	0	0
Q8HWB0	0	0	0
Q8JZL0	0	0	0
E9Q813	0	0	0
Q8JZM6	0	0	0
Q5DTF0	219200000	190970000	124080000
Q5ND50	68247000	49114000	50164000
Q8BYP6	0	0	0
V9GXD2	0	0	0
Q9D3V2	0	53110000	0
Q8JZU6	0	0	0
Q8JZX3	0	0	0
Q8JZX6	0	0	0
Q8JZZ6	114080000	154680000	69223000
A0A0A6YXZ5	280010000	146730000	196450000
A0A0G2JDD4	0	0	0
F6WSS0	133300000	198390000	227920000
Q8K015	0	0	0
Q3U538	0	0	0
Q8K031	0	0	34180000
Q8BP28	75460000	204000000	0
Q8K072	0	0	0
Q8K0B2	173770000	131680000	358180000
Q5QNQ6	0	0	0
S4R231	0	0	0
P16374	36672000	0	0
Q8K0E8	0	0	0
F6XMB0	0	0	0
Q8K0S2	0	0	0
Q8K0S9	0	0	0
Q8K0U3	0	0	0
Q8K0W9	0	0	0
Q8K119	45891000	0	0
Q8BJY8	145730000	210930000	233170000
Q8K136	0	0	0
Q8K190	0	0	0
Q8K196	0	0	0
Q8K198	0	0	0
Q8K1A0	55866000	74883000	97696000
Q8K1C0	0	0	0
A0A087WQR7	0	0	0
Q8K1C9	287460000	303180000	304960000
Q8K1G2	0	0	0
Q8K1H7	58743000	48891000	58394000
Q8K1H9	0	0	0
Q8K1I3	0	0	0
Q8K1J5	234360000	162060000	182250000
Q8K1K4	0	0	0
Q8K1K6	0	0	0
Q4G0C6	0	0	0
Q8K1N2	0	0	0
Q8K1S2	148920000	117090000	174870000
Q8K1S3	36792000	67179000	55463000
Q8K1T1	0	0	0
Q8K201	72395000	70049000	50780000
G8JL51	42451000	78822000	75688000
Q8K211	155330000	106490000	137400000
Q8K220	96736000	95293000	0
Q8K248	0	0	0
R4GML8	0	0	0
Q8K2A1	97580000	102310000	0
Q8K2A8	0	0	0
Q8K2C7	0	0	0
F7AAE0	49841000	65207000	78324000
Q8K2J7	45014000	64897000	32297000
A0A087WRL1	0	0	0
Q8K2M3	0	0	0
Q8K2P1	0	0	0
Q8K2P6	0	0	0
Q8K2Q5	0	0	0
Q8K2R5	0	0	69337000
Q8K2W3	60577000	46597000	84243000
Q8K2X1	0	151630000	95607000
Q8K2X8	0	0	0
Q8K2Y3	0	0	0
Q9CS33	173890000	161970000	116770000
A0A0J9YVH4	54072000	107700000	65058000
Q8K385	0	77441000	0
F7CLE5	44265000	0	0
Q9CUY5	274900000	196200000	288110000
Q8K396	0	0	0
Q8K3A2	0	0	0
A2AN40	0	0	0
Q8K3J5	163660000	185400000	332940000
Q8R3U5	62789000	0	0
Q3TEC9	0	0	0
D6RGN2	0	310860000	0
Q8K3W3	139020000	86612000	86439000
Q8K426	0	0	0
A0A3B2WD46	0	0	0
Q2KHS8	0	184260000	117580000
Q8K4B2	0	0	0
Q5F228	0	0	0
Q8K4E0	68406000	61794000	84269000
Q8K4K1	0	0	0
Q543J7	101310000	77007000	58506000
Q8VDG2	217760000	191770000	154520000
Q8K4L4	0	0	0
Q8CDC5	0	0	0
Q8K4Q6	0	0	62424000
Q3TQN8	0	0	0
Q8K4R9	0	0	0
S4R168	9375700	49669000	12368000
Q3V3R9	113750000	89503000	164730000
Q3UEX5	0	0	0
A6XA75	0	0	0
Q3U652	0	0	0
Q3U652	0	0	0
Q99KV4	0	0	0
Q8R227	0	0	0
Q8QZR0	0	0	0
Q8QZR4	0	0	0
Q8QZS3	222140000	265920000	339650000
Q8C8F0	0	0	0
Q8QZX0	94122000	168240000	174990000
Q8QZY2	0	0	90467000
Q8R015	388170000	638090000	596060000
H3BLR0	0	0	0
Q8R033	0	0	0
Q8R040	0	0	0
Q8R079	233070000	276620000	168850000
Q8R080	0	0	0
Q9CVU5	130040000	0	0
Q8R089	0	0	0
Q8R0A2	0	0	0
Q8VD35	0	0	0
F6QZU1	0	35026000	21806000
Q8R0F5	540550000	460580000	554140000
Q8R0F9	0	0	0
Q8R0I4	0	0	0
Q6ZQL6	0	0	0
Q8R0K4	0	0	0
Q8R0K9	0	0	0
Q8R0T2	0	0	0
Q8R0W0	0	0	0
A0A494BAK0	0	95097000	0
Q3UZA6	0	0	0
Q3UZA6	79991000	93076000	98238000
Q8R107	0	0	0
Q8R121	0	0	42027000
Q8R124	0	80495000	0
Q8R138	0	0	0
A0A0G2JE87	51427000	40004000	58742000
Q8R143	0	0	0
G4XVC4	0	102780000	277900000
Q8R189	0	0	0
B9VQ37	53706000	52892000	40808000
A0A0R4J1H4	0	0	0
Q8R1C0	0	0	0
Q8R1C3	106920000	54419000	123330000
Q8R1C6	247370000	216760000	247770000
Q8R1C9	0	0	0
Q8R1F0	17385000	0	20358000
Q8R1F5	327270000	214410000	529830000
Q8R1F9	0	78773000	91451000
Q8R1G1	0	0	0
Q3UUU5	0	9020600	22616000
Q8R1R2	131240000	127620000	95730000
Q8R1L4	0	0	0
Q8R1M0	107620000	82167000	0
Q8R1P4	0	0	0
Q8R1R4	0	0	0
K4DI70	79996000	61197000	0
A0A1W2P6L6	0	0	0
Q8R2G6	0	0	55992000
Q9D3C1	0	0	0
Q8R2N0	32054000	0	0
Q9CZ64	188000000	185440000	151120000
Q8R2Q3	0	0	0
Q8R2Q6	0	0	0
Q8R2Q8	0	0	17868000
B0R071	155790000	182350000	316420000
Q9D0T8	0	0	0
Q8R2S9	390680000	368580000	242030000
Q8R2U7	85582000	0	0
E9QAL8	0	0	0
Q3TQQ7	153030000	205810000	257380000
Q8R2X8	0	0	0
Q8R2Y3	0	0	0
Q8R2Y9	0	0	0
A2AJZ6	0	0	0
Q8R310	0	0	0
Q8R314	0	0	0
Q66K07	439990000	239260000	742130000
A0A0N4SUU2	0	0	0
Q8R373	884200000	676370000	657950000
Q8C4B1	46292000	33345000	0
Q8R3J5	0	19077000	0
Q8R3L0	0	0	0
A0A1D5RM90	0	0	0
A0A1D5RM90	0	0	0
Q8BU79	0	0	0
Q8BU79	0	0	0
Q8R3L8	772660000	928170000	979010000
Q8R3P2	0	0	0
Q8R3P8	0	0	0
Q8R3S2	0	0	0
Q8R3V2	66103000	0	0
Q8R3V5	0	0	0
Q8R1H6	298470000	379860000	398230000
Q8R429	0	0	0
Q5SXI6	0	22434000	21519000
Q8R4E9	0	0	0
Q8R4F1	0	0	0
Q3UY99	0	0	0
Q9JKN2	466240000	493970000	266370000
B2RQB7	0	0	0
Q8R4K8	0	0	0
E9PY11	79383000	0	65334000
Q8R4T1	0	0	0
Q8R4U1	13727000	10195000	8186000
A0A2U3TZ64	0	0	0
D3YVU8	41742000	30567000	0
Q8R507	60264000	0	0
Q8R527	4642200	10495000	0
B1AZ85	0	0	0
Q8R5M0	0	0	0
B5L834	0	0	0
Q8VBT1	0	0	0
Q8VBT6	16362000	0	7018700
Q8VBU8	105040000	59275000	166960000
Q8C9P7	0	0	0
Q8VBX0	0	0	0
Q8VBZ0	98811000	80635000	135680000
Q571M4	0	0	0
A0A0G2JDU8	0	0	0
Q8VC48	293810000	340810000	186130000
I7HJ86	64231000	69602000	72610000
Q8VC52	0	0	0
Q9CSZ1	129100000	299940000	177710000
A0A087WRY5	0	351780000	0
Q8VC65	184290000	187580000	150920000
D3Z6T5	0	0	0
Q8VC69	0	0	0
Q9WTS9	0	0	0
Q9CZU0	0	0	0
Q99N18	0	0	0
S4R2H0	0	0	0
A0A140LIL1	147740000	159470000	107130000
Q8VCC1	0	0	0
Q8VCC2	173080000	203150000	284670000
Q8BXY9	220450000	328330000	227980000
Q8VCE9	87178000	60381000	106910000
Q8VCF1	295500000	247130000	390430000
Q8VCH6	302210000	295980000	250680000
Q8VCH7	78601000	153760000	72782000
Q8VCH9	0	0	0
Q8VCI0	0	0	0
Q8VCI7	0	110320000	0
Q8VCK3	0	0	0
Q8K2U3	95860000	134950000	106690000
M0QWT6	109770000	128340000	173210000
A0A1Y7VNH4	0	0	12512000
Q8VCM7	0	0	0
Q8VCP8	160510000	227890000	202350000
Q8VCQ3	291100000	62417000	193940000
D3YV54	0	0	0
Q8VCR3	0	0	0
Q8VCR7	0	0	0
Q8VCS6	338140000	313670000	599120000
Q8VCT4	0	0	0
Q8VCU0	0	0	0
Q8VCU1	0	0	0
Q544I1	0	0	0
E9Q8P6	32280000	30625000	20640000
Q3U226	0	0	0
Q8VCZ8	0	0	0
Q8VD00	0	64655000	0
Q8VD04	0	0	0
Q8VD31	0	0	0
F6VMS8	0	0	0
F6VMS8	0	0	0
Q8VD57	0	0	0
Q8VD58	0	0	0
Q8VD76	87525000	0	89353000
Q8VCA2	61953000	75533000	0
E9Q5Y5	234420000	241360000	381460000
E9JGN0	0	0	0
Q9D3Q7	0	0	0
E0CZF3	125370000	157620000	201300000
Q8VDL9	0	0	0
Q8VDQ8	0	0	0
A0A2R8W6T2	0	0	0
Q8VDV8	0	91595000	0
Q8VDW4	0	0	29279000
Q2M1K0	0	0	0
Q8VDY9	70134000	28393000	69288000
Q8VE04	0	0	0
Q3V1V2	77686000	36329000	107750000
Q8VE10	401860000	533290000	505570000
Q8VE28	0	56067000	82571000
Q8VE42	72695000	50781000	78166000
Q8VE62	0	0	0
Q8VE65	45647000	32645000	27066000
D6RHL1	0	0	0
A6MDC5	160770000	217780000	186620000
Q8VEB2	51397000	68449000	83275000
Q8VEG0	0	0	0
Q9ER52	237270000	295140000	222530000
Q8VEK6	86971000	114560000	89092000
Q8VEL0	273300000	209840000	295880000
Q8VEM9	108820000	95724000	102030000
Q8VHB5	0	0	0
Q5DTW4	0	0	0
A0A1D5RMG4	0	0	0
Q8VHI7	0	0	0
Q8VHL5	0	0	0
Q810K1	0	0	0
Q8VHQ2	0	0	0
Q8VHW4	0	0	0
Q8VHZ7	215480000	231320000	241420000
Q8VI38	0	0	0
Q8VI84	452080000	256700000	204690000
Q8VI94	33874000	22797000	19595000
Q9CVW3	0	0	0
Q7TNS3	106380000	0	0
Q8VE77	0	0	0
Q8VIK2	16585000	0	0
Q8VIM0	0	0	0
Q924A9	0	50076000	0
A0A087WR72	34109000	40975000	39526000
A0A0J9YV84	0	0	0
Q91V57	0	0	0
Q91V81	0	0	0
Q91V87	0	0	0
Q91V88	0	52794000	57265000
Q8BZK0	51832000	44065000	63816000
Q925L4	0	0	0
Q99LU7	105590000	94200000	130750000
Q9CVV2	0	0	0
Q91VL9	0	0	0
Q91VN0	0	0	0
D3Z4C0	41688000	76823000	83765000
Q91VT1	182930000	0	102570000
Q91VU8	339050000	509860000	358850000
Q91VV4	0	0	0
Q5RJ53	68406000	84235000	54155000
Q91VW1	0	0	0
Q91VX9	207220000	145280000	171770000
Q8C149	863550000	983510000	1705600000
Q91VY9	294430000	233670000	285370000
Q91W29	0	0	0
D6RG67	177710000	135540000	133230000
Q91W45	141290000	144170000	0
Q91W52	0	0	0
Q91W63	0	0	0
Q91W78	0	106940000	124090000
F7AZ26	0	0	38707000
Q91WA1	0	0	0
Q91WA4	0	0	0
Q91WB4	189790000	146010000	244520000
Q91WB7	73076000	86392000	52369000
Q91WC1	0	68356000	46306000
Q91WD0	47081000	0	0
Q91WE3	35431000	0	42776000
H3BLS1	38662000	34362000	76811000
Q91WJ8	0	0	0
Q91WJ8	0	0	0
Q91WK7	115870000	84397000	76396000
Q9Z2X6	0	0	0
Q91WN2	0	0	0
Q91WQ9	0	0	0
Q91WR8	0	0	0
Q91WT4	230870000	137660000	122930000
A0A1Y7VNR1	0	0	0
Q91WT8	0	0	0
Q91WU4	0	0	0
Q91WU6	0	0	0
A0A1Y7VP73	169160000	158770000	210510000
Q91X21	172850000	107310000	142500000
Q91X34	0	0	0
Q91X45	41742000	43725000	43989000
Q91X46	0	0	0
Q91X56	0	0	0
F6SHL3	0	0	0
Q8BQK2	0	0	0
Q91X86	0	0	0
Q91X91	0	0	0
Q91XA5	0	0	0
Q8R577	0	0	0
Q91XC0	0	0	0
Q91XC8	0	20058000	19850000
D6RCX1	3932200	0	0
Q91XE7	0	0	0
Q91XE8	0	0	0
D6RH35	13893000	0	13438000
Q91XL1	0	0	0
Q3TQP2	0	0	0
A0A240F9Y3	0	0	0
Q91XQ5	0	0	0
Q91XS1	91999000	73067000	75017000
A0A0A6YVS5	67633000	64240000	98662000
Q91XY4	89172000	70035000	80111000
Q91XX4	0	0	0
Q925L5	0	0	0
Q91XZ5	0	0	0
Q91XZ6	0	0	0
Q925M6	83582000	36081000	80655000
Q925M7	0	0	0
Q925L2	74849000	98834000	0
Q91Y02	0	0	0
Q91Y03	18726000	51314000	13473000
Q91Y04	0	0	0
Q925M8	0	0	0
Q91Y11	33011000	56444000	28464000
Q91Y11	122330000	0	63853000
Q91Y11	48415000	53915000	48400000
Q91Y11	0	0	181070000
Q91Y57	0	0	0
A0A1L1SUM8	56933000	67086000	72055000
Q91Y82	0	0	0
Q91Y97	0	0	0
Q5XJZ0	92886000	137770000	56834000
Q91YE8	0	0	0
Q91YN1	120650000	125430000	143340000
Q91YP1	0	0	0
Q91YU3	0	72201000	45016000
Q91YU8	201370000	400990000	161720000
Q91YX0	0	9103900	0
Q91YZ5	0	0	0
D6RI40	0	0	0
Q8R3L7	0	0	0
Q9WUS8	180740000	44544000	74868000
Q91ZG2	237000000	277450000	324670000
Q91ZJ5	0	0	0
Q91ZK0	59270000	182460000	330110000
A0A0U1RQ35	0	0	0
Q91ZM9	108770000	144240000	141190000
Q91ZR4	0	0	0
Q6ZQ59	0	0	0
Q91ZH3	0	0	54716000
Q91ZX6	115610000	80657000	211960000
Q920D3	256350000	363370000	240380000
Q920F6	16201000	12079000	12260000
Q3V0Z2	63931000	21378000	0
Q920L5	37077000	64865000	0
Q920M5	0	0	0
Q920V1	152380000	156920000	208270000
Q921D4	0	39181000	0
H3BLB4	0	0	0
Q921J4	84254000	79809000	131620000
Q9CV73	0	0	0
Q921L8	85891000	97916000	0
Q9WV81	0	0	0
Q921P9	0	0	0
Q921R4	0	0	33839000
Q921T2	0	0	0
Q9D7A0	0	0	0
Q8C573	87649000	56646000	0
Q9CZ23	68603000	56183000	0
Q921Y2	158570000	172510000	241410000
Q921Y4	60976000	72184000	53148000
Q922G2	21632000	20836000	63734000
Q922H9	293050000	534050000	513320000
Q3TNV7	0	0	0
Q922M5	0	0	0
Q922R0	101310000	0	251780000
Q922S8	0	0	0
D3Z5B4	0	0	0
A2ABZ2	1920400000	1356300000	1729400000
Q922Z0	0	0	0
Q923A8	0	0	0
Q923B3	0	0	0
Q923B6	0	0	0
Q923D3	0	0	0
Q8C1M1	0	0	0
Q923L7	0	0	0
A0A286YDK9	0	0	0
A0A286YDK9	0	0	0
F2Z4A1	0	0	0
E0CZC8	158520000	134850000	81019000
Q924W5	300910000	266740000	256780000
F6QXT4	0	0	0
Q924Z5	0	0	0
Q925G2	34924000	0	29126000
Q78E63	0	0	0
Q925I0	0	0	0
Q925N1	0	0	0
Q3UC14	98808000	103260000	142080000
Q925P2	0	0	0
D3Z5E7	0	0	0
Q925Q8	0	0	0
Q9QZJ1	0	0	0
Q5DTG7	471880000	299780000	224030000
Q8C0J7	0	0	0
Q99104	0	0	0
Q921A8	0	0	0
Q99J10	390730000	299440000	899210000
Q99J19	0	0	0
Q99J21	101610000	118600000	85920000
Q99J23	89417000	124590000	47578000
Q99J25	59783000	0	148810000
Q99J64	0	0	0
Q99J93	0	0	0
A0A0U1RNZ0	0	0	0
Q3UES6	88143000	0	0
Q99JG7	0	0	0
Q99JH1	125690000	146970000	101330000
Q99JH8	0	0	0
Q99JI1	0	0	0
Q99JL1	0	0	0
Q99JT5	0	0	0
Q99JT6	0	0	0
Q99JW5	0	0	0
Q99JX1	85984000	69263000	76369000
Q99K01	0	0	0
Q8CAV3	71509000	222940000	172680000
Q99K74	0	0	0
Q99K90	247070000	379250000	565110000
Q9D323	0	0	0
Q99KB8	0	0	0
Q99KC7	0	0	0
Q99KE3	432610000	288800000	207830000
Q99KG5	0	0	0
Q541V2	0	0	0
Q99KN1	52256000	59920000	81650000
A0A0G2JGK8	123640000	167740000	134750000
Q99KS2	59242000	101900000	0
Q99KW3	0	0	0
Q99KZ6	0	0	0
Q99L00	0	0	0
G3UYL6	0	0	0
G3UW80	381770000	416940000	480140000
Q3UQ96	0	0	0
Q99LB0	70314000	79340000	118250000
Q99LE1	54268000	0	84972000
A0A2C9F2A6	0	0	0
Q99LF7	0	0	0
Q99LH1	709610000	564060000	363420000
Q99LI9	131250000	139790000	91139000
Q3TA49	0	0	26595000
Q99LJ8	0	0	0
Q99LL3	47520000	18173000	0
A0A1L1SRU7	0	0	0
Q99LQ1	0	0	0
A2AQT8	0	0	0
Q99LW0	54249000	62527000	66677000
Q99LX5	112120000	109450000	167680000
Q99LZ3	44588000	49598000	48228000
Q99M03	108220000	71886000	98463000
Q99M54	0	51973000	0
Q99M73	0	0	0
Q99M85	0	0	0
Q99M87	0	0	0
Q99M96	274880000	393060000	281770000
Q99MB2	0	0	0
Q99MH5	0	0	0
Q99MI1	0	0	0
Q99MK9	0	0	0
A0A0A6YW68	0	0	0
Q99ML1	69462000	77030000	45159000
A0A1L1SRK3	0	0	0
Q3UQ98	0	0	0
A2AM76	0	0	0
Q9CTL6	0	0	0
V9GWX5	0	0	0
Q8CC11	0	0	0
Q99MS7	0	0	0
A0A0N4SVI3	0	0	0
Q5J4D5	0	0	0
H9U1Q1	0	0	0
Q6P6F8	0	0	0
F6TGK4	0	0	0
Q99N11	0	0	0
Q6A001	132220000	104710000	99774000
Q99N16	0	0	0
Q99KY6	0	0	0
Q99N20	0	0	0
Q99N91	0	0	0
Q99N99	39337000	36071000	51687000
Q3V1H7	0	0	0
Q99NF1	0	0	0
Q99NF8	0	0	0
Q99NH8	0	0	0
Q99NI3	23480000	25992000	23822000
Q99P51	0	0	0
D6RI95	0	0	0
A0A0A6YVY5	0	0	0
Q99P72	0	0	0
Q8VD29	0	0	0
Q99PF4	0	0	0
Q99PG4	0	0	0
Q99PH1	0	49247000	0
Q99PI8	0	0	0
Q8BNR9	0	0	0
Q99PJ2	0	0	0
Q99PN3	251950000	169760000	167240000
A2AB83	0	22146000	20106000
Q80ZV5	0	0	0
Q99PU7	104550000	76750000	39731000
Q99PV5	0	0	0
Q9CPP0	1015900000	1289100000	1137900000
Q9CPQ5	0	0	57858000
Q9CPU9	0	0	0
S4R2B6	0	90232000	0
Q9CPV5	0	0	0
Q9CPW0	220210000	169920000	292190000
Q9CPW0	0	0	0
Q9CPW5	0	0	0
Q9CRV0	0	0	0
Q9CPX8	0	0	0
Q9CPX9	150480000	106100000	0
Q9CPY1	127370000	219860000	191960000
Q9CPZ6	0	0	0
Q9CQ04	0	0	0
A0A1B0GSQ9	398130000	197080000	275430000
Q9CQ21	0	0	0
Q9CQ24	0	0	0
Q9CQ37	0	0	19661000
Q9CQ39	0	0	0
Q9CQ43	0	0	45686000
Q9CQ46	0	0	0
Q9CQ74	0	0	0
B0LAB2	0	0	0
Q9CQ88	0	83927000	0
Q9CQA0	0	0	0
Q9CQA8	0	0	0
Q9CQB7	0	0	0
Q9CQC5	124160000	0	50016000
Q9CQD4	0	57736000	55987000
Q9CSA3	83708000	59023000	34893000
Q9CQG6	0	0	0
Q9CQG9	0	0	0
Q9CQH8	221890000	160480000	190470000
Q9CQI9	68519000	131740000	83585000
Q9CQJ1	0	0	0
Q9CQL0	35313000	0	0
Q9CQL5	62503000	98487000	154860000
Q9CQM0	63854000	96331000	64034000
Q9CQM2	0	0	0
Q9CQN6	288820000	249460000	121230000
Q9CQP3	21260000	47820000	33966000
A0A338P672	193250000	153480000	234080000
H7BWZ0	25023000	33153000	25516000
Q9CQT5	154460000	157000000	189270000
Q9CQU8	0	0	0
A2A5N2	0	0	0
Q9CQW0	0	53020000	0
Q9CQW9	72313000	20834000	102660000
Q9CQY9	0	0	0
Q9CQZ0	0	0	0
Q9CQZ1	896170000	909400000	552500000
Q3TSW1	0	0	0
Q9CR08	23180000	28799000	24803000
Q9CR10	118710000	78472000	173510000
F6Q7G3	0	34743000	0
Q9CR22	0	0	0
Q9CR37	48871000	252490000	138680000
Q9CR40	0	0	0
Q8BNA9	0	0	0
P02104	0	0	15716000
Q9CR50	63581000	85563000	59575000
A0A2I3BPJ5	0	0	20796000
Q9CR59	464880000	490810000	566090000
Q9CR76	124650000	145620000	144790000
Q9CR78	67878000	160260000	123930000
Q78XM1	471910000	221370000	263900000
D6REF9	0	0	0
Q08AT2	0	0	0
S4R1H6	0	0	0
Q05BZ0	875670000	911000000	996580000
Q9CRD0	0	0	0
Q9CRD0	0	0	0
Q330P7	0	0	0
Q9CRG1	0	0	0
Q9CS74	70314000	82879000	94331000
Q9CTG6	0	58057000	127730000
Q9CTN4	33761000	61271000	37716000
A0A0G2JGI3	0	0	0
Q9CUB6	0	0	0
Q66L48	21861000	0	0
Q9CVI2	0	0	0
Q9CWD3	17708000	19079000	17400000
Q9CWG1	0	0	0
Q9CWG9	337890000	410040000	354350000
Q3TSA0	0	118360000	77670000
Q9CWP6	0	0	0
Q547B4	0	0	0
Q9CWT2	213060000	131810000	231860000
Q9CWT6	147180000	141950000	211950000
Q9CWU2	126210000	98862000	190340000
Q9CQA2	0	0	0
F7ATT9	284790000	217630000	252540000
A2A5J2	24994000	19302000	44158000
F6W6X9	38578000	96416000	39794000
A0A1D5RMH9	44971000	73662000	52177000
Q9CWY9	0	0	0
Q9DAH5	0	0	0
Q9CX13	1135700000	667120000	2577100000
Q9CX60	364230000	297160000	383980000
Q9CX98	0	0	0
Q9CX99	0	0	0
Q9CXA2	0	0	0
Q9CXC3	70673000	81718000	109710000
Q9CXE2	1113200000	736900000	750630000
Q9CRZ3	39850000	51574000	50953000
Q9CXL1	159050000	153500000	194200000
O88809	0	0	45584000
Q9CXP9	0	0	0
D3YUV8	0	0	0
Q9CXT7	0	0	0
Q9CY24	0	0	0
Q9CY25	0	0	0
Q9CY94	37741000	42956000	39090000
Q9CYB0	147450000	83217000	122410000
Q9CYC5	0	0	0
Q9CYD3	55733000	0	0
Q9CYG7	0	0	0
Q9CYH5	245550000	256260000	319530000
Q9CYK2	47200000	0	185060000
Q8CAN4	56535000	47222000	158110000
Q3U5K4	56577000	66184000	58160000
Q9CYV5	0	75215000	0
Q9CYX7	54502000	47065000	38635000
Q9CZ09	0	0	0
Q9CZ15	0	0	0
Q9CZ44	348400000	230680000	436050000
F6XZQ5	0	0	48069000
C4P6S0	91452000	124120000	212160000
Q3UAS5	0	0	0
Q9CZ82	63331000	0	0
Q9CZ91	0	0	0
Q9CZ92	102460000	69591000	0
Q9CZ96	117390000	50864000	0
F6Q325	0	0	0
Q9CZB3	0	48035000	0
Q9CZB6	29080000	0	0
Q9CZB9	0	0	0
Q9CZD0	39014000	37654000	98286000
Q9CZH8	0	0	0
Q9CS75	0	0	0
Q8BTQ7	0	0	0
Q9CZT5	0	0	0
Q9CTW7	78902000	77459000	116380000
Q9CZU4	391670000	391740000	469450000
Q9CZW2	0	0	0
Q9CZX0	0	0	0
Q9CZX2	0	0	0
Q9CZX5	0	0	0
Q9CZY3	0	275620000	0
Q9D009	53993000	73473000	44233000
Q9D020	0	0	0
Q9D035	0	123430000	63870000
Q9D074	0	0	0
Q8C8J2	32935000	0	0
Q9D083	0	0	0
Q9D099	0	0	0
D3YXC0	47594000	87536000	0
A0A0G2JFV4	0	50425000	16692000
Q3UK38	491760000	553300000	1070500000
A0A3B2WDB5	0	0	0
A0A1Y7VIM9	47119000	0	41386000
Q9D0M2	0	0	0
A0A338P679	53696000	75372000	105360000
Q9D0P5	0	0	0
Q8BT87	0	0	0
Q9D0R9	187430000	27338000	168050000
Q9D0V7	0	0	0
Q9D0V8	131030000	101860000	195270000
Q9D0Y8	0	0	0
Q9D110	0	0	0
Q9D113	0	0	0
Q9D115	0	368380000	0
Q9D168	47497000	59686000	89690000
Q9D173	0	0	0
Q9D174	0	0	0
Q9D1C1	193080000	83188000	297330000
Q9D1C2	88420000	76923000	77264000
B7ZMQ8	0	0	0
A0A1L1SV42	0	0	0
Q9D1H0	12634000	0	0
Q9D1H9	0	0	0
Q9D1M1	0	0	0
Q9D1M7	0	0	0
Q9D1Q1	0	0	0
Q9D1Q4	0	0	0
Q9D1T5	0	0	0
Q9D211	113290000	0	116880000
Q9D219	365350000	313070000	403280000
Q9D240	86513000	50864000	120330000
A0A2I3BRA0	0	0	0
Q9D2C9	40794000	30163000	26640000
Q9D2D9	56869000	0	53784000
Q9D2H9	0	0	0
A0A0R4J1N2	0	0	0
Q9D2L5	0	0	0
Q8BPL8	75876000	85270000	120480000
E9Q2K8	0	0	0
Q9D2U5	118400000	134840000	92975000
Q9D2X0	0	0	0
Q9D2X5	67510000	55534000	81600000
Q3UQ51	0	0	0
Q9D2Y4	0	0	0
Q9D2Y5	0	0	0
Q9D2Y6	78724000	87430000	85511000
A0A286YCI1	0	0	0
A2AGL8	0	0	0
Q9CTU5	0	0	0
Q9D361	89573000	44209000	0
Q9D384	0	0	0
A0A0G2JFT8	0	0	0
A0A0G2JFT8	0	0	0
Q9D3G9	0	0	0
Q9D3H2	0	0	0
Q9D3I6	0	0	0
Q9D3P1	0	0	0
Q9D3P9	0	0	0
Q9D3V5	0	0	0
Q9D3W4	0	0	0
Q9D3X5	0	0	0
Q9D3X9	0	0	0
Q8BXU6	0	0	0
Q9D479	85907000	81005000	98866000
D3YVS9	0	0	0
Q9D4C5	46490000	57278000	65062000
Q9D4G9	0	0	0
Q9D4H4	0	0	0
Q9D4J3	0	0	0
Q9D5D8	0	0	0
Q9D5K4	0	0	0
Q9D600	0	0	0
Q9D654	0	0	0
E9LV95	0	0	0
E9LV95	0	0	0
Q9D684	0	0	0
M0QWP4	0	0	0
Q9D6J1	0	0	0
Q3UK15	0	0	0
A0A1Y7VK66	0	0	0
Q9D6V8	0	0	0
Q9D720	448030000	267900000	560250000
Q9D786	299430000	413060000	996720000
Q9D7B7	0	0	0
Q8K1T6	0	0	0
Q9D7I8	0	0	0
Q9D7J6	0	0	0
Q9D629	0	0	0
Q9DAY7	120970000	88538000	136370000
A2AHF0	218530000	111730000	196270000
Q9D809	0	0	0
Q9D818	0	0	0
Q9D826	54521000	84539000	0
A0A0N4SW39	111440000	92707000	131930000
Q9D845	0	0	0
Q9D864	160640000	149890000	139090000
Q9D8B1	0	0	0
Q9D8B6	139910000	70825000	0
Q9D8C2	0	0	0
Q9D8C3	0	83331000	0
Q9D8C9	0	0	0
Q9D8F1	0	0	0
Q9D8H7	0	0	0
A0A1L1SUI7	70607000	0	68695000
Q9D8U0	0	24880000	70578000
Q9CUY8	0	0	0
Q9D8U6	0	0	0
Q9D8U7	76181000	77286000	37838000
Q9D8X0	0	0	0
Q9D8Y8	0	0	0
Q9D9E0	86634000	46132000	35499000
Q9D9G3	0	0	0
B0R081	65496000	85146000	119230000
O88348	71116000	60244000	0
Q9D9M5	246950000	198170000	314200000
Q9D9N8	0	0	0
Q9D9V7	67869000	81703000	36032000
Q9D9Z1	0	0	0
Q9DA19	104310000	69084000	189630000
Q9DA75	0	0	0
Q9DAA6	117730000	133320000	116670000
Q9DAC7	0	0	0
B0ZE73	0	0	0
Q9DAJ2	0	0	0
Q9DAJ5	0	0	0
Q3UXK4	0	0	0
B7ZMU4	0	0	0
Q9DAM9	0	0	0
Q9DAP0	0	0	0
Q9DAP7	0	0	0
Q9DAS1	0	0	0
Q9DAT2	151450000	121660000	111220000
Q9DAU9	0	0	0
Q9DAV9	79619000	67696000	0
Q9DB07	99591000	131440000	132730000
E0CXP9	0	24323000	17442000
Q9DB28	83433000	34197000	0
Q9DB38	0	0	0
Q9DB40	411040000	352740000	476870000
Q9DB42	71232000	132980000	85815000
Q9DB50	0	0	0
Q9DB54	132060000	152280000	227110000
Q9DB76	0	8668100	0
Q9DB85	21371000	0	17743000
Q9DB91	67124000	35823000	0
Q9DB94	48584000	0	0
Q9DB98	52901000	0	0
A0A1W2P7A9	84192000	89498000	45897000
Q9DBA8	0	0	0
Q9DBB1	0	0	0
Q9DBB5	0	19021000	0
Q642I5	0	0	0
Q9DBF7	148310000	131120000	155470000
Q9DBG1	0	0	0
Q9DBG6	0	0	0
Q9DBJ3	0	0	0
Q9DBJ6	0	0	0
Q9DBN9	128410000	120130000	225590000
Q8C8F4	124270000	127160000	58093000
Q9DBR3	0	0	0
Q6DQH2	141670000	137920000	106440000
Q9DBS8	163370000	99754000	157140000
Q9DBS9	0	0	0
Q8R0U1	0	274290000	0
Q9DBT9	0	0	0
A0A3Q4EI66	323170000	532300000	417600000
F6VG71	0	0	0
Q9DBV3	0	0	0
Q9DBV4	0	0	0
Q9DBW0	0	0	0
Q9DBW3	314290000	435540000	312770000
Q9DBY4	0	0	0
Q9DC11	80527000	50912000	78247000
D3YWM2	0	0	0
Q3TAG9	172050000	0	39929000
Q9DC47	0	53651000	0
D6RJL8	0	0	0
Q9DCA7	0	0	0
Q9DCB4	0	0	0
Q9DCD6	292630000	347420000	316770000
Q9DCG2	0	0	0
Q9DCH2	47068000	58668000	103460000
A0A140LHV2	0	108390000	121810000
Q9DCI3	78946000	90930000	0
Q9DCJ7	0	0	0
A2AGM2	24918000	0	30218000
Q9DCN1	79060000	49703000	118120000
Q9DCN7	23611000	21584000	0
Q9DCP9	0	0	0
Q9CZL9	0	0	0
Q9DCS1	0	0	0
Q9DCV3	0	0	0
Q9DD03	52495000	20962000	64470000
Q9DD06	0	0	0
Q9DD16	0	0	0
Q9EP52	0	0	156680000
Q8BQP0	0	0	0
Q9EP66	0	0	0
Q9EP73	0	0	0
Q9EP78	0	0	0
Q8C7H7	0	0	0
B2RXU4	0	0	0
Q9EPK5	0	0	0
Q9CTJ3	224680000	314480000	99493000
Q9EPQ1	103460000	88994000	110600000
Q9EPR2	52506000	47357000	57019000
Q69ZY0	117250000	203140000	232330000
Q9EPS6	0	0	0
B7ZMQ9	0	0	0
Q9EQ00	0	0	0
Q3UY35	0	0	0
D3Z3X2	0	0	0
Q9EQC4	0	92423000	74449000
Q8K0X3	0	0	0
Q9EQH4	0	0	0
Q9EQJ0	0	0	0
Q9DA18	0	0	15764000
Q9EQN9	0	0	0
E0CZC9	36693000	47584000	64516000
Q9EQR3	0	40094000	0
Q9EQS9	66057000	55863000	124790000
A4IF60	66220000	102380000	129530000
Q9EQU3	0	0	0
Q9CRT3	112690000	418600000	655560000
Q9EQW6	0	0	0
Q9EQY0	0	0	0
Q9ER38	21293000	0	20138000
A0A3B2W829	0	0	0
Q9ER71	0	0	0
Q923D9	0	0	0
Q8BK77	0	0	0
Q9ER99	0	0	0
A0A3B2W3U6	17296000	24103000	21701000
Q9ERE2	0	0	0
Q8VEK1	0	0	0
Q9ERH4	0	0	0
Q9ERH6	0	0	0
Q8VI08	0	0	0
Q9ERK9	0	0	0
A0AAQ4VMS9	71741000	61742000	55696000
D3Z2F6	0	82651000	0
Q9ERR8	0	0	0
Q9ERZ3	0	0	100640000
Q9ERZ4	0	0	0
Q9ES18	0	0	0
Q9ES28	0	0	0
Q9ES28	0	0	0
Q9ES28	0	0	0
Q3UEU0	0	0	0
Q9ES57	0	0	0
Q8C6L4	0	0	0
Q9ESB3	0	0	0
A0A338P792	0	0	0
Q3U9H9	0	0	0
A0FLF1	0	0	0
A0A286YED0	0	0	0
Q9ESJ7	74041000	72842000	65062000
Q9ESK3	58232000	55953000	62902000
Q9ESK4	37766000	33629000	30897000
Q9ESM6	67191000	0	126060000
Q9ESN1	0	0	0
Q9ESN5	0	0	0
D3YWH6	0	0	0
D3YWH6	0	0	0
Q9ESS0	0	0	0
Q9EST1	0	0	0
Q3TS00	0	0	0
Q9EST8	22155000	0	0
P51912	94268000	116940000	146000000
Q9ET43	0	0	0
D3Z1J5	0	0	0
D3Z1J5	0	0	0
Q8VH23	0	0	0
Q9CSY3	0	0	0
Q9CSY3	116920000	117540000	119610000
F6ZCH1	0	0	0
Q9JHE3	0	0	0
Q9JHE4	0	0	0
Q9JHF7	0	33390000	14963000
Q3UPS4	0	0	26161000
Q9JHH9	237650000	0	0
Q2KHP2	0	74322000	0
Q9JHI2	934590000	0	0
Q3TJ33	0	0	0
Q9JHJ8	0	0	0
Q9JHL0	0	0	0
Q3TG64	32846000	38373000	46613000
Q9JHT5	0	0	0
A0A1Y7VNS6	0	0	0
Q9JHW9	168390000	98936000	180210000
Q9JI08	73696000	59693000	82050000
Q9JI33	0	0	0
Q9JI38	39139000	33933000	33436000
Q80ZG7	87565000	45803000	105980000
Q9JI67	0	0	0
Q9JI99	87026000	71971000	118370000
A0A0G2JED4	195880000	202320000	123720000
Q9CX58	0	0	0
Q9JIF3	0	0	0
D3YUL0	0	0	0
Q9JIN6	173970000	168080000	170540000
Q9JIP4	3150600000	2526300000	1882200000
Q9JIW5	0	0	0
Q9JIY2	0	0	0
A0A2R8W6R9	0	0	0
Q9JIZ9	121200000	141580000	154960000
Q9JJ00	0	0	0
Q9JJ06	0	0	0
A0A2R8VHB5	0	0	0
Q9JJ48	116150000	94257000	115810000
Q9JJ66	0	0	0
D3YVF2	96206000	144520000	111010000
Q9JJ89	0	0	0
Q78YP7	91122000	135250000	145440000
Q9D814	115430000	134570000	104270000
Q3TRN0	0	39430000	0
Q9JJF9	84926000	118200000	72746000
E9QL08	105710000	85069000	166880000
Q3V2X1	0	0	0
Q8CBJ9	0	0	0
V9GWY8	0	34300000	33919000
Q9JJV4	143470000	124180000	204160000
Q9JJX7	99948000	106160000	185150000
Q9JJZ4	0	0	0
V9GX95	0	0	0
Q9JK24	0	33787000	36107000
A2AT40	90708000	99476000	182720000
A0A0G2JF57	0	0	0
Q9JK84	0	0	34897000
F6R1G0	88767000	89054000	106700000
Q9JK92	0	0	0
Q9JKB3	0	0	0
Q5PSB0	0	0	0
A0A3B2WCK5	16609000	16601000	0
B0QZL9	104740000	59892000	105320000
Q9JKN1	283260000	466240000	146690000
Q9JKN5	0	0	0
Q9JKP7	0	68858000	0
Q9JKP8	39340000	0	48912000
Q3TRD4	0	0	0
Q9JKW0	13644000	57426000	48249000
Q9JL15	27760000	0	36056000
Q4FK39	0	0	0
A0A338P773	0	0	0
Q9JL25	0	0	0
Q3UYV4	142820000	102060000	168450000
Q0P5W9	0	0	0
F7CK17	0	0	0
Q9JLG8	0	0	0
Q9JLG8	0	0	0
Q91X42	0	0	0
Q9JLI2	0	0	0
Q9JLJ4	0	0	0
Q9JLJ5	0	0	0
Q9JLL3	0	0	0
Q5DU47	0	0	0
Q3TTK6	269780000	189900000	138710000
Q8CCY3	0	0	0
Q9JLZ6	0	0	0
A0A1B0GS99	0	0	0
F6RKH8	70545000	89629000	52397000
Q7TT13	0	0	0
Q9D6D6	0	0	0
Q9D2R5	39340000	39965000	71017000
Q9JM62	0	0	0
Q9JM73	43923000	0	0
B7ZP01	0	0	4091000
Q9JM98	0	0	56701000
Q9JM99	0	0	0
Q9JMD0	0	0	0
Q8CEK4	177880000	120200000	181550000
Q9JME2	0	0	0
Q9JME9	0	0	0
Q9JMF7	61233000	44512000	38436000
Q3TSX4	88702000	0	0
Q543I9	0	0	0
Q05DV7	0	0	0
Q3U7I0	0	0	0
Q9NWG9	0	0	0
Q3UUL1	0	0	0
Q8BNW2	554600000	395680000	1248600000
Q9QUK6	0	0	0
Q9QUM0	0	0	0
Q9QUN7	0	0	0
Q8C9L4	0	0	0
Q9QVY8	0	0	0
A0A3B2WD19	34674000	38637000	44622000
Q9QWT9	0	0	0
Q9QWV4	0	0	0
W0UTF2	88567000	36552000	49588000
Q9D7Z6	0	15542000	11816000
Q8C9T5	0	0	0
Q9QX66	0	0	0
Q9QXD1	0	0	0
Q9QXD6	0	0	0
Q9QXD8	0	0	0
Q9QXE2	0	0	0
Q8C270	0	28679000	18715000
F6ZKR0	0	0	0
Q8BXG5	0	0	0
Q8BXG5	0	0	0
Q9QXM0	46398000	32062000	48481000
Q9DB86	0	0	0
Q6S393	0	0	0
Q6S393	0	0	0
Q6S393	0	0	0
Q9QXS6	740750000	647750000	562110000
Q3TEK6	0	0	0
Q9QXV1	568480000	568040000	728530000
Q9QXV8	0	0	21218000
Q9QXW0	49437000	60607000	87010000
Q9QXX8	0	0	0
Q059K7	0	0	0
Q8C8N4	0	0	0
Q9QY23	0	0	0
A2APF7	0	0	0
Q9QY33	0	0	0
Q9QY39	33150000	70989000	49786000
Q9QY42	0	0	0
Q9QY73	0	85865000	115450000
Q9QY93	158660000	107330000	88157000
Q9QY96	0	0	0
Q3UTV2	18374000	25161000	23409000
Q9QYB5	0	0	0
Q8C0Y2	20310000	8988500	146580000
Q8BJT2	0	0	0
Q3TP99	0	0	0
Q3TP99	43582000	60473000	39483000
Q3TP99	0	0	0
Q3TP99	6382100	0	0
Q9QYE5	112990000	63969000	49293000
Q9QYI6	76511000	0	119840000
Q9QYK5	84301000	83094000	87941000
Q9QYL7	115940000	125570000	163020000
Q9QYM8	29987000	0	0
A0A0R4J1J9	43837000	26580000	30239000
Q3V3T6	42927000	0	0
Q9QYR6	0	0	0
Q3UQQ1	0	0	0
Q9CW02	0	0	0
Q9QZ85	66999000	47068000	77140000
Q9QZC7	0	0	0
Q9QZC8	0	0	0
Q9QZD5	38669000	0	127250000
Q9QZI9	141480000	94471000	0
Q9QZL0	0	0	0
G3UWN7	52761000	69236000	49844000
F2Z482	0	0	0
Q5D0E9	0	46484000	52669000
Q9QZS3	0	0	0
Q3UW73	0	0	0
Q9QZU5	0	0	0
Q9QZU9	0	0	0
Q9QZV9	372130000	222170000	209930000
Q9QZZ6	0	0	0
Q9R001	1498500000	330720000	1816000000
Q8CAX8	0	0	0
Q9R022	0	0	0
Q9R045	0	0	0
Q9R049	0	0	0
Q9R059	0	20162000	12479000
Q9R098	0	0	0
Q9R0C0	0	0	0
Q9R0H0	0	0	0
Q9R0H2	0	0	0
Q9R0N4	0	0	0
Q9R0N9	0	0	0
H3BL75	0	0	0
Q9R0S2	309330000	138560000	538610000
Q9R0S3	0	0	0
Q9R0U0	0	0	0
Q9R0X0	100150000	78459000	102280000
A0A0G2JDP9	0	0	0
Q9R1C0	149970000	89275000	107190000
Q9WVH5	87632000	78584000	101180000
Q9R1Q6	31576000	44373000	36336000
Q9R1Q7	0	0	0
Q9R1S0	0	0	0
A0A087WNT9	0	0	0
H7BX89	102280000	132920000	76356000
Q8CFP9	76798000	54257000	97078000
Q9WTI7	0	0	0
Q9WTI7	0	0	0
Q9WTJ4	60627000	47772000	102430000
Q3UNB0	0	0	0
Q9WTM3	0	0	0
Q9D246	0	0	0
Q9WTP2	0	0	0
Q8BSA6	0	0	0
Q8C094	0	0	0
A0A0N4SVX5	0	0	0
Q9QZ79	0	0	0
Q9WTW5	0	0	0
Q9CW89	32377000	69926000	69267000
Q9WU78	0	0	0
Q9WU81	0	0	0
A0A0A6YWG0	0	0	79066000
Q3TP26	139270000	128560000	88762000
Q9WUH7	229190000	199750000	175870000
Q99K91	364270000	345880000	604700000
A0A1C7ZMY6	32421000	44508000	23060000
A0A087WRL3	0	0	66918000
Q6AXC2	19295000	0	0
Q544M3	0	38718000	24852000
Q9WV19	0	0	0
Q9WV27	0	0	0
Q9WV34	0	0	0
Q9WV35	0	0	0
Q9WV68	85235000	70991000	39897000
A0A2I3BS01	0	0	0
Q8BHX6	0	0	45677000
Q9CWX6	187060000	0	219590000
Q9WV89	242790000	0	347880000
D0VYV7	0	0	0
D0VYV7	0	0	0
Q9WVA7	0	0	0
Q9WVB4	463480000	371090000	729490000
Q9WVF7	86289000	77686000	61417000
Q9WVG9	48427000	28753000	102720000
Q9WVK0	0	0	0
Q9WVK5	0	0	0
B9EIV8	745070000	669430000	770500000
Q9WVM1	82763000	74239000	198390000
Q8C9K8	0	0	0
Q8CBJ0	0	0	0
Q9Z0E0	37068000	42605000	0
A0A068BIS6	0	0	0
Q9Z0F4	0	0	0
A0A494BAL0	0	0	0
Q9Z0G7	0	0	0
Q9CSF4	18445000	18080000	38395000
Q9Z0H3	109250000	144530000	173850000
Q8BR48	87620000	78594000	34127000
Q9Z0H8	0	0	0
Q3V0E6	0	0	0
Q9Z0I6	0	0	0
Q3UU73	0	4109400	0
Q9Z0J1	0	0	0
Q9Z0K8	0	0	0
Q9Z0M9	0	0	0
Q9D791	56929000	0	34896000
Q9Z0P7	89798000	149750000	150760000
Q3TUF4	0	0	0
Q9Z0S2	0	0	0
Q9Z0S3	0	0	0
Q9Z0U9	0	0	0
Q9Z104	0	45417000	0
Q3UZ27	0	0	0
Q9Z126	23908000	27162000	0
Q9Z131	25418000	0	0
Q501P6	0	0	0
Q9Z175	0	0	0
A0A140LHK7	52230000	54547000	59440000
Q9Z183	0	0	0
Q9Z1B8	0	0	88230000
Q9Z1E3	0	0	0
Q9Z1K8	0	0	0
U5NJF3	0	0	0
Q9Z1N2	0	0	0
Q8C2J4	0	0	0
Q8BUW3	0	0	0
Q3TR41	0	0	46592000
Q9Z1Y4	0	0	0
Q3U6P5	0	0	0
Q3UK69	0	0	0
Q9Z211	0	0	0
Q8C8I1	0	0	0
Q9Z239	0	0	0
Q9Z248	62598000	59199000	98050000
J9TN51	0	0	0
Q9Z265	0	0	0
Q8BP95	0	0	0
Q54AA6	95778000	94173000	150230000
Q9Z2A9	0	43335000	0
Q9DAT4	0	0	0
Q8C8P2	5134400000	4882400000	5710900000
Q9Z2H7	0	0	0
Q810R7	62015000	48186000	44607000
Q9WU73	0	0	0
Q9Z2S7	0	0	0
Q9Z2S7	0	0	0
A0A2R8VHS9	0	0	0
Q9Z2U2	428450000	448740000	566780000
Q3U2M4	0	0	0
Q8C069	0	0	0
E9Q8H8	54814000	39353000	43417000
Q8VIL8	0	0	0
Q3V0X4	61182000	103850000	87481000
Z4YN82	0	0	0
Q3UIL6	0	0	0
Q3UJC0	0	0	0
S4R2P8	0	0	0
Q8CB85	0	0	0
Q8CCD5	0	0	0
S4R248	0	0	0
Q3TLH4	0	0	0
Q8CB85	0	0	0
Q8K054	0	0	0
S4R2S6	0	0	0
Q8CB85	0	0	0
Q8BR48	0	0	0
V9GXX2	0	0	0
V9GXF1	0	0	0
Q99MI1	792130000	655670000	668130000
V9GXT5	181930000	361740000	457430000
Q6P8I7	0	0	0
Q3TRU2	0	0	0
