uniprotID	Astrocytes 1	Astrocytes 2	Astrocytes 3
Q3TNY2	139990000000	139990000000	118380000000
Q9DCR1	143570000000	143570000000	115320000000
P05213	192480000000	192480000000	176170000000
O89054	503290000000	503290000000	609720000000
Q04447	424670000000	424670000000	289990000000
Q8K2I5	108620000000	108620000000	78419000000
A0A1L1SUV0	97913000000	97913000000	92670000000
Q3TTX2	102120000000	102120000000	82982000000
Q3KQJ4	168970000000	168970000000	165960000000
Q6PHC1	180430000000	180430000000	232660000000
W8QM43	108760000000	108760000000	85273000000
Q99KI0	66880000000	66880000000	57155000000
Q8R3A9	24617000000	24617000000	18695000000
D3Z510	81477000000	81477000000	67883000000
F6WA09	185930000000	185930000000	221230000000
O08553	87304000000	87304000000	83092000000
Q80U36	104600000000	104600000000	98475000000
Q8BK89	53490000000	53490000000	42675000000
P08249	66406000000	66406000000	53911000000
Q811H6	167860000000	167860000000	172440000000
Q8CFR9	49314000000	49314000000	42539000000
A0A0J9YUE9	5250100000	5250100000	4520600000
O08599	2880700000	2880700000	3348500000
Q3TYV5	5802200000	5802200000	5651100000
Q60932	61436000000	61436000000	55295000000
W8QPF2	305930000	305930000	150620000
Q3TRF8	12709000000	12709000000	13123000000
P08553	31102000000	31102000000	34461000000
Q8VCE0	442220000	442220000	527000000
Q9QYR6	13542000000	13542000000	11811000000
P04370	47708000	47708000	92750000
P46460	5076300000	5076300000	3723700000
P60202	34479000	34479000	104250000
Q6P1J1	5408300000	5408300000	5075600000
P06745	83283000000	83283000000	52103000000
P09411	89149000000	89149000000	100430000000
Q6GQU1	21932000000	21932000000	17943000000
Q05DD2	11340000	11340000	6328200
Q9DBJ1	81634000000	81634000000	61192000000
D3Z3I8	110500000000	110500000000	93706000000
P05063	40063000000	40063000000	30626000000
P50516	18483000000	18483000000	18133000000
Q543S2	32140000000	32140000000	27357000000
P05202	15812000000	15812000000	13024000000
Q8C5U3	65148000000	65148000000	62516000000
F7ALS6	12695000000	12695000000	14196000000
Q922A0	5699400000	5699400000	4710200000
Q9CRT0	978710000	978710000	340170000
Q3UZ53	60293000000	60293000000	52776000000
Q8BNF8	90585000000	90585000000	88026000000
P17751	40343000000	40343000000	34874000000
Q5SWR0	13804000000	13804000000	12200000000
B0LAB5	37377000000	37377000000	34500000000
D3YXN6	79521000000	79521000000	96060000000
Q80T68	265440000000	265440000000	304420000000
D3Z7J9	64353000000	64353000000	49431000000
P18760	51907000000	51907000000	55415000000
P13595	16471000000	16471000000	16795000000
P14152	17722000000	17722000000	24035000000
Q9CZ18	70650000000	70650000000	57021000000
Q3UMG4	84971000	84971000	183500000
Q91VA7	9655000000	9655000000	8974900000
P46096	13067000	13067000	64260000
Q80ZK2	629450000	629450000	718180000
P50396	13520000000	13520000000	15374000000
Q8CB85	16006000000	16006000000	12226000000
Q545P0	7255000000	7255000000	7007700000
D3YVK1	2924400000	2924400000	3392700000
Q02053	40939000000	40939000000	45304000000
Q3TSQ7	64084000000	64084000000	58217000000
Q5M8R7	40676000000	40676000000	40773000000
A0A1S6GWG6	12437000000	12437000000	10993000000
Q80TN1	448040000	448040000	514100000
Q8BL41	3061600000	3061600000	2839500000
Q6A0D0	144250000000	144250000000	123380000000
O89055	317700000000	317700000000	339300000000
Q8VDN2	22740000000	22740000000	20558000000
G3UZR1	21590000000	21590000000	15243000000
P38647	93973000000	93973000000	93296000000
Q8BVI9	24486000000	24486000000	25934000000
Q5FWJ3	1426800000000	1426800000000	1302400000000
P03995	347980000000	347980000000	321420000000
Q5SUC3	66552000000	66552000000	51533000000
Q3V1S0	18404000000	18404000000	16965000000
Q76MZ3	14654000000	14654000000	12380000000
A0A140LI98	14792000000	14792000000	13627000000
P43006	704050000	704050000	653680000
Q8CI94	52090000000	52090000000	49510000000
A0A087WSU3	13606000000	13606000000	9579300000
F6WHQ7	162680000000	162680000000	174290000000
Q6R5G9	54197000	54197000	147870000
Q9D6F9	82325000	82325000	194050000
Q6S393	127420000000	127420000000	91583000000
P62761	20177000	20177000	110680000
Q5EBQ2	68113000000	68113000000	73736000000
D6RG68	332420000	332420000	156080000
Q3ULT2	131820000000	131820000000	134370000000
P00920	2258800000	2258800000	2676600000
A0A494B908	28062000000	28062000000	18096000000
Q9DC08	60695000000	60695000000	52498000000
Q5M9N9	31345000000	31345000000	33632000000
Q9D051	14582000000	14582000000	12157000000
Q6P8I7	15041000000	15041000000	15177000000
Q3TUS2	227050000000	227050000000	238690000000
Q8C2R2	95103000000	95103000000	91750000000
Q3UWP8	57827000000	57827000000	68991000000
Q8BJH3	13399000000	13399000000	11428000000
Q62188	22441000000	22441000000	19554000000
Q8BYI9	33337000	33337000	50609000
Q9JHL8	23678000000	23678000000	19976000000
Q99LL2	13287000000	13287000000	5774300000
Q9R0P9	19269000000	19269000000	30809000000
Q8CAQ8	22346000000	22346000000	20435000000
A0A087WSL5	350930000	350930000	550650000
P58252	49369000000	49369000000	58889000000
Q3U9V4	29423000000	29423000000	26388000000
Q3UTH2	41202000000	41202000000	42767000000
Q9CZU6	16046000000	16046000000	12054000000
Q6NXW3	32172000000	32172000000	29591000000
Q99104	7052100000	7052100000	8776600000
Q64332	651050000	651050000	874360000
Q99M55	2753400000	2753400000	1671800000
P84078	17600000000	17600000000	18468000000
Q8VEJ2	16201000000	16201000000	16554000000
V9GXX9	5807900000	5807900000	4249600000
Q5U3M2	41201000000	41201000000	38808000000
P56564	35817000000	35817000000	33928000000
Q61275	222860000000	222860000000	310840000000
P68369	15778000000	15778000000	3142300000
Q9Z1G3	3970900000	3970900000	3599900000
Q8BXU5	545860000	545860000	876630000
A0A286YE28	40200000000	40200000000	40506000000
Q544B1	31748000000	31748000000	33975000000
A0A087WSI9	1158500000	1158500000	828360000
A0A140LIG7	9872200000	9872200000	7838100000
Q3UJP4	41506000000	41506000000	37446000000
Q9R0K7	2849800000	2849800000	3450300000
Q05BC6	13687000000	13687000000	16024000000
Q8QZT1	13946000000	13946000000	11528000000
Q80TQ3	121590000	121590000	136640000
Q8CE30	58523000000	58523000000	49777000000
Q99P72	21217000000	21217000000	24296000000
Q99LJ3	134560000000	134560000000	102590000000
Q8C649	3494300000	3494300000	3816800000
Q11011	24149000000	24149000000	22237000000
P51863	4536300000	4536300000	2200600000
Q9R111	3512300	3512300	5427700
Q64521	31845000000	31845000000	25210000000
P61264	1001100000	1001100000	1091000000
Q61644	380980000	380980000	118310000
D0VYV7	6904200000	6904200000	5834700000
P60879	24759000	24759000	18307000
Q3UXD6	94600000	94600000	10452000
Q4FZG5	9651700000	9651700000	9236200000
F7BDR1	27795000000	27795000000	25269000000
P50518	10879000000	10879000000	13385000000
Q5DTI2	21635000000	21635000000	25263000000
Q9EQF6	12473000000	12473000000	11314000000
Q7TSJ2	1597800000	1597800000	1352100000
Q8K310	19202000000	19202000000	20210000000
Q8CEF3	249640000	249640000	572480000
Q9CTJ5	7782300000	7782300000	5580900000
Q8C8I1	79896000	79896000	36017000
Q99PT1	72084000000	72084000000	72054000000
Q9D6R2	8566200000	8566200000	7159200000
Q9Z0E0	714730000	714730000	660980000
Q3TT26	51280000000	51280000000	49728000000
Q08331	34805000	34805000	83528000
Q5EBP8	23793000000	23793000000	19589000000
Q60931	48161000000	48161000000	27599000000
Q6IWE1	14212000000	14212000000	13278000000
Q60864	21164000000	21164000000	22480000000
Q80TJ1	532080000	532080000	850370000
Q9JJD8	19159000000	19159000000	19422000000
Q9D855	14402000000	14402000000	10623000000
Q99KM9	21531000000	21531000000	17680000000
P19096	36169000000	36169000000	33032000000
Q60930	25652000000	25652000000	23484000000
Q8BXH2	78475000	78475000	115370000
P97807	15390000000	15390000000	13660000000
Q62108	717950000	717950000	925660000
A0A494BAN9	2193300000	2193300000	2294400000
Q3UK61	29458000000	29458000000	30460000000
Q8C5M9	6756200000	6756200000	5115400000
F6Q404	90200000000	90200000000	77468000000
D3Z4K7	14908000000	14908000000	12010000000
D3Z7K0	10905000000	10905000000	9955200000
Q3TMU8	6395300000	6395300000	7273900000
O70251	10994000000	10994000000	12753000000
O35514	13337000000	13337000000	12293000000
F6YL81	22761000000	22761000000	11557000000
Q5DQJ3	28521000000	28521000000	18986000000
Q8C5K4	746210000	746210000	445550000
A0A0J9YV84	152120000	152120000	96502000
Q3U9J9	38262000000	38262000000	41189000000
O35526	132960000	132960000	54368000
Q9QYX7	4302500	4302500	17038000
A0A0J9YUY5	351450000	351450000	350000000
P06837	1417600000	1417600000	1212900000
Q6ZQ38	21015000000	21015000000	14932000000
Q3TSK3	9755900000	9755900000	8830000000
F7B327	3183000000	3183000000	1399400000
A2A5N2	22505000000	22505000000	19996000000
P48036	131270000000	131270000000	133730000000
Q8K1M6	7059900000	7059900000	6275500000
Q3UFJ3	4651500000	4651500000	5713100000
P19783	19651000000	19651000000	22694000000
A0A240F9Y3	661560000	661560000	672410000
P62631	0	0	0
P63011	689400000	689400000	576340000
Q3U8W0	21162000000	21162000000	13648000000
Q91WD5	4610000000	4610000000	3803100000
P09671	5050700000	5050700000	7823300000
D3Z2H9	102590000000	102590000000	83689000000
Q91XV3	8986900000	8986900000	4586700000
Q8VDQ8	7715700000	7715700000	7509100000
D3Z1M7	2202800000	2202800000	1379900000
Q99K05	9458800000	9458800000	7436600000
D6RG60	8129600000	8129600000	8849300000
Q8C8N4	60671000000	60671000000	51662000000
Q8R5C5	13905000000	13905000000	14178000000
Q91V12	2535200000	2535200000	1800300000
Q3U1B1	8305100000	8305100000	8566000000
F6U775	13067000000	13067000000	11126000000
Q3TP56	17068000000	17068000000	16529000000
P10639	39687000000	39687000000	55562000000
Q05DE5	71873000	71873000	20184000
O08749	12668000000	12668000000	8008200000
Q3UPX0	6681500000	6681500000	4556900000
E9Q0U7	11221000000	11221000000	9218100000
O55042	51564000	51564000	44653000
Q05CM4	1754200000	1754200000	1925600000
P11983	20348000000	20348000000	19211000000
Q9EQH3	16285000000	16285000000	14920000000
Q3TB39	55715000000	55715000000	37116000000
P12787	8035800000	8035800000	5721800000
Q9QWI6	248850000	248850000	202720000
D3Z7I7	5240300000	5240300000	4657100000
Q3TYN8	4776100000	4776100000	3084800000
Q8K0T0	14766000000	14766000000	9542200000
A0A087WRD4	8421100000	8421100000	8864600000
Q69ZW4	5825800000	5825800000	4359700000
Q9DC69	3266400000	3266400000	3704300000
Q8BVE3	4399000000	4399000000	5291800000
Q9DCT2	4391900000	4391900000	5366300000
J3QQ18	29971000	29971000	9186300
Q9CS06	30021000000	30021000000	24705000000
Q5F2A7	27129000000	27129000000	27631000000
Q545F0	10047000000	10047000000	8491100000
P84075	819930000	819930000	0
P62748	971150000	971150000	1496700000
Q3ULW0	16920000000	16920000000	20208000000
Q5ND42	4568700000	4568700000	4099700000
Q99KJ8	9147500000	9147500000	7292200000
Q8C355	24069000000	24069000000	22772000000
E0CY23	24861000000	24861000000	20803000000
Q3TIQ5	39809000000	39809000000	36403000000
Q3UR26	19473000000	19473000000	18515000000
B1ARS0	27734000000	27734000000	18745000000
A0A0N4SWF4	4665100000	4665100000	3365100000
P14733	31365000000	31365000000	25853000000
P63330	11037000000	11037000000	8314100000
A0A0N4SW56	45114000000	45114000000	40938000000
Q8R1P3	1030700000	1030700000	530210000
Q9R0Q6	2767500000	2767500000	2744300000
Q3UHH5	11170000000	11170000000	11708000000
P80316	18547000000	18547000000	17287000000
P62962	28556000000	28556000000	32165000000
Q6NZM3	10771000000	10771000000	9534400000
Q922X7	7384100000	7384100000	7524400000
Q8VEK3	26591000000	26591000000	23479000000
Q9CZ30	5684300000	5684300000	5372500000
Q9CW65	5988400000	5988400000	6387800000
Q8BZ98	666610000	666610000	1025700000
Q564F4	16354000000	16354000000	17922000000
Q9CVU5	20270000000	20270000000	23241000000
Q80UE3	32980000000	32980000000	34619000000
Q80XN0	2895600000	2895600000	1960400000
Q99KF9	13256000000	13256000000	12614000000
Q9JLM6	3198200000	3198200000	2091300000
Q768S5	12849000	12849000	6576800
Q3V496	2910900000	2910900000	3069600000
P20108	14546000000	14546000000	13487000000
Q4FK36	21687000000	21687000000	17852000000
Q9WUB3	39497000	39497000	100140000
P31324	1727800000	1727800000	1329500000
Q9QXS6	5932200000	5932200000	6638400000
D3Z099	2949500000	2949500000	3047700000
Q80YU5	0	0	0
Q8BWF0	9237100000	9237100000	6197000000
A0A1W2P8F0	39217000000	39217000000	27960000000
Q8BXY4	8009200000	8009200000	7482200000
Q9R0Y5	11564000000	11564000000	11049000000
P68254	24971000000	24971000000	33501000000
E9Q7L0	6535500000	6535500000	6615800000
A0A1B0GR35	7579400000	7579400000	11248000000
B0R1E3	8555700000	8555700000	9180800000
Q8C715	3143000000	3143000000	2466400000
Q7TQD2	29719000	29719000	39240000
Q05BL6	12851000000	12851000000	10143000000
Q8BL32	20280000000	20280000000	17206000000
Q9Z2U0	16016000000	16016000000	17930000000
Q9CR68	12297000000	12297000000	11333000000
Q4FJL0	5511500000	5511500000	4808000000
Q9JJE1	4169800000	4169800000	3546200000
P0DP26	111230000000	111230000000	93914000000
Q8JZT4	20632000000	20632000000	16658000000
Q3UF01	25322000000	25322000000	31558000000
Q3TSQ8	346620000	346620000	210070000
Q3U9E0	16430000000	16430000000	12515000000
A2A817	18441000000	18441000000	24774000000
Q52KG9	13392000000	13392000000	13083000000
Q3TIP1	12584000000	12584000000	13998000000
Q3UR55	5910400000	5910400000	5173600000
A0A338P798	4184100000	4184100000	4856900000
Q78V97	794070000	794070000	612080000
Q5SW83	15556000000	15556000000	13371000000
Q8VEM8	17475000000	17475000000	12224000000
P28660	7107500000	7107500000	6060700000
Q8BJT2	10685000000	10685000000	6953500000
S4R1I6	17816000000	17816000000	21457000000
Q8BLQ9	1756400000	1756400000	1097200000
Q3ULF7	16711000000	16711000000	18847000000
Q8C5Q5	13221000000	13221000000	11684000000
Q9DCD0	18785000000	18785000000	18582000000
Q99N28	200520000	200520000	298260000
D3Z510	2651700000	2651700000	2522100000
Q8C0Y2	316980000	316980000	79407000
Q9CW70	25232000	25232000	4010600
Q4FZK2	17690000000	17690000000	19705000000
Q9R1Q8	2019400000	2019400000	2459400000
Q61018	1796200000	1796200000	2622400000
P32848	2676800000	2676800000	2260400000
Q9D9A5	10499000000	10499000000	15136000000
P48758	5445300000	5445300000	6089800000
Q9DBE3	21335000000	21335000000	15486000000
Q5SW18	6575700000	6575700000	7589400000
Q80TN1	0	0	0
B1B0B8	16873000	16873000	18537000
Q3TG71	13360000000	13360000000	12000000000
D3Z434	403250000	403250000	155430000
Q6NXY3	3534800000	3534800000	3507200000
O35129	11602000000	11602000000	10499000000
Q9EPN1	2987400000	2987400000	2724400000
Q7TQH3	0	0	0
Q8BHN4	6849100000	6849100000	6636400000
Q8C6L4	1476700000	1476700000	1490800000
Q6NSS6	13649000000	13649000000	12633000000
Q8BGT8	5701000000	5701000000	4186800000
Q9DCJ5	3852500000	3852500000	3502600000
Q9Z2I0	14354000000	14354000000	10102000000
Q8BTY3	18929000000	18929000000	24333000000
Q9ERS2	2787700000	2787700000	3060700000
Q80SW1	5884400000	5884400000	5018900000
A0A0G2JEM7	15459000000	15459000000	13546000000
P61089	5143700000	5143700000	5001800000
Q3TV50	1150700000	1150700000	1111600000
Q9CSP8	32881000000	32881000000	27629000000
Q8K183	9628700000	9628700000	11386000000
Q8BG39	2874200	2874200	6213600
Q8CHR4	4929300000	4929300000	6352000000
P97300	4911400000	4911400000	3505200000
S4R2K7	3664600000	3664600000	2540900000
P51150	16609000000	16609000000	13413000000
Q63810	6064900000	6064900000	9017300000
Q544Q7	5117500000	5117500000	5668400000
Q9D0M3	3022600000	3022600000	2823800000
Q3TCK3	11096000000	11096000000	11503000000
Q9JKK7	3387000000	3387000000	3513600000
Q91YK6	10518000000	10518000000	11116000000
Q62425	5903800000	5903800000	4119000000
Q3URJ3	0	0	15042000
Q9WV34	288200000	288200000	226420000
Q9D8Y0	10289000000	10289000000	7626100000
A0A494BBF5	1560000000	1560000000	1689200000
Q0QER9	24265000000	24265000000	23478000000
Q8VIJ6	10628000000	10628000000	9628900000
A0A286YCZ0	708060000	708060000	1049200000
P55088	1564400000	1564400000	614520000
Q99LC5	32240000000	32240000000	27141000000
Q6ZWT2	10692000000	10692000000	8603100000
A0A0N4SUJ8	21524000000	21524000000	19383000000
E9PV63	12564000000	12564000000	11933000000
Q3U4M7	8072800000	8072800000	8028500000
Q91ZZ3	0	0	0
Q9DCS9	5897100000	5897100000	2336100000
Q3TXU8	12330000000	12330000000	6107100000
Q9Z1N5	12986000000	12986000000	12659000000
Q9JIS5	895420000	895420000	278710000
Q91ZX7	16502000000	16502000000	13896000000
Q9D0A2	18605000000	18605000000	17247000000
Q61207	10781000000	10781000000	10279000000
Q8R001	3379600000	3379600000	4574300000
F6Q2E3	13422000000	13422000000	9004000000
O55125	2732600000	2732600000	3132300000
Q60835	7880700	7880700	64733000
A0A1W2P7T1	8682100000	8682100000	7481900000
Q8R3V5	2043000000	2043000000	1301000000
Q8CFE7	17920000000	17920000000	18261000000
Q0V930	72719000000	72719000000	59387000000
P14206	20876000000	20876000000	10008000000
Q71VC5	858000000	858000000	719360000
A0A338P6Q8	3819900000	3819900000	4067600000
Q9QZ83	15389000000	15389000000	9026600000
Q149M1	412460000	412460000	40725000
M0QWP9	6398000000	6398000000	5024100000
Q99LN6	10833000000	10833000000	11224000000
P48678	50076000000	50076000000	50311000000
Q64433	11913000000	11913000000	11058000000
E9Q5V1	13246000000	13246000000	12058000000
Q5SX48	5375500000	5375500000	4633100000
P51859	29451000000	29451000000	21773000000
Q99JX8	11349000000	11349000000	12379000000
P99027	39404000000	39404000000	33795000000
Q91VR7	1310800000	1310800000	2342400000
Q3UHJ0	2565500000	2565500000	1700100000
Q91V61	10298000000	10298000000	9677600000
Q61304	25356000	25356000	15973000
Q9ERK4	7575600000	7575600000	5906000000
Q9CQI6	29230000000	29230000000	32771000000
P23198	12579000000	12579000000	17935000000
A0A1L1ST40	723700000	723700000	624660000
Q9Z1Z5	9283900000	9283900000	8766700000
Q9WTX5	22817000000	22817000000	22550000000
Q80VE7	13927000000	13927000000	10889000000
O88712	3702600000	3702600000	3477200000
O88447	6033200000	6033200000	3998400000
P23506	4763200000	4763200000	2190600000
Q99JY0	20893000000	20893000000	17577000000
D3YZU5	7871300	7871300	0
Q8BTA2	7931500000	7931500000	8314500000
Q3UUE3	1414300000	1414300000	992010000
G3UZ33	14844000000	14844000000	11708000000
Q9Z2U1	12351000000	12351000000	13792000000
Q6PGJ3	9910800	9910800	12801000
Q05DU4	109230000000	109230000000	112370000000
Q3U484	9348400000	9348400000	8521800000
Q80TT4	5291900000	5291900000	4046800000
O89053	2679300000	2679300000	2144600000
Q6P9Y5	2290900000	2290900000	2134700000
G3XA25	6938500000	6938500000	3624600000
Q6ZQ59	22520000000	22520000000	19559000000
P26350	55894000000	55894000000	45432000000
P62242	36214000000	36214000000	33665000000
Q91X97	1123500000	1123500000	1341800000
Q9JKB1	7443500000	7443500000	8517600000
Q05BF3	33060000000	33060000000	28769000000
Q3UHL1	0	0	0
Q8C048	51862000	51862000	32087000
Q52L53	8959100000	8959100000	7545700000
Q8VE33	460520000	460520000	579560000
Q6KAM8	453640000000	453640000000	426190000000
D3YVF0	41683000	41683000	66791000
Q6A0B9	13370000000	13370000000	11417000000
Q9EQ20	23752000000	23752000000	19920000000
Q3V472	5327700000	5327700000	5251200000
Q9CPW4	8100700000	8100700000	7123100000
Q3UR42	11825000000	11825000000	12193000000
Q9CPQ1	641310000	641310000	772540000
O35381	11337000000	11337000000	10404000000
Q8BGZ1	50630000	50630000	0
Q3UXC8	12964000000	12964000000	10947000000
Q8CBP8	2112800000	2112800000	1999900000
Q9CPV4	43517000000	43517000000	41938000000
O08532	83204000	83204000	137670000
P46097	0	0	20447000
Q91XL9	3298700000	3298700000	1747200000
A0A286YCS6	1823800000	1823800000	1645400000
Q9CX86	9860300000	9860300000	8641800000
P24527	14209000000	14209000000	10765000000
Q0KL02	1192500000	1192500000	863520000
Q3TRQ3	35207000	35207000	26426000
Q3UE86	13059000000	13059000000	11734000000
Q3TWG5	6019600000	6019600000	5590700000
Q9CWU3	3490500000	3490500000	5589900000
Q9JKR6	18612000000	18612000000	20905000000
Q06138	1925100000	1925100000	2331700000
Q3UCL9	15251000000	15251000000	12539000000
Q3TW19	10376000000	10376000000	7041300000
Q8K1L5	2706800000	2706800000	1458600000
Q9CZC8	10376000000	10376000000	9413400000
Q80UA6	8484700000	8484700000	6826200000
Q6PB69	14897000000	14897000000	10904000000
Q8C266	13316000000	13316000000	11199000000
Q9DAB4	40530000000	40530000000	36429000000
Q78PY7	18342000000	18342000000	16261000000
Q9QUR6	18697000000	18697000000	15099000000
Q56A16	28592000000	28592000000	32275000000
Q3U6P5	13331000000	13331000000	12670000000
Q8CC95	7610100000	7610100000	7117200000
Q3U428	18050000	18050000	38673000
Q9DCW5	0	0	0
Q9D3C4	5997700000	5997700000	6093500000
Q571C2	1959300000	1959300000	1382200000
P50114	0	0	0
Q8C028	1992900000	1992900000	2162000000
Q7TN23	17776000000	17776000000	15646000000
Q8C7T5	9232900000	9232900000	8988000000
Q9JMH9	10290000000	10290000000	8909700000
F7ALR2	13936000000	13936000000	11628000000
Q8BMX6	10057000000	10057000000	10209000000
Q8BME2	1350700000	1350700000	1074600000
D3YV69	8721600000	8721600000	7188000000
Q93092	9825000000	9825000000	12069000000
Q9CQ69	245000000	245000000	254420000
Q8BH66	635810000	635810000	498220000
A0A494BBJ6	10543000000	10543000000	10353000000
Q60631	2008500000	2008500000	2535100000
B1AXW3	6506800000	6506800000	7606200000
Q8C7C4	14648000000	14648000000	12432000000
Q99JW9	20552000000	20552000000	16190000000
Q8K1M3	3684100000	3684100000	4777000000
P13707	1953600000	1953600000	1656800000
Q7TMB4	9686100000	9686100000	10747000000
Q9CUI0	5890500000	5890500000	7257700000
F7B7L8	9743800000	9743800000	12026000000
Z4YL78	14243000000	14243000000	11646000000
Q9CPR4	15228000000	15228000000	15850000000
A0A140LIU3	4830400000	4830400000	3870200000
E9Q6P1	23331000000	23331000000	18438000000
Q6P6I8	870500000	870500000	456710000
Q78TF3	49122000000	49122000000	44142000000
Q8R2M5	9663000000	9663000000	9262700000
Q3THE2	15939000000	15939000000	19860000000
P97351	8399000000	8399000000	8921800000
Q8CCD5	105560000	105560000	142450000
P54227	1848500000	1848500000	1895300000
Q62318	8261700000	8261700000	9164300000
Q922S4	128890000	128890000	76314000
Q8VIL8	226390000	226390000	137930000
P28738	863930000	863930000	856410000
Q61990	9526500000	9526500000	6915200000
Q9CTH3	0	0	0
P54071	75775000000	75775000000	76780000000
Q3TQV0	5323500000	5323500000	4074800000
Q8BGH2	3437100000	3437100000	3944600000
Q3THF6	5961500000	5961500000	5806400000
Q3THK7	6971900000	6971900000	4159200000
Q8BRV5	995100000	995100000	1104500000
Q9CZ44	14038000000	14038000000	12830000000
Q6PER3	779720000	779720000	660650000
Q8R5L1	29878000000	29878000000	37093000000
P13020	13774000000	13774000000	14568000000
Q6IR43	58119000000	58119000000	48124000000
Q91WS0	3096100000	3096100000	3647700000
Q9CRN8	10089000000	10089000000	8868900000
Q99PU5	6048800000	6048800000	5408400000
G3XA76	16959000000	16959000000	13544000000
A0A1D5RLE4	5210800000	5210800000	3983900000
Q3TPW7	87079000	87079000	154370000
Q6URW6	64678000000	64678000000	53259000000
Q6TDG6	2476800000	2476800000	2281800000
Q8C7F4	1573700000	1573700000	1322700000
Q8BK64	11709000000	11709000000	10882000000
Q8CD64	10103000000	10103000000	7329200000
Q9CXW3	7562200000	7562200000	11246000000
Q9QYB5	9762800000	9762800000	8270500000
P19536	2725300000	2725300000	3112500000
P45591	7225500000	7225500000	5208700000
Q60676	4286400000	4286400000	5826800000
Q8BLK3	371960000	371960000	410510000
Q790Y8	8956100000	8956100000	7579900000
Q920I9	1057900000	1057900000	1151900000
Q3ULN5	2709600000	2709600000	3133300000
Q9D898	5578300000	5578300000	2428500000
Q8QZS9	9678400000	9678400000	9043200000
Q8C0M9	8135300000	8135300000	8383700000
Q8BTU6	7375800000	7375800000	5699300000
Q8C6E9	11528000000	11528000000	11310000000
Q99JF8	6132900000	6132900000	6605900000
Q00PI9	5379700000	5379700000	5258600000
Q9DBP5	6649400000	6649400000	8178800000
Q3UBT8	10733000000	10733000000	11567000000
A0A286YDW8	10883000000	10883000000	7200200000
Q8C372	12198000000	12198000000	15111000000
E9PZC2	784620000	784620000	1105900000
Q3U589	8498400000	8498400000	7141400000
Q8BVQ9	7099600000	7099600000	7576500000
Q9CYT3	22621000000	22621000000	20056000000
Q8BH95	11506000000	11506000000	9366900000
E9Q0N6	13287000000	13287000000	12181000000
Q8R016	4589500000	4589500000	4976600000
Q9QUM9	8734300000	8734300000	13841000000
A2AQE4	6857300000	6857300000	6805500000
Q9D846	857510000	857510000	1126300000
A0A088DEG2	36013000	36013000	87436000
Q62465	18465000000	18465000000	16564000000
Q9ESQ3	45144000000	45144000000	40016000000
Q9CRT3	11520000000	11520000000	14356000000
Q8C6E4	9359700000	9359700000	6182400000
F6VMS8	45188000	45188000	23882000
Q3TEL4	2714500000	2714500000	2265000000
B1AXT0	11010000000	11010000000	6942100000
Q9CTI8	904880000	904880000	872890000
Q99LF4	11534000000	11534000000	11967000000
Q9Z1Z2	10778000000	10778000000	11312000000
Q8K0T0	530290000	530290000	80445000
Q7TMM9	2387200000	2387200000	796240000
A0A1L1SUV0	48725000000	48725000000	38982000000
Q61166	18214000000	18214000000	15904000000
Q3TNG9	4562600000	4562600000	4504300000
Q99JP7	430070000	430070000	169250000
Q9WV55	6273900000	6273900000	7048100000
O08585	3147900000	3147900000	1970300000
A0JLU3	18848000000	18848000000	14839000000
P06801	12051000000	12051000000	8382300000
Q60749	8077200000	8077200000	8065100000
Q9CTV7	1381500000	1381500000	1215300000
Q61753	25203000000	25203000000	23789000000
Q8BFZ3	3072100000	3072100000	5057600000
Q62277	44642000	44642000	0
Q9WTT4	0	0	61909000
Q9ESN6	5684800000	5684800000	5892600000
G3UYR8	8842800000	8842800000	9544000000
Q6EVH9	10116000000	10116000000	8783500000
H3BL62	13906000000	13906000000	12984000000
V9GWV4	2177100000	2177100000	2563400000
Q8K0S0	0	0	19062000
Q8BFZ9	10472000000	10472000000	9681400000
Q6IS27	117130000	117130000	145520000
Q8K596	833600000	833600000	208940000
A0A1Y7VM48	11882000000	11882000000	11909000000
A0A0J9YU32	17299000000	17299000000	16909000000
Q5EBJ4	0	0	0
Q99KR1	11095000000	11095000000	13236000000
Q3UYW8	243730000000	243730000000	242920000000
E9Q3L2	1960900000	1960900000	1579000000
O08599	0	0	0
A0A0J9YUE9	0	0	0
A0A0U1RQ06	2122500000	2122500000	1381200000
Q8R0V6	974630000	974630000	1121700000
Q8BXG5	2062600000	2062600000	1778200000
Q5M9J5	1884100000	1884100000	2729700000
Q5ZEY2	21702000000	21702000000	19703000000
P29758	42826000000	42826000000	32719000000
Q60902	4263600000	4263600000	3747700000
Q3V3C2	5539500000	5539500000	4481900000
G3UYP8	3296300000	3296300000	3156800000
Q9WU78	9519100000	9519100000	6774800000
Q3UBU9	9274700000	9274700000	11328000000
G8DYL3	14825000000	14825000000	13728000000
P0DI97	1060900000	1060900000	1008600000
S4R1N1	38665000000	38665000000	23443000000
F7C0X9	308900000	308900000	163860000
D3Z703	5712800000	5712800000	5443400000
P60335	13023000000	13023000000	11334000000
Q8BMP0	2079700000	2079700000	2105500000
Q9Z0P4	5607900000	5607900000	5311300000
Q9CWF5	1125100000	1125100000	649140000
P08003	42748000000	42748000000	50210000000
Q9WTR5	1228200000	1228200000	1243200000
Q6IRU5	4246500000	4246500000	4873800000
Q9CRB6	35905000000	35905000000	33895000000
Q8CBZ2	19011000	19011000	22387000
Q3UF57	4423200000	4423200000	4164300000
Q80XI4	2384100000	2384100000	2113100000
Q3TQ56	0	0	26878000
Q3U5Y1	15864000000	15864000000	16085000000
Q9Z0H8	3193300000	3193300000	2451200000
Q80VP1	1393800000	1393800000	1016800000
O08917	5745000000	5745000000	4044300000
Q5U415	7573600000	7573600000	6697000000
Q6P6I8	819350000	819350000	797710000
P61164	16534000000	16534000000	13584000000
P84086	437460000	437460000	357230000
Q9Z2H2	725770000	725770000	508490000
Q8CDN6	13312000000	13312000000	16747000000
A0A0G2JF57	3384500000	3384500000	4666300000
Q6P4T2	9624200000	9624200000	10968000000
Q62418	2410800000	2410800000	2473700000
Q3UFX6	150650000	150650000	90562000
F7CAT1	5177700000	5177700000	6025200000
Q80Z24	471520000	471520000	427660000
P51174	20048000000	20048000000	20461000000
Q8C426	69175000	69175000	136100000
Q8BKG0	599420000	599420000	476140000
Q8BYQ0	5440400000	5440400000	1867800000
Q99JI7	3956400000	3956400000	4144300000
E9Q0U1	8275900000	8275900000	6908400000
Q8CBE3	950480000	950480000	654530000
Q9DBG6	11593000000	11593000000	7320200000
A2ALT5	10045000000	10045000000	10049000000
Q9WUK2	7094600000	7094600000	6874500000
Q05816	8727600000	8727600000	7427100000
Q3UNH4	38301000	38301000	36317000
Q6P5F9	5007400000	5007400000	4397100000
Q3TQ39	3077700000	3077700000	3351900000
P10605	28629000000	28629000000	19387000000
Q3TTY3	1193200000	1193200000	1071900000
Q6ZPJ3	2317200000	2317200000	1468100000
P28651	11346000	11346000	0
Q8CCM0	9358200000	9358200000	4471000000
Q8BKX3	5904900000	5904900000	6550600000
Q58EU6	16283000000	16283000000	15107000000
A0A494BAF7	18118000000	18118000000	13180000000
Q8R5H6	67701000	67701000	50479000
A0A494B9J2	11973000000	11973000000	10600000000
Q80TA6	673440000	673440000	627080000
Q8C167	2094700000	2094700000	2953600000
P03888	436840000	436840000	0
Q9QZ88	5779600000	5779600000	5589000000
Q546G4	11477000000	11477000000	15171000000
Q5SSL4	1262300000	1262300000	1020100000
Q3U2J2	5575500000	5575500000	4143900000
B5L834	3006700000	3006700000	4008400000
Q8BVS1	44467000	44467000	21100000
Q3TQQ6	4774800000	4774800000	3530700000
Q69ZX3	381530000	381530000	340150000
Q9Z268	0	0	14222000
Q9CV24	9234900000	9234900000	5581500000
Q3TEL1	4854700000	4854700000	4234500000
Q6NXK7	6030200	6030200	23409000
Q9R1P4	7188000000	7188000000	6970400000
Q8C944	133770000	133770000	169590000
Q9DCN2	61580000000	61580000000	61727000000
Q9Z140	122490000	122490000	153850000
F6TGJ2	3898700000	3898700000	3559200000
A2ALS7	7641400	7641400	6019200
O70589	4363600000	4363600000	4394600000
Q9DBC7	5026000000	5026000000	4783100000
Q9CXQ5	11290000000	11290000000	12589000000
Q8C2E2	2366900000	2366900000	3076200000
Q62300	5184600000	5184600000	3270900000
A0A1W2P7L5	14762000000	14762000000	14951000000
Q52L78	4662000000	4662000000	4549200000
B0LAE6	5801300000	5801300000	4946700000
Q80ZJ1	2236500000	2236500000	1637700000
Q3UMW2	9057000000	9057000000	10072000000
O35685	14396000000	14396000000	11877000000
Q9DCT8	11040000000	11040000000	10863000000
A0A0G2JEY8	0	0	0
Q9JM76	2714600000	2714600000	2964200000
Q99LK5	8797200000	8797200000	8505100000
F6R291	0	0	23331000
P53395	4338200000	4338200000	3412000000
Q8BV76	6319700000	6319700000	7384200000
Q3TUF4	3584900000	3584900000	4091200000
Q8C5A0	6098900000	6098900000	4839700000
A0A1L1SUY8	4252400000	4252400000	3985000000
Q8K2U0	1448600000	1448600000	1484400000
Q5M9N8	10340000000	10340000000	11746000000
Q99PV0	7696900000	7696900000	6402500000
Q9JLN9	6480900000	6480900000	4803000000
Q543R4	5795800000	5795800000	5939700000
Q9CX58	6154500000	6154500000	5137600000
Q3UPV6	169330000	169330000	111100000
Q6PH08	96640000	96640000	262380000
Q80TH1	220190000	220190000	332990000
Q9CPW0	0	0	0
Q9QUR7	3136600000	3136600000	6270000000
Q3V0Z9	1279500000	1279500000	1317500000
P11404	90749000	90749000	161510000
A2VCS3	9184300000	9184300000	8940900000
Q542R8	75966000	75966000	47464000
O54962	4192000000	4192000000	1962200000
Q9ES28	4040700000	4040700000	3566300000
O55234	5457700000	5457700000	5870800000
V9GXM4	18847000000	18847000000	19702000000
Q8BH44	2954700000	2954700000	2090500000
Q62059	77240000	77240000	122140000
Q3UHW2	10829000000	10829000000	10018000000
Q9CXW7	12496000000	12496000000	9682200000
Q6TA13	4373900000	4373900000	4508800000
Q9CWJ9	11302000000	11302000000	11376000000
Q9DC80	12335000000	12335000000	11128000000
Q99K51	9683700000	9683700000	11421000000
P55066	12255000	12255000	41206000
Q8BXH1	326400000	326400000	355240000
Q9Z0X1	17929000000	17929000000	15953000000
Q3TZT4	899270000	899270000	1106000000
P28271	4758700000	4758700000	4067800000
Q80UW2	8966700000	8966700000	8745000000
P63028	27774000000	27774000000	25336000000
Q9ESW4	3281700000	3281700000	1937100000
Q52L50	7382900000	7382900000	9018900000
Q8C854	4503400000	4503400000	4413100000
Q8BRQ9	10464000000	10464000000	7502500000
D3Z505	7768700000	7768700000	4087100000
Q6P5I3	17880000000	17880000000	17308000000
Q3UZ06	3785200000	3785200000	2832000000
Q9JJV2	4599500000	4599500000	4107900000
I1E4X7	2263400000	2263400000	1594000000
Q99LH6	405000000	405000000	19393000
Q3TC32	8043300000	8043300000	9490400000
Q812A2	5643100000	5643100000	5035300000
Q80Z38	43966000	43966000	90207000
P63323	6015900000	6015900000	6636400000
Q61425	8370500000	8370500000	6028800000
Q9CYB9	6567900000	6567900000	5507000000
A2A9X5	6335000000	6335000000	5149500000
Q9CX78	52898000	52898000	84504000
Q8R169	1273400000	1273400000	792300000
P07356	125660000000	125660000000	105640000000
Q921F2	11148000000	11148000000	8109000000
Q9CQF9	8581200000	8581200000	6852200000
Q3TA27	2045900000	2045900000	2332300000
Q6R891	2719600000	2719600000	2422900000
Q45VK6	5104700000	5104700000	5193600000
F8VPN4	1853200000	1853200000	1391900000
Q8R570	1283000000	1283000000	1048600000
D6RCU8	11845000000	11845000000	11129000000
Q80UG2	1117100000	1117100000	370660000
D3YX62	1935500000	1935500000	1605000000
Q8C9V5	9103500000	9103500000	7005600000
Q6PDM2	7163000000	7163000000	6914000000
Q6PD97	68258000	68258000	209290000
Q8BP17	226980000	226980000	291960000
Q9WTP7	16592000000	16592000000	14284000000
W8QM43	0	0	0
Q3UGR5	3360600000	3360600000	2118900000
A0AA74KQE8	4754200000	4754200000	3878900000
Q3UB90	11967000000	11967000000	11763000000
P61226	1569400000	1569400000	2544000000
A0A0G2JFT8	760680000	760680000	678270000
Q3TS74	9616300000	9616300000	9685300000
Q3UTV3	0	0	7595200
Q8VEH3	3898500000	3898500000	4552800000
Q3V406	2508100000	2508100000	4004700000
Q8K063	1068300000	1068300000	702100000
Q9CX34	5283400000	5283400000	4796300000
P54823	8197500000	8197500000	7154800000
P17156	14199000000	14199000000	14186000000
Q3TAL9	20371000000	20371000000	13660000000
Q3V2F8	8587300000	8587300000	6789700000
E9QM38	2597600000	2597600000	2075100000
D3Z4Q8	1055300000	1055300000	1385000000
B9EHJ3	11328000000	11328000000	10337000000
P56959	3730800000	3730800000	3003400000
Q6A065	2457600000	2457600000	2824000000
Q3TNV7	3023500000	3023500000	3117900000
Q99L12	19191000000	19191000000	19347000000
P68404	41160000	41160000	135340000
Q58E35	14819000000	14819000000	11270000000
Q99JX4	6433400000	6433400000	5410000000
Q921L6	8925700000	8925700000	7481700000
Q3UWG5	3712200000	3712200000	5988500000
D6RCV3	3398600000	3398600000	2603300000
Q1HCM7	557750000	557750000	637070000
Q5NTY0	4976700000	4976700000	3967700000
Q9CXE1	2559200000	2559200000	3288700000
P15116	16264000000	16264000000	12575000000
Q9Z0P5	2658900000	2658900000	1626800000
Q9DAR7	6352100000	6352100000	6552500000
Q8K1C3	1391500000	1391500000	1365200000
A0A494BAW8	2056800000	2056800000	1892200000
Q8VDJ3	9094300000	9094300000	7715500000
P37804	47003000000	47003000000	63979000000
Q9WUR9	901590000	901590000	508270000
B2RPW5	16980000	16980000	0
A2RRK3	2706900000	2706900000	4121800000
F8SLQ6	0	0	41704000
O55029	12999000000	12999000000	11474000000
Q9CRB9	3569100000	3569100000	4404400000
D6RG47	5705500000	5705500000	5538600000
Q5DTL9	85657000	85657000	113900000
Q8BQV0	1336300000	1336300000	913590000
Q60634	3318300000	3318300000	3329500000
Q3UXX4	2647400000	2647400000	2031400000
G8JL76	3672500000	3672500000	2952300000
Q8C2V2	4248100000	4248100000	3795400000
Q8C2Y9	5120900000	5120900000	4734500000
Q9JJK2	2947700000	2947700000	2642000000
Q8C454	3433000000	3433000000	3189800000
E0CYP3	116120000	116120000	80084000
Q3U6Y5	5320100000	5320100000	4775200000
Q6PHN9	3099300000	3099300000	4852300000
Q8C5L2	5812700000	5812700000	5763200000
A0A3B2W465	6015200000	6015200000	5456900000
Q8BUP4	667280000	667280000	1048000000
Q9JLV5	3886700000	3886700000	3189200000
A0A2R8VHT1	14623000000	14623000000	15926000000
Q1KS26	258720000	258720000	250910000
Q62348	11560000000	11560000000	11661000000
Q91W50	4741900000	4741900000	5433300000
Q9D1E6	3519300000	3519300000	4954700000
Q8CCN9	21014000000	21014000000	23546000000
Q58EW0	13075000000	13075000000	11596000000
Q9QUP5	0	0	0
Q3B7Z2	4065900000	4065900000	4141000000
A2VCP9	7213100000	7213100000	6055200000
Q9R0P3	14114000000	14114000000	14358000000
Q9JKD3	113320000	113320000	89981000
Q3TZ27	911580000	911580000	1118500000
Q3TRH2	10650000000	10650000000	11360000000
Q9Z0S1	2008600000	2008600000	2289200000
Q9QZ06	9734200000	9734200000	5495100000
B7ZNJ3	35970000	35970000	162460000
Q8BPV9	12289000000	12289000000	8697400000
Q61696	5270100000	5270100000	6385400000
H3BLJ1	3576500000	3576500000	3805600000
Q8CCT4	538360000	538360000	522450000
Q8R1I1	679140000	679140000	0
Q3UWX9	2417700000	2417700000	1848900000
Q3UMP4	8154900000	8154900000	9888700000
Q78TF3	2676200000	2676200000	978530000
Q6PB52	8881600000	8881600000	10680000000
Q8BGR3	0	0	11794000
Q3UX22	39873000000	39873000000	42083000000
D6RJ54	2467200000	2467200000	2584900000
Q91Z31	83454000	83454000	117760000
Q3UIU2	42404000	42404000	3031100
A0A087WPV4	5231000000	5231000000	5532200000
Q543F6	1648600000	1648600000	1701300000
Q8C0E2	2847300000	2847300000	2168200000
Q6R5D0	2971100000	2971100000	2547900000
Q9CWK8	7450700000	7450700000	8381100000
Q8CBC9	20193000	20193000	10446000
Q61081	3632400000	3632400000	3830700000
Q9D7C3	4349400000	4349400000	5417500000
Q9D859	6866500000	6866500000	8483600000
H3BKD9	1931100000	1931100000	1798400000
F6XX57	6892900000	6892900000	6319100000
A0A087WRH6	2611600000	2611600000	2167400000
P62627	2891600000	2891600000	4927300000
Q8VHL1	4406400000	4406400000	2180900000
Q9CR95	728250000	728250000	1361700000
A0A0N4SV41	7591400000	7591400000	7929400000
Q3TSR4	10136000000	10136000000	9471100000
Q9Z2D6	3283400000	3283400000	3037800000
Q542I9	5624200000	5624200000	7245500000
Q544Z9	14414000000	14414000000	13490000000
Q9CXS2	0	0	22092000
Q8CBU4	19365000000	19365000000	18814000000
Q91ZJ5	6974300000	6974300000	6892500000
Q9R0X4	2461600000	2461600000	1931600000
P52196	7052000000	7052000000	6228800000
P12970	9124200000	9124200000	8565200000
V9GXY1	7094700000	7094700000	7759900000
Q920H7	35922000	35922000	2631700
Q3ULJ0	1259400000	1259400000	1543500000
Q8VEH5	3409600000	3409600000	2167900000
P63168	2978600000	2978600000	2671000000
Q8K212	1350000000	1350000000	1181900000
Q3UXV4	493360000	493360000	641220000
Q9CU21	505710000	505710000	752110000
Q99LY9	904470000	904470000	688130000
P30999	10428000000	10428000000	9734100000
Q9CTF5	2697800000	2697800000	2153700000
Q9QZM0	6965900000	6965900000	3548400000
Q8C9L4	90423000	90423000	68989000
Q99PJ0	256500000	256500000	164800000
P42859	2022900000	2022900000	1521400000
A0A2R8W6V1	652670000	652670000	521860000
Q8BHE3	25112000	25112000	33717000
Q9EPU0	7373200000	7373200000	5453100000
Q8BM51	6756300000	6756300000	2773300000
Q80TE7	69561000	69561000	23753000
Q8BKZ9	1461200000	1461200000	1237000000
Q3UNA6	3223100000	3223100000	4160600000
Q8R3X7	10778000000	10778000000	11728000000
Q9CT72	5190500000	5190500000	6370600000
Q9CXY6	6303000000	6303000000	6300100000
Q9CQE1	2618700000	2618700000	2358200000
Q9D6G1	3375600000	3375600000	2990500000
Q9D6G3	341870000	341870000	205340000
Q8BZC2	132320000	132320000	209170000
Q8BWS6	4195600000	4195600000	4626700000
Q7M6Y3	4275600000	4275600000	3050800000
Q8BLE7	0	0	0
Q8BMF3	623790000	623790000	953020000
Q9CQH7	2086300000	2086300000	1656900000
Q05DS7	7521100000	7521100000	5799100000
G3UYH1	1347500000	1347500000	946230000
Q80TV8	5214200000	5214200000	4231300000
P57759	4921900000	4921900000	4499500000
Q06890	4200000000	4200000000	4843300000
Q8R071	146600000	146600000	134300000
Q3TEB0	1973700000	1973700000	2632200000
Q8JZN5	5359100000	5359100000	4680300000
Q9R1V6	23575000	23575000	21132000
Q3UY14	0	0	0
P12023	4118200000	4118200000	2809000000
D3Z258	0	0	0
Q8R164	5998300000	5998300000	5143400000
G3UZM5	1517100000	1517100000	1949800000
Q9CXY0	4383300000	4383300000	3742100000
Q3TS59	6304900000	6304900000	9106500000
O35639	63595000000	63595000000	76558000000
A0A0A6YY71	18735000000	18735000000	18681000000
Q8C8Q0	1654500000	1654500000	1258400000
Q8JZP2	16228000	16228000	14034000
Q9DCY1	16700000000	16700000000	11699000000
Q3UGN9	2990200000	2990200000	2964200000
Q05CS7	5652000000	5652000000	4905300000
Q3UTR0	1858400000	1858400000	1669000000
Q8CGF6	1681100000	1681100000	1069500000
Q80YA9	79843000	79843000	61541000
Q8BNQ9	29847000	29847000	14909000
Q9CT18	5664500000	5664500000	4886600000
Q6DFY2	55809000	55809000	63655000
Q920E5	3493500000	3493500000	2799200000
Q9EPL8	9076000000	9076000000	8089600000
G3X9K3	1825700000	1825700000	1345900000
Q8VD04	2171700000	2171700000	1972100000
B7ZMQ9	575020000	575020000	552820000
Q9CSH0	7653200000	7653200000	7227700000
Q9D0M5	739860000	739860000	1040800000
Q9CQW1	4189400000	4189400000	4114400000
F6ZLC6	5398500000	5398500000	7092700000
Q3THS6	4250100000	4250100000	4247100000
F6SWQ9	394160000	394160000	465310000
Q3TR00	9220400	9220400	0
Q3UY17	260450000	260450000	37628000
Q8CCL8	3912000000	3912000000	3746900000
Q62305	4488500000	4488500000	3213300000
A0A1D5RMC1	3172400000	3172400000	5061400000
Q45FE5	39864000	39864000	9401500
Q80YX1	4067500000	4067500000	4488900000
P20060	7764900000	7764900000	6561300000
F8VQC7	12838000000	12838000000	11827000000
Q8QZS1	9920600000	9920600000	8928400000
Q7TN11	315680000	315680000	428000000
A0A494BBB3	11537000000	11537000000	9200500000
Q60771	0	0	0
Q6P6M9	566000000	566000000	600610000
Q3U6M5	8566400000	8566400000	10351000000
A0A140LJK3	7654800000	7654800000	10357000000
G8DYS4	5159300000	5159300000	5157600000
Q6PFD5	0	0	0
Q5DQR4	0	0	0
Q8BMH2	5791800000	5791800000	4827500000
P49025	42411000	42411000	39505000
Q8BJU0	3220300000	3220300000	2410900000
Q8CBW3	1762000000	1762000000	1145100000
Q99KB8	1494800000	1494800000	1185700000
Q4VBC9	4503200000	4503200000	5147100000
A0A2I3BS22	20071000000	20071000000	17722000000
A0A1L1ST83	7778000000	7778000000	6001900000
O08583	10761000000	10761000000	5955100000
Q8CAB4	0	0	0
Q3U2H3	5235600000	5235600000	4476400000
P49722	10749000000	10749000000	13800000000
Q99LR1	2460900000	2460900000	2463200000
Q3UZ27	18776000000	18776000000	16751000000
Q64105	6687500000	6687500000	5173300000
Q99J08	990980000	990980000	263210000
Q9CQI3	7263800000	7263800000	9458200000
Q3TS98	2814700000	2814700000	3171900000
Q9CQJ8	1418300000	1418300000	1405600000
Q3TB31	1725900000	1725900000	1850400000
Q3UKD6	3054000000	3054000000	2676100000
Q99JR1	5672000000	5672000000	7662400000
Q9CQM9	4083700000	4083700000	3544600000
Q3THD5	5162400000	5162400000	7130600000
O70456	3879000000	3879000000	3688400000
E9Q3T7	8697600000	8697600000	5969200000
Q91YR1	8542000000	8542000000	6200600000
P70195	2938300000	2938300000	2113900000
Q99PL6	1788300000	1788300000	1474400000
Q64133	17749000000	17749000000	15780000000
Q5M9M4	2652500000	2652500000	2729400000
B1AQF7	0	0	0
Q921R2	4088200000	4088200000	4781400000
B2RRC5	4491900000	4491900000	4208700000
Q9DCZ4	2423600000	2423600000	2415800000
Q9R074	1206900000	1206900000	734140000
Q8BU18	8890300000	8890300000	8621600000
D3Z0C2	10436000000	10436000000	11523000000
A0A1Y7VLG5	0	0	10289000
P41216	862080000	862080000	1084200000
A0A2R8VI42	7479000000	7479000000	7430500000
Q9JIF7	11500000000	11500000000	7759700000
D6RE43	10892000000	10892000000	11005000000
Q6Q477	6422200000	6422200000	8395600000
Q49S98	15832000	15832000	0
Q8K3H0	3549900000	3549900000	4028000000
Q9JHI5	7903300000	7903300000	6564100000
D3Z036	5336600000	5336600000	5743400000
Q9D8U8	7734400000	7734400000	7792900000
Q8K0Z3	10233000000	10233000000	6717100000
A0A0U1RQB4	13765000000	13765000000	11819000000
Q91VM5	5700700000	5700700000	5892500000
Q8BVV6	6863800000	6863800000	6866700000
A0A0N4SWD1	18591000000	18591000000	17866000000
Q5SXA5	2892000000	2892000000	2396500000
S4R1D5	43466000	43466000	211470000
Q5M9K7	5637700000	5637700000	4075400000
F6YTS6	63667000000	63667000000	72875000000
Q99KQ4	4592600000	4592600000	4492700000
Q8CE37	6875200000	6875200000	7222000000
W8R8Q6	2443500000	2443500000	1136000000
Q9D1P4	3012200000	3012200000	2203500000
Q8CF63	3131400000	3131400000	2845800000
A0A2I3BS01	28221000	28221000	0
P62830	6991400000	6991400000	4375900000
Q8CG76	6739600000	6739600000	5735600000
Q810V8	1922400000	1922400000	2257800000
Q922K6	2344100000	2344100000	3064300000
Q9CVI3	1105600000	1105600000	1157300000
Q544I1	1774600000	1774600000	1197000000
Q9D1K2	663500000	663500000	937870000
Q99MR6	2937900000	2937900000	2159400000
Q5F258	1953400000	1953400000	2053200000
Q99J45	1172400000	1172400000	363470000
Q9Z130	4054200000	4054200000	4723300000
P70372	6188400000	6188400000	6432800000
Q8C0T5	998840000	998840000	1691900000
Q9R1P0	2114800000	2114800000	3625300000
Q9CY93	5493100000	5493100000	5727400000
Q3U173	3232800000	3232800000	2986900000
Q8C078	275330000	275330000	215670000
Q9D5V5	3194900000	3194900000	2109500000
A0A571BD72	13343000000	13343000000	13414000000
P46096	0	0	0
Q99NE5	41368000	41368000	31652000
P11031	4334300000	4334300000	4497300000
Q9JLZ3	1216100000	1216100000	720770000
Q9CVH5	786900000	786900000	1078800000
Q3UG16	2120400000	2120400000	3063300000
Q9R1P1	3851000000	3851000000	3047900000
Q3TYW0	10565000000	10565000000	9658000000
Q3UXA7	1770600000	1770600000	0
A0A2I3BR90	1054800000	1054800000	828590000
P70232	1176300000	1176300000	822030000
Q9QYS2	4354000	4354000	0
D3YUT6	743170000	743170000	0
P05132	331780000	331780000	333520000
A0A338P6W0	6073500000	6073500000	4267900000
Q91Z57	7546100000	7546100000	8422000000
P35438	0	0	28135000
Q91VI7	17554000000	17554000000	16057000000
Q8BK60	1786100000	1786100000	1028300000
Q9CQC7	1798100000	1798100000	1575900000
D6RHQ0	157820000	157820000	350100000
Q9CVY8	1399400000	1399400000	1410200000
Q4FJX4	10918000000	10918000000	11209000000
Q924M7	2462600000	2462600000	1576100000
P97398	7686600000	7686600000	9089000000
Q99MN9	10230000000	10230000000	8453400000
Q80U49	417970000	417970000	170580000
Q8BKD1	500920000	500920000	341440000
Q91YP2	11273000000	11273000000	9498800000
Q8CC64	35050000000	35050000000	31313000000
A0A0J9YUG0	7717600000	7717600000	6579700000
Q571D6	1187900000	1187900000	1189000000
Q8BWY3	11217000000	11217000000	9975900000
Q9CQ75	462040000	462040000	486390000
A0A3B2W7K0	1378500000	1378500000	1419200000
Q5XJY5	7450700000	7450700000	8235700000
Q63847	1095000000	1095000000	887700000
Q9QZE5	6445200000	6445200000	6770200000
P56376	2670800000	2670800000	1519100000
Q3TR27	1861300000	1861300000	1954500000
Q9D2V7	4540600000	4540600000	3621000000
Q99MI1	2426100000	2426100000	1847200000
A0A1D5RLT7	2638200000	2638200000	2328400000
S4R1P4	9721000000	9721000000	9224600000
Q3TRH4	10679000000	10679000000	10395000000
Q3TYD2	2623200000	2623200000	3125900000
Q8C5M4	3760100000	3760100000	3813900000
Q8BNY6	613220000	613220000	616860000
Q6DI58	15686000000	15686000000	18075000000
Q8BMZ4	6896000000	6896000000	4287300000
Q6NS55	1076100000	1076100000	780230000
Q641N3	6211800000	6211800000	7124400000
Q99LI8	3026400000	3026400000	2638000000
Q641P0	72352000	72352000	128490000
Q8K411	9406800000	9406800000	8424500000
Q3UVN6	798890000	798890000	686620000
Q8BP92	15030000000	15030000000	10950000000
Q2KHP0	0	0	0
Q3USX4	233580000	233580000	373280000
O88703	0	0	7309200
Q60817	7393600000	7393600000	4996500000
Q4FZH7	1419100000	1419100000	2732000000
P48428	934790000	934790000	2962000000
Q3TDK6	242460000	242460000	92235000
Q64674	2813500000	2813500000	2839400000
D3Z6R9	12614000000	12614000000	7900700000
Q922D4	2403100000	2403100000	1349800000
P04925	471460000	471460000	808400000
Z4YMF3	2688300000	2688300000	1490200000
Q3U4R9	1457500000	1457500000	1244900000
F8WI84	949800000	949800000	665200000
Q8BWM0	2333900000	2333900000	1855300000
Q91Z53	4838200000	4838200000	4029400000
Q501M9	469850000	469850000	812240000
A0A494B9J5	2535300000	2535300000	2509600000
Q99KG8	9285000000	9285000000	8140600000
Q99LP6	5951900000	5951900000	5744600000
Q921G7	7386800000	7386800000	5731600000
Q3UID0	5138600000	5138600000	3810500000
A0A1B0GRX8	119820000	119820000	134400000
Q9R1P3	2093700000	2093700000	2699400000
P18572	8301500000	8301500000	10282000000
P99026	2278100000	2278100000	2600100000
P35436	1910800000	1910800000	37911000
Q99J77	7005300000	7005300000	7597100000
Q8BU52	5717500000	5717500000	5075200000
Q99KM8	4787600000	4787600000	4446900000
Q07076	4684900000	4684900000	4112200000
Q91XF0	686690000	686690000	643370000
Q9JMH6	11694000000	11694000000	10850000000
Q9CQ92	2116400000	2116400000	1630800000
P70663	157810000	157810000	236490000
A0A087WSU0	3527600000	3527600000	3310000000
Q8BL97	2519600000	2519600000	2510000000
Q3TRS8	20375000000	20375000000	17634000000
Q9CZX8	4841800000	4841800000	6423800000
B9EJ86	1005300000	1005300000	785840000
Q91YJ2	2985400000	2985400000	2806900000
Q8VCW8	10347000000	10347000000	9130600000
P62073	737400000	737400000	890210000
Q6P5F6	1054500000	1054500000	638260000
Q3V3R1	3848100000	3848100000	3085600000
Q80ZP7	47954000	47954000	33303000
Q3V256	1656300000	1656300000	1236100000
Q3UJS5	10026000000	10026000000	9532500000
O08688	434000000	434000000	830970000
Q3T9V9	211730000000	211730000000	203210000000
A0A0G2JGA4	7226900000	7226900000	5539400000
Q8C2U7	7225900000	7225900000	7324200000
P09528	3772700000	3772700000	5740500000
Q8C0B4	8806300	8806300	11879000
Q91YE6	2063400000	2063400000	2651000000
Q99L13	6955900000	6955900000	4070900000
Q3UGY8	464900000	464900000	384800000
Q9D2Q7	213710000	213710000	239820000
Q9ERU0	0	0	0
G3UYJ7	3293000000	3293000000	3979600000
Q3TXY1	995800000	995800000	1214100000
H3BLR3	4687200000	4687200000	3422200000
Q9QYB1	13749000000	13749000000	11523000000
Q7TMB8	5438400000	5438400000	5588700000
Q3UR13	760280000	760280000	321850000
Q80ZL3	6592300000	6592300000	5753800000
O09131	3933400000	3933400000	6475300000
B2KFA9	2064100000	2064100000	2605100000
Q8C1W9	5472200000	5472200000	4645900000
A0A0A6YX33	867670000	867670000	1389400000
Q8K161	1204100000	1204100000	1107200000
Q3UJN2	23520000000	23520000000	17666000000
Q9CWZ3	4777000000	4777000000	3171000000
Z4YKC4	2645400000	2645400000	2433100000
Q9Z1L5	24153000	24153000	0
Q8JZS3	2651600000	2651600000	2799500000
Q9CUY6	715990000	715990000	859030000
B1AZS9	9116400000	9116400000	13816000000
Q3U9A8	10925000000	10925000000	13547000000
Q3THX4	1877700000	1877700000	1383800000
Q8R574	3407300000	3407300000	3219300000
Q9CRH1	8548600000	8548600000	9163900000
A0A286YDK9	2122800000	2122800000	2821600000
Q9QUI0	7722400000	7722400000	3576700000
A0A571BG49	1818200000	1818200000	1371600000
A8Y5E8	9117900000	9117900000	6462700000
Q5DTH1	3169200000	3169200000	4343200000
Q8VED9	352760000	352760000	205450000
Q61151	1468400000	1468400000	1419800000
Q3TU57	18043000000	18043000000	19860000000
Q9D4H1	2527500000	2527500000	2573700000
Q8C090	210540000	210540000	121250000
Q8BYR5	16117000	16117000	20201000
E0CYL3	1878900000	1878900000	2654200000
Q4W8U9	42947000	42947000	0
Q3TMH2	406440000	406440000	436860000
Q7TT50	3241800000	3241800000	2786800000
P62754	12474000000	12474000000	11885000000
Q3TEQ0	2504500000	2504500000	1737400000
Q3UJQ2	5992200000	5992200000	3968700000
Q5ND50	10397000000	10397000000	6633300000
D3YXK2	6340300000	6340300000	5106200000
Q3UG68	4095700000	4095700000	3969800000
Q3V2S0	4684800000	4684800000	4727600000
Q3TRH5	1450100000	1450100000	976390000
Q8JZS0	1662100000	1662100000	1338000000
A0A0R4J1C2	9479400000	9479400000	8978800000
Q8R3S6	1981500000	1981500000	2117500000
Q9CYZ2	3256200000	3256200000	3001700000
Q9WV18	489890000	489890000	49263000
Q9D4H8	2608000000	2608000000	1554800000
P28740	1545900000	1545900000	1223300000
Q3UH29	0	0	0
Q91VN4	1485600000	1485600000	1403900000
Q8CBH3	4221800000	4221800000	4231400000
Q3V159	5728400000	5728400000	4240800000
P31786	11943000000	11943000000	13937000000
Q8VH52	3227500000	3227500000	2585000000
Q5M9J2	4566200000	4566200000	3791900000
Q5DTM9	69134000	69134000	72963000
Q7TPM6	1071200000	1071200000	626520000
Q3UFQ5	455010000	455010000	393260000
P60840	896530000	896530000	1157200000
A2APS5	2656300000	2656300000	2938200000
P70392	5248600	5248600	6727700
Q91XU3	1723600000	1723600000	1578700000
Q9D091	3092400000	3092400000	2414300000
Q8R582	11373000000	11373000000	13439000000
A0A0G2JG24	7298500000	7298500000	6352100000
P47963	4611900000	4611900000	4637000000
Q9CQR4	1217400000	1217400000	1691500000
Q9CXS4	4963400000	4963400000	5742100000
Q9D1V1	457400000	457400000	403360000
Q9CSR6	4948800000	4948800000	6090900000
Q3UZ36	3265200000	3265200000	3761800000
P58771	54922000000	54922000000	47117000000
E9QAD8	348070000	348070000	202090000
Q505F5	2843600000	2843600000	2682600000
Q8K4Z5	4149700000	4149700000	3527400000
Q9CS47	7020100000	7020100000	8371600000
Q3UH60	2957600000	2957600000	2468200000
Q6PE78	5024000000	5024000000	4271500000
Q6ZQ18	355570000	355570000	233240000
Q9DB41	5744300000	5744300000	6734300000
Q9DB79	8576300000	8576300000	7129100000
Q9EQZ6	13404000	13404000	373690000
Q8R5J9	351670000	351670000	575130000
Q9JLC8	634190000	634190000	273250000
Q6PCX2	0	0	0
O70492	2795400000	2795400000	2359500000
Q8BPA2	1987600000	1987600000	1223800000
Q9WUL7	6142200000	6142200000	6156800000
O35344	5322800000	5322800000	5379100000
Q543Z1	0	0	5712200
P51880	15044000000	15044000000	16052000000
Q3US80	1806400000	1806400000	1173900000
Q02819	16433000000	16433000000	10379000000
Q8VDP4	4278500000	4278500000	3401200000
Q9CR32	2853400000	2853400000	3430600000
D3YXV4	248040000	248040000	402600000
Q9JL62	45556000	45556000	129690000
Q8C419	0	0	0
Q3UHD9	7685500	7685500	30804000
Q99LG2	2080600000	2080600000	2281600000
Q9CUN8	2430000000	2430000000	8316900000
A0A1B0GRT5	2998400000	2998400000	2447300000
Q9JK42	871340000	871340000	743400000
Q9CQ60	3995700000	3995700000	5338700000
V9GXY8	6560300000	6560300000	9968200000
Q8BTG7	0	0	0
Q99JZ4	2316100000	2316100000	1549500000
Q99PL5	15956000000	15956000000	12935000000
Q3UJR6	13914000000	13914000000	12743000000
Q61137	112670000	112670000	150330000
Q3TIC2	1315100000	1315100000	674530000
Q6R5D6	5040400000	5040400000	5083300000
Q8BJ42	0	0	12426000
Q8BWB5	1053600000	1053600000	1119900000
Q9D5T0	6300700000	6300700000	5483100000
P10493	3606300000	3606300000	1701300000
Q8K0D5	2977900000	2977900000	3055200000
Q8C7X2	4518900000	4518900000	4484700000
Q9DBN7	4537100000	4537100000	3829800000
Q9D6Y7	1270800000	1270800000	684750000
Q61001	65561000000	65561000000	51422000000
P29391	34897000000	34897000000	45312000000
Q8VD79	73346000000	73346000000	99573000000
A0A1L1SS61	5795000000	5795000000	7453700000
Q3THA8	5068600000	5068600000	4031400000
E6Y2W9	70457000	70457000	0
A0A1W2P784	1811700000	1811700000	1819500000
Q9JMF3	0	0	0
Q6A075	76612000	76612000	90306000
Q059I1	20917000000	20917000000	21195000000
Q3U172	813070000	813070000	678550000
Q9DB72	0	0	24989000
Q8R191	0	0	0
F7AI87	9435600000	9435600000	8066700000
O55137	20105000000	20105000000	17630000000
Q6PBC0	2085500000	2085500000	2676900000
Q9CQ22	7684500000	7684500000	6776800000
Q9CUM4	15445000000	15445000000	13861000000
Q9JKC6	37956000	37956000	45034000
Q99LF0	9372500000	9372500000	7884200000
Q3TBG4	1771100000	1771100000	1344500000
Q8BZ69	4485500000	4485500000	4088200000
O88851	4872900000	4872900000	3356600000
Q3UTY9	1809000000	1809000000	2017900000
Q9D023	178830000	178830000	216000000
P97461	6173400000	6173400000	6230200000
Z4YKB8	7977800000	7977800000	6595500000
Q3UWX1	8677100000	8677100000	8996000000
Q8VDK8	3642600000	3642600000	3513000000
P80560	0	0	0
Q3USM1	87441000	87441000	61485000
Q9D8B0	189790000	189790000	52876000
O09061	7008800000	7008800000	8735300000
Z4YLR9	1470900000	1470900000	1099600000
Q8CD62	404690000	404690000	435670000
Q3TS88	8324300000	8324300000	9585900000
A8JYK8	267980000	267980000	133520000
Q8BYM0	3579500000	3579500000	3493900000
H3BK26	4315200000	4315200000	4352200000
Q3UPG6	3105600000	3105600000	3424000000
Q8BXU6	16036000	16036000	22226000
Q80WM4	13602000	13602000	0
Q99KE1	7266200000	7266200000	5228800000
Q8BSD1	3623700000	3623700000	4537900000
P62852	2602100000	2602100000	3727200000
Q9R1T2	4697100000	4697100000	4090900000
Q3UWJ0	2457900000	2457900000	2917600000
Q9DB27	805160000	805160000	1003700000
Q99KC8	27677000000	27677000000	22407000000
Q920P5	548910000	548910000	258880000
Q8BRF7	3758900000	3758900000	3354600000
Q80UN7	568950000	568950000	430510000
O70194	6413500000	6413500000	4398500000
Q9QY76	2375800000	2375800000	2576800000
P62774	3904400000	3904400000	2892100000
Q8QZY1	4383800000	4383800000	5458500000
P11352	5481400000	5481400000	4191400000
Q7TPT3	1583700000	1583700000	1817500000
P63046	29573000	29573000	0
O35341	0	0	0
Q58E59	3245100000	3245100000	3513400000
Q3TDD9	3167200000	3167200000	2080500000
Q8CJ19	417390000	417390000	356610000
Q9D7X3	1937000000	1937000000	2634600000
Q8K239	4681700000	4681700000	3788100000
Q9EQE3	2355200000	2355200000	2793200000
J3QMQ8	935020000	935020000	1182800000
Q60625	0	0	9026300
Q8C163	552070000	552070000	777310000
Q62393	1875100000	1875100000	1200600000
Q61686	5538200000	5538200000	5848600000
F7CVZ7	1235500000	1235500000	1444100000
A0A1Y7VM34	236590000	236590000	373260000
Q9CSM0	2791900000	2791900000	3432300000
Q9DC61	6037300000	6037300000	4166500000
P58044	3287800000	3287800000	2184600000
Q9WV80	6129100000	6129100000	6612500000
Q8BVQ5	1609800000	1609800000	1354400000
Q8BGB7	677390000	677390000	768820000
Q3US30	1924100000	1924100000	1397700000
A0A0J9YUG2	6637000000	6637000000	6767600000
Q9D1T0	86805000	86805000	174990000
Q01405	5729600000	5729600000	5169800000
Q8BYM5	557320000	557320000	89180000
Q9D736	2684500000	2684500000	2834800000
D3Z4Q8	0	0	0
Q05DM9	2145500000	2145500000	2700700000
Q99M71	3477400000	3477400000	3380600000
Q9CQX2	5271700000	5271700000	3873000000
B9EKL9	1511600000	1511600000	1646300000
Q3UJS0	6041100000	6041100000	5261800000
Q61584	8708000000	8708000000	6957800000
Q9CUB4	4726200000	4726200000	4257300000
Q8CGI8	3000600000	3000600000	2726600000
Q0GNC1	1766500000	1766500000	1495100000
Q3UDE2	7195200000	7195200000	6770500000
Q9CRH9	6151700000	6151700000	5498400000
A0A0G2JEW5	3968700000	3968700000	3916200000
Q8R0S4	24066000	24066000	25411000
Q9CYR0	3397600000	3397600000	4204500000
Q3UF06	1806900000	1806900000	1229700000
Q9QXV0	0	0	0
Q9CRD0	3557000000	3557000000	3405900000
Q9CUV0	3555900	3555900	0
A0A1Y7VNC1	1923600000	1923600000	1842800000
Q3UVR7	91718000	91718000	82155000
Q9CZP5	821100000	821100000	893500000
Q62443	0	0	0
Q3UXP2	10949000000	10949000000	7628500000
Q5EBX5	7052300000	7052300000	6436200000
Q5PR73	0	0	86469000
Q6P9R2	4007700000	4007700000	4589300000
A0A0A6YX60	1259200000	1259200000	693690000
Q921M3	6340800000	6340800000	4280500000
Q6PAS6	0	0	52320000
Q66K07	4975600000	4975600000	3902500000
D3YXW5	868700000	868700000	1091000000
Q4QRK2	3342000000	3342000000	1695400000
Q8BZS8	1300700000	1300700000	2292600000
P67871	1950300000	1950300000	2013000000
Q99KA8	610360000	610360000	1286800000
Q8CF81	7115000000	7115000000	5202100000
H3BKL5	6341900000	6341900000	4476600000
Q9D963	541370000	541370000	500070000
Q8CEW3	1535900000	1535900000	1021400000
Z4YN82	462430000	462430000	343300000
Q9WUM3	3946000000	3946000000	3587700000
Q68FH0	1374000000	1374000000	1329300000
Q9CQR2	9337900000	9337900000	7041800000
Q9D6Q7	561370000	561370000	858750000
Q3TS73	0	0	30096000
Q91WS8	15861000000	15861000000	14581000000
Q9D2F6	4743200000	4743200000	4951600000
Q9JHK4	2043400000	2043400000	1909500000
Q8BH57	2646200000	2646200000	2000600000
Q9CYG7	6172300000	6172300000	5792200000
Q66JR8	10624000000	10624000000	18735000000
B1AZ85	1009700000	1009700000	1314200000
Q8CI43	4331000000	4331000000	4533500000
Q9Z0U1	5918200000	5918200000	5733500000
A0A1B0GSW6	1254500000	1254500000	463200000
G3UZY9	344520000	344520000	295780000
Q8BT41	0	0	0
Q3UCF7	1174400000	1174400000	822170000
D6RCG9	499330000	499330000	56091000
O89079	10516000000	10516000000	11007000000
Q9D8B4	3284800000	3284800000	1743400000
Q99L04	20295000000	20295000000	17197000000
Q8BUK6	3317000000	3317000000	3732000000
Q3UEW8	585780000	585780000	597500000
Q80Y17	4881000000	4881000000	4212900000
O35621	53314000	53314000	0
Q3TM28	4061000000	4061000000	3472500000
G3UY77	6635200000	6635200000	6675000000
Q3V4B3	5522900000	5522900000	4450100000
Q9CRT9	2628100000	2628100000	2263700000
Q99KP6	5266100000	5266100000	3814100000
Q8K2T1	830680000	830680000	1350800000
A0A0J9YVG0	3029600000	3029600000	2852000000
Q9R257	4743500000	4743500000	4082500000
Q3UY89	71772000	71772000	30872000
Q8C1Q3	359050000	359050000	252780000
P63040	0	0	0
Q9D1Q6	4027100000	4027100000	3663400000
Q9D5Q4	926240000	926240000	1007900000
Q3TEA9	1787200000	1787200000	1656400000
Q9R1R2	1000600000	1000600000	1064800000
Q52KE3	1887800000	1887800000	1944900000
Q8BQ10	2270200000	2270200000	1965100000
Q8BYY7	6988600000	6988600000	4563000000
Q8BVW7	4113600000	4113600000	3779200000
Q3U8F0	2131300000	2131300000	3117900000
A2ASS3	566040000	566040000	904530000
Q9CSV3	2030100000	2030100000	1947800000
Q9CTB5	456350000	456350000	547480000
A2AL20	5129300000	5129300000	4234500000
A0A8I4T097	934610000	934610000	1214400000
Q8BTG3	787400000	787400000	726060000
Q8CEY5	2232000000	2232000000	2070700000
E9PUL5	0	0	0
Q6PAJ1	1120200000	1120200000	872470000
P40240	2269700000	2269700000	3125200000
Q571C8	104540000	104540000	190930000
Q9WTS5	83203000	83203000	5927100
Q1WWJ8	5260300000	5260300000	4264600000
Q5BLK2	3835900000	3835900000	3311000000
Z4YJL4	5137600000	5137600000	5034000000
Q3U4C8	3618200000	3618200000	3208700000
Q6PD36	0	0	0
Q921U5	5003800000	5003800000	5876800000
Q5U3K5	907600000	907600000	621880000
Q6NS60	828240000	828240000	805550000
Q80U63	3191500000	3191500000	2532400000
Q8JZW4	106920000	106920000	85328000
Q3USB7	1247500000	1247500000	1357800000
Q5RJI5	69455000	69455000	39008000
Q8C7R4	2733700000	2733700000	2916600000
Q9JM96	4247900000	4247900000	3702000000
Q3UU96	3014500000	3014500000	2124000000
Q3UD13	795790000	795790000	625810000
Q80UJ7	2081700000	2081700000	1770700000
Q6PE56	1997400000	1997400000	1607700000
Q62426	11556000000	11556000000	11724000000
Q9DC70	993610000	993610000	946270000
Q8BMK4	11504000000	11504000000	11309000000
Q9ER00	2006000000	2006000000	1804400000
F6V095	3777900000	3777900000	5324000000
D3YZP9	4505900000	4505900000	3103400000
Q5NC79	2449100000	2449100000	2229900000
Q9D8B3	2385800000	2385800000	2146300000
Q8BLF7	828350000	828350000	559030000
Q9WTX6	1985200000	1985200000	1660800000
A0A0J9YV86	2553700000	2553700000	3383200000
Q8VE47	7157200000	7157200000	5797200000
Q9CV67	1593100000	1593100000	926890000
Q8BIV6	3609700000	3609700000	2898200000
Q3TMG0	7581700000	7581700000	7049900000
D3YWH6	4133300000	4133300000	4465300000
Q8CBE6	2860600000	2860600000	2021900000
Q5I0T8	6673300000	6673300000	8470800000
Q8BSZ7	2299600000	2299600000	2202600000
B1AY13	2443000000	2443000000	1720400000
P59017	2889300000	2889300000	2098100000
Q99MY5	4424600000	4424600000	3388500000
Q8BNK9	5624100000	5624100000	5234000000
B2RRE3	750280000	750280000	585570000
Q8BX94	1393200000	1393200000	1003600000
P70206	733640000	733640000	564090000
Q8C5M5	2420100000	2420100000	2048100000
M0QWN2	1129100000	1129100000	1519300000
Q6PFY4	2986300000	2986300000	2460300000
Q5SVL6	0	0	0
Q9QZB7	1704600000	1704600000	2164700000
S4R2D2	419300000	419300000	150420000
Q6P8I7	8803000000	8803000000	5805400000
E0CYW3	1568500000	1568500000	1603300000
Q8C8C7	453300000	453300000	844730000
Q6A068	4846700000	4846700000	5817300000
Q9D164	0	0	338770000
Q8C0L0	389430000	389430000	432960000
Q4VA53	3566700000	3566700000	4766700000
P39688	167460000	167460000	278640000
Q8R5M7	103230000	103230000	0
O88448	636460000	636460000	467650000
Q3UVW9	341650000	341650000	819780000
Q6A088	17392000	17392000	51673000
A2A432	2592400000	2592400000	1783000000
Q9WU28	57006000	57006000	160150000
Q9JJ28	2843600000	2843600000	2224100000
Q8R2V9	3099200000	3099200000	2754300000
Q9D0L8	4285800000	4285800000	5130400000
A0A1D5RMG4	650890000	650890000	1040600000
Q9CV89	2171400000	2171400000	1723800000
Q9JL26	329860000	329860000	173560000
D6RHN2	4618500000	4618500000	3779600000
Q3UBL0	7098500000	7098500000	12401000000
Q9CTT2	6103300000	6103300000	4292500000
Q9CRE9	6846400000	6846400000	9743500000
Q69ZY2	1386700000	1386700000	788030000
P48771	83201000	83201000	85636000
Q3UJB9	3639700000	3639700000	3112600000
Q8K2Q3	3787900000	3787900000	3062100000
A0A0U1RPB3	4534600000	4534600000	4210100000
Q6P8X1	4323500000	4323500000	3923500000
O09114	62847000	62847000	0
Q8R127	1281800000	1281800000	1796400000
Q8BG40	1125900000	1125900000	1470100000
Q8BR48	1724700000	1724700000	1498000000
Q9D710	1827500000	1827500000	2019100000
P21460	1662400000	1662400000	1258200000
G3UXZ4	187700000	187700000	192400000
Q3TUX9	1620700000	1620700000	1790900000
P61971	1504400000	1504400000	1624800000
Q9JHW2	7170600000	7170600000	7910000000
Q91VW3	6090100000	6090100000	2124500000
A0A494B9M5	2179100000	2179100000	2092000000
Q3TSV9	1826700000	1826700000	2682500000
Q9Z315	1551800000	1551800000	1439000000
P97765	1589500000	1589500000	1810800000
G3UZV5	3417200000	3417200000	3611000000
Q5U458	2780100000	2780100000	2008500000
Q8CCI7	9169300	9169300	6200200
A0A0N4SVZ2	3741600000	3741600000	2430300000
Q9WVA2	4460200000	4460200000	718680000
Q6IRU5	0	0	0
Q6A0A9	4239000000	4239000000	4124300000
Q91YW3	6227000000	6227000000	11776000000
Q6PCP5	1531600000	1531600000	1080700000
Q9D1M0	5323600000	5323600000	3252000000
P63213	0	0	18364000
Q3UUG1	2103300000	2103300000	1687400000
Q61771	1896800000	1896800000	1900700000
Q69ZS5	508350000	508350000	514630000
P97494	14060000000	14060000000	12295000000
Q9D9V3	2611800000	2611800000	2675600000
Q9EQK5	9293800000	9293800000	6943200000
Q91WK2	2731000000	2731000000	3011300000
Q9CS31	3055300000	3055300000	3680400000
P60824	4470500000	4470500000	2476000000
A2AGS1	1945100000	1945100000	1604500000
Q62442	0	0	0
P27671	0	0	19538000
H3BL21	187560000	187560000	117950000
Q9JL35	4166500000	4166500000	2992300000
Q71M36	137140000	137140000	183140000
G3UZ00	13545000	13545000	4533000
Q99L69	7198400000	7198400000	6305400000
Q9R0H0	6885700000	6885700000	5896900000
Q3UE06	1941200000	1941200000	2037400000
B3STQ3	2472800000	2472800000	2617200000
Q8CC88	3466600000	3466600000	2294800000
Q9CQ65	5157200000	5157200000	7316600000
Q3TZV1	1057200000	1057200000	1154100000
Q9CPX6	3831200000	3831200000	3919800000
Q8R464	1793700000	1793700000	1938700000
Q3TLE2	5895500000	5895500000	4729700000
Q3UZ51	3382300000	3382300000	3668800000
S4R179	6744600000	6744600000	7221100000
Q5HZK3	8247900000	8247900000	9549800000
A2APV2	5531700000	5531700000	4823400000
Q3U0D7	3899300000	3899300000	4424000000
Q571F9	4834600000	4834600000	3774100000
Q5J7N1	836360000	836360000	1229300000
Q8BG13	9255900000	9255900000	10489000000
Q8BVU9	26519000000	26519000000	24463000000
Q9CR61	2300800000	2300800000	1773600000
Q9WUK8	0	0	12131000
Q61187	3433000000	3433000000	2075400000
Q497N4	0	0	28025000
Q8CD82	3282300000	3282300000	3065900000
Q61234	1514600000	1514600000	1303500000
Q3UJU9	4110500000	4110500000	2804800000
Q60692	2129900000	2129900000	2422300000
Q8BQZ4	1237900000	1237900000	1481600000
E3T928	10135000	10135000	35244000
Q80T41	0	0	12876000
Q9D5V6	7157100000	7157100000	5525300000
Q3UDZ1	2410700000	2410700000	2469300000
Q8CEH7	784110000	784110000	758220000
Q5PR15	8915600000	8915600000	8274300000
Q99LD8	9680700000	9680700000	7736800000
Q8K567	303300000	303300000	308640000
A2AE03	3790500000	3790500000	4715900000
Q9DAK9	6570400000	6570400000	4459600000
Q8VCZ1	3474000000	3474000000	3275200000
Q3TQD2	235230000	235230000	276080000
Q3UH04	1560500000	1560500000	1218600000
Q8BK00	4266600000	4266600000	2519100000
Q3URI0	4655100000	4655100000	3467000000
Q8VIM9	396880000	396880000	335350000
Q922Q2	469200000	469200000	381200000
Q6P069	4094000000	4094000000	4145500000
Q8R0F8	1325100000	1325100000	1228000000
F6QK86	1697400000	1697400000	1355300000
Q8BIU2	69419000	69419000	14888000
Q91YK1	1288900000	1288900000	1458500000
Q3TQZ9	2456000000	2456000000	1732000000
A0A1B0GSL5	2307400000	2307400000	2884600000
Q0II04	2783500000	2783500000	3289600000
Q9QZE7	6167900000	6167900000	4426000000
Q9JJZ2	0	0	0
A0A140LJF9	4719500000	4719500000	5888000000
Q9CW03	7114400000	7114400000	7081800000
Q08642	11723000000	11723000000	6395100000
Q8R0E6	127670000	127670000	89000000
Q99KY4	1381700000	1381700000	936600000
Q11136	2927900000	2927900000	2862600000
Q8VE22	3176700000	3176700000	3589900000
Q3TCN2	2436000000	2436000000	2679700000
Q9CZN7	17883000000	17883000000	18776000000
Q6PAR5	3229200000	3229200000	3244800000
S4R2P8	2435400000	2435400000	2340200000
Q8CGF7	2429900000	2429900000	2744700000
Q64213	2256100000	2256100000	1674700000
Q99M74	0	0	0
Q8BI84	3235400000	3235400000	4004600000
Q8BNU0	977590000	977590000	643990000
Q792E4	167670000	167670000	144810000
Q8BU74	2351900000	2351900000	2326300000
Q564F6	3481600000	3481600000	3373100000
A0A0U1RPN1	2698100000	2698100000	1394700000
Q9CX56	2323500000	2323500000	2187800000
R7RU63	460000000	460000000	125670000
G5E919	2553300000	2553300000	3148300000
Q7TNG5	7662500000	7662500000	7630600000
P26231	24146000000	24146000000	20638000000
Q3TDX2	1221400000	1221400000	1513600000
Q9D7N9	1190700000	1190700000	1236000000
Q9CQ62	6767900000	6767900000	5166700000
Q3TUJ5	1813100000	1813100000	2459300000
Q91VZ6	1059500000	1059500000	776550000
Q0PD56	3723200000	3723200000	4835200000
Q6A074	4057600000	4057600000	2771600000
E9QMI9	103230000	103230000	297410000
Q8JZU2	4263500000	4263500000	3501400000
Q9D577	1363400000	1363400000	1328300000
Q920N7	21505000	21505000	0
Q3V0N9	2324800000	2324800000	1817400000
Q3UYL3	13527000000	13527000000	11782000000
Q9CW20	3189000000	3189000000	3285800000
Q80WJ7	4478400000	4478400000	3420800000
Q9Z1D1	9677400000	9677400000	7847200000
Q3TM46	798020000	798020000	1295500000
Q8C1D9	1556000000	1556000000	1089300000
Q8BGS2	4875400000	4875400000	6029100000
Q8CHD7	5579300000	5579300000	4279000000
Q64518	0	0	0
Q3UF02	1855200000	1855200000	2349100000
D3YWR1	3594200000	3594200000	6122200000
P60761	0	0	0
Q8C0Z4	1137900000	1137900000	738640000
P12849	261020000	261020000	0
Q4FZE7	5012600000	5012600000	4955400000
Q9QUR8	44297000	44297000	37625000
Q99KK2	790430000	790430000	1030300000
O35841	3763200000	3763200000	5235900000
F7CU63	1608400000	1608400000	1705700000
Q8CBY8	2256600000	2256600000	1345900000
O08997	14736000000	14736000000	9628100000
A0A1Y7VM54	6736700000	6736700000	4955700000
Q6NZQ3	4768700000	4768700000	3425900000
P35282	3836700000	3836700000	3332800000
Q6DFV3	2325400000	2325400000	1577200000
Q8C5K4	0	0	0
Q9DBL7	2344600000	2344600000	2095200000
Q920Q4	2504000000	2504000000	2008800000
Q8BLK2	1804900000	1804900000	1708400000
A0A2R8VHJ4	3170500000	3170500000	2293200000
Q8BUK5	23100000	23100000	14682000
D3Z458	2371700000	2371700000	1632000000
Q9D1Z6	1749400000	1749400000	1950300000
Q8C3G7	2563300000	2563300000	1088800000
Q78U92	1087100000	1087100000	869570000
Q99JG2	90010000	90010000	80940000
A0A1W2P872	1537200000	1537200000	863690000
A0A1L1SUR4	1505600000	1505600000	1223400000
A0A0R4J1R9	226650000	226650000	557810000
Q80TL0	830500000	830500000	622300000
Q3U0K8	969920000	969920000	847270000
P61358	9659700000	9659700000	9667800000
Q99LE6	1860600000	1860600000	1731100000
Q9D2P8	0	0	0
Q99KP3	1257300000	1257300000	954260000
Q8BGC0	3971500000	3971500000	5825200000
V9GXD9	984410000	984410000	1432800000
Q8K394	48103000	48103000	78615000
Q8C2N8	3188500000	3188500000	3269500000
Q9D2R0	4997500000	4997500000	4765600000
Q3UH83	5230200	5230200	71712000
Q8JZZ5	2707200000	2707200000	4197500000
Q3UZL8	5485300000	5485300000	5747600000
Q9QXB9	1426400000	1426400000	2033800000
F7D1R5	5721600000	5721600000	6462000000
Q4VAA2	3552500000	3552500000	3052300000
Q8BT90	1260300000	1260300000	1448000000
Q3TLI0	821910000	821910000	659860000
Q6P6Q1	0	0	158170000
Q1MWP8	2739800000	2739800000	3797900000
Q80XU3	1634900000	1634900000	789820000
Q8C076	1740600000	1740600000	1400400000
Q8BHL5	2201900000	2201900000	1743800000
Q91VR8	95053000	95053000	0
Q921E2	5346400000	5346400000	7442000000
Q9DB73	4102200000	4102200000	5372500000
Q9R0I7	1430000000	1430000000	1155900000
Q8BHW2	1223900000	1223900000	2313800000
Q5SNZ0	916200000	916200000	781460000
Q8C0W5	769150000	769150000	711680000
O55091	3092400000	3092400000	3652700000
Q3U868	6440500000	6440500000	6635600000
Q811C1	22124000000	22124000000	20928000000
Q9Z1Q5	33713000000	33713000000	26116000000
P97384	10428000000	10428000000	8301500000
Q5PR75	3084800000	3084800000	3256900000
O70125	1630300000	1630300000	1743000000
Q00915	19809000000	19809000000	17102000000
Q6ZWM8	1207600000	1207600000	823310000
Q8BGQ1	569770000	569770000	508000000
Q9D6H6	932880000	932880000	686660000
F2Z438	1343500000	1343500000	1118300000
Q8K400	410550000	410550000	204710000
Q9EP89	613750000	613750000	764830000
Q8C754	1483900000	1483900000	1571700000
D3YXQ4	72136000	72136000	162900000
Q3TQN8	406570000	406570000	489210000
O54901	280940000	280940000	296240000
Q3UND3	4914600000	4914600000	5180100000
Q8K279	1788900000	1788900000	2031500000
Q9DC85	6857900000	6857900000	7513400000
Q9Z2C9	107360000	107360000	89209000
O70325	4182900000	4182900000	5132900000
Q8K1M6	0	0	0
Q8BXC3	1068700000	1068700000	1048300000
Q99K01	9290500000	9290500000	8530000000
E9PXK4	0	0	0
P14576	4243000000	4243000000	4607200000
Q5DTP0	382630000	382630000	330390000
A2A7Z6	0	0	0
Q3TSW9	2039100000	2039100000	3277700000
A0A3B2WCD2	14888000	14888000	238840000
F6S731	1617500000	1617500000	1309600000
Q8CH09	23374000	23374000	5499200
Q8BTX9	1634300000	1634300000	1932700000
G3UYP0	442150000	442150000	681140000
Q91VK4	2914200000	2914200000	3355200000
A0A2I3BRL7	347680000	347680000	156490000
Q8K406	9479100	9479100	0
Q3UDC3	1854000000	1854000000	2139900000
Q8C2J1	12654000000	12654000000	9522000000
A0A2I3BRG7	1189900000	1189900000	892010000
Q91YX7	1514600000	1514600000	1532900000
Q8BR63	174470000	174470000	166300000
Q3UJC3	1921800000	1921800000	1886400000
A0A0A6YXV0	3289500000	3289500000	3799100000
Q99KN2	1216400000	1216400000	1612900000
Q8R1Y7	970120000	970120000	851060000
Q3TJI3	779980000	779980000	631480000
Q8BJA6	2070600000	2070600000	1534900000
Q3UQT2	175570000	175570000	280630000
Q8BUR4	2516900000	2516900000	2426100000
P56212	2833600000	2833600000	3097600000
Q920P3	16761000	16761000	0
Q3UTH8	0	0	0
Q3TU79	1592000000	1592000000	2121400000
Q8BK08	2930700000	2930700000	3507500000
A0A087WPM5	1830900000	1830900000	1619500000
A0A494BBM2	1525500000	1525500000	1564700000
Q9WTP6	4964400000	4964400000	3324900000
E0CZF4	1038100000	1038100000	640760000
Q3V4C0	7199000000	7199000000	6566600000
Q4VA28	5202000000	5202000000	3644300000
Q6ZQI3	14806000000	14806000000	7441100000
Q9CY27	2198700000	2198700000	1612300000
Q3UWC8	309020000	309020000	101410000
Q3UY76	1502800000	1502800000	1357100000
F6X9P4	198330000	198330000	0
Q542I7	3306200000	3306200000	2650900000
Q8C7D2	944100000	944100000	727220000
Q4FZH2	2628400000	2628400000	2755200000
Q99JH2	2266700000	2266700000	1987900000
Q3TEQ5	3114300000	3114300000	2271400000
Q8CJH3	1687600000	1687600000	1170000000
Q7TN13	8997700000	8997700000	10135000000
Q3U5C3	1556700000	1556700000	1002700000
Q9ES56	715170000	715170000	810720000
Q3URY8	50941000	50941000	95403000
O08582	1454200000	1454200000	1041900000
Q8BX10	1349100000	1349100000	1582200000
Q9R1K9	761000000	761000000	262500000
D3Z0M9	2248600000	2248600000	2522700000
Q8C248	215590000	215590000	125240000
Q9ESZ8	2305300000	2305300000	2194700000
Q8CEC7	828820000	828820000	1848000000
P58771	0	0	0
A0A0J9YUB2	628570000	628570000	879230000
Q8CGA0	2156700000	2156700000	1830100000
Q8C7K6	1104500000	1104500000	1100700000
Q99KH8	1695800000	1695800000	1594200000
D6RJ62	840920000	840920000	510050000
Q3UHC7	902520000	902520000	317820000
Q8VD33	0	0	0
Q61239	1677300000	1677300000	1600400000
Q9CRB8	39401000	39401000	0
A0A2R8VHH6	4392300000	4392300000	3074000000
Q14BZ3	5394300000	5394300000	4601600000
E9PUL9	369060000	369060000	467020000
Q3U2X9	1762200000	1762200000	958930000
Q8BPM0	384310000	384310000	503790000
Q8CHG3	2637300000	2637300000	3551000000
Q8BFY6	670890000	670890000	424700000
Q8C052	1389600000	1389600000	1161600000
Q9D1G5	1057500000	1057500000	1281700000
Q8CCB4	383700000	383700000	307310000
Q61102	1052600000	1052600000	1235400000
Q3UV70	4385400000	4385400000	2563100000
G3UZY2	416220000	416220000	576780000
Q3UXG4	1371100000	1371100000	1432100000
Q9DBH5	3245500000	3245500000	4358500000
Q8CCP7	766400000	766400000	884910000
Q99KW9	316840000	316840000	132850000
Q3TXT9	691640000	691640000	1214900000
O70493	1438800000	1438800000	1141700000
P61924	6346300000	6346300000	3125700000
Q6PHU5	1118300000	1118300000	1055200000
Q3TQT3	9513500000	9513500000	8772400000
B2RPY3	32029000	32029000	100500000
Q5XG69	90937000	90937000	131870000
Q9CVG4	288490000	288490000	365590000
Q80UP3	438470000	438470000	465800000
Q9EP83	2789500000	2789500000	3666200000
Q9ERB0	1146300000	1146300000	1155300000
D3Z2R9	28009000	28009000	60920000
E9Q858	3953000000	3953000000	2765700000
Q80U40	0	0	0
Q3UHW5	1869100000	1869100000	2015500000
Q91YW0	0	0	0
Q9CTB2	2557000000	2557000000	2557100000
A2AJI0	2722500000	2722500000	2166200000
A0A1L1SUF6	3688500000	3688500000	3734600000
P55937	3417200000	3417200000	2608200000
Q9D1H6	410000000	410000000	410960000
F7BWP1	1221000000	1221000000	1534700000
Q3TDT4	0	0	0
P70699	1602300000	1602300000	1651100000
A0A1L1SSD1	3122200000	3122200000	5205600000
Q8BN80	0	0	0
A0A087WRL3	1623600000	1623600000	1593300000
Q3USQ6	2882100000	2882100000	2359200000
Q80VC8	826220000	826220000	656940000
Q8K1Z0	1512100000	1512100000	1104200000
F6QJV5	6072600000	6072600000	5521100000
B0R092	1133300000	1133300000	1129100000
Q3UNI8	903850000	903850000	1005300000
Q8BP73	4155300000	4155300000	2956600000
Q91VM2	12811000000	12811000000	9935400000
A0A2R8VHJ0	32864000000	32864000000	31996000000
Q61655	6528800000	6528800000	3421200000
Q8VBX5	9216800000	9216800000	6423900000
Q2M4G6	1311500000	1311500000	884150000
Q7TQG5	1701100000	1701100000	658690000
Q80VP0	1454700000	1454700000	1658900000
Q99JB2	3937300000	3937300000	3008400000
A2ADZ6	1107000000	1107000000	1191400000
Q6ZWY3	4321600000	4321600000	6454000000
Q8R361	1200500000	1200500000	1040900000
Q3UQQ1	5586600000	5586600000	6119100000
Q6ZWQ6	902150000	902150000	918070000
Q8BG18	0	0	89233000
A0AAQ4VMS3	0	0	49277000
Q3U5Q7	3492400000	3492400000	3308100000
Q9DAB3	1748400000	1748400000	1456400000
Q8BHC1	160020000	160020000	200430000
Q9DBT5	1464100000	1464100000	2163600000
S4R2T5	2530200000	2530200000	1941100000
Q91ZP9	33449000	33449000	0
P31786	0	0	0
Q8CH18	2342500000	2342500000	1697700000
Q3TP53	2496700000	2496700000	2022100000
Q91X98	4528600000	4528600000	3356700000
Q5DTQ2	306990000	306990000	488940000
Q9D7H3	1234600000	1234600000	1336300000
Q80U95	1408800000	1408800000	1421100000
Q9D6U8	973910000	973910000	413810000
Q3UU50	2136300000	2136300000	1809200000
Q922Q4	5118500000	5118500000	4386700000
Q69ZW3	686450000	686450000	932000000
Q8C6G8	712610000	712610000	1077900000
P55821	374420000	374420000	481240000
G3UYM8	11005000	11005000	3866100
Q3URE1	2048900000	2048900000	1882400000
Q91YH5	5805000000	5805000000	4848700000
Q69ZH9	277840000	277840000	129040000
Q9Z0Y1	248570000	248570000	341620000
Q3TIU1	21006000000	21006000000	16771000000
Q6PDS3	809950000	809950000	421460000
Q922P9	2203600000	2203600000	1795800000
Q9D586	0	0	0
Q9CT10	1437600000	1437600000	1484600000
Q99JN5	36091000000	36091000000	28712000000
Q9CTJ5	344310000	344310000	0
Q8BQ31	689460000	689460000	500470000
Q3UZ28	2669900000	2669900000	2386600000
O70228	261430000	261430000	90921000
Q9D3A9	558700000	558700000	390070000
P49813	1059900000	1059900000	702080000
Q8K221	323900000	323900000	400750000
Q8VDQ1	3541700000	3541700000	4418000000
Q80U19	1187600000	1187600000	665020000
Q3UVL4	763020000	763020000	604140000
C0H5X4	299320000	299320000	181620000
Q8BXT3	490050000	490050000	690150000
Q91WJ8	2056300000	2056300000	2019300000
Q9CZB0	139590000	139590000	178450000
Q9ER58	6654000	6654000	20885000
Q9Z0F7	0	0	0
Q8CGB7	3547100000	3547100000	3246800000
O35874	3265400000	3265400000	1950700000
Q5DU10	1659400000	1659400000	2112300000
Q8BFP9	931020000	931020000	464980000
D3Z6Y3	1936000000	1936000000	3699500000
Q3TLH4	3152500000	3152500000	2898000000
Q541E2	5786900000	5786900000	3071900000
Q80T43	0	0	0
Q9DC51	1064300000	1064300000	1589500000
Q8BHV7	2129800000	2129800000	1926500000
Q68FM7	336050000	336050000	251310000
Q3V461	1653600000	1653600000	1811000000
Q80X80	381660000	381660000	300410000
Q3UMP2	2634900000	2634900000	2004400000
O54990	8188700000	8188700000	3530200000
Q9EQ80	557770000	557770000	899120000
G5E8V9	5325500000	5325500000	5939500000
Q9CSI6	2312400000	2312400000	2629800000
Q3U9K9	1575300000	1575300000	1393400000
P70697	978850000	978850000	1168600000
Q80WU9	0	0	0
Q9CV53	3539500000	3539500000	3009400000
Q8CA95	15804000	15804000	0
A0A338P6Q0	5260800000	5260800000	4139700000
Q9DBC3	1033800000	1033800000	1147200000
Q0VBU4	2115200000	2115200000	2238200000
A7TU71	2018600000	2018600000	2694200000
P35283	778100000	778100000	1027300000
H7BWY7	1053100000	1053100000	707390000
Q58E65	2489600000	2489600000	1820000000
Q3UPV6	0	0	0
Q99LB6	1346100000	1346100000	1043900000
Q8BZ14	4144000000	4144000000	5869000000
Q9JIG7	2576600000	2576600000	1501400000
Q99K70	2184000000	2184000000	2294800000
Q8C5A9	862690000	862690000	811910000
Q3TWL4	1591800000	1591800000	813660000
Q9QZF2	3038200000	3038200000	3076400000
Q80VV6	626490000	626490000	504530000
Q8BLA0	5146600000	5146600000	4853400000
Q9D8W7	1416900000	1416900000	1608500000
Q64337	1155000000	1155000000	1012300000
Q7TT13	538410000	538410000	308830000
Q3V386	150310000	150310000	177060000
F6WMX7	51332000	51332000	90553000
Q3V483	392640000	392640000	535970000
Q8CHR8	4222500000	4222500000	3550500000
Q8C2Q3	2286200000	2286200000	2236400000
D3YWL7	4307600000	4307600000	1826800000
Q8CJG1	346030000	346030000	480600000
C9K0Z7	2236900000	2236900000	1831500000
B9VQ37	14433000000	14433000000	14720000000
Q8C573	1466600000	1466600000	1228200000
Q6ZWU9	3585500000	3585500000	3585200000
Q2M4H7	1105200000	1105200000	664430000
Q4QQM4	0	0	199000000
Q8VE45	1255700000	1255700000	1732800000
Q9DB34	1369800000	1369800000	1270200000
Q6ZQ32	461650000	461650000	462760000
Q8R2U5	1927400000	1927400000	2706400000
F6VY18	4560600000	4560600000	5684300000
Q6PGF7	1366900000	1366900000	905850000
Q99M51	1576000000	1576000000	1245600000
Q9JHQ5	4213000000	4213000000	4127600000
Q8BQD5	0	0	0
Q05CY4	2443300000	2443300000	1917600000
Q8R1N4	1461800000	1461800000	1440300000
Q62383	1544500000	1544500000	1084000000
Q9CT23	3076200000	3076200000	3222100000
Q7TSC1	1409400000	1409400000	1496500000
Q922H2	727150000	727150000	721880000
Q3TUS4	3596100000	3596100000	4651800000
Q3TI84	2087500000	2087500000	1641400000
Q8K258	3762500000	3762500000	2974800000
Q8BTD9	2712600000	2712600000	1873700000
Q9JJU6	1900600000	1900600000	2566500000
Q9D020	1881200000	1881200000	1794000000
Q8BGF2	228400000	228400000	166570000
P63216	0	0	0
Q9WTL7	1048600000	1048600000	689850000
D3Z0Q9	602410000	602410000	1157300000
A0A1Y7VL39	2010900000	2010900000	1850500000
O88532	1412600000	1412600000	1520100000
Q8R1X2	2740300000	2740300000	3750800000
Q8BUA6	5548200000	5548200000	3020700000
G8DXU5	623480000	623480000	1124700000
W8QPF2	0	0	0
Q810B6	3509900000	3509900000	3317500000
P55288	322240000	322240000	290550000
F7BPA5	2865600000	2865600000	3213700000
Q9JKS5	422870000	422870000	557960000
Q9CXI5	6496900000	6496900000	6428900000
B2RXC1	597280000	597280000	511110000
Q3UWR6	7852200000	7852200000	5386100000
P98203	10289000000	10289000000	5576800000
Q3UXI3	1929700000	1929700000	1625600000
Q9EPE9	1935100000	1935100000	1291300000
Q0VDM6	419120000	419120000	679980000
Q9D1C8	2379200000	2379200000	1535700000
Q8CHG2	0	0	0
Q8C0P5	26795000	26795000	43853000
B1AST8	1427900000	1427900000	2155800000
Q9CZF2	16031000	16031000	8924200
P60521	185090000	185090000	230290000
Q6NZB0	2498500000	2498500000	2560300000
Q9CZI5	4755300000	4755300000	5840200000
Q99M87	2168400000	2168400000	2736800000
Q60790	956280000	956280000	989700000
Q8VE88	2002100000	2002100000	1295000000
O88952	4070500000	4070500000	6420800000
Q8R2Y8	3666200000	3666200000	3489400000
Q80U87	2806600000	2806600000	2424600000
F6U8X4	1388400000	1388400000	1634500000
Q8K1X1	3358400000	3358400000	3442400000
P58771	1942300000	1942300000	1780900000
Q3UY99	3264700000	3264700000	3018500000
Q8K0E2	893660000	893660000	1236300000
Q3V4C5	251350000	251350000	175270000
Q80Y24	59571000	59571000	101200000
P84084	1035500000	1035500000	1194900000
Q8CHW0	935950000	935950000	757350000
E9QA02	1043000000	1043000000	730790000
O35969	788720000	788720000	676370000
Q8BYH5	1920700000	1920700000	2192600000
A0A494BAG4	1670400000	1670400000	2335300000
Q8BFT9	0	0	73155000
Q922V4	1739700000	1739700000	1902900000
D3YWQ0	435370000	435370000	506770000
Q3UUS9	1241100000	1241100000	1079000000
Q9EQZ7	0	0	0
Q8BP95	947170000	947170000	529440000
Q9D1I3	3745000000	3745000000	3608100000
A0A0R4J2C7	1080400000	1080400000	913290000
Q99P24	5984000000	5984000000	4744300000
Q9JJI8	1074200000	1074200000	926190000
O35544	0	0	0
Q3UPJ2	3509900000	3509900000	3277500000
F6ZKC7	3056300000	3056300000	1925700000
D3Z4I2	2860100000	2860100000	2190300000
Q9CYR6	3631500000	3631500000	2688300000
Q8BPZ2	142360000	142360000	125410000
Q61290	0	0	15535000
Q8CA83	902120000	902120000	512730000
Q80ZU1	1719500000	1719500000	2282300000
Q3UH86	645170000	645170000	526800000
A0A0G2JDI4	2982700000	2982700000	2131700000
A0A087WRL1	1135800000	1135800000	1110500000
Q14C24	1278900000	1278900000	1771200000
A0A2R8VKC7	666430000	666430000	389000000
Q8BSE8	1287600000	1287600000	853090000
Q8BL02	2971800000	2971800000	1924500000
A0A0A6YY78	21308000	21308000	178930000
Q08943	3395500000	3395500000	4438200000
F6VA16	492220000	492220000	505580000
Q3UUT6	13602000	13602000	422150000
Q3UKQ5	1324900000	1324900000	1911700000
Q78KN5	1877000000	1877000000	1745100000
Q32MD7	1163300000	1163300000	1324500000
D3Z5F7	3262000000	3262000000	3757800000
E9Q6S5	1320600000	1320600000	1792100000
Q3UUU7	504030000	504030000	479530000
Q7TSJ7	102470000	102470000	92607000
Q80YA3	126720000	126720000	57719000
E9Q2L8	0	0	0
Q3UMB5	736680000	736680000	581950000
Q8C8I0	3302300000	3302300000	2741100000
Q6PEB6	1892400000	1892400000	1250800000
Q3U3Y3	7020900000	7020900000	4702300000
Q3U524	1673000000	1673000000	2004700000
D6RIL4	2271700000	2271700000	2530200000
Q3TYH7	1897300000	1897300000	2066600000
P70698	2478700000	2478700000	2332500000
Q60900	277170000	277170000	631190000
F8WGT4	1237600000	1237600000	1091500000
Q8K2Q0	1128000000	1128000000	2607400000
A0A087WNT9	946040000	946040000	205760000
Q3U1G0	342240000	342240000	244670000
A0A1L1SS90	2796400000	2796400000	3155900000
Q9EPK7	1170000000	1170000000	813460000
A3KGC5	996460000	996460000	896330000
Q8R3V2	1040300000	1040300000	1721300000
P97952	0	0	0
Q9D7A8	906210000	906210000	1150600000
Q9CR21	3725700000	3725700000	2946300000
F7BF80	3094400000	3094400000	2777200000
A2AWQ2	6017600000	6017600000	8678600000
Q3UR33	6020200000	6020200000	7158900000
Q3V458	1612400000	1612400000	1854200000
Q3TSG2	316780000	316780000	482950000
Q91VH6	1021400000	1021400000	1270200000
Q3UUE0	5366500000	5366500000	7550900000
Q8C9T5	2607800000	2607800000	2539500000
G3UWF3	228040000	228040000	305600000
A0A1Y7VKG0	997340000	997340000	926380000
Q91ZW3	3685400000	3685400000	2059900000
Q0PD53	0	0	0
Q9CYN9	575930000	575930000	709250000
D3Z440	1550100000	1550100000	1684100000
P56375	706960000	706960000	468420000
Q8K3C3	4621600000	4621600000	5183000000
Q9D6I2	584030000	584030000	895270000
Q8VDS4	1471800000	1471800000	1659700000
Q7TNR6	33083000	33083000	12660000
Q9DCL8	1764300000	1764300000	1420800000
P20065	6294300000	6294300000	3895200000
Q91WP4	544000000	544000000	617220000
Q3TMV3	1219400000	1219400000	2119200000
Q61165	151050000	151050000	309540000
F6RT95	0	0	0
P85094	0	0	82053000
Q8CES4	1290300000	1290300000	934590000
Q8BJG5	2272200000	2272200000	2738100000
A0A1B0GS25	1575700000	1575700000	1064200000
A0A2I3BQD1	354690000	354690000	726060000
Q6IRU2	55793000000	55793000000	41751000000
Q8BU44	1894500000	1894500000	1981300000
O35114	7562100000	7562100000	10618000000
Q8CE65	70213000	70213000	142630000
Q9CQG4	494120000	494120000	442400000
Q5SWP3	516180000	516180000	915480000
Q9D1M4	614390000	614390000	561550000
Q9CTH7	0	0	0
V9GX21	1092600000	1092600000	775690000
Q56A07	0	0	0
Q99K30	0	0	0
A0A087WPM2	40134000	40134000	148880000
Q05186	4081600000	4081600000	4588600000
Q8BT83	2120700000	2120700000	2569900000
Q8CCJ4	54385000	54385000	61332000
Q99KR7	1504600000	1504600000	1208700000
Q8BK29	2751000000	2751000000	2208100000
Q9EPB9	577270000	577270000	135670000
Q99KH2	324460000	324460000	134800000
Q3TIV5	1759800000	1759800000	1187900000
Q9WTX2	1022000000	1022000000	1110600000
Q9CYW4	979070000	979070000	1352700000
Q6P5D8	1589700000	1589700000	1143900000
Q6NXW0	458940000	458940000	227580000
Q9Z2L3	7258300000	7258300000	5276400000
Q5SUV9	0	0	0
I7HIP5	1887300000	1887300000	2166900000
Q3U2Z6	5242000000	5242000000	4665700000
Q923A7	14728000000	14728000000	16437000000
Q8BH58	2726000000	2726000000	3763900000
A2RRJ4	1180300000	1180300000	1565900000
O35127	0	0	0
Q3URV9	2457200000	2457200000	1315400000
Q3USK9	0	0	0
Q3UQ34	1515600000	1515600000	1094900000
Q8VHP7	0	0	0
Q9QZ08	2264100000	2264100000	1546300000
Q80TL7	801550000	801550000	713340000
Q9ESX5	1636000000	1636000000	1637800000
Q6PD26	823960000	823960000	515970000
P62075	2963000000	2963000000	2455700000
Q3TIR6	1029500000	1029500000	755470000
O55222	3490100000	3490100000	3285200000
Q3TRU2	2367100000	2367100000	2501900000
Q9D6T9	932510000	932510000	1446400000
A8C1T7	437430000	437430000	580990000
Q8K012	400970000	400970000	538250000
Q9WUD1	1446300000	1446300000	1547300000
Q9ES00	3228300000	3228300000	3375000000
Q3TZR0	3081900000	3081900000	1960300000
Q69ZX8	56218000	56218000	0
F8WGX4	181890000	181890000	90710000
Q7TN29	706280000	706280000	616370000
Q921T2	4028100000	4028100000	3990600000
Q3V1L4	476100000	476100000	674220000
Q9DA85	1556300000	1556300000	1366700000
Q8VDV4	25925000000	25925000000	24836000000
Q99LD9	589160000	589160000	877990000
Q9Z0P4	0	0	0
A0A2I3BRJ9	64476000	64476000	39750000
Q9DC13	16867000000	16867000000	16444000000
Q8VDP6	296320000	296320000	232580000
Q9D6Y9	5604400000	5604400000	6351100000
Q8VBX6	8513600000	8513600000	5207200000
Q8BVK3	5640800000	5640800000	3362800000
F6UI15	3957700000	3957700000	3260500000
B7ZW94	4665500000	4665500000	3700400000
Q9DCM0	1911300000	1911300000	2025400000
A2ADY9	1780800000	1780800000	1706400000
Q9ESJ4	116660000	116660000	99431000
Q99JI7	0	0	0
Q925E7	765960000	765960000	731760000
Q99KV1	3937700000	3937700000	3903600000
P59281	233350000	233350000	174810000
Q8CJ40	2018300000	2018300000	1700400000
Q3UX51	1648800000	1648800000	1632400000
P21126	453750000	453750000	751470000
O35668	0	0	26227000
A2APX9	0	0	0
P21107	2290400000	2290400000	2574100000
Q9CPS6	827770000	827770000	546430000
Q9EST5	8647900000	8647900000	6647500000
Q9CRH8	2158400000	2158400000	1740400000
Q8R2U0	1120500000	1120500000	1711500000
Q80VD1	3551900000	3551900000	3258100000
E9PUC2	2433700000	2433700000	1530600000
Q8C7P2	448280000	448280000	599400000
Q62422	4534200000	4534200000	6567800000
Q80VC9	79162000	79162000	117540000
Q9QXK3	3383400000	3383400000	3508600000
Q80VE6	2333000000	2333000000	1708700000
Q9R1V4	0	0	0
P60879	0	0	0
Q3TQX5	1372900000	1372900000	1024200000
Q8R5D2	1374800000	1374800000	1356600000
A0A087WSF0	1277200000	1277200000	898650000
Q8R5L3	2782100000	2782100000	1863800000
D3YW40	1262000000	1262000000	1567400000
Q7TSQ8	2985800000	2985800000	1769600000
G3UZW9	5100300000	5100300000	4481500000
Q6PAI9	83076000	83076000	60076000
P14106	309550000	309550000	137790000
Q3UR67	2003000000	2003000000	2256500000
Q3URH5	2209000000	2209000000	1656000000
Q6PES1	1922300000	1922300000	2196200000
Q7TSV4	7976600000	7976600000	6707700000
Q8BWU8	0	0	0
Q80WG5	2415500000	2415500000	1168600000
G3UX97	511950000	511950000	478130000
Q9EPL2	71232000	71232000	47202000
Q03173	2091500000	2091500000	2297200000
Q3TY60	0	0	0
Q569V6	510650000	510650000	745350000
Q3UUH0	2291400000	2291400000	2396200000
Q3TTT3	1238200000	1238200000	1169600000
Q9D8S9	912030000	912030000	867040000
Q3UTQ8	1009900000	1009900000	326820000
A0A087WSC7	699120000	699120000	407160000
P35290	1362100000	1362100000	1312200000
H3BKN0	3687400000	3687400000	4685300000
Q3TQH8	0	0	0
Q8C8H4	193150000	193150000	488380000
Q4VAG4	4106600000	4106600000	3885900000
Q9D096	1331900000	1331900000	814320000
Q61704	332260000	332260000	707220000
Q499F6	1880700000	1880700000	1077700000
Q9ERR1	946090000	946090000	884990000
Q3TTC9	2549700000	2549700000	3631100000
Q6PD03	1468200000	1468200000	1682300000
Q9JLI8	3665600000	3665600000	2362300000
Q8BWR2	1322700000	1322700000	776260000
Q3V4D2	3774400000	3774400000	2806600000
A2A5R6	2503600000	2503600000	1678500000
Q9WVA4	39518000000	39518000000	34353000000
Q8CEH2	2901500000	2901500000	2663700000
A2AHC3	390940000	390940000	398430000
Q8K4Z0	0	0	0
Q8CBK2	150410000	150410000	295640000
Q62500	378360000	378360000	491830000
Q8R0A5	866650000	866650000	1202200000
Q64444	0	0	0
F7ASU3	2022300000	2022300000	1765800000
Q9Z1Q2	642690000	642690000	576340000
P07309	0	0	0
Q8K354	2842000000	2842000000	3359800000
Q9CWE0	1217400000	1217400000	1155100000
Q8C996	0	0	277260000
Q52KR3	1438500000	1438500000	909730000
Q8BU92	189400000	189400000	190000000
Q3TWK2	2574200000	2574200000	1698300000
F6Z1Z9	878000000	878000000	1816600000
Q91Z61	0	0	63258000
Q07417	9026700000	9026700000	6469300000
Q5M9N5	3500300000	3500300000	2850900000
Q5SXE4	45767000	45767000	45650000
Q9JMB4	2307700000	2307700000	3040900000
Q6ZQM3	5746100000	5746100000	4992900000
O08992	13861000000	13861000000	5855300000
Q8BY44	11561000000	11561000000	8508200000
Q3UFY7	1459100000	1459100000	1620700000
Q8VDM6	2137200000	2137200000	2113000000
P62849	848440000	848440000	924310000
Q9Z2M7	1817500000	1817500000	2163900000
A0A140LJH5	3692700000	3692700000	3447000000
A0A1L1SRL0	1150600000	1150600000	829350000
Q80VL1	2984200000	2984200000	2964400000
Q8QZU9	3393400000	3393400000	3395400000
Q3TAW2	1493000000	1493000000	1667300000
A0A2R8VI72	1197800000	1197800000	992330000
Q8C7N0	0	0	0
Q9QYR9	1962800000	1962800000	1646600000
Q8BX69	398030000	398030000	317220000
Q8BV99	332130000	332130000	161990000
A0A0G2JFP1	1011400000	1011400000	1355100000
Q8VCM6	1139300000	1139300000	784010000
Q8C6L4	0	0	0
Q8R1B5	0	0	0
Q8BG02	0	0	0
Q8VE62	808210000	808210000	629900000
A0A1B0GSI8	1989500000	1989500000	2090100000
Q3TPB5	7381400000	7381400000	7051200000
Q80UU9	2149000000	2149000000	2181100000
Q9D3F3	726490000	726490000	1427100000
Q8R212	0	0	0
Q80TN4	255800000	255800000	198710000
Q80W47	2182000000	2182000000	2036500000
B1AUD3	328490000	328490000	187830000
Q3KNA5	0	0	0
Q8CC58	7863400	7863400	21825000
Q61140	399680000	399680000	344800000
P97411	12136000	12136000	15267000
Q99LJ3	11543000000	11543000000	11129000000
Q8BJP9	637400000	637400000	592640000
A0A1D5RMC7	3562900000	3562900000	4562100000
Q3U8P5	3112200000	3112200000	2471700000
P56371	801100000	801100000	510630000
Q3TNU2	567810000	567810000	1107400000
I7HPV7	187190000	187190000	309020000
Q3USK2	527580000	527580000	334590000
Q78V99	587990000	587990000	413710000
Q64520	1109100000	1109100000	1227100000
Q5EBK8	1559500000	1559500000	2068600000
Q99K23	565480000	565480000	496060000
Q8R3I5	1972700000	1972700000	2539200000
Q9Z0G0	2628700000	2628700000	2959100000
P47802	2008500000	2008500000	1894900000
Q99JT9	2227600000	2227600000	1957600000
Q9DCJ9	5015500000	5015500000	4382800000
Q9D2N9	993830000	993830000	1282600000
Q9DB15	627070000	627070000	673250000
A0A286YCV6	601190000	601190000	799750000
Q3URU9	3055600000	3055600000	3120400000
Q3TM55	115550000	115550000	92069000
P41241	1969700000	1969700000	1429100000
Q9CQD9	335510000	335510000	327720000
O55201	1850900000	1850900000	1613700000
F7BWC1	763650000	763650000	830240000
Q8BSJ0	1415000000	1415000000	612020000
E0CY30	1156100000	1156100000	654710000
Q9D7M1	551090000	551090000	508150000
Q9QXA5	547160000	547160000	437220000
Q8C069	38662000	38662000	0
D3YZL0	0	0	0
P83887	1461100000	1461100000	763900000
Q8VCI5	2234000000	2234000000	2665900000
Q7TQJ3	106220000	106220000	81589000
Q4FJU1	2489700000	2489700000	2548700000
A0A0G2JFK1	985620000	985620000	1322200000
Q8BLR2	24892000	24892000	0
Q91WM1	163180000	163180000	213210000
Q8QZT2	0	0	0
Q6PAV2	1324300000	1324300000	1380300000
Q62241	1119100000	1119100000	2351800000
S4R176	0	0	0
Q925S7	671660000	671660000	929370000
Q8BW86	0	0	0
Q3UJS2	3452300000	3452300000	2550300000
D3YY14	21156000	21156000	0
Q05CZ0	639450000	639450000	605070000
Q921W4	1646800000	1646800000	1749600000
Q9CVV2	1352900000	1352900000	688350000
Q91WG4	1397900000	1397900000	1387800000
Q8BTK1	968890000	968890000	1106200000
Q7TT21	1122500000	1122500000	896570000
Q9ESR1	936500000	936500000	544010000
S4R225	542090000	542090000	514680000
Q8R0U6	900900000	900900000	1023700000
Q9DAS9	586580000	586580000	469630000
Q8R0G9	2811300000	2811300000	2697000000
Q6PF93	540310000	540310000	517010000
A0A1W2P7X3	2653100000	2653100000	2787700000
Q9CWL8	766460000	766460000	1554100000
A0A286YDW3	146750000	146750000	0
Q3TRR0	232930000	232930000	369660000
Q6PAK3	0	0	38655000
Q9D1X0	287700000	287700000	233440000
Q9DCS3	2138000000	2138000000	3389500000
D3Z227	927500000	927500000	676780000
Q61249	2062200000	2062200000	1321000000
F6XLD9	1948900000	1948900000	1666600000
Q80YW9	4596900000	4596900000	3206900000
D6RH98	598610000	598610000	207960000
Q80W21	105710000	105710000	98327000
Q8R3S9	2729900000	2729900000	2492800000
F6VPB5	0	0	0
Q9R226	571530000	571530000	419320000
G8DZ75	773520000	773520000	849360000
Q3YEC8	2552800000	2552800000	1885200000
Q9CXJ4	1734100000	1734100000	1587300000
Q8BMP6	4140000000	4140000000	3344500000
Q4FK51	1196900000	1196900000	1444900000
Q80UT2	666210000	666210000	1424200000
A0A0G2JGY7	639150000	639150000	479400000
O35681	857820000	857820000	515050000
Q3TB93	3015200000	3015200000	2303200000
E9Q5W5	376380000	376380000	335060000
Q9D1I5	644320000	644320000	786810000
Q9WVR4	1128200000	1128200000	1092900000
G3UXE8	4956100000	4956100000	3149300000
Q91V36	2525600000	2525600000	1634900000
Q3TB69	713060000	713060000	149530000
Q3TUA8	2867100000	2867100000	3085700000
Q3TBS9	105880000	105880000	80658000
Q8CHX7	858760000	858760000	554290000
Q99N87	429960000	429960000	312490000
Q8CA02	1858700000	1858700000	1133300000
Q3UFK4	2240700000	2240700000	1690800000
F6XWD4	2571800000	2571800000	2514500000
Q0VBD0	389450000	389450000	311940000
E9QL08	298690000	298690000	412930000
Q9CTQ1	29629000	29629000	50543000
Q8R038	3726200000	3726200000	3493200000
Q9Z2E4	0	0	0
Q80U56	344560000	344560000	423960000
Q9CVD6	2351000000	2351000000	3111800000
Q9D0F3	17765000000	17765000000	12757000000
D6RHQ8	0	0	0
Q3US65	66914000	66914000	369710000
Q9CY18	1146200000	1146200000	1505200000
Q8R4N0	1907400000	1907400000	1976400000
Q8K4F5	825770000	825770000	1301800000
Q99J36	430220000	430220000	590390000
Q9CQJ6	2148800000	2148800000	1269100000
Q5SWN2	1377700000	1377700000	1006000000
A0A1L1SS70	2921900000	2921900000	2304400000
D6RFD9	232460000	232460000	208820000
A0A494BBF2	6618800000	6618800000	4620100000
Q8BS26	581300000	581300000	671440000
D6REV5	3883300000	3883300000	3172700000
Q811S7	1894700000	1894700000	1391000000
Q01730	4055800000	4055800000	3561600000
A0A286YDJ1	554460000	554460000	0
Q9D3A4	0	0	17239000
Q99K92	2634000000	2634000000	2835000000
S4R2F1	0	0	0
F7ATH5	276250000	276250000	89215000
Q9R0D8	4908900000	4908900000	3650100000
Q3V1C8	2213000000	2213000000	2450800000
Q8CIV8	2035300000	2035300000	2363400000
Q9DB74	2442900000	2442900000	2952900000
Q9D4C9	48402000	48402000	0
Q8R0Y8	0	0	36941000
Q9CQM5	1470200000	1470200000	1384600000
Q9CQ86	502620000	502620000	288230000
E9PWY6	1723900000	1723900000	1417700000
Q8CFD2	0	0	0
Q9CRY7	249230000	249230000	488750000
Q9ES89	483820000	483820000	917290000
Q14BB9	0	0	0
Q5NCU5	2288500000	2288500000	1355200000
Q9CU20	3916200000	3916200000	3972400000
Q8BP44	85217000	85217000	155820000
O89001	1586800000	1586800000	1374000000
Q3UHB8	197770000	197770000	60578000
F6XQD0	2589700000	2589700000	3019600000
A0A1D5RM86	3363900000	3363900000	2921100000
Q9DBU8	1381000000	1381000000	1047100000
Q9JJR8	317190000	317190000	403280000
Q9D375	624430000	624430000	633310000
Q3THG9	903820000	903820000	1081400000
Q9DAT4	1992400000	1992400000	1230200000
Q9D7S9	2484100000	2484100000	1798400000
Q8K2Q7	781240000	781240000	1185300000
O70591	1045700000	1045700000	1169300000
O54941	1610000000	1610000000	1798800000
Q8C3X9	8626300	8626300	0
P70677	1380800000	1380800000	1347400000
Q6PG83	2224600000	2224600000	1558200000
Q9D125	509970000	509970000	345640000
Q3UKC1	188140000	188140000	199090000
D3YYD9	8046300000	8046300000	7800500000
A0A2R8W742	11053000000	11053000000	7322800000
Q8C0C2	747040000	747040000	1285400000
B6YY24	1726500000	1726500000	1240400000
E9PVI5	754330000	754330000	681160000
Q9QUH0	784920000	784920000	884090000
Q9WVG6	964640000	964640000	915290000
Q60770	2034900000	2034900000	1587400000
Q7TPD3	210210000	210210000	184400000
Q922J6	0	0	0
Q9CW88	709590000	709590000	606060000
A0A2I3BQA6	24563000	24563000	14571000
V9GXL7	40689000	40689000	84196000
G3UZF4	206300000	206300000	180330000
Q8VEH8	419330000	419330000	484000000
Q9DD18	373930000	373930000	603530000
Q0GA42	0	0	0
Q8K2F8	2716300000	2716300000	2540300000
A0A0A6YVU1	1750400000	1750400000	1296400000
S4R2S4	0	0	0
Q05CE8	1036900000	1036900000	994710000
Q9CVC9	827120000	827120000	644930000
Q3TU73	9800600000	9800600000	7924700000
Q8R1G2	756360000	756360000	388380000
Q9DBS1	13811000000	13811000000	13779000000
P57784	1800400000	1800400000	1598700000
Q9QXG2	2406700000	2406700000	1683300000
Q3UKJ7	2017700000	2017700000	1733700000
Q8K0X8	704970000	704970000	545060000
Q3U3F6	1014300000	1014300000	1019900000
Q3UFY8	1606600000	1606600000	1182300000
Q02257	2119800000	2119800000	1508000000
Q80TI0	48342000	48342000	412120000
Q3UHL7	1604900000	1604900000	878700000
Q571A1	2233300000	2233300000	1354600000
A0A3Q4L2U5	1011800000	1011800000	1152400000
F6T4V9	1695400000	1695400000	1564400000
Q6PE15	617880000	617880000	649820000
A0JLR3	2168700000	2168700000	1390200000
Q9JL04	1096800000	1096800000	1401800000
Q9CWM4	84477000	84477000	156990000
A0A5H1ZRL1	88487000	88487000	0
Q8BK72	1063900000	1063900000	578460000
Q8BIQ9	363350000	363350000	506060000
Q3TUH1	921460000	921460000	474890000
Q7TPS5	277040000	277040000	237590000
Q8K5A7	52219000	52219000	26259000
Q5DTL0	5007800000	5007800000	2514200000
A0A0G2JFP2	574310000	574310000	692710000
Q3U3S0	730930000	730930000	986960000
Q8BXQ4	302270000	302270000	280660000
Q9QYI3	1737200000	1737200000	1731700000
Q3U4E9	1830200000	1830200000	1841200000
Q8CFB4	886520000	886520000	295990000
Q91W69	0	0	0
F8VQ95	1253500000	1253500000	1326600000
Q8CDT0	1374400000	1374400000	1727200000
Q8BJH1	461180000	461180000	574690000
Q99K09	1924300000	1924300000	2314400000
O08847	1906900000	1906900000	1066100000
P69566	1522000000	1522000000	1008100000
Q61474	2836900000	2836900000	3379800000
Q3TEF0	1763900000	1763900000	1387200000
Q8VBZ3	1156500000	1156500000	957500000
A0A0A0MQ76	4087300000	4087300000	4477200000
A0A0G2JGE0	452200000	452200000	531660000
Q8C0A4	2658100000	2658100000	2555900000
Q8CA35	135770000	135770000	220230000
Q3U9N6	519110000	519110000	368540000
Q9D6M5	752960000	752960000	1030700000
Q5F285	2737200000	2737200000	2777600000
Q91YQ8	1138100000	1138100000	858070000
Q9DC50	2134600000	2134600000	2395000000
Q9DCM2	679190000	679190000	590220000
Q9CQC6	1548300000	1548300000	1691100000
Q91W86	1607200000	1607200000	1216400000
Q2NL51	732140000	732140000	597760000
Q9DBZ5	1726000000	1726000000	1295700000
Q05DG3	4416000000	4416000000	3914200000
Q8CAQ8	958160000	958160000	708990000
F2Z490	7006100	7006100	33408000
Q8VCV3	2601500000	2601500000	1912700000
O88493	53990000	53990000	6519500
Q9D389	0	0	0
P62855	1447600000	1447600000	2327600000
Q8BLL4	1532500000	1532500000	1031000000
Q3TPE9	323570000	323570000	339280000
Q5SVW9	1365400000	1365400000	1434800000
E9Q1E4	767710000	767710000	591040000
Q7TSE6	603370000	603370000	969530000
A0A1D5RLR6	2478200000	2478200000	4819100000
F7B227	5710800000	5710800000	3926300000
Q8K1R3	1849000000	1849000000	1166500000
Q6PHQ8	479810000	479810000	521470000
Q9D6B6	0	0	0
O88597	358110000	358110000	264090000
Q3U8D6	649850000	649850000	543370000
F8VPP8	1837600000	1837600000	975400000
Q8BRY6	3296500000	3296500000	2628000000
Q8BUX6	1764300000	1764300000	1785700000
D3YY76	396430000	396430000	726120000
V9GX23	1028100000	1028100000	639170000
Q3TP34	1995500000	1995500000	1898900000
Q8BQP0	335310000	335310000	174500000
Q05CD7	46880000	46880000	187850000
Q5DTL1	2920400000	2920400000	2606100000
P62960	5348700000	5348700000	4152100000
Q6GTL7	311980000	311980000	182870000
Q91WK1	170270000	170270000	202910000
S4R248	2100900000	2100900000	1660800000
P62843	2908800000	2908800000	2739500000
Q8CFE4	887400000	887400000	435570000
Q80TT3	404640000	404640000	153380000
Q99JN2	370110000	370110000	513550000
Q80Y14	2305800000	2305800000	1936400000
Q8R086	3597700000	3597700000	3816200000
Q8CE50	298650000	298650000	144540000
Q9JKF7	832660000	832660000	1038500000
Q9CRD9	0	0	426550000
Q8K0C9	2415700000	2415700000	2260500000
Q3U2W8	916440000	916440000	1046000000
Q8K1A6	617700000	617700000	525320000
Q8BFY9	3395600000	3395600000	2811100000
Q921H9	1321000000	1321000000	2172200000
B9EJ80	956160000	956160000	956760000
P97355	544690000	544690000	710250000
Q09J74	508070000	508070000	756580000
Q9JIK9	811430000	811430000	734440000
Q3UZK0	98123000	98123000	71572000
G4W8R2	3814800000	3814800000	3420400000
A0A2I3BS26	0	0	0
Q9D0B6	1763500000	1763500000	2577100000
Q8BGU3	3356700000	3356700000	3416200000
O88704	0	0	0
Q4KML4	546520000	546520000	188840000
Q811W8	412660000	412660000	400030000
Q80UK0	146940000	146940000	132440000
Q9QZ23	1250400000	1250400000	995180000
Q61423	0	0	0
Q61335	3276100000	3276100000	3528000000
Q922H4	1311600000	1311600000	722810000
Q62086	4036700000	4036700000	2251700000
P70181	0	0	0
Q05CD5	12319000	12319000	0
Q3U4W4	3221100000	3221100000	3036500000
U3M993	1562000000	1562000000	1393000000
Q9CVZ1	522500000	522500000	662490000
Q3TYE9	55231000	55231000	1067500000
A0A1L1SSJ7	1530400000	1530400000	779970000
Q8BGU5	710990000	710990000	491710000
Q8K3Z2	800110000	800110000	560700000
Q545H7	348870000	348870000	372030000
Q61282	0	0	0
Q9CTG4	0	0	0
Q8BNY2	515060000	515060000	741970000
D3Z3R3	547760000	547760000	697490000
Q9CR51	6025000000	6025000000	2461000000
Q5JZY2	100690000	100690000	0
Q80UI9	1174500000	1174500000	931040000
B7ZN02	1353600000	1353600000	1324400000
Q6NVE9	80520000	80520000	113460000
Q9WTR1	127480000	127480000	207230000
Q8BT60	7486400000	7486400000	6010800000
O35953	0	0	0
Q6PB99	750070000	750070000	810500000
P15626	2810000000	2810000000	6534200000
Q8BTZ7	1495100000	1495100000	1084000000
Q3V415	726070000	726070000	413550000
Q3UXS0	740110000	740110000	802670000
P18894	0	0	0
Q3UII2	70188000	70188000	60410000
A0A0N4SW66	715540000	715540000	1112000000
Q3TWW8	852700000	852700000	1580100000
Q6NVG1	73979000	73979000	0
Q8BJK0	2132800000	2132800000	2154200000
Q8BVG4	573940000	573940000	863790000
Q9DBS9	7296100000	7296100000	7261700000
Q91VF2	90319000	90319000	1383500000
P61458	148860000	148860000	388210000
A0A1W2P835	958190000	958190000	821200000
B7ZMN9	0	0	36780000
Q3TP48	2775700000	2775700000	2990200000
Q8VEK0	595320000	595320000	317620000
Q80UM7	1168400000	1168400000	837720000
P15331	0	0	0
Q3UR70	702310000	702310000	367930000
Q9ER88	837770000	837770000	353360000
Q8R1S0	308430000	308430000	463800000
Q9CRJ4	3055600000	3055600000	3565500000
Q9D7B6	2421000000	2421000000	1566300000
Q6W8Q3	1673900000	1673900000	0
Q922P8	21361000	21361000	28032000
Q64676	56230000	56230000	151290000
Q91VT4	1667300000	1667300000	1598100000
E9Q7G1	2961600000	2961600000	4249600000
Q63959	0	0	0
Q3U5B1	2006900000	2006900000	1250500000
Q3T9X8	29854000	29854000	0
P28667	2158900000	2158900000	875870000
Q68FM6	0	0	0
Q8BPI2	3134300000	3134300000	5326400000
Q9D0K8	251050000	251050000	273760000
Q3UYQ1	677590000	677590000	786500000
Q8R5I5	327380000	327380000	248640000
Q05BD8	1182300000	1182300000	1147100000
A0A1Y7VJ05	9735300	9735300	29634000
Q3U281	615220000	615220000	481520000
Q9DCL1	1235000000	1235000000	914450000
Q78IK4	2985000000	2985000000	2510500000
Q8VDN4	54571000	54571000	48423000
Q3TZM9	328800000	328800000	404550000
Q69Z99	2408400000	2408400000	2062200000
Q14AY4	0	0	42435000
Q9DAI6	0	0	0
Q8C047	951280000	951280000	790550000
Q8C0J2	350740000	350740000	552880000
Q8VI63	790180000	790180000	1386900000
P0C192	606730000	606730000	486100000
Z4YM95	1963700000	1963700000	1665600000
E9Q3M6	458280000	458280000	283670000
A0A1D5RM39	3122200000	3122200000	3217500000
Q99MR1	522640000	522640000	510750000
Q6P1H9	0	0	0
Q9CRS5	1875100000	1875100000	1544400000
A0A0U1RP18	1959700000	1959700000	1791300000
Q9CV75	1332200000	1332200000	1347500000
Q6NV83	1434300000	1434300000	1895900000
Q0VDL6	0	0	0
Q0VEJ0	0	0	0
Q3UYV9	1953600000	1953600000	1818600000
Q3URD3	839830000	839830000	566570000
Q99KD6	695090000	695090000	1685200000
Q80V42	0	0	0
Q8BWT5	408210000	408210000	440710000
Q7TPM1	349040000	349040000	569550000
Q9CU17	3000500000	3000500000	2604200000
Q8CCJ3	2965800000	2965800000	4309400000
Q9JM13	768490000	768490000	1165400000
Q9DBR3	662840000	662840000	749250000
P16675	1370200000	1370200000	1441500000
Q9D6E0	143730000	143730000	231130000
Q9WVQ5	1898400000	1898400000	1912900000
Q8CCN5	941090000	941090000	1188900000
Q3TYD6	214020000	214020000	189480000
Q5QNQ6	0	0	0
D3YTN1	3237100000	3237100000	3620700000
Q9WTS4	39006000	39006000	0
Q99JB8	1761600000	1761600000	1849200000
Q9QYI5	715660000	715660000	707450000
Q91YJ3	2071600000	2071600000	3531700000
Q9Z2V5	985870000	985870000	1044200000
Q61373	320020000	320020000	522570000
Q2KHS8	1446100000	1446100000	1925200000
Q5SUF2	607240000	607240000	722900000
A0A1L1SQY6	464580000	464580000	248080000
Q8BGV7	0	0	0
Q8VCE6	0	0	63837000
P58774	6467000000	6467000000	2002300000
Q8VE70	518540000	518540000	265070000
Q8K448	38370000	38370000	55537000
S4R1B3	3145500000	3145500000	3670800000
Q8BGE6	791950000	791950000	850650000
P19639	3608400000	3608400000	0
A0A0A6YWL7	0	0	0
Q6NVF9	1017900000	1017900000	1118600000
Q9CQQ9	961250000	961250000	719680000
Q9QZS3	540830000	540830000	686190000
A0A087WS21	334240000	334240000	551200000
Q8C5Q4	859920000	859920000	847500000
E9Q9M5	1190500000	1190500000	1148500000
Q8C323	1048100000	1048100000	701700000
Q9JHR9	343260000	343260000	475900000
B5TVM2	152600000	152600000	59452000
Q8BFQ4	687140000	687140000	713480000
D3Z3T5	1307700000	1307700000	1158600000
Q8CI95	918640000	918640000	857930000
Q8BGR9	665980000	665980000	969060000
S4R1S1	1662500000	1662500000	658350000
Q3V3W9	932850000	932850000	1267800000
A0A0A6YWZ1	419110000	419110000	562250000
P63080	0	0	0
Q8BKC4	2083100000	2083100000	1359200000
D3Z268	568700000	568700000	530390000
Q9Z277	1680400000	1680400000	2708900000
Q9DCY6	1093300000	1093300000	1610900000
Q8R3F5	950930000	950930000	980750000
Q8R4E6	56840000	56840000	29269000
D3Z0Y0	1141800000	1141800000	961700000
Q5DTM8	1407900000	1407900000	1320000000
A0AAQ4VMS8	1206300000	1206300000	1288700000
A0A286YE56	47064000	47064000	0
Q3U029	1163100000	1163100000	1138200000
A0A1Y7VNW0	1289600000	1289600000	1003100000
Q91YN5	629660000	629660000	406790000
Q8R3R8	826360000	826360000	842700000
P61079	417860000	417860000	626340000
Q6PD32	1347100000	1347100000	663640000
Q8CFJ6	6061100000	6061100000	2659400000
Q8BIV3	7481300	7481300	6325100
Q8BL09	0	0	0
Q9CVL5	1184900000	1184900000	696390000
A0A1W2P7M1	345600000	345600000	215310000
O08797	2694400000	2694400000	3055400000
Q9DAU1	4592800000	4592800000	2129900000
A4FU75	57899000	57899000	0
O54916	1106700000	1106700000	682560000
Q3U2F9	17542000	17542000	34733000
Q9QXT0	1579800000	1579800000	1614600000
Q3THM8	1870000000	1870000000	880630000
E9PZ19	0	0	0
Q8C5C6	1177300000	1177300000	1464700000
Q8CI78	284230000	284230000	326110000
A0A7L7T991	95217000	95217000	0
Q6PEV3	1196100000	1196100000	941420000
D3Z3I3	461100000	461100000	361970000
Q61112	3465200000	3465200000	2282100000
Q71M36	306830000	306830000	260120000
P35288	2172600000	2172600000	1818200000
Q8BXC6	781340000	781340000	1112800000
Q8CHS9	1990900000	1990900000	1237100000
Q9D7H9	2467200000	2467200000	1553500000
O70481	1188500000	1188500000	1401700000
Q3U9G3	1768700000	1768700000	2160700000
P51655	14774000000	14774000000	11469000000
Q7TNM2	36440000	36440000	39396000
Q9CS42	1730200000	1730200000	1773400000
Q9WVT6	0	0	0
Q3TQ55	431170000	431170000	486970000
Q60803	483830000	483830000	340460000
Q8BRH7	490950000	490950000	829690000
Q9D8B7	940360000	940360000	1372900000
P52483	374310000	374310000	426330000
A0PJI0	3618700000	3618700000	5461800000
Q91Z69	116480000	116480000	369560000
Q8BSI7	1908100000	1908100000	1867700000
Q8CGY6	0	0	0
Q9CTH8	1809000000	1809000000	1401900000
Q8VDI7	767590000	767590000	403650000
Q9QZH3	557050000	557050000	665970000
Q9CQU0	2507900000	2507900000	1887200000
M0QWM4	1862000000	1862000000	1595900000
Q9DBR1	1560300000	1560300000	1721700000
Q8BHB9	0	0	0
Q9CQ80	554250000	554250000	527960000
Q5U448	617200000	617200000	2658800000
Q8C008	245640000	245640000	371440000
E9Q3T4	1767900000	1767900000	1683800000
A0A1B0GSL0	3090600000	3090600000	2522500000
Q5DTH0	0	0	0
Q3TTY1	2781600000	2781600000	1442000000
Q80U78	2390400000	2390400000	1227000000
Q8BY54	720080000	720080000	709030000
Q8K0C4	2238000000	2238000000	1049800000
Q8CIG5	787970000	787970000	467650000
Q9CQ48	3460700000	3460700000	2444600000
P29416	3599500000	3599500000	2860500000
Q8C541	185310000	185310000	70155000
Q68FE2	77326000	77326000	19622000
Q91XD6	1086100000	1086100000	806940000
Q3TR41	546310000	546310000	552560000
A2A934	704700000	704700000	342300000
Q9Z2Q5	727170000	727170000	837210000
Q8R307	1185300000	1185300000	1035800000
Q8BUH3	2161300000	2161300000	1508200000
D3Z6E2	180930000	180930000	84071000
Q91YR7	2223300000	2223300000	2408900000
P21107	3408700000	3408700000	1157800000
A0A1L1SST9	1152100000	1152100000	341290000
Q8C3X2	598160000	598160000	916960000
Q3UFS0	301410000	301410000	232090000
Q9DCG9	684380000	684380000	576960000
B1AXN9	1796500000	1796500000	1830400000
Q8VHE0	2038100000	2038100000	1523900000
Q8BVB3	762230000	762230000	569270000
Q80WG6	137700000	137700000	123740000
Q99J83	184990000	184990000	310670000
Q9R0U0	927240000	927240000	542310000
B8JJ72	231450000	231450000	144290000
Q9DAN5	1059800000	1059800000	1394400000
Q6ZQF2	544120000	544120000	161930000
A0A0G2JFL1	2946100000	2946100000	2403500000
Q0KL01	240300000	240300000	287650000
Q9D706	2653700000	2653700000	2036900000
Q9CXW2	552770000	552770000	528650000
Q9R190	1375200000	1375200000	992600000
Q8C2W4	839890000	839890000	622600000
Q3UUC8	453680000	453680000	387940000
F7BCB7	1088800000	1088800000	4839800000
Q8C7F9	3199500000	3199500000	2500100000
P15388	0	0	0
Q80TL1	0	0	0
Q9EPL9	1546400000	1546400000	709500000
B1ASR7	196900000	196900000	12630000
Q9CWW6	595320000	595320000	746310000
Q3UDP0	174780000	174780000	317280000
Q9D6N5	259900000	259900000	429520000
Q8BGN8	13985000	13985000	27648000
Q3TR91	95860000	95860000	210970000
Q9CQ02	1571500000	1571500000	1803800000
Q9D323	1901300000	1901300000	1598200000
Q3TQ81	0	0	0
Q8CGU1	113570000	113570000	201330000
Q9JIX0	81981000	81981000	153120000
Q91VA6	1921500000	1921500000	1550400000
Q3UPH1	701150000	701150000	457900000
F6T9T6	0	0	0
O35943	0	0	231830000
Q9CTU8	1293600000	1293600000	1284900000
P38585	365340000	365340000	104680000
Q3UBX7	35189000	35189000	0
Q9QZB9	328630000	328630000	406490000
Q8BTV2	246160000	246160000	182440000
Q3TRV5	1977900000	1977900000	1247400000
Q8C4Q6	548340000	548340000	651700000
P0C7L0	0	0	0
A0A0N4SWE8	251740000	251740000	161710000
Q3V424	902990000	902990000	824660000
Q8C0L9	153790000	153790000	225600000
P83917	2225700000	2225700000	424920000
F6VQZ6	194060000	194060000	97154000
A2AHX6	1008100000	1008100000	529560000
Q9CWP6	1137400000	1137400000	945200000
A0A140LIM8	403430000	403430000	336030000
Q99JX7	341480000	341480000	471440000
Q9CXR1	2041600000	2041600000	1690100000
O55017	0	0	0
A0A0G2JE59	83964000	83964000	175730000
Q5J4D5	219620000	219620000	132610000
Q6P1J1	0	0	0
Q3U0M1	837630000	837630000	573460000
Q3V377	844390000	844390000	729320000
Q0VDP7	0	0	0
Q9DAW6	1505700000	1505700000	1228900000
Q99JH7	0	0	0
A0A286YDR1	1207400000	1207400000	1140900000
A0A494BBD1	2247900000	2247900000	2380900000
Q8CE71	1678900000	1678900000	1972000000
Q8C094	781880000	781880000	225890000
Q9D1H7	794720000	794720000	909840000
Q3UKV0	2133600000	2133600000	2013000000
P0DW27	1509200000	1509200000	1073300000
P70188	488950000	488950000	328620000
Q64373	2273200000	2273200000	2274300000
Q3TAA5	911980000	911980000	796400000
Q9D964	4222500000	4222500000	3789500000
Q9DAI2	1860100000	1860100000	1179600000
A0A1Y7VNA1	995200000	995200000	830420000
Q8BQ62	17429000000	17429000000	17142000000
Q8CCW7	1452000000	1452000000	1413000000
Q3UWL8	3538400000	3538400000	4247000000
Q8BQ11	65301000	65301000	86954000
A0A1L1STG9	777360000	777360000	1004400000
Q921Q7	1588900000	1588900000	1279700000
Q9D0G5	183110000	183110000	121700000
Q3TP10	1401500000	1401500000	1038800000
Q8R0N6	2973800000	2973800000	3669000000
Q9R0X6	0	0	0
Q3THR4	1296800000	1296800000	798350000
Q3UWN4	257260000	257260000	201760000
O88951	0	0	0
Q64442	1543900000	1543900000	1176800000
Q543S2	0	0	687490000
Q8C124	45541000	45541000	233170000
Q8BI08	54861000	54861000	46642000
Q8VBT9	1085800000	1085800000	1249400000
Q9CR67	360300000	360300000	288070000
Q99MR0	13770000	13770000	0
Q9QZH6	348910000	348910000	383110000
O55100	0	0	10833000
Q3TQK2	0	0	0
A2A5M9	1933500000	1933500000	1497000000
A0A0R4J0T5	740670000	740670000	831260000
Q8BIF0	1376900000	1376900000	1300500000
A0A0G2JEZ9	745090000	745090000	207190000
Q9D6K8	678680000	678680000	807290000
Q8BGG7	62674000	62674000	60452000
Q3TQ07	4132200000	4132200000	3474100000
Q91ZR1	918440000	918440000	841990000
Q05CB9	1035500000	1035500000	677090000
Q8K011	297560000	297560000	105490000
Q61334	523960000	523960000	906980000
S4R2R1	1638900000	1638900000	1403900000
Q3TUD0	0	0	12222000
P54731	949840000	949840000	809830000
Q3V038	147880000	147880000	299410000
Q9CZU7	3533400000	3533400000	2307000000
Q8BZJ0	0	0	0
Q68EF6	0	0	0
P06797	5970300000	5970300000	4024400000
Q9DCV4	1779900000	1779900000	1756400000
Q8VI75	1374600000	1374600000	1172900000
Q9EQ06	1385200000	1385200000	548430000
Q91WU5	818630000	818630000	504080000
Q922B1	7827200000	7827200000	4910700000
Q9WTI7	8131600000	8131600000	7451700000
Q9CQ71	342700000	342700000	1453600000
Q8C4U8	37526000	37526000	0
Q3UE37	314670000	314670000	289640000
Q8R025	368480000	368480000	429090000
Q80ZW2	87663000	87663000	0
Q8C005	583840000	583840000	941230000
S4R2Q3	731340000	731340000	444310000
Q8BT47	673330000	673330000	520330000
A0A1D5RLD2	485560000	485560000	604150000
A0A1L1SRU5	96740000	96740000	86985000
Q8CGC4	173330000	173330000	398730000
Q922V9	3365600000	3365600000	2413600000
Q3UMY5	907560000	907560000	688520000
Q3TWN3	0	0	0
Q9DA27	0	0	0
Q543X5	660190000	660190000	376510000
Q9CR09	473070000	473070000	844160000
Q810U5	555710000	555710000	947170000
Q8BIM2	423050000	423050000	154630000
A0A0U1RPZ3	197610000	197610000	279430000
Q60673	0	0	0
Q8C339	266580000	266580000	149060000
A2AH30	880750000	880750000	721020000
Q9CQ45	7637100000	7637100000	7978100000
Q5PR09	1533000000	1533000000	2476900000
Q9CW64	2108000000	2108000000	2251900000
Q9ERI6	671360000	671360000	489930000
A0A0U1RNV7	2709200000	2709200000	2173700000
Q8CD55	2143500000	2143500000	1015900000
Q8BR31	314050000	314050000	138850000
Q8C1Y8	1125200000	1125200000	1027300000
Q61749	723570000	723570000	492130000
A2A8Z1	549240000	549240000	632350000
Q921S7	1581700000	1581700000	2286100000
Q91YS3	650450000	650450000	554310000
Q8BR49	143340000	143340000	100240000
Q9D334	350930000	350930000	84336000
Q80XA6	0	0	0
Q9Z0T2	245930000	245930000	380140000
Q9Z2Z6	1696700000	1696700000	1641300000
Q3V3U7	315090000	315090000	403040000
A0A0J9YV11	262170000	262170000	323980000
Q9CYN2	1479500000	1479500000	1340200000
Q61157	0	0	0
Q91YN3	291300000	291300000	345410000
Q3TQ57	430780000	430780000	686220000
Q9CZX0	1037300000	1037300000	747700000
Q5U430	239610000	239610000	186690000
Q9CRN9	570470000	570470000	622340000
P97492	7085500	7085500	0
Q9D7Q6	4224100000	4224100000	4009400000
Q3USJ7	673510000	673510000	398980000
Q8R245	2981900000	2981900000	3009400000
Q9CX00	775920000	775920000	738300000
Q6A009	869730000	869730000	852590000
Q8C3E3	373360000	373360000	372330000
Q9CRU8	627130000	627130000	506370000
Q3ULP9	4974800000	4974800000	3335600000
Q8BX91	2998400000	2998400000	1379700000
F7CBX2	1624000000	1624000000	1235100000
A1L367	1199900000	1199900000	412630000
Q3UVD8	1847900000	1847900000	961720000
Q8BTZ4	673150000	673150000	348400000
Q9CQY6	185160000	185160000	441690000
Q8CCP0	1039300000	1039300000	960900000
Q9EPR5	356910000	356910000	349420000
Q8CCF0	944050000	944050000	1591400000
A2A699	16024000	16024000	9599200
Q8BH48	155030000	155030000	0
Q6PD28	277030000	277030000	313700000
P10107	22653000000	22653000000	25773000000
Q3V2N4	778530000	778530000	362680000
Q80U35	797130000	797130000	628070000
Q9R0N0	5030900000	5030900000	3563500000
I6L974	1096700000	1096700000	1245200000
Q6ISX3	783470000	783470000	430940000
Q9JI75	1861600000	1861600000	2508300000
Q8BQ67	60337000	60337000	201750000
A6H5Y3	1911900000	1911900000	3536900000
Q6ZPZ4	140510000	140510000	144380000
Q68FH8	333820000	333820000	333930000
P07759	0	0	0
Q8BNQ1	1950300000	1950300000	1539200000
Q8CCG5	609870000	609870000	1081300000
Q9D0L7	2274200000	2274200000	2013900000
Q8CBC9	0	0	0
Q9D0A3	888590000	888590000	1107300000
Q91W67	665180000	665180000	476670000
Q91W39	512540000	512540000	607240000
Q9CT25	3464800000	3464800000	3759500000
A0A1B0GRL3	557160000	557160000	465360000
Q8BRE4	1511500000	1511500000	1285700000
P61750	1143500000	1143500000	1478000000
Q9CW99	243570000	243570000	243530000
Q9JKL5	0	0	0
Q6P220	0	0	1041000000
Q8BP27	683020000	683020000	1233800000
B7ZMP1	674650000	674650000	831510000
Q8C993	449180000	449180000	437040000
Q9CRD2	594810000	594810000	1259800000
Q8C5P7	326270000	326270000	270730000
Q9D071	1043300000	1043300000	591620000
Q68ED7	192860000	192860000	143100000
Q6PHZ8	0	0	0
A0A1B0GT35	4337500000	4337500000	3404600000
A0A0A6YW31	126940000	126940000	299000000
Q8BJW6	2032900000	2032900000	1876800000
Q9D074	348150000	348150000	650980000
Q3TDL0	401870000	401870000	173080000
Q8C7C2	2199100000	2199100000	1392300000
Q99PG2	1406900000	1406900000	1280000000
Q8BG44	9580100	9580100	0
Q3TVA4	0	0	0
Q6PDN3	182890000	182890000	57101000
Q8CA38	1431700000	1431700000	999820000
Q8BH74	1692800000	1692800000	2554600000
Q62308	0	0	0
B1AVZ0	663980000	663980000	800960000
Q9CRB2	1237600000	1237600000	395560000
Q3TKB4	1024600000	1024600000	517000000
A0A0G2JDN1	1432700000	1432700000	1447100000
Q9D5G2	356360000	356360000	1090800000
Q3V3V4	153530000	153530000	115670000
Q9CY73	2340900000	2340900000	3039600000
F7CB91	60330000	60330000	141070000
Q7TQD7	699670000	699670000	600050000
Q5DTG7	18030000	18030000	130510000
Q91WA3	85159000	85159000	0
Q99KI3	720150000	720150000	578530000
Q9D7P6	535870000	535870000	605550000
Q9D387	0	0	0
Q5F239	448320000	448320000	347220000
Q923D4	281420000	281420000	431340000
Q91YQ3	0	0	37219000
Q8K2I1	609690000	609690000	485050000
Q923D5	768100000	768100000	584550000
Q6PDY2	133960000	133960000	151160000
P35285	689650000	689650000	442980000
Q9CTB3	422250000	422250000	271450000
I6L9D3	1289000000	1289000000	708220000
Q61627	0	0	85312000
A0A1C7ZMY5	464160000	464160000	363460000
Q8BL36	1159200000	1159200000	900260000
Q9CRQ7	329480000	329480000	537960000
P54763	2102400000	2102400000	1571600000
Q8BIP0	1223200000	1223200000	1172700000
Q8CD09	4311800000	4311800000	3840300000
Q80V91	944080000	944080000	975410000
Q3TY75	0	0	0
Q8CBC7	1412600000	1412600000	913890000
Q9DBB8	591610000	591610000	489940000
Q3UZU4	9338500	9338500	721620000
Q9DBE0	2010500000	2010500000	2123900000
Q80U30	1095200000	1095200000	924140000
Q9DAB4	0	0	0
Q8BKT3	162260000	162260000	201020000
P47867	795130000	795130000	531720000
Q924S8	212130000	212130000	178750000
Q8C8Y6	0	0	0
D3Z369	1090100000	1090100000	1230300000
Q61733	550230000	550230000	490090000
Q9WTS6	440940000	440940000	616920000
D6RI93	306820000	306820000	443270000
Q9D677	354330000	354330000	157360000
S4R1X1	417990000	417990000	391740000
Q5EAT0	1186800000	1186800000	2244100000
F6X4L9	664510000	664510000	746860000
P26339	39494000	39494000	0
Q8K3A8	1018100000	1018100000	1230400000
F6QAU7	560620000	560620000	489920000
Q9R0M4	2546100000	2546100000	1241800000
Q99LN3	3626500000	3626500000	3280800000
D3Z0R1	442080000	442080000	532430000
A0A0G2JGJ4	103320000	103320000	63598000
Q3TD93	400080000	400080000	566600000
P50096	190150000	190150000	11134000
B1AZ39	3110400000	3110400000	846900000
A8Y5P9	1017500000	1017500000	1160300000
Q99KX1	85581000	85581000	23839000
V9GX71	412380000	412380000	400880000
Q3TWR3	687260000	687260000	506790000
P47964	947530000	947530000	1129500000
Q3TYL4	20637000	20637000	142630000
Q62179	0	0	0
Q3TXR6	953630000	953630000	553790000
Q8BW41	71788000	71788000	37613000
Q80TW3	96698000	96698000	85115000
Q8K3A0	1785900000	1785900000	2398700000
A0A1W2P7X3	0	0	1462300000
Q4VBD2	584800000	584800000	700220000
Q8BIJ1	0	0	0
Q6PAQ0	51908000	51908000	41656000
Q543T5	0	0	0
Q3TWU8	220670000	220670000	259500000
Q8CFB9	453900000	453900000	500200000
Q3UET5	1063600000	1063600000	900130000
Q571D5	0	0	0
Q3TN67	878030000	878030000	587980000
Q9D2E7	0	0	0
Q9D1L9	3600400000	3600400000	4252700000
Q9JJT9	588610000	588610000	1105500000
Q0QWG9	0	0	0
Q8K2Y9	431340000	431340000	384670000
A3KMP2	289410000	289410000	324120000
A0A1W2P8D6	2457500000	2457500000	1196600000
A0A1D5RLM9	1990800000	1990800000	862570000
P70303	1357600000	1357600000	1410200000
Q8R2Z5	88592000	88592000	0
Q9JK23	964640000	964640000	1174600000
Q62178	0	0	0
A0A1D5RLZ6	1424300000	1424300000	1491300000
E9PWN0	334940000	334940000	222790000
Q6A028	6849500000	6849500000	5911300000
Q64310	502960000	502960000	531210000
Q5FWH7	60688000	60688000	103870000
Q9D2R6	36907000	36907000	0
B2RWY0	15166000	15166000	3891800
Q7TSC5	299490000	299490000	339010000
Q9CRT8	963630000	963630000	1869700000
G5E8P9	426180000	426180000	307700000
Q9ET22	1524400000	1524400000	1151000000
Q99MR3	2562400000	2562400000	950700000
P97300	0	0	0
F6RCM5	5641900000	5641900000	4342400000
A2AUR5	8706300000	8706300000	5420700000
P97447	22612000000	22612000000	23472000000
Q9CR86	2761400000	2761400000	1913600000
S4R2K5	94542000	94542000	57333000
Q8K1R7	3707200000	3707200000	4207100000
Q505D1	1101000000	1101000000	1261800000
Q8JZY2	702300000	702300000	590050000
Q9CR60	136290000	136290000	47691000
Q8R502	2929200000	2929200000	3632500000
Q9JMJ6	1171100000	1171100000	819330000
Q9WV85	884210000	884210000	632830000
Q543Q7	66211000	66211000	96340000
A0A494B993	99464000	99464000	580360000
Q8C0Q9	101460000	101460000	237490000
Q3U105	58492000	58492000	72782000
O88271	1009600000	1009600000	994850000
H3BK80	423780000	423780000	364650000
Q9DB32	660630000	660630000	540760000
Q64696	5451600000	5451600000	2890400000
Q9D1Y2	108400000	108400000	0
Q8C570	1437800000	1437800000	1635800000
Q9D289	91061000	91061000	325010000
D3Z210	279030000	279030000	332290000
Q3U1F9	960380000	960380000	989380000
Q9ER73	635810000	635810000	578290000
Q9DCB4	0	0	0
Q63829	1021100000	1021100000	976520000
Q8BXR1	0	0	0
D6RHN1	791240000	791240000	1117700000
Q91V57	184220000	184220000	240850000
Q99KH0	1008400000	1008400000	1168400000
Q9EP72	914130000	914130000	1007200000
A0A1D5RLX3	402060000	402060000	241160000
Q9CZK3	470640000	470640000	357240000
Q9D824	784100000	784100000	951340000
Q9CQ79	740100000	740100000	516820000
Q8BYF5	313740000	313740000	271040000
Q9D0J4	1854800000	1854800000	1916500000
Q3TRB6	361820000	361820000	382190000
Q9R171	0	0	0
Q9D2M8	355120000	355120000	580830000
P57722	936310000	936310000	918690000
Q3UQE4	110930000	110930000	103230000
Q7TSG2	393740000	393740000	551420000
P52194	0	0	0
D3YUH9	71481000	71481000	152080000
Q9CTZ9	875290000	875290000	1663900000
A0A0U1RQ35	956430000	956430000	713350000
Q9D9S3	0	0	0
Q6NZM3	0	0	0
P63154	1675700000	1675700000	1399800000
Q8C0W8	456340000	456340000	280230000
Q3TIU4	2172100000	2172100000	2153300000
Q0VBL3	726150000	726150000	711710000
Q9DC94	5884200000	5884200000	5194600000
Q2M4G8	543720000	543720000	431040000
Q91WN1	2297800000	2297800000	2664700000
Q8BLU8	0	0	14994000
Q3UY82	908610000	908610000	490820000
Q99L27	531690000	531690000	532980000
O88712	0	0	0
Q99P31	1121200000	1121200000	589480000
Q8BYW1	307700000	307700000	424570000
Q9R0A0	1357300000	1357300000	1410400000
Q3TUP8	522150000	522150000	467340000
Q8R3Z5	7948900	7948900	0
Q63810	0	0	0
B1AS29	29578000	29578000	0
Q9CSU0	984340000	984340000	1273600000
Q3U8S0	447110000	447110000	475880000
A0JLT5	4655000000	4655000000	3911500000
Q99JF8	0	0	0
Q91YP0	687150000	687150000	720270000
Q91XF1	3560600000	3560600000	3241000000
G3UYV9	1439400000	1439400000	1647400000
P46737	751070000	751070000	499180000
Q80TJ1	0	0	0
Q64152	2928400000	2928400000	2138000000
Q9Z0V2	77804000	77804000	58042000
Q9JMF0	654890000	654890000	402890000
Q9CTQ0	0	0	0
Q14DP4	0	0	0
Q3U366	51625000	51625000	0
Q8BFS6	1702800000	1702800000	2210400000
Q9CXF4	2188200000	2188200000	2009200000
Q9D8T7	478790000	478790000	566210000
A0A0G2JGH5	145970000	145970000	462370000
Q9EPK2	875250000	875250000	1330300000
Q8BRN9	537970000	537970000	364950000
Q8CFI7	2367100000	2367100000	2849600000
Q3TDP3	244970000	244970000	161000000
O08576	0	0	22374000
D6RGN7	711440000	711440000	663370000
A0A087WQ93	111030000	111030000	35873000
Q4FJL8	0	0	0
Q3V0N8	257500000	257500000	229070000
G3UYH5	571540000	571540000	719910000
Q99MD9	1108800000	1108800000	870490000
Q3TPB2	2448100000	2448100000	2298600000
Q566K0	4642100000	4642100000	6317300000
Q3V3Y3	415910000	415910000	380550000
Q5SWP1	453620000	453620000	142020000
Q9D8X2	1435200000	1435200000	832190000
A0A0G2JGY8	3029700000	3029700000	2275300000
Q9CQ49	893670000	893670000	834920000
Q8VBT0	2315500000	2315500000	1370000000
Q61730	336930000	336930000	224750000
Q8CFV4	0	0	0
Q571M5	719390000	719390000	569930000
Q9D0B5	0	0	18906000
B2RQZ6	0	0	25953000
Q9CSQ5	718990000	718990000	760040000
A0A286YE75	695200000	695200000	948380000
Q9EPR4	0	0	0
D3YUE4	895280000	895280000	829280000
Q9CWX2	695570000	695570000	860750000
P0C7M9	0	0	0
Q922U1	1349900000	1349900000	1281800000
Q9D1J3	1662600000	1662600000	2011300000
Q3UZM3	323360000	323360000	428160000
Q78V97	0	0	0
Q80UI9	0	0	0
Q3V313	481280000	481280000	686660000
Q8VE09	203730000	203730000	101430000
Q99K78	146860000	146860000	262210000
Q8CC34	1180700000	1180700000	750310000
P0C605	160080000	160080000	87824000
Q9CWU9	952880000	952880000	742620000
Q3UX91	527750000	527750000	108520000
Q05BF2	129180000	129180000	191420000
Q9CT87	1723400000	1723400000	1731600000
Q99LB7	2240100000	2240100000	1357200000
Q9Z2L6	69910000	69910000	64905000
A0A286YDS5	2001200000	2001200000	1934500000
Q8R1S4	1394500000	1394500000	976340000
Q8CGV2	0	0	0
Q9JJJ7	0	0	0
Q80W04	51513000	51513000	58547000
Q8R1F6	342100000	342100000	281280000
Q8BQF5	223860000	223860000	224770000
Q8BTZ5	543560000	543560000	273390000
A0A140LHN8	0	0	95447000
Q69ZB1	0	0	0
D6RJI8	1855000000	1855000000	1204100000
Q8R059	274560000	274560000	201230000
F7A8L1	589060000	589060000	621700000
Q91YY0	270360000	270360000	171810000
A8Y5G5	341600000	341600000	263190000
Q91XW9	0	0	62539000
Q8BZE0	84995000	84995000	49758000
Q9CR98	232420000	232420000	258980000
Q3TY84	90940000	90940000	24207000
Q505D7	144670000	144670000	202310000
P61804	85330000	85330000	423270000
Q91VX2	705950000	705950000	657270000
Q5SVR0	2726100000	2726100000	1966200000
Q9CPW7	388660000	388660000	686150000
Q3TYI1	264040000	264040000	153080000
Q3U2K8	226450000	226450000	353590000
Q8BUC0	498980000	498980000	589100000
Q9ET01	630350000	630350000	758830000
P20352	333230000	333230000	210750000
Q80UI8	546790000	546790000	450520000
Q8BMX5	4548800000	4548800000	4366600000
A0A0N4SW09	904960000	904960000	1130000000
Q3TDI9	0	0	0
Q9D6G9	0	0	0
A0A1B0GST1	1425300000	1425300000	1442300000
Q9CPT3	370620000	370620000	460430000
Q3TRC7	0	0	0
Q9D287	1277900000	1277900000	527670000
Q3ULJ6	19634000	19634000	23112000
H3BKH1	153700000	153700000	150280000
Q9JJY3	0	0	0
Q8BVW0	1406400000	1406400000	2135500000
B1AQG3	837220000	837220000	415690000
Q80ZK0	382110000	382110000	307230000
Q499X9	367020000	367020000	273480000
Q3UF30	1319000000	1319000000	2630000000
A2AC90	0	0	33058000
Q8BQP9	0	0	0
Q3V2V1	150390000	150390000	92391000
Q3TUB1	0	0	0
A0A0A0MQH9	1027200000	1027200000	1003500000
Q9CQ26	250990000	250990000	347030000
Q8C6K6	836060000	836060000	957370000
Q8BSQ9	965310000	965310000	1116000000
P70452	1060100000	1060100000	1872900000
Q3UR07	76415000	76415000	34473000
A2AHG0	0	0	0
D3Z4S3	0	0	0
Q8CAE6	0	0	48271000
Q8K0V4	790990000	790990000	1239400000
Q8VHN8	387320000	387320000	301110000
F7AST3	81284000	81284000	110500000
O35063	1506800000	1506800000	1431700000
Q0PD49	1230100000	1230100000	1196000000
Q9CTT7	439640000	439640000	380490000
Q8C421	0	0	122270000
A0A0N4SW71	276970000	276970000	237410000
Q91WC9	138440000	138440000	61224000
Q8CGK7	0	0	0
Q8VCC9	1236200000	1236200000	917990000
A0A2I3BRY4	154230000	154230000	238780000
Q9D0L4	690720000	690720000	992830000
Q9CQV5	170010000	170010000	134930000
P97950	66979000	66979000	0
Q9JLV2	539470000	539470000	342900000
Q91WV0	694470000	694470000	929920000
Q5F226	3344200	3344200	4206100
P97429	10982000000	10982000000	9465500000
Q8R111	0	0	0
Q99LM2	588770000	588770000	1155800000
Q3TT51	0	0	0
B2RPU2	0	0	0
O70400	16874000000	16874000000	12160000000
Q9R0L6	1196300000	1196300000	1077500000
A0EXG3	400140000	400140000	676090000
A0A2R8VKI7	529160000	529160000	503930000
P04370	0	0	0
Q9Z0W3	1801200000	1801200000	952920000
Q3V4A1	232070000	232070000	445080000
Q5SSZ5	3124400000	3124400000	3138400000
Q6NXV2	1220200000	1220200000	1420300000
Q8BGR6	109320000	109320000	137470000
P42337	1216900000	1216900000	886920000
Q8CI04	1492900000	1492900000	1306800000
Q8BUL6	25343000	25343000	29636000
Q8CJ15	0	0	280220000
P58044	0	0	0
Q9CTC0	618640000	618640000	552940000
Q9D486	161990000	161990000	134260000
Q80X28	732280000	732280000	801840000
Q8C5G1	896840000	896840000	750050000
Q8BJ03	663310000	663310000	485070000
Q9DB16	320790000	320790000	326180000
Q8JZX4	926430000	926430000	895870000
Q8CH79	2453000000	2453000000	1985300000
Q6P5G6	1607500000	1607500000	1419500000
Q9DCA9	1734800000	1734800000	1335200000
Q8C7F4	0	0	0
Q3V492	571170000	571170000	541500000
Q920M7	0	0	0
Q3U5I3	1254900000	1254900000	1212500000
P70280	219690000	219690000	290610000
Q3ULT2	0	0	0
Q8R395	426340000	426340000	469910000
Q9QXW9	0	0	0
Q8R3I3	886140000	886140000	412480000
Q3TV50	0	0	0
D6RFQ8	1302200000	1302200000	1121800000
Q91X20	1813300000	1813300000	1636200000
Q9D792	329630000	329630000	423200000
S4R2R7	0	0	0
Q4JIM5	361440000	361440000	362990000
Q9D5R2	628540000	628540000	149920000
Q3TIR1	221720000	221720000	153460000
G3UZB9	1377300000	1377300000	1247200000
F7D3P0	1018600000	1018600000	589220000
Q8C3X4	523030000	523030000	219240000
B2RUE0	73621000	73621000	118000000
Q3UI43	550460000	550460000	470840000
A0A571BGD8	645120000	645120000	1030100000
Q8C846	774290000	774290000	850270000
A0A338P774	995080000	995080000	863930000
Q99ME2	783060000	783060000	435910000
Q9D8L5	766460000	766460000	692110000
Q69ZF3	238040000	238040000	125080000
Q8BP38	185510000	185510000	191080000
Q9CW76	133750000	133750000	122470000
Q8CFN5	39575000	39575000	176720000
Q9D250	223470000	223470000	453330000
Q8C1D4	0	0	0
Q9CT19	1777600000	1777600000	2021000000
D6RI30	68170000	68170000	142750000
Q3TP97	283930000	283930000	522790000
Q91YJ5	744300000	744300000	605000000
Q9WV32	6865000000	6865000000	4929100000
Q80U58	683480000	683480000	586950000
Q3U186	409110000	409110000	297600000
Q3UA37	241760000	241760000	148040000
Q9QXE7	621280000	621280000	644620000
Q3TTJ1	1114700000	1114700000	931170000
Q9JMI0	0	0	0
Q61048	430970000	430970000	237420000
A8C1W9	209820000	209820000	0
Q9CR89	546860000	546860000	641740000
S4R1M9	0	0	0
Q9DBD5	114490000	114490000	118150000
Q91XI1	554990000	554990000	426980000
Q8BJ85	9136600	9136600	40588000
Q80X33	0	0	0
Q9CVM8	36779000	36779000	0
Q3UM62	1196600000	1196600000	932190000
A2BHN6	822460000	822460000	1497400000
Q3US13	89878000	89878000	197840000
Q8VCR7	2390000000	2390000000	2280100000
Q8CHW4	513770000	513770000	602290000
Q9D7X1	0	0	0
H3BL37	1788200000	1788200000	2100200000
Q8C5M2	0	0	0
P97770	1244200000	1244200000	1585100000
A0A1D5RM97	102920000	102920000	66530000
Q8BM65	0	0	0
O09126	38593000	38593000	68894000
A0A0H2UKB5	0	0	0
Q80YV3	411110000	411110000	552830000
Q3UST9	123060000	123060000	189130000
Q8BYB9	769130000	769130000	380680000
Q3TYX3	135310000	135310000	146010000
A0A338P6M7	799630000	799630000	598590000
A0A1D5RM90	457050000	457050000	279370000
B2RXV9	77673000	77673000	49025000
Q9JME7	152400000	152400000	631200000
Q6PGB6	975860000	975860000	1130900000
Q8BW85	1620700000	1620700000	1101900000
A6PW50	158350000	158350000	43894000
Q99J31	328020000	328020000	368580000
Q9CZN8	415350000	415350000	431460000
Q9D9S0	138410000	138410000	165900000
A2TJV2	308720000	308720000	488270000
Q8BHC4	653140000	653140000	351150000
A0A1N9M8A6	423620000	423620000	2811700000
Q3UXZ6	0	0	56082000
Q60648	1973500000	1973500000	2481800000
Q91YW7	1034600000	1034600000	941690000
P21995	179080000	179080000	167070000
Q8BVF2	554590000	554590000	652990000
Q9D8S3	1635400000	1635400000	1804400000
Q9JHW4	1694100000	1694100000	2237400000
Q99PK1	971460000	971460000	624170000
Q8R4F1	0	0	1962800000
Q7TSK3	173440000	173440000	43624000
A0A0J9YUE9	0	0	0
Q3V4B4	1258200000	1258200000	1053400000
Q0KK55	159780000	159780000	194330000
Q9JK77	0	0	0
Q3YAA4	0	0	0
Q8K2M0	876870000	876870000	965080000
Q8BSC5	166600000	166600000	0
Q8BHS3	351970000	351970000	561900000
Q14CH0	0	0	0
Q8QZY9	677780000	677780000	715770000
Q8CEN3	1059900000	1059900000	1895100000
Q3UM69	0	0	0
Q3TNJ2	495420000	495420000	440190000
P62315	2065700000	2065700000	2019000000
Q8BYR2	1617800000	1617800000	1204600000
Q8BJ88	1040200000	1040200000	1359600000
Q9D7V9	693030000	693030000	0
A0A338P7E2	0	0	151430000
Q3TY65	0	0	0
Q3UND4	916220000	916220000	1281200000
Q8CE74	889480000	889480000	584940000
Q80W22	717760000	717760000	593680000
Q3TU63	68987000	68987000	24993000
Q8BG89	0	0	0
D6RDD3	0	0	0
Q642L7	4945400000	4945400000	5271600000
O09012	1165700000	1165700000	945280000
A0A1Y7VKU8	216660000	216660000	428520000
Q8R1J6	893940000	893940000	487450000
Q4FZC9	219690000	219690000	383700000
Q6IS36	240850000	240850000	0
Q80T68	1167600000	1167600000	1675000000
Q69ZS6	0	0	0
G3X9Q4	786610000	786610000	561170000
A0A5F8MPF0	960120000	960120000	786250000
Q8CER8	583740000	583740000	541860000
Q3TVX1	504070000	504070000	371640000
P19137	991570000	991570000	1091200000
Q9QYF1	522320000	522320000	520170000
Q3URI3	30010000	30010000	55318000
Q9D6S7	1174700000	1174700000	721480000
Q3TNY2	2938900000	2938900000	2014900000
Q921W0	603760000	603760000	1499900000
D3Z6B9	11727000000	11727000000	14253000000
Q6P3D0	545990000	545990000	516270000
Q3UG09	0	0	52190000
G3UZK5	310780000	310780000	414060000
Q8BK93	208520000	208520000	184230000
P63166	341280000	341280000	323470000
Q8BP79	593530000	593530000	668060000
Q3TBW2	251970000	251970000	147190000
A0A1L1SV70	771350000	771350000	608850000
A0A087WR11	352250000	352250000	317760000
O70250	0	0	0
Q9CZP8	0	0	0
Q3UFJ8	0	0	0
Q8BK75	153680000	153680000	116650000
Q8JZV7	1175000000	1175000000	892020000
Q8K147	9311300000	9311300000	7900600000
Q99MP8	472670000	472670000	700710000
Q8C8N4	6064800000	6064800000	3818100000
Q99KR3	1624400000	1624400000	1566700000
Q3URY3	77112000	77112000	55126000
Q9JIG8	0	0	294460000
Q9D385	3063400000	3063400000	2841600000
Q9CRU1	267700000	267700000	437630000
F6TSI8	0	0	0
A0A0A6YVW1	0	0	318030000
Q8C5K1	548600000	548600000	284320000
O70152	814760000	814760000	500440000
O35682	736050000	736050000	482180000
Q9CXB8	219450000	219450000	273490000
G5E8A7	203940000	203940000	231450000
Q8VEA4	1412800000	1412800000	1891800000
Q9CR39	511410000	511410000	468270000
Q571B7	33598000	33598000	8772600
Q3URS9	349990000	349990000	316290000
Q9DCT5	393870000	393870000	343580000
Q9CQH8	0	0	0
Q61016	0	0	0
Q8K4I3	349970000	349970000	311450000
Q6PKB1	103410000	103410000	233090000
Q3TJV1	374840000	374840000	454460000
Q8BTY8	915010000	915010000	647890000
Q9D404	959880000	959880000	1366400000
Q8CE52	144330000	144330000	95338000
Q9ESX4	0	0	0
Q5DU41	198610000	198610000	56216000
A0A286YDE4	0	0	0
Q9D662	3217800000	3217800000	3478900000
Q8R105	594840000	594840000	624720000
Q3V363	898290000	898290000	551380000
Q8C0L8	627660000	627660000	425880000
Q6P9J5	458590000	458590000	424420000
Q3TZ40	0	0	0
Q8CAD1	544230000	544230000	400450000
Q5DTQ1	0	0	0
Q8R3T5	466120000	466120000	186440000
Q810R2	1220700000	1220700000	1103500000
O35598	3836100000	3836100000	4193000000
E9Q6J8	0	0	142660000
P47759	0	0	0
E9Q6B2	514320000	514320000	254780000
Z4YJW6	148360000	148360000	363940000
Q8BH79	2248200000	2248200000	2526900000
Q9CY66	1409100000	1409100000	1511600000
Q3UWN6	191330000	191330000	158980000
A5X3G4	0	0	43253000
Q3YAB0	0	0	0
Q5DU31	0	0	0
Q99M04	670420000	670420000	691140000
A0A3B2WCR9	0	0	32325000
E0CYW0	0	0	67164000
Q3UR33	5039100000	5039100000	4256400000
P25911	493960000	493960000	675650000
Q8C599	301040000	301040000	378500000
Q6P9Y5	372000000	372000000	1375700000
Q8HW98	0	0	96588000
Q8CB20	545290000	545290000	467320000
A0A087WNX9	996870000	996870000	1428800000
A0A1Y7VJH3	98687000	98687000	179420000
Q8VDG3	1963100000	1963100000	2104700000
Q8C1S9	0	0	0
Q6PG98	1065200000	1065200000	882650000
Q80Y81	755590000	755590000	637730000
F6Q3S1	0	0	0
F6SKI6	679490000	679490000	445800000
A0A087WQ75	18112000	18112000	89093000
Q9QY74	30828000	30828000	0
Q505L1	2145100000	2145100000	1881300000
Q3UEX5	133780000	133780000	107310000
Q8BP40	1980800000	1980800000	1501100000
Q8R3G1	500180000	500180000	513990000
Q8C170	703000000	703000000	245020000
Q8BHZ1	210730000	210730000	166350000
Q8BIJ7	1166500000	1166500000	1280800000
Q9ES34	360960000	360960000	352540000
Q3UM29	1371500000	1371500000	767790000
Q9CY57	667360000	667360000	839530000
P51175	2119800000	2119800000	1640200000
Q8R435	0	0	0
Q3U213	107680000	107680000	141630000
Q5NCF2	202600000	202600000	147610000
F6UKR5	1032800000	1032800000	938390000
Q8C713	673200000	673200000	657420000
Q8CC47	438980000	438980000	929270000
Q8BQQ4	0	0	0
P59481	80849000	80849000	86541000
Q3UV28	377780000	377780000	550850000
Q9D717	488300000	488300000	524940000
Q9CTJ7	1689300000	1689300000	1616900000
A0A494BAQ7	632840000	632840000	1258600000
Q8BJL0	801440000	801440000	723190000
Q99NF2	0	0	0
Q8CB64	480170000	480170000	545470000
Q8K3X4	1417700000	1417700000	1591300000
Q3SXD3	274450000	274450000	432020000
Q9ESP1	4741900000	4741900000	4737400000
Q91VH2	1837400000	1837400000	2106900000
Q52KI8	895800000	895800000	718190000
Q6V595	0	0	0
Q921Y0	2107800000	2107800000	1849800000
A0A494BB88	205330000	205330000	256610000
Q8VCH5	508830000	508830000	310450000
Q80TA9	133540000	133540000	137860000
Q8K0C1	352120000	352120000	722140000
P0DW27	208190000	208190000	223290000
Q9WUB4	486040000	486040000	0
Q8BQA9	1471500000	1471500000	742730000
O70340	0	0	0
Q3UUK3	0	0	0
D3Z792	310230000	310230000	311610000
Q91VS5	1499200000	1499200000	1401500000
Q7TSH4	0	0	47699000
Q8BJZ4	853390000	853390000	852860000
Q5DTU1	0	0	782200000
Q3TQ93	181800000	181800000	236180000
D3Z1B4	1146600000	1146600000	669110000
Q99M86	1068100000	1068100000	698380000
Q3UM63	625750000	625750000	491640000
Q62379	834070000	834070000	804780000
Q8C9D3	532910000	532910000	471670000
Q9JLM6	0	0	0
Q8C6B2	158790000	158790000	103560000
P70232	0	0	0
Q542C3	970800000	970800000	829030000
Q6NTA4	1926600000	1926600000	1122400000
Q3TL44	1774200000	1774200000	1817300000
Q8C837	58146000	58146000	0
Q8BMS9	769250000	769250000	571560000
Q9CUL0	478880000	478880000	333800000
P09925	1612200000	1612200000	1332000000
Q3TZ02	83487000	83487000	73163000
Q69ZU6	0	0	0
Q3V0G7	0	0	76141000
Q9DAZ9	202370000	202370000	400500000
Q8R238	1249300000	1249300000	1134300000
Q9D2K3	727190000	727190000	628450000
Q9CTW1	33844000	33844000	0
P21271	272480000	272480000	0
Q9R0Q9	203510000	203510000	130150000
Q8R0P4	249660000	249660000	379090000
Q99N84	604570000	604570000	748890000
P49817	2412200000	2412200000	3133900000
Q9D1T4	1148500000	1148500000	707220000
Q9CQE3	523960000	523960000	1560900000
F8WHN1	829570000	829570000	577610000
H9KV10	0	0	0
A0A0G2JGS8	0	0	0
Q9QYY8	305540000	305540000	285400000
Q8K377	48924000	48924000	0
P61965	1536200000	1536200000	1373700000
Q6ZWM4	415380000	415380000	531710000
P70460	1626600000	1626600000	1784100000
Q3THB2	1352100000	1352100000	2037500000
Q9CPX7	273970000	273970000	551880000
F6SSV9	865220000	865220000	691520000
H3BKL4	1167400000	1167400000	1262900000
Q3UJN9	208160000	208160000	173550000
Q8R2U4	165290000	165290000	362650000
Q9DB82	973090000	973090000	1356300000
Q9WUU7	6194900000	6194900000	4326500000
P62322	157520000	157520000	403490000
Q3TPF1	1001000000	1001000000	1364600000
Q3TQV0	113240000	113240000	137240000
Q6P9J9	4441200000	4441200000	3913000000
Q3TS37	183310000	183310000	141800000
Q812E0	0	0	0
Q8BT29	1986500000	1986500000	1444000000
Q9CU33	242830000	242830000	313980000
Q8K215	133050000	133050000	66888000
Q9D5H9	108450000	108450000	244840000
Q3V3C8	78363000	78363000	50035000
Q4FK66	478430000	478430000	478540000
Q14BE0	356800000	356800000	546500000
Q9DBX3	0	0	0
Q9DAM7	434770000	434770000	380360000
Q9EQH2	2112500000	2112500000	1836500000
J9SQG4	0	0	0
P51910	274070000	274070000	121870000
Q921C1	0	0	0
Q3UXF9	219940000	219940000	369650000
Q8VE80	1026300000	1026300000	766030000
Q99LS3	2501500000	2501500000	1891500000
Q9ER87	12082000000	12082000000	6212600000
Q8BHN0	342440000	342440000	142110000
Q5F2E7	1636500000	1636500000	1564500000
Q9ET77	0	0	0
Q91VK1	344900000	344900000	350020000
Q8VC91	543170000	543170000	531140000
Q9JJ61	624620000	624620000	182600000
Q9DBX2	408510000	408510000	377550000
Q8BKR5	185920000	185920000	229800000
Q8BKG3	1849000000	1849000000	2937100000
Q3TTT5	713610000	713610000	527640000
Q99N94	270120000	270120000	285480000
Q9QZD8	1002500000	1002500000	1078200000
A0A0G2JFT8	130930000	130930000	0
Q3TGF2	1197600000	1197600000	1752800000
Q3UWW0	678390000	678390000	366860000
P13595	154400000	154400000	222660000
D3YV21	199890000	199890000	218640000
Q99L88	521260000	521260000	573840000
Q9CQU3	183790000	183790000	135590000
P62305	1676800000	1676800000	956160000
Q3UTX2	87965000	87965000	75408000
Q61418	346290000	346290000	0
Q8BT98	632990000	632990000	804540000
Z4YMG1	2288200000	2288200000	1629300000
Q811U4	2089100000	2089100000	991940000
Q8R420	354100000	354100000	573640000
G8XUU5	147040000	147040000	101230000
Q8CIM8	400360000	400360000	257510000
Q99JR5	191410000	191410000	462740000
Q99LC2	1197400000	1197400000	1315000000
Q924L1	464380000	464380000	627330000
Q9QYE9	185550000	185550000	0
Q61337	1954500000	1954500000	1760400000
Q3TXU5	337590000	337590000	426360000
Q8CEI3	200430000	200430000	109360000
A0A494BB25	539340000	539340000	249210000
Q3UJT4	505930000	505930000	345060000
Q8C5H9	670420000	670420000	502680000
Q3TAQ8	359250000	359250000	352710000
Q8C8L1	0	0	0
A2APY7	596060000	596060000	659940000
Q69ZP3	0	0	0
Q8BYN3	44001000	44001000	85255000
Q9WU40	791860000	791860000	695830000
Q9R0K7	0	0	0
Q91ZR2	1291200000	1291200000	1352300000
Q3TB82	460450000	460450000	818160000
Q8CCX5	0	0	0
A2AFR3	0	0	0
A0A1W2P700	444830000	444830000	537250000
Q78PG9	266900000	266900000	287370000
Q8K2D3	131110000	131110000	94342000
Q8K2T8	1047600000	1047600000	1388900000
G3UZT9	334470000	334470000	196870000
Q91V81	248620000	248620000	142700000
Q2YDW2	856950000	856950000	687480000
Q9CTB8	697420000	697420000	673850000
Q8VHK5	3060200000	3060200000	1354100000
A0A0G2JFB9	601700000	601700000	449150000
Q9ES74	587110000	587110000	452180000
Q8BGH7	0	0	0
Q9JL56	301300000	301300000	229280000
Q3TQ82	812540000	812540000	575670000
Q60899	0	0	0
Q8CB27	0	0	0
B2RW11	0	0	0
Q4KMV6	914850000	914850000	570560000
Q8R3N6	1019700000	1019700000	858300000
Q3UUN2	0	0	0
Q3UGH2	0	0	0
Q8K4U2	617470000	617470000	300220000
Q9ER39	242010000	242010000	201460000
Q3UGW9	1563400000	1563400000	1273400000
P16254	295330000	295330000	647690000
A0A4X7	152850000	152850000	113370000
Q9QZB1	79036000	79036000	89836000
A0AAQ4VMS0	1355300000	1355300000	2239200000
Q91YD3	318850000	318850000	220570000
D3Z1G7	766460000	766460000	638940000
Q922Y1	2124800000	2124800000	1085500000
Q8BZY0	500770000	500770000	399250000
Q5EBP0	392850000	392850000	270520000
Q6ZQ88	1255200000	1255200000	918370000
Q9D8X1	685090000	685090000	628600000
Q6P4T0	42180000	42180000	80823000
Q9D6L8	606810000	606810000	638180000
Q9Z2E9	0	0	0
Q8C033	1331700000	1331700000	1054100000
Q8C597	1110200000	1110200000	1350200000
Q91WL8	224670000	224670000	270770000
Q924A2	424920000	424920000	115990000
D6RGU6	85159000	85159000	133300000
Q9D1V6	331510000	331510000	535400000
Q8C080	175910000	175910000	420590000
Q9CQA1	129380000	129380000	68802000
Q9ERA6	578700000	578700000	485500000
Q9Z0H3	758540000	758540000	603080000
Q8BVL3	596350000	596350000	556040000
Q9CQG1	210210000	210210000	182930000
A0A140LHY2	621710000	621710000	926140000
O35166	279570000	279570000	359650000
A3KFX0	0	0	0
F7CT85	0	0	0
Q9JMG1	1034400000	1034400000	549590000
Q8VDZ4	201200000	201200000	198800000
Q80XT9	907010000	907010000	1991100000
Q8R3C7	67911000	67911000	301110000
Q9D1S6	341240000	341240000	336330000
Q99NB8	448410000	448410000	169690000
Q9CVF6	791220000	791220000	508910000
Q9D857	236010000	236010000	144880000
Q9D6E4	0	0	0
Q9Z2D8	329670000	329670000	100090000
B2KF34	582980000	582980000	568950000
Q8BGH4	152660000	152660000	0
Q9JJA2	0	0	59715000
Q8R3H7	687000000	687000000	380500000
Q6PG57	0	0	0
A0A2S1CVQ7	18957000	18957000	48039000
Q8K1M6	246720000	246720000	214090000
Q9JK27	65898000	65898000	85063000
Q9CWG8	910380000	910380000	732860000
O09005	829690000	829690000	353910000
Q3UNR3	0	0	0
Q99LC8	376100000	376100000	542590000
Q7TNE3	422460000	422460000	378960000
Q3TKY6	928450000	928450000	895240000
Q8K2Y7	410770000	410770000	580100000
Q9D1B9	435820000	435820000	632450000
Q8BV37	17528000000	17528000000	13079000000
Q8BU18	718000000	718000000	189650000
Q8CI61	0	0	0
A0A087WQQ3	331750000	331750000	246510000
A0A1B0GT62	442800000	442800000	995560000
Q9D614	231470000	231470000	438460000
Q5U477	1230300000	1230300000	797120000
Q8C4Z5	1221200000	1221200000	1274500000
Q9D1I7	224050000	224050000	191750000
Q8CAE9	108290000	108290000	13156000
Q9CZ28	624640000	624640000	680650000
Q99KH7	383400000	383400000	237650000
Q9CUG0	892130000	892130000	784290000
Q9D2P4	299560000	299560000	259300000
Q4FJN2	209230000	209230000	193920000
Q9D8Y1	206760000	206760000	419830000
A0A1L1SV46	0	0	0
Q8C6V9	1811800000	1811800000	2184400000
Q5DTN8	0	0	0
Q9CQ19	336860000	336860000	255950000
Q9R071	1534700000	1534700000	1727600000
Q3UPY7	0	0	0
A0A140LI54	1213000000	1213000000	746090000
P98191	0	0	0
Q3V355	6374600	6374600	0
Q3U319	662780000	662780000	407560000
Q810A3	220930000	220930000	158940000
Q8BMZ5	351080000	351080000	130360000
Q921D1	0	0	57888000
Q9CSU4	411440000	411440000	247590000
P70407	0	0	0
D3YV77	791280000	791280000	469920000
Q6PGH1	187350000	187350000	184050000
Q58E38	429770000	429770000	358540000
F6QLS2	5057700000	5057700000	4059600000
Q00898	0	0	0
Q8R2H9	0	0	0
Q3V3K3	783500000	783500000	777400000
A0A2I3BQ34	226660000	226660000	290370000
Q9CX12	374930000	374930000	396200000
O35988	3987200000	3987200000	2146800000
Q8BKH7	271670000	271670000	220710000
Q8BM43	44311000	44311000	238480000
P62077	53469000	53469000	321380000
Q921L5	1270900000	1270900000	675290000
Q8BZH2	652430000	652430000	680940000
Q9DBW2	532810000	532810000	620650000
Q9QX59	330410000	330410000	467740000
Q3TFQ1	266120000	266120000	269570000
B1AZI6	1321600000	1321600000	768180000
Q14CH7	218020000	218020000	186280000
Q8CBC4	44823000	44823000	0
Q8BLT3	0	0	0
Q8K157	2101800000	2101800000	2251500000
Q80UU0	590620000	590620000	410440000
Q05BK2	212470000	212470000	111400000
Q3UJM9	717700000	717700000	548220000
F7CNH0	829800000	829800000	452980000
Z4YKB8	355820000	355820000	213440000
Q3UKR3	386860000	386860000	172750000
Q6PAL8	398420000	398420000	196850000
Q50H33	0	0	0
F6U4X6	151020000	151020000	141260000
F6UFF7	716890000	716890000	417220000
Q8K327	555150000	555150000	608150000
P14069	844580000	844580000	661390000
Q8R4R6	544070000	544070000	354530000
Q91YE8	5789100000	5789100000	5718200000
Q8VEM0	4898300000	4898300000	5013200000
Q8VDT9	1235400000	1235400000	689150000
Q8BVL9	0	0	0
P56942	0	0	0
Q8QZS8	28431000	28431000	20586000
Q5M9P1	1041700000	1041700000	933520000
Q3TDQ9	292260000	292260000	699590000
Q8CHF0	135430000	135430000	145630000
B1AYE4	0	0	0
Q6ZPS6	713730000	713730000	738400000
Q8R1W1	138910000	138910000	0
Q99KU0	273880000	273880000	136920000
Q8BJU2	31311000	31311000	76857000
Q8K2C7	439760000	439760000	444660000
Q3UPA6	685910000	685910000	833520000
Q99M31	1032100000	1032100000	958700000
Q9D0E3	52121000	52121000	43381000
Q8JZL3	436460000	436460000	317430000
Z4YKT6	795200000	795200000	780550000
Q4PJX1	674360000	674360000	801690000
Q3UI28	675040000	675040000	406970000
Q9CYM4	613910000	613910000	554930000
D3Z472	65863000	65863000	48790000
Q8BNQ9	0	0	0
Q8CBC9	0	0	0
Q9CRJ3	1235500000	1235500000	964170000
Q5DTF3	565580000	565580000	321010000
Q0P556	37837000	37837000	249160000
Q9JHJ0	11837000000	11837000000	7613900000
Q8VHL0	46175000	46175000	0
Q9CRQ7	450690000	450690000	260480000
Q8C6U6	1699300000	1699300000	472040000
Q8BU31	187020000	187020000	238020000
Q9CST0	127660000	127660000	304350000
Q3TA10	1639300000	1639300000	1206500000
Q8BTD7	274220000	274220000	159070000
Q8C5N9	656210000	656210000	484660000
A0A0G2JH09	489910000	489910000	746490000
Q9CSR3	3454500000	3454500000	4322200000
E9Q6Y8	0	0	62302000
Q6A097	132300000	132300000	148560000
Q9EPU4	1372700000	1372700000	1197000000
Q3TNQ0	245720000	245720000	305780000
Q9Z1E4	1961800000	1961800000	1710400000
Q924T2	884110000	884110000	654500000
Q8CFA2	3174000000	3174000000	2031700000
Q61823	1999900000	1999900000	1480900000
B2RTC8	8620700	8620700	0
Q8C525	97953000	97953000	162970000
Q9JI78	2340600000	2340600000	1574500000
Q7M6Y3	0	0	0
Q8K1H1	2050500000	2050500000	1150000000
A2ATL1	102100000	102100000	131660000
Q8C048	0	0	0
Q91VJ5	275690000	275690000	360530000
Q9JLI6	179940000	179940000	64619000
Q80XE5	6671800	6671800	17736000
Q9D8V7	282790000	282790000	135020000
Q8R2M1	90480000	90480000	133360000
Q9EQI8	475340000	475340000	320780000
Q3TDW9	0	0	0
Q02105	157940000	157940000	143060000
D3Z5A6	575260000	575260000	423190000
Q8N7N5	1093800000	1093800000	785790000
A0A1B0GT69	251950000	251950000	227570000
Q9D5E9	0	0	0
Q91WK0	1167400000	1167400000	987100000
Q8BGP6	173230000	173230000	158530000
A2ARS0	0	0	0
E0CZD3	233550000	233550000	232960000
A0A2R8VHB5	0	0	0
Q8BZH4	668430000	668430000	622140000
A0PJ46	546370000	546370000	610000000
P24638	687870000	687870000	332740000
Q8BKX6	832040000	832040000	742870000
Q65CL1	124860000	124860000	448400000
Q8BMP1	394270000	394270000	378770000
Q9CQT2	321110000	321110000	327890000
Q91VZ4	662890000	662890000	981190000
B1AR89	0	0	0
Q3TAX1	211200000	211200000	214080000
Q8VE19	1262700000	1262700000	701130000
A0A1Y7VP61	296420000	296420000	244120000
Q8K0I1	551360000	551360000	0
A2AG83	675890000	675890000	576200000
Q8BX53	1354900000	1354900000	568460000
P49935	2612800000	2612800000	2232400000
Q4QQM3	1282100000	1282100000	1394300000
Q3TV34	0	0	0
H3BLQ3	0	0	0
E9Q5P9	171700000	171700000	595000000
Q6ZWQ7	298970000	298970000	126460000
Q8BGT7	2676900000	2676900000	3597300000
Q8C4G4	1722400000	1722400000	2351300000
P70268	1103800000	1103800000	722320000
Q0VEE0	100480000	100480000	81785000
Q8BKC7	0	0	43807000
P98200	0	0	39619000
Q923F1	230690000	230690000	250820000
A2AF47	600400000	600400000	692650000
Q8K0M3	2279500000	2279500000	2591100000
Q8R1U1	1593700000	1593700000	955370000
Q9D338	356240000	356240000	630280000
Q91X78	173350000	173350000	287520000
Q8CD96	491340000	491340000	473710000
Q8K2U6	99683000	99683000	0
H3BKP5	0	0	0
B9EKY0	19248000	19248000	0
Q62018	472110000	472110000	872650000
A8Y5H7	469680000	469680000	244220000
Q3USF3	326020000	326020000	130010000
Q8BZQ7	747290000	747290000	523990000
Q8BZQ9	1322700000	1322700000	725960000
A0A0G2JGK5	1379700000	1379700000	1008400000
Q7TQA1	0	0	140090000
Q3T9A5	189330000	189330000	204000000
Q6PFD8	186000000	186000000	340240000
O88668	423240000	423240000	261050000
Q9R099	954900000	954900000	821610000
E9Q6J5	393510000	393510000	454310000
Q9CR41	476410000	476410000	515560000
A0A1Y7VLC3	330990000	330990000	144000000
Q9CSF1	1003900000	1003900000	814580000
A0A0A6YWU9	0	0	0
Q80WS3	365750000	365750000	121380000
P63089	941140000	941140000	1516900000
Q9CQF0	288690000	288690000	365100000
Q9ESM3	80300000	80300000	0
F8VQB6	225200000	225200000	211350000
Q8C9H6	0	0	0
Q8BWK5	133660000	133660000	89126000
Q8C853	0	0	0
Q9CV32	501930000	501930000	479940000
Q3UFF7	703840000	703840000	402180000
Q80Y86	676340000	676340000	0
Q3UMP4	675380000	675380000	0
Q80TF3	50225000	50225000	0
Q99PN1	137730000	137730000	175070000
Q5ND25	172590000	172590000	153280000
Q8VE38	1978900000	1978900000	1133900000
Q9CRQ9	119760000	119760000	21255000
Q5U4D9	365770000	365770000	682710000
Q3UYM1	1886400000	1886400000	1497800000
D0VYV7	278140000	278140000	222080000
A0A1L1SQI7	436690000	436690000	478610000
Q9D711	658330000	658330000	576220000
Q9DB48	329740000	329740000	391780000
Q80WW9	865990000	865990000	1554300000
Q9D239	274130000	274130000	929340000
Q9D7I5	463710000	463710000	659870000
O08600	381200000	381200000	263130000
Q3V425	1224500000	1224500000	1500700000
Q3UI46	11923000000	11923000000	12783000000
Q80VQ0	362670000	362670000	259470000
Q8CD99	1285500000	1285500000	1116900000
Q9CR23	57828000	57828000	0
A2AD75	112660000	112660000	156060000
A0A0J9YUV2	757500000	757500000	842920000
B1AVY2	0	0	0
Q9D6X3	115760000	115760000	298100000
Q9ESN4	124870000	124870000	44642000
Q3V2W4	0	0	177480000
Q9WVM3	285140000	285140000	217810000
Q6P1H6	1211300000	1211300000	931240000
Q9CX30	471870000	471870000	322960000
Q9R069	207040000	207040000	227620000
Q3UW82	1390700000	1390700000	1053900000
Q6DFY2	0	0	0
D6RJ32	864870000	864870000	416930000
H3BJ37	0	0	116480000
Q8K2T3	70556000	70556000	83194000
Q9CQB5	264650000	264650000	719990000
Q8K224	248580000	248580000	500870000
A0A7N9VS33	863410000	863410000	887430000
Q91WE1	89491000	89491000	93194000
V9GXB5	219700000	219700000	0
P11087	54989000	54989000	12519000
G8DYZ0	319100000	319100000	184050000
Q8C7H1	459510000	459510000	373260000
G3X8U8	486840000	486840000	494590000
Q8VDS8	379810000	379810000	839770000
A0A1B0GRA4	1937900000	1937900000	1638800000
Q99KL8	239640000	239640000	338120000
Q3V394	0	0	0
Q8C5L3	42694000	42694000	123350000
Q3TR43	0	0	0
Q91VU0	710610000	710610000	719360000
Q80YR4	468380000	468380000	484720000
Q3UZJ3	626180000	626180000	758230000
Q8CII3	479210000	479210000	442810000
Q80TJ1	0	0	0
Q68FC6	255900000	255900000	55939000
A0A1W2P844	511000000	511000000	443770000
Q9Z351	0	0	0
Q52KF2	0	0	0
Q810T0	326260000	326260000	339060000
I6L9J4	0	0	487470000
F7CEK4	174140000	174140000	103120000
Q8BZR6	943080000	943080000	832490000
Q5XJE5	238380000	238380000	271970000
Q8BZS9	508510000	508510000	624200000
Q8R0J7	157540000	157540000	180970000
Q6P2B2	0	0	27695000
Q810B7	0	0	0
A1L146	0	0	0
Q8BYW9	336040000	336040000	363300000
Q62407	271840000	271840000	528730000
Q3V4B5	505790000	505790000	472210000
Q91XX4	1065300000	1065300000	894410000
Q02384	254880000	254880000	239380000
Q8K265	461630000	461630000	369550000
S4R2J5	674590000	674590000	570450000
Q8C7M0	454690000	454690000	376150000
Q9WV02	122530000	122530000	344840000
Q3UWK4	1962400000	1962400000	1705000000
Q3TV90	140600000	140600000	209760000
Q80VJ2	236320000	236320000	87261000
Q5CCJ9	147910000	147910000	172250000
Q8BNJ6	184480000	184480000	144170000
Q8C8C8	35010000	35010000	0
Q9QYL9	137150000	137150000	177250000
Q9JJA1	817920000	817920000	1104800000
S4R2T6	1036800000	1036800000	795370000
Q6NXJ0	1469900000	1469900000	1556300000
Q91W53	403760000	403760000	183460000
Q3TC93	1672500000	1672500000	1424600000
Q9WV31	0	0	0
Q3TJN9	347280000	347280000	178710000
A0A2R8W6U3	269200000	269200000	252650000
Q3UVT4	1002500000	1002500000	1100100000
Q8CE86	661630000	661630000	277180000
Q9R0N5	22542000	22542000	28319000
Q8C1F7	302630000	302630000	386760000
Q80X85	414000000	414000000	431970000
Q8CFV9	236510000	236510000	262530000
Q8BI72	729020000	729020000	499300000
Q9D1H8	103060000	103060000	208680000
Q3U5K1	3471200000	3471200000	3130300000
Q8C6Y0	104790000	104790000	76706000
Q3TDN4	111910000	111910000	201700000
Q3TV22	1122900000	1122900000	2928000000
P97811	0	0	0
B1AZF9	41515000	41515000	49360000
A0A0A6YXP0	630750000	630750000	355610000
Q61923	0	0	0
Q8BHL8	360080000	360080000	174860000
O35926	399280000	399280000	0
Q91VU6	124510000	124510000	77001000
P16390	0	0	0
Q8K1E6	164740000	164740000	191810000
Q9JK53	218800000	218800000	262040000
A2AIL4	288110000	288110000	222400000
Q148S0	79082000	79082000	87451000
Q78YZ6	0	0	0
Q3TMU8	0	0	0
Q3TQC7	638860000	638860000	934550000
Q3UC26	0	0	0
P70444	635480000	635480000	513410000
Q8BQ07	149880000	149880000	102330000
Q9JHS3	825960000	825960000	616140000
Q8VI68	0	0	0
Q9WUD8	357180000	357180000	202620000
Q6ZPT1	673580000	673580000	379830000
Q9QZS8	0	0	0
Q9CV62	1059600000	1059600000	976170000
Q8BH27	110790000	110790000	0
Q8R310	293480000	293480000	323550000
Q9DBS5	822960000	822960000	640450000
S4R2G4	0	0	0
B2RWC4	0	0	0
Q8BSI6	408020000	408020000	453460000
Q9CPU2	67250000	67250000	0
Q9CZX9	433440000	433440000	476850000
Q8BJ33	1661100000	1661100000	896340000
Q99L85	261300000	261300000	0
Q9CZD6	1199500000	1199500000	1693300000
Q91W92	1267500000	1267500000	1363200000
Q5DU14	117180000	117180000	78841000
Q3TRW4	141010000	141010000	171120000
Q8C181	591000000	591000000	630250000
Q9CYZ2	34868000	34868000	0
B7ZC11	0	0	0
Q9CVT6	1644500000	1644500000	1567600000
Q56A13	239540000	239540000	303660000
Q8BN01	263760000	263760000	209320000
Q8BMS4	662180000	662180000	394800000
Q9CYL5	9213100000	9213100000	11368000000
Q99KK1	227930000	227930000	435570000
Q8CBH5	156930000	156930000	0
Q8C3X8	397830000	397830000	78893000
Q8CH02	283470000	283470000	328030000
A0A3Q4L2S8	446670000	446670000	327490000
Q8CEM9	67039000	67039000	35012000
Q9D0R8	742450000	742450000	452570000
M0QWR6	250910000	250910000	348030000
D3Z2Y6	471000000	471000000	270990000
Q8CE96	583500000	583500000	820220000
Q8BXN9	1292700000	1292700000	1591900000
Q3UFX9	106750000	106750000	0
Q8CFQ3	485230000	485230000	171610000
Q9R1I4	1494200000	1494200000	1180600000
Q8BNC6	0	0	0
A0A2R8VHD7	140760000	140760000	363370000
Q91VM3	172640000	172640000	194150000
Q9DB26	5423400000	5423400000	4944700000
Q3UIL6	10730000000	10730000000	9231900000
Q9DCA2	65540000	65540000	159150000
Q7TSS2	150270000	150270000	467750000
Q8C4B4	690790000	690790000	1212400000
E9Q585	302150000	302150000	280730000
O89029	0	0	0
V9GXX2	0	0	0
Q8BY88	162210000	162210000	266880000
A2RT57	1272700000	1272700000	1629800000
Q3TQL3	0	0	0
Q3UUR8	87073000	87073000	0
Q8BVB4	0	0	0
Q9Z0L0	407720000	407720000	440550000
A6H5U5	437140000	437140000	332300000
Q8VC03	869180000	869180000	434560000
B2RWR4	355840000	355840000	545030000
Q8C3I4	1734900000	1734900000	1864800000
P61957	1647300000	1647300000	1499400000
Q8BUU7	1034600000	1034600000	1324600000
Q9CUY3	0	0	0
Q91ZH7	174030000	174030000	112990000
A2A8U2	432230000	432230000	323180000
Q9CUY2	311830000	311830000	447550000
Q91ZF0	401420000	401420000	403780000
Q5SX59	236690000	236690000	61350000
Q8K273	117650000	117650000	429660000
Q8VHR5	607410000	607410000	577710000
Q3ZT31	0	0	0
P97291	54630000	54630000	50224000
Q8BWB5	0	0	0
Q9DBH3	0	0	63194000
Q8CEM8	141660000	141660000	124100000
Q8VE11	845640000	845640000	977320000
Q91Z78	534870000	534870000	286490000
A2AVQ7	374820000	374820000	287840000
Q9D7B2	1457300000	1457300000	1374200000
Q3UN02	223050000	223050000	380750000
Q8C561	161530000	161530000	222960000
P63058	38592000	38592000	34617000
P51906	0	0	0
Q810C1	12037000	12037000	0
Q8CHE4	590080000	590080000	671490000
P11859	0	0	0
Q62283	744860000	744860000	537030000
Q5DTF5	335410000	335410000	216800000
F7BP73	307480000	307480000	476080000
Q8BJD1	698670000	698670000	679270000
P63024	5789100000	5789100000	2738400000
Q3TR97	401110000	401110000	495960000
Q9JLQ0	544530000	544530000	484740000
Q8CBR9	250410000	250410000	175200000
Q9DCJ1	529430000	529430000	494340000
Q8C908	307660000	307660000	296420000
A0A3Q4L320	1062900000	1062900000	1105700000
A0A0B4J1E5	163400000	163400000	213830000
E9Q640	574840000	574840000	443170000
Q8K0T2	843450000	843450000	1366100000
D3YZI9	0	0	15504000
Q6P8I4	605160000	605160000	599580000
A0A0N4SV15	444180000	444180000	368900000
Q9CZ62	185710000	185710000	188330000
A0A2R8W718	55730000	55730000	149180000
A0A0U1RQ12	2177500000	2177500000	1770400000
Q8C8T5	40225000	40225000	33526000
Q9WV03	452530000	452530000	534690000
Q8K238	306980000	306980000	388980000
Q3TTA7	105850000	105850000	92332000
P16305	0	0	0
P70257	945070000	945070000	454170000
Q9QYH6	249680000	249680000	433750000
Q8R066	0	0	0
B1APX2	333640000	333640000	241740000
Q80W00	167630000	167630000	140190000
J3QNZ2	2451500000	2451500000	2276400000
Q3TI10	741870000	741870000	748030000
Q61738	1190200000	1190200000	595980000
Q8K3Z9	599700000	599700000	395610000
Q8C5K4	105930000	105930000	76050000
Q05C23	1479700000	1479700000	3054200000
Q9DB50	517340000	517340000	704870000
Q8VEG4	361120000	361120000	421240000
Q0V8T9	0	0	0
Q9DCE5	852540000	852540000	742650000
Q9QXE0	1901900000	1901900000	1737900000
Q9DC33	199150000	199150000	128970000
Q61285	12143000	12143000	13810000
Q69ZG4	915500000	915500000	1349500000
Q8BY89	340130000	340130000	444180000
Q8BLU0	209410000	209410000	133940000
Q8CF93	0	0	0
Q8R2R3	633790000	633790000	801220000
Q3TYK1	0	0	0
Q9D1F4	604800000	604800000	292110000
Q80Y55	91734000	91734000	108880000
Q9CWI3	500520000	500520000	463150000
Q8BM85	425680000	425680000	331840000
Q6PEE2	145110000	145110000	148950000
Q920A5	747410000	747410000	870750000
Q5XKA9	63275000	63275000	66498000
Q8BHA3	349230000	349230000	504710000
O70404	599070000	599070000	655070000
P40936	2356300000	2356300000	474370000
Q9WVC3	3538200000	3538200000	2335800000
A6X8Z5	445510000	445510000	435470000
Q8BLA6	0	0	0
Q99K43	0	0	0
Q3TGW2	106990000	106990000	146600000
Q8BGR2	499920000	499920000	176790000
A6H5U5	1073000000	1073000000	2312800000
Q546L4	0	0	0
Q9ER67	779450000	779450000	367640000
Q6DIB4	0	0	0
Q8BZ60	1555700000	1555700000	1511100000
V9GXP7	51915000	51915000	0
Q8BT02	30233000	30233000	58101000
Q05D93	281350000	281350000	301950000
Q3TJZ5	291430000	291430000	371720000
Q8BXJ9	0	0	245560000
P27600	281550000	281550000	365160000
Q3TR14	193920000	193920000	228060000
Q9D781	0	0	0
E9QMU3	0	0	0
Q80T85	287550000	287550000	81068000
A2A723	167790000	167790000	214490000
A0A2I3BQG1	226660000	226660000	193040000
O35972	1312800000	1312800000	797520000
Q921J7	576670000	576670000	476040000
O88970	2276000000	2276000000	2599500000
Q9D8M7	159810000	159810000	59203000
Q9Z316	85369000	85369000	116890000
Q9CRR7	767140000	767140000	600030000
Q61410	0	0	0
Q3U1V6	313490000	313490000	333430000
Q3TSU2	0	0	0
G3UZL2	88442000	88442000	84369000
D3YUJ3	230490000	230490000	224730000
Q8K073	0	0	0
Q923X4	247140000	247140000	0
A2AR50	0	0	51924000
Q6PGF2	0	0	0
Q8BP29	767910000	767910000	1114700000
Q9CW79	506220000	506220000	280960000
A0A087WQ82	848610000	848610000	1546600000
Q9WUU8	241840000	241840000	136990000
P70451	186590000	186590000	263470000
Q80VP9	0	0	0
Q05A21	280630000	280630000	0
E9Q7A1	1488700000	1488700000	1021400000
Q6ZWS9	843050000	843050000	566750000
Q3UNL2	827380000	827380000	1048500000
Q8VCM5	400890000	400890000	423610000
Q3U6J4	800690000	800690000	556610000
P58501	162190000	162190000	194030000
Q99LG4	1490000000	1490000000	2101600000
Q3TLP5	1049500000	1049500000	637590000
Q921R1	199630000	199630000	91608000
Q3V165	1757400000	1757400000	1379000000
Q3UF15	0	0	0
Q8R2Q4	403750000	403750000	194390000
Q9Z266	258970000	258970000	275020000
Q3ULV5	0	0	0
Q05D94	738690000	738690000	684230000
D3Z359	483440000	483440000	439110000
Q9JI44	318800000	318800000	356500000
Q921C5	1007900000	1007900000	601230000
Q9Z0M5	17161000	17161000	27970000
F6ZH54	329010000	329010000	105640000
P70182	59738000	59738000	126480000
O89065	0	0	148210000
Q99KD0	76831000000	76831000000	76571000000
Q9CW46	465640000	465640000	661790000
Q9CW90	727880000	727880000	766140000
Q571I9	292860000	292860000	380210000
Q3TQJ2	115160000	115160000	79028000
F6RXH3	210470000	210470000	265520000
Q9CWC4	60525000	60525000	104570000
Q9JI59	1569300000	1569300000	2074500000
Q9DBC9	309250000	309250000	173420000
M0QWN7	123320000	123320000	53276000
Q9JMF8	0	0	0
Q8N7N8	0	0	0
Q3UVZ6	292500000	292500000	341960000
Q4FJM3	0	0	0
Q08093	5020200000	5020200000	3256800000
Q8BNE5	0	0	0
Q61271	55100000	55100000	0
Q8VBV6	0	0	0
Q91X88	94316000	94316000	155770000
Q9Z1S3	0	0	0
Q6PGE2	0	0	78115000
Q8CGJ8	384030000	384030000	261240000
Q9EPQ8	99836000	99836000	53159000
Q6NSR8	664340000	664340000	777420000
Q6P8P5	256200000	256200000	293350000
A0A087WSI8	746590000	746590000	614170000
Q3TU57	381830000	381830000	430180000
Q9JKX4	539580000	539580000	412830000
Q9QYE6	675340000	675340000	899960000
O08644	0	0	0
Q9Z2R6	229910000	229910000	236360000
Q99MX0	0	0	0
Q923A8	379800000	379800000	335010000
Q3TS00	682240000	682240000	418300000
B0QZL8	240900000	240900000	95016000
Q91YL2	335090000	335090000	303680000
Q9D0G0	655570000	655570000	638690000
Q8BGN2	0	0	0
Q8BUY8	169980000	169980000	123940000
A0A2I3BPY7	3214300000	3214300000	3663500000
Q64735	295900000	295900000	349690000
Q80ZS3	395940000	395940000	443760000
Q9R0G7	152120000	152120000	172020000
Q9EQS3	160690000	160690000	0
Q62148	1280400000	1280400000	384020000
Q9CR29	416580000	416580000	550130000
A2AK70	0	0	0
Q9DC71	194360000	194360000	157040000
Q3TSS1	361710000	361710000	305600000
A0A338P7C2	166950000	166950000	139120000
Q80X71	616360000	616360000	1028800000
Q8BP00	155260000	155260000	61369000
Q8BKB2	1788100000	1788100000	762240000
Q68EF8	0	0	0
Q5ND37	114250000	114250000	398500000
A0A0A0MQF5	923830000	923830000	1124000000
Q9CPW3	0	0	0
P17665	35492000	35492000	12269000
Q99LS6	356870000	356870000	474510000
A2A8L9	60031000	60031000	84018000
Q8JZW5	0	0	0
A0A494B9K8	219960000	219960000	169600000
Q4G5Y1	0	0	0
Q9CQF8	333490000	333490000	301130000
Q3UF75	2970900000	2970900000	1803300000
Q99MS8	217410000	217410000	98208000
Q7JJ13	263130000	263130000	167760000
Q91Y11	0	0	0
Q9D464	984320000	984320000	555980000
Q6ZQD9	0	0	0
Q80YF9	15790000	15790000	74392000
Q3T9T3	150470000	150470000	0
Q8C2A1	167880000	167880000	277830000
Q8R568	220780000	220780000	154810000
Q6PGE7	0	0	0
Q80YA3	0	0	0
Q3UUR4	138190000	138190000	101760000
Q8CES0	557460000	557460000	501880000
Q5DTP4	490350000	490350000	368530000
Q3UYL9	0	0	0
Q9JIQ3	1392900000	1392900000	1321200000
Q9WU62	0	0	0
A2AN40	399370000	399370000	573210000
P09242	0	0	0
Q80ZJ7	50032000	50032000	40364000
Q9Z275	25143000	25143000	18649000
Q8CHS8	183370000	183370000	106300000
P11679	0	0	0
Q9D7A6	375790000	375790000	96736000
Q811H2	59400000	59400000	261810000
O88895	221850000	221850000	0
Q3TSQ5	304360000	304360000	239620000
Q69ZF7	0	0	0
Q9WUB0	188480000	188480000	85996000
Q3TW44	66560000	66560000	127170000
Q9Z247	786450000	786450000	565020000
Q68EF4	0	0	0
Q9CVI3	272450000	272450000	178360000
P62311	713150000	713150000	1564100000
Q4FK31	718520000	718520000	837030000
Q8N9S3	77542000	77542000	88243000
Q91W61	0	0	113160000
Q8BHS6	218120000	218120000	151870000
Q8R3Y8	671820000	671820000	328020000
A0A2I3BQN9	886440000	886440000	1173800000
Q8BYT6	553030000	553030000	741660000
Q61324	694920000	694920000	387330000
Q9D6Z0	418140000	418140000	346530000
Q8R3Q0	442590000	442590000	831020000
Q3UW17	143610000	143610000	110870000
Q6PDH0	2615300000	2615300000	1868200000
Q3UQU0	184260000	184260000	230920000
Q6IEE6	0	0	0
Q9D0D5	211030000	211030000	255360000
Q8BVA2	56612000	56612000	0
Q5SWJ8	149900000	149900000	101410000
Q99J95	379540000	379540000	318380000
Z4YN86	0	0	126140000
Q9DCI2	692530000	692530000	602370000
Q8K3C6	139510000	139510000	419240000
Q9JM03	780400000	780400000	402710000
F8WGU6	0	0	0
E9LV95	841690000	841690000	708850000
A0A0N4SV06	0	0	0
Q7TNF0	0	0	0
Q6PDC0	0	0	0
Q3TAP3	263040000	263040000	290450000
Q3UZ84	334630000	334630000	331090000
Q99NE5	0	0	0
Q8BRB4	767650000	767650000	912510000
Q0PMG2	0	0	0
P81117	1336800000	1336800000	1675000000
Q8BQ47	1059900000	1059900000	978230000
Q8R409	462600000	462600000	732380000
Q8K1C0	270070000	270070000	230120000
A0A0J9YU87	0	0	0
Q9DCU2	0	0	0
Q62207	1274900000	1274900000	1151800000
A0A494BA44	1033200000	1033200000	864510000
Q9JHU2	0	0	0
P63248	589100000	589100000	597560000
Q9D0B0	1430900000	1430900000	1291300000
Q9CXJ1	462670000	462670000	308700000
Q8BJT2	0	0	0
Q61062	384280000	384280000	180660000
Q8CEI8	0	0	0
Q9ER97	0	0	0
A0A140LIU6	489980000	489980000	360460000
Q8BWU5	505100000	505100000	645840000
D3Z5B1	958460000	958460000	1030900000
Q8C670	85429000	85429000	129620000
Q3V477	698120000	698120000	457720000
D3Z762	0	0	0
Q8K097	0	0	0
Q6P6J9	191130000	191130000	172940000
Q91W96	422580000	422580000	345990000
Q80SZ7	0	0	0
O35692	361040000	361040000	367090000
Q8BK81	336060000	336060000	104750000
Q9DAX9	0	0	0
Q925J9	639130000	639130000	412570000
Q8BL48	473550000	473550000	498390000
D3Z5U6	214130000	214130000	305850000
Q9D7S7	202560000	202560000	95650000
Z4YMH1	493230000	493230000	474220000
Q3UXN9	400370000	400370000	281950000
Q5DU47	264440000	264440000	162620000
Q8BM55	282120000	282120000	357580000
A0A0R4J2A0	53121000	53121000	71134000
G3UY97	194010000	194010000	381530000
P97326	331110000	331110000	266870000
A0A0R4J291	343010000	343010000	286420000
Q3U9V4	0	0	0
Q9Z0J0	1990100000	1990100000	1392200000
A0A1D5RLZ5	198840000	198840000	240370000
Q4FJT5	536930000	536930000	305610000
Q544N3	0	0	0
Q69ZN7	53915000000	53915000000	43982000000
Q8CA72	184350000	184350000	143050000
A0A1D5RL86	2281500000	2281500000	2194000000
Q9JHS9	377470000	377470000	412820000
S4R2A3	322600000	322600000	520590000
Q3TIG7	408620000	408620000	597890000
Q3UJC0	2346200000	2346200000	2549800000
A0A0R4J243	222490000	222490000	158430000
Q8BR07	196400000	196400000	237660000
Q8BKT7	192130000	192130000	227270000
D3Z7I7	709360000	709360000	94118000
Q9EP82	455970000	455970000	831900000
Q9CZL5	515480000	515480000	370800000
Q8CI33	146170000	146170000	111160000
Q8CET6	348900000	348900000	494280000
Q3UL03	595470000	595470000	109210000
Q6PCN6	537630000	537630000	247760000
A4FUQ0	35733000	35733000	70888000
Q3UBZ2	383380000	383380000	434900000
Q60739	766830000	766830000	728150000
Q8C5K4	0	0	0
E0CX48	0	0	0
Q99KW3	2129500000	2129500000	1733500000
Q8BTJ4	867740000	867740000	584120000
O89076	186210000	186210000	90528000
Q9CQT0	361080000	361080000	0
Q9D177	75684000	75684000	207310000
Q9QUN9	0	0	0
O70507	0	0	0
Q3TMP8	0	0	0
Q8K3K8	399290000	399290000	424780000
F6WQ99	112110000	112110000	117380000
Q8BU94	378690000	378690000	350880000
Q14B01	221970000	221970000	315010000
Q3ZB20	0	0	0
Q6PB93	1693400000	1693400000	2175000000
Q62036	1118900000	1118900000	934310000
Q9QYK9	0	0	64454000
Q8JZW1	0	0	0
F6SXD2	0	0	0
Q9QZF3	2255400000	2255400000	1622300000
Z4YL50	176320000	176320000	266770000
Q8R3C0	591680000	591680000	534640000
Q9CZG9	2656600000	2656600000	3114600000
Q78J03	36641000	36641000	96153000
Q8C0Q2	182330000	182330000	334390000
Q6P071	1061200000	1061200000	937870000
A2BE28	422200000	422200000	500730000
Q9D6E8	204990000	204990000	155760000
P83870	257960000	257960000	362050000
F6Z0Z5	0	0	0
Q3U2A4	745120000	745120000	889010000
Q8BFQ9	197980000	197980000	0
P35569	1286500000	1286500000	1284000000
O88413	1874400000	1874400000	1106100000
Q5SFM8	437290000	437290000	662530000
Q9D868	534760000	534760000	340030000
P11835	508220000	508220000	595410000
Q8R2P7	495210000	495210000	806960000
Q9CZ83	343470000	343470000	417930000
Q5DTR3	305130000	305130000	201520000
Q9D6P6	0	0	0
Q8CCD5	0	0	0
Q91VK6	0	0	0
Q3TQ64	1723000000	1723000000	1835700000
Q7TSF4	0	0	0
Q8VDR9	778720000	778720000	510360000
P70271	22720000000	22720000000	17551000000
P61953	0	0	0
Q9CRP6	148110000	148110000	246380000
Q3TMQ8	240400000	240400000	381590000
Q9D8V0	1799200000	1799200000	1819800000
Q3UK64	639280000	639280000	413930000
F6XIE4	262600000	262600000	229780000
Q6VN19	140440000	140440000	157700000
Q9D958	522040000	522040000	1214000000
Q3TT55	482280000	482280000	400180000
Q8VI33	188520000	188520000	44897000
Q9D620	481660000	481660000	1122700000
Q7M750	0	0	0
Q3TAJ0	376350000	376350000	444290000
Q8K4Q7	0	0	0
Q9CSJ2	679930000	679930000	678370000
Q148R0	0	0	0
B7ZP45	589350000	589350000	357110000
Q924H7	239640000	239640000	299100000
Q8R159	357080000	357080000	249320000
Q8BRU6	0	0	0
Q8C7E9	15620000	15620000	96361000
Q8C190	0	0	0
Q3UVC5	0	0	0
Q3TU24	661910000	661910000	566310000
D6RJK7	1281100000	1281100000	686480000
Q9D3L3	1981700000	1981700000	1044000000
Q9DB25	807440000	807440000	813040000
F7AIV2	0	0	0
Q3U3K9	328530000	328530000	433430000
D3YXX8	434240000	434240000	300500000
Q9CUV3	519290000	519290000	243960000
Q3TJ69	0	0	40814000
Q8R3F7	797630000	797630000	529390000
Q9DB29	1711200000	1711200000	549140000
Q99LH6	0	0	0
Q7TQK1	345440000	345440000	175420000
Q9CZP7	550060000	550060000	504650000
Q9R087	317650000	317650000	335380000
Q9CSK1	105290000	105290000	51952000
W6CPJ9	62627000	62627000	93404000
Q9WUV0	12926000	12926000	18874000
Q8BK88	331680000	331680000	349070000
Q9JMB8	14190000	14190000	22246000
O54818	0	0	0
Q69ZQ2	101180000	101180000	123310000
Q6VH22	2611400000	2611400000	3068800000
O88939	169590000	169590000	107230000
Q9D6X6	222730000	222730000	144240000
P97478	302770000	302770000	243060000
P54754	354150000	354150000	484140000
Q9D787	377810000	377810000	158440000
A2A9V7	126540000	126540000	128120000
Q8BPE4	181790000	181790000	0
Q91Z49	438850000	438850000	379160000
Q3UCV8	780950000	780950000	575370000
Q8BTC9	844090000	844090000	1419600000
A0A3Q4EGF1	448520000	448520000	618030000
Q6NXN1	327680000	327680000	323120000
Q9Z2L7	717320000	717320000	515330000
Q6VGS5	518980000	518980000	478730000
Q9CWU6	112350000	112350000	195470000
Q8K054	321590000	321590000	325050000
Q6A065	0	0	0
P04370	0	0	0
B2RQQ8	224240000	224240000	110680000
Q9R1B9	1211900000	1211900000	1318600000
Q3UEX5	0	0	0
Q9CUJ6	0	0	0
Z4YN00	869220000	869220000	873280000
Q9JKV5	0	0	0
Q99N89	357640000	357640000	168420000
Q80X73	476490000	476490000	344010000
G3X9Z4	258160000	258160000	353470000
Q3UYR3	243420000	243420000	491750000
Q9D4Z7	6870000000	6870000000	5963800000
Q9QXY9	141210000	141210000	295060000
Q501L4	692390000	692390000	630050000
Q61371	568310000	568310000	641960000
Q4VA41	0	0	0
Q3TGF1	0	0	0
Q3USV7	754150000	754150000	613900000
Q8BGY7	115320000	115320000	565220000
Q8VCN9	627660000	627660000	538170000
Q6P9Z1	251560000	251560000	313340000
A0A338P6M3	505680000	505680000	754790000
Q8K093	0	0	0
Q3US38	182740000	182740000	158030000
Q3THJ3	178100000	178100000	208280000
D6RGR2	491920000	491920000	260320000
Q3UY03	508470000	508470000	316230000
A0A494B9M7	0	0	0
A0A2R8VI31	0	0	0
Q3UZD0	1545300000	1545300000	927250000
Q8VCS3	323680000	323680000	410750000
A3KML4	622060000	622060000	481940000
Q9JIY0	284640000	284640000	215430000
Q3UXQ1	71245000	71245000	0
Q3TR66	592740000	592740000	326890000
Q5S8D1	0	0	0
D3Z5G3	168070000	168070000	226600000
B9EHT4	0	0	0
Q8BMQ8	244850000	244850000	232860000
Q8CCN9	2527700000	2527700000	1538300000
B9EKE7	108570000	108570000	146650000
A0A173M1J6	250610000	250610000	145270000
F6TM12	295550000	295550000	615980000
D6REF7	7118400000	7118400000	6308200000
Q64191	7385300000	7385300000	6854700000
Q9D6K5	30592000	30592000	0
Q80SY5	302680000	302680000	153000000
Q3UI81	0	0	0
Q9D0U6	0	0	0
Q922G6	102490000	102490000	0
Q9JI39	987990000	987990000	1168200000
Q91WL6	493110000	493110000	443060000
Q9QZB0	0	0	0
Q3UE99	784480000	784480000	412630000
F7A043	216940000	216940000	269500000
Q5SP85	0	0	0
Q9Z224	269470000	269470000	182590000
Q69ZL8	261130000	261130000	209120000
Q9D3X0	74279000	74279000	0
Q8CBY8	0	0	0
Q8BKC8	199770000	199770000	126130000
Q3TRB3	62535000	62535000	110700000
Q9DB70	0	0	0
Q3TSU5	979900000	979900000	1071600000
Q6ZWQ9	718530000	718530000	1619200000
Q8CDN4	242960000	242960000	245970000
F6ZTZ2	606670000	606670000	837960000
Q8BMJ3	386830000	386830000	305180000
Q9D772	0	0	0
A0A0U1RQ74	0	0	0
G3UW53	188430000	188430000	313210000
Q3U4G3	222460000	222460000	227400000
Q0VDX8	270170000	270170000	159590000
Q8C1J1	0	0	0
Q3UDN6	878680000	878680000	593310000
Q3TP50	571600000	571600000	487950000
S4R2R2	533220000	533220000	480530000
Q3V2C6	0	0	0
Q8K3I0	0	0	0
Q9D2R8	0	0	268660000
Q9EQT6	0	0	0
Q9R0P6	537450000	537450000	589060000
Q8R344	660180000	660180000	484030000
Q9D7J4	81024000	81024000	28984000
Q8VEE1	933190000	933190000	592000000
B1AT64	608420000	608420000	339420000
Q9D1X6	50904000	50904000	0
Q9CSW6	400920000	400920000	417520000
Q3ULI0	114540000	114540000	141020000
A0A1L1ST19	305470000	305470000	364110000
Q6P5H2	137780000000	137780000000	99117000000
Q8BIL5	110350000	110350000	0
Q5RJH3	0	0	0
Q3TX57	107810000	107810000	56731000
Q8C6M7	68360000	68360000	57094000
Q8BKE9	1946300000	1946300000	1401500000
Q8BJF9	157720000	157720000	281990000
Q64362	318490000	318490000	350570000
Q8BRM5	0	0	0
Q9ERV1	139900000	139900000	144860000
Q99KS6	0	0	0
Q792A4	0	0	0
Q64519	0	0	100970000
Q32NY6	21737000	21737000	18515000
A0A498WGL8	360160000	360160000	525890000
Q3U2B9	258200000	258200000	351280000
Q9R0M5	603340000	603340000	459860000
Q3U5E6	523920000	523920000	271050000
Q5NBX1	114800000	114800000	206720000
Q9JHE7	121130000	121130000	202380000
P62274	512780000	512780000	281890000
Q3TC33	600450000	600450000	412350000
Q5XJY4	76239000	76239000	62842000
Q3URU2	69296000	69296000	21587000
E9Q5M1	144150000	144150000	0
D3Z1Z0	0	0	0
Q9ERD6	240620000	240620000	340670000
S4R2U9	267790000	267790000	491300000
Q8BZ36	208800000	208800000	157290000
Q9D7V6	486910000	486910000	400260000
B2ZRS7	153620000	153620000	148420000
Q9D6T0	228870000	228870000	268020000
Q811M6	373300000	373300000	199570000
G3UXD8	493460000	493460000	427710000
Q8CFJ9	0	0	241900000
B2RRE7	526770000	526770000	477680000
A4FUP7	86926000	86926000	164160000
Q8VC06	3231200000	3231200000	2377700000
Q7JCX7	0	0	0
E0CXT1	448250000	448250000	380390000
Q8CA55	1039200000	1039200000	1123500000
O08842	0	0	22552000
Z4YLV8	371040000	371040000	200860000
Q3UGT9	1058200000	1058200000	1226800000
Q3U4A0	144720000	144720000	65414000
Q9DBL2	265680000	265680000	468410000
Q9ERI5	0	0	0
A0A3Q4L2X0	2234900000	2234900000	1591300000
Q3UWR0	54238000	54238000	61353000
A0A0A6YXW3	372700000	372700000	307350000
Q3UPW9	313640000	313640000	193980000
Q3V3J5	6714600	6714600	0
Q3TVI8	10930000000	10930000000	6943900000
A0A0A6YXB0	276510000	276510000	183370000
Q9CVD2	139780000	139780000	193060000
Q9CXU9	0	0	0
Q9WVH9	0	0	0
Q9CV68	112080000	112080000	90480000
Q3UZX0	0	0	191550000
Q80W14	134090000	134090000	196040000
Q3UHD2	47301000	47301000	16475000
P46718	98227000	98227000	0
A0A0G2JGD2	141940000	141940000	130870000
A0A1L1SVA9	296770000	296770000	165420000
Q8BUK9	887340000	887340000	433480000
Q9QWV9	223080000	223080000	153010000
Q8CHY3	0	0	0
Q3URX8	134720000	134720000	144230000
Q9D1T2	310570000	310570000	325900000
F8WGA9	354850000	354850000	255780000
Q8CE59	110240000	110240000	179090000
F6ZXV1	359810000	359810000	247550000
Q05AA6	0	0	0
O70309	3038900000	3038900000	2367500000
F6VQ30	0	0	0
Q9CXI3	0	0	0
Q66JV4	26696000	26696000	45785000
Q6ZPY7	740400000	740400000	902960000
Q99PP9	832060000	832060000	1385200000
Q9CQP2	0	0	0
H3BL74	225850000	225850000	318680000
A0A1C7ZMZ7	0	0	0
Q8BTW3	675440000	675440000	627870000
Q9CUX0	321040000	321040000	239880000
Q05DT3	650660000	650660000	1231900000
A0A0R4J173	1055300000	1055300000	1106600000
Q8VCN5	0	0	0
Q811J3	33376000	33376000	71268000
Q8BXC0	0	0	0
E9Q634	8355900000	8355900000	6091800000
Q8BKY8	259670000	259670000	157330000
F6QCI0	604230000	604230000	888310000
Q3V391	1216600000	1216600000	2273700000
Q91XX4	0	0	0
Q8C9A9	175180000	175180000	120770000
Q9Z188	183530000	183530000	0
Q8BND3	5442800000	5442800000	6455800000
Q61893	1238500000	1238500000	1284900000
Q6S5C2	173450000	173450000	87515000
Q9D198	632450000	632450000	440940000
Q91YT7	252850000	252850000	228250000
Q91YI4	348710000	348710000	194670000
Q56A08	160410000	160410000	173010000
Q8BHX6	467950000	467950000	645020000
Q3UNJ3	2388900000	2388900000	1299400000
Q80X11	0	0	0
Q91YR5	135970000	135970000	121070000
Q9CY97	514530000	514530000	718190000
Q60603	0	0	0
A6X919	156820000	156820000	177910000
Q9DCF9	704020000	704020000	1116000000
Q8R1I3	145120000	145120000	56831000
Q9CPR1	318710000	318710000	44246000
Q6DTY7	0	0	0
Q9D8P4	147760000	147760000	87186000
M0QWW2	124450000	124450000	87895000
Q3V141	244440000	244440000	209990000
Q5SQM0	0	0	0
Q9JJE4	0	0	38542000
D3Z556	937610000	937610000	732940000
Q9D4F8	370180000	370180000	246430000
Q922U9	57361000	57361000	25745000
Q9CQ43	130920000	130920000	282820000
Q9CT84	261620000	261620000	163970000
Q62121	0	0	0
Q8BNN1	0	0	0
Q8C5L6	350110000	350110000	262560000
Q3TYD4	165990000	165990000	0
Q9CQQ0	279660000	279660000	412120000
H3BLJ0	0	0	0
E0CXM3	37241000	37241000	0
Q921U7	3788700000	3788700000	2351700000
Q9D7B1	890100000	890100000	675820000
Q76KF0	153360000	153360000	207050000
Q8K114	200810000	200810000	90675000
D6RHB8	141500000	141500000	152520000
Q5U4C3	190940000	190940000	214920000
Q6AW69	401240000	401240000	738420000
Q8BYP3	0	0	0
Q8C9S4	321020000	321020000	406610000
Q8K335	0	0	0
Q8C147	53149000	53149000	37980000
Q6R5G2	936600000	936600000	1338900000
Q99LH2	612480000	612480000	529780000
Q9CSX9	0	0	0
Q8R216	172280000	172280000	0
Q3UYU8	509410000	509410000	643920000
Q7TN79	468590000	468590000	263410000
Q8CII2	387480000	387480000	549540000
Q78TF3	0	0	0
Q9JJF0	0	0	0
Q3UDK1	290310000	290310000	197660000
Q96DY5	0	0	0
Q9R1S8	273270000	273270000	258800000
P0C090	87870000	87870000	82823000
A0A494BBA3	151620000	151620000	223860000
Q3TMH5	0	0	0
Q8C0J6	1798900000	1798900000	506430000
Q8BU88	739530000	739530000	934430000
Q91XX4	114900000	114900000	141920000
Q921N7	54030000	54030000	108250000
Q9QYI4	98819000	98819000	275040000
Q91XC9	71971000	71971000	227900000
Q8CIP5	0	0	0
Q9EPU5	0	0	35598000
Q80ZD8	0	0	0
Q8K3I4	0	0	0
Q923B0	1422200000	1422200000	886540000
Q9D8D8	212610000	212610000	318890000
E9Q2L1	523450000	523450000	785680000
A0A0G2JDY1	104680000	104680000	454580000
O08528	8297200000	8297200000	6724000000
Q8VED4	265820000	265820000	0
Q8VD26	310060000	310060000	74540000
Q8BZF8	895470000	895470000	647090000
Q3UUF8	0	0	0
A0A1Y7VLL5	348360000	348360000	497090000
Q924S7	168330000	168330000	172730000
Q3V3M0	290250000	290250000	365460000
Q91VC9	777410000	777410000	598650000
Q3UVK0	274520000	274520000	385200000
Q99JR6	59766000	59766000	53751000
Q9CQ73	139760000	139760000	423520000
Q9CQ28	0	0	0
Q3TSN8	0	0	0
Q8R2R6	0	0	0
Q9D5J6	79855000	79855000	103250000
F6R9J2	163210000	163210000	169460000
Q14C00	0	0	0
Q922R7	32458000	32458000	6422300
Q9JKZ2	1307000000	1307000000	861130000
Q4FK28	668540000	668540000	529300000
A0A286YE37	0	0	0
P27545	191770000	191770000	165070000
Q9Z2M6	187280000	187280000	357780000
Q99LE7	1252000000	1252000000	2132000000
Q3TW27	613740000	613740000	354510000
Q3URP7	137300000	137300000	142870000
Q8C4L4	0	0	292090000
A0A1B0GST7	1519100000	1519100000	2245000000
A0A494BAP2	48064000	48064000	72251000
Q8CA06	650870000	650870000	312610000
Z4YK18	431210000	431210000	354490000
P47746	0	0	101000000
Q8BRI7	73259000	73259000	146490000
Q811Q9	88927000	88927000	89357000
Q8BG92	0	0	0
Q6PGG6	386950000	386950000	312690000
Q8BYK2	145400000	145400000	36098000
Q8CFP6	0	0	0
O08585	272550000	272550000	551730000
A0A1Y7VJY7	0	0	0
P59708	107030000	107030000	156910000
Q8K194	167300000	167300000	240320000
D6RI74	0	0	0
Q8BRX2	86076000	86076000	73289000
O88705	0	0	0
Q3V3H6	0	0	0
Q5SP85	0	0	0
Q3UZ63	284090000	284090000	273400000
Q8C4A2	274530000	274530000	225180000
Q8R555	0	0	0
A0A7N9VSZ1	151790000	151790000	183790000
Q3UGX3	0	0	0
Q9ER49	555860000	555860000	466600000
A0A0G2JE17	391360000	391360000	150190000
Q9D8Z6	0	0	141140000
Q9R118	542090000	542090000	705440000
A0A0U1RNT0	1248400000	1248400000	1035900000
Q91YR9	2769400000	2769400000	2725100000
A0A2I3BS07	2442100000	2442100000	1243900000
Q3TQJ1	0	0	0
B2RWJ3	0	0	0
Q8BWW9	4112400000	4112400000	3281800000
Q6GQV9	600420000	600420000	325990000
Q80Z28	112550000	112550000	216900000
Q91Z33	73430000	73430000	83505000
Q8C0Y0	95136000	95136000	114060000
Q7M729	0	0	0
Q80XC2	116300000	116300000	131770000
Q8R1K9	220350000	220350000	137980000
Q8K004	0	0	0
A2I833	199620000	199620000	105590000
Q8C7G6	605540000	605540000	809720000
Q3TAM4	73516000	73516000	109560000
Q9CXX9	101680000	101680000	65203000
Q3UZD4	336330000	336330000	340760000
P05555	1495200000	1495200000	731900000
J3QPT8	1520300000	1520300000	2389000000
Q8CHK3	486190000	486190000	314600000
Q8R1R3	0	0	0
F7D0T1	0	0	0
Q9CY16	379300000	379300000	366210000
Q8BUY5	222120000	222120000	254520000
Q8R3V5	0	0	0
Q99LT0	210560000	210560000	376120000
Q3TZP5	105760000	105760000	0
Q9QXW2	0	0	0
Q8C3C5	415250000	415250000	531350000
Q9CR56	105580000	105580000	203000000
Q99LI5	172940000	172940000	59284000
Q80Y83	126720000	126720000	146350000
V9GX00	396790000	396790000	414870000
Q542U7	136070000	136070000	187060000
F6XNR8	57022000	57022000	0
Q8BSB5	166240000	166240000	169930000
Q8BWJ3	210680000	210680000	74761000
Q8BJZ0	184510000	184510000	309650000
Q9Z160	1291900000	1291900000	475010000
Q9D6T3	137210000	137210000	144080000
A0A0J9YV73	376730000	376730000	286570000
A0A0G2JFS2	261430000	261430000	67544000
Q8BGE2	754870000	754870000	600270000
E9Q5K9	227850000	227850000	353200000
Q80U12	0	0	0
Q921M0	0	0	0
D3Z1J5	14091000000	14091000000	14715000000
Q9CVY4	0	0	0
Q8BWC1	0	0	0
P22935	582180000	582180000	1528600000
Q3TZG0	423440000	423440000	261850000
Q8BYD1	148150000	148150000	168220000
Q9D4C4	144060000	144060000	178610000
Q7TPD2	366000000	366000000	171170000
Q543D7	608010000	608010000	694210000
F6VMP2	2495300000	2495300000	2126400000
Q8R242	280840000	280840000	312070000
A0A0U1RQ20	409090000	409090000	303580000
A2AP88	174510000	174510000	583640000
A2ALI5	0	0	0
Q8BQT4	255810000	255810000	331840000
E3VX18	491400000	491400000	268110000
Q8BR32	236620000	236620000	228680000
Q3TVC3	1256200000	1256200000	1162300000
Q3UN16	0	0	0
H3BKM2	465500000	465500000	674160000
Q9D6U7	1013300000	1013300000	242660000
A0A2R8W6X3	0	0	0
Q3UH28	248630000	248630000	223790000
Q3TNR8	536820000	536820000	442220000
Q14DT0	130020000	130020000	94409000
E9Q6T9	157590000	157590000	104850000
Q8C295	783020000	783020000	1006400000
P52432	329020000	329020000	282750000
Q3TNQ6	0	0	146350000
Q6DVA0	1339700000	1339700000	1633000000
Q9R088	246480000	246480000	168970000
Q9CPV3	0	0	0
Q9CPR7	105210000	105210000	0
Q8BYR1	113710000	113710000	141820000
Q6ZPP6	222100000	222100000	106130000
Q8BSN6	362710000	362710000	546210000
Q3TAA7	114450000	114450000	29166000
D6REG2	115930000	115930000	155990000
F6SGT4	432870000	432870000	514580000
Q80Z38	0	0	0
Q9CVG6	347350000	347350000	225680000
Q99NH2	830470000	830470000	731690000
Q3UBK0	0	0	0
Q3T995	149940000	149940000	86169000
Q8CI70	99878000	99878000	147200000
P20263	0	0	0
Q9CWF6	657100000	657100000	591410000
Q8K199	175970000	175970000	87877000
Q3UHF7	12491000	12491000	93117000
Q8VDV7	393680000	393680000	125380000
Q9D1C3	0	0	0
F6VDD7	397410000	397410000	565090000
F6RF61	126610000	126610000	163390000
Q99J74	140230000	140230000	67338000
P60882	118050000	118050000	241840000
Q8BZR4	789530000	789530000	150790000
Q9Z2G9	94850000	94850000	122340000
E9Q9K1	0	0	0
Q9D6F3	69333000	69333000	58735000
Q64332	0	0	0
Q5PR04	647800000	647800000	375290000
Q80YE7	100900000	100900000	40215000
Q8BS39	0	0	0
Q80TT7	268890000	268890000	225700000
P23475	1785000000	1785000000	874070000
Q3V2C5	304940000	304940000	734380000
Q8BHZ4	148680000	148680000	0
Q8BH97	1742100000	1742100000	829170000
Q80ZX8	177840000	177840000	205840000
Q8VCK0	88957000	88957000	182650000
Q8R214	360650000	360650000	245880000
Q8CBU8	145180000	145180000	101090000
G3UZ98	434420000	434420000	454340000
Q8BXA5	318030000	318030000	229160000
Q3UUJ6	0	0	0
Q9WTS2	207650000	207650000	121810000
Q61103	329520000	329520000	818700000
Q8BU87	441960000	441960000	370700000
Q9D958	565980000	565980000	914330000
Q3UX22	458660000	458660000	652150000
Q9CZV8	171470000	171470000	228840000
Q9CYN8	127470000	127470000	171090000
Q3TKI8	728570000	728570000	1214400000
Q8BZX4	484970000	484970000	312190000
Q9CQS2	144360000	144360000	228590000
Q6PFV6	202000000	202000000	158510000
F6RN19	64100000	64100000	0
Q0VGS1	38439000	38439000	0
A0A286YEE4	528340000	528340000	371620000
Q6JWR1	0	0	0
Q8C031	0	0	0
Q9D6K7	164390000	164390000	450730000
Q9D6J9	169050000	169050000	62353000
A0A654IEJ3	0	0	0
Q8BYK5	0	0	0
Q3TD87	481410000	481410000	485620000
Q8R4Z5	310600000	310600000	160550000
Q8BXA0	0	0	0
Q8CHD5	140860000	140860000	54603000
F2Z407	107200000	107200000	74293000
Q6S5J6	398280000	398280000	268310000
J3QN26	1504600000	1504600000	721850000
G3UX45	116540000	116540000	50044000
D3Z7D5	0	0	57492000
Q711T1	99744000	99744000	88780000
Q14AX0	0	0	47658000
Q501J7	1018600000	1018600000	745820000
Q8R088	480570000	480570000	344160000
Q9D938	90224000	90224000	153960000
Q8VC31	134800000	134800000	120470000
Q80W45	214380000	214380000	278700000
Q9JMB0	497060000	497060000	428140000
Q62120	305060000	305060000	225690000
Q8R1J9	0	0	84429000
Q3U7U0	412430000	412430000	620410000
Q91Z92	262050000	262050000	326710000
Q8BJK8	3339200000	3339200000	2302000000
A0A0A6YWX8	147270000	147270000	87789000
E0CYX8	104110000	104110000	130950000
Q6PDG8	265580000	265580000	128870000
Q3TY86	0	0	0
Q6ZWQ7	762820000	762820000	816530000
G3UWN0	224890000	224890000	158150000
Q8CAV5	569820000	569820000	602490000
A0A494BAJ9	138460000	138460000	420780000
Q8C9Q9	4892800000	4892800000	5810300000
A0AAQ4VMT4	0	0	0
Q6RI63	43461000	43461000	0
Q9ES70	439690000	439690000	587840000
V9GX90	982260000	982260000	1700700000
Q9CRA9	301330000	301330000	260730000
Q9D483	140880000	140880000	126710000
Q3V188	0	0	0
Q9DBI3	391740000	391740000	231080000
Q06BK5	512620000	512620000	998990000
V9GXP1	345920000	345920000	265230000
B1AZA7	2065000000	2065000000	2484000000
Q9DB43	775980000	775980000	427690000
Q8CGI1	306560000	306560000	154120000
Q99J56	294950000	294950000	100530000
D3Z258	0	0	0
Q9EQX4	1767200000	1767200000	871140000
Q8C5A5	73454000	73454000	63106000
Q8BHG9	252790000	252790000	205660000
A2AFJ4	293710000	293710000	407480000
Q8BME9	0	0	0
F8WIP1	156160000	156160000	255760000
Q9D046	1034200000	1034200000	620950000
Q9EST4	169450000	169450000	330200000
Q8R3U8	166950000	166950000	267200000
Q9EPB5	292740000	292740000	235710000
Q3UPW6	0	0	0
Q0VDW9	0	0	0
Q569Y3	141520000	141520000	248650000
A0A1D5RMJ9	72520000	72520000	0
Q4VAA7	946720000	946720000	1745800000
F6WIM8	950950000	950950000	373460000
Q920A7	1081000000	1081000000	738420000
Q3TR38	288160000	288160000	371630000
P97789	858410000	858410000	521820000
E9QK83	749790000	749790000	591250000
P58269	0	0	0
Q923S9	0	0	0
Q9CXY7	138000000	138000000	132930000
Q6PB70	227950000	227950000	111140000
Q8BJT4	192490000	192490000	215570000
Q8C2Y2	115830000	115830000	79873000
Q544V2	0	0	0
A0A2U3TZF4	24194000	24194000	36061000
Q9QZW0	672320000	672320000	605740000
A0A0A6YWL7	0	0	0
Q3TS81	0	0	0
A2AW15	31834000	31834000	0
Q9CWN7	162720000	162720000	0
A0A1D5RLJ8	437420000	437420000	343990000
Q8BG15	35667000	35667000	0
Q8C3R1	57095000	57095000	50424000
Q9CZ19	176680000	176680000	218740000
Q80TL9	28460000	28460000	19329000
Q6DFV5	50412000	50412000	42076000
P28653	103090000	103090000	149670000
Q9D632	34263000	34263000	134790000
Q3TMX7	318060000	318060000	277430000
Q91X22	0	0	0
Q8BTG7	0	0	0
D6RJ48	36320000	36320000	88058000
F7B0S9	0	0	0
Q7TPN9	81949000	81949000	100570000
Q3TVJ9	0	0	0
Q99KG2	244240000	244240000	202300000
Q8VHV1	0	0	0
Q8VDP3	1172700000	1172700000	746020000
Q9DB96	71203000	71203000	114550000
P06684	129430000	129430000	169570000
P12657	0	0	0
Q4FJR0	1838800000	1838800000	1381700000
Q69ZL1	97595000	97595000	0
P63147	389470000	389470000	340700000
P11930	0	0	0
A0A0J9YUR4	79705000	79705000	82101000
Q8CCM0	0	0	0
F6TAL7	617940000	617940000	642030000
E9PYU4	0	0	0
Q9QXL8	546010000	546010000	232170000
E9Q754	129480000	129480000	55472000
A0A494BA96	0	0	97513000
Q3V260	142530000	142530000	127160000
Q497U9	2273000000	2273000000	2149200000
A0A3B2W829	308620000	308620000	288810000
Q2WF71	0	0	0
F6TBE5	382440000	382440000	209870000
Q8BU04	201110000	201110000	303010000
Q8BTS9	490460000	490460000	327080000
Q8BJG7	292060000	292060000	0
D3YXP9	918930000	918930000	574950000
Q80UQ3	300400000	300400000	175070000
O70622	0	0	0
I6L9G0	299210000	299210000	260000000
O89083	416710000	416710000	709880000
A0A494BB58	1361800000	1361800000	871810000
Q8BZJ4	151260000	151260000	170680000
P83877	336570000	336570000	254070000
Q5RKR3	9302500	9302500	0
Q8BYK4	0	0	0
A0A1W2P8E2	784010000	784010000	641970000
Q3UXJ8	91484000000	91484000000	97331000000
F6TIK3	108940000	108940000	146130000
Q8VC21	0	0	123340000
F7BE32	717740000	717740000	756960000
B3DFI8	92466000	92466000	39321000
A0A2R8W6G1	534660000	534660000	487040000
Q059T5	857570000	857570000	703730000
O88974	216060000	216060000	226410000
Q9D8K4	232020000	232020000	191740000
Q9EPQ7	360390000	360390000	336100000
Q80T90	234720000	234720000	156990000
Q3TLQ4	552950000	552950000	621450000
Q9CYA0	4366600000	4366600000	4471600000
Q3UN90	0	0	0
Q8CDJ3	0	0	0
Q80X95	119450000	119450000	137640000
G3UW79	0	0	0
A2AMG5	187050000	187050000	152440000
Q6P5D3	356620000	356620000	323420000
Q7TN99	0	0	0
F7AAC3	401410000	401410000	238520000
F6TGV1	231920000	231920000	354080000
A2AGK3	54620000	54620000	90808000
D3YVJ8	187410000	187410000	140390000
P31361	715670000	715670000	877610000
Q9R0E2	709270000	709270000	671590000
Q9D1P2	52240000	52240000	72517000
H3BLF5	84339000	84339000	84635000
P0DJE0	44928000	44928000	79532000
Q62158	0	0	244130000
B9EKL6	58320000	58320000	0
Q8BNM3	441610000	441610000	409240000
Q9CQQ8	0	0	0
E9Q5C9	611330000	611330000	787160000
Q00623	0	0	0
Q3TLU8	287880000	287880000	205920000
H3BLB4	275480000	275480000	205330000
Q80YV0	24605000	24605000	33808000
O08580	0	0	0
Q9Z2G1	0	0	0
O88983	918060000	918060000	1522400000
D3Z2D8	0	0	0
Q6ZQ80	69524000	69524000	79453000
Q9QZA0	180160000	180160000	167210000
Q3UX90	0	0	108490000
Q8C036	96556000	96556000	68813000
Q2TFN8	172840000	172840000	175330000
Q8BRP0	2248100000	2248100000	1774600000
O70496	205260000	205260000	205630000
Q08091	20698000000	20698000000	13360000000
Q3U3E2	216560000	216560000	253570000
A0A2I3BPY2	0	0	0
Q61458	295020000	295020000	0
Q3TRW5	347510000	347510000	0
Q9CQE2	73835000	73835000	73214000
Q8C3P5	174530000	174530000	121440000
Q2EMV9	120930000	120930000	198030000
Q99KV5	658580000	658580000	198150000
D3Z3Z8	111050000	111050000	245760000
Q9CTY6	374640000	374640000	446480000
A0A3B2W417	146550000	146550000	359400000
Q8C9B9	277550000	277550000	50906000
P27641	731500000	731500000	1332400000
Q8QZS2	0	0	0
E9QN38	0	0	0
G3X9W4	116460000	116460000	80019000
Q9ESJ0	326100000	326100000	271590000
Q8C103	1116800000	1116800000	872660000
Q9WTX8	879850000	879850000	1039100000
P47743	0	0	0
Q3U3V2	170240000	170240000	98368000
Q91ZE0	1517000000	1517000000	720410000
P09926	0	0	112010000
D3Z2D8	0	0	0
O08526	468470000	468470000	204980000
Q5U5M8	122260000	122260000	158140000
Q8C9L0	1564600000	1564600000	1390100000
Q3TQR8	1148600000	1148600000	700960000
D3YV69	792320000	792320000	890010000
Q8C2N7	166470000	166470000	271670000
Q8C7J6	373100000	373100000	434150000
Q3UXH3	34900000	34900000	13922000
Q8VH36	91689000	91689000	127150000
Q6P8J2	89136000	89136000	321390000
Q91VU7	927290000	927290000	1008200000
F6QUA9	254880000	254880000	206010000
Q8VH37	508390000	508390000	64175000
Q9D1I6	328940000	328940000	260880000
Q3UHC0	0	0	0
Q3UQV3	0	0	0
Q7TPM9	204750000	204750000	297730000
Q78P92	213300000	213300000	369090000
Q3TJ23	0	0	0
Q3UYI4	0	0	0
A0A2R8VHM9	440480000	440480000	374720000
Q922E6	379150000	379150000	315650000
Q9D0P8	784800000	784800000	938150000
Q9CQN3	1288700000	1288700000	432370000
Q9D4J1	105620000	105620000	146940000
Q8VCN8	1309400000	1309400000	1480300000
Q3TRN4	32545000	32545000	24162000
Q91XL3	108220000	108220000	169940000
Q62440	97091000	97091000	0
Q7M6Z0	0	0	0
Q8CED1	441870000	441870000	280380000
P16406	0	0	0
Q8CAH4	0	0	0
Q8C9M9	211390000	211390000	219160000
Q9JHG0	0	0	0
Q3ZB59	367800000	367800000	317390000
Q9CZP0	0	0	0
A2AUM2	300070000	300070000	269250000
Q8CFL4	51059000	51059000	0
A0A0A6YWP3	167980000	167980000	209040000
Q6IQX7	89223000	89223000	55807000
Q6QD59	312020000	312020000	451880000
Q8BPA8	371330000	371330000	392480000
Q8CD64	0	0	0
Q9Z0M3	0	0	0
Q9Z2E1	249010000	249010000	314420000
A8IP73	0	0	0
A8Y5P2	0	0	105220000
Q9CRI3	478120000	478120000	487250000
P70279	190730000	190730000	414850000
Q5SSW2	381570000	381570000	490230000
Q3TU52	364260000	364260000	151310000
Q8BTR5	0	0	0
Q6PAC3	304850000	304850000	436950000
A0A087WSC4	137690000	137690000	98327000
F6YLH2	0	0	0
Q8C736	1857000000	1857000000	1329900000
Q8CD19	0	0	0
Q8BJ14	178590000	178590000	212470000
Q9CW82	2039700000	2039700000	1399600000
Q3URT4	0	0	0
Q549X4	0	0	0
Q8K4A0	0	0	0
Q91XX4	50220000	50220000	107940000
Q8R2M2	294000000	294000000	325020000
Q3U1I8	330290000	330290000	176300000
Q9Z120	253880000	253880000	190930000
A0A338P6C2	0	0	175550000
Q4FJL9	346950000	346950000	187820000
E9QP09	387500000	387500000	461610000
Q9CQJ2	154120000	154120000	168390000
A0A0G2JEH4	213780000	213780000	220380000
Q8VCV1	0	0	92675000
Q8CD57	0	0	0
E9Q1Y4	0	0	0
Q9ER41	305850000	305850000	159140000
Q9CR11	39276000	39276000	46993000
Q8BTU1	587710000	587710000	778880000
Q99J27	236440000	236440000	223580000
Q8C7V3	1115800000	1115800000	1121200000
O35730	242240000	242240000	408070000
D6RDT2	338290000	338290000	357240000
Q8K2I1	607540000	607540000	673570000
Q3UWJ8	0	0	0
Q8K3I9	21334000	21334000	34808000
Q8CIZ8	0	0	0
Q3V419	300480000	300480000	238600000
Q9WU56	355450000	355450000	522930000
Q9DBU6	378030000	378030000	497150000
Q6NSQ9	0	0	0
Q3TTC5	149010000	149010000	87115000
Q3T983	562410000	562410000	303680000
Q3UY15	0	0	0
Q9JMJ7	38486000	38486000	0
Q8CBG0	0	0	62602000
Q9D9K3	93418000	93418000	0
Q8VHG2	194790000	194790000	127840000
Q9CPT5	430330000	430330000	806180000
Q05C12	104490000	104490000	364110000
Q3U2B2	567600000	567600000	1047500000
Q8BRJ3	0	0	0
Q9D2V8	0	0	62648000
Q8CC86	330820000	330820000	248320000
Q9JIH2	582400000	582400000	474520000
Q3V2W1	196030000	196030000	113140000
Q8BLH7	88779000	88779000	143360000
Q8BP78	0	0	0
Q3TJN5	744190000	744190000	868750000
Q3USH5	62303000	62303000	73695000
Q3UWT7	79930000	79930000	49557000
Q9QYK7	0	0	0
Q569V4	991640000	991640000	798970000
Q8C028	0	0	42623000
Q91Z96	794800000	794800000	1033100000
Q9D0I6	64190000	64190000	133900000
Q9CYU9	69146000	69146000	0
Q8VCZ6	150880000	150880000	174080000
F6YIT4	113310000	113310000	33204000
Q8BG58	0	0	0
Q811C2	0	0	0
Q9ERN0	674930000	674930000	1969900000
A0A0U1RQ29	4328200000	4328200000	3402500000
Q9CQE6	433550000	433550000	343580000
Q3UYP0	310200000	310200000	0
Q3TJT6	127830000	127830000	98063000
Q60953	278730000	278730000	289230000
Q6PDN0	110130000	110130000	88283000
Q8CHZ3	0	0	0
Q9CRE0	180390000	180390000	166970000
D3Z2L1	308910000	308910000	165770000
Q3UWY6	0	0	0
Q6PFX2	0	0	0
Q9JJZ4	329420000	329420000	353840000
P59470	212760000	212760000	272690000
Q8C739	0	0	0
A0A1L1SQ47	29707000	29707000	0
Q91W18	343680000	343680000	377110000
Q4FK56	0	0	0
Q9D6I9	0	0	0
A0A0R4J139	147450000	147450000	397450000
Q3TEP1	244220000	244220000	433410000
Q8BTG7	0	0	0
Q9CQV7	0	0	0
Q8CG95	100140000	100140000	105350000
Q80VF9	15459000	15459000	0
Q8BJU9	0	0	0
Q9D903	953940000	953940000	1302900000
Q61624	373090000	373090000	532610000
Q9CT91	240710000	240710000	274410000
E9Q9D5	346460000	346460000	319530000
Q9DBG9	1394700000	1394700000	445230000
Q07409	0	0	0
Q9Z255	0	0	0
Q8C3Q9	0	0	76213000
J7NUP1	1568400000	1568400000	1129400000
P50608	0	0	0
Q5SWN9	125730000	125730000	62398000
Q8C5Q1	263790000	263790000	138200000
Q9JJN6	0	0	0
Q6ZWZ2	436410000	436410000	349910000
Q8C769	266510000	266510000	73407000
Q8K070	0	0	0
Q9JM93	0	0	321530000
Q7TNE1	105760000	105760000	219930000
Q8CAF4	336700000	336700000	202510000
A0A286YEA1	639090000	639090000	349690000
B7ZNG9	0	0	0
A0A1B0GSB1	1114200000	1114200000	831400000
Q921I1	0	0	0
Q8BXG3	308810000	308810000	262140000
Q8BK77	524590000	524590000	360290000
Q8K0N1	96897000	96897000	0
Q8CE33	148690000	148690000	113450000
Q80W49	0	0	0
Q8CIB6	0	0	216760000
A2BI31	489080000	489080000	0
F6RXX6	148960000	148960000	183920000
Q8CC52	243060000	243060000	158690000
Q3TMM0	0	0	0
Q3TPJ6	272140000	272140000	107080000
Q6P0X7	87061000	87061000	75463000
Q5SVQ0	164360000	164360000	94237000
Q0VB97	0	0	0
Q9WTR6	0	0	269410000
Q3UZW2	0	0	0
Q8BHK1	0	0	0
D3YWD6	86091000	86091000	18580000
F2Z3X1	0	0	0
A0A0A6YWQ7	46197000	46197000	173340000
Q9Z306	0	0	0
A0A0G2JGY5	296870000	296870000	240200000
Q9JKP5	194500000	194500000	121070000
Q8C3N3	82282000	82282000	36324000
Q6ZQH0	940690000	940690000	597310000
Q9R0Z9	0	0	0
Q9D428	0	0	0
Q923C1	254930000	254930000	235240000
Q80V03	0	0	0
Q9D2V5	253680000	253680000	206380000
Q921Q6	43811000	43811000	20294000
Q5NCE8	0	0	0
Q8K297	223490000	223490000	124590000
Q3TMP1	495850000	495850000	409890000
B1AX06	0	0	0
Q9ERQ3	16582000	16582000	0
Q8C0K5	45067000	45067000	65939000
Q9CVR9	0	0	0
Q8C2L6	98328000	98328000	136100000
Q3TCN5	164320000	164320000	227380000
Q5SXA9	494720000	494720000	382970000
Q8K223	167080000	167080000	87697000
Q99LU0	244220000	244220000	336460000
Q8C1E7	136460000	136460000	141990000
Q3TTH0	4572400000	4572400000	4040100000
E9PW03	0	0	49359000
Q8K1B2	0	0	0
Q9ERM4	4917300000	4917300000	3784300000
Q1XG81	0	0	0
Q14BV6	0	0	108090000
A0A1L1ST25	583470000	583470000	830290000
Q8CAR2	0	0	0
Q9CYC6	105120000	105120000	164420000
B2RTJ2	108310000	108310000	0
Q8VD72	904470000	904470000	795740000
P49769	513870000	513870000	412200000
Q6NZK8	367990000	367990000	271020000
F2Z431	252790000	252790000	129100000
Q3U0U7	251180000	251180000	235340000
O55102	188540000	188540000	0
Q811G0	1067200000	1067200000	766110000
E0CY18	42763000	42763000	40339000
Q6ZQ91	3675900000	3675900000	3239100000
Q8C4L7	0	0	0
Q9R0C8	163350000	163350000	187970000
Q8R3W5	0	0	106500000
Q9CXY1	877780000	877780000	1238800000
Q9D2C2	264340000	264340000	194320000
Q3U1N8	262110000	262110000	258610000
F6W3Q8	1065700000	1065700000	495220000
Q9D1A6	575880000	575880000	361010000
Q5DU48	88067000	88067000	0
Z4YN41	477740000	477740000	347180000
Q7TMY4	131090000	131090000	181120000
Q8CFE3	160860000	160860000	125140000
Q3UES8	481330000	481330000	492840000
Q4PZA2	0	0	0
Q80ZU5	450020000	450020000	195000000
Q91VL8	183890000	183890000	101620000
D3Z7N4	0	0	82983000
Q8C871	172110000	172110000	272110000
Q3UIK4	227160000	227160000	231080000
Q9DCD5	451860000	451860000	493460000
G3UYN8	191130000	191130000	195470000
F6VQZ6	0	0	0
Q8BG93	51823000	51823000	74441000
Q9QUI3	0	0	0
Q8BTE4	404570000	404570000	586800000
V9GX65	430850000	430850000	240100000
Q91VC7	0	0	0
Q8C4C4	0	0	0
D0VYV7	128930000	128930000	36236000
Q3TSH3	70348000	70348000	63639000
Q04692	300550000	300550000	144720000
F6ZFG8	129800000	129800000	109520000
Q3T9F4	125310000	125310000	96456000
Q91YY4	307850000	307850000	318420000
Q80YA9	0	0	0
Q80YD6	34647000	34647000	77040000
Q8BMY3	968850000	968850000	876810000
Q8CBT3	436780000	436780000	402240000
Q6KCD5	420230000	420230000	635470000
P70320	149960000	149960000	166640000
Q8BNA6	16072000	16072000	0
Q64237	0	0	0
Q6A037	218870000	218870000	132930000
Q9EQM6	0	0	45009000
Q99LJ0	947740000	947740000	592390000
O70403	0	0	0
Q78TU8	127850000	127850000	302060000
O89032	0	0	110680000
F2Z404	160760000	160760000	36981000
P59242	0	0	389650000
Q8BL41	0	0	0
Q6NT99	0	0	0
F6W8I0	0	0	0
Q8CFQ0	0	0	0
A2A9P8	49424000	49424000	0
Q80X37	14091000000	14091000000	7769200000
Q8BVG8	234310000	234310000	167720000
A0A0J9YUP8	149560000	149560000	63285000
Q8C8T7	52966000	52966000	69906000
Q8JZM0	298080000	298080000	216870000
Q8BJL3	0	0	0
Q9EPA7	97915000	97915000	0
Q5U4B1	199900000	199900000	210200000
Q9CWU8	115310000	115310000	197700000
S4R1Z0	559840000	559840000	436470000
A0A2I3BRS6	331700000	331700000	198000000
P70261	1077300000	1077300000	721230000
Q91WJ0	0	0	0
Q8VHK1	222700000	222700000	276280000
A0A172Q399	39076000	39076000	0
Q3U234	0	0	0
A0A087WRI6	130860000	130860000	198050000
Q9DC40	166950000	166950000	83554000
A0A0J9YVB7	252000000	252000000	174160000
F7CBJ9	355980000	355980000	219360000
Q8VEG6	0	0	41136000
Q3U3R4	132970000	132970000	180400000
Q3T9H8	251330000	251330000	88030000
Q99JY4	204080000	204080000	0
Q9CQF6	63085000	63085000	0
Q8BHI4	105350000	105350000	0
H3BLJ6	274510000	274510000	510340000
E9Q109	251310000	251310000	215560000
Q8K1C4	0	0	0
Q9JIL5	0	0	0
Q3U2S4	0	0	0
Q80W37	163270000	163270000	125570000
Q6P6N5	0	0	0
D6RFP6	39114000	39114000	0
A7M7T5	155550000	155550000	143870000
Q3TU60	127620000	127620000	295870000
G3UY39	291610000	291610000	613450000
Q8VC88	179160000	179160000	135460000
P49070	218720000	218720000	216100000
Q9D5R5	0	0	0
Q8BSJ8	384710000	384710000	317020000
Q8BHS8	210830000	210830000	207530000
Q8BH01	228990000	228990000	99580000
Q8C373	258650000	258650000	208900000
D3YTQ6	321190000	321190000	406160000
A2ALW2	0	0	0
A0A286YD31	115050000	115050000	113570000
D3Z0Q3	100820000	100820000	58377000
Q9D4V7	60743000	60743000	79858000
D3YVV4	368690000	368690000	0
Q8CHG0	76449000	76449000	34553000
D3Z4J6	193540000	193540000	135120000
G3BKF2	456090000	456090000	637670000
A0A2I3BPS3	401410000	401410000	304430000
A2AV19	314270000	314270000	254340000
Q8BXL7	272540000	272540000	183800000
Q6A051	0	0	286010000
O88459	201400000	201400000	118170000
Q91WI7	83181000	83181000	91282000
Q3ULL2	135000000	135000000	0
S4R2J8	261650000	261650000	224970000
Q62303	1588500000	1588500000	2424300000
Q9D5Y1	1770800000	1770800000	4229500000
E9QPR4	204350000	204350000	267850000
Q3UMX8	175610000	175610000	0
Q9D3N8	195550000	195550000	207520000
Q61809	92723000	92723000	110090000
Q9D1G2	71460000	71460000	0
Q3UJA1	452000000	452000000	674700000
Q3TDV5	2041500000	2041500000	1999000000
Q6PCS8	537650000	537650000	137830000
B9EKC2	2638400000	2638400000	1959700000
Q8R3B6	214750000	214750000	0
Q9D0I8	465170000	465170000	795190000
Q8BJK2	120530000	120530000	142610000
Q7TSZ8	137210000	137210000	34963000
Q8BGU2	0	0	0
Q8BSE0	144070000	144070000	230840000
Q2VPD3	0	0	0
Q3U2N8	89625000	89625000	148090000
Q8CEX3	644570000	644570000	436820000
Q9JJB6	275750000	275750000	159670000
Q497H7	150470000	150470000	104680000
Q3UWU4	86098000	86098000	0
Q8CGF0	597060000	597060000	702760000
D3Z286	190420000	190420000	181260000
A2BGY5	179660000	179660000	190540000
Q9CQY1	117330000	117330000	34464000
F6ZE47	0	0	0
O35623	329880000	329880000	188490000
Q9JLC4	356380000	356380000	114960000
A0PJC2	1459900000	1459900000	1285800000
Q3UTH0	0	0	0
Q3TRC2	307670000	307670000	571700000
B2RQF4	0	0	0
Q9D0C4	270140000	270140000	261470000
Q61895	598800000	598800000	218080000
F7CVI0	0	0	0
Q5U4C7	140440000	140440000	187360000
Q6NZL8	42595000	42595000	0
Q3TAP7	87697000	87697000	99919000
Q9CSF9	3030000000	3030000000	2786600000
Q80VC8	0	0	0
Q6P6Q1	0	0	0
A0A0J9YVC8	141220000	141220000	98603000
Q9Z123	0	0	0
V9GX25	329770000	329770000	173450000
A4FVD1	0	0	38343000
F6VRB4	162000000	162000000	221690000
Q8BXT6	212970000	212970000	294240000
Q8CBY7	394770000	394770000	312540000
D3Z6I0	242200000	242200000	312510000
Q571J4	0	0	0
Q66T02	293180000	293180000	43629000
A2ATU0	3395700000	3395700000	3863300000
Q91WM3	555830000	555830000	577660000
Q9DA03	0	0	0
Q3U3A3	264990000	264990000	197330000
Q8BZZ3	64778000	64778000	54288000
O70423	0	0	121510000
Q80XU8	0	0	0
Q8BGH5	515650000	515650000	247290000
Q6PER3	0	0	0
Q8BQS1	337920000	337920000	319010000
O88428	85567000	85567000	405590000
Q91YD6	0	0	0
Q3UFE4	430030000	430030000	268600000
Q05CA9	99913000	99913000	80143000
P29452	140390000	140390000	180140000
D6REI9	0	0	0
R4GML8	271290000	271290000	286310000
Q9WVL6	494780000	494780000	992080000
Q921T5	154000000	154000000	183230000
Q8BHJ6	33118000	33118000	0
A2A7A8	118670000	118670000	139740000
A1L351	0	0	0
Q8CD72	629540000	629540000	759720000
Q3TKL3	154090000	154090000	155810000
Q5U221	32920000	32920000	319840000
Q9CRZ6	169470000	169470000	405210000
Q9D6J4	0	0	0
E9Q672	0	0	0
P97303	12977000	12977000	8582000
Q8VI51	0	0	0
Q9DC22	83822000	83822000	76648000
A0A3B2WAX4	198010000	198010000	173470000
Q544T5	911120000	911120000	1220000000
Q9D281	4434800000	4434800000	2891000000
Q9WVF8	0	0	0
Q3V3C5	0	0	23347000
Q8BH65	411840000	411840000	343510000
Q8BGK5	456860000	456860000	535050000
Q99P30	0	0	0
Q8C214	428150000	428150000	469150000
Q3UX67	96645000	96645000	72729000
D6RIN1	346880000	346880000	606570000
Q3V411	0	0	191640000
Q80U38	265970000	265970000	435750000
Q9D6N1	0	0	0
A0A1B0GT82	367390000	367390000	261800000
Q8C3I8	212240000	212240000	224950000
E9Q3C1	0	0	0
Q9CXF6	312580000	312580000	284090000
P27005	0	0	0
Q5NCQ5	93570000	93570000	76565000
Q99K74	233360000	233360000	205210000
B1AXP6	0	0	45748000
Q8R2L5	0	0	0
Q8C3P2	233210000	233210000	429780000
Q9CSM8	399900000	399900000	381370000
Q8R1Q9	278150000	278150000	495630000
A2AML9	0	0	0
P16015	200410000	200410000	416290000
Q9DBR2	109950000	109950000	135940000
A2AC29	0	0	250330000
Q60647	0	0	0
O35126	157360000	157360000	289690000
Q3TUA9	0	0	0
P54116	3213300000	3213300000	2648000000
Q14DH7	229660000	229660000	0
Q8CAM1	483290000	483290000	478530000
Q3TS14	0	0	0
Q9Z1R4	185900000	185900000	156540000
Q925L1	248290000	248290000	125520000
Q6PGG9	260150000	260150000	309140000
Q8R179	110240000	110240000	99819000
Q3UEC0	275570000	275570000	278940000
Q8CD10	691900000	691900000	542050000
Q8BLZ1	184780000	184780000	318160000
Q8C5F9	412080000	412080000	329140000
Q8CFP3	0	0	0
Q9D7Z3	127270000	127270000	141870000
Q9ERB5	87348000	87348000	0
Q8CC27	0	0	0
Q3UUZ3	361020000	361020000	788160000
Q91XE4	374320000	374320000	306790000
Q9CSB7	292620000	292620000	179060000
Q6ZPG3	673130000	673130000	425530000
Q08122	399020000	399020000	268890000
Q3TQZ8	318970000	318970000	691420000
Q8CHG5	0	0	63299000
Q5XG68	194010000	194010000	173860000
Q9D8Z2	147200000	147200000	151190000
Q3V2H8	367390000	367390000	366040000
Q99KJ0	0	0	0
Q8R323	65734000	65734000	0
Q9D2I5	335710000	335710000	245260000
Q9DCC7	0	0	0
O08738	1093700000	1093700000	1415500000
Q9Z224	0	0	66870000
A0A494BAV3	502880000	502880000	350040000
Q8C576	0	0	218240000
Q9CVE7	196910000	196910000	17567000
Q9WV95	0	0	0
A2RS47	0	0	0
P53798	26125000	26125000	37387000
P52840	0	0	0
Q68V26	0	0	0
Q3UX43	42766000	42766000	0
F8WIJ8	40314000	40314000	58552000
Q80TS8	0	0	0
S4R1R2	270490000	270490000	232850000
Q7TNL9	163090000	163090000	400130000
A2A5W8	0	0	0
Q8BW14	0	0	0
Q9R049	79738000	79738000	204400000
Q9CTH5	0	0	0
Q80YR9	0	0	187840000
D3YZB5	108750000	108750000	135120000
Q8CD95	28318000	28318000	48927000
D3Z0Q9	0	0	0
Q9QY15	0	0	0
Q5DU30	324590000	324590000	218990000
Q64339	204340000	204340000	276690000
Q3UR81	85127000	85127000	68875000
Q9WV38	0	0	0
D3Z2A4	0	0	0
Q8BV28	32028000	32028000	50185000
Q9WTP5	0	0	0
Q66JT5	377540000	377540000	293270000
B1B1D7	528150000	528150000	696930000
Q8CIT8	213090000	213090000	306220000
A0A2R8W6X5	128710000	128710000	86731000
Q9D1L5	227920000	227920000	307090000
Q60715	4142800000	4142800000	6253200000
Q76JQ0	0	0	0
A0A384DV63	0	0	0
Q810B9	0	0	0
Q8BG30	262970000	262970000	347590000
Q9WVL1	0	0	35413000
Q8BM92	0	0	0
Q8BHC9	228690000	228690000	86773000
Q924X6	171040000	171040000	196850000
Q8BPA4	36794000	36794000	0
D3YY28	0	0	0
V9GXH6	346050000	346050000	386010000
Q9QZK7	0	0	0
Q8C8I3	591620000	591620000	262600000
Q9D1C9	196940000	196940000	135600000
V9GXJ9	79701000	79701000	126560000
Q61235	225070000	225070000	149360000
M0QWG1	0	0	0
Q3U405	332730000	332730000	1095600000
Q9EQ61	400140000	400140000	685460000
E9QAY1	0	0	175770000
Q4VBX1	0	0	0
Q6P9R5	115890000	115890000	70961000
A0A0U1RNK2	0	0	43583000
P97793	0	0	0
A0A217FL50	123190000	123190000	136670000
Q9DA18	0	0	0
Z4YML9	118950000	118950000	189980000
Q8BGB5	47260000	47260000	0
F6TUY8	398530000	398530000	500760000
Q9CQE7	175460000	175460000	167380000
Q921J6	0	0	0
Q8CA63	0	0	0
Q99KP1	808660000	808660000	781420000
Q9JJH1	0	0	0
Q8QZU1	964170000	964170000	260830000
Q9CUH4	358650000	358650000	191220000
Q3TLD5	600320000	600320000	1090600000
Q543N4	390200000	390200000	486130000
Q99JV5	185060000	185060000	123390000
Q6NXM3	0	0	0
Q544U7	0	0	0
Q8K2Z1	0	0	0
Q8R576	301630000	301630000	444120000
Q8VEF1	98705000	98705000	67283000
Q9D6H7	0	0	0
G3UYU0	0	0	78774000
Q07646	0	0	3255200
Q9DCM7	125100000	125100000	110790000
Q9D9Z5	202120000	202120000	236070000
Q8BYQ8	0	0	0
Q99MY8	105280000	105280000	63233000
Q91XH7	319940000	319940000	168370000
Q8CFD4	283440000	283440000	512540000
A0A1D5RLH0	0	0	303470000
A0A240F9Y3	0	0	0
Q9QX66	0	0	0
Q8BTR9	127050000	127050000	74018000
Q922X9	493180000	493180000	417330000
Q920M5	0	0	0
P13346	0	0	0
A0A0J9YUT8	417850000	417850000	441520000
Q80XC3	523650000	523650000	585600000
Z4YM25	381240000	381240000	627410000
Q8BMY1	566940000	566940000	508390000
Q9JLM9	0	0	0
Q8VCB1	589930000	589930000	376490000
Q7TPY0	51843000	51843000	143790000
Q8BHW1	338500000	338500000	447060000
Q9D2E2	228820000	228820000	143880000
F6UDU9	494620000	494620000	372130000
Q63943	0	0	0
Q8R3V4	266000000	266000000	413020000
F6SPQ1	23515000	23515000	29427000
Q8VCK1	360560000	360560000	549230000
Q3UDF0	0	0	0
O35654	357960000	357960000	340900000
Q3UG63	89040000	89040000	124370000
Q8BLT0	0	0	0
Q9WVP0	0	0	0
Q9CRK2	214320000	214320000	394660000
Q3UV27	83106000	83106000	158350000
Q9JHZ2	0	0	11486000
Q91XB7	0	0	0
Q9CZV5	66436000	66436000	0
Q91V83	0	0	0
A0A087WQJ5	462060000	462060000	824020000
D3Z6L4	191830000	191830000	98643000
P58059	0	0	0
Q9CRL3	0	0	0
G3UZ70	0	0	0
Q8BGS3	0	0	71580000
Q8VD24	0	0	0
Q91YK0	252210000	252210000	312520000
Q9CR65	36330000	36330000	48481000
Q8BSC0	29692000	29692000	79492000
P97382	0	0	0
Q3UJ84	1258100000	1258100000	1495900000
Q3UKQ9	92702000	92702000	90238000
Q8BJL1	494640000	494640000	269460000
Q8C9C1	65016000	65016000	70150000
Q8BTT7	330650000	330650000	127550000
Q9CWR5	760500000	760500000	1545300000
Q9QYC7	71887000	71887000	66655000
Q5DTL2	482360000	482360000	247580000
Q8R5I6	207820000	207820000	259410000
Q3TEK1	224140000	224140000	150480000
Q8BX02	1770300000	1770300000	1345800000
Q8BNJ3	0	0	0
Q0VDW5	272410000	272410000	208140000
Q5GH67	0	0	0
Q7TSI1	95026000	95026000	117590000
E9PVD3	202170000	202170000	128060000
A4FUW0	221560000	221560000	348320000
V9GXW1	155010000	155010000	178980000
E0CZ16	0	0	0
Q8BX85	157370000	157370000	214120000
A0A0U1RP38	392070000	392070000	222750000
A0A0U1RPR4	286740000	286740000	390120000
Q99LH9	205820000	205820000	80455000
Q924Z4	174450000	174450000	79220000
V9GXZ0	822920000	822920000	877490000
Q8CD92	122300000	122300000	244000000
Q9QWH1	35941000	35941000	81251000
B7ZNX0	154680000	154680000	132530000
F6V8R7	162140000	162140000	109720000
F6U9B9	0	0	0
Q3U102	0	0	0
Q9CX84	92937000	92937000	140030000
Q60902	0	0	0
Q8C9B6	54181000	54181000	84774000
Q9D7E3	0	0	258360000
D3YVE8	0	0	0
Q91X52	1206100000	1206100000	980790000
D3Z6P6	0	0	0
Q9QY40	3116900	3116900	5685500
A2RSY1	55265000	55265000	155900000
Q8BQZ5	63539000	63539000	165380000
Q6PI63	0	0	85263000
Q8CE46	0	0	60621000
Q9CX83	130750000	130750000	71703000
E9Q1P8	359730000	359730000	394370000
Q8R1N0	180910000	180910000	34224000
O88693	0	0	0
Q8BUH8	76727000	76727000	184240000
Q9R0X5	173410000	173410000	231750000
Q05CN3	252080000	252080000	0
Q8BPZ6	0	0	0
Q8BLS2	0	0	108780000
A0A1B0GSA7	0	0	0
Q64092	135250000	135250000	97142000
Q8VCD5	106250000	106250000	161280000
Q64466	0	0	0
Q80T80	0	0	0
Q8K150	114020000	114020000	55751000
Q9CSS4	123330000	123330000	123460000
Q8C0C0	595770000	595770000	787130000
Q3TWJ1	55522000	55522000	52980000
Q91X43	96873000	96873000	184420000
Q62470	1792200000	1792200000	1908700000
Q9QXJ4	106010000	106010000	57985000
Q9JLC3	0	0	0
Z4YN06	940470000	940470000	531880000
P41233	1536600000	1536600000	971370000
Q9QXA7	50365000	50365000	0
Q545E8	127540000	127540000	0
Q3UHX0	248770000	248770000	277160000
Q9D5S8	0	0	130690000
Q8JZZ2	77781000	77781000	93732000
Q6NS57	0	0	0
Q3UZ81	5498700	5498700	27922000
Q6P395	188820000	188820000	193160000
Q8K3B1	58258000	58258000	0
Q8C5L7	747470000	747470000	846790000
Q8C5I2	151610000	151610000	164800000
Q9D836	0	0	0
E9Q6C8	0	0	0
Q5M8P0	0	0	0
Q5DQR4	0	0	0
D5MR13	0	0	0
Q6PD97	0	0	0
Q9ERS5	1714600000	1714600000	1742000000
Q9WUA5	0	0	0
Q8BGC9	0	0	0
Q8R3K3	94965000	94965000	240510000
Q9QY06	2387100000	2387100000	1390800000
D3Z3F0	0	0	0
Q9D0F6	168310000	168310000	94631000
Q6P6J0	0	0	133490000
Q8R149	0	0	0
Q8BTC2	657230000	657230000	568110000
Q8C7N0	0	0	0
P50427	461400000	461400000	237480000
D3YXK6	93346000	93346000	102750000
Q6S393	149820000	149820000	130850000
J3JS94	83631000	83631000	0
Q5U5V2	236020000	236020000	230930000
Q91V93	0	0	0
Q99KV3	89006000	89006000	51721000
Q8BTI3	0	0	0
Q5DTJ1	173890000	173890000	169140000
Q8VEB6	0	0	0
Q99LJ1	146790000	146790000	166600000
Q9QY01	74134000	74134000	55293000
Q9D0C5	236990000	236990000	193240000
Q3TRL6	331710000	331710000	315460000
Q3TUC6	0	0	0
Q3UYD2	165150000	165150000	50174000
Q8BT62	0	0	448030000
Q8K1N4	103300000	103300000	201890000
Q8K257	188030000	188030000	139940000
Q62393	0	0	0
Q8BUV8	375190000	375190000	376740000
Q91ZD4	350000000	350000000	205350000
Q9D2Z4	69807000	69807000	70390000
Q9DCC1	482620000	482620000	647800000
Q9CW07	0	0	0
A0A571BDU2	0	0	0
O09118	1062200000	1062200000	1960900000
A0AB39TYR7	91584000	91584000	39617000
Q99LW6	0	0	0
Q6XUX1	131710000	131710000	235900000
Q8BZ35	395120000	395120000	523560000
P97346	662570000	662570000	422590000
A0A3B2WAN5	0	0	0
Q8BY63	64443000	64443000	73381000
Q3U592	65719000	65719000	189560000
Q8R4S0	262470000	262470000	0
Q9CQA5	0	0	82772000
F6ZDT4	75486000	75486000	109800000
Q9CRA9	0	0	0
Q4KMN2	0	0	0
A2ALS7	0	0	0
Q3UW61	223890000	223890000	147460000
A2AM56	0	0	0
A0A0A7EPH8	0	0	0
Q8C2Q2	0	0	0
Q7TSI4	374250000	374250000	152440000
Q8R187	374680000	374680000	366020000
Q9CYM8	0	0	0
Q923Q2	333670000	333670000	331040000
Q3UDG9	85431000	85431000	49367000
Q8BW22	0	0	0
Q7TNP2	1129400000	1129400000	496110000
Q6IE26	0	0	0
E9Q6I6	19254000	19254000	25754000
H3BKW8	0	0	0
Q6P1E1	257260000	257260000	15498000
F6S062	435120000	435120000	242020000
Q99J62	314120000	314120000	257560000
B2RY18	0	0	0
Q9D7K2	0	0	0
Q8CCH2	1064400000	1064400000	370960000
A0A286YE05	0	0	0
Q9CXU1	0	0	0
Q9CS00	349670000	349670000	300530000
Q8K0S5	0	0	0
Q3T9Z7	725070000	725070000	704910000
A0A1L1SRL0	0	0	0
Q3TT49	112820000	112820000	72078000
Q91V01	1304200000	1304200000	1342400000
Q64364	0	0	0
P97433	0	0	296010000
Q3TAS6	176380000	176380000	61598000
A0A1L1SU69	248670000	248670000	286350000
F6R782	360450000	360450000	276840000
P58929	69962000	69962000	0
Q3UYR9	81962000	81962000	65110000
D6RHS9	0	0	0
Q8VDC1	3121600000	3121600000	2073000000
Q9CWR0	177100000	177100000	53210000
Q3ULV5	0	0	0
O35709	0	0	0
Q8BQE8	115290000	115290000	89005000
Q8BHB4	336250000	336250000	957550000
Q80ZU0	29418000	29418000	24499000
Q8CI96	159660000	159660000	81718000
Q8BQY7	137370000	137370000	172390000
Q0H9Q2	0	0	0
Q9DBM2	164100000	164100000	171200000
Q924H2	0	0	0
Q6PDY0	0	0	0
Q60607	97165000	97165000	129790000
Q8BGN5	0	0	0
A0A0A6YXU3	42475000	42475000	242080000
Q3V3Q0	252390000	252390000	214940000
Q8C7V6	1462400000	1462400000	1708900000
P70196	102030000	102030000	51833000
Q9ER47	0	0	0
Q8VDG5	0	0	57415000
Q8CHY6	417420000	417420000	516540000
P48381	0	0	0
Q3UN20	0	0	0
A0A0U1RPQ4	0	0	0
Q9CR24	146040000	146040000	55695000
A0A0N4SVW9	223730000	223730000	113510000
Q3UY43	419400000	419400000	384970000
Q91XX9	179180000	179180000	222920000
Q71RY3	216060000	216060000	0
Q8BWW4	258290000	258290000	255390000
Q99PM3	202730000	202730000	37081000
Q921R8	112850000	112850000	58176000
Q8CCV2	0	0	0
Q8VI56	240570000	240570000	186740000
A0ABA7IXJ6	225860000	225860000	112670000
A0A2I3BPQ5	0	0	146270000
Q99LV9	0	0	0
Q7TN73	0	0	0
Q8R4I7	0	0	0
Q69ZI8	0	0	93820000
Q8K2Z8	0	0	79610000
Q6GQU6	0	0	0
D3Z7J7	1020000000	1020000000	897250000
P51949	113800000	113800000	148020000
Q3TX10	201310000	201310000	88249000
Q8CHT3	78716000	78716000	43148000
Q5NCR5	0	0	0
Q80VA4	0	0	0
Q80ZP7	0	0	0
Q61193	51750000	51750000	77127000
P0C605	0	0	0
D6RGB8	87754000	87754000	84305000
G3X8R1	172430000	172430000	281130000
Q149L6	197680000	197680000	46811000
Q9D2X5	0	0	152190000
Q8K089	281820000	281820000	466860000
Q7TMY7	493700000	493700000	196740000
Q09XV5	351860000	351860000	328740000
Q62414	0	0	0
F6SGP4	1204800000	1204800000	1048000000
P33146	0	0	0
Q8CI11	685230000	685230000	961260000
A2AJW4	107420000	107420000	0
Q9CR88	310280000	310280000	484930000
A0A0N4SW87	0	0	0
Q9DBY8	85913000	85913000	143030000
Q400C8	0	0	0
Q91Z40	395230000	395230000	357560000
Q8CJF7	1727100000	1727100000	1282200000
F7APE3	0	0	0
Q9DBT1	10962000	10962000	6903000
Q3UT15	75570000	75570000	135260000
Q3UHA3	775090000	775090000	321540000
Q8VCY7	0	0	63577000
Q8CCQ5	550110000	550110000	765230000
Q99LJ6	154800000	154800000	202660000
F6YZL6	1351500000	1351500000	1188000000
Q544L9	75108000	75108000	0
Q3TRB7	0	0	141880000
Q9JIY2	155640000	155640000	0
Q2PZL6	19777000	19777000	22893000
Q91VZ8	226090000	226090000	77454000
Q2TA57	0	0	0
A2AES1	442430000	442430000	1101000000
Q3UGQ4	162060000	162060000	393850000
Q69ZI1	0	0	22551000
Q3ULW8	2926200000	2926200000	2859100000
Q3TV73	0	0	0
Q640N3	84315000	84315000	42569000
Q3TMV7	235220000	235220000	199230000
Q8C586	428780000	428780000	135640000
Q8BW98	0	0	334700000
O70299	0	0	0
Q3UTH6	0	0	0
Q9CRP7	157760000	157760000	119630000
Q3TRD9	234320000	234320000	199160000
Q8VEJ1	102100000	102100000	87394000
Q9D7J9	879980000	879980000	725780000
Q6P9Y5	0	0	0
Q3UJK4	0	0	0
Q8CGH8	0	0	0
Q9Z0E6	2336900000	2336900000	3670900000
Q8C165	0	0	0
Q04888	42721000	42721000	0
Q9CQP0	45863000	45863000	58540000
Q5PRF0	78862000	78862000	76987000
A2AJW5	0	0	0
Q7TMZ4	26954000	26954000	59452000
Q9QWI6	45531000	45531000	0
Q6PCZ4	199820000	199820000	110450000
A2ANU3	0	0	0
Q9D7N6	0	0	112010000
F6VYE2	269470000	269470000	288810000
F6YBF3	23652000	23652000	53229000
Q80XN4	0	0	31986000
Q9D0K1	354370000	354370000	140070000
Q9Z210	43568000	43568000	0
Q9CSM7	2112700000	2112700000	1179900000
Q9DBK7	857890000	857890000	359050000
D3YZH4	36938000	36938000	43700000
Q3UYG9	118020000	118020000	112640000
A2AH22	0	0	0
Q14B80	0	0	0
Q7TNC6	0	0	0
Q8C5S1	60195000	60195000	0
Q3TIP1	0	0	0
A0A0U1RPX0	163290000	163290000	127010000
Q5FW83	286290000	286290000	140390000
Q8K4P0	222890000	222890000	140210000
Q05BA2	1900000000	1900000000	1111500000
Q9D067	105340000	105340000	134210000
Q5SS80	41836000	41836000	72083000
D6RGT6	246260000	246260000	0
Q91WP6	150480000	150480000	73101000
Q921V5	271890000	271890000	351880000
Q8R1H0	0	0	0
Q54AC6	20834000	20834000	0
O70230	129000000	129000000	0
Q8BP51	141380000	141380000	202260000
A4QPD3	137210000	137210000	297830000
Q8BL04	38961000	38961000	0
Q9QX20	53352000	53352000	151380000
Q8BSJ3	404080000	404080000	507700000
A2RSY6	504210000	504210000	318540000
D6RJK5	0	0	0
A0A0G2JDQ2	0	0	204800000
Q3US75	188090000	188090000	0
Q80ZL9	73880000	73880000	68255000
Q8C797	0	0	0
D3YV77	0	0	0
Q91X61	209110000	209110000	267940000
Q6A074	0	0	0
Q9D658	0	0	0
Q9CZD5	328220000	328220000	461320000
Q9WU63	97733000	97733000	36648000
Q9D1R1	125870000	125870000	272280000
Q3UMR0	82827000	82827000	52683000
Q8CC25	180280000	180280000	108000000
Q61830	23244000	23244000	32784000
Q9ER65	0	0	0
P52875	502200000	502200000	210350000
P0C7N9	213080000	213080000	219730000
Q8C4F5	91042000	91042000	84560000
Q60982	220110000	220110000	48015000
O88559	279920000	279920000	277430000
Q8BJH7	219910000	219910000	76123000
Q9JJR9	0	0	0
Q9WUK6	10249000	10249000	0
Q8CHQ0	128330000	128330000	144990000
Q91X84	643100000	643100000	357820000
Q60977	421280000	421280000	460140000
A0A087WRI9	2174200000	2174200000	2809200000
Q8BTE1	385600000	385600000	327040000
Q9DBT3	0	0	0
Q8BRV4	0	0	0
Q9D188	0	0	169420000
A2AJY7	277610000	277610000	23341000
Q9WVJ5	0	0	0
Q9CXV4	250860000	250860000	123270000
D3Z358	147820000	147820000	74807000
Q8CGJ0	47283000	47283000	41282000
Q3TZX8	199550000	199550000	24178000
Q8BI80	501730000	501730000	398770000
Q3UGI1	77831000	77831000	150120000
Q542I2	177160000	177160000	154600000
F8WGT6	0	0	0
Q9Z1T2	0	0	0
Q8VDG7	345350000	345350000	283490000
J3QNE8	790470000	790470000	477550000
H7BX33	0	0	70609000
Q9CZQ8	160950000	160950000	151620000
Q8K3F6	0	0	0
Q9D1G3	0	0	0
Q99KI8	0	0	0
Q6IMP4	0	0	0
F7AFH2	0	0	0
V9GXT9	246040000	246040000	135810000
Q9CQ33	147800000	147800000	222750000
Q9D9A5	532600000	532600000	475560000
Q99LQ5	256600000	256600000	272760000
O35245	475140000	475140000	376920000
P14901	1193400000	1193400000	796520000
Q99JR8	53549000	53549000	101410000
Q8C9D5	943760000	943760000	1323100000
Q8BYI6	143400000	143400000	117170000
Q8C5M7	0	0	0
Q6P1G0	127150000	127150000	177560000
Q8BWY4	358580000	358580000	236660000
F2Z476	0	0	0
Q9JJC9	0	0	0
Q9CR47	117120000	117120000	62228000
Q8VC04	0	0	0
Q3TPC7	291120000	291120000	154520000
Q3TQ43	0	0	0
Q9CT56	877480000	877480000	623040000
E9Q9A5	1354200000	1354200000	904050000
Q8VHN0	18976000	18976000	0
Q9D4G5	100780000	100780000	107480000
Q8CDU6	0	0	0
Q3TP99	0	0	0
Q99LB6	0	0	0
B7ZNP0	323190000	323190000	394340000
Q9D3X1	0	0	0
A0A3G0YW97	0	0	0
A0A0A6YVW0	261940000	261940000	204120000
Q8K083	0	0	57735000
Q53YK0	0	0	0
Q91WD1	104840000	104840000	271660000
Q8BY71	374990000	374990000	503500000
Q5EBI7	0	0	0
Q7TSH6	133530000	133530000	107730000
G3XA46	467710000	467710000	675120000
Q542D6	654510000	654510000	502810000
Q7TMK6	117550000	117550000	132970000
Q05DE4	571440000	571440000	738450000
P17141	150150000	150150000	0
O55240	589920000	589920000	465500000
Q8CFI2	0	0	123220000
Q5SQY2	0	0	0
Q9EQQ2	115210000	115210000	0
Q8BLY3	0	0	0
Q99JW1	0	0	0
Q499E5	0	0	0
Q8BKA2	0	0	60687000
F6Q2M4	0	0	0
Q8C6A8	51088000	51088000	0
Q64345	538070000	538070000	781760000
Q3TYN4	0	0	0
Q8C4L1	268560000	268560000	178650000
Q9R0Q4	339420000	339420000	328200000
Q9D0F4	0	0	0
Q99L90	116100000	116100000	107480000
Q9EP97	105830000	105830000	26948000
O70209	147570000	147570000	81164000
Q9QZN1	0	0	0
Q543W5	0	0	0
E9Q8A6	166180000	166180000	157620000
Q3UUU0	1039500000	1039500000	560150000
D6RFB1	496750000	496750000	116440000
Q99N92	94567000	94567000	63106000
Q5NC05	129440000	129440000	69695000
S4R2S6	45075000	45075000	58191000
Q5MPP0	0	0	0
Q9D635	440700000	440700000	334350000
Q7TT45	51337000	51337000	42312000
A0A1W2P6J0	79689000	79689000	145710000
Q9JMA2	207150000	207150000	393470000
Q8VEJ4	115640000	115640000	257230000
Q9JJU6	69453000	69453000	78911000
P47968	578920000	578920000	682400000
Q6DFU5	182660000	182660000	139830000
Q9CQ25	126460000	126460000	94609000
Q6P5E6	216380000	216380000	210490000
Q9Z0H7	205460000	205460000	536020000
H3BK55	0	0	0
Q8R5K4	390070000	390070000	495690000
Q80WJ7	0	0	0
Q9CXU0	95420000	95420000	0
F6VNP0	199150000	199150000	215610000
Q9ERS4	0	0	0
Q9CX53	136990000	136990000	115050000
Q5NCU0	0	0	0
Q9Z1B5	396020000	396020000	504550000
A3KGS3	281280000	281280000	429050000
P51860	0	0	0
Q7TMJ9	207760000	207760000	136210000
F7C2Y9	183970000	183970000	189790000
Q3UU11	330630000	330630000	378650000
Q9D823	593050000	593050000	270640000
F6XZX4	0	0	67008000
F7CW61	267400000	267400000	96789000
Q8K2U2	0	0	0
P56389	289950000	289950000	586980000
Q8C569	232020000	232020000	210040000
Q9QZK2	100550000	100550000	109300000
A2A764	189410000	189410000	21723000
Q6GQT6	67282000	67282000	40079000
Q3TLR4	46457000	46457000	35688000
O35450	37465000	37465000	45004000
Q9JII1	60575000	60575000	67275000
Q8VDU0	0	0	0
Q8R169	0	0	0
Q9D162	254960000	254960000	244200000
A0A2I3BQC1	695040000	695040000	559650000
Q3TS82	134410000	134410000	222580000
O88809	36914000	36914000	126740000
Q3U2Y9	1378200000	1378200000	1287100000
Q8R3A6	142050000	142050000	28877000
Q9CW47	0	0	0
C3VDJ0	548660000	548660000	488670000
D6RHQ6	19095000	19095000	0
Q99LG1	0	0	0
Q8C535	18126000	18126000	73220000
Q8VED2	88540000	88540000	84484000
Q8BUK3	482660000	482660000	558690000
A0A087WNU3	0	0	0
Q6ZPS2	0	0	0
Q3TPN8	353080000	353080000	258890000
Q3UE17	79756000	79756000	31601000
Q3U0V2	809680000	809680000	727580000
Q5SW28	0	0	0
Q91VI2	0	0	12507000
Q8C796	0	0	0
Q91X72	68204000	68204000	31187000
Q8BQ11	0	0	0
Q6NXH3	49446000	49446000	101340000
Q9JHK5	126000000	126000000	41826000
Q9CYH6	613030000	613030000	587800000
Q91YT2	0	0	0
A2A9Y7	0	0	0
Q99J45	0	0	42102000
Q8CBY1	2346400000	2346400000	1466200000
D3Z7N1	0	0	0
P25233	0	0	0
Q62413	0	0	0
P0C6B7	59186000	59186000	67611000
Q6ZPR5	1402200000	1402200000	1444700000
Q91VJ1	0	0	0
P58544	0	0	38915000
Q05DE7	84036000	84036000	28148000
Q62438	0	0	0
Q3UVJ3	380890000	380890000	240260000
S4R2K0	66186000	66186000	55551000
Q9CQA6	85272000	85272000	0
Q3TEC9	98278000	98278000	78422000
Q3U3W2	58289000	58289000	82077000
Q9D1R2	171350000	171350000	192340000
Q8R087	0	0	0
Q80T23	0	0	0
Q8C4S9	110250000	110250000	73400000
Q64369	200250000	200250000	239540000
Q6A011	292910000	292910000	324480000
Q6PAT2	0	0	31907000
Q3UXF1	120660000	120660000	206560000
Q9QXE3	43627000	43627000	0
Q8K2A7	256440000	256440000	225950000
B8JJ72	0	0	0
Q3TRF8	0	0	0
Q8C8L2	0	0	0
Q921V6	0	0	0
Q5FW79	0	0	0
P51885	0	0	0
Q9CZ16	0	0	0
Q497F8	97747000	97747000	89201000
Q8QZY6	32180000	32180000	237210000
Q6PAL7	159990000	159990000	101480000
Q6NS65	0	0	0
B2RWY1	0	0	0
Q8BPZ5	0	0	0
Q99J34	163110000	163110000	72394000
Q8VE15	1215700000	1215700000	1297800000
Q6RKD8	0	0	0
Q9JJT0	232270000	232270000	208770000
Q61025	0	0	29272000
Q60952	283650000	283650000	242580000
Q3U605	165810000	165810000	124710000
Q60991	254800000	254800000	0
Q78HU3	242590000	242590000	274820000
Q80V89	95569000	95569000	72443000
Q8CIE4	100960000	100960000	81352000
Q8BUB4	290010000	290010000	186850000
Q504P2	0	0	0
A0A087WPN8	912950000	912950000	1286000000
Q3TAY6	163660000	163660000	160870000
Q5SZ91	84945000	84945000	102340000
O08856	123050000	123050000	176870000
A0A1B0GRZ8	160660000	160660000	0
Q80U44	488420000	488420000	502530000
Q62006	208300000	208300000	255310000
Q9D142	180610000	180610000	162480000
Q9D3U0	450350000	450350000	508300000
Q8CG03	0	0	0
Q8K339	0	0	0
Q60571	0	0	0
Q61818	148050000	148050000	166970000
A0A3B2WCM9	0	0	57394000
Q3V4C3	0	0	0
Q3TRP4	0	0	0
Q3UYI5	310220000	310220000	161090000
Q9CU34	0	0	0
B7ZP28	1883200000	1883200000	1247500000
Q8CIG9	55006000	55006000	26438000
Q63ZV1	237010000	237010000	410750000
A1IH03	3690300	3690300	0
Q05DV3	383090000	383090000	363580000
F6VRP8	6783900000	6783900000	8722400000
Q9CWW7	275290000	275290000	85303000
P97479	747030000	747030000	747590000
Q3U717	0	0	0
P68500	0	0	0
Q9JK83	97501000	97501000	0
Q8VDN1	611800000	611800000	387520000
F6YN80	226220000	226220000	98357000
E9QN92	550160000	550160000	340600000
O70421	50607000	50607000	0
Q9CZJ9	0	0	0
Q9D136	185230000	185230000	204900000
P06880	0	0	0
Q9DBX1	51080000	51080000	0
Q8VIG3	2538000000	2538000000	1366900000
Q8C1B3	229850000	229850000	261150000
Q8BTK5	28172000	28172000	0
F6UK33	0	0	0
Q9CWT3	43934000	43934000	0
Q922J9	75364000	75364000	35886000
Q9CPY6	81965000	81965000	80946000
G3UXN0	0	0	0
Q3TV65	0	0	0
Q8C5J2	92424000	92424000	100770000
Q9CZ52	180150000	180150000	261420000
F6RYA6	121660000	121660000	74432000
Q3UHI0	104760000	104760000	94228000
Q9CXD6	69291000	69291000	94026000
Q8K0Q5	2179400000	2179400000	1012400000
Z4YLT1	0	0	0
A0A1W2P7J9	0	0	0
D3Z6S7	608930000	608930000	331350000
H3BJX5	225790000	225790000	445680000
Q0VBT6	0	0	0
Q05BQ9	551250000	551250000	495420000
Q91VN1	106650000	106650000	155830000
Q3TZQ3	15986000	15986000	36905000
A2AFQ7	207640000	207640000	364090000
B2RXA1	0	0	0
A0A087WRD2	160900000	160900000	144250000
Q53Z05	26315000	26315000	46398000
Q91XB0	8062600	8062600	0
Q91V08	0	0	0
Q91VS7	1107000000	1107000000	1298600000
Q8CEX2	0	0	0
Q5DTS2	546970000	546970000	391860000
Q78WH7	0	0	0
Q8K0Q9	339940000	339940000	278850000
A0A0U1RPY9	59922000	59922000	0
Q9D835	0	0	61348000
Q9CYD1	0	0	0
Q3TQL9	87449000	87449000	45961000
G3UZH1	57856000	57856000	0
Q3UZR0	0	0	0
Q542U4	27199000	27199000	94121000
Q9CTM5	63481000	63481000	61856000
A0A5F8MPX8	189820000	189820000	84768000
Q7TS76	71671000	71671000	0
Q8JZW8	0	0	0
Q6P5D4	672130000	672130000	435530000
Q6P9Q4	441180000	441180000	225500000
Q8R387	654690000	654690000	532920000
Q8C7U1	0	0	0
Q8VD12	0	0	0
A0A2I3BRB6	140710000	140710000	138980000
A0A2R8VKJ4	81004000	81004000	57670000
Q5RJG1	98670000	98670000	165240000
Q6P5P0	344610000	344610000	390940000
A0A286YDF1	0	0	33574000
Q6ZQA6	15164000	15164000	16921000
Q8BIS4	4212600	4212600	30687000
Q5SSH8	188200000	188200000	249770000
A0A0U1RNG3	340790000	340790000	210820000
Q8K1X4	525360000	525360000	217590000
Q5I0X8	343720000	343720000	321330000
A2AI05	0	0	66911000
Q6A0C1	64585000	64585000	65753000
D6RCX0	0	0	0
D3YVA5	0	0	0
Q3UCF7	0	0	46656000
Q924U2	0	0	0
A8C756	1160400000	1160400000	644410000
Q14AE3	0	0	0
F7DB73	280070000	280070000	363810000
Q9D4S3	80837000	80837000	94181000
Q9CWA8	0	0	21206000
Q8R103	0	0	0
Q8C6G8	0	0	0
Q8BSM9	0	0	0
Q3UZH8	119580000	119580000	340840000
Q8BIY0	14443000	14443000	6134200
Q9ER64	815430000	815430000	367060000
Q68FH0	0	0	0
E9Q7R8	0	0	0
Q5SU72	935090000	935090000	435030000
Q3UKZ0	0	0	0
F6U6G6	231480000	231480000	260680000
Q8R0M3	6186600000	6186600000	3781300000
Q3USM7	0	0	216900000
Q3UUE0	222660000	222660000	275510000
O08672	0	0	0
P09240	0	0	0
F6ZKC7	0	0	0
Q8K2H6	0	0	0
Q8K2H3	0	0	0
Q80Z96	59548000	59548000	47760000
Q3UD01	272710000	272710000	597880000
F6RER8	0	0	0
Q640M6	61189000	61189000	0
Q6P3F1	0	0	38780000
Q9R1W5	0	0	0
P70380	373540000	373540000	0
Q3UWJ7	0	0	0
Q80U35	0	0	0
Q766D5	0	0	0
Q8R1K4	141220000	141220000	168690000
F6WHY1	0	0	0
Q9WTZ0	0	0	407350000
Q3V3J2	0	0	0
Q68FG3	0	0	24559000
Q8BNV1	92852000	92852000	203090000
Q80TN7	0	0	35176000
Q3UZH2	65019000	65019000	51485000
P47880	0	0	0
Q3U0B3	729720000	729720000	613830000
Q8K1A5	36318000	36318000	0
Q3TUH3	495270000	495270000	773650000
Q8CCX2	0	0	0
F2Z3Y1	0	0	161170000
Q8BUI5	158800000	158800000	292300000
Q8BMN8	0	0	0
B1ATI1	0	0	0
Q8BI79	3094400000	3094400000	2233600000
O35304	0	0	0
Q9D3S3	106090000	106090000	81551000
Q5DTY5	293120000	293120000	221170000
P60603	0	0	27881000
Q3UVN0	84178000	84178000	41094000
Q6A0A3	178220000	178220000	76356000
Q8C4W6	53781000	53781000	118720000
Q921Q3	458950000	458950000	693130000
Q00899	119050000	119050000	202820000
Q8VD61	134480000	134480000	143860000
Q9CU36	194100000	194100000	353260000
Q6ZQ40	0	0	52718000
A8E636	0	0	42328000
Q8CGC6	411510000	411510000	502330000
A2VCR8	0	0	0
Q7TSG1	64659000	64659000	85687000
Q8C119	0	0	0
F6XMW0	0	0	0
Q9CUU5	120250000	120250000	52664000
Q8R3N1	522420000	522420000	395440000
Q9D799	0	0	0
Q9Z2E2	0	0	0
Q3UE75	58595000	58595000	94844000
Q9D772	0	0	0
A0A494BB76	46236000	46236000	44144000
Q3UYV5	218070000	218070000	260140000
Q9Z0H1	516970000	516970000	642800000
P98195	410280000	410280000	461280000
F8VPV3	0	0	0
Q61176	4472000	4472000	157860000
Q8C5I1	206630000	206630000	221610000
Q9DB32	0	0	0
Q3UR33	96122000	96122000	0
B9EK83	143630000	143630000	146170000
Q9R194	0	0	0
P28063	1447900000	1447900000	590210000
Q8CBY3	444850000	444850000	571570000
Q3TA11	1927200000	1927200000	1913600000
Q53YY4	75921000	75921000	89523000
Q60I26	0	0	0
A0A494BAF2	6692800	6692800	25087000
Q8BG21	0	0	0
Q8BJW5	96841000	96841000	116110000
Q99LB4	9402000000	9402000000	13239000000
Q9CPS7	127080000	127080000	129600000
Q62087	410890000	410890000	480930000
Q8CCZ2	184980000	184980000	154340000
A0A0N4SVW1	642540000	642540000	463060000
Q8BHV1	0	0	0
Q91WA6	0	0	0
Q9D4H7	0	0	0
Q61592	203770000	203770000	65875000
Q9DBE9	1013100000	1013100000	993160000
E9PUX3	0	0	55283000
Q5PSA9	0	0	0
O09161	0	0	0
Q62219	171750000	171750000	235710000
Q8BND5	0	0	0
Q9DAM4	0	0	0
Q8BVT1	171960000	171960000	108530000
D3Z335	139690000	139690000	56860000
Q9DC77	0	0	0
Q9ERU3	145660000	145660000	237160000
Q8C6S5	96027000	96027000	69312000
Q8BUM6	0	0	0
Q9CY30	123950000	123950000	122160000
F6Y747	156370000	156370000	164940000
Q793I8	169100000	169100000	120980000
Q8BYZ1	11753000	11753000	10553000
Q6GQT5	0	0	0
Q8VC16	173330000	173330000	56015000
Q8BXZ7	32581000	32581000	18583000
Q8R3F9	201140000	201140000	189910000
Q3UM18	78999000	78999000	140820000
Q9Z0S9	0	0	61684000
Q3UBX0	91631000	91631000	77882000
Q8K302	135490000	135490000	186830000
A2AV25	0	0	0
Q8C7K3	0	0	0
Q8C6Q7	684120000	684120000	703030000
P19973	492840000	492840000	668380000
Q8CFW7	909230000	909230000	1160600000
Q9CRB0	27101000	27101000	23899000
Q9CXR2	0	0	0
D6RGR1	555590000	555590000	531430000
Q8BJM5	114100000	114100000	97934000
Q3ULJ3	0	0	0
Q80VC9	0	0	0
Q9EP75	0	0	0
Q9R233	119630000	119630000	134700000
Q9DCB1	0	0	0
Q9CWS1	0	0	11324000
Q6PE06	303750000	303750000	350450000
Q5SRP0	0	0	0
Q8C2R7	0	0	0
A2AQP0	0	0	0
Q0VE29	0	0	0
Q3YAB6	0	0	0
Q8C669	0	0	0
Q8CAS9	209330000	209330000	215490000
P36423	5119700	5119700	0
Q8BZ56	0	0	0
Q99L18	154000000	154000000	291770000
Q8CGG4	91090000	91090000	77836000
Q3TMW1	1105200000	1105200000	796770000
Q5SVX2	71687000	71687000	50462000
P97865	128620000	128620000	97806000
Q8BZ53	146500000	146500000	188720000
Q9D8Y7	18166000	18166000	0
Q9D6T9	29937000	29937000	0
Q69ZG5	202650000	202650000	92226000
F7D4T4	40793000	40793000	30874000
P08101	303680000	303680000	128230000
Q9D8C6	0	0	80367000
A0A2R8VHI9	0	0	0
Q8BZ20	255710000	255710000	228110000
Q9CWV0	0	0	74152000
O70192	40645000	40645000	0
Q9DBU0	475840000	475840000	604790000
B9EKD9	0	0	0
Q9D8T4	77354000	77354000	92698000
Q91W40	930410000	930410000	537330000
F6WF94	19827000	19827000	65215000
Q5GH64	32267000	32267000	10583000
Q99M59	64299000	64299000	82017000
Q3USS3	654400000	654400000	354330000
Q8BVE7	209780000	209780000	325970000
Q9DA69	904340000	904340000	430080000
Q08EN1	0	0	40805000
Q8C827	29235000	29235000	40827000
Q9JJV0	0	0	0
D3Z585	99603000	99603000	80063000
Q80WE4	0	0	0
Q9CZA5	0	0	0
Q8R322	174990000	174990000	123800000
Q3TE09	93687000	93687000	159940000
O88325	5545300000	5545300000	5520800000
Q9WV91	75794000	75794000	118930000
A0A0N4SW20	307300000	307300000	238670000
Q3TAI7	0	0	0
Q64288	0	0	0
Q9CSW0	338710000	338710000	895210000
Q3TEG9	0	0	25553000
A0A0G2JFA4	0	0	0
Q8BPN4	0	0	0
Q7TSZ1	174460000	174460000	135440000
Q8BJT9	0	0	0
Q9CSQ9	90157000	90157000	113530000
Q80YP5	644380000	644380000	1831200000
Q8VD79	1132700000	1132700000	972900000
Q9CZE3	904710000	904710000	565120000
Q8C8B2	0	0	50434000
Q8CCK6	0	0	0
Q64127	47452000	47452000	47471000
Q5SF07	1347000000	1347000000	1002200000
Q8C795	385240000	385240000	248790000
P97313	146130000	146130000	149490000
P28654	0	0	0
Q8CB05	40382000	40382000	64783000
Q8BV52	5221900000	5221900000	4472700000
Q91YK2	100840000	100840000	80485000
Q8CCH7	0	0	0
Q3TBA3	325270000	325270000	350990000
P63084	0	0	0
Q9JL12	1013200000	1013200000	1251200000
Q8BN43	537590000	537590000	424270000
O35955	294670000	294670000	151660000
O08573	19312000	19312000	0
A0A494BB94	1349300000	1349300000	791720000
E9QN31	543410000	543410000	554020000
B1AUE5	107340000	107340000	58837000
A1A5C0	0	0	0
Q18PI6	42715000	42715000	36802000
A0A087WRK6	17777000	17777000	24561000
Q8VCE2	119120000	119120000	106170000
Q8K2H1	0	0	0
Q6PFH7	93975000	93975000	52579000
Q5SVP2	30111000	30111000	90829000
Q9D4A1	94000000	94000000	75933000
Q8BQZ4	0	0	0
Q8CEI7	0	0	0
Q7TMS2	59597000	59597000	37527000
Q3UF57	0	0	0
Q9JJD0	11686000	11686000	11132000
P35991	28378000	28378000	16683000
Q80YQ2	82333000	82333000	88314000
A2AJK6	57499000	57499000	13442000
Q91WE6	217950000	217950000	265620000
Q496R7	0	0	0
Q9CYQ7	0	0	0
Q8R4Y4	56086000	56086000	15530000
A0A140LIW6	174930000	174930000	0
Q61078	29438000	29438000	0
Q9JIP6	39919000	39919000	0
Q91XA2	293080000	293080000	123740000
D3Z339	0	0	0
Q91W82	0	0	0
Q8BIF9	0	0	0
O35328	31909000	31909000	21463000
Q8CED7	144070000	144070000	85045000
Q207D2	6054500000	6054500000	15433000000
Q3UIR3	252600000	252600000	209620000
Q99MB1	71847000	71847000	17424000
Q3TUW1	1462700000	1462700000	1474400000
Q3TTZ1	72992000	72992000	251150000
B9EIW1	0	0	0
Q9Z2F2	0	0	48378000
Q8CG48	151720000	151720000	107680000
Q6P1X8	819080000	819080000	496150000
Q9JKB3	447010000	447010000	366760000
Q99JJ9	273180000	273180000	234340000
Q60855	1212100000	1212100000	1220900000
Q9DBZ1	1187200000	1187200000	1991200000
Q9D2D7	109340000	109340000	97126000
Q7TMM0	599050000	599050000	451890000
E9PYK3	867220000	867220000	942730000
Q3TTG4	42394000	42394000	44533000
P58006	528220000	528220000	470470000
G3UZU6	1540400000	1540400000	1472800000
Q62181	986570000	986570000	2122600000
Q505D9	13422000	13422000	13275000
Q8K352	75219000	75219000	0
Q8CBQ5	28792000	28792000	0
Q3TPV8	98115000	98115000	66347000
Q9D4H9	54334000	54334000	0
Q8K1B7	129670000	129670000	203660000
Q8K1I7	200150000	200150000	72769000
Q3U8I4	96471000	96471000	98674000
Q571M9	107890000	107890000	160670000
A2AI08	91106000	91106000	87319000
Q9EQ32	0	0	17056000
Q5QJQ9	1723900000	1723900000	2361700000
Q8C9K6	82283000	82283000	0
P51569	799430000	799430000	467210000
Q6KAS7	38805000	38805000	95989000
D6RFA3	78565000	78565000	33774000
Q3UDC5	1357500000	1357500000	1253400000
Q6ZQM7	836550000	836550000	915440000
Q9ESY9	0	0	3696500
Q80TR4	16616000	16616000	0
D3YZJ2	17298000000	17298000000	15022000000
Q8R355	61932000	61932000	180960000
Q5DTU0	4124900000	4124900000	3792300000
Q3ULE3	49549000	49549000	100890000
A0A6G7MAJ9	0	0	11975000
Q3TEE6	1578500000	1578500000	1432700000
Q8CAX5	2684000000	2684000000	3235700000
A2AJR6	0	0	0
D3YZ96	220750000	220750000	144860000
Q8BW56	32665000	32665000	0
Q8CAN1	0	0	43422000
B2RTM2	0	0	0
Q3TBY8	62611000	62611000	63110000
Q5SX48	0	0	0
Q61072	227780000	227780000	252440000
Q8BGZ2	59643000	59643000	85384000
A0FLF1	46556000000	46556000000	40812000000
Q4VA98	326010000	326010000	312550000
Q8R2R5	0	0	0
Q99MS7	89837000	89837000	58108000
A0A2I3BS02	4387600000	4387600000	2599700000
D3YVY8	78785000	78785000	29286000
A6X8J6	231970000	231970000	266620000
P56477	10844000	10844000	14692000
Q3UC78	62656000	62656000	0
Q3TCS4	29678000	29678000	4266700
Q9CV95	477480000	477480000	2675300000
Q80SU7	14208000	14208000	34469000
Q921I6	721250000	721250000	491390000
P52624	305800000	305800000	327390000
A0A087WSH9	0	0	0
Q8VHL8	17557000	17557000	5955700
Q9D9V4	1060300000	1060300000	1200100000
Q3UUN0	0	0	0
Q3U606	21826000	21826000	10389000
P47226	354400000	354400000	463070000
Q60787	56083000	56083000	11209000
Q8R142	14755000	14755000	0
Q3TAZ7	312460000	312460000	265880000
Q4QRL3	4187400	4187400	8450300
Q8BG07	252090000	252090000	199870000
A6PW97	41033000	41033000	19220000
Q3TBC5	1190000000	1190000000	2377800000
Q6KAT6	234850000	234850000	107980000
P70248	4644900	4644900	17596000
A2ALN0	126000000	126000000	111050000
F6Z025	7269600000	7269600000	8165500000
Q8CAS7	19263000	19263000	17124000
Q60591	20022000	20022000	17250000
Q925B0	16748000000	16748000000	8472800000
Q8K0Y2	0	0	0
Q8BUB6	6087100	6087100	0
Q64324	1153000000	1153000000	650210000
Q8R422	14894000000	14894000000	8917400000
Q8CGT1	13589000	13589000	22960000
Q69ZE2	1360600000	1360600000	988500000
P59267	0	0	0
Q3URE4	7103400	7103400	21207000
A0A0A6YXA9	203770000	203770000	91280000
Q8K4Q8	169180000	169180000	154250000
P08103	8076900	8076900	11515000
Q5DU46	28295000	28295000	14249000
Q62438	12365000	12365000	25302000
Q14BH3	18610000	18610000	3902500
A2ARV4	2717500000	2717500000	4227300000
A0A286YD29	0	0	0
A0A494BAQ2	2588200000	2588200000	1069300000
P52633	91872000	91872000	48782000
Q3TC68	15496000	15496000	9514200
H3BKV4	0	0	0
Q14CH1	11607000	11607000	9548300
Q5SUA5	62859000	62859000	38770000
Q8C0S4	2420200000	2420200000	1683400000
Q9Z0X4	0	0	0
Q78E06	484630000	484630000	507300000
Q3TRZ5	11718000000	11718000000	11439000000
Q9D943	2054400000	2054400000	2759000000
A8XU21	58715000	58715000	21874000
Q8BTE2	53812000	53812000	76391000
B1ATM2	0	0	0
Q3UEU0	142320000	142320000	50110000
Q6NTA3	0	0	3148600
P28798	2431400000	2431400000	2259700000
P48025	0	0	3714500
Q8CIH5	376810000	376810000	312210000
S4R293	142100000	142100000	142720000
P97861	0	0	665820
Q80VB7	71268000	71268000	15083000
Q3T997	24486000	24486000	31709000
P0DOV2	98730000	98730000	228260000
Q6GX99	15845000	15845000	24793000
P39654	2078100	2078100	1560900
Q8BV49	9644300	9644300	0
Q8C2I9	125970000	125970000	54823000
Q4FJP7	699990000	699990000	569210000
Q9R002	969250000	969250000	1205800000
Q9CT95	0	0	561970
Q3TTT4	29485000	29485000	10297000
A0A0G2JDR3	0	0	0
A0A0G2JDV4	0	0	0
A2P1G9	0	0	0
P01867	0	0	0
A0A0A6YWR2	0	0	0
A0A0B4J1P4	0	0	0
A0A075B5R5	0	0	0
A0A0A6YWK5	0	0	0
A0N8R1	0	0	0
A0A0A6YXW6	0	0	0
V9GXI5	0	0	0
Q9CXN2	0	0	0
Q9CW91	0	0	24125000
D6RIJ0	0	0	0
Q8C173	0	0	0
Q9Z0Z3	0	0	0
A0A087WSS2	18476000	18476000	0
Q149C2	0	0	0
O89110	144090000	144090000	99713000
Q64HC9	0	0	0
Q80TV8	0	0	0
Q8BX65	0	0	0
O88493	0	0	0
E3T928	0	0	0
F7DFD7	0	0	0
Q99KD0	0	0	0
E9PZ64	0	0	0
A0A1Y7VK88	0	0	0
Q8BNU6	0	0	0
A1A535	0	0	0
E9Q5R6	0	0	0
Q80VB7	0	0	0
Q2LKW6	0	0	0
A2A3V1	0	0	0
A0PJC8	0	0	0
Q8R4D1	43054000	43054000	0
Q3UV84	41592000	41592000	53300000
F6XVL5	0	0	0
Q8CC87	0	0	101450000
Q8K2Q4	0	0	0
A2A5F7	0	0	0
Q9D0S4	0	0	0
Q8CD99	0	0	0
Q3TT87	0	0	152790000
Q8BUK5	0	0	0
Q3UXP0	174470000	174470000	172400000
E9Q0N6	0	0	0
Q8R568	0	0	0
Q3TB48	0	0	0
Q6SJQ7	0	0	0
Q8BVB9	0	0	0
G3UZT3	0	0	0
Q9D294	0	0	0
Q66JU8	289280000	289280000	141290000
Q8CEV3	0	0	0
Q8CCN7	0	0	0
Q8CCN7	0	0	0
Q8CCN7	0	0	0
Q8K0Z9	0	0	0
Q8K182	0	0	0
Q8BMK0	0	0	0
Z4YKN2	0	0	0
Q4VBE7	0	0	0
Q3TWL4	0	0	0
H3BKP4	0	0	0
A2AA59	58921000	58921000	46976000
Q8BJ88	0	0	0
A2AAX3	0	0	0
Q8BT62	0	0	0
Q9JL26	0	0	0
Q6PFC0	0	0	139810000
O88566	0	0	0
O54864	0	0	0
Q6PDS0	0	0	0
Q9D7M0	13994000	13994000	0
Q6PFY8	0	0	0
Q8K1G9	100190000	100190000	68073000
A2ACT7	0	0	0
A2AD83	0	0	0
A2ADA5	78495000	78495000	130770000
Q3UV27	0	0	0
A2ADF7	0	0	0
Q9CQY5	197830000	197830000	219600000
Q6PAS2	0	0	0
Q9CVY7	0	0	0
Q3URP3	145560000	145560000	137360000
Q3V0Z9	0	0	0
F6ZKC7	0	0	0
Q3U1T6	0	0	123940000
A2AEV7	0	0	0
Q8VD04	0	0	0
P97447	0	0	0
E9PZF7	0	0	0
A2AF33	0	0	0
A2AF47	0	0	0
A2AF47	53805000	53805000	0
A2AFK4	117400000	117400000	0
Q3TR97	0	0	0
A0PJE1	31751000	31751000	0
Q8CGF6	0	0	0
Q8C0B6	29137000	29137000	32227000
Q14AQ9	0	0	0
Q9DAE9	0	0	0
Q99LH6	0	0	0
Q99LH6	0	0	0
A2AGX3	0	0	0
Q8CIU1	0	0	0
A0A5F8MPF0	0	0	0
Q3UVZ7	0	0	0
A2AHL1	0	0	0
A2AHY3	0	0	0
P35438	0	0	0
P35438	0	0	0
Q99L55	0	0	101570000
A2AIV8	50640000	50640000	32811000
Q3ULP9	0	0	0
Q80ZR4	0	0	0
A2AJD1	0	0	0
Q8BX36	75205000	75205000	57584000
Q4KKX9	358290000	358290000	264940000
D6RGQ2	459450000	459450000	558010000
A2AJQ3	0	0	36801000
Q8BZE7	0	0	0
Q3UQY9	0	0	0
Q3TM66	0	0	0
Z4YN28	0	0	0
Q9JJW0	48152000	48152000	13515000
Q80T90	0	0	0
Q8BWB7	0	0	0
F6R186	0	0	0
Q61710	539390000	539390000	534950000
Q8CH79	0	0	0
Q6PAQ4	0	0	0
F2Z410	223540000	223540000	404400000
A2AM05	0	0	0
Q3ULL0	0	0	0
F7CBX2	0	0	0
Q80V29	0	0	0
A2ANT9	0	0	61054000
A0A571BF02	0	0	0
Q6NZA9	0	0	0
Q3ULB3	0	0	0
Q9CT36	0	0	0
A2APF7	2271800	2271800	3648200
P43006	0	0	0
Q9QY53	342890000	342890000	404260000
A2APV2	0	0	0
A2AQ07	0	0	0
Q3UF06	13477000	13477000	0
Q3UF06	0	0	0
Q3UST3	0	0	108790000
F8WJL9	0	0	0
Q8C0I4	0	0	0
A2APV2	0	0	0
Q3UGW0	103400000	103400000	167850000
A2ARA8	0	0	0
Q9CXF0	0	0	0
A2ARI4	0	0	0
Q3TZD5	31205000	31205000	25562000
Q3USW0	0	0	0
O54826	0	0	0
A2ASA8	0	0	0
Q5EBX5	0	0	0
Z4YLR9	0	0	0
Q8BXH1	0	0	0
Q9R0B6	0	0	0
Q8C854	0	0	0
A2ATY4	0	0	0
Q8BRL3	0	0	0
B7ZN53	79109000	79109000	45375000
Q8BLA0	0	0	0
A2AUC6	0	0	0
Q9CYZ2	0	0	0
Q99L53	0	0	105200000
A2AUM9	98737000	98737000	116210000
Q9ESY2	49954000	49954000	0
A2AVJ5	0	0	0
Q8C0B4	0	0	0
Q76KF0	0	0	0
Q60767	0	0	0
A2AWR3	0	0	0
A2AWT3	0	0	0
G3UZW9	0	0	0
Q8K0H8	75118000	75118000	55372000
A2BGH0	0	0	0
A2BHP4	0	0	0
Q6JVF0	0	0	0
Q8C5D6	0	0	60749000
A2CE44	0	0	0
B2GVN8	0	0	0
Q3TCD3	0	0	0
Q6PD97	0	0	0
Q6PGK7	0	0	0
G5E8V9	0	0	0
G3UYA1	148850000	148850000	0
Q9D5M3	92026000	92026000	0
Q3TSG0	130590000	130590000	562380000
Q790Y8	0	0	0
Q8C8K3	0	0	0
A3KG59	0	0	0
Q8VBX6	0	0	0
B9EKQ1	166870000	166870000	204100000
Q9Z2T4	0	0	41207000
A3KGL2	0	0	0
A3KGW5	0	0	0
Q8CDA0	0	0	0
D6RIL1	0	0	0
A4FUP9	0	0	0
P21844	0	0	0
Q5DTF3	0	0	0
Q8K1L5	0	0	0
A6H5X4	0	0	0
B7ZMT4	0	0	0
B7ZMT4	0	0	0
Q8C9I2	125590000	125590000	131490000
Q3TLP2	0	0	0
Q62295	106280000	106280000	103630000
A0A571BGD8	0	0	0
A6H687	0	0	149660000
A6H6E2	0	0	0
A6H6E9	0	0	0
Q3U2Y9	0	0	0
Q3TRP2	0	0	0
Q7TSJ7	0	0	0
Q3TP53	0	0	0
A6PWR8	0	0	0
Z4YK23	0	0	0
E9Q5L2	211670000	211670000	738270000
Q3TLE2	0	0	0
Q9CPQ9	0	0	0
D3Z7I7	0	0	0
A7RDN6	0	0	0
A8Y5E8	0	0	0
A8Y5G9	0	0	0
A2AJI0	0	0	0
Q8JZN1	0	0	0
Q6PHC1	0	0	0
B0QZL3	0	0	0
Q7TN58	0	0	0
Q8CFC2	0	0	0
D6RHQ0	0	0	0
B1AZ85	0	0	0
Q05CM4	0	0	0
Q8R2M7	0	0	0
Q64446	0	0	0
B1AQ75	0	0	0
B1AQA9	0	0	0
Q3TMY1	22563000	22563000	52179000
Q3UPK1	0	0	0
Q62108	0	0	0
Q8BXT7	788800000	788800000	365240000
Q8CCN5	0	0	0
Q8CAW4	0	0	0
B1ARD6	0	0	0
Q8R3R7	0	0	0
Q8R051	0	0	0
E9QA68	0	0	38944000
Q8BT58	27215000	27215000	0
B1ATE5	0	0	0
Q8C2P3	0	0	0
Q9WVD4	0	0	0
Q9QZ83	0	0	0
Q9DBL0	0	0	0
Q9CWP6	0	0	0
Q99MD9	0	0	0
Q8C6U6	0	0	0
B1AUF2	0	0	0
Q3V360	0	0	0
O70589	0	0	0
Q3TPX2	0	0	0
Q3UXC7	86747000	86747000	19940000
B1AV65	45894000	45894000	51705000
Q99MW4	0	0	0
Q8C3H9	0	0	0
B1AVH7	49690000	49690000	51961000
Q3TNM7	0	0	0
E7FLY0	147060000	147060000	250450000
G3UZY9	0	0	0
B1AWJ5	0	0	0
B1AWL5	35480000	35480000	112840000
B1AWL5	0	0	0
B1AWL5	0	0	0
E9Q193	50320000	50320000	51155000
B1AXD8	0	0	0
Q3UYQ6	0	0	0
Q9D9E1	199600000	199600000	49488000
Q9DC11	0	0	0
Q3UR35	0	0	0
B1AYL1	0	0	0
Q8BJK8	0	0	0
B1AZ39	0	0	0
Q811G7	0	0	0
Q8BG24	64655000	64655000	69328000
Q8C715	0	0	0
B2B9E1	0	0	0
Q6PHA0	0	0	0
Q9D9T8	431470000	431470000	288610000
Q6ZPU7	0	0	0
B2KF11	0	0	0
B2KFA9	0	0	0
Q8C4K8	0	0	0
Q8C4K8	0	0	0
Q8K0E7	0	0	0
Q8BQZ5	0	0	0
Q8BQZ5	0	0	0
A0A087WSD0	0	0	0
Q9D067	0	0	0
Q9JKD9	0	0	0
Q8C0Z2	0	0	34754000
Q3UH60	244870000	244870000	0
B2RQE8	47698000	47698000	0
Q8K0P0	0	0	0
B3STQ3	0	0	0
B2RXV9	0	0	0
S4R299	0	0	0
B2RRD7	0	0	0
B2RRL2	0	0	0
Q3TD74	0	0	65496000
B2RT41	87312000	87312000	0
Q6F5E0	0	0	0
Q8BZ97	5016000	5016000	10470000
Q497N3	0	0	0
Q80UG7	0	0	0
J9SQG4	0	0	0
B2RVL6	0	0	207530000
B2RWW0	0	0	0
A0A0R4J015	80188000	80188000	100840000
B9EKU2	0	0	0
Q8BXX8	859950000	859950000	1057700000
B2RXE2	0	0	0
B2RXM5	0	0	0
B4XVP4	0	0	0
Q0P6A9	61418000	61418000	77763000
Q6GTL7	0	0	0
B4XVQ1	0	0	0
Q3UME0	120130000	120130000	59960000
B5THE2	83797000	83797000	344550000
Q91W39	0	0	0
Q3UHC0	0	0	0
Q8C0W8	0	0	0
P07743	0	0	0
Q9QVN7	0	0	0
Q8CBW3	0	0	0
V9GXX2	0	0	0
Q9D6I2	0	0	0
F7C9D1	0	0	0
F7D5Y4	0	0	0
Q3UJK8	0	0	0
Q3UG41	0	0	0
O09129	0	0	0
Q8CEE0	0	0	0
Q8CDG5	0	0	0
Q149E8	0	0	0
Q3UCL9	102060000	102060000	0
Q8BJG9	0	0	0
Q8K371	0	0	0
B8JKV0	38609000	38609000	0
O54836	206720000	206720000	190450000
Q3U564	92826000	92826000	0
A4QPD7	0	0	0
Q9JHA8	0	0	0
Q8BN70	0	0	0
B9EJL3	0	0	0
B7ZWM3	0	0	0
Q8C176	168530000	168530000	115250000
Q925H4	0	0	0
E9PUL9	0	0	0
Q3U1H4	0	0	0
Q8CHW1	0	0	0
D6RGS2	0	0	0
Q9Z2D8	0	0	0
Q6KAQ7	0	0	0
C0LZ42	0	0	0
Q9DBV3	0	0	0
F7CE80	66288000	66288000	0
D6RHP1	0	0	0
F6S731	0	0	0
Q91ZT7	0	0	0
Q8C025	0	0	0
Q3TYU2	0	0	0
Q0VGT7	0	0	0
Q8C884	0	0	0
A0A0R4J139	0	0	0
G3UYM8	0	0	0
Q3V0V2	0	0	0
B7ZMQ9	0	0	0
O35347	0	0	0
Q9WUZ5	0	0	0
Q6PDC0	0	0	0
Q62188	0	0	0
P70331	0	0	0
Q9D6H4	0	0	0
Q2VWQ2	0	0	0
Q8VEA6	0	0	0
D6RG47	0	0	0
A0A494BBD6	77123000	77123000	42034000
D3YUE3	85145000	85145000	194980000
Q8BXA1	700690000	700690000	749820000
D3YVX5	0	0	0
Q9D4U8	0	0	0
D3YW26	60836000	60836000	114040000
A0A0R4J1C2	0	0	0
Q571F5	0	0	0
Q99JU0	93354000	93354000	102890000
Q2VWQ2	0	0	0
D3YWE6	0	0	0
D3Z510	0	0	0
Q69Z89	130970000	130970000	99467000
D3YWQ0	0	0	0
O54737	0	0	0
A0A240F9Y3	0	0	0
Q8BU92	0	0	0
E9PVW4	0	0	0
Q6R5E4	0	0	0
F7ALG5	0	0	0
Q8BX46	0	0	0
Q3UX96	0	0	0
Q504P2	0	0	0
D3YXK1	0	0	0
F6ST92	177840000	177840000	130320000
Q69ZR1	0	0	0
D3YXS1	0	0	0
Q91ZJ9	114120000	114120000	0
Q9D945	50822000	50822000	167760000
D3YXX4	0	0	0
Q3UCA4	16662000	16662000	24790000
D3YY23	0	0	0
E9Q8A0	0	0	0
Q8R220	0	0	0
Q811T9	0	0	0
B7ZNU5	0	0	0
Q3UTQ7	0	0	209760000
Q9D2L9	0	0	0
F8SLQ6	0	0	0
F8SLQ6	0	0	0
Q921K9	80363000	80363000	0
Q3UUI0	15972000	15972000	16593000
H3BLJ2	0	0	0
Q91VT8	0	0	0
D3YYS9	0	0	0
D3YYU8	470720000	470720000	151410000
P70257	0	0	0
Q3UUT6	0	0	0
G8JL39	0	0	0
Q549J5	0	0	0
D6RIN1	0	0	0
Q3UNH9	0	0	0
D3YZU5	0	0	0
D3YZU5	0	0	0
D3Z5U6	0	0	0
Q3UX22	0	0	0
Q571I9	0	0	0
Q922Y2	0	0	0
D3Z0K6	0	0	0
D3Z0L1	0	0	50791000
Q3ULT2	0	0	0
D3Z0P8	0	0	0
G3UWC5	0	0	0
D3Z0R1	0	0	0
Q8BJT2	0	0	0
P57725	0	0	0
Q99P81	0	0	0
Q9JMG3	78877000	78877000	0
Q8BXT9	0	0	0
O54974	0	0	0
P58463	0	0	0
Q6TCG8	0	0	0
Q8C7Z8	0	0	0
Q3V4A2	0	0	0
Q8CHZ4	0	0	0
V9SH16	0	0	44254000
Q5DU47	0	0	0
Q6ZQI3	0	0	0
Q3TBR0	0	0	0
Q3U9V4	0	0	0
P49025	0	0	0
Q9QZ23	0	0	0
A0A0G2JGW1	0	0	0
Q4VA34	0	0	0
Q9Z101	0	0	0
Q9D599	0	0	0
Q3TD87	0	0	0
Q7TMJ7	0	0	0
Q8VE62	0	0	0
Q3TNV7	0	0	0
O08664	0	0	0
F8VQ94	0	0	0
D6RCY9	0	0	0
F7CKA6	0	0	0
D3Z434	0	0	0
D3Z450	0	0	0
B7ZWE7	0	0	0
D3Z4C0	0	0	0
Q8BJL3	0	0	0
Q05D93	0	0	0
O09046	0	0	0
G3XA62	0	0	16382000
Q80W14	0	0	0
D3Z4R4	0	0	0
Q543J0	0	0	0
Q8BXU6	0	0	0
Q91WM6	0	0	52422000
F6ULV5	0	0	0
D3Z592	0	0	0
Q8K4G1	0	0	0
D3Z5G7	0	0	0
Q3TZR3	98456000	98456000	195430000
Q6KAU7	0	0	109660000
D3Z6P2	0	0	0
D6RFT3	112260000	112260000	153450000
Q7TN99	0	0	0
D3Z5V4	0	0	0
Q3UIZ8	0	0	0
Q8BXL9	0	0	0
Q62393	0	0	0
Q9CWY4	0	0	0
Q3U345	0	0	0
Q9WUB4	0	0	0
Q8BXU6	0	0	0
P70269	0	0	37914000
E9QAD8	0	0	0
Q62160	0	0	0
Q3UHH8	0	0	48604000
Q9D7I6	0	0	0
Q9D334	0	0	0
Q6AZB0	0	0	0
P0C6A2	0	0	46527000
Q9D8N6	0	0	0
Q3TMV3	0	0	0
D3Z7H4	0	0	0
D3Z7K5	0	0	0
Q8CAR0	0	0	0
F7B327	0	0	53359000
F7AT35	0	0	18548000
E0CZ25	0	0	0
Q8BZ32	0	0	0
P29594	0	0	76088000
Q9Z210	0	0	0
D6RGR1	0	0	0
Q9DAJ4	71649000	71649000	45947000
Q80YA3	0	0	0
Q9D1X9	0	0	0
Q80UP3	0	0	0
D6RHQ8	0	0	0
Q9CQJ7	0	0	0
D6RIR2	0	0	0
Q9CQE9	0	0	0
Q9D1V6	0	0	0
E0CY30	0	0	0
Q3TEL1	0	0	0
E0CZE8	306250000	306250000	499610000
Q8BS72	0	0	0
E0CXC2	0	0	0
Q9CVI3	0	0	0
Q9CS47	0	0	0
F6TKE8	0	0	0
Q8BZ98	0	0	0
Q9CQ36	0	0	0
F7C1U0	0	0	0
Q8C9J3	35694000	35694000	24513000
Q6P6L0	0	0	0
Q9D291	0	0	0
Q9CRN1	0	0	0
Q3UR50	0	0	0
E9Q945	0	0	0
P0DI97	0	0	0
Q6P0X7	0	0	0
E9PU96	134900000	134900000	101960000
E9PUA5	0	0	47287000
D6RH42	14763000	14763000	20693000
Q8C7X8	0	0	0
Q9CRH5	0	0	0
E9PUD6	0	0	0
Q8K0P0	0	0	0
E9Q640	0	0	0
E9PUH6	0	0	0
Q8K012	0	0	0
F6T4V9	0	0	0
Q6PAI9	0	0	0
Q9Z138	67464000	67464000	0
E9PUP1	0	0	156910000
Q91YK4	0	0	0
Q80ZU4	0	0	0
P08508	0	0	0
P40645	60337000	60337000	50926000
O35680	0	0	0
Q3UXJ7	0	0	0
E9PV24	0	0	0
E9PV98	228130000	228130000	285410000
Q8C229	315790000	315790000	236250000
Q924X9	0	0	0
Q8BLT3	0	0	0
Q3UTY9	0	0	0
E9Q8P1	269930000	269930000	237730000
Q8CAQ8	56107000	56107000	47890000
E9PVX6	0	0	0
H3BL74	0	0	0
Q9CRT1	0	0	0
Q6PCW9	0	0	0
Q9JK28	8910900	8910900	41501000
Q8BZL8	0	0	0
Q3TNW3	0	0	0
Q3TRC2	0	0	0
Q14B74	116420000	116420000	52186000
Q8R2Q7	255940000	255940000	249350000
G3UWE9	0	0	0
E9PX37	0	0	0
O35067	520310000	520310000	583490000
V9GX63	47893000	47893000	39305000
Q3UJT5	0	0	0
A0A571BG49	0	0	0
Q99JZ9	0	0	0
Q62108	0	0	0
Q6P539	0	0	0
Q3UZM8	0	0	0
A2A432	0	0	0
Q3U285	0	0	0
Q14BL5	0	0	0
E9PY03	0	0	0
P81270	0	0	0
Q3UGP3	0	0	0
Q3URC6	0	0	0
Q6ZQ32	0	0	0
Q6NS55	0	0	0
Q5FWH4	196420000	196420000	343830000
Q9CUJ3	0	0	0
E9PYU4	0	0	0
Q9CRX7	0	0	0
F7CVZ7	0	0	0
Q3TAH7	29472000	29472000	0
Q3TW38	1308000000	1308000000	1041500000
Q3UE68	174950000	174950000	114880000
I6L9I6	0	0	0
Q8BR79	168130000	168130000	98290000
E9PVI5	0	0	0
Q9WV86	0	0	0
Q61179	215570000	215570000	198650000
Q14DQ0	0	0	0
Q924W6	0	0	0
Q3V141	0	0	0
Q9QY06	0	0	0
Q61502	0	0	0
Q3UEI7	63125000	63125000	101610000
Q68FM7	0	0	41305000
Q8C715	0	0	0
Q811H6	0	0	0
Q3UYI6	0	0	0
Q8R0U7	0	0	0
Q3UD61	262350000	262350000	526720000
Q6ZQM3	0	0	0
Q8CAD1	0	0	0
E9Q5I0	0	0	0
Q9D3A0	0	0	0
Q922Q6	0	0	0
F6UKB4	62937000	62937000	0
Q9CTH6	0	0	0
H3BKV0	87252000	87252000	79046000
E9Q8C1	0	0	0
Q0VD84	0	0	0
Q14BH0	0	0	0
Q8BQC8	0	0	0
P97328	0	0	145660000
Q52KH0	0	0	0
Q8JZW4	0	0	0
Q3U1T9	101930000	101930000	182230000
E9Q286	0	0	0
Q9CVH3	0	0	0
Q8K116	0	0	0
Q9CUV3	0	0	0
Q3URI3	0	0	0
Q3TSK1	66843000	66843000	114850000
E9Q2E9	0	0	0
Q8BUK5	0	0	0
A0A240F9Y3	0	0	0
Q80UU4	0	0	0
Q3UUZ7	0	0	0
H7BX20	0	0	0
E9Q2S7	0	0	0
Q9CZ26	0	0	0
Q8BRP6	0	0	102420000
Q7TMK5	0	0	0
Q3UFN0	0	0	0
Q80TC5	0	0	0
Q7TN75	0	0	0
Q5DU57	357320000	357320000	189580000
Q3TUF4	0	0	0
V9GXM4	642770000	642770000	1076700000
Q6PAM4	0	0	0
Q3V3I0	0	0	0
Q9EQK5	0	0	0
Q62108	0	0	0
E9Q414	218560000	218560000	765780000
Q9JHG5	0	0	0
P58771	0	0	0
P58771	398460000	398460000	1511500000
Q91WF9	0	0	0
Q924X9	885330000	885330000	628560000
J3QPG2	0	0	0
Q8C8V8	0	0	0
Q69ZY9	0	0	0
Q8C820	0	0	0
Q8C4J1	283250000	283250000	274350000
Q8BRH3	0	0	0
Q9D874	0	0	0
Q8R5F8	0	0	0
Q8C697	0	0	0
Q52KB6	64177000	64177000	51669000
Q8C5J8	0	0	0
Q3UXC8	0	0	0
O89054	0	0	0
Q925L3	40376000	40376000	0
E9Q5G3	0	0	0
Q8VEC1	91259000	91259000	0
Q5IRN0	0	0	0
P21107	0	0	0
E9Q5L8	0	0	0
Q91YR2	0	0	0
O54916	0	0	0
O08665	0	0	0
F6YRI7	0	0	0
Q7TPD3	0	0	0
Q5U5L4	0	0	0
Q3UPA6	0	0	0
E0CZE7	0	0	0
E9Q6C6	0	0	0
E9Q6D8	35541000	35541000	0
E9PYI6	0	0	0
Q61730	0	0	0
Q4FJU9	0	0	0
Q9CVX7	306330000	306330000	218250000
Q99LZ7	0	0	0
A2NTK0	0	0	0
Q3TYN8	0	0	0
E9Q6S0	0	0	0
Q8R001	0	0	0
Q9D5V5	0	0	0
V9GXQ7	0	0	0
Q3U055	155480000	155480000	92594000
Q9CVT9	0	0	0
Q3UU30	0	0	0
Q3UYV6	110870000	110870000	321230000
Q8C6B8	0	0	0
Q3V361	0	0	0
Q3U2U7	0	0	0
Q3V1B8	0	0	0
H3BLD7	1565400000	1565400000	2517600000
E9Q7P2	0	0	0
Q61085	45295000	45295000	50156000
D3Z1M7	0	0	0
Q6DFX1	461690000	461690000	472370000
Q922T7	0	0	0
Q8CAQ8	0	0	0
Q9EPB5	0	0	0
Q9R167	0	0	0
Q8C3R6	1105600000	1105600000	1288000000
Q923T4	0	0	0
Q60695	355270000	355270000	0
Q3UF57	0	0	0
Q8VDV4	314950000	314950000	514250000
E9Q8X5	0	0	0
E9Q942	0	0	0
Q812E0	0	0	0
Q8CHU6	901990000	901990000	799460000
Q924A0	0	0	0
A0A087WSI9	0	0	0
Q80VT1	0	0	61739000
Q3U4R9	0	0	0
Q3U4R9	0	0	0
Q18PI6	0	0	0
A7XUT9	0	0	0
Q6GQV7	0	0	0
Q6TA13	0	0	0
Q99KF2	4889100000	4889100000	2601700000
E9Q9M8	0	0	0
Q66JY2	0	0	0
Q6ZPL9	133450000	133450000	246470000
S4R2I4	0	0	0
Q8BUG4	0	0	0
E9Q9V9	0	0	0
Q14C50	0	0	0
Q9CUV3	0	0	0
E9QL08	0	0	0
B7ZMQ9	0	0	0
Q8R3S9	0	0	0
Q8C9K4	0	0	0
Q9EP92	0	0	0
Q3UYL3	133330000	133330000	122140000
Q3V425	0	0	0
A2RSK1	0	0	0
O35368	0	0	56389000
E9Q270	0	0	0
A0A1D5RLB0	100450000	100450000	46631000
Q9CSV6	0	0	0
D6RDU0	0	0	0
Q3U4R9	0	0	0
P27573	0	0	0
Q5PSV9	291730000	291730000	82548000
Q9JJB6	0	0	0
Q9WV86	38771000	38771000	0
Q6RT24	0	0	0
Q3UQR8	0	0	0
Q9Z2Q2	0	0	0
Q03173	0	0	0
Q8CHY7	0	0	0
Q8BZ68	0	0	0
Q8BXR5	0	0	0
Q3UVW9	0	0	0
Q6JPI3	0	0	0
G3UX29	0	0	0
Q8BU23	0	0	0
Q61409	117110000	117110000	97230000
Q91YQ1	222060000	222060000	90030000
Q3UJB6	0	0	0
Q03173	0	0	0
O08734	170630000	170630000	197510000
E9QMD2	0	0	0
Q61329	0	0	0
E9QME3	0	0	0
Q8BWU5	0	0	0
Q3U5C5	72862000	72862000	135250000
Q9DBZ1	538560000	538560000	511170000
Q7TN11	0	0	0
O35068	0	0	0
B7ZNA0	7104800000	7104800000	6186000000
Q812A2	0	0	0
Q9R1R0	0	0	0
Q69ZB0	79242000	79242000	86903000
Q9ET66	0	0	0
P52840	0	0	0
Q8C8N4	0	0	0
Q8BLX1	0	0	0
E9QNY3	0	0	0
Q924A2	0	0	0
K4DI69	0	0	0
E9QP56	0	0	0
Q8CEF9	0	0	0
Q6PGF3	117820000	117820000	58997000
Q52KG9	0	0	0
Q3TUH0	0	0	0
Q8R1U2	0	0	0
Q9JKK8	74878000	74878000	28337000
Q3ULM0	0	0	0
A0A2I3BRM8	0	0	0
Q8C3P2	0	0	0
Q8CET1	0	0	0
F7A6K2	0	0	0
Q9Z2B5	110560000	110560000	111560000
Q6NVF7	0	0	0
Q9JLC4	0	0	0
Q924A0	109990000	109990000	44513000
Q9Z180	0	0	0
Q9CXM0	0	0	0
Q62259	0	0	0
Q78T54	0	0	0
Q9D9A3	0	0	479270000
S4R2K5	0	0	0
F6WLF9	0	0	49966000
Q571J4	0	0	0
F6Q269	0	0	0
Q8C8N4	157480000	157480000	146590000
Q9D110	0	0	0
Q810V8	0	0	0
Q5U430	0	0	0
F6QZB1	0	0	0
Q6S393	0	0	0
F6R7A2	0	0	0
F6R7Y0	0	0	0
Q8BQE8	0	0	0
Q3V1V0	0	0	0
Q8C103	54105000	54105000	52539000
Q925E7	0	0	0
A8C1S6	0	0	0
D6RIJ0	0	0	0
Q7TMJ8	51425000	51425000	0
F6U8X4	0	0	0
Q8C5N5	0	0	0
Q3TTT3	0	0	0
F6T4V9	0	0	0
Q64213	475640	475640	0
Q3UYG9	0	0	0
I7HPV7	0	0	0
Q6ZQ32	0	0	0
O70333	0	0	0
F6TQW2	0	0	0
Q8BYF1	0	0	0
Q3UX51	0	0	0
Q8CBH5	0	0	0
Q3UH06	0	0	0
Q9Z351	0	0	0
F6ZZM4	41465000	41465000	34851000
Q6T264	0	0	0
O88447	0	0	0
Q6P4T0	0	0	0
F6VAN0	0	0	0
Q91ZJ0	0	0	0
Q8CCN5	0	0	0
F6VMS8	0	0	0
Q9Z130	0	0	0
F6VRP8	247360000	247360000	331810000
Q8BT39	0	0	0
Q09XV5	45534000	45534000	0
F6W6U3	0	0	0
A0A0J9YUE9	0	0	0
F6WHQ7	0	0	3960200
Q5DU47	0	0	0
Q8BYG9	0	0	0
Q8C8N4	0	0	0
D3Z1M7	0	0	0
G5E8U2	0	0	0
F6XWD4	0	0	0
F7BJH9	42879000	42879000	0
P50096	0	0	0
F6XYC5	0	0	0
Q9WTN3	0	0	18308000
Q6PAI9	0	0	0
Q64696	0	0	0
Q8R0A6	0	0	0
Q05BF3	0	0	0
Q8C8N4	0	0	0
Q9CV32	0	0	0
Q3UWX9	0	0	0
Q6P7W0	93177000	93177000	101430000
G5E8J8	0	0	0
Q9JMH9	0	0	0
Q8BWM2	203740000	203740000	0
Q99KG8	0	0	0
Q80WJ7	0	0	0
P43006	0	0	0
Q80U36	0	0	0
Q6Q477	0	0	0
F7AFE4	0	0	0
Q8C9I2	0	0	0
Q9JMG4	28973000	28973000	0
Q8CBY6	0	0	0
B9EHL0	0	0	0
A0A338P7B1	122070000	122070000	102100000
F7BWT7	220420000	220420000	432870000
Q3TSQ7	0	0	0
Q3UUE0	229380000	229380000	199480000
F7D1R5	0	0	0
Q68FF7	0	0	0
Q8VCG9	0	0	0
Q8C6G8	0	0	0
Q3TDE2	0	0	0
Q03172	0	0	0
Q99PM8	553370000	553370000	464050000
Q8C4I7	254340000	254340000	215510000
Q8C092	0	0	0
Q8C851	0	0	69833000
Q9CVK2	228940000	228940000	0
Q3UQP1	0	0	0
O08632	0	0	0
P53349	0	0	0
Q3TRD6	595410000	595410000	583690000
Q6TKP2	0	0	0
Q8BX69	0	0	0
Q9XRZ3	0	0	0
Q8CEM7	0	0	0
Q9R0A5	115210000	115210000	162530000
A0A286YCJ9	0	0	0
Q3UF86	0	0	0
Q6NXL0	0	0	0
Q64324	0	0	0
Q811C8	118810000	118810000	83671000
Q8K479	598050000	598050000	526370000
Q8C3C5	0	0	0
Q61508	81704000	81704000	91224000
Q3TEQ0	78380000	78380000	0
Q6ZPP4	74465000	74465000	147710000
F8WIC0	555860000	555860000	282360000
Q66JX3	0	0	93715000
Q91WU7	1752500000	1752500000	3975100000
Q6P6H8	0	0	28038000
F8WJ72	0	0	0
Q69Z36	0	0	0
Q6ZQM3	0	0	0
Q3B7Y7	0	0	0
A9L8S9	0	0	0
Q9CVY4	0	0	0
Q8BMD5	0	0	0
Q3TRL6	0	0	0
H3BKN3	0	0	0
G3UW60	0	0	0
Q3HNM7	0	0	0
G3UW78	71747000	71747000	0
Q1WNQ9	0	0	0
F7A0T4	0	0	0
Q4FZH7	0	0	0
G3UW87	0	0	23995000
V9GXE9	0	0	0
Q5FW56	0	0	0
Q9CZR2	0	0	0
Q8BQ09	160690000	160690000	171040000
Q8JZV9	848750000	848750000	1003500000
Q80XQ8	0	0	0
Q9Z172	342820000	342820000	290450000
P35330	0	0	0
Q76MZ3	0	0	0
Q4JIM5	0	0	0
Q3TRF8	0	0	0
Q8C8D1	52007000	52007000	47495000
Q3URH5	0	0	0
Q5DTZ4	419900000	419900000	694760000
Q8CB64	0	0	0
Q8BGP5	0	0	0
P97321	0	0	0
Q9Z1P4	0	0	0
Q3TRT9	0	0	0
Q8CCS6	0	0	0
Q8C7T5	0	0	0
Q3UWL3	0	0	0
Q8R169	0	0	0
F6QRE9	0	0	0
G3UX84	0	0	0
O35426	0	0	0
Q8K1K6	3262100	3262100	3444000
Q3TRF8	0	0	0
Q3TRF8	0	0	0
G3UZ00	0	0	0
G3UZR1	0	0	0
G3X8P5	0	0	0
O89090	251260000	251260000	302770000
Q3TGB0	240190000	240190000	99508000
Q8BV37	254740000	254740000	244100000
P32114	0	0	0
Q8CFK2	0	0	0
Q8R3W5	0	0	0
Q91WP6	0	0	0
Q3TRK8	2338000000	2338000000	1982800000
Q2UZQ7	0	0	0
Q9QUN7	98819000	98819000	54139000
P59281	0	0	0
Q3TWF6	66169000	66169000	224500000
Q8C6L0	0	0	0
Q7TQL0	0	0	0
Q8K2H1	0	0	0
Q3UEG7	194170000	194170000	419400000
Q9ESH4	0	0	123000000
A0A0A0MQ97	0	0	0
Q8BZL4	0	0	0
G3X9C8	497790000	497790000	380340000
B2RY45	0	0	0
Q9D470	0	0	0
Q62381	0	0	61494000
Q8R1A5	0	0	0
G3X9G7	0	0	0
Q4KL64	0	0	0
S4R1K0	0	0	0
Q9R074	0	0	0
Q9D9S9	0	0	0
Q9CW98	0	0	0
Q9DAI4	0	0	0
Q8BTD1	0	0	0
Q8CDD9	0	0	0
S4R1I9	0	0	0
Q66JZ1	0	0	0
Q8VI64	0	0	0
Q9D4M3	0	0	0
Q99J78	82779000	82779000	104710000
Q99LN3	0	0	0
Q545H8	0	0	39534000
Q8R060	0	0	0
H3BK56	0	0	0
Q80XH1	0	0	0
P10076	0	0	0
Q5EBG4	116050000	116050000	25768000
G3XA50	0	0	0
P47802	0	0	0
J3QQ46	31518000	31518000	0
Q80ST9	0	0	0
P48381	0	0	0
Q6PG96	461820000	461820000	437960000
G5E8A9	0	0	0
G5E8B9	0	0	0
Q80V27	0	0	0
G5E8D6	218770000	218770000	185640000
Q3UPW8	0	0	0
G5E8E3	0	0	0
Z4YL92	0	0	0
G8DY57	202220000	202220000	215160000
Q3UXC8	294420000	294420000	831750000
Q3TRQ3	0	0	0
Q571F4	154910000	154910000	0
Q6PCM9	316310000	316310000	142680000
Q8CFE4	0	0	0
Q8CCD5	0	0	0
Q3UYW8	0	0	0
Q3UM83	0	0	0
G5E8L8	199660000	199660000	196970000
A0A087WNU8	0	0	0
Q3UE68	0	0	0
Q922D4	0	0	0
Q91YK0	0	0	0
Q8VC74	0	0	0
O88876	111060000	111060000	92720000
O88199	0	0	0
G5E919	0	0	0
Q3V209	195450000	195450000	0
Q8C5Q1	0	0	0
Q9D3A0	0	0	0
Q3TYI1	0	0	0
Q8K4I3	0	0	0
Q8BRJ4	0	0	0
Q3V295	0	0	0
Q9JJB6	355110000	355110000	205680000
Q8CAL5	0	0	0
Q3UVB4	0	0	0
Q8BLP7	0	0	0
H3BJR2	0	0	0
Q9CZ00	0	0	0
Q6X2R9	100050000	100050000	0
O89067	0	0	0
P62322	0	0	0
Q9D7X3	0	0	39113000
Q99JY1	0	0	27431000
Q3TT45	190550000	190550000	85412000
P14901	0	0	0
H3BKW8	0	0	0
Q8C172	81229000	81229000	0
Q80ZL3	0	0	0
Q9JJB6	0	0	0
H3BLK7	0	0	0
Q3UEG6	0	0	0
Q8CD64	0	0	0
Q3TF08	0	0	0
G3UWF3	0	0	0
Q6W3F0	0	0	0
P40224	0	0	0
Q0D2G5	92422000	92422000	98385000
Q3TNS5	0	0	0
Q9WUK6	0	0	0
Q8K2X2	0	0	0
P21237	0	0	0
Q80YT9	0	0	0
Q8C9T5	0	0	0
Q8C8S3	0	0	0
Q8R570	0	0	0
Q9D572	41589000	41589000	53881000
Q8VBX6	382400000	382400000	178260000
Q9D8T0	0	0	0
Q8CEU2	0	0	0
Q8R5M2	87856000	87856000	129910000
Q8BI84	0	0	0
Q3V054	0	0	0
Q64163	70283000	70283000	0
J3QK46	0	0	0
Q7TT13	0	0	0
Q8BMZ2	0	0	0
Q80UU1	116360000	116360000	108260000
Q8BHK4	0	0	0
J3QMK2	0	0	0
J3QMN6	0	0	0
J3QNH8	342500000	342500000	189010000
Q8BYT6	0	0	0
Q3UWN4	0	0	0
J3QNX6	0	0	0
Q9QY30	0	0	0
Q8BI35	0	0	0
Q497N4	0	0	0
Q91ZQ8	234000000	234000000	121920000
Q8BPT6	0	0	0
O88668	0	0	0
P60824	0	0	0
Q80W41	105900000	105900000	0
K4DI70	0	0	0
Q91VL6	0	0	0
Q8BFX8	0	0	0
Q8R0P3	0	0	0
A0A087WP90	0	0	0
Q8R1G5	85573000	85573000	146900000
Q58E65	0	0	46482000
M0QWE2	0	0	0
Q8C2W0	0	0	0
Q8C187	0	0	124950000
Q62177	66669000	66669000	208690000
O08532	0	0	0
O08538	0	0	0
Q8BQD3	0	0	0
O08581	0	0	0
Q8BPQ2	0	0	0
Q69ZX3	0	0	0
O08640	0	0	0
O08641	0	0	0
O08664	0	0	0
O08677	0	0	0
O08677	0	0	0
O08686	0	0	0
Q540E2	0	0	0
O08691	0	0	0
O08692	0	0	0
O08736	210960000	210960000	158920000
Q99K64	542010000	542010000	291090000
O08760	0	0	0
O08762	0	0	0
Q3UWG6	0	0	0
Q5SWE2	19329000	19329000	0
Q6NXL3	0	0	0
O08832	180070000	180070000	0
Q9CUT4	0	0	0
O08911	104660000	104660000	32185000
V9GXC0	0	0	0
O08966	0	0	0
A0A0G2JG92	0	0	0
Q80VD7	0	0	0
O09009	0	0	0
Q08EF2	0	0	0
O09012	0	0	0
Q8C1Z3	0	0	0
O09043	0	0	0
Q8C6R2	0	0	182660000
Q8BWH5	0	0	0
B7ZC52	0	0	0
Q5DTX7	0	0	0
A0A0U1RNY9	0	0	23889000
O09165	0	0	0
O35047	0	0	0
O35085	156250000	156250000	43681000
O35089	0	0	0
O35125	46502000	46502000	49002000
O35130	208240000	208240000	4336600000
Q8C9B6	0	0	0
Q9D1R8	49266000	49266000	71847000
Q571L9	0	0	0
A0A286YCE4	0	0	0
O35207	0	0	0
O35216	0	0	0
Q80XE8	0	0	0
F7AI87	1540000000	1540000000	1068800000
O35228	0	0	0
O35231	482330000	482330000	295220000
G3UXH8	0	0	0
O35261	0	0	0
O35284	0	0	0
Q3V0A4	0	0	0
O35305	0	0	0
O35309	527370000	527370000	428670000
D3YUR4	0	0	0
O35317	0	0	0
Q3TH93	0	0	0
O35427	0	0	0
O35445	0	0	0
O35451	0	0	0
O35473	0	0	0
Q3UPY3	1625200000	1625200000	794810000
O35490	0	0	0
Q4FJV9	0	0	0
O35615	0	0	0
O35632	0	0	0
Q8BSB5	0	0	0
O35640	127760000	127760000	158930000
Q80VZ1	0	0	0
Q3UL64	193740000	193740000	140090000
O35668	0	0	0
Q545K0	700030000	700030000	893360000
A0A0A6YVX5	98715000	98715000	0
O35719	0	0	0
Q3TTS9	0	0	0
A0A2I3BQ01	0	0	72627000
O35739	0	0	0
O35740	0	0	0
O35744	0	0	0
O35912	0	0	0
Q3UXX4	0	0	0
B2RTL5	0	0	0
O35973	0	0	0
O35980	0	0	26344000
Q3UYU9	0	0	0
Q3TM95	0	0	0
O54732	0	0	0
Q8CC91	0	0	0
Q8C535	0	0	0
Q8BP66	0	0	0
Q8BXG2	22076000	22076000	23455000
A0A2R8VHY0	0	0	0
O54851	0	0	0
Q3U419	0	0	0
O54890	0	0	0
Q8CCY6	0	0	0
O54905	0	0	302000000
O54910	0	0	0
Q542N5	0	0	0
Q8VE81	0	0	0
O54951	0	0	0
Q3TA87	0	0	0
Q3UV25	0	0	0
A0A0A6YWY7	0	0	0
O55100	0	0	0
Q5DTI2	0	0	0
Q8C9Z5	0	0	123100000
Q99NG2	0	0	0
O55203	0	0	0
O55242	116170000	116170000	390970000
O70126	0	0	0
O70131	0	0	0
O70165	0	0	0
Q8BJT8	0	0	0
Q549P2	0	0	0
O70228	0	0	0
Q4FK50	17453000	17453000	37880000
G3UZP8	28905000	28905000	0
O70354	0	0	0
O70374	0	0	0
O70401	538960000	538960000	578500000
Q542U3	0	0	52658000
Q3URT7	0	0	0
O70469	0	0	0
O70472	132670000	132670000	187400000
A0A494BB27	0	0	0
Q3T9U3	0	0	55777000
D3YXW9	0	0	0
Q9CSR6	0	0	0
Q8R2W5	318030000	318030000	352080000
O70571	104020000	104020000	62038000
A0A2R8VI88	0	0	0
O70589	0	0	0
Q3UN79	0	0	0
A0A0U5J712	0	0	0
Q05BF2	0	0	0
Q05BF2	0	0	0
B1AWB9	0	0	0
G5E8J8	70983000	70983000	30522000
O88312	0	0	0
O88319	0	0	0
O88324	0	0	0
F6VPT9	0	0	0
A0A494BB40	271070000	271070000	402410000
O88425	193820000	193820000	159840000
Q8BQF6	7277500	7277500	9330600
O88492	188690000	188690000	147300000
O88495	0	0	0
D6RFT7	192050000	192050000	30075000
Q3UND5	0	0	0
O88536	0	0	0
O88554	117380000	117380000	197030000
Q3UTH2	0	0	0
Q3US54	64285000	64285000	55558000
O88574	0	0	0
Q4FK86	0	0	0
H3BLN9	0	0	0
Q7TMQ0	0	0	0
O88662	0	0	0
A0A1D5RLT1	0	0	132950000
R4I5B2	79546000	79546000	59968000
Q05DP1	0	0	0
E9PZ97	0	0	0
Q9CZF7	92091000	92091000	53789000
E9QMU3	0	0	0
O88792	0	0	0
O88803	0	0	0
Q8R1S3	0	0	2590400
Q9D0T9	0	0	0
D3Z7N7	26262000	26262000	0
Q9D237	46319000	46319000	0
Q3TNB8	0	0	0
Q549T4	0	0	0
O88852	0	0	0
Q3UDH0	0	0	0
Q3UGV4	0	0	0
Q3TV37	131980000	131980000	0
D6RFT9	0	0	0
Q3TER1	0	0	25114000
A0A0R4J1V6	0	0	0
Q3UWQ0	119720000	119720000	138100000
Q80Y26	0	0	0
O88968	0	0	0
Q3UYE4	0	0	0
Q0VF50	0	0	0
O89016	123920000	123920000	107760000
O89020	0	0	0
Q3TUD0	0	0	0
Q3TUD0	0	0	0
Q9JLA6	0	0	0
O89098	0	0	0
Q5SQB3	0	0	0
O89103	0	0	0
Q3UKA4	0	0	0
Q99KE6	0	0	0
A0A1Y7VMF9	0	0	0
B2RXW7	1559700000	1559700000	1111600000
Q3U463	36752000	36752000	0
A0A1W2P7R2	0	0	0
P01325	0	0	0
P01582	0	0	0
Q924R8	0	0	0
K7X379	208960000	208960000	238310000
O19454	0	0	0
Q61893	134720000	134720000	100370000
Q61895	657530000	657530000	660350000
P02088	0	0	0
P02089	0	0	0
P02104	0	0	0
Q8BK65	0	0	0
P02798	2367500000	2367500000	1143500000
P02802	3310500000	3310500000	2116600000
Q3UP47	0	0	0
P24822	126500000	126500000	26075000
Q61895	123030000	123030000	0
P03995	0	0	0
P04104	0	0	0
P04117	218700000	218700000	19305000
P04184	0	0	0
Q61895	0	0	0
P04247	0	0	0
P04370	0	0	0
P04370	0	0	0
Q3U4Q8	0	0	0
Q3U4Q8	0	0	0
P04444	0	0	0
P04918	0	0	284330000
P04919	0	0	0
P05214	0	0	0
Q544L6	0	0	0
P05533	0	0	0
Q52L79	0	0	56346000
A7VMS5	0	0	0
A0A1D8M9B3	0	0	0
A0A1D8M9B3	0	0	0
P06683	0	0	0
Q9DBN0	0	0	0
B2RUR3	139650000	139650000	83482000
Q8C6L2	29293000	29293000	0
P06879	0	0	0
Q3U4F9	39565000	39565000	52916000
P07607	66496000	66496000	165140000
Q3UQ30	0	0	0
Q6LDK7	0	0	0
P08071	0	0	0
P08074	0	0	0
P08508	132230000	132230000	0
A0A077S2U6	82395000	82395000	104090000
P09021	0	0	0
P09041	0	0	0
Q3USA2	0	0	0
Q3TZM2	0	0	0
Q569U6	0	0	0
Q4KML8	0	0	0
Q6LD55	0	0	0
F7AAG1	0	0	0
P0C5J4	0	0	0
P0C7T6	0	0	0
Q3V499	0	0	0
P0CB42	0	0	0
P0CG15	0	0	0
P0CL69	0	0	0
P0DI97	0	0	0
P0DJF2	0	0	0
Q8BQK4	725260000	725260000	429410000
Q8BTU6	0	0	0
Q8C5K4	0	0	0
Q9JMB4	0	0	0
Q3U868	0	0	0
Q3U9P4	37807000	37807000	16619000
Q3THV8	0	0	0
P11214	785190000	785190000	911380000
P11247	0	0	0
Q99KD0	0	0	366600000
P11370	0	0	0
P11440	122510000	122510000	49670000
P11672	0	0	0
P11680	0	0	0
Q8R1A8	101220000	101220000	0
Q9D699	0	0	0
P11928	0	0	2504600
P12023	0	0	0
P12025	0	0	0
P12246	0	0	0
F6ZFV0	0	0	0
P12400	0	0	0
Q3V2F7	0	0	0
Q544K3	0	0	0
P13020	0	0	0
Q3V0V3	120630000	120630000	102250000
Q547C4	0	0	0
P13541	0	0	0
Q1WNQ0	0	0	0
P13609	0	0	0
P13634	0	0	0
P14097	0	0	0
P14142	0	0	0
P14220	0	0	0
P14234	0	0	0
P14719	0	0	0
Q3TT26	0	0	0
Q99K36	0	0	0
Q52L49	0	0	0
Q542E3	0	0	0
P0DOV2	0	0	0
Q540M5	0	0	0
P15306	0	0	0
Q5SX16	0	0	0
P15331	0	0	0
Q61331	31697000	31697000	0
P15620	0	0	0
Q925A3	128160000	128160000	71317000
A0A1R3UDS6	0	0	0
P15947	0	0	0
P15949	0	0	0
Q8BSX5	235790000	235790000	333730000
P16382	0	0	0
Q3TNY2	127730000	127730000	0
P16627	0	0	0
P16879	16250000	16250000	43439000
Q99NJ4	135670000	135670000	86967000
Q566K0	972780000	972780000	745290000
P17433	0	0	0
Q6GQU1	0	0	0
Q3TU85	0	0	0
A0A077S9N1	62389000	62389000	29397000
Q3U8E7	7653300000	7653300000	9511800000
Q8C2T1	0	0	0
F6W125	0	0	0
Q3TR50	0	0	0
Q8CEW1	3252700000	3252700000	3222000000
Q810V8	0	0	0
P18828	0	0	0
P19182	164460000	164460000	152170000
Q3TJ94	185170000	185170000	387520000
Q8VEK8	0	0	0
P19973	0	0	0
Q8C8Y8	0	0	0
P20491	0	0	0
P20664	0	0	46967000
Q8BRW3	0	0	0
Q9CW70	0	0	0
P20918	151950000	151950000	160610000
P20934	0	0	0
Q31144	0	0	0
Q3ULR1	0	0	0
Q5M9J9	0	0	0
P21440	0	0	0
A0A0G2JGM6	0	0	0
Q62256	0	0	0
V9H161	0	0	0
P22725	0	0	0
Q7TPE9	0	0	0
Q9DBE5	0	0	0
D3Z401	0	0	0
A0A1Y7VJ89	0	0	0
Q9DBU1	0	0	0
B1AR14	0	0	0
Q2L9A9	0	0	0
Q3TRQ3	0	0	0
P23906	0	0	0
Q9EQL8	203580000	203580000	53833000
Q91YI7	0	0	0
A0A1D5RM42	589940000	589940000	158350000
P24383	0	0	14559000
P24526	0	0	0
P24604	0	0	0
P25085	65145000	65145000	0
Q6QHF1	0	0	0
Q62327	0	0	0
A3KFY1	0	0	0
Q3TC96	147950000	147950000	0
P25446	1058200000	1058200000	1432100000
P25911	0	0	0
Q4VA39	295830000	295830000	372990000
P26262	114330000	114330000	0
P26952	0	0	0
P26954	0	0	0
Q3U2L4	115330000	115330000	0
Q921T1	139860000	139860000	150950000
P27512	0	0	0
P27784	0	0	0
Q3TY85	0	0	0
Q8CIC9	147470000	147470000	71522000
O70192	0	0	0
P28047	0	0	0
P28076	107690000	107690000	87574000
P28184	1175400000	1175400000	840790000
Q8C783	245130000	245130000	376240000
P28293	0	0	0
P28301	0	0	0
Q0VES5	0	0	0
P28359	0	0	0
Q8BY33	40401000	40401000	0
P28665	450910000	450910000	364970000
P28666	0	0	0
A2AJP2	58647000	58647000	51175000
P28740	0	0	0
Q80UN7	0	0	0
P29477	0	0	0
Q3UEK9	0	0	0
P29788	0	0	0
Q8BSF9	0	0	0
P30115	0	0	0
Q9CYU2	0	0	0
Q4FK45	108390000	108390000	93667000
S4R2N5	0	0	0
D6RHS5	1331000000	1331000000	1316100000
P30355	98588000	98588000	268440000
Q3UC73	412360000	412360000	445160000
Q8CBP6	0	0	41705000
P30548	0	0	0
P30658	0	0	0
Q8CBT5	119830000	119830000	115760000
P30678	0	0	0
P30875	0	0	0
P30999	0	0	0
Q8R3X9	0	0	0
P31254	0	0	0
Q6R5E9	260660000	260660000	192490000
P31532	0	0	0
Q8CF74	0	0	0
Q3UP42	0	0	0
P31809	0	0	0
P31996	55425000	55425000	150510000
P32082	0	0	0
Q0VBU3	0	0	0
A0A0A6YXS8	565330000	565330000	719200000
A2AD37	0	0	0
A0A0R4J003	0	0	0
Q3UWH4	39847000	39847000	0
P33215	233570000	233570000	218860000
A0A0U1RPL9	0	0	0
Q6GX98	0	0	0
P33587	0	0	0
Q8CAT7	132640000	132640000	105260000
P33610	155730000	155730000	169010000
Q3TQB1	87455000	87455000	80900000
P33766	0	0	0
Q80UR8	0	0	0
P34928	0	0	0
P35173	3802000	3802000	1350000
P35174	0	0	0
P35175	0	0	0
P35283	0	0	0
Q0PD39	0	0	0
P35294	0	0	0
Q0VGH2	0	0	0
Q543D4	0	0	0
P35385	0	0	0
P35396	0	0	0
Q8CGB2	180280000	180280000	153780000
Q3UUQ5	0	0	0
Q545X5	0	0	0
P35492	76063000	76063000	81473000
Q3TUT3	0	0	0
Q3TPW2	0	0	0
Q8CFX6	1211900000	1211900000	2621500000
Q925S7	0	0	0
Q3USS1	0	0	0
Q3V461	0	0	0
B1AW87	0	0	0
P37217	0	0	0
P37889	3107000000	3107000000	1709300000
E9PV36	0	0	0
Q792P1	0	0	0
P38533	0	0	0
P39038	190740000	190740000	82406000
P39039	0	0	0
Q9CUM4	0	0	0
Q9CUM4	0	0	49554000
Q8C245	156600000	156600000	134510000
Q8CAQ7	1064100000	1064100000	406550000
Q3T9Y3	0	0	0
P39688	0	0	0
Q564P6	0	0	0
E9QAB2	489670000	489670000	438180000
Q14AY3	0	0	0
P40645	0	0	0
P40749	0	0	0
Q544D2	0	0	0
Q8CB25	0	0	0
Q91ZS5	0	0	0
P41251	0	0	0
P41274	0	0	0
Q3UEK1	0	0	0
V9GX83	0	0	0
Q546Q8	0	0	0
Q8BT06	1513900000	1513900000	1032300000
C7C6A8	0	0	0
Q91YV7	0	0	0
Q8CFJ6	79197000	79197000	84419000
Q3URZ4	0	0	0
Q9CPT1	0	0	0
P43025	0	0	0
P43120	0	0	0
D3YYP4	0	0	0
F7DC78	0	0	0
P43407	101440000	101440000	82557000
P43883	11339000	11339000	27670000
P45377	449520000	449520000	490620000
P45700	223230000	223230000	210820000
A0A1L1SU91	0	0	288330000
P46684	0	0	0
Q7TQD7	0	0	0
P47212	0	0	0
Q3U3J0	0	0	0
Q91Z57	0	0	0
P47810	0	0	0
B2KF34	105160000	105160000	32998000
Q9D057	525180000	525180000	950920000
Q8BP94	246280000	246280000	610830000
P47930	135580000	135580000	94391000
Q8BJE1	53640000	53640000	62857000
P48346	0	0	0
A0A1B0GRV3	577830000	577830000	433500000
Q9CU81	264380000	264380000	351200000
P48437	0	0	25843000
D6RIN7	61350000	61350000	56509000
P48755	0	0	0
P48759	0	0	0
Q5M8T7	0	0	0
Q9EQ55	36488000	36488000	0
Q3UXE6	0	0	0
Q5FW62	69694000	69694000	116110000
F6ZM31	142660000	142660000	504540000
F6ZM31	0	0	0
P49290	0	0	0
P49452	39961000	39961000	67890000
Q91V06	0	0	0
Q8BJV0	0	0	0
Q9ER94	0	0	0
Q921E5	423270000	423270000	468010000
Q9CWR5	0	0	0
Q545C7	0	0	0
P50543	1763300000	1763300000	965000000
A0A140LIU9	0	0	0
Q3TZ97	0	0	0
G3UZ02	0	0	0
P51642	2396600000	2396600000	2754700000
Q6NZB9	0	0	0
Q3UAJ6	0	0	0
Q4FK73	0	0	0
Q3UU15	21772000	21772000	19996000
D3YXE4	0	0	0
Q3U9G8	0	0	49632000
P51943	0	0	0
P52019	362100000	362100000	140270000
P52430	0	0	0
G8DZ75	0	0	0
P52482	0	0	0
Q8BPL4	0	0	0
P52801	0	0	0
P52927	232980000	232980000	184290000
Q3USC8	676750000	676750000	678630000
D6RE43	0	0	0
P53349	0	0	0
Q8K226	0	0	0
P53368	0	0	0
Q9JJB6	0	0	0
P53566	0	0	0
Q54AJ1	0	0	212830000
D3Z2C4	0	0	0
Q8CEC2	0	0	0
P53783	0	0	0
P53784	0	0	0
Q5SV41	0	0	0
Q5QJQ9	565760000	565760000	0
P54320	0	0	0
Q8BJX5	166460000	166460000	105930000
E9PWK7	63608000	63608000	29723000
P54841	0	0	0
P54843	0	0	0
P55002	0	0	0
P55095	0	0	0
Q8BWS6	0	0	0
Q3UNM8	0	0	0
Q99KH1	0	0	0
P55937	0	0	0
Q545R9	0	0	0
Q5FW98	979870000	979870000	1136300000
Q8BYG7	0	0	0
P56567	0	0	0
Q543E3	0	0	0
Q8VBY5	166280000	166280000	178080000
P57722	0	0	0
Q9DB01	104400000	104400000	82447000
A0A286YDK5	0	0	0
Q5PR71	74414000	74414000	104740000
Q3TDF4	206430000	206430000	327830000
P58196	0	0	0
A0A0G2JFN3	124630000	124630000	174810000
Q45FA7	0	0	0
Q8CHC1	0	0	0
P58682	0	0	24963000
P58774	1062600000	1062600000	629970000
V9GXY4	104900000	104900000	117330000
Q543Z4	0	0	0
Q3UKN2	0	0	0
P59055	0	0	0
Q80XB1	0	0	0
A0A338P7B2	0	0	0
P59266	0	0	0
P59268	0	0	0
Q5DTT7	0	0	0
A0A1L1SUC3	0	0	0
Q3V0J6	0	0	0
Q6P8R9	0	0	0
P59672	0	0	194030000
Q6PDX1	0	0	0
D3YY89	0	0	0
Q545S6	0	0	191360000
P60041	0	0	0
P61080	0	0	0
Q8R3P3	0	0	0
P61168	0	0	0
A2AQE4	0	0	0
Q9D3N9	0	0	0
Q3UUY4	0	0	0
P61216	0	0	0
A0A2U3TZ54	0	0	0
D3Z3G7	0	0	0
P61315	0	0	0
O35341	0	0	0
P61375	0	0	0
P61406	185990000	185990000	424380000
P61588	23523000	23523000	0
Q8CE84	0	0	0
Q542S1	0	0	0
P62080	0	0	0
Q3UEG0	0	0	0
Q0PD45	0	0	0
Q3UWN6	0	0	0
Q3US92	19481000	19481000	0
P62515	0	0	347930000
Q496W1	0	0	0
P62838	0	0	0
Q505A8	375180000	375180000	126160000
Q8C061	0	0	0
Q3TRR1	166570000	166570000	294320000
Q3TRR1	0	0	0
D3Z7J9	0	0	0
Q3UMY0	0	0	0
Q9D056	0	0	0
Q8BJ04	0	0	0
Q61264	0	0	0
Q8CBP8	0	0	0
P68373	923990000	923990000	0
P68404	0	0	0
P70124	0	0	0
Q059Z2	0	0	0
P70182	0	0	0
Q3UMS9	0	0	0
A0A140LJF0	0	0	0
Q3TFI6	0	0	0
P70257	53708000	53708000	0
Q3UVF5	0	0	0
P70310	0	0	0
P70313	0	0	0
Q8CC95	0	0	0
Q8C3Y6	0	0	0
P70343	0	0	0
A0A0R4J1C0	0	0	0
Q3U3A3	0	0	0
Q7TSK8	0	0	0
Q791Q5	0	0	0
P70396	0	0	0
P70399	221890000	221890000	0
P70419	0	0	0
Q8R2X1	177660000	177660000	0
Q542T3	0	0	0
P70451	0	0	0
F6VJY9	65092000	65092000	172650000
A1E2I3	0	0	0
P70662	310190000	310190000	47040000
Q3TKP4	0	0	0
Q6P9Q2	47070000	47070000	129510000
Q1HCM7	0	0	0
Q8C359	0	0	0
Q9CWS2	0	0	0
Q3UXJ2	181630000	181630000	0
A2ACH6	0	0	0
P82349	0	0	0
Q3U3N2	0	0	0
G3UX25	0	0	0
P86174	0	0	0
P97287	40145000	40145000	0
P97290	0	0	0
Q3US63	118590000	118590000	75514000
Q9D1M1	252670000	252670000	301530000
Q9D1M8	6100800000	6100800000	5932200000
Q8C423	0	0	0
P97329	0	0	0
Q8C0N6	0	0	0
P97350	49780000	49780000	0
A0A1Y7VK37	0	0	0
Q3USJ4	0	0	0
P97361	0	0	0
Q3UGB9	16535000	16535000	10825000
Q3TEL4	0	0	0
Q3US13	0	0	0
Q7TNU9	0	0	0
Q3TRS8	469970000	469970000	515110000
D3Z1S0	0	0	0
F6ULR7	0	0	0
P97459	0	0	0
Q3V1P4	0	0	0
Q3UWF9	26330000	26330000	316600000
P97466	0	0	0
Q497D3	0	0	0
Q8BP87	0	0	0
Q5XKB2	178470000	178470000	215180000
P97938	0	0	0
Q8BZV1	0	0	0
Q8R209	0	0	0
P97762	0	0	0
Q3USM1	0	0	0
Q543U0	0	0	0
P97784	0	0	0
D6RDD4	0	0	0
D6RDD4	0	0	0
Q6P6I8	0	0	0
Q5PXT5	0	0	0
P97808	0	0	0
P97814	11879000	11879000	10353000
G3UY97	0	0	0
Q8C2L5	2093000000	2093000000	3094000000
Q3TTE6	0	0	44749000
P97858	0	0	0
Q8C7G6	0	0	0
P97864	391640000	391640000	290440000
A0A0R4J0Q4	152680000	152680000	0
Q6P550	0	0	96414000
P98064	0	0	0
Q4VAF4	0	0	0
Q3U0K9	51762000	51762000	52451000
Q3US22	0	0	0
Q3UPW7	0	0	0
Q9R1Z9	0	0	0
Q00780	1171000000	1171000000	829620000
A0A0R4J0X5	0	0	0
A0A2P9DUN6	0	0	0
Q00941	0	0	0
Q3UY12	0	0	0
Q8CCF8	0	0	46481000
Q8CBK2	0	0	0
F7CA39	32377000	32377000	28543000
Q1HL33	0	0	0
Q9CY42	0	0	0
Q8BY39	221660000	221660000	160670000
Q01721	119620000	119620000	119370000
Q01965	0	0	0
Q3TLW5	0	0	0
Q02067	0	0	0
Q02525	0	0	0
Q02526	0	0	0
Q02614	0	0	0
Q03145	1254300000	1254300000	1523500000
Q544T2	992270000	992270000	392190000
Q03311	0	0	0
A0A1B0GRF9	0	0	0
Q03402	0	0	0
Q03734	0	0	0
Q3V1K5	0	0	0
Q04742	0	0	0
Q8BNE5	0	0	0
Q04886	0	0	0
Q04887	631260000	631260000	375470000
Q04891	0	0	0
Q04892	0	0	0
Q4FJM4	0	0	0
Q05117	0	0	0
Q8CEV8	140520000	140520000	59450000
Q05685	0	0	0
Q8CEP0	0	0	0
Q91V39	0	0	0
A0A087WPT2	0	0	0
A0A571BD72	265090000	265090000	345040000
Q3UA33	3283300	3283300	0
Q3UC70	81045000	81045000	0
Q059U7	0	0	0
Q059U7	0	0	0
Q3UZS2	104030000	104030000	44735000
B9EKL9	0	0	0
Q7TMI7	65214000	65214000	0
Q5FW64	315940000	315940000	370970000
Q3U9N6	0	0	0
D3Z2I9	0	0	0
Q8BQ53	0	0	0
Q07139	0	0	0
Q3T9M0	0	0	0
Q07231	0	0	0
Q9CZF3	0	0	0
Q07456	0	0	0
Q07763	0	0	0
Q8C955	0	0	0
Q3UG81	0	0	0
Q3UER0	0	0	0
Q3UYR3	19046000	19046000	0
Q08122	0	0	0
Q08189	0	0	0
Q544H8	0	0	0
E3T928	0	0	0
Q08639	179330000	179330000	93186000
Q08652	318490000	318490000	202560000
Q8BVG5	0	0	0
Q5D0D8	0	0	0
Q09PK2	0	0	0
Q0GNC1	0	0	0
Q0KK56	0	0	0
Q8C4A6	0	0	0
Q9D334	0	0	0
Q0V8T7	0	0	0
Q0V8T8	0	0	0
Q0VAV2	0	0	0
Q0VBL1	0	0	0
Q0VDN7	0	0	0
Q5RKT9	0	0	0
Q544B8	0	0	0
Q8BSE9	0	0	0
Q148V8	0	0	123350000
Q149B8	0	0	0
Q149S1	9394600	9394600	0
Q149T7	0	0	0
Q3U3S3	0	0	0
F6WLR1	187670000	187670000	114590000
Q9CVL4	193970000	193970000	54165000
Q8BWE9	63056000	63056000	58813000
Q14B71	0	0	0
Q9WV04	99000000	99000000	90371000
A0A1Y7VP04	0	0	0
Q14DQ1	0	0	0
Q18PE0	0	0	0
Q1H9T6	0	0	0
Q1HKZ5	0	0	0
A0A571BFY6	0	0	0
Q1XH17	0	0	0
Q2MHE5	0	0	0
Q9D8A8	108880000	108880000	109380000
Q2NKI2	0	0	0
A0A494BBJ5	0	0	0
A0A494BBJ5	175110000	175110000	105900000
F6V7U2	0	0	0
A0A1L1SSY2	0	0	0
Q9D3E4	0	0	0
Q2VLH6	0	0	0
Q8BKT5	0	0	0
Q2YFS3	0	0	0
Q0WXH3	0	0	0
Q14C53	0	0	0
Q31108	0	0	0
Q32M07	0	0	0
Q32M08	0	0	0
Q32Q92	0	0	0
Q9CZQ1	0	0	0
F6T4Z4	0	0	14037000
Q3KNJ2	0	0	0
Q3KNK3	382460000	382460000	927120000
Q3KQJ0	0	0	0
Q8BW71	0	0	0
Q9D3Z4	0	0	0
Q3MI11	0	0	0
Q3T9X0	0	0	0
Q3TA38	0	0	0
Q3TA56	0	0	0
Q3TAE8	0	0	0
A0A494B8Y9	32240000	32240000	0
S4R1V2	0	0	0
Q3TBL6	0	0	0
Q3TBN1	0	0	0
Q8BZ22	0	0	0
P25085	0	0	0
Q9CUM4	0	0	0
Q3TCT4	0	0	0
Q3TCV3	0	0	0
Q3TD14	0	0	0
Q8BXJ5	132130000	132130000	118560000
Q8BJ97	0	0	0
Q3TEW6	0	0	0
Q3TFK5	108810000	108810000	108360000
Q3TYH7	0	0	0
Q61895	0	0	0
Q3TH73	0	0	0
P0DPB4	0	0	0
Q3TIT8	0	0	0
Q3ULP9	0	0	0
Q8BVC8	0	0	0
Q3TJD7	9444100000	9444100000	16834000000
Q3TJM4	0	0	0
A0A0N4SVZ2	0	0	0
Q3TLH4	0	0	0
Q3TLR7	0	0	0
Q99K82	48820000	48820000	27447000
Q3TN34	673770000	673770000	514020000
Q3TNA1	960120000	960120000	929730000
Q3TNB8	452250000	452250000	266320000
Q3TNL8	68539000	68539000	0
Q8VHK4	2643600	2643600	5525800
J3QPC9	0	0	0
Q3TPR7	12490000	12490000	0
Q3TQF0	0	0	0
Q3TQS0	0	0	0
Q9WUJ8	0	0	0
Q3TSG4	407560000	407560000	295480000
Q9QZ49	0	0	0
Q3TUF7	77292000	77292000	33514000
Q3TUL7	0	0	0
Q3TUU5	0	0	0
Q569V8	142090000	142090000	229280000
Q3TVC7	0	0	0
Q3TVI4	0	0	0
F6Q720	0	0	0
Q3TWH3	0	0	0
Q9WV18	0	0	0
A0A338P798	0	0	0
Z4YLT1	0	0	0
E9Q4U6	0	0	0
Q9ES55	0	0	0
Q3UCS9	0	0	0
Q3TZX3	0	0	0
Q3U0M1	0	0	0
Q8R2L4	0	0	0
Q3U0X6	0	0	0
Q3U129	0	0	0
Q3U133	0	0	0
Q3TYS6	0	0	0
Q8C4Q1	46745000	46745000	0
Q8R1U3	92402000	92402000	63607000
Q3U1C4	0	0	0
E9QL22	131620000	131620000	178840000
Q8BVS4	109110000	109110000	294330000
A2ALH6	0	0	0
Q3U1J1	0	0	0
Q3UH28	0	0	0
Q3U1N2	119290000	119290000	0
Q3U1T3	0	0	0
Q3U1V8	0	0	0
Q3U1Z5	0	0	63561000
Q3U269	0	0	43934000
Q3U276	0	0	0
Q3U284	0	0	0
Q3U285	0	0	897110000
Q3U2A5	0	0	0
A0A0A6YWR9	0	0	0
A0A286YDI0	0	0	36767000
Q3U2J5	0	0	0
Q3U2K0	0	0	0
Q3U2S8	105550000	105550000	153860000
Q9WTY1	0	0	0
Q9CZI4	0	0	0
Q8R376	109100000	109100000	0
P50540	0	0	0
Q4FK35	0	0	0
A0PJN2	82621000	82621000	73114000
Q3U481	0	0	0
Q99LZ8	0	0	0
Q9EQK7	36179000	36179000	0
Q61144	0	0	0
E9PV36	0	0	63006000
Q3U5F4	144890000	144890000	107100000
Q9D3G5	0	0	30090000
Q3U6K5	511410000	511410000	240750000
Q3U6Q4	0	0	0
Q8VDE1	140400000	140400000	132060000
A0A286YCL6	96776000	96776000	162840000
Q8C1Q3	0	0	0
Q8BNA3	0	0	0
Q3U9F6	0	0	0
Q61337	0	0	0
Q9CSW3	0	0	0
A0A1Y7VK03	60082000	60082000	68651000
A2AUT3	0	0	0
Q9CSZ5	0	0	0
Q3UC65	0	0	0
B1AT06	0	0	0
Q811H2	0	0	0
Q8C713	0	0	0
Q3T9U1	67356000	67356000	73968000
Q9CX36	0	0	0
A0A2R8VI42	0	0	0
Q8VC12	0	0	0
F6V638	0	0	0
Q3US30	0	0	0
Q3UFM5	0	0	90567000
Q8CEZ8	0	0	0
A0A3B2WBC2	0	0	0
A0A0G2JH19	0	0	0
Q3UG98	109510000	109510000	180900000
Q3UH06	43565000	43565000	72043000
B2RRK2	0	0	0
Q8CGB7	0	0	0
Q3TAH2	68318000	68318000	114350000
A0A494BBA6	136210000	136210000	261840000
M0QW88	0	0	0
Q3UJ81	0	0	0
Q3TYF0	97585000	97585000	0
Q3UJZ3	0	0	0
Q3UK10	717890000	717890000	101300000
A0A286YDQ6	0	0	44407000
Q8CCA3	0	0	0
Q3ULA2	0	0	0
Q3ULQ2	0	0	0
Q3UMM4	0	0	0
Q09HN3	0	0	12127000
Q3UMY5	0	0	0
P21812	0	0	0
Q6P250	0	0	0
Q3UND0	84025000	84025000	20569000
A0A3B2W7U6	0	0	0
Q9JHK8	0	0	0
Q3UP38	0	0	0
Q3UP87	0	0	0
S4R2U9	0	0	0
Q3UVP7	24934000	24934000	0
S4R2D4	0	0	0
Q3UPV6	0	0	0
Q3UPW2	0	0	0
Q62217	0	0	0
Q3UQ17	0	0	0
Q3UQ28	137410000	137410000	128690000
Q3UQV5	0	0	0
Q3UR85	0	0	0
Q9CYM7	66789000	66789000	66704000
Q3URD3	0	0	0
Q3URJ8	0	0	0
Q3URQ7	0	0	0
Q3URV1	137400000	137400000	197440000
Q8BQ07	0	0	0
Q3US17	0	0	0
A0A140LIU6	0	0	0
Q3USL1	20727000	20727000	0
Q3TBC9	0	0	0
Q8C9T1	0	0	13466000
A0A087WRX7	0	0	0
Q3UTD9	0	0	0
Q3UTQ6	0	0	0
Q8C3I5	0	0	0
F8WHN0	0	0	0
Q8VCJ5	0	0	0
Q3UU96	0	0	0
Q9CUW6	165740000	165740000	103360000
Q3TNW6	0	0	0
Q3UV17	0	0	0
Q3UV55	0	0	0
D6RG80	0	0	0
Q9EPW9	0	0	0
Q3UVD5	0	0	0
A0A571BG90	0	0	0
Q8BXU6	0	0	0
Q3UVY1	0	0	0
Q3TQA8	0	0	0
Q3TPC3	0	0	0
Q3UX10	0	0	0
Q99MZ7	0	0	60894000
Z4YN37	136610000	136610000	124220000
Q8CAS3	0	0	0
Q3UY23	0	0	0
Q3TP53	0	0	0
Q3UY51	0	0	0
Q3UYV8	464460000	464460000	285680000
Q3UZ01	0	0	84973000
Q8C2J3	0	0	0
Q3UZZ6	0	0	0
F7ALR2	0	0	0
Q3V0I2	0	0	0
Q3V0J1	247790000	247790000	335800000
Q3V0Q6	97123000	97123000	0
Q811B5	0	0	0
Q64028	0	0	0
Q3V1G4	0	0	0
Q3V1H1	0	0	0
Q8BXB6	0	0	0
A0A0G2JF89	0	0	0
Q3V1N1	0	0	0
Q80YT8	0	0	0
Q3V1Z5	0	0	0
Q3V2Q8	0	0	0
Q3V300	0	0	0
Q14CG6	0	0	0
Q3V1Q5	98767000	98767000	90335000
Q3V4B7	0	0	0
Q8R2U5	27413000	27413000	33003000
F6TIK3	0	0	0
A0A3Q4EGM4	0	0	0
Z4YMJ8	0	0	0
Q499D0	0	0	0
A0A088DEG2	0	0	0
Q3UTV0	11928000	11928000	27580000
Q4FZG9	0	0	0
Q4G0F8	0	0	0
Q3U1R1	0	0	0
Q8C715	0	0	0
Q8C426	0	0	0
Q4LFA9	0	0	0
Q8CE15	0	0	0
Z4YKQ9	0	0	0
Q4V9W2	0	0	0
D3YY14	0	0	0
Q4VAC9	483200000	483200000	360180000
Q9CX96	44625000	44625000	65412000
Q4VBE4	0	0	0
Q4VBF2	0	0	94059000
Q3U6Y5	0	0	0
Q501J7	0	0	216100000
Q505F1	0	0	0
Q52KB8	0	0	0
Q52KE7	0	0	0
Q80TH1	0	0	0
Q52KG3	0	0	0
Q52KG4	0	0	0
Q52KG5	0	0	0
Q52KP5	0	0	0
Q52KR2	0	0	70415000
Q52KR3	0	0	0
Q9CX93	0	0	0
Q56A10	0	0	0
Q571C7	0	0	0
Q571G4	62532000	62532000	48126000
Q571J5	0	0	37074000
Q8BSD1	92505000	92505000	80354000
Q5BU09	140320000	140320000	138560000
Q5D073	0	0	0
Q5D1E7	0	0	0
A0A494B920	0	0	0
Q9CTH7	0	0	0
E9Q1I3	0	0	0
Q5DTZ0	0	0	0
Q5DU05	0	0	0
Z4YJZ7	32412000	32412000	183530000
Q3UN84	487250000	487250000	392380000
Q5EBH1	0	0	0
Q5EBP3	0	0	0
Q5EE38	177370000	177370000	162810000
Q5EER8	0	0	0
Q5F204	0	0	0
Q5F258	0	0	0
Q8C4T4	0	0	0
Q5F293	0	0	0
Q3V3H9	0	0	0
Q5F2L2	0	0	0
Q5FW60	0	0	0
Q9D314	0	0	0
Q8C5A0	0	0	0
Q8BKP6	55581000	55581000	0
Q5HZG9	0	0	0
A0AAA9WW52	0	0	65559000
Q8BXV7	89374000	89374000	0
Q8CJ74	0	0	123830000
Q5HZK1	0	0	0
Q3TCU2	166950000	166950000	0
Q62259	0	0	0
E0CY01	46827000	46827000	25517000
Q80XS2	20850000	20850000	0
Q5NCB3	0	0	0
Q5NCB9	0	0	0
Q5NCC4	39683000	39683000	70989000
Q9JIW4	0	0	0
Q5NCS9	0	0	0
Q8K0Z1	0	0	0
Q5ND29	0	0	0
Q3TV83	53147000000	53147000000	28514000000
Q9CSG4	0	0	0
Q5PT52	0	0	0
Q5RJ54	0	0	0
Q6NVE7	0	0	0
Q99L12	0	0	0
Q9CXP1	36381000	36381000	42998000
Q5RL51	87573000	87573000	0
Q5RL79	0	0	0
A0A140LJK6	0	0	0
Q8CHY4	0	0	0
Q91ZJ4	0	0	0
Q5SQ27	0	0	0
Q5SQF8	0	0	0
Q5SXA5	980360000	980360000	1153600000
B1AU71	0	0	0
Q69ZW3	0	0	0
Q5SS90	792410000	792410000	912500000
F2Z4A6	31210000	31210000	30710000
Q5SSJ1	0	0	0
Q5SSL4	0	0	0
Q5SSN7	0	0	0
Q5SSZ5	0	0	0
Q5STE3	0	0	0
Q5SUE8	332350000	332350000	141440000
Q9WUT2	0	0	0
Q3UPG6	0	0	0
E0CXT1	0	0	0
Q5SV77	117400000	117400000	0
V9GXD9	0	0	0
Q5SVN9	0	0	0
Q5SW45	340090000	340090000	300000000
Q5SW46	0	0	0
F6ZVN6	287530000	287530000	297570000
Q8C955	0	0	0
Q3UTM8	0	0	0
A0A0A0MQ70	54463000	54463000	37147000
Q571F4	0	0	0
Q5SWW4	81780000	81780000	0
Q3UUB1	0	0	0
Q8BLW0	918680000	918680000	630140000
Q5SX75	188550000	188550000	115220000
D3Z3D5	0	0	0
Q5SXG7	0	0	0
Q5SXI5	0	0	0
Q3V3D4	0	0	0
A0A0J9YV86	0	0	0
Q3U0H6	0	0	0
Q3TYD2	0	0	0
Q5SZT6	0	0	0
D6RDU0	0	0	49447000
Q5U419	0	0	0
Q5U464	126370000	126370000	0
Q8C8I1	0	0	0
Q5U4C9	0	0	0
Q6X2R9	190400000	190400000	0
Q99N85	213240000	213240000	48747000
Q5U680	0	0	0
Q8C929	111850000	111850000	237250000
O88447	0	0	0
Q3UM98	99758000	99758000	120780000
F6M2K1	127900000	127900000	30712000
Q8C2M5	0	0	0
Q5XKN4	138140000	138140000	144500000
Q5Y5T1	0	0	0
Q5Y5T2	0	0	0
A0A338P749	0	0	0
Q60519	0	0	0
Q60590	0	0	0
Q6P8I7	0	0	0
Q60604	0	0	0
Q60613	0	0	0
Q99MT9	0	0	0
Q60644	0	0	0
Q9JHG5	0	0	0
Q3TRA0	0	0	0
Q60715	0	0	0
V9GXF4	0	0	0
Q3ULV5	0	0	0
Q60753	0	0	0
Q60764	0	0	0
Q62281	0	0	0
J7NUP1	0	0	0
Q3TBB9	0	0	0
Q9D153	51368000	51368000	97427000
Q60773	0	0	0
Q05CC0	59544000	59544000	57592000
Q60779	103940000	103940000	143220000
Q60821	0	0	0
Q60838	530260000	530260000	582130000
Q60843	0	0	0
Q60848	0	0	0
Q8K355	0	0	0
A0A087WSP9	97010000	97010000	0
Q60876	1965000000	1965000000	1863600000
Q60898	0	0	0
Q5XFZ5	0	0	0
Q60929	0	0	0
Q60929	0	0	0
Q4V9V2	0	0	0
A0A0G2JE81	0	0	0
Q60987	0	0	0
Q7TSI6	133510000	133510000	124520000
Q8BRW2	522200000	522200000	787450000
D3Z5U8	0	0	0
Q61010	0	0	0
Q8BMQ1	0	0	0
Q6P8Y9	0	0	0
Q3UR33	0	0	0
Q3UR33	0	0	0
A3KGC5	0	0	0
Q7TT21	0	0	0
F8WGH6	0	0	0
Q8C5G8	80056000	80056000	64325000
Q3UVM5	0	0	0
Q61086	272180000	272180000	138860000
Q61091	0	0	0
F6ZK01	0	0	0
Q5SXE4	0	0	0
Q3TQB0	0	0	25916000
S4R2L1	385510000	385510000	0
Q61129	0	0	0
Q61146	190660000	190660000	192740000
A0A087WPR5	0	0	0
Q3U2D0	0	0	0
Q3U575	0	0	0
Q3UTH4	0	0	0
Q61221	0	0	0
Q5ND36	0	0	0
Q61286	0	0	0
Q9CU19	0	0	0
Q8CBL0	0	0	0
Q3UQT2	0	0	0
Q61382	78593000	78593000	76389000
Q8BNU9	253340000	253340000	312570000
Q61398	0	0	49778000
Q61457	0	0	0
Q8C5D4	4155800000	4155800000	941430000
Q61471	0	0	0
Q9R1C3	0	0	0
Q61483	0	0	0
Q8K2Y1	0	0	0
Q61500	0	0	0
Q61526	0	0	0
Q8C8P0	0	0	0
Q61542	235590000	235590000	138950000
Q61555	1700800000	1700800000	609830000
Q61584	0	0	0
F8VQC7	0	0	0
Q8CF68	56779000	56779000	102580000
Q80T33	0	0	0
Q3UYN0	0	0	0
Q61646	1845900000	1845900000	4138600000
Q61660	134540000	134540000	118340000
Q61666	124100000	124100000	253170000
Q61666	0	0	0
Q61666	0	0	0
Q80YV1	0	0	0
A0A498WFQ1	0	0	0
Q61712	143090000	143090000	100360000
Q61738	0	0	0
Q3TWK2	0	0	0
A0A1B0GT90	0	0	0
Q61759	0	0	0
Q61762	0	0	0
Q8CC52	0	0	0
Q61790	0	0	0
Q61805	317810000	317810000	518200000
Q61827	0	0	0
Q61845	333180000	333180000	944000000
A2ALR0	0	0	0
Q545D8	0	0	0
V9GXM7	538960000	538960000	385170000
Q61908	751700000	751700000	1299800000
Q61967	0	0	0
A0A494BAZ6	0	0	0
Q61990	192440000	192440000	76062000
Q62000	0	0	0
F7C9H0	66619000	66619000	10194000
Q62011	0	0	0
Q62035	0	0	0
Q62084	532540000	532540000	311940000
Q62101	253270000	253270000	208170000
Q9JLJ9	190700000	190700000	0
Q6NXW5	0	0	0
Q62137	88011000	88011000	0
Q62159	1581000000	1581000000	1623700000
Q62176	0	0	0
Q8BPQ1	84303000	84303000	97161000
Q8BQM3	0	0	0
Q62252	1687000000	1687000000	766160000
Q62255	80883000	80883000	635200000
Q3TTX2	38924000	38924000	43893000
Q8BPB6	0	0	0
Q62266	0	0	0
Q62273	0	0	0
Q62276	35261000	35261000	0
Q8VHB0	0	0	0
Q78JJ8	0	0	0
Q62315	0	0	70462000
Q62356	419840000	419840000	373880000
Q62371	0	0	48111000
Q62392	0	0	0
Q62398	0	0	0
Q3TU57	1550400000	1550400000	0
Q3TU57	53091000	53091000	0
Q62431	0	0	0
Q62441	0	0	0
Q3URI0	0	0	0
Q8CEJ4	0	0	0
Q8CB84	1195100000	1195100000	1326500000
Q62481	0	0	202720000
Q62507	0	0	0
Q62511	0	0	240600000
Q62513	0	0	0
Q62559	300660000	300660000	278390000
Q9D2S5	0	0	0
Q63880	0	0	0
D6RIP6	0	0	0
Q63ZV0	0	0	0
Q9JLR7	0	0	0
Q64028	0	0	0
Q9CVI9	374070000	374070000	441920000
Q640N1	312800000	312800000	352160000
Q9D1Z5	145570000	145570000	64799000
Q3UXE8	0	0	0
Q8BPJ1	0	0	0
B1AUG0	0	0	0
Q64151	0	0	56655000
Q64152	0	0	14490000
Q3U4J9	98091000	98091000	142920000
Q8BZP1	0	0	0
Q8R4W5	298750000	298750000	0
A0A0G2JG11	0	0	0
Q3THB2	0	0	0
Q8BRX4	92331000	92331000	111590000
Q8C2A1	0	0	0
Q3UUK6	0	0	0
Q64318	232280000	232280000	195930000
Q64321	0	0	0
M0QWY7	0	0	0
Q64327	1306000000	1306000000	200670000
Q64337	0	0	0
Q8K0F6	0	0	0
Q64374	0	0	0
Q64387	0	0	0
Q80V82	0	0	0
Q64435	1083700000	1083700000	904670000
Q9D748	0	0	0
Q64445	0	0	0
Q14AX9	168920000	168920000	72321000
Q3U4M7	0	0	0
Q64520	0	0	0
Q9JJM6	0	0	0
Q8CA36	0	0	0
Q8BY70	0	0	0
A2AUV5	0	0	0
Q62017	288520000	288520000	278220000
Q8CCD4	0	0	0
Q64726	0	0	0
Q9D5H8	0	0	0
Q3UUU1	84130000	84130000	0
Q64HY3	0	0	0
A2ATR6	0	0	0
Q66JW3	0	0	0
Q66K08	0	0	0
F6WAU7	9205500	9205500	0
Q66PY1	0	0	0
Q673H1	0	0	124680000
Q2LKU9	0	0	0
Q99J68	0	0	0
Q68FD7	0	0	47017000
Q68FE7	0	0	0
Q68FF7	56038000	56038000	17809000
Q68FG0	0	0	0
Q8BKR7	0	0	0
Q69Z66	0	0	0
Q69Z69	0	0	0
G3UZ00	0	0	0
G3UZ00	0	0	0
G3UZ00	0	0	0
Q69ZB3	0	0	0
A0A087WSQ9	612320000	612320000	0
A0A087WNL5	0	0	0
Q69ZK5	0	0	0
Q9D9B2	112140000	112140000	102570000
Q69ZP3	0	0	0
Q69ZT1	0	0	0
A0A1W2P853	0	0	0
Q6A085	13234000	13234000	12496000
Q80YC3	0	0	0
Q6BCL1	0	0	0
Q6DFU8	0	0	0
Q3UU24	89010000	89010000	95142000
Q6DFV3	0	0	350250000
Q6DFX2	61240000	61240000	31641000
Q8K147	0	0	0
Q6DG52	0	0	0
Q6DI86	0	0	0
Q6DIA2	0	0	0
Q6DIB5	66026000	66026000	97683000
Q8BSK0	0	0	0
B0YIS0	89175000	89175000	128340000
Q99K07	0	0	0
E9Q9S3	0	0	0
Q6GQR8	0	0	0
Q6GQX2	0	0	0
Q9QYJ1	0	0	0
Q6GU68	490280000	490280000	134750000
Q6IE82	0	0	0
Q61726	0	0	0
Q6IQY5	435630000	435630000	245280000
Q8K0Y4	0	0	82478000
Q6KAU8	0	0	0
Q6KCD5	0	0	0
Q6NS45	0	0	0
A0A1Y7VLG5	0	0	0
Q6NS69	0	0	0
Q6NSQ5	0	0	0
Q6NSQ7	83613000	83613000	132530000
Q6NSR3	0	0	0
Q7TNU1	102430000	102430000	83842000
Q6NV52	0	0	0
Q8BHQ4	21135000	21135000	0
Q8CB73	234180000	234180000	399910000
Q6NVD0	0	0	0
Q6NVD9	0	0	0
Q6NVE3	0	0	0
Q6NVG7	0	0	0
Q6NWW5	0	0	0
Q6NWW9	591280000	591280000	468890000
A8Y5Q7	0	0	0
Q6NXH8	0	0	0
Q6NXK5	0	0	0
Q8K2N2	359250000	359250000	289220000
A0A286YCW1	0	0	0
F6T4B0	70415000	70415000	298980000
Q6NXY9	0	0	0
Q9D4P0	0	0	0
Q6NY15	717320000	717320000	148000000
Q6NZB1	0	0	0
Q2PHE9	0	0	0
Q80ZG4	0	0	0
Q6EVH9	0	0	0
Q6EVH9	0	0	0
Q5DTX1	166980000	166980000	183990000
A0A087WSF0	0	0	0
E9Q640	576330000	576330000	119000000
Q9D3Z7	0	0	0
Q6NZP2	0	0	0
Q6NZP4	0	0	0
Q6NZQ2	73122000	73122000	164230000
Q6NZQ4	0	0	0
Q6NZR2	0	0	0
Q3UUS1	0	0	0
Q6P0X2	54145000	54145000	87306000
Q6P1B3	0	0	0
Q8C5M9	0	0	0
Q6P1C1	0	0	0
Q3UXP7	0	0	0
Q8C949	0	0	0
Q8C558	0	0	0
Q6P1J0	3610800000	3610800000	667430000
Q6P3A4	0	0	0
Q6P3A9	22307000	22307000	0
Q6P3B2	0	0	0
Q6P3E7	0	0	0
Q6P3Y5	210080000	210080000	141360000
A0A087WQL4	0	0	0
Q3UVE8	0	0	0
F6U8X4	0	0	0
P97480	81887000	81887000	46485000
Q8BHP3	0	0	0
Q9CSQ3	0	0	0
Q3V415	0	0	0
Q9ER74	287080000	287080000	223700000
Q3TZE1	0	0	0
Q8BKW1	82262000	82262000	501720000
Q6P5G6	0	0	12819000
E9PZ03	114750000	114750000	94821000
Q6P6J4	0	0	0
Q6P6K7	0	0	0
Q6P7W2	0	0	0
Q6P7W5	0	0	0
Q6P8H8	0	0	0
Q6P8I6	0	0	0
Q6P8J7	0	0	0
Q8C4Z5	0	0	0
A0A2I3BPX5	0	0	0
B7ZNJ3	0	0	0
Q6P9L6	37532000	37532000	60454000
O35060	0	0	0
Q8C8S0	0	0	0
Q9D6S8	138660000	138660000	178710000
Q6P9S7	0	0	0
Q6PAL0	0	0	0
Q9D043	0	0	0
Q6PAN7	0	0	0
Q6PAQ9	0	0	0
Q6PAR0	0	0	0
Q6PAT0	74529000	74529000	84190000
Q6PB51	0	0	0
A2AGB8	0	0	53063000
Q9JI20	0	0	0
Q6PB90	0	0	0
Q6PB97	0	0	0
Q6PCL9	0	0	0
Q8BX11	113290000	113290000	172240000
Q6PCN7	144670000	144670000	236540000
Q3V436	0	0	0
Q6PCP5	0	0	0
Q6PCP5	0	0	0
Q3V1D2	135840000	135840000	65488000
Q5SQY9	0	0	0
Q6PD05	0	0	0
A2AKW4	0	0	0
Q6PD29	0	0	0
Q6PDD0	0	0	0
Q6PDK0	0	0	0
Q6PDK8	0	0	0
Q6PDM1	228890000	228890000	0
A0A1Y7VMC0	0	0	0
D6RI25	0	0	0
Q5SXR4	2193300000	2193300000	0
Q6PE65	0	0	0
Q6PEB4	0	0	0
Q6PEE2	0	0	0
F6QD87	0	0	0
Q6PFD6	0	0	0
A2AML9	0	0	0
Q6PFH3	0	0	0
Q6PFQ7	148600000	148600000	152310000
Q3TNU2	0	0	0
A0A2I3BQY3	0	0	0
Q6PFX7	0	0	0
Q6PFX8	0	0	0
Q8CER7	40678000	40678000	237410000
E9QA76	190330000	190330000	141120000
Q6PGA0	0	0	0
Q6PGA0	0	0	0
Q6PGD2	0	0	0
F7AIU6	135380000	135380000	50849000
O88809	0	0	0
A0A0A6YX33	0	0	0
A0A0A6YX33	0	0	0
Q6PH08	0	0	0
Q6PHN7	0	0	0
Q6US92	47216000	47216000	134580000
Q920H7	0	0	0
Q920H7	0	0	0
Q8CCM0	0	0	0
Q8CCM0	0	0	0
Q9CW73	0	0	0
Q3UV62	96980000	96980000	105630000
Q6PJN8	33559000	33559000	57503000
Q6Q477	0	0	0
A0A286YDY3	0	0	87749000
Q8CF26	0	0	0
Q6R5N8	77747000	77747000	29787000
S4R2B5	0	0	0
Q8CCP7	0	0	0
Q6SJQ0	0	0	0
Q6TCG2	0	0	0
Q6PDF5	56799000	56799000	86536000
Q6P395	0	0	0
Q921F2	0	0	0
Q6W9K6	0	0	0
Q6WKZ7	0	0	0
Q6X7S9	0	0	0
Q3TMS8	0	0	0
Q6Y5D8	0	0	0
Q6YGZ1	0	0	0
Q9QXC1	0	0	0
H3BKD9	0	0	0
A0A2I3BRJ9	0	0	0
O08548	188390000	188390000	23375000
Q6ZPI0	0	0	0
Q6NS55	0	0	0
Q6ZPR5	0	0	0
Q6ZPR6	135210000	135210000	58086000
Q6ISX3	0	0	0
Q6ZQ06	0	0	0
Q8CGI8	0	0	0
Q8BWK5	0	0	0
A0A087WS55	87833000	87833000	0
Q8K2P5	0	0	0
Q6ZWT2	0	0	0
Q6ZWT2	0	0	0
A0JLP8	0	0	0
Q99P24	780540000	780540000	520390000
Q8BQ62	215370000	215370000	274230000
Q5RJI9	0	0	0
Q71B07	47789000	47789000	207920000
Q71FD7	236650000	236650000	112940000
E0CX82	38946000	38946000	0
Q3TQ28	0	0	0
A0A2R8W6H5	0	0	0
F7BP45	211470000	211470000	221680000
A0A1Y7VL74	0	0	0
F7BPB5	0	0	0
Q76HP3	0	0	0
Q76K27	0	0	0
Q76KF0	0	0	0
Q78IS1	411560000	411560000	423370000
Q78JT3	0	0	0
Q9ER36	0	0	0
Q78RX3	0	0	0
Q78T54	0	0	0
Q78TF3	0	0	0
Q78XF5	0	0	0
Q05CW9	247270000	247270000	388310000
Q78YY6	0	0	0
Q792Z1	0	0	0
Q794H2	0	0	0
Q8K167	0	0	0
Q7M6Y2	0	0	0
Q7M6Z4	1381900000	1381900000	1620900000
Q7M732	0	0	0
Q3USF2	0	0	0
Q7TM95	0	0	0
Q7TMB8	0	0	0
A1IGX7	417230000	417230000	579230000
Q8BV98	134340000	134340000	109590000
G3XA76	106830000	106830000	34888000
Q7TML3	0	0	0
Q7TMM8	0	0	0
Q7TMN8	0	0	0
Q7TMV1	0	0	0
Q7TMX5	129230000	129230000	227890000
Q7TN02	0	0	0
E0CZ77	0	0	0
Q7TN16	48287000	48287000	0
Q7TN22	129630000	129630000	176810000
Q7TN31	0	0	36091000
Q99K19	0	0	0
Q7TN83	0	0	0
Q0VEC9	0	0	0
Q9CUV0	0	0	0
A0A1W2P7W9	0	0	0
Q7TNC8	0	0	0
Q7TND5	109890000	109890000	93725000
A0A1L1STK5	139840000	139840000	0
Q7TNI2	0	0	0
Q7TNK1	12294000	12294000	0
Q9CSE2	0	0	0
Q7TNL7	0	0	0
Q7TNT2	0	0	0
Q8BIA9	0	0	0
Q7TNU6	0	0	0
Q7TPC1	0	0	0
Q7TPD3	0	0	0
B1ASP0	84578000	84578000	163800000
Q7TPE5	80500000	80500000	0
Q7TPM1	0	0	0
Q7TPS5	0	0	0
Q9CV32	0	0	0
Q7TPX5	0	0	0
Q8K2P0	0	0	0
A0A0R4J0E2	0	0	0
Q7TQ48	0	0	18209000
Q7TQC5	77478000	77478000	148670000
Q9D3E7	0	0	0
Q505G2	81291000	81291000	116960000
Q7TQG0	0	0	0
Q3TYH7	0	0	0
Q7TQH7	0	0	0
Q7TQI8	0	0	0
Q7TQJ8	0	0	0
Q9D6H3	0	0	123760000
Q7TS68	135210000	135210000	109810000
Q7TS72	61222000	61222000	123820000
Q7TS74	0	0	0
Q7TS75	0	0	0
Q7TSA6	0	0	0
Q7TSH3	0	0	0
Q7TSJ2	151790000	151790000	218170000
G3UYM3	0	0	0
F6XNR8	0	0	0
Q7TSN6	0	0	0
Q8BPJ8	0	0	0
F6WZB3	0	0	0
Q8BK34	0	0	0
Q7TSV9	0	0	0
Q7TT00	0	0	0
Q8C343	0	0	0
Q80SU7	0	0	0
Q99JV5	0	0	0
Q80SX5	0	0	0
Q80SY3	0	0	0
Q9CVV2	0	0	0
Q91YP4	0	0	0
D6RG56	0	0	92462000
B7ZNG7	0	0	0
Q8VCB7	0	0	0
Q497T4	42495000	42495000	65877000
Q3TB76	0	0	0
Q80TI1	0	0	0
Q80TL7	0	0	0
Q80TS7	0	0	0
Q3UF06	0	0	0
Q80TY4	0	0	0
B1B0B8	0	0	0
B1B0B8	0	0	0
Q2NLC0	0	0	0
Q80U30	0	0	0
Q80U58	0	0	0
Q80U78	0	0	0
Q9CYH0	0	0	0
Q80UF7	0	0	0
Q80UG1	0	0	0
Q80UI7	0	0	0
Q80UJ1	0	0	0
Q80UK7	0	0	0
Q8C1M4	189020000	189020000	312710000
A0AAA9WVZ7	0	0	0
Q80US4	122970000	122970000	0
S4R1B9	107260000	107260000	250250000
Q80UW0	0	0	0
Q80UW5	365120000	365120000	493800000
Q80UX8	0	0	0
Q8BZ68	0	0	0
Q80UZ2	98649000	98649000	0
D3Z130	138270000	138270000	117070000
V9GXW2	124340000	124340000	0
Q80V53	0	0	0
F7CAP1	0	0	0
Q80V70	54725000	54725000	47692000
Q9DB68	0	0	0
Q3V4A4	68915000	68915000	93520000
D6RJM1	91254000	91254000	134750000
Q80V86	135010000	135010000	212230000
Q9JLM6	441270000	441270000	0
Q80VC6	0	0	0
Q80VF6	0	0	0
D3YVX5	1059400000	1059400000	1301400000
Q80VJ3	798830000	798830000	599700000
Q8BWF8	0	0	0
Q80VM4	0	0	0
Q8C8I1	0	0	0
Q9D2N5	0	0	0
Q80VP1	0	0	0
Q80VP2	0	0	0
Q80VP8	0	0	0
Q80VR3	0	0	0
Q80VW7	29445000	29445000	65960000
J3QNQ9	112780000	112780000	129160000
Q80W15	0	0	0
Q80W26	0	0	0
Q80W31	0	0	0
Q80W40	0	0	0
Q80W71	0	0	0
H3BL46	0	0	0
Q80WC1	0	0	0
Q80WC3	31488000	31488000	72148000
Q80WM5	0	0	0
Q80WM9	0	0	0
Q8BJ16	0	0	55748000
Q80WR1	0	0	0
E9PUH0	109730000	109730000	0
A0A0N4SVI6	0	0	0
Q80WY3	0	0	0
Q8BZ69	0	0	68020000
Q8BZ69	0	0	0
Q80X72	0	0	0
Q80X81	0	0	0
Q80X89	0	0	0
Q80XC6	132820000	132820000	0
D3YXQ4	0	0	0
B1AUZ4	0	0	0
Z4YKC4	0	0	0
A0A494BBI0	0	0	0
Q80XL7	0	0	0
Q80XP8	0	0	0
Q5DU47	0	0	0
Q8CCJ8	0	0	0
Q8BY60	122790000	122790000	74445000
Q80Y34	0	0	0
Q80Y44	250590000	250590000	464530000
Q80Y50	0	0	0
Q80Y61	0	0	0
Q80Y75	262310000	262310000	220740000
Q80YA8	1666400000	1666400000	764100000
Q80YC5	0	0	0
Q9ER49	146580000	146580000	58675000
Q571J1	58880000	58880000	13209000
Q80YX1	0	0	0
Q9QY74	0	0	0
Q80Z37	0	0	0
Q80Z38	0	0	0
Q80Z38	0	0	0
Q8K0P0	0	0	0
Q80ZD3	264150000	264150000	286920000
Q80ZD9	0	0	0
Q80ZE5	0	0	0
Q80ZI2	0	0	0
Q80ZK0	0	0	0
Q80ZM7	0	0	0
Q80ZQ5	0	0	0
E9PXA2	10086000	10086000	0
Q8BT02	0	0	0
Q810I0	0	0	0
Q3UMM9	0	0	0
Q3V0G8	0	0	0
Q810L4	0	0	0
Q6P9Y5	0	0	0
Q811B1	0	0	0
Q8CD64	369450000	369450000	235330000
Q811M1	0	0	0
Q811W0	0	0	0
Q811W2	0	0	0
Q812A5	132300000	132300000	0
F7BME0	0	0	0
D6RG46	0	0	0
Q3U3P5	0	0	0
B9EHM1	0	0	0
Q8BFR2	0	0	0
Q8BFS9	0	0	0
A0A2I3BQW1	0	0	0
Q8BFT6	0	0	0
A0A1W2P848	0	0	0
E0CZF4	0	0	0
Q8BFU8	0	0	0
Q8BFW9	0	0	0
Q8BFX1	0	0	0
Q8BG13	0	0	0
Q8BG17	98154000	98154000	0
D6RHA9	0	0	0
Q9CVB4	0	0	21842000
Q8BG37	43598000	43598000	55802000
Q8BG48	0	0	51366000
Q8BG50	0	0	0
F7ASU3	0	0	0
F7ASU3	0	0	0
Q91X82	259580000	259580000	222790000
Q8BG75	0	0	0
Q8BG79	634380000	634380000	911800000
Q8BG80	0	0	0
Q8BG84	0	0	0
V9GWW7	0	0	0
D3Z698	0	0	0
Q8C666	0	0	0
Q8BGD7	0	0	0
Q8BGD8	102980000	102980000	179520000
B9EI54	0	0	0
V9GXF9	0	0	0
Q8BGI4	0	0	0
Q8BGI5	0	0	53969000
F7D8X7	0	0	0
Q8BGK6	0	0	0
Q8BGQ2	0	0	0
Q8BGQ4	0	0	0
Q8CDD7	0	0	0
Q8BGS0	250190000	250190000	157730000
Q8BGS7	236710000	236710000	144130000
Q8BGT0	38902000	38902000	20030000
Q8BGT9	0	0	0
Q8BNA7	104310000	104310000	94960000
E0CYT7	0	0	0
Q8BGW2	0	0	0
Q8R2P2	0	0	0
Q8BGW6	0	0	0
Q8BGX7	0	0	0
Q8BGY2	312250000	312250000	0
Q8BGY3	0	0	0
Q8BGY4	52584000	52584000	0
Q8BGZ3	0	0	0
Q8BH00	0	0	0
Q8BH02	38145000	38145000	0
Q8BH07	0	0	34489000
Q8BH10	0	0	0
Q8BH16	0	0	0
Q8BH18	0	0	0
Q8BH31	0	0	0
Q8BMF6	0	0	0
Q8BH35	0	0	0
Q8BH47	133030000	133030000	396770000
Q8BH52	0	0	0
V9GXH8	0	0	0
Q8BH73	0	0	0
A0A1W2P811	0	0	30087000
Q99P72	0	0	0
Q8BH93	0	0	127920000
Q8BHA0	0	0	0
Q8BHA1	0	0	0
Q8BHB0	0	0	0
Q8BHC0	0	0	0
Q8BHC7	490510000	490510000	477370000
Q8BHD0	0	0	0
Q8BV94	0	0	0
Q8BHD8	487800000	487800000	310380000
Q8BHE0	0	0	0
Q8BHE1	0	0	0
Q8BHE4	0	0	0
Q8BHE5	0	0	0
Q8BHH1	0	0	0
Q8BHH9	0	0	0
D3Z0Z6	0	0	0
Q8BHI9	0	0	0
Q8BHJ7	0	0	0
Q8BHK0	0	0	0
Q8BHK3	0	0	0
Q8C4L5	0	0	0
Q8BHL5	0	0	0
Q8BHL7	0	0	0
Q3UE86	2081600000	2081600000	1427800000
Q3UE86	0	0	0
Q8BHR2	0	0	0
Q8BHT7	0	0	0
A0A494BB26	0	0	0
Q8BHX3	0	0	0
Q8BHY2	91400000	91400000	125270000
Q14AX8	224840000	224840000	178000000
Q8BI29	0	0	0
Q8BI66	0	0	0
Q3TQ22	253050000	253050000	180560000
Q8BIC7	0	0	0
Q8BID8	0	0	0
Q66L41	64561000	64561000	0
Q7TN11	0	0	0
Q8BIL2	0	0	0
Q8BIQ6	0	0	0
Q8BIS1	0	0	0
Q8BIS8	0	0	0
Q8BIW9	0	0	0
Q8BYU1	130030000	130030000	266800000
Q0P4Z5	0	0	0
Q8BIZ0	0	0	0
Q8CBC9	0	0	0
Q8BIZ6	0	0	0
A0A1Y7VP61	0	0	0
Q3TY52	245090000	245090000	191730000
Q8BJ48	8360700	8360700	0
Q8BJ51	0	0	0
Q8BJ56	298820000	298820000	263660000
A0A2I3BRQ4	93562000	93562000	54896000
Q8BY20	0	0	0
Q8BJ83	0	0	0
Q8BJ90	0	0	0
Q8BJA2	0	0	0
Q499W3	0	0	0
A0A0J9YU06	0	0	0
E0CZA8	145650000	145650000	0
H3BKR6	0	0	0
Q8BJQ4	0	0	0
A0A0R4J1S7	0	0	0
Q8BJU0	0	0	0
Q9CU17	0	0	86279000
Q8BK62	0	0	0
Q3TVX1	0	0	0
Q8BKA3	0	0	0
Q8BKF1	0	0	0
A2ABY8	31814000	31814000	0
Q8BKK4	0	0	0
Q8VDT8	0	0	0
Q3V355	0	0	0
Q8BKT8	42508000	42508000	246150000
Q8BKW4	0	0	0
Q8BL03	0	0	0
Q8BL43	0	0	0
Q8BKD1	0	0	0
Q8BKD1	0	0	0
D3Z2L1	0	0	0
Q8BL80	394340000	394340000	362400000
Q8BLB0	0	0	0
Q8BLB8	0	0	0
Q921F2	0	0	0
Q8BLG0	0	0	0
Q80UD5	0	0	0
Q8BLI4	0	0	0
A0A338P7B4	0	0	0
A0A0A6YY70	54844000	54844000	62893000
Q8BLS7	0	0	0
Q8C0J3	0	0	0
A3KFV7	0	0	0
Q8BLY1	0	0	0
Q8BLY7	183760000	183760000	77399000
Q8CGC4	0	0	0
Q8BM47	0	0	0
Q8BM75	0	0	0
Q8BM88	87878000	87878000	208440000
Q8BMA3	78500000	78500000	110000000
Q8BMA5	22438000	22438000	0
Q3USB6	351140000	351140000	186260000
Q8BMC0	0	0	0
Q8BMC3	0	0	0
Q8BMC4	204090000	204090000	114690000
A0A2I3BQL2	205580000	205580000	112770000
A0A1W2P7L4	0	0	0
Q1WWL0	0	0	0
Q8BMJ8	0	0	0
Q8BMK1	0	0	0
Q8BMK5	0	0	0
Q8BMT4	0	0	0
Q5SP86	234860000	234860000	285200000
Q8BN58	0	0	0
Q8BN82	0	0	99314000
Q8BNI4	0	0	0
Q8BNQ3	0	0	0
Q9D2H6	25993000	25993000	26803000
Q8BP01	0	0	0
Q8C687	0	0	0
P58771	1874100000	1874100000	1041100000
A0A140LIA4	0	0	0
Q8BP97	0	0	0
Q3TRR8	0	0	130080000
B2M0S5	245920000	245920000	135610000
Q8BPK2	0	0	0
Q8BPS4	0	0	0
Q8BPX9	0	0	0
Q8BQB4	0	0	0
Q8BQM7	0	0	0
Q8C4G0	0	0	0
Q8BQN6	0	0	0
Q3U4R6	0	0	0
Q8VDR4	0	0	0
Q8BQR4	0	0	0
Q53YY3	0	0	0
Q2HJ05	0	0	185770000
Q8BQX0	0	0	0
Q8BQX5	0	0	0
Q8BQY8	0	0	0
Q8BR37	0	0	0
Q501M5	0	0	0
Q8BRM2	123710000	123710000	103570000
Q8BS03	0	0	0
Q8K048	0	0	0
Q8BSA9	0	0	0
Q78WV9	0	0	0
Q8BSL7	0	0	0
Q8BSN5	139540000	139540000	85352000
Q8BSP2	0	0	0
Q8BSU7	0	0	0
Q8BT51	0	0	0
Q8BTE5	0	0	0
Q8BTF7	0	0	0
Q8BTG7	0	0	0
Q8BTH6	0	0	0
A0A338P6U3	0	0	0
Q8BTP3	0	0	0
Q8BTQ0	0	0	0
Q8BTU7	0	0	0
Q8BTW8	0	0	0
Q8K0U2	227550000	227550000	302340000
A0A286YDR1	10204000	10204000	0
Q8BU00	0	0	0
Q8K2C4	343530000	343530000	181140000
Q8BU25	0	0	0
Q8BUE4	143070000	143070000	117810000
Q8BUH1	0	0	0
Q9QXL8	0	0	0
Q8BUI3	158130000	158130000	117380000
Q8BUJ9	0	0	0
Q8BX26	28320000	28320000	40717000
F6RT95	0	0	0
Q8BUP8	0	0	0
Q9CRL6	0	0	0
Q8BUR3	0	0	0
Q571C2	0	0	0
Q9CVB3	0	0	0
Q8BWJ6	0	0	0
Q8BV23	0	0	0
Q8BUE6	0	0	0
Q8BVF7	0	0	0
Q8BVH9	87343000	87343000	134730000
Q8BMX5	0	0	0
Q8BVK9	6519700	6519700	7193000
Q8BVL9	0	0	0
Q6P078	0	0	0
Q8BVM9	0	0	0
Q3T9K3	261150000	261150000	179920000
Q8BVW3	0	0	0
Q8BWQ2	0	0	0
Q8BVZ1	0	0	0
Q8BVZ5	0	0	0
Q8BW00	0	0	0
Q8BW77	63333000	63333000	105500000
Q8BW49	0	0	0
Q9DB50	0	0	0
Q3UH04	0	0	0
Q3UR82	0	0	0
A0A140LJI3	0	0	425360000
Q3U172	0	0	0
Q8BWG9	109650000	109650000	0
Q8BWH0	0	0	0
Q8BYE2	0	0	0
Q8K256	0	0	0
Q811V2	0	0	0
Q8QZU5	0	0	0
Q8BWR8	89573000	89573000	82222000
Q8BWT5	0	0	0
Q8BWU1	0	0	0
Q8BWU3	0	0	0
Q8BWY7	228260000	228260000	206670000
Q8BX05	0	0	0
Q8BX10	0	0	0
Q8BX35	0	0	0
Q8BX43	0	0	0
A0A1L1SUY8	0	0	0
Q8BXJ2	0	0	0
Q8BXN7	0	0	0
Q8R1R3	0	0	0
Q8BXQ8	0	0	0
Q8BXC3	0	0	0
B2XXT9	17695000	17695000	8287400
Q8BY46	61344000	61344000	53468000
Q6PFY4	0	0	0
Q8BYG9	0	0	0
V9GXM2	0	0	0
Q8BUB9	0	0	0
Q8BYM7	1240200000	1240200000	680460000
D3Z5A5	0	0	0
Q8BYW1	0	0	0
Q8BYZ7	0	0	0
Q8BZ00	0	0	95049000
Q3V3F5	326240000	326240000	241020000
Q8BZ09	117310000	117310000	314340000
Q8BZ47	50032000	50032000	0
Q8BZ64	90008000	90008000	64838000
Q3UTH1	0	0	0
Q8BZ98	0	0	0
Q8BZA7	0	0	0
Q8BZF2	0	0	0
Q8BZI0	0	0	0
Q9D4W0	0	0	0
Q8BZL1	0	0	0
Q8BZM0	0	0	0
Q8BZN2	0	0	0
Q8BZN4	0	0	0
Q8BZS9	0	0	0
Q8BZT9	52010000	52010000	0
Q3UMD2	0	0	0
Q8C013	0	0	0
Q8C025	0	0	0
A0A0J9YVG9	0	0	0
Q8C078	0	0	0
Q8C0C4	0	0	0
Q3TPW0	30700000	30700000	37296000
Q8C0D7	0	0	0
Q7TMQ8	382750000	382750000	163320000
Q7TMQ8	0	0	0
Q8C0F9	0	0	0
Q4VAF6	0	0	0
Q8C0I4	168020000	168020000	0
Q8C0J2	0	0	0
Q8C0M8	200830000	200830000	120260000
Q8C0P0	0	0	0
Q8C0P7	0	0	0
Q8C0Q3	28619000	28619000	0
Q8C0Q5	0	0	0
Q8C0S1	81152000	81152000	208210000
Q8C0T7	0	0	0
Q78J70	89177000	89177000	88952000
Q8C110	0	0	0
Q8C4U5	0	0	0
Q3TEF2	375580000	375580000	76691000
Q8C160	0	0	0
Q8C181	0	0	0
Q561M8	7393200	7393200	8642500
Q8C1A3	47682000	47682000	38373000
Q8C1D8	230560000	230560000	250690000
D3Z5Q0	0	0	63894000
Q8C1I6	0	0	0
A0A1L1SV19	720960000	720960000	528450000
E9Q663	110940000	110940000	258960000
Q8C208	0	0	0
Q8C255	0	0	0
Q8C263	0	0	0
Q8C2A2	91736000	91736000	154930000
Q8C341	199420000	199420000	157990000
A4QPF5	0	0	0
B7ZP34	0	0	0
Q8C3J2	0	0	0
A0A1D5RLK1	0	0	80593000
Q8C5F2	24505000	24505000	0
Q8C3Y4	0	0	92281000
A0A3Q4L376	65015000	65015000	28179000
Q8C456	840630000	840630000	2229800000
Q149H7	0	0	0
Q3TMN9	0	0	95449000
Q8C4Q9	0	0	0
Q8C4U2	0	0	0
Q8C4U3	1774000000	1774000000	1933700000
Q8C4V4	0	0	0
Q8C4W3	0	0	0
P28574	86364000	86364000	73237000
Q8C551	0	0	0
Q8C552	0	0	0
Q8C9T3	0	0	0
Q8C5G2	0	0	0
Q8C5P5	0	0	0
F7A063	0	0	0
Q8C6B2	0	0	0
A0A2R8VHY2	0	0	189130000
Q9D0I3	0	0	0
Q8C6D4	0	0	0
Q8C6P8	0	0	0
Q8C735	70552000	70552000	24924000
Q8C790	108990000	108990000	140040000
Q8C7E7	0	0	0
Q3UVW9	0	0	0
Q8C7U7	0	0	0
Q8C7X2	0	0	0
Q8C804	286990000	286990000	167930000
Q8C850	0	0	0
Q8C879	0	0	0
Q8C8C1	0	0	0
Q8C8N3	0	0	0
Q8CBZ2	0	0	0
Q8C9M8	0	0	0
Q8C9S8	0	0	0
Q7TNR8	0	0	60322000
Q8CEK6	0	0	0
Q8CAD1	0	0	0
Q8CAF4	0	0	0
Q9D372	98659000	98659000	11198000
Q9D717	0	0	0
Q8CAQ8	0	0	0
Q8CAS9	0	0	0
Q8CAV0	0	0	0
Q8CB67	0	0	0
Q8CB96	73846000	73846000	111770000
Q8CBB9	0	0	0
Q8CBC6	0	0	0
Q8CBD1	0	0	0
F6UDR6	0	0	0
Q8CBR6	0	0	0
Q8CBW4	0	0	0
A0A087WRD0	0	0	0
Q8CBY0	0	0	0
Q8CC12	38050000	38050000	0
Q8CCI5	0	0	47517000
Q8CCJ4	93163000	93163000	0
A4FUQ6	26099000	26099000	0
Q8CDC7	0	0	0
Q8CDD9	0	0	0
Q8CDJ8	708830000	708830000	209170000
Q8CDK3	0	0	153160000
A0A2R8W6G8	0	0	0
V9GXX1	0	0	0
Q8CE64	0	0	33485000
Q8CEE6	0	0	0
Q8CEF1	0	0	0
Q9D919	0	0	0
Q8CEZ1	0	0	0
E0CZ03	0	0	0
Q8CF66	0	0	0
Q8CFA1	0	0	0
F6QPY9	0	0	0
Q8CFE5	0	0	0
A0A2I3BRT8	258260000	258260000	492210000
Q8CFG4	0	0	0
F6ZZX2	0	0	0
Q8CFK6	0	0	0
Q8CFL8	0	0	0
Q8CFN5	0	0	0
G3UZ56	1561400000	1561400000	0
Q9Z0W1	0	0	0
Q8CFU8	0	0	0
Q8CFW1	0	0	0
Q3T981	0	0	0
Q8CFZ4	0	0	0
Q8C6S0	608750000	608750000	563600000
Q8CG46	282090000	282090000	210800000
Q9CY53	356000000	356000000	235970000
Q3TM90	0	0	0
D6RIK9	0	0	0
Q8CG85	94066000	94066000	127290000
Q8CGB3	499450000	499450000	471110000
Q8CGE8	37655000	37655000	0
Q8CGF1	0	0	0
F7BEN2	51842000	51842000	0
B2RWR9	0	0	0
Q8CE65	0	0	0
Q3TV82	0	0	0
Q8CHK2	0	0	0
Q69ZS5	0	0	0
Q69ZS5	0	0	0
Q3UQN9	0	0	0
Q8CHX6	0	0	0
Q8VCP7	161650000	161650000	355890000
Q8CI19	0	0	58147000
Q8CI66	0	0	0
Q8C0W5	0	0	0
Q8CB74	0	0	0
Q3TLK4	0	0	0
Q8CID3	0	0	0
Q8CIE2	0	0	0
Q8CIF4	130260000	130260000	205100000
F7DFH5	183740000	183740000	44583000
Q8CIG3	150200000	150200000	232730000
Q8CII9	0	0	0
Q8CIK8	0	0	0
Q8CIM1	0	0	135550000
Q8CIM3	1184300000	1184300000	503080000
Q8CIM5	0	0	0
Q8BVX8	0	0	0
Q8CIT0	0	0	0
Q8CJ40	0	0	0
Q8CJC5	0	0	0
Q9CS58	0	0	0
Q8HWB0	0	0	0
Q8JZL0	0	0	0
E9Q813	0	0	0
Q8JZM6	0	0	0
Q5DTF0	0	0	0
Q5ND50	0	0	0
Q8BYP6	0	0	0
V9GXD2	0	0	0
Q9D3V2	134320000	134320000	138030000
Q8JZU6	205930000	205930000	136340000
Q8JZX3	0	0	0
Q8JZX6	0	0	0
Q8JZZ6	0	0	27077000
A0A0A6YXZ5	152970000	152970000	195210000
A0A0G2JDD4	0	0	93910000
F6WSS0	304130000	304130000	42597000
Q8K015	0	0	0
Q3U538	0	0	0
Q8K031	0	0	0
Q8BP28	551520000	551520000	267610000
Q8K072	0	0	118030000
Q8K0B2	950610000	950610000	1050400000
Q5QNQ6	0	0	0
S4R231	0	0	0
P16374	0	0	0
Q8K0E8	0	0	0
F6XMB0	0	0	0
Q8K0S2	0	0	0
Q8K0S9	0	0	0
Q8K0U3	58996000	58996000	0
Q8K0W9	71226000	71226000	0
Q8K119	108470000	108470000	0
Q8BJY8	0	0	144730000
Q8K136	0	0	0
Q8K190	0	0	0
Q8K196	0	0	0
Q8K198	0	0	0
Q8K1A0	84315000	84315000	64974000
Q8K1C0	0	0	0
A0A087WQR7	0	0	0
Q8K1C9	145660000	145660000	153750000
Q8K1G2	612270000	612270000	331290000
Q8K1H7	478420000	478420000	194340000
Q8K1H9	0	0	0
Q8K1I3	0	0	0
Q8K1J5	0	0	0
Q8K1K4	0	0	0
Q8K1K6	0	0	0
Q4G0C6	0	0	0
Q8K1N2	62707000	62707000	75670000
Q8K1S2	0	0	0
Q8K1S3	0	0	0
Q8K1T1	0	0	0
Q8K201	190680000	190680000	77185000
G8JL51	57777000	57777000	0
Q8K211	163100000	163100000	152600000
Q8K220	18987000	18987000	78723000
Q8K248	0	0	0
R4GML8	0	0	0
Q8K2A1	634370000	634370000	779110000
Q8K2A8	0	0	0
Q8K2C7	0	0	0
F7AAE0	155090000	155090000	127110000
Q8K2J7	67915000	67915000	88183000
A0A087WRL1	0	0	0
Q8K2M3	0	0	0
Q8K2P1	0	0	0
Q8K2P6	0	0	0
Q8K2Q5	0	0	0
Q8K2R5	0	0	0
Q8K2W3	0	0	0
Q8K2X1	0	0	0
Q8K2X8	0	0	0
Q8K2Y3	0	0	2974200
Q9CS33	0	0	137520000
A0A0J9YVH4	169060000	169060000	150260000
Q8K385	54968000	54968000	53278000
F7CLE5	0	0	0
Q9CUY5	704640000	704640000	666790000
Q8K396	0	0	0
Q8K3A2	0	0	0
A2AN40	0	0	0
Q8K3J5	0	0	0
Q8R3U5	0	0	0
Q3TEC9	0	0	0
D6RGN2	2535000000	2535000000	658970000
Q8K3W3	32144000	32144000	56064000
Q8K426	0	0	0
A0A3B2WD46	0	0	0
Q2KHS8	0	0	0
Q8K4B2	0	0	0
Q5F228	0	0	0
Q8K4E0	0	0	26290000
Q8K4K1	76107000	76107000	30728000
Q543J7	92154000	92154000	78575000
Q8VDG2	146460000	146460000	108910000
Q8K4L4	0	0	58612000
Q8CDC5	0	0	0
Q8K4Q6	47453000	47453000	63286000
Q3TQN8	65309000	65309000	0
Q8K4R9	0	0	0
S4R168	1591300000	1591300000	810750000
Q3V3R9	129450000	129450000	91877000
Q3UEX5	0	0	0
A6XA75	0	0	0
Q3U652	0	0	0
Q3U652	0	0	0
Q99KV4	0	0	0
Q8R227	0	0	0
Q8QZR0	0	0	0
Q8QZR4	0	0	0
Q8QZS3	0	0	0
Q8C8F0	0	0	0
Q8QZX0	0	0	0
Q8QZY2	0	0	0
Q8R015	1734700000	1734700000	2505900000
H3BLR0	0	0	0
Q8R033	16103000	16103000	0
Q8R040	0	0	0
Q8R079	0	0	0
Q8R080	0	0	0
Q9CVU5	0	0	0
Q8R089	0	0	0
Q8R0A2	0	0	0
Q8VD35	0	0	0
F6QZU1	209850000	209850000	282220000
Q8R0F5	273810000	273810000	322710000
Q8R0F9	0	0	0
Q8R0I4	0	0	0
Q6ZQL6	50644000	50644000	0
Q8R0K4	64801000	64801000	108120000
Q8R0K9	0	0	0
Q8R0T2	0	0	0
Q8R0W0	0	0	0
A0A494BAK0	0	0	0
Q3UZA6	0	0	0
Q3UZA6	0	0	0
Q8R107	0	0	0
Q8R121	0	0	0
Q8R124	0	0	0
Q8R138	0	0	0
A0A0G2JE87	0	0	0
Q8R143	78700000	78700000	134770000
G4XVC4	0	0	0
Q8R189	0	0	0
B9VQ37	0	0	0
A0A0R4J1H4	0	0	0
Q8R1C0	0	0	0
Q8R1C3	0	0	0
Q8R1C6	0	0	0
Q8R1C9	0	0	0
Q8R1F0	0	0	0
Q8R1F5	1952400000	1952400000	2112500000
Q8R1F9	0	0	0
Q8R1G1	0	0	0
Q3UUU5	8165200000	8165200000	7888100000
Q8R1R2	130450000	130450000	162690000
Q8R1L4	0	0	0
Q8R1M0	0	0	0
Q8R1P4	0	0	0
Q8R1R4	0	0	0
K4DI70	0	0	0
A0A1W2P6L6	0	0	0
Q8R2G6	112170000	112170000	289610000
Q9D3C1	0	0	0
Q8R2N0	0	0	101560000
Q9CZ64	34427000	34427000	281590000
Q8R2Q3	0	0	0
Q8R2Q6	0	0	0
Q8R2Q8	32750000	32750000	82082000
B0R071	0	0	0
Q9D0T8	0	0	0
Q8R2S9	172510000	172510000	294720000
Q8R2U7	0	0	0
E9QAL8	0	0	0
Q3TQQ7	516200000	516200000	0
Q8R2X8	196660000	196660000	0
Q8R2Y3	0	0	0
Q8R2Y9	0	0	82366000
A2AJZ6	0	0	0
Q8R310	0	0	0
Q8R314	0	0	0
Q66K07	0	0	0
A0A0N4SUU2	0	0	0
Q8R373	0	0	0
Q8C4B1	0	0	0
Q8R3J5	0	0	0
Q8R3L0	0	0	0
A0A1D5RM90	0	0	0
A0A1D5RM90	0	0	0
Q8BU79	0	0	0
Q8BU79	0	0	0
Q8R3L8	0	0	0
Q8R3P2	0	0	0
Q8R3P8	0	0	0
Q8R3S2	0	0	0
Q8R3V2	0	0	0
Q8R3V5	0	0	0
Q8R1H6	74755000	74755000	169050000
Q8R429	0	0	0
Q5SXI6	0	0	0
Q8R4E9	0	0	0
Q8R4F1	0	0	0
Q3UY99	0	0	0
Q9JKN2	256530000	256530000	295850000
B2RQB7	0	0	0
Q8R4K8	0	0	0
E9PY11	170840000	170840000	85643000
Q8R4T1	0	0	0
Q8R4U1	0	0	0
A0A2U3TZ64	0	0	0
D3YVU8	0	0	0
Q8R507	0	0	0
Q8R527	0	0	0
B1AZ85	0	0	0
Q8R5M0	0	0	0
B5L834	0	0	0
Q8VBT1	253750000	253750000	0
Q8VBT6	23345000	23345000	24113000
Q8VBU8	0	0	0
Q8C9P7	113490000	113490000	174320000
Q8VBX0	0	0	0
Q8VBZ0	45373000	45373000	50339000
Q571M4	70716000	70716000	92430000
A0A0G2JDU8	0	0	95933000
Q8VC48	192190000	192190000	266770000
I7HJ86	47332000	47332000	65018000
Q8VC52	0	0	0
Q9CSZ1	81876000	81876000	0
A0A087WRY5	222740000	222740000	541100000
Q8VC65	193360000	193360000	124840000
D3Z6T5	0	0	0
Q8VC69	0	0	0
Q9WTS9	281090000	281090000	163660000
Q9CZU0	0	0	0
Q99N18	0	0	0
S4R2H0	38457000	38457000	165010000
A0A140LIL1	101420000	101420000	64405000
Q8VCC1	0	0	0
Q8VCC2	0	0	0
Q8BXY9	213150000	213150000	304190000
Q8VCE9	100840000	100840000	188190000
Q8VCF1	488720000	488720000	282270000
Q8VCH6	157040000	157040000	317700000
Q8VCH7	433510000	433510000	235350000
Q8VCH9	0	0	0
Q8VCI0	0	0	0
Q8VCI7	0	0	0
Q8VCK3	0	0	0
Q8K2U3	85858000	85858000	86733000
M0QWT6	0	0	0
A0A1Y7VNH4	269340000	269340000	137810000
Q8VCM7	0	0	0
Q8VCP8	59182000	59182000	38096000
Q8VCQ3	77609000	77609000	0
D3YV54	0	0	103890000
Q8VCR3	87189000	87189000	0
Q8VCR7	1150600000	1150600000	1706200000
Q8VCS6	76675000	76675000	0
Q8VCT4	0	0	0
Q8VCU0	0	0	0
Q8VCU1	0	0	0
Q544I1	0	0	0
E9Q8P6	56930000	56930000	110930000
Q3U226	0	0	0
Q8VCZ8	0	0	0
Q8VD00	0	0	0
Q8VD04	0	0	0
Q8VD31	0	0	61116000
F6VMS8	0	0	0
F6VMS8	0	0	0
Q8VD57	0	0	0
Q8VD58	722100000	722100000	0
Q8VD76	0	0	0
Q8VCA2	357680000	357680000	106130000
E9Q5Y5	10331000	10331000	0
E9JGN0	0	0	0
Q9D3Q7	0	0	0
E0CZF3	0	0	131750000
Q8VDL9	0	0	0
Q8VDQ8	0	0	0
A0A2R8W6T2	0	0	0
Q8VDV8	0	0	140890000
Q8VDW4	0	0	0
Q2M1K0	107980000	107980000	169760000
Q8VDY9	50545000	50545000	38632000
Q8VE04	26194000	26194000	0
Q3V1V2	0	0	0
Q8VE10	143510000	143510000	0
Q8VE28	0	0	0
Q8VE42	0	0	0
Q8VE62	0	0	0
Q8VE65	0	0	0
D6RHL1	0	0	0
A6MDC5	0	0	0
Q8VEB2	0	0	0
Q8VEG0	0	0	0
Q9ER52	0	0	0
Q8VEK6	0	0	147130000
Q8VEL0	0	0	38750000
Q8VEM9	0	0	0
Q8VHB5	0	0	0
Q5DTW4	1261700000	1261700000	536980000
A0A1D5RMG4	0	0	0
Q8VHI7	0	0	118510000
Q8VHL5	0	0	0
Q810K1	0	0	0
Q8VHQ2	0	0	0
Q8VHW4	134130000	134130000	0
Q8VHZ7	391770000	391770000	370470000
Q8VI38	0	0	0
Q8VI84	45913000	45913000	333390000
Q8VI94	0	0	27792000
Q9CVW3	0	0	249470000
Q7TNS3	0	0	0
Q8VE77	29014000	29014000	34928000
Q8VIK2	0	0	0
Q8VIM0	0	0	0
Q924A9	0	0	0
A0A087WR72	0	0	0
A0A0J9YV84	0	0	0
Q91V57	0	0	0
Q91V81	0	0	0
Q91V87	195630000	195630000	0
Q91V88	0	0	0
Q8BZK0	254540000	254540000	264260000
Q925L4	0	0	0
Q99LU7	0	0	0
Q9CVV2	0	0	0
Q91VL9	0	0	0
Q91VN0	0	0	0
D3Z4C0	438210000	438210000	342690000
Q91VT1	354250000	354250000	0
Q91VU8	0	0	0
Q91VV4	0	0	0
Q5RJ53	0	0	0
Q91VW1	0	0	0
Q91VX9	442660000	442660000	261060000
Q8C149	76114000	76114000	226980000
Q91VY9	160500000	160500000	205030000
Q91W29	0	0	0
D6RG67	89344000	89344000	95317000
Q91W45	0	0	0
Q91W52	0	0	84336000
Q91W63	0	0	0
Q91W78	0	0	0
F7AZ26	45125000	45125000	44305000
Q91WA1	0	0	0
Q91WA4	0	0	0
Q91WB4	214460000	214460000	171560000
Q91WB7	0	0	93049000
Q91WC1	0	0	94446000
Q91WD0	0	0	0
Q91WE3	0	0	0
H3BLS1	0	0	40635000
Q91WJ8	0	0	0
Q91WJ8	0	0	0
Q91WK7	0	0	0
Q9Z2X6	0	0	0
Q91WN2	0	0	0
Q91WQ9	261460000	261460000	264730000
Q91WR8	0	0	0
Q91WT4	142980000	142980000	97231000
A0A1Y7VNR1	5003200000	5003200000	5302700000
Q91WT8	0	0	64022000
Q91WU4	0	0	0
Q91WU6	0	0	0
A0A1Y7VP73	307940000	307940000	226570000
Q91X21	0	0	0
Q91X34	0	0	0
Q91X45	0	0	0
Q91X46	0	0	0
Q91X56	0	0	0
F6SHL3	0	0	0
Q8BQK2	0	0	0
Q91X86	0	0	0
Q91X91	0	0	0
Q91XA5	0	0	0
Q8R577	0	0	0
Q91XC0	62441000	62441000	0
Q91XC8	276530000	276530000	315070000
D6RCX1	0	0	0
Q91XE7	0	0	0
Q91XE8	37978000	37978000	60511000
D6RH35	0	0	0
Q91XL1	0	0	0
Q3TQP2	0	0	0
A0A240F9Y3	0	0	0
Q91XQ5	0	0	0
Q91XS1	0	0	0
A0A0A6YVS5	0	0	0
Q91XY4	79663000	79663000	164650000
Q91XX4	0	0	0
Q925L5	0	0	0
Q91XZ5	0	0	0
Q91XZ6	0	0	0
Q925M6	0	0	0
Q925M7	0	0	0
Q925L2	0	0	0
Q91Y02	0	0	0
Q91Y03	14308000	14308000	0
Q91Y04	0	0	0
Q925M8	0	0	0
Q91Y11	0	0	0
Q91Y11	0	0	0
Q91Y11	0	0	0
Q91Y11	0	0	0
Q91Y57	0	0	0
A0A1L1SUM8	0	0	0
Q91Y82	0	0	0
Q91Y97	0	0	0
Q5XJZ0	35030000	35030000	0
Q91YE8	0	0	0
Q91YN1	168030000	168030000	0
Q91YP1	0	0	0
Q91YU3	0	0	0
Q91YU8	251720000	251720000	278570000
Q91YX0	0	0	13590000
Q91YZ5	0	0	0
D6RI40	0	0	0
Q8R3L7	0	0	0
Q9WUS8	0	0	0
Q91ZG2	0	0	0
Q91ZJ5	0	0	0
Q91ZK0	0	0	0
A0A0U1RQ35	0	0	0
Q91ZM9	0	0	0
Q91ZR4	0	0	0
Q6ZQ59	0	0	0
Q91ZH3	0	0	0
Q91ZX6	57886000	57886000	55484000
Q920D3	0	0	0
Q920F6	0	0	0
Q3V0Z2	0	0	0
Q920L5	0	0	0
Q920M5	0	0	0
Q920V1	0	0	0
Q921D4	0	0	0
H3BLB4	0	0	0
Q921J4	0	0	0
Q9CV73	0	0	0
Q921L8	0	0	0
Q9WV81	0	0	0
Q921P9	0	0	0
Q921R4	0	0	0
Q921T2	0	0	0
Q9D7A0	0	0	0
Q8C573	0	0	0
Q9CZ23	0	0	46734000
Q921Y2	63879000	63879000	125880000
Q921Y4	0	0	0
Q922G2	40039000	40039000	49169000
Q922H9	319490000	319490000	372470000
Q3TNV7	0	0	0
Q922M5	0	0	0
Q922R0	0	0	0
Q922S8	29237000	29237000	0
D3Z5B4	0	0	0
A2ABZ2	1382000000	1382000000	1959500000
Q922Z0	183580000	183580000	260210000
Q923A8	0	0	0
Q923B3	0	0	0
Q923B6	664210000	664210000	337090000
Q923D3	0	0	0
Q8C1M1	0	0	0
Q923L7	0	0	0
A0A286YDK9	0	0	0
A0A286YDK9	0	0	0
F2Z4A1	0	0	0
E0CZC8	0	0	79562000
Q924W5	69685000	69685000	0
F6QXT4	0	0	0
Q924Z5	0	0	0
Q925G2	2283200000	2283200000	2214400000
Q78E63	0	0	0
Q925I0	0	0	0
Q925N1	0	0	0
Q3UC14	226350000	226350000	204190000
Q925P2	0	0	0
D3Z5E7	0	0	0
Q925Q8	0	0	0
Q9QZJ1	0	0	0
Q5DTG7	0	0	0
Q8C0J7	0	0	0
Q99104	0	0	0
Q921A8	0	0	0
Q99J10	0	0	68595000
Q99J19	0	0	0
Q99J21	0	0	0
Q99J23	241390000	241390000	178190000
Q99J25	87655000	87655000	110350000
Q99J64	0	0	0
Q99J93	132160000	132160000	0
A0A0U1RNZ0	0	0	0
Q3UES6	0	0	0
Q99JG7	0	0	0
Q99JH1	0	0	0
Q99JH8	0	0	0
Q99JI1	0	0	0
Q99JL1	0	0	0
Q99JT5	0	0	0
Q99JT6	0	0	0
Q99JW5	0	0	0
Q99JX1	0	0	0
Q99K01	54926000	54926000	0
Q8CAV3	0	0	62276000
Q99K74	0	0	0
Q99K90	217250000	217250000	393170000
Q9D323	0	0	0
Q99KB8	0	0	0
Q99KC7	0	0	0
Q99KE3	0	0	0
Q99KG5	0	0	0
Q541V2	0	0	0
Q99KN1	0	0	0
A0A0G2JGK8	104330000	104330000	102120000
Q99KS2	78986000	78986000	154390000
Q99KW3	35175000	35175000	23873000
Q99KZ6	0	0	0
Q99L00	0	0	0
G3UYL6	0	0	101960000
G3UW80	458830000	458830000	0
Q3UQ96	0	0	0
Q99LB0	39269000	39269000	105640000
Q99LE1	200800000	200800000	44693000
A0A2C9F2A6	0	0	0
Q99LF7	0	0	0
Q99LH1	206610000	206610000	391170000
Q99LI9	0	0	0
Q3TA49	0	0	0
Q99LJ8	0	0	0
Q99LL3	0	0	0
A0A1L1SRU7	0	0	0
Q99LQ1	0	0	0
A2AQT8	0	0	0
Q99LW0	0	0	0
Q99LX5	0	0	0
Q99LZ3	0	0	0
Q99M03	0	0	0
Q99M54	0	0	0
Q99M73	0	0	339250000
Q99M85	0	0	0
Q99M87	0	0	0
Q99M96	0	0	0
Q99MB2	77017000	77017000	71146000
Q99MH5	0	0	0
Q99MI1	0	0	0
Q99MK9	0	0	0
A0A0A6YW68	0	0	0
Q99ML1	0	0	0
A0A1L1SRK3	0	0	0
Q3UQ98	0	0	116690000
A2AM76	0	0	0
Q9CTL6	0	0	0
V9GWX5	0	0	0
Q8CC11	0	0	0
Q99MS7	0	0	0
A0A0N4SVI3	0	0	0
Q5J4D5	0	0	0
H9U1Q1	0	0	0
Q6P6F8	0	0	0
F6TGK4	0	0	0
Q99N11	0	0	0
Q6A001	0	0	0
Q99N16	0	0	0
Q99KY6	0	0	0
Q99N20	0	0	0
Q99N91	0	0	0
Q99N99	0	0	0
Q3V1H7	0	0	0
Q99NF1	0	0	0
Q99NF8	0	0	0
Q99NH8	0	0	0
Q99NI3	0	0	0
Q99P51	0	0	0
D6RI95	0	0	144870000
A0A0A6YVY5	0	0	0
Q99P72	0	0	0
Q8VD29	0	0	0
Q99PF4	0	0	0
Q99PG4	0	0	0
Q99PH1	0	0	0
Q99PI8	0	0	0
Q8BNR9	0	0	0
Q99PJ2	0	0	0
Q99PN3	356780000	356780000	251680000
A2AB83	0	0	0
Q80ZV5	0	0	0
Q99PU7	61860000	61860000	57833000
Q99PV5	0	0	0
Q9CPP0	296980000	296980000	294360000
Q9CPQ5	0	0	0
Q9CPU9	0	0	0
S4R2B6	71150000	71150000	101870000
Q9CPV5	0	0	0
Q9CPW0	0	0	0
Q9CPW0	0	0	0
Q9CPW5	0	0	0
Q9CRV0	0	0	135750000
Q9CPX8	0	0	0
Q9CPX9	0	0	0
Q9CPY1	0	0	0
Q9CPZ6	0	0	0
Q9CQ04	0	0	0
A0A1B0GSQ9	596100000	596100000	468210000
Q9CQ21	0	0	0
Q9CQ24	0	0	0
Q9CQ37	0	0	0
Q9CQ39	0	0	0
Q9CQ43	0	0	0
Q9CQ46	374850000	374850000	363770000
Q9CQ74	0	0	0
B0LAB2	0	0	0
Q9CQ88	0	0	0
Q9CQA0	0	0	0
Q9CQA8	0	0	0
Q9CQB7	63079000	63079000	73304000
Q9CQC5	0	0	0
Q9CQD4	0	0	0
Q9CSA3	0	0	0
Q9CQG6	0	0	0
Q9CQG9	0	0	0
Q9CQH8	0	0	0
Q9CQI9	0	0	0
Q9CQJ1	0	0	0
Q9CQL0	0	0	186640000
Q9CQL5	196180000	196180000	0
Q9CQM0	0	0	0
Q9CQM2	0	0	0
Q9CQN6	0	0	0
Q9CQP3	131020000	131020000	191610000
A0A338P672	150340000	150340000	247820000
H7BWZ0	0	0	0
Q9CQT5	54363000	54363000	46562000
Q9CQU8	0	0	0
A2A5N2	0	0	0
Q9CQW0	0	0	0
Q9CQW9	2897100000	2897100000	4843900000
Q9CQY9	0	0	0
Q9CQZ0	0	0	0
Q9CQZ1	42344000	42344000	124010000
Q3TSW1	0	0	0
Q9CR08	0	0	0
Q9CR10	582080000	582080000	446250000
F6Q7G3	0	0	0
Q9CR22	0	0	0
Q9CR37	0	0	71253000
Q9CR40	0	0	0
Q8BNA9	0	0	0
P02104	0	0	0
Q9CR50	96738000	96738000	88130000
A0A2I3BPJ5	0	0	0
Q9CR59	722590000	722590000	732510000
Q9CR76	103620000	103620000	0
Q9CR78	0	0	0
Q78XM1	239870000	239870000	444240000
D6REF9	67964000	67964000	0
Q08AT2	117540000	117540000	0
S4R1H6	0	0	0
Q05BZ0	899620000	899620000	186430000
Q9CRD0	0	0	0
Q9CRD0	0	0	0
Q330P7	0	0	0
Q9CRG1	0	0	0
Q9CS74	0	0	0
Q9CTG6	24968000	24968000	48399000
Q9CTN4	50757000	50757000	61943000
A0A0G2JGI3	0	0	0
Q9CUB6	0	0	0
Q66L48	0	0	0
Q9CVI2	0	0	0
Q9CWD3	0	0	0
Q9CWG1	0	0	86440000
Q9CWG9	0	0	217560000
Q3TSA0	0	0	0
Q9CWP6	0	0	0
Q547B4	0	0	0
Q9CWT2	0	0	0
Q9CWT6	210160000	210160000	140900000
Q9CWU2	270730000	270730000	196020000
Q9CQA2	0	0	0
F7ATT9	112880000	112880000	249330000
A2A5J2	0	0	0
F6W6X9	47914000	47914000	44696000
A0A1D5RMH9	95343000	95343000	64402000
Q9CWY9	0	0	0
Q9DAH5	0	0	0
Q9CX13	847490000	847490000	0
Q9CX60	220550000	220550000	0
Q9CX98	0	0	0
Q9CX99	0	0	0
Q9CXA2	579310000	579310000	590130000
Q9CXC3	0	0	69643000
Q9CXE2	63418000	63418000	83729000
Q9CRZ3	84999000	84999000	110170000
Q9CXL1	0	0	0
O88809	0	0	0
Q9CXP9	0	0	0
D3YUV8	0	0	0
Q9CXT7	78884000	78884000	0
Q9CY24	127370000	127370000	178630000
Q9CY25	0	0	0
Q9CY94	0	0	0
Q9CYB0	0	0	0
Q9CYC5	0	0	0
Q9CYD3	175680000	175680000	146750000
Q9CYG7	0	0	0
Q9CYH5	137580000	137580000	59599000
Q9CYK2	0	0	0
Q8CAN4	162970000	162970000	142160000
Q3U5K4	50695000	50695000	0
Q9CYV5	0	0	0
Q9CYX7	40380000	40380000	58517000
Q9CZ09	0	0	0
Q9CZ15	0	0	0
Q9CZ44	589210000	589210000	61834000
F6XZQ5	0	0	0
C4P6S0	0	0	0
Q3UAS5	0	0	0
Q9CZ82	0	0	0
Q9CZ91	0	0	77114000
Q9CZ92	0	0	0
Q9CZ96	0	0	0
F6Q325	181340000	181340000	118370000
Q9CZB3	0	0	0
Q9CZB6	0	0	0
Q9CZB9	0	0	0
Q9CZD0	0	0	0
Q9CZH8	0	0	0
Q9CS75	73657000	73657000	86744000
Q8BTQ7	0	0	56754000
Q9CZT5	89443000	89443000	62452000
Q9CTW7	157110000	157110000	161940000
Q9CZU4	250930000	250930000	404090000
Q9CZW2	0	0	0
Q9CZX0	0	0	0
Q9CZX2	0	0	0
Q9CZX5	0	0	0
Q9CZY3	0	0	0
Q9D009	0	0	27121000
Q9D020	0	0	0
Q9D035	0	0	21017000
Q9D074	0	0	0
Q8C8J2	0	0	0
Q9D083	0	0	0
Q9D099	0	0	0
D3YXC0	0	0	0
A0A0G2JFV4	51967000	51967000	82863000
Q3UK38	442090000	442090000	544860000
A0A3B2WDB5	0	0	0
A0A1Y7VIM9	0	0	0
Q9D0M2	0	0	0
A0A338P679	0	0	0
Q9D0P5	0	0	0
Q8BT87	0	0	0
Q9D0R9	0	0	0
Q9D0V7	0	0	293610000
Q9D0V8	110110000	110110000	99571000
Q9D0Y8	0	0	0
Q9D110	0	0	0
Q9D113	0	0	0
Q9D115	84250000	84250000	99169000
Q9D168	0	0	0
Q9D173	0	0	0
Q9D174	0	0	0
Q9D1C1	0	0	0
Q9D1C2	0	0	0
B7ZMQ8	0	0	0
A0A1L1SV42	0	0	0
Q9D1H0	0	0	0
Q9D1H9	0	0	0
Q9D1M1	0	0	0
Q9D1M7	0	0	0
Q9D1Q1	0	0	168790000
Q9D1Q4	0	0	65161000
Q9D1T5	0	0	0
Q9D211	0	0	0
Q9D219	0	0	0
Q9D240	0	0	0
A0A2I3BRA0	0	0	0
Q9D2C9	0	0	0
Q9D2D9	0	0	0
Q9D2H9	0	0	0
A0A0R4J1N2	48140000	48140000	47429000
Q9D2L5	0	0	0
Q8BPL8	106470000	106470000	93090000
E9Q2K8	0	0	0
Q9D2U5	66978000	66978000	29419000
Q9D2X0	0	0	0
Q9D2X5	0	0	0
Q3UQ51	0	0	0
Q9D2Y4	87599000	87599000	0
Q9D2Y5	0	0	0
Q9D2Y6	0	0	0
A0A286YCI1	0	0	0
A2AGL8	0	0	0
Q9CTU5	0	0	0
Q9D361	0	0	0
Q9D384	0	0	0
A0A0G2JFT8	0	0	0
A0A0G2JFT8	0	0	0
Q9D3G9	0	0	0
Q9D3H2	0	0	0
Q9D3I6	0	0	0
Q9D3P1	0	0	0
Q9D3P9	0	0	0
Q9D3V5	0	0	0
Q9D3W4	0	0	0
Q9D3X5	0	0	0
Q9D3X9	83003000	83003000	77713000
Q8BXU6	0	0	0
Q9D479	0	0	0
D3YVS9	0	0	0
Q9D4C5	0	0	105630000
Q9D4G9	0	0	0
Q9D4H4	1077800000	1077800000	137280000
Q9D4J3	0	0	0
Q9D5D8	0	0	0
Q9D5K4	0	0	30231000
Q9D600	0	0	0
Q9D654	0	0	0
E9LV95	0	0	0
E9LV95	0	0	0
Q9D684	109090000	109090000	74637000
M0QWP4	0	0	0
Q9D6J1	0	0	36189000
Q3UK15	0	0	0
A0A1Y7VK66	0	0	0
Q9D6V8	0	0	0
Q9D720	390890000	390890000	0
Q9D786	953320000	953320000	382420000
Q9D7B7	179400000	179400000	153620000
Q8K1T6	0	0	0
Q9D7I8	0	0	0
Q9D7J6	0	0	26595000
Q9D629	0	0	0
Q9DAY7	119360000	119360000	76678000
A2AHF0	0	0	0
Q9D809	0	0	0
Q9D818	0	0	0
Q9D826	2420400000	2420400000	1644200000
A0A0N4SW39	113780000	113780000	0
Q9D845	0	0	0
Q9D864	35094000	35094000	0
Q9D8B1	0	0	0
Q9D8B6	0	0	0
Q9D8C2	0	0	0
Q9D8C3	0	0	0
Q9D8C9	0	0	0
Q9D8F1	0	0	0
Q9D8H7	0	0	0
A0A1L1SUI7	0	0	0
Q9D8U0	0	0	30281000
Q9CUY8	0	0	0
Q9D8U6	0	0	0
Q9D8U7	0	0	0
Q9D8X0	0	0	0
Q9D8Y8	0	0	0
Q9D9E0	0	0	0
Q9D9G3	0	0	0
B0R081	0	0	61738000
O88348	0	0	0
Q9D9M5	138110000	138110000	151440000
Q9D9N8	0	0	0
Q9D9V7	0	0	0
Q9D9Z1	0	0	0
Q9DA19	0	0	0
Q9DA75	51655000	51655000	0
Q9DAA6	75183000	75183000	122350000
Q9DAC7	0	0	0
B0ZE73	0	0	0
Q9DAJ2	0	0	84500000
Q9DAJ5	925970000	925970000	1368800000
Q3UXK4	0	0	13535000
B7ZMU4	0	0	0
Q9DAM9	89890000	89890000	231740000
Q9DAP0	68596000	68596000	0
Q9DAP7	0	0	0
Q9DAS1	0	0	0
Q9DAT2	0	0	0
Q9DAU9	0	0	0
Q9DAV9	0	0	108010000
Q9DB07	295090000	295090000	369140000
E0CXP9	0	0	0
Q9DB28	0	0	0
Q9DB38	0	0	0
Q9DB40	216940000	216940000	150300000
Q9DB42	139970000	139970000	138420000
Q9DB50	0	0	0
Q9DB54	0	0	0
Q9DB76	0	0	0
Q9DB85	0	0	0
Q9DB91	0	0	0
Q9DB94	97255000	97255000	59755000
Q9DB98	121850000	121850000	88182000
A0A1W2P7A9	38510000	38510000	0
Q9DBA8	0	0	0
Q9DBB1	0	0	0
Q9DBB5	0	0	0
Q642I5	0	0	0
Q9DBF7	0	0	0
Q9DBG1	0	0	0
Q9DBG6	0	0	0
Q9DBJ3	0	0	0
Q9DBJ6	0	0	0
Q9DBN9	118520000	118520000	46238000
Q8C8F4	40928000	40928000	109550000
Q9DBR3	0	0	0
Q6DQH2	58523000	58523000	62564000
Q9DBS8	151950000	151950000	0
Q9DBS9	0	0	0
Q8R0U1	0	0	0
Q9DBT9	0	0	0
A0A3Q4EI66	86548000	86548000	106540000
F6VG71	0	0	0
Q9DBV3	0	0	0
Q9DBV4	254010000	254010000	383930000
Q9DBW0	213470000	213470000	317740000
Q9DBW3	0	0	0
Q9DBY4	0	0	0
Q9DC11	117340000	117340000	93085000
D3YWM2	0	0	0
Q3TAG9	327900000	327900000	402000000
Q9DC47	0	0	0
D6RJL8	0	0	0
Q9DCA7	0	0	0
Q9DCB4	0	0	0
Q9DCD6	327290000	327290000	310780000
Q9DCG2	0	0	0
Q9DCH2	0	0	0
A0A140LHV2	179910000	179910000	206650000
Q9DCI3	0	0	46321000
Q9DCJ7	0	0	0
A2AGM2	0	0	49503000
Q9DCN1	134920000	134920000	250110000
Q9DCN7	0	0	0
Q9DCP9	0	0	0
Q9CZL9	0	0	0
Q9DCS1	0	0	0
Q9DCV3	0	0	0
Q9DD03	263920000	263920000	328580000
Q9DD06	0	0	0
Q9DD16	0	0	0
Q9EP52	125590000	125590000	138660000
Q8BQP0	0	0	0
Q9EP66	0	0	0
Q9EP73	0	0	0
Q9EP78	0	0	0
Q8C7H7	311250000	311250000	248220000
B2RXU4	0	0	0
Q9EPK5	201550000	201550000	325770000
Q9CTJ3	253450000	253450000	276450000
Q9EPQ1	0	0	0
Q9EPR2	576690000	576690000	783660000
Q69ZY0	34546000	34546000	14986000
Q9EPS6	0	0	0
B7ZMQ9	0	0	0
Q9EQ00	82635000	82635000	0
Q3UY35	0	0	0
D3Z3X2	0	0	0
Q9EQC4	0	0	0
Q8K0X3	0	0	0
Q9EQH4	0	0	0
Q9EQJ0	67943000	67943000	63140000
Q9DA18	326660000	326660000	109260000
Q9EQN9	222650000	222650000	0
E0CZC9	0	0	0
Q9EQR3	0	0	0
Q9EQS9	85854000	85854000	90556000
A4IF60	55001000	55001000	0
Q9EQU3	0	0	0
Q9CRT3	2033100000	2033100000	4725200000
Q9EQW6	0	0	0
Q9EQY0	0	0	0
Q9ER38	500570000	500570000	424260000
A0A3B2W829	0	0	0
Q9ER71	0	0	0
Q923D9	0	0	0
Q8BK77	0	0	0
Q9ER99	0	0	0
A0A3B2W3U6	0	0	0
Q9ERE2	0	0	0
Q8VEK1	0	0	20882000
Q9ERH4	0	0	0
Q9ERH6	0	0	0
Q8VI08	0	0	0
Q9ERK9	0	0	0
A0AAQ4VMS9	32013000	32013000	56061000
D3Z2F6	0	0	70851000
Q9ERR8	0	0	0
Q9ERZ3	0	0	0
Q9ERZ4	0	0	0
Q9ES18	0	0	0
Q9ES28	45546000	45546000	0
Q9ES28	0	0	0
Q9ES28	0	0	0
Q3UEU0	0	0	0
Q9ES57	0	0	0
Q8C6L4	0	0	0
Q9ESB3	0	0	0
A0A338P792	0	0	0
Q3U9H9	0	0	0
A0FLF1	476400000	476400000	0
A0A286YED0	0	0	0
Q9ESJ7	0	0	0
Q9ESK3	0	0	0
Q9ESK4	0	0	0
Q9ESM6	989630000	989630000	707720000
Q9ESN1	0	0	0
Q9ESN5	0	0	0
D3YWH6	0	0	0
D3YWH6	0	0	0
Q9ESS0	0	0	0
Q9EST1	0	0	0
Q3TS00	0	0	0
Q9EST8	0	0	0
P51912	488540000	488540000	476470000
Q9ET43	0	0	0
D3Z1J5	0	0	57531000
D3Z1J5	2206800000	2206800000	2303000000
Q8VH23	0	0	0
Q9CSY3	0	0	0
Q9CSY3	138070000	138070000	0
F6ZCH1	0	0	0
Q9JHE3	99462000	99462000	0
Q9JHE4	0	0	0
Q9JHF7	8372000	8372000	15147000
Q3UPS4	33866000	33866000	8399700
Q9JHH9	1645500000	1645500000	1681400000
Q2KHP2	0	0	0
Q9JHI2	0	0	0
Q3TJ33	0	0	0
Q9JHJ8	0	0	0
Q9JHL0	0	0	0
Q3TG64	0	0	0
Q9JHT5	0	0	0
A0A1Y7VNS6	110120000	110120000	0
Q9JHW9	0	0	0
Q9JI08	0	0	0
Q9JI33	153100000	153100000	102530000
Q9JI38	0	0	140640000
Q80ZG7	0	0	0
Q9JI67	0	0	0
Q9JI99	180200000	180200000	0
A0A0G2JED4	0	0	0
Q9CX58	0	0	0
Q9JIF3	0	0	0
D3YUL0	0	0	0
Q9JIN6	0	0	0
Q9JIP4	0	0	35828000
Q9JIW5	0	0	0
Q9JIY2	0	0	0
A0A2R8W6R9	0	0	0
Q9JIZ9	54930000	54930000	69472000
Q9JJ00	0	0	0
Q9JJ06	0	0	0
A0A2R8VHB5	0	0	0
Q9JJ48	0	0	0
Q9JJ66	0	0	0
D3YVF2	78093000	78093000	154010000
Q9JJ89	0	0	0
Q78YP7	0	0	0
Q9D814	0	0	0
Q3TRN0	0	0	0
Q9JJF9	83574000	83574000	71685000
E9QL08	0	0	0
Q3V2X1	60555000	60555000	98559000
Q8CBJ9	0	0	0
V9GWY8	0	0	0
Q9JJV4	0	0	0
Q9JJX7	0	0	0
Q9JJZ4	0	0	0
V9GX95	0	0	0
Q9JK24	0	0	0
A2AT40	86488000	86488000	45941000
A0A0G2JF57	0	0	0
Q9JK84	52174000	52174000	60356000
F6R1G0	38477000	38477000	78526000
Q9JK92	2294000000	2294000000	1157600000
Q9JKB3	0	0	0
Q5PSB0	0	0	0
A0A3B2WCK5	0	0	0
B0QZL9	148490000	148490000	0
Q9JKN1	103580000	103580000	0
Q9JKN5	0	0	0
Q9JKP7	54190000	54190000	0
Q9JKP8	0	0	35718000
Q3TRD4	0	0	0
Q9JKW0	0	0	33707000
Q9JL15	133410000	133410000	0
Q4FK39	0	0	0
A0A338P773	128450000	128450000	35374000
Q9JL25	0	0	0
Q3UYV4	0	0	0
Q0P5W9	0	0	0
F7CK17	0	0	0
Q9JLG8	0	0	0
Q9JLG8	0	0	0
Q91X42	0	0	0
Q9JLI2	0	0	0
Q9JLJ4	0	0	0
Q9JLJ5	33110000	33110000	0
Q9JLL3	0	0	0
Q5DU47	47592000	47592000	110820000
Q3TTK6	0	0	0
Q8CCY3	0	0	0
Q9JLZ6	0	0	0
A0A1B0GS99	0	0	0
F6RKH8	0	0	0
Q7TT13	0	0	0
Q9D6D6	0	0	0
Q9D2R5	78803000	78803000	0
Q9JM62	0	0	0
Q9JM73	0	0	0
B7ZP01	10225000	10225000	5026800
Q9JM98	0	0	0
Q9JM99	0	0	0
Q9JMD0	0	0	0
Q8CEK4	0	0	0
Q9JME2	0	0	0
Q9JME9	0	0	0
Q9JMF7	0	0	0
Q3TSX4	0	0	0
Q543I9	282850000	282850000	322670000
Q05DV7	0	0	0
Q3U7I0	0	0	0
Q9NWG9	0	0	0
Q3UUL1	0	0	0
Q8BNW2	0	0	403630000
Q9QUK6	0	0	0
Q9QUM0	0	0	0
Q9QUN7	0	0	0
Q8C9L4	0	0	0
Q9QVY8	0	0	0
A0A3B2WD19	0	0	0
Q9QWT9	0	0	0
Q9QWV4	0	0	0
W0UTF2	69266000	69266000	141090000
Q9D7Z6	7605600	7605600	16659000
Q8C9T5	0	0	0
Q9QX66	0	0	0
Q9QXD1	1253700000	1253700000	1767800000
Q9QXD6	0	0	0
Q9QXD8	576200000	576200000	306570000
Q9QXE2	0	0	0
Q8C270	153230000	153230000	0
F6ZKR0	0	0	0
Q8BXG5	0	0	0
Q8BXG5	0	0	0
Q9QXM0	0	0	0
Q9DB86	0	0	0
Q6S393	0	0	0
Q6S393	0	0	0
Q6S393	0	0	0
Q9QXS6	0	0	0
Q3TEK6	0	0	71087000
Q9QXV1	90082000	90082000	114540000
Q9QXV8	105160000	105160000	0
Q9QXW0	0	0	0
Q9QXX8	0	0	0
Q059K7	0	0	0
Q8C8N4	0	0	0
Q9QY23	0	0	0
A2APF7	0	0	0
Q9QY33	26723000	26723000	0
Q9QY39	0	0	0
Q9QY42	0	0	0
Q9QY73	0	0	114640000
Q9QY93	70561000	70561000	0
Q9QY96	0	0	0
Q3UTV2	0	0	58634000
Q9QYB5	0	0	0
Q8C0Y2	1759000	1759000	0
Q8BJT2	132670000	132670000	68545000
Q3TP99	0	0	0
Q3TP99	0	0	0
Q3TP99	0	0	0
Q3TP99	0	0	0
Q9QYE5	0	0	0
Q9QYI6	409140000	409140000	535290000
Q9QYK5	0	0	0
Q9QYL7	0	0	0
Q9QYM8	0	0	0
A0A0R4J1J9	0	0	0
Q3V3T6	0	0	0
Q9QYR6	0	0	0
Q3UQQ1	0	0	0
Q9CW02	0	0	0
Q9QZ85	0	0	0
Q9QZC7	0	0	0
Q9QZC8	267990000	267990000	319960000
Q9QZD5	42543000	42543000	31110000
Q9QZI9	0	0	89579000
Q9QZL0	0	0	15018000
G3UWN7	60842000	60842000	0
F2Z482	0	0	0
Q5D0E9	43621000	43621000	55164000
Q9QZS3	0	0	0
Q3UW73	0	0	0
Q9QZU5	0	0	0
Q9QZU9	0	0	0
Q9QZV9	0	0	0
Q9QZZ6	0	0	0
Q9R001	0	0	0
Q8CAX8	0	0	0
Q9R022	0	0	0
Q9R045	0	0	0
Q9R049	0	0	0
Q9R059	372740000	372740000	401990000
Q9R098	0	0	0
Q9R0C0	0	0	0
Q9R0H0	0	0	0
Q9R0H2	0	0	0
Q9R0N4	0	0	0
Q9R0N9	0	0	0
H3BL75	0	0	0
Q9R0S2	0	0	0
Q9R0S3	0	0	0
Q9R0U0	0	0	0
Q9R0X0	57470000	57470000	49989000
A0A0G2JDP9	0	0	0
Q9R1C0	106340000	106340000	95964000
Q9WVH5	0	0	0
Q9R1Q6	183120000	183120000	163590000
Q9R1Q7	0	0	0
Q9R1S0	101260000	101260000	103920000
A0A087WNT9	0	0	0
H7BX89	0	0	0
Q8CFP9	8175600	8175600	21890000
Q9WTI7	0	0	0
Q9WTI7	0	0	0
Q9WTJ4	0	0	0
Q3UNB0	0	0	0
Q9WTM3	0	0	0
Q9D246	0	0	0
Q9WTP2	0	0	0
Q8BSA6	0	0	0
Q8C094	0	0	0
A0A0N4SVX5	0	0	0
Q9QZ79	0	0	0
Q9WTW5	0	0	0
Q9CW89	0	0	0
Q9WU78	0	0	0
Q9WU81	111350000	111350000	126250000
A0A0A6YWG0	0	0	0
Q3TP26	187550000	187550000	0
Q9WUH7	0	0	0
Q99K91	127730000	127730000	123890000
A0A1C7ZMY6	0	0	0
A0A087WRL3	0	0	0
Q6AXC2	0	0	0
Q544M3	0	0	0
Q9WV19	0	0	0
Q9WV27	68463000	68463000	43307000
Q9WV34	0	0	0
Q9WV35	0	0	0
Q9WV68	69097000	69097000	0
A0A2I3BS01	0	0	0
Q8BHX6	0	0	0
Q9CWX6	0	0	0
Q9WV89	610160000	610160000	895480000
D0VYV7	0	0	0
D0VYV7	0	0	0
Q9WVA7	0	0	0
Q9WVB4	165990000	165990000	205910000
Q9WVF7	0	0	0
Q9WVG9	0	0	0
Q9WVK0	0	0	0
Q9WVK5	0	0	0
B9EIV8	2235700000	2235700000	1547900000
Q9WVM1	0	0	0
Q8C9K8	0	0	0
Q8CBJ0	0	0	0
Q9Z0E0	0	0	0
A0A068BIS6	0	0	0
Q9Z0F4	0	0	0
A0A494BAL0	108400000	108400000	0
Q9Z0G7	0	0	0
Q9CSF4	0	0	0
Q9Z0H3	0	0	0
Q8BR48	0	0	0
Q9Z0H8	0	0	0
Q3V0E6	0	0	0
Q9Z0I6	0	0	125780000
Q3UU73	0	0	13546000
Q9Z0J1	0	0	0
Q9Z0K8	178350000	178350000	273800000
Q9Z0M9	0	0	0
Q9D791	77936000	77936000	104010000
Q9Z0P7	261980000	261980000	156750000
Q3TUF4	0	0	0
Q9Z0S2	0	0	0
Q9Z0S3	0	0	0
Q9Z0U9	33746000	33746000	35624000
Q9Z104	63413000	63413000	26062000
Q3UZ27	0	0	0
Q9Z126	0	0	0
Q9Z131	0	0	0
Q501P6	0	0	0
Q9Z175	115680000	115680000	134250000
A0A140LHK7	0	0	0
Q9Z183	0	0	0
Q9Z1B8	0	0	65518000
Q9Z1E3	0	0	0
Q9Z1K8	0	0	0
U5NJF3	0	0	0
Q9Z1N2	0	0	0
Q8C2J4	0	0	0
Q8BUW3	0	0	0
Q3TR41	0	0	0
Q9Z1Y4	3302900000	3302900000	2496200000
Q3U6P5	0	0	0
Q3UK69	0	0	0
Q9Z211	0	0	0
Q8C8I1	0	0	0
Q9Z239	0	0	0
Q9Z248	0	0	0
J9TN51	168940000	168940000	128810000
Q9Z265	0	0	0
Q8BP95	68311000	68311000	0
Q54AA6	65416000	65416000	0
Q9Z2A9	45928000	45928000	0
Q9DAT4	0	0	0
Q8C8P2	192490000	192490000	0
Q9Z2H7	0	0	0
Q810R7	0	0	0
Q9WU73	0	0	0
Q9Z2S7	0	0	0
Q9Z2S7	0	0	0
A0A2R8VHS9	0	0	0
Q9Z2U2	108930000	108930000	54205000
Q3U2M4	0	0	0
Q8C069	0	0	0
E9Q8H8	0	0	0
Q8VIL8	0	0	0
Q3V0X4	201540000	201540000	143560000
Z4YN82	0	0	0
Q3UIL6	0	0	0
Q3UJC0	0	0	0
S4R2P8	0	0	0
Q8CB85	0	0	0
Q8CCD5	0	0	0
S4R248	0	0	0
Q3TLH4	0	0	0
Q8CB85	0	0	0
Q8K054	0	0	0
S4R2S6	0	0	0
Q8CB85	199570000	199570000	0
Q8BR48	0	0	0
V9GXX2	0	0	0
V9GXF1	0	0	0
Q99MI1	0	0	0
V9GXT5	131020000	131020000	170870000
Q6P8I7	0	0	0
Q3TRU2	0	0	32224000
