gene_name,Astrocytes 1,Astrocytes 2,Astrocytes 3,astrocyte_log2_median,Neurons div15 1,Neurons div15 2,Neurons div15 3,neuron_div15_log2_median
Sptan1,31.35563,30.61008,30.40588,30.61008,30.16123,29.94336,29.5888,29.94336
Tubb4b,34.64892,34.10899,33.98795,34.10899,35.99997,36.13042,35.60054,35.99997
Tuba1b,34.41545,34.03617,33.9606,34.03617,35.41693,35.5256,35.10677,35.41693
Actb,36.61777,36.00031,36.05104,36.05104,35.44459,35.2885,35.34328,35.34328
Ckb,35.59476,35.02313,34.78619,35.02313,32.83934,32.84052,32.37327,32.83934
Cltc,31.38874,30.90412,30.57037,30.90412,31.34393,31.37493,30.77596,31.34393
Pkm,33.31568,32.60986,32.57401,32.60986,32.29723,32.11688,31.86201,32.11688
Sptbn1,31.26668,30.50493,30.21025,30.50493,29.79141,29.52739,29.20583,29.52739
Atp5a1,33.73075,33.02921,32.82794,33.02921,32.87267,32.78883,32.77087,32.78883
Hspa8,34.26486,33.61017,33.60951,33.61017,32.8597,32.77962,32.68706,32.77962
Eno1,34.94868,34.30157,34.26101,34.30157,32.46088,32.46655,32.0442,32.46088
Atp5b,34.2277,33.18357,32.97026,33.18357,33.34043,33.20442,32.87738,33.20442
Gapdh,34.6427,34.06085,34.04074,34.06085,33.75215,33.80155,33.3701,33.75215
Aco2,32.29335,31.50796,31.37119,31.50796,31.60611,31.47431,31.25062,31.47431
Atp1a2,31.6324,30.74983,30.72395,30.74983,30.90613,30.94321,30.63556,30.90613
Aldoa,33.67861,33.47979,33.30321,33.47979,31.39831,31.3198,31.18447,31.3198
Ywhae,34.91768,34.47858,34.3508,34.47858,33.6547,33.44209,33.35547,33.44209
Dpysl2,32.98629,32.36734,32.35967,32.36734,32.9973,32.82182,32.69281,32.82182
Dync1h1,30.10512,29.30241,29.34773,29.34773,30.66577,30.6327,30.32109,30.6327
Tubb2b,33.37516,32.72033,32.59846,32.72033,34.4916,34.56717,34.19432,34.4916
Mdh2,33.88131,32.99057,32.88611,32.99057,32.68211,32.73747,32.44327,32.68211
Hsp90ab1,33.92114,33.32911,33.37568,33.37568,32.66829,32.64652,32.4185,32.64652
Map1b,29.88861,28.96714,28.92091,28.96714,30.51258,30.56928,30.25507,30.51258
Dnm1,27.32363,27.24254,26.91912,27.24254,30.32603,30.21002,29.7674,30.21002
Stxbp1,27.76838,27.15943,26.78132,27.15943,31.49018,31.32163,31.2259,31.32163
Cnp,29.44293,28.71434,28.6095,28.71434,24.93988,24.7638,24.79442,24.79442
Vdac1,33.77303,32.98314,32.94803,32.98314,32.6468,32.5155,32.30854,32.5155
Syn1,24.54103,22.50993,22.75261,22.75261,29.99321,30.01824,29.70822,29.99321
Map2,28.52496,28.07842,27.99793,28.07842,28.83813,28.69209,28.75545,28.75545
Nefm,31.71767,30.89678,31.04186,31.04186,27.25961,27.38788,27.42966,27.38788
Atp1a3,22.48225,23.76071,23.97893,23.76071,31.15195,31.09585,30.6976,31.09585
Map1a,27.80894,27.02179,26.67882,27.02179,27.39092,27.3292,27.05848,27.3292
Mbp,25.68565,23.93598,23.99499,23.99499,23.81402,22.03523,21.5435,22.03523
Nsf,28.07933,27.37302,27.24518,27.37302,29.66438,29.63718,29.2197,29.63718
Plp1,27.25692,22.73494,27.07908,27.07908,22.69859,23.28658,23.02085,23.02085
Ppia;Gm5160,35.15877,34.72593,34.92163,34.92163,33.72202,33.6501,33.50675,33.6501
Crmp1,29.74501,28.88579,28.89027,28.89027,32.73219,32.75496,32.5162,32.73219
Gpi,32.09169,31.65693,31.47378,31.65693,30.67278,30.5,29.85478,30.5
Pgk1,33.86922,33.17157,33.14643,33.17157,31.37405,31.49715,31.20845,31.37405
Hk1,30.81192,29.98387,29.91399,29.98387,29.98454,29.90397,29.51693,29.90397
Nefl,21.67913,20.21727,20.53773,20.53773,26.68833,25.98133,25.69748,25.98133
Pgam1,33.46271,33.17452,32.93791,33.17452,32.26741,31.93203,31.85233,31.93203
Eef1a1,33.83686,33.32187,33.24232,33.32187,33.04866,33.25476,32.96201,33.04866
Aldoc,33.0533,32.27306,31.87698,32.27306,30.25755,29.85564,29.36139,29.85564
Atp6v1a,30.25755,29.82525,30.1575,30.1575,30.87716,30.87225,30.51813,30.87225
Gnao1,32.18293,31.12946,31.09622,31.12946,32.83966,32.90153,32.54966,32.83966
Got2,31.67384,30.79017,30.53816,30.79017,31.22032,31.34488,30.81864,31.22032
Hsp90aa1,32.44877,32.01734,31.86931,32.01734,31.58741,31.51348,31.40588,31.51348
Got1,30.80347,30.03144,30.19964,30.19964,29.9603,29.90009,29.57265,29.90009
Eno2,29.06219,28.24432,28.88236,28.88236,30.07227,29.73447,30.29318,30.07227
Tubb3,25.28044,25.27412,24.21564,25.27412,33.38651,33.65181,33.1102,33.38651
Hspa4,31.6001,30.55481,30.54711,30.55481,30.16399,30.23009,29.88797,30.16399
Vcp,32.38646,31.51343,31.70993,31.70993,31.25974,31.15273,30.67034,31.15273
Tpi1,33.01664,32.26464,32.24102,32.26464,30.57588,31.0412,30.60435,30.60435
Ap2b1,30.46752,29.43722,29.3505,29.43722,30.48481,30.44904,30.04869,30.44904
Slc25a5,33.0598,32.1464,32.16812,32.16812,32.43753,32.53855,31.96079,32.43753
Ywhaz,34.02185,33.55671,33.60178,33.60178,32.86824,33.10367,32.53591,32.86824
Myh10,32.69942,31.86714,31.80301,31.86714,30.51202,30.32882,30.12522,30.32882
Hspd1,32.93236,32.1832,31.9131,32.1832,31.51564,31.44756,31.18807,31.44756
Cfl1,34.19403,33.44912,33.57272,33.57272,33.3811,33.32335,33.25687,33.32335
Ncam1,30.07661,29.29616,29.23574,29.29616,31.97114,31.85942,31.68662,31.85942
Mdh1,33.13464,32.18003,32.54105,32.54105,31.67737,31.42097,31.32839,31.42097
Gdi2,32.27325,31.67358,31.78109,31.78109,31.22688,31.30378,30.78737,31.22688
Ina,27.30243,25.21867,26.31862,26.31862,28.96386,28.78731,28.68016,28.78731
Idh3b,31.5576,30.31008,30.25023,30.31008,30.87049,30.66467,30.44045,30.66467
Syt1,23.20238,21.30246,23.33579,23.20238,30.69428,30.63079,29.86231,30.63079
Atp5h;Gm10250,32.10715,30.61166,30.92245,30.92245,31.64642,31.56092,31.36693,31.56092
Sptbn2,23.77937,23.28898,23.86136,23.77937,27.60795,27.61491,27.2497,27.60795
Gdi1,30.5517,30.05608,29.74649,30.05608,30.80116,30.77596,30.0966,30.77596
Ank2,27.93983,27.10889,27.25386,27.25386,27.65185,27.6277,27.26168,27.6277
Atp1b1,31.45444,30.2128,30.33809,30.33809,32.22337,32.25056,31.96513,32.22337
Glul,29.1126,28.73618,28.85884,28.85884,29.50841,29.3554,28.76116,29.3554
Uba1,31.41327,30.60911,30.40253,30.60911,31.37259,31.36479,31.12528,31.36479
Glud1,32.91903,32.0685,31.938,32.0685,29.63825,29.48637,29.26653,29.48637
Ldhb,33.65342,32.77368,32.78762,32.78762,30.69395,30.5871,30.1886,30.5871
Atp6v1b2,30.43669,30.07941,30.03131,30.07941,30.25011,30.58047,30.24536,30.25011
Camk2a,26.71135,26.10966,26.53471,26.53471,27.89122,28.06265,26.81029,27.89122
Kxd1;Uba52,34.11536,32.89593,33.47569,33.47569,32.07909,32.18863,32.07317,32.07909
Camk2b,28.50673,28.0704,28.0019,28.0704,31.22113,31.21071,30.75724,31.21071
Prdx6,35.35291,34.51418,34.30654,34.51418,30.52188,30.05801,29.6545,30.05801
Myh9,33.01465,32.24813,32.37532,32.37532,28.14453,28.26056,27.99664,28.14453
Atp1a1,31.58002,30.69071,30.72249,30.72249,28.91308,28.73593,28.303,28.73593
Tubb5,31.50228,30.61868,30.94245,30.94245,32.52176,32.41365,32.31689,32.41365
Hspa9,33.04747,32.59361,32.62183,32.62183,30.92896,30.73627,30.70231,30.73627
Slc25a4,32.55151,31.49066,31.47359,31.49066,31.66662,31.13093,31.28273,31.28273
Vim,36.30243,35.95116,35.88094,35.95116,29.88713,29.78419,29.6387,29.78419
Gfap,34.92007,34.35199,34.12371,34.35199,29.8187,29.83074,29.41155,29.8187
Canx,31.67358,31.2562,31.68675,31.67358,29.91613,29.9538,29.59804,29.91613
Abat,30.63634,29.69337,29.33183,29.69337,29.48853,29.33862,28.74191,29.33862
Ppp2r1a,30.9924,30.24468,29.94475,30.24468,30.90139,31.01578,30.69012,30.90139
Uqcrc2,31.85501,30.89793,30.89287,30.89793,31.3931,31.2466,31.19055,31.2466
Slc1a2,27.25016,26.01225,25.03082,26.01225,26.06827,26.27837,25.77693,26.06827
Pygb,31.89363,31.24275,31.08113,31.24275,29.51192,29.20616,29.05087,29.20616
Ndufs1,30.32625,29.21771,28.85546,29.21771,29.39903,29.41143,29.25395,29.39903
Atp5o,32.43057,30.92811,31.13944,31.13944,32.10378,32.07744,31.59335,32.07744
Gstm1,34.75583,33.99648,34.24594,34.24594,31.4897,30.96354,30.41589,30.96354
Cntn1,24.65425,21.20848,23.0243,23.0243,29.06497,28.77002,28.86207,28.86207
Tubb4a,24.50519,22.68029,23.39767,23.39767,30.60426,30.8846,30.79196,30.79196
Plec,30.8057,29.91983,29.57333,29.91983,25.59067,23.99196,23.65862,23.99196
Vsnl1,23.02403,22.49599,23.69232,23.02403,30.23945,30.27575,29.81282,30.23945
Pebp1,34.51823,33.92353,34.04759,34.04759,32.32501,32.32839,32.37233,32.32839
Ckmt1,23.10561,25.0167,25.02838,25.0167,28.48704,28.47958,28.27217,28.47958
Actn4,32.69223,32.07051,32.07093,32.07093,28.56067,28.36081,28.16375,28.36081
Ca2,28.56554,28.673,28.16423,28.56554,23.9974,24.70957,24.75057,24.70957
Gstp1,32.73977,32.25693,32.24195,32.25693,30.85438,30.32023,30.87012,30.85438
Wdr1,32.21124,31.48913,31.51662,31.51662,30.33873,30.36045,30.08664,30.33873
Prdx2,32.91919,32.28013,32.43129,32.43129,31.68236,31.68064,31.41049,31.68064
Pdhb,31.5845,30.82578,30.64392,30.82578,30.88744,30.95248,30.4186,30.88744
Ogdh,29.61391,29.05879,29.0357,29.05879,29.04786,29.04077,28.67922,29.04077
Hspa5,33.83253,33.72649,34.06326,33.83253,30.92839,30.66772,30.59966,30.66772
Hist1h2af;Hist1h2ab;Hist1h2ak;Hist1h2ah,35.66381,34.35803,34.29659,34.35803,35.3479,35.07718,34.91777,35.07718
Hnrnpk;Gm7964,32.34723,31.58257,31.75139,31.75139,31.2911,31.41493,31.12399,31.2911
Hsp90b1,32.47863,32.07259,32.26313,32.26313,30.47179,30.13308,29.85966,30.13308
Calr,32.05294,31.45929,31.5985,31.5985,30.04231,29.78662,29.70953,29.78662
Ywhah,31.498,30.4353,30.40912,30.4353,31.39785,31.36562,31.15454,31.36562
Dpysl3,31.06484,30.19777,30.03669,30.19777,32.65459,32.67905,32.45897,32.65459
Tnr,21.85768,20.42737,21.7731,21.7731,24.24147,23.95562,23.46014,23.95562
Prdx5,32.82206,32.29663,32.26916,32.29663,31.26198,31.1853,30.58352,31.1853
Dlat,30.56447,29.40981,28.8102,29.40981,29.62026,29.68259,29.38967,29.62026
Uchl1,33.47242,32.49684,32.77584,32.77584,33.12843,32.93256,32.87045,32.93256
Immt,31.22544,30.09924,30.06715,30.09924,29.27267,29.06366,29.13568,29.13568
Tuba4a,26.22766,23.98459,25.42143,25.42143,28.0019,27.98913,27.58764,27.98913
Eef2,31.61947,30.87225,31.23501,31.23501,31.33575,31.50966,31.00751,31.33575
Gnb2,32.83526,31.95015,32.30536,32.30536,32.23489,32.47771,31.95816,32.23489
Hnrnpa2b1,32.39981,32.03354,32.06056,32.06056,31.19988,31.24332,31.11873,31.19988
Cs,31.84412,30.93937,30.61105,30.93937,31.20402,30.99058,30.65198,30.99058
Ldha,32.54915,31.99405,31.87646,31.99405,30.52999,30.54527,30.33777,30.52999
Myo5a,27.1033,26.26344,26.23759,26.26344,29.50144,29.51584,29.40115,29.50144
Hist1h4a,36.05448,35.48628,35.472,35.48628,35.98214,35.7477,35.51891,35.7477
Syn2,26.49147,24.96658,25.87124,25.87124,29.15494,29.03483,28.62944,29.03483
Atp6v0a1,28.04682,26.70688,26.61611,26.70688,29.77925,29.74954,29.22412,29.74954
Arf1,32.20306,31.46835,31.69971,31.69971,32.49895,32.41097,32.19912,32.41097
Uqcrc1,31.37207,30.67371,30.86105,30.86105,30.89569,31.08036,30.78916,30.89569
Slc25a12,29.49377,28.19117,27.61224,28.19117,29.78191,29.76405,29.40702,29.76405
Hnrnpa3,32.01565,31.82915,31.81276,31.82915,31.72663,31.82574,31.5766,31.72663
Hist1h2bc;Hist1h2bh;Hist1h2bm;Hist2h2bb,36.00219,35.22202,35.67396,35.67396,34.02993,33.56547,34.34605,34.02993
Slc1a3,32.67386,31.80193,31.76089,31.80193,28.51841,28.18248,27.86885,28.18248
Actc1,33.8792,33.26766,33.93122,33.8792,31.74483,31.6895,31.69432,31.69432
Tuba1a,28.32243,28.71676,27.40162,28.32243,32.49643,33.11819,32.19002,32.49643
Atp6v1c1,28.48212,27.40973,27.97492,27.97492,29.10577,28.94938,28.71601,28.94938
Gm20390;Nme2,32.27988,31.62558,31.98342,31.98342,31.13541,31.15702,30.76975,31.13541
Sh3gl2,27.15991,26.19031,26.55479,26.55479,28.81903,28.88349,28.62289,28.81903
Tkt,32.68272,31.84916,31.91524,31.91524,31.38566,31.36562,30.98482,31.36562
Aldh2,32.46354,30.98773,30.99517,30.99517,30.01571,29.96003,29.48002,29.96003
Snap91,26.06378,25.51788,25.09418,25.51788,30.21489,30.07699,29.59461,30.07699
Ap2a1,29.25368,28.35905,28.19526,28.35905,29.33249,29.6201,29.03325,29.33249
Cct3,31.20175,30.77447,30.63114,30.77447,31.33431,31.40644,31.07763,31.33431
Atp2b2,28.14846,26.80698,27.15345,27.15345,28.8688,28.83509,28.29859,28.83509
Sucla2,31.215,29.83041,29.87231,29.87231,30.17546,30.0855,29.59818,30.0855
Acat1,31.7855,30.6862,30.65668,30.6862,31.44095,31.19066,31.091,31.19066
Nefh,23.89125,21.96042,21.92817,21.96042,20.87628,21.70371,19.57598,20.87628
Ncl,31.75505,31.39248,31.51939,31.51939,29.54571,28.95441,29.03596,29.03596
Rtn4,30.72801,29.9157,29.65349,29.9157,29.10127,29.1726,28.35746,29.10127
Actn1,32.63871,31.94552,31.69876,31.94552,26.71476,26.51446,26.2823,26.51446
Ppp3ca,29.66602,28.55028,28.36878,28.55028,29.97295,29.74986,29.64188,29.74986
Npepps,30.76928,30.16866,29.97446,30.16866,29.99105,29.9709,29.73596,29.9709
Atp6v0d1,29.05139,28.30548,28.00662,28.30548,29.61328,29.71581,29.24957,29.61328
Gda,23.39008,19.98704,21.04853,21.04853,28.69229,28.39999,28.15156,28.39999
Gpd2,30.78745,30.10637,29.86897,30.10637,29.41468,29.46342,29.351,29.41468
Stx1b,27.67553,26.78856,26.27242,26.78856,30.59744,30.24422,30.30334,30.30334
Pacsin1,24.58537,23.95775,23.5998,23.95775,27.52813,27.52343,26.98066,27.52343
Epb41l3,28.30691,27.11674,26.97662,27.11674,27.75181,27.60414,27.53949,27.60414
Snap25,23.74725,24.25868,24.31306,24.25868,30.28383,30.13198,29.79871,30.13198
Bsn,16.03015,22.62996,20.29098,20.29098,23.60671,23.42406,23.44152,23.44152
Arpc2,30.58916,30.17415,30.38041,30.38041,29.91056,29.82051,29.58671,29.82051
Fscn1,30.71285,30.36901,30.33671,30.36901,31.585,31.81627,31.355,31.585
Atp6v1e1,30.85319,30.21466,30.17451,30.21466,30.57804,30.45572,30.47943,30.47943
Atp2a2,30.71923,30.0575,30.36359,30.36359,29.32298,29.20182,28.89926,29.20182
Dpysl5,30.05814,29.25773,29.36123,29.36123,32.45469,32.55099,32.1929,32.45469
Tufm;Gm9755,31.28455,30.45454,29.97787,30.45454,30.55764,30.49677,30.22159,30.49677
Map6,26.22601,25.67595,25.87223,25.87223,26.59292,26.40435,26.1524,26.40435
Matr3,29.56265,29.05525,28.92082,29.05525,30.36244,30.37358,30.15991,30.36244
Calb1,24.9898,24.33946,24.62383,24.62383,28.5189,28.00892,28.12327,28.12327
Ndrg2,29.95199,29.60707,29.37631,29.60707,27.7016,27.42998,26.40853,27.42998
Dpp6,20.26132,21.50193,21.3538,21.3538,28.00838,27.86679,27.52873,27.86679
Arhgdia,33.76139,33.36084,33.4344,33.4344,31.22331,31.28162,30.94308,31.22331
Idh3a,30.42492,30.18483,30.07559,30.18483,30.58441,31.00457,30.07814,30.58441
9/7/2015 0:00,31.47547,30.74591,30.75589,30.75589,29.91014,29.82177,29.65315,29.82177
Ncdn,24.5719,23.54863,24.34394,24.34394,29.01757,29.40141,28.51525,29.01757
Anxa6,31.38864,30.95809,30.89114,30.95809,27.24154,26.83135,26.37019,26.83135
Calb2,25.12908,24.1281,24.39192,24.39192,28.63114,28.52932,28.20951,28.52932
Hnrnpa1,30.53436,30.84558,30.5244,30.53436,31.77203,31.67552,31.46718,31.67552
Vdac3,32.68973,32.14376,31.81383,32.14376,31.90189,31.93185,31.58866,31.90189
Sdha,30.96506,30.04895,30.38648,30.38648,29.58267,29.75964,29.41748,29.58267
Stip1,31.10431,30.54784,30.32045,30.54784,30.01996,30.19835,29.99307,30.01996
Cadps,24.59121,22.82968,23.29544,23.29544,28.91977,28.8353,28.45682,28.8353
Cct2,31.10556,30.22561,30.12102,30.22561,31.22285,31.16722,30.98019,31.16722
9/5/2015 0:00,29.22465,27.73744,28.16586,28.16586,29.80518,30.04362,29.68241,29.80518
Uqcrb,31.68875,30.95761,30.53918,30.95761,31.50942,31.23432,31.17599,31.23432
Kpnb1,30.47904,29.72141,29.64633,29.72141,29.51085,29.41933,29.02641,29.41933
Fasn,29.93255,29.24654,29.10072,29.24654,30.23009,30.43579,30.02036,30.23009
Vdac2,32.90401,31.82801,31.68361,31.82801,31.21894,30.95927,30.78675,30.95927
Amph,23.55672,23.34476,23.58256,23.55672,28.84826,28.71263,28.6121,28.71263
Fh,31.02029,30.10162,29.90139,30.10162,29.92139,29.77313,29.37592,29.77313
Dlg4,26.36135,25.17219,25.46865,25.46865,26.69006,26.43307,26.27101,26.43307
Hspa12a,27.99922,26.26787,26.23703,26.26787,28.48151,28.35905,27.99253,28.35905
Oxct1,32.36719,31.18423,31.28118,31.28118,30.67993,30.80778,30.42412,30.67993
Bin1,28.92119,27.90351,27.40657,27.90351,28.50199,28.36795,27.95449,28.36795
Pdia3,32.52211,32.40268,32.34,32.40268,30.16997,29.89705,29.54654,29.89705
Usp5,29.6483,29.28566,28.91599,29.28566,29.29977,29.12102,28.89908,29.12102
,25.41889,24.02454,23.98485,24.02454,24.18971,24.01725,23.6887,24.01725
Otub1,30.20034,29.46838,29.43504,29.46838,29.96719,30.00249,29.7499,29.96719
Dpysl4,29.02485,28.22587,28.3006,28.3006,30.1757,30.01956,29.74746,30.01956
9/11/2015 0:00,32.1478,31.12964,30.85786,31.12964,29.89187,29.94377,29.55804,29.89187
Eef1b,31.00999,30.57804,30.67615,30.67615,30.04166,29.93649,29.831,29.93649
Pfkm,30.45003,30.06869,30.00384,30.06869,29.57915,29.53291,29.20224,29.53291
Pfkp,31.14753,30.80209,29.86802,30.80209,28.276,28.25196,27.7018,28.25196
Capza2,31.66246,31.58611,31.15557,31.58611,30.79436,30.50294,30.23569,30.50294
Mapt,26.41421,25.71201,25.59457,25.71201,29.15796,29.13252,29.04859,29.13252
Slc12a5,23.58738,22.66293,21.75234,22.66293,27.22011,27.31967,26.58864,27.22011
Prdx1,33.5657,32.91677,33.10457,33.10457,30.68871,30.89446,30.38885,30.68871
Stx1a,25.42137,24.25083,21.87912,24.25083,30.07979,29.6636,29.53332,29.6636
Pclo,18.01198,16.85514,19.97771,18.01198,23.75847,23.90711,23.46675,23.75847
Plcb1,23.7349,22.82518,22.7447,22.82518,28.10259,28.10939,27.66411,28.10259
Gap43,28.1776,26.75646,26.81152,26.81152,29.55197,29.41488,29.40987,29.41488
Cand1,30.2544,29.45586,29.15914,29.45586,29.49711,29.59007,29.24805,29.49711
Atp2b1,30.49247,28.04354,27.67169,28.04354,29.21123,29.27822,28.95994,29.21123
Gls,26.8114,25.58784,24.67874,25.58784,29.26419,29.3607,29.05251,29.26419
Ywhab,32.64115,31.84435,31.76924,31.84435,31.67842,31.51982,31.49857,31.51982
Anxa5,33.45721,33.33844,33.39867,33.39867,27.04593,26.48534,26.32354,26.48534
Dnm1l,28.69232,27.75085,27.66262,27.75085,29.01167,28.97697,28.60311,28.97697
Pdha1,30.69851,29.7156,29.87923,29.87923,30.26137,30.4941,30.0029,30.26137
Pcx;Pc,31.54922,30.71104,30.56756,30.71104,27.38706,27.36453,26.8441,27.36453
Cox4i1,32.6261,31.89915,32.1079,32.1079,31.27292,31.01345,31.11253,31.11253
Dlg2,23.75134,24.44708,23.97552,23.97552,27.04739,26.98577,26.74381,26.98577
Eef1a2,21.73426,16.73833,16.81503,16.81503,29.54176,29.95074,29.39589,29.54176
Phb,31.26478,29.95005,30.03171,30.03171,31.01797,30.88889,30.70751,30.88889
Rab3a,26.28856,25.14996,26.03521,26.03521,30.61316,30.53927,30.24127,30.53927
Ppp1ca,30.42952,30.3227,30.12312,30.3227,30.32335,30.68353,29.88384,30.32335
Ndufs2,29.13144,28.2867,27.6975,28.2867,28.75452,28.66438,28.37136,28.66438
Sod2,31.48803,30.3366,30.61184,30.61184,30.16639,29.82705,29.81675,29.82705
Tpm3-rs7,34.27697,33.83432,33.70068,33.83432,30.71972,30.50493,30.22986,30.50493
Basp1,30.8178,30.72159,29.94726,30.72159,31.65228,31.34366,31.56547,31.56547
Sirt2,30.22757,29.35208,29.46503,29.46503,27.1454,26.68632,26.35778,26.68632
Synj1,27.60102,24.89855,23.9974,24.89855,27.71214,27.61175,27.33731,27.61175
Acly,28.64203,27.71614,27.33236,27.71614,29.48008,29.45744,29.2417,29.45744
Ndufv1,29.66723,28.87317,28.91499,28.91499,29.54457,29.62821,29.26982,29.54457
Macf1,28.72309,27.70352,27.60003,27.70352,27.15112,26.96686,26.79476,26.96686
Actr1b,30.6837,29.56763,29.23759,29.56763,30.91221,31.14236,30.72297,30.91221
Acot7,27.53222,27.38451,27.27284,27.38451,31.10081,30.91364,30.71334,30.91364
Gnb1,31.82813,30.54084,30.99577,30.99577,31.48764,31.77992,31.56874,31.56874
Opa1,28.83981,28.22656,28.06224,28.22656,28.54252,28.39313,28.07933,28.39313
Ywhag,30.95989,31.24127,31.46392,31.24127,31.72639,31.70689,31.52762,31.70689
Txn,34.08496,33.43452,33.91296,33.91296,30.59317,30.62471,30.37223,30.59317
Napb,24.53291,22.72742,20.74139,22.72742,29.59698,29.59584,28.96132,29.59584
Dld,31.42452,30.55518,30.22228,30.55518,30.3453,30.22009,29.98726,30.22009
Crym,30.6385,29.92422,29.32012,29.92422,28.30939,27.70193,28.16686,28.16686
Hsph1,29.4367,28.77065,28.49125,28.77065,28.68117,29.22952,28.43944,28.68117
Snca,25.80449,24.44632,25.05536,25.05536,29.69714,29.7432,29.52017,29.69714
Dmxl2,24.94927,24.36386,24.635,24.635,27.41248,27.42126,26.77869,27.41248
Tcp1,31.37741,30.32603,30.29406,30.32603,31.16507,31.29855,30.98264,31.16507
Vps35,30.1808,29.14763,29.00844,29.14763,30.17319,30.07559,29.89089,30.07559
Hadha,32.276,31.22745,30.90985,31.22745,28.29592,28.22504,27.88995,28.22504
Cox5a,32.06894,31.04915,31.01025,31.04915,29.76958,29.48526,30.09597,29.76958
Srcin1,23.67163,22.60616,21.8278,22.60616,27.3157,27.17331,27.00389,27.17331
Slc4a4,28.8538,27.83714,27.59584,27.83714,25.64493,25.73733,25.33967,25.64493
Rap1gds1,29.288,28.07163,28.12149,28.12149,28.614,28.75986,28.24186,28.614
Rtn1,30.69594,29.35054,29.34644,29.35054,29.13053,29.73035,29.26179,29.26179
Atp5c1,32.18373,31.40745,31.45273,31.45273,31.34541,31.50394,31.0683,31.34541
Ndufa10,29.67897,28.70246,28.69046,28.70246,29.13665,28.89773,28.6194,28.89773
Ap2a2,28.62027,27.6277,27.34571,27.6277,29.19359,29.32217,28.76961,29.19359
Ndufa9,28.32195,27.39615,27.80427,27.80427,28.73676,28.77106,28.24432,28.73676
Hist1h3b,35.23671,34.54588,34.98006,34.98006,34.26752,34.07591,34.0544,34.07591
Atp6v1h,29.00475,28.09426,28.08796,28.09426,29.66173,29.50531,29.03483,29.50531
Ndufs3,29.83859,28.93896,28.7529,28.93896,29.17403,29.34482,28.64931,29.17403
Syngap1,22.24725,21.73372,21.5296,21.73372,26.10669,26.1524,25.89865,26.10669
Cct8,31.38402,30.58504,30.45219,30.58504,30.97206,31.03924,30.86563,30.97206
Eif4a1,31.88431,31.37715,31.40507,31.40507,31.62549,31.769,31.70384,31.70384
Mif,31.79738,31.11384,30.98278,31.11384,32.14133,32.54931,31.95858,32.14133
Hpca,25.318,25.65676,25.78229,25.65676,28.99372,28.77819,28.27573,28.77819
Hpcal1,27.02464,26.88344,26.81409,26.88344,28.5796,28.46502,28.2305,28.46502
Ran,32.00591,32.06301,32.02452,32.02452,31.18518,31.36833,30.98373,31.18518
Atp5f1,30.35279,29.33213,28.91539,29.33213,30.52599,30.36484,29.99051,30.36484
Pitpna,29.19622,29.02332,28.83885,29.02332,29.24959,29.08489,28.55215,29.08489
Dctn2,30.97944,29.68392,29.45533,29.68392,30.25597,29.93227,29.87404,29.93227
Sod1,33.12193,33.04721,33.05381,33.05381,31.1175,30.83266,30.7207,30.83266
Hspa4l,30.57993,29.83471,29.79824,29.83471,26.6432,26.36761,25.72297,26.36761
,25.92413,24.84076,24.50537,24.84076,26.14996,26.13449,25.6226,26.13449
P4hb,31.50956,30.9949,30.80263,30.9949,29.71638,29.44802,29.22559,29.44802
Hnrnph2,31.3278,30.52711,30.91014,30.91014,31.37026,31.29,31.09773,31.29
Cap1,31.63681,31.10649,30.79985,31.10649,29.19796,29.00496,29.03604,29.03604
Prkcg,24.72463,26.60767,25.86481,25.86481,26.75977,27.1736,26.2699,26.75977
Lmnb1,31.50659,30.90383,30.63166,30.90383,28.80769,28.36386,28.20313,28.36386
Pgm1;Pgm2,30.42852,29.62165,29.62982,29.62982,27.47352,27.24871,27.0661,27.24871
Ppp2ca,29.99078,29.78025,29.56825,29.78025,30.7094,30.77667,30.35005,30.7094
Aldh1l1,31.78148,30.88911,30.84887,30.88911,27.7921,27.45348,27.09969,27.45348
Gpm6a,27.55947,28.37704,27.61175,27.61175,31.59259,31.78698,32.00655,31.78698
Arpc1a,28.34989,27.40365,27.87543,27.87543,30.2922,30.41387,29.94294,30.2922
Gnaq,30.11297,29.19533,29.20156,29.20156,30.69453,30.85088,30.67607,30.69453
Cct5,30.85853,30.44924,30.28019,30.44924,31.00618,30.95414,30.84655,30.95414
Pfn1,33.51336,32.24318,32.52272,32.52272,31.54968,31.34144,31.04759,31.34144
Dctn1,28.80554,28.05626,28.18154,28.18154,29.00102,28.83253,28.75948,28.83253
Mapk1,30.3226,29.76748,29.88751,29.88751,29.37747,29.71301,29.34769,29.37747
Hnrnpu,31.37715,30.69304,30.74463,30.74463,30.60231,30.86894,30.40172,30.60231
Ola1,28.76857,28.36252,28.30291,28.36252,28.88134,28.89273,28.30482,28.88134
Idh3g,30.0775,28.8535,29.1575,29.1575,29.44283,29.53319,29.08091,29.44283
Dnm3,25.40106,24.69168,26.27049,25.40106,28.54023,28.34143,28.12519,28.34143
Cct4,30.19753,29.81423,29.91257,29.91257,30.76525,30.93537,30.391,30.76525
Hnrnpl,31.39213,30.31127,30.53547,30.53547,31.26696,31.53148,31.3117,31.3117
Cycs;Gm10108,31.44139,30.65991,30.67993,30.67993,30.37327,29.95906,29.72792,29.95906
Rab1,31.59722,30.58361,30.55755,30.58361,31.72578,31.53478,31.1313,31.53478
Epb41l2,30.94133,30.13247,30.05232,30.13247,25.58669,25.58775,25.08197,25.58669
Bdh1,29.7889,28.57791,28.07546,28.57791,31.17141,31.21865,30.75899,31.17141
Mtco2;mt-Co2,32.28008,31.26729,31.16824,31.26729,31.71645,31.58253,31.30231,31.58253
Lrpprc,28.87091,27.67828,27.68003,27.68003,28.48385,28.62328,28.03522,28.48385
Dclk1,27.63312,26.5773,26.01144,26.5773,30.87533,30.89222,30.69495,30.87533
Rph3a,21.11845,19.67757,20.04367,20.04367,26.00054,25.69888,25.50258,25.69888
Cyfip2,26.91216,25.97721,26.26805,26.26805,28.66746,28.75748,28.3575,28.66746
Prdx3,31.02934,30.32109,29.97432,30.32109,29.29579,29.11153,28.72952,29.11153
Dstn,32.35063,31.97473,31.7771,31.97473,31.73816,31.90372,31.4701,31.73816
Pygm,23.06059,22.87093,23.57693,23.06059,21.63045,21.88662,22.65093,21.88662
Prkar2b,27.2007,26.82905,26.53341,26.82905,30.3687,30.41054,30.03381,30.3687
Dbn1,29.7179,28.34782,28.83653,28.83653,30.39744,30.51305,30.26539,30.39744
D10Jhu81e,31.71416,31.07884,30.77069,31.07884,29.30709,29.11905,28.99593,29.11905
9/3/2015 0:00,29.74814,28.89551,28.91485,28.91485,29.76055,29.69646,29.43667,29.69646
Qdpr,30.77455,29.4292,29.41599,29.4292,28.98512,28.92286,28.71342,28.92286
Mog,19.40087,,17.1727,18.286785,18.16039,18.27844,22.27671,18.27844
Aldh5a1,30.55005,29.37055,28.65843,29.37055,28.58423,28.4449,28.29408,28.4449
Myl6,32.80582,32.37319,32.36953,32.37319,30.38185,30.21905,29.93452,30.21905
Rab2a,30.89634,30.32742,30.48558,30.48558,31.17801,31.19167,30.83319,31.17801
Ak1,30.78105,30.08816,30.08474,30.08816,29.92139,29.62725,29.86731,29.86731
Ywhaq,32.2119,31.21605,31.31473,31.31473,30.93656,31.01132,30.71563,30.93656
Ogdhl,28.93402,27.70074,27.66078,27.70074,27.12139,27.10649,26.87654,27.10649
Napa,29.79963,28.8916,29.0931,29.0931,29.23961,29.17109,28.58649,29.17109
Hint1,31.26125,30.40568,30.24728,30.40568,31.98227,32.2074,31.71694,31.98227
Oxr1,28.25232,26.73931,27.01436,27.01436,26.23008,25.50364,25.38765,25.50364
Tppp,26.93966,23.35474,23.72057,23.72057,26.59463,25.71059,23.86985,25.71059
Marcks,31.91456,30.69403,30.16183,30.69403,31.55705,31.27825,31.38113,31.38113
Hnrnpr,29.94196,29.06733,29.09048,29.09048,29.75592,29.88528,29.52404,29.75592
Psma7,31.4071,30.44045,30.7535,30.7535,30.27963,30.19543,29.76994,30.19543
Uqcrfs1,30.06188,29.3684,29.6838,29.6838,30.11558,29.96086,29.57328,29.96086
Rab10,30.52692,29.64459,29.82024,29.82024,30.34435,30.26618,29.99981,30.26618
Map2k1,29.6698,29.22295,28.9856,29.22295,28.66204,28.39767,28.40304,28.40304
Calm1,34.04409,33.56195,33.09503,33.56195,33.59746,33.5824,33.16502,33.5824
Gnai2,31.48424,30.37648,30.46937,30.46937,30.22837,30.25045,29.63384,30.22837
9/8/2015 0:00,30.03052,29.29173,29.40129,29.40129,25.59665,26.24158,25.29218,25.59665
Ddah1,32.96733,31.98665,32.34752,32.34752,29.3545,29.41512,29.23583,29.3545
Bcan,25.35289,24.15391,24.28623,24.28623,22.93258,22.67465,22.22291,22.67465
Rab14,31.02723,29.97733,30.14175,30.14175,30.77706,30.76596,30.46431,30.76596
Park7,33.12645,32.13182,32.17721,32.17721,30.07546,30.07954,29.81996,30.07546
,29.3588,27.9592,27.68559,27.9592,28.99574,28.94338,28.51848,28.94338
Cct6a,31.09169,30.47711,30.15617,30.47711,30.83808,30.75215,30.47102,30.75215
Slc3a2,30.85831,29.98604,30.29691,30.29691,29.52677,29.57573,29.60389,29.57573
Atp1b2,31.22251,29.87983,29.82309,29.87983,28.30029,28.30713,28.03821,28.30029
Ap2m1,29.75353,28.43472,28.62513,28.62513,29.79979,30.01358,29.24284,29.79979
Psd3,24.85472,24.05325,22.73417,24.05325,27.7855,27.69604,27.43603,27.69604
Actr2,30.94719,30.76659,31.1581,30.94719,31.26047,31.0416,30.61289,31.0416
Slc25a3,31.94398,31.33591,31.06657,31.33591,30.97014,30.87694,30.74551,30.87694
Nckap1,28.21396,27.40023,27.35422,27.40023,28.80766,28.95049,28.39002,28.80766
Add1,30.0692,29.16796,28.56953,29.16796,28.98163,28.79625,28.56136,28.79625
Ddx5,30.50323,29.90282,30.09295,30.09295,30.21836,30.31354,30.05323,30.21836
Cadm2,28.07485,26.97301,27.1946,27.1946,28.86251,29.21174,28.75334,28.86251
Actr3,30.78402,30.23934,30.25451,30.25451,30.24275,30.62122,30.12053,30.24275
Cct7,30.86813,30.16147,29.99618,30.16147,30.24139,30.25935,29.96527,30.24139
Pgd,30.54019,30.24796,29.7341,30.24796,29.14974,29.05183,28.7022,29.05183
Cadm3,24.44891,23.49118,24.60128,24.44891,28.91872,28.66922,28.32389,28.66922
Aldoa,29.81326,29.03438,28.89177,29.03438,26.818,26.29327,26.64856,26.64856
Add2,25.97592,24.92465,24.07765,24.92465,28.5269,28.54477,28.1039,28.5269
Mag,17.29975,21.21122,21.47917,21.21122,17.6937,17.25488,,17.47429
Eef1g,31.64272,30.84131,30.83417,30.84131,30.44134,30.67985,30.349,30.44134
Tagln3,29.52988,28.4221,28.93571,28.93571,28.87736,29.05667,28.69309,28.87736
Gnai1,29.43891,28.01494,28.91784,28.91784,29.46428,29.69271,29.22301,29.46428
Pvalb,30.08043,29.59618,29.22807,29.59618,21.67288,22.63956,20.89252,21.67288
Capzb,31.26975,30.31527,30.77242,30.77242,29.70968,29.81369,29.562,29.70968
Cbr1,30.92373,29.84737,30.07992,30.07992,30.72102,30.5837,30.43231,30.5837
Pabpc1,30.7769,30.0185,29.74468,30.0185,29.64727,29.69853,29.34898,29.64727
Pafah1b1,30.33213,29.57705,29.70733,29.70733,30.4715,30.58271,30.1332,30.4715
Camk2a,,,,,26.36908,25.42861,25.60464,25.60464
Epb4.1l1,25.85621,24.75231,24.348,24.75231,28.58949,28.46533,28.15668,28.46533
Dnajc6,19.63408,21.17737,21.61045,21.17737,26.86738,27.34984,26.47754,26.86738
Cndp2,30.35174,29.72231,29.57353,29.72231,28.26464,27.94033,27.94101,27.94101
Vat1l,24.95708,25.05337,24.07561,24.95708,27.80489,27.486,26.99766,27.486
Ap1b1,28.28021,28.62711,26.66384,28.28021,27.04698,27.25205,26.90644,27.04698
Phb2,31.08651,30.46577,30.49448,30.49448,30.67346,30.45728,30.47663,30.47663
Nbea,24.18026,24.77711,24.76906,24.76906,28.60106,28.75274,28.3295,28.60106
Slc17a7,20.86876,20.10162,,20.48519,23.91707,23.34854,24.04918,23.91707
Dlst,31.37223,29.94782,29.41224,29.94782,29.31462,29.10415,29.18412,29.18412
Rtn3,26.75506,26.67775,26.79971,26.75506,27.67896,27.62533,27.3682,27.62533
Csnk2a1,29.88619,29.57807,29.55028,29.57807,30.52664,30.40598,30.45032,30.45032
Phyhipl,29.50213,28.7406,28.37956,28.7406,28.70283,28.99167,28.65458,28.70283
Ndufa8,30.79436,29.9327,30.16902,30.16902,29.9467,29.53875,30.00531,29.9467
Letm1,29.30387,28.37015,27.47297,28.37015,28.4969,28.46774,28.22343,28.46774
Ppa1,31.21164,30.39376,30.62558,30.62558,30.45679,30.44589,30.13001,30.44589
Aars,30.51597,29.50866,29.78966,29.78966,29.81003,29.84476,29.50232,29.81003
Ndufa13,30.56275,29.42458,29.41877,29.42458,29.6442,29.57199,29.02586,29.57199
Ahcyl1,30.32742,29.29531,29.30369,29.30369,28.17355,28.39791,27.87713,28.17355
Lap3,30.48683,29.71321,29.64948,29.71321,27.76636,27.66397,27.46941,27.66397
Ube2n,31.40146,30.75629,30.58244,30.75629,30.10312,30.15919,29.8429,30.10312
Baiap2,26.30346,24.93319,26.16559,26.16559,25.95247,25.89041,25.37282,25.89041
Nap1l1,30.76327,30.95518,30.05853,30.76327,30.50701,30.53353,30.24683,30.50701
Pdxk,30.55326,30.10537,30.20944,30.20944,29.45097,29.13641,28.94089,29.13641
Sv2b,19.73298,19.49997,20.30486,19.73298,24.13053,25.35188,25.08586,25.08586
Vamp2,31.0848,29.58334,29.73383,29.73383,31.53936,31.70545,31.48121,31.53936
Nptn,28.80544,28.35119,28.53897,28.53897,29.43575,29.20867,28.9213,29.20867
Pak1,28.2089,27.98853,27.8183,27.98853,28.56515,28.61765,28.29999,28.56515
Rab7a,31.79068,30.75494,30.8365,30.8365,30.68754,30.66119,30.17081,30.66119
Ppp3r1,30.28813,29.42037,29.28694,29.42037,30.9016,30.85735,30.71563,30.85735
Atp1b3,29.51461,29.05056,29.41165,29.41165,28.65407,28.50775,28.23343,28.50775
Cyc1,29.9488,28.96102,28.73399,28.96102,30.10375,30.01412,29.8481,30.01412
Ehd1,29.91471,29.35936,29.1887,29.35936,29.47104,29.39856,29.2791,29.39856
Tmod2,29.57304,28.11501,28.2687,28.2687,28.64808,28.62467,28.39149,28.62467
Rpl23a,33.1808,32.15536,32.33557,32.33557,30.08499,29.96513,30.04336,30.04336
Ndufa4,31.01797,30.39968,30.10537,30.39968,30.66653,30.71522,30.09283,30.66653
Gad2,18.66969,19.49755,22.06026,19.49755,26.59705,26.51637,26.39526,26.51637
Mpp2,24.12171,24.42995,23.45563,24.12171,27.08801,26.94659,26.71057,26.94659
Efhd2,31.69482,31.12139,30.79947,31.12139,26.95138,26.23929,26.04568,26.23929
Napg,28.7991,27.30304,27.28295,27.30304,28.63537,28.46225,28.19498,28.46225
Idh1,31.37322,30.55554,30.63521,30.63521,31.20694,31.03013,30.81902,31.03013
Sfpq,30.14698,29.51458,29.37374,29.51458,30.17331,29.89286,29.95671,29.95671
Aldh1a1,25.32817,24.36673,24.94074,24.94074,25.24311,24.97889,24.58961,24.97889
Aqp4,27.02981,26.76989,25.80331,26.76989,23.55075,22.14358,17.72959,22.14358
Etfa,32.64091,31.54278,31.42337,31.54278,29.83068,29.5904,29.37977,29.5904
Syne1,25.46314,24.4197,23.98181,24.4197,23.35246,23.22219,23.4462,23.35246
Rpn1,30.0414,29.41534,29.57523,29.57523,29.79467,29.85712,29.58733,29.79467
Gstm5,30.36901,30.11061,30.18056,30.18056,28.57149,28.42974,27.93871,28.42974
Atp5i,32.04876,30.15473,30.68754,30.68754,31.13742,31.50644,31.12977,31.13742
Rab11b;Rab11a,30.41003,29.95394,29.92988,29.95394,30.67733,30.40923,30.38844,30.40923
Tpp2,28.04156,27.2922,27.43141,27.43141,28.3919,28.42966,27.82432,28.3919
Sncb,23.17579,23.09413,,23.13496,30.05232,29.8441,29.29879,29.8441
Ndufb10,30.01385,29.64612,28.98983,29.64612,29.38113,29.24229,29.20308,29.24229
Pgrmc1,31.11558,30.494,29.85862,30.494,31.86846,31.44855,31.64392,31.64392
Ddx39b,30.51916,30.54784,30.39948,30.51916,30.32571,30.42092,30.19648,30.32571
Sv2a,24.62489,25.66101,23.41661,24.62489,28.17026,28.17451,27.73117,28.17026
Lrp1,27.93478,27.10579,26.88075,27.10579,26.82772,26.97804,26.42167,26.82772
Rps3,31.49529,30.88656,30.95296,30.95296,31.31111,31.31003,31.04915,31.31003
Psap,29.87817,29.50201,29.28793,29.50201,28.94349,29.1776,28.69388,28.94349
Mapre2,28.69955,27.79303,28.28493,28.28493,30.25811,29.91826,30.05155,30.05155
Psmc3,30.25259,29.47466,29.4147,29.47466,29.75774,29.77798,29.33362,29.75774
Nipsnap1,28.88623,27.65717,27.70028,27.70028,30.35699,30.1343,29.72394,30.1343
Ryr2,22.08703,18.87628,19.6048,19.6048,22.09841,21.72484,22.79513,22.09841
Pfkl,29.12992,29.0135,28.76844,29.0135,28.69574,28.57845,28.21951,28.57845
2010300C02Rik,28.71748,27.66078,28.02586,28.02586,25.64221,26.19434,25.55397,25.64221
Sh3glb2,27.53571,27.3746,26.16056,27.3746,27.92581,27.85579,27.39051,27.85579
Kif5b,30.18789,29.30093,29.30895,29.30895,29.33826,29.02506,29.04158,29.04158
Tln1,30.70528,29.5749,29.37962,29.5749,24.07725,24.46775,23.8768,24.07725
Sars,29.71358,29.30042,29.18903,29.30042,28.91177,28.9469,28.25584,28.91177
Rpsa,32.43293,31.93839,32.12025,32.12025,31.47349,31.5997,31.21083,31.47349
Ncam2,23.8446,23.42458,23.88157,23.8446,27.07551,26.97147,27.02443,27.02443
Ndufs4,29.51657,28.71253,28.71699,28.71699,28.43909,27.22702,27.89758,27.89758
Actg1,26.96873,29.28641,30.06689,29.28641,30.17593,29.99105,29.97131,29.99105
Sptb,21.39713,21.87098,20.71557,21.39713,21.69281,21.37178,20.84789,21.37178
Ndufv2,30.38977,29.37801,29.63445,29.63445,28.95096,29.03944,28.88815,28.95096
Ptprz1,28.27467,27.81397,28.11719,28.11719,23.22089,23.0124,22.46119,23.0124
Lmna,32.28582,31.641,31.67017,31.67017,25.65706,25.79519,25.77784,25.77784
Gnb2l1,31.81027,31.1351,31.29209,31.29209,30.52953,30.83733,30.45797,30.52953
Hspe1,32.83421,32.16669,32.36937,32.36937,31.08442,30.64804,30.08246,30.64804
St13,31.96602,31.54388,31.69715,31.69715,30.07061,30.02446,29.85938,30.02446
9/4/2015 0:00,26.52603,26.22883,26.2558,26.2558,21.4247,22.97488,20.12174,21.4247
Slc25a11,30.63132,29.46587,29.61068,29.61068,30.39999,30.05685,29.59612,30.05685
Hdgf,31.02261,30.53371,30.35448,30.53371,28.51552,28.04895,27.4438,28.04895
Psmd2,29.37749,28.59078,28.9194,28.9194,29.35767,29.1525,29.10237,29.1525
Rplp2,33.48939,33.00368,32.98041,33.00368,32.22018,31.96237,31.29789,31.96237
Map1lc3a,29.9407,29.27879,29.09184,29.27879,31.14449,31.13388,31.45297,31.14449
Aak1,28.16447,26.60696,26.30852,26.60696,26.47232,26.76192,26.36434,26.47232
Sfxn3,31.27891,29.80099,29.80888,29.80888,29.68796,29.65547,29.47414,29.65547
Ank1,21.69243,19.79405,19.29264,19.79405,23.03594,22.21312,22.05298,22.21312
Cse1l,28.09058,27.09134,26.89099,27.09134,27.60675,27.75545,27.25169,27.60675
Cotl1,32.43094,31.88533,32.18666,32.18666,30.2793,30.25642,29.99631,30.25642
Cbx3,30.94503,29.88029,30.24909,30.24909,30.67202,30.44134,30.4008,30.44134
Thy1,29.45554,27.79569,28.1704,28.1704,30.16615,30.13406,29.63888,30.13406
Sdhb,30.52421,29.96458,29.8323,29.96458,29.70803,29.71712,29.2595,29.70803
Skp1,31.54839,30.9789,30.91271,30.9789,29.2695,29.08342,28.77065,29.08342
Ctnnb1,30.54158,29.63717,29.00587,29.63717,28.62174,28.60442,28.21665,28.60442
Ctbp1,28.64365,27.52021,27.64609,27.64609,29.05282,28.99591,28.6231,28.99591
Klc1,28.2907,27.2589,27.50241,27.50241,29.27919,29.25302,28.86561,29.25302
Pcmt1,29.75951,28.65837,27.58219,28.65837,28.26696,28.17731,27.92332,28.17731
Hadhb,31.73489,31.10143,30.78207,31.10143,27.58728,27.32852,26.79662,27.32852
Shank1,19.93387,17.54736,18.93119,18.93119,23.49351,23.6796,23.02513,23.49351
Pafah1b2,30.66822,29.57295,29.92054,29.92054,31.64684,31.45601,30.58656,31.45601
Ap3b2,25.49463,24.64576,23.90775,24.64576,28.93069,28.79011,28.45901,28.79011
Psmd11,30.81818,30.12952,29.62827,30.12952,30.00397,29.7764,29.63594,29.7764
Psma5,31.44633,30.93495,30.99341,30.99341,30.55928,30.4961,30.21697,30.4961
L1cam,22.04053,19.41599,18.88878,19.41599,28.29737,28.23165,28.02163,28.23165
Msn,33.52286,32.92905,32.91869,32.92905,27.14161,27.04999,26.85472,27.04999
Ddx3y,28.91772,28.69936,28.65693,28.69936,29.06951,29.15354,28.94416,29.06951
Tomm70a,28.69614,27.87959,27.54731,27.87959,28.85165,28.85264,28.56808,28.85165
Coro1a,29.33682,28.4313,28.33091,28.4313,29.10767,29.04794,28.94134,29.04794
Nrcam,26.12723,25.97993,26.24169,26.12723,25.50516,25.46939,25.31212,25.46939
Acat2,29.85893,29.04921,28.67798,29.04921,31.17397,31.02888,30.47237,31.02888
Dst,26.87608,25.97649,25.79947,25.97649,23.74725,23.719,23.37729,23.719
Ptma,34.49244,34.11458,33.91643,34.11458,30.94852,30.16279,30.46334,30.46334
Rps8,32.69775,32.32294,32.37576,32.37576,31.60933,31.44884,31.42472,31.44884
Gm20431;Ube2v1,30.86112,29.86043,29.83509,29.86043,29.42538,29.26848,29.28434,29.28434
Ncald,27.38055,25.56741,25.52256,25.56741,29.06196,28.84709,28.59089,28.84709
Uchl3,29.77428,28.97221,29.27184,29.27184,29.74044,29.63256,29.39909,29.63256
Ctsd,32.71604,31.47465,31.04309,31.47465,29.17436,29.15784,28.86458,29.15784
Camkv,21.20598,18.41245,18.30786,18.41245,29.3956,29.42742,28.92241,29.3956
Atp2b3,25.25551,24.3364,24.36993,24.36993,25.48815,25.44664,25.06044,25.44664
Psmc4,29.48043,29.27917,29.17269,29.27917,29.19312,29.27473,29.08912,29.19312
Gdap1l1,24.46201,24.37299,24.42995,24.42995,29.47719,29.12337,28.99696,29.12337
Flna,32.82994,32.18577,32.17385,32.18577,26.36663,26.20475,25.7465,26.20475
Fam49b,29.44794,28.53519,28.18881,28.53519,29.47433,29.3937,29.17859,29.3937
Akap5,24.04968,20.87553,22.99433,22.99433,26.80427,26.22714,26.20857,26.22714
Eif3a,28.92122,28.52414,28.47981,28.52414,28.31734,28.37948,28.26414,28.31734
Aldh6a1,31.78109,30.91257,30.46344,30.91257,27.83135,27.4255,27.3304,27.4255
Dnaja2,28.65096,28.22578,28.28167,28.28167,28.49819,28.60869,28.48439,28.49819
Atp5l,30.7066,28.91926,29.8158,29.8158,30.36703,31.37865,29.95518,30.36703
Arpc5,31.34287,30.00598,29.98046,30.00598,29.88597,29.83287,29.7466,29.83287
Dhx9,28.75379,28.2544,28.10044,28.2544,29.46494,29.46151,29.2602,29.46151
Cox6c,30.0898,27.97246,28.75165,28.75165,28.87742,29.85902,28.70487,28.87742
Anp32a,31.5162,31.4485,31.22717,31.4485,30.8467,30.77949,30.45317,30.77949
Hpcal4,21.68812,22.66449,18.69741,21.68812,28.34308,27.96262,27.45568,27.96262
Hnrnpd,31.99607,31.07795,31.36343,31.36343,30.4827,30.37161,30.38463,30.38463
Wars,31.11719,30.76833,30.999,30.999,28.76218,28.72166,28.71882,28.72166
Prkacb,28.20737,28.01281,27.88675,28.01281,29.99968,30.00919,29.63428,29.99968
Glod4,32.21373,31.71657,31.8197,31.8197,28.78669,28.4261,28.15025,28.4261
Cacna2d1,23.99671,21.67874,23.03002,23.03002,28.35926,28.40726,28.11739,28.35926
Syt2,,21.44708,21.83642,21.64175,22.2515,22.2207,19.77277,22.2207
Osbpl1a,26.05544,25.17577,24.83461,25.17577,26.45359,26.56605,26.12228,26.45359
Cap2,27.64051,26.849,26.00894,26.849,24.7144,24.87984,24.66427,24.7144
Hnrnpa0,29.63483,29.74214,29.48401,29.63483,30.29417,30.41246,30.51831,30.41246
Lta4h,30.14953,29.31023,29.28914,29.31023,27.2674,27.09225,26.89504,27.09225
Trio,24.03942,23.22908,23.08481,23.22908,27.44419,27.34249,26.93607,27.34249
Gria2,22.25724,21.50359,20.73265,21.50359,28.18054,28.15117,27.78126,28.15117
Ganab,29.16104,28.80474,28.6726,28.80474,28.70144,28.59028,28.13472,28.59028
Dync1li1,28.5527,28.14613,27.85246,28.14613,29.83864,29.6688,29.44415,29.6688
Ppp2r2a,29.08801,27.61407,27.91747,27.91747,29.16892,28.92306,28.68522,28.92306
Hyou1,30.18719,29.46053,29.73676,29.73676,28.52399,28.37741,28.09315,28.37741
Cab39,28.26937,27.31441,27.20182,27.31441,28.25854,28.11714,27.81482,28.11714
Hnrnpm,30.66839,29.92295,29.74484,29.92295,29.43126,29.57949,29.34526,29.43126
Ube2l3,31.27209,31.01019,30.76446,31.01019,29.31344,29.53001,29.11508,29.31344
Ppp1r11,32.01451,31.57745,31.22803,31.57745,29.56573,29.39147,29.02797,29.39147
Leprel1,23.99964,25.02779,26.62909,25.02779,18.44964,25.45814,18.68497,18.68497
Scrn1,30.21013,29.84172,29.57696,29.84172,29.4702,29.39528,28.98041,29.39528
Ap3d1,27.76477,27.0701,26.82092,27.0701,28.65096,28.95135,28.31683,28.65096
Tln2,29.00611,27.70332,27.47243,27.70332,24.91762,24.88362,24.20859,24.88362
Rab5c,31.26986,30.56711,30.81749,30.81749,30.51333,30.59379,30.14625,30.51333
Pdia6,32.08208,31.41639,31.50687,31.50687,29.86611,29.75567,29.29931,29.75567
Snd1,29.25178,28.74874,28.80002,28.80002,28.53986,28.4283,28.18192,28.4283
Prep,29.47141,28.616,28.9198,28.9198,28.85884,28.96061,28.67398,28.85884
Lonp1,30.8595,30.01824,29.89283,30.01824,28.97016,28.68207,28.31212,28.68207
Hnrnpc,30.82464,30.63755,30.64263,30.64263,29.36653,29.49534,29.30291,29.36653
Rock2,28.1947,27.31121,27.29527,27.31121,25.7683,25.76694,25.66481,25.76694
Cntnap1,18.30679,20.06131,22.0457,20.06131,22.42345,23.35622,21.8044,22.42345
Cox6a1,,,,,28.84455,28.43372,26.53875,28.43372
Arpc4,31.34393,30.27675,30.70734,30.70734,30.90512,31.23244,30.63729,30.90512
Gphn,26.28364,26.08343,26.14884,26.14884,27.65588,27.58276,27.30008,27.58276
S100b,25.95516,25.21011,22.48532,25.21011,23.78297,26.22138,22.91401,23.78297
Acsl6,27.7898,25.96794,26.29918,26.29918,26.78132,26.82104,26.25863,26.78132
Ipo5,28.98226,28.34896,28.11808,28.34896,28.71358,28.80301,28.3871,28.71358
Usp9x,27.63235,26.48628,26.19383,26.48628,27.57058,27.57319,27.31095,27.57058
Myo18a,27.86897,26.80821,26.58463,26.80821,27.29413,27.17826,27.34849,27.29413
Usp48,28.27755,28.65349,28.14258,28.27755,26.39275,26.27492,26.35042,26.35042
Ppid,30.23226,29.38455,29.47588,29.47588,28.71214,29.00459,28.58398,28.71214
Ndufa12,29.46616,28.67172,28.41232,28.67172,28.84607,28.76926,28.62115,28.76926
Rab6a,31.33916,30.83628,30.66034,30.83628,31.60814,31.34064,31.20839,31.34064
Taldo1,31.21414,30.85013,30.97357,30.97357,28.40418,28.68248,28.44581,28.44581
Hist1h1e,34.26745,33.56853,33.71814,33.71814,32.42019,31.90767,32.00825,32.00825
Eprs,30.33565,29.4102,29.68495,29.68495,28.01547,28.11431,27.62282,28.01547
Uqcrq,26.58964,26.37523,26.63243,26.58964,29.58601,30.02459,29.84627,29.84627
Atl1,25.92579,24.0982,23.24054,24.0982,28.45721,28.39485,28.11153,28.39485
Ddb1,28.99426,28.48366,28.6035,28.6035,27.71313,27.61435,27.06989,27.61435
,27.29938,26.38182,25.54948,26.38182,23.10217,22.51152,21.44799,22.51152
Grb2,29.16082,28.20844,28.20032,28.20844,28.7025,28.62401,28.36194,28.62401
Akr1a1,30.2992,29.46346,29.61518,29.61518,29.08487,29.2483,28.698,29.08487
Hmgb1,33.08455,32.91167,32.81562,32.91167,31.54139,31.61864,31.39243,31.54139
Copa,29.31064,28.64636,28.47336,28.64636,28.37455,28.3857,28.09879,28.37455
Prkar2a,28.46482,27.8211,27.36978,27.8211,28.29189,28.22908,28.15122,28.22908
Gpd1,28.55673,27.8405,27.68819,27.8405,27.23954,27.12119,26.14328,27.12119
Eif5a,31.78094,31.10187,31.48644,31.48644,30.75597,30.99213,30.41448,30.75597
Mtch2,30.95685,29.45515,29.61307,29.61307,29.40724,29.46552,28.97585,29.40724
Psmd3,29.61824,28.91208,29.36355,29.36355,29.49083,29.50389,29.18253,29.49083
Ckap5,28.56096,27.46801,27.22057,27.46801,27.74304,27.6654,27.21234,27.6654
Rpl17,31.18807,31.07093,31.14449,31.14449,31.16201,31.31678,31.25023,31.25023
Cox6b1,30.91099,29.89468,29.60645,29.89468,29.37215,29.98658,29.18825,29.37215
Psat1,32.35789,31.54019,31.48836,31.54019,30.07572,30.02749,29.3521,30.02749
Sirpa,27.12583,25.7559,25.18086,25.7559,27.02749,26.58262,26.04614,26.58262
Map4,32.12226,31.12386,31.0185,31.12386,27.38088,27.0803,27.03999,27.0803
Iars2,29.2854,28.12297,28.17541,28.17541,27.52156,27.44798,27.08952,27.44798
Myl12b,32.33031,32.00601,31.86541,32.00601,29.35473,29.12709,28.87065,29.12709
Rps3a,31.34874,30.63053,31.03826,31.03826,30.35437,30.70463,30.106,30.35437
Ank3,22.86335,22.29331,22.28554,22.29331,25.77693,25.73162,25.32766,25.73162
Kiaa0513;6430548M08Rik,25.01691,23.02315,23.52385,23.52385,27.53252,26.64581,26.66234,26.66234
9/6/2015 0:00,26.05515,25.14934,25.19569,25.19569,28.89392,29.05486,28.61684,28.89392
Stmn1,30.1152,29.27458,29.38251,29.38251,30.87855,31.134,31.25062,31.134
Trim28,29.50412,28.63402,28.68642,28.68642,30.07112,29.8142,29.5403,29.8142
Pde2a,22.15091,21.92361,21.47729,21.92361,26.83461,26.95759,26.62031,26.83461
Gars,29.47607,29.28012,29.60724,29.47607,29.72748,29.8356,29.66046,29.72748
Homer1,24.09458,23.5128,23.15331,23.5128,27.36503,26.91171,26.53918,26.91171
Kif5c,25.45698,24.63434,24.48922,24.63434,29.543,29.52507,29.20494,29.52507
Pcbp2,30.80008,30.35616,29.93579,30.35616,29.65364,29.93537,29.31199,29.65364
Actn2,21.68629,18.9138,,20.300045,22.98019,22.3909,20.76806,22.3909
Idh2,33.90113,32.71188,32.65055,32.71188,29.7473,29.6483,29.26667,29.6483
Ogt,27.37584,26.98783,26.72221,26.98783,27.89781,28.18154,27.63132,27.89781
Samm50,28.67411,27.70741,27.82104,27.82104,28.0723,28.08451,28.22578,28.08451
Usp7,26.53422,26.3782,26.36077,26.3782,27.03423,27.13555,26.66641,27.03423
Gmps,27.77392,27.46607,27.06815,27.46607,28.47309,28.34418,27.9948,28.34418
Kiaa1671,29.49328,27.45482,28.00897,28.00897,26.91559,27.5526,27.00207,27.00207
Nsfl1c,31.06381,30.42252,30.36578,30.42252,28.53326,28.17083,28.06379,28.17083
Mapre3,27.96549,27.06003,26.42307,27.06003,28.74108,28.45674,27.93275,28.45674
C1qbp,30.79769,30.25045,30.07674,30.25045,30.40396,30.19894,29.62188,30.19894
Gsn,30.81245,29.54639,29.77417,29.77417,25.58698,25.43043,25.39129,25.43043
Akap12,31.19349,30.12102,29.73494,30.12102,25.16668,24.48763,24.62411,24.62411
Cisd1,31.90132,30.62209,30.69412,30.69412,30.55463,30.48606,30.2762,30.48606
Dync1i2,30.19366,29.15233,29.24332,29.24332,29.35574,29.49888,29.07437,29.35574
Acsbg1,29.55961,28.10059,27.99884,28.10059,26.6764,26.80095,26.52965,26.6764
Syncrip,29.94866,29.24742,29.09971,29.24742,29.0853,29.06412,28.90271,29.06412
Csnk2a2,27.86538,27.36135,27.16988,27.36135,28.57467,28.75672,28.37061,28.57467
Pgm2l1,22.09861,21.38395,23.80607,22.09861,27.89689,27.76167,27.64671,27.76167
Myh14,30.05181,29.05253,28.81397,29.05253,22.98631,22.67855,22.62908,22.67855
Hprt1,28.60781,27.94005,28.50768,28.50768,29.39981,28.85531,28.6814,28.85531
Cd47,28.26137,27.35229,26.96587,27.35229,28.67707,28.33799,28.30029,28.33799
Ahsa1,29.04591,28.61108,28.72991,28.72991,29.19108,29.08195,28.68325,29.08195
Dlg1,29.18504,28.21595,28.28361,28.28361,25.02026,24.68282,24.16722,24.68282
Cacybp,30.3687,29.9238,29.95435,29.95435,29.40268,29.45819,29.43119,29.43119
Add3,30.79056,29.72579,29.58689,29.72579,26.42549,26.00986,25.59901,26.00986
Dars,30.35489,30.00102,29.83718,30.00102,29.21796,29.10144,28.81546,29.10144
Cox5b,32.1135,30.77321,30.82312,30.82312,29.86149,29.58047,29.70494,29.70494
Prps1;Prps1l3,30.7823,29.74561,29.77266,29.77266,29.47758,29.8854,29.30396,29.47758
Cfl2,28.7145,29.12588,29.02033,29.02033,28.7835,28.69588,28.48405,28.69588
Ppp5c,28.72495,27.46459,28.28428,28.28428,28.28965,28.01329,27.89406,28.01329
Lsamp,25.65619,24.369,24.40198,24.40198,29.2564,29.04189,28.59925,29.04189
G6pdx,29.79732,29.17412,28.9236,29.17412,28.48953,28.45525,28.09336,28.45525
Mpp6,31.127,29.151,29.04607,29.151,26.68806,26.9901,26.62324,26.68806
Wdr7,25.18646,23.98954,24.29004,24.29004,27.40381,27.63547,27.2179,27.40381
Fkbp1a,32.52498,31.84397,32.17251,32.17251,30.98536,31.29302,30.31236,30.98536
Arpc5l,29.81245,29.26233,28.97172,29.26233,28.00314,28.05098,27.9684,28.00314
Psmc6,30.40639,29.29715,29.59458,29.59458,29.94196,29.80447,29.35557,29.80447
Asrgl1,31.5662,30.58933,30.24593,30.58933,27.25692,27.32826,26.89273,27.25692
Eif4a2,29.89487,28.83753,29.02142,29.02142,28.74942,28.94246,27.93927,28.74942
Pura,31.70273,31.01525,31.02155,31.02155,28.93244,29.16171,28.70951,28.93244
Psip1,29.46607,28.74525,29.10669,29.10669,28.37061,28.14389,28.23635,28.23635
Atp5j2,30.05569,30.30954,30.62183,30.30954,31.08106,31.7937,31.22561,31.22561
Hnrnpul2,29.06175,28.24045,27.96505,28.24045,29.27164,29.24075,29.02673,29.24075
Cmpk1,29.85415,29.05419,29.34587,29.34587,29.77861,30.00504,29.79338,29.79338
Eif1,31.59054,30.39223,30.59735,30.59735,28.8752,29.20074,29.34801,29.20074
Psmd6,29.68134,28.66882,28.4567,28.66882,29.53412,29.46764,29.17688,29.46764
Gnas,30.29537,29.17641,29.0775,29.17641,29.38185,29.25613,28.90104,29.25613
Sptbn4,24.68175,24.2322,24.31886,24.31886,24.60201,24.56197,23.73397,24.56197
Itpa,29.98956,29.11835,29.37053,29.37053,30.19671,30.07495,29.85604,30.07495
Psmc2,29.81042,29.26662,29.58389,29.58389,29.26517,29.36399,28.95124,29.26517
Hsd17b10,32.03456,31.09402,30.95241,31.09402,30.17653,30.34668,29.89908,30.17653
Echs1,31.87419,31.28736,30.94705,31.28736,29.60615,29.67795,29.04383,29.60615
Lasp1,32.05766,31.27864,31.50687,31.50687,28.47962,28.3724,27.89626,28.3724
Blmh,29.33675,28.86432,28.80073,28.86432,28.62101,28.65287,27.97689,28.62101
Psma6,31.07457,29.79619,30.51296,30.51296,29.40576,29.46842,28.88687,29.40576
Cops2,29.62821,28.96802,28.97552,28.97552,28.34702,28.14788,28.24676,28.24676
Ndufc2,27.30548,27.00507,27.18064,27.18064,27.79841,28.67765,28.11018,28.11018
Shank3,23.6102,22.37401,24.3672,23.6102,21.13276,21.07261,20.31683,21.07261
Vat1,31.36401,30.61868,30.54573,30.61868,29.84214,29.67832,29.13594,29.67832
Vcl,31.63001,30.63114,30.53213,30.63114,25.13544,25.06948,24.7124,25.06948
Set,31.49009,30.90505,31.05278,31.05278,28.99321,28.67637,29.12591,28.99321
Apoe,31.34064,30.42312,30.20443,30.42312,30.5495,30.67422,30.41266,30.5495
Sgip1,22.39702,23.27966,22.91949,22.91949,26.00541,25.77871,25.62687,25.77871
G3bp2,28.79368,28.06533,27.91079,28.06533,28.96174,28.81806,28.51938,28.81806
Nono,30.47952,29.96099,29.35252,29.96099,30.27197,30.25968,30.13308,30.25968
Atp6v1d,27.59049,27.06445,27.32397,27.32397,28.47297,28.38385,27.90139,28.38385
Rtcb,30.67506,30.06856,30.07406,30.07406,29.27779,29.12815,29.022,29.12815
Strap,30.19108,29.42204,29.56654,29.56654,29.70113,29.17446,29.34526,29.34526
Rtn1,24.22964,23.54793,22.61643,23.54793,30.06227,30.77831,30.55846,30.55846
Tubb2a,29.49232,28.77584,28.53575,28.77584,30.16651,30.12065,29.89879,30.12065
Pkm,29.94,29.70955,29.19707,29.70955,28.61894,28.51837,27.75219,28.51837
Mapre1,31.61443,30.71252,30.5299,30.71252,29.84464,30.1278,29.69028,29.84464
Hnrnph1,29.76292,28.74477,28.9559,28.9559,30.41094,30.5819,30.31062,30.41094
Ggt7,26.70491,26.46742,26.08158,26.46742,28.05569,27.20219,26.64554,27.20219
Vapa,30.30596,29.84455,30.26539,30.26539,29.96609,29.99752,29.98346,29.98346
Clta,29.6126,29.03076,28.46022,29.03076,29.91071,29.60599,28.88881,29.60599
Psmd1,29.72302,29.19674,28.96251,29.19674,29.21426,29.31713,28.86139,29.21426
Me1,30.30976,29.72615,29.38445,29.72615,27.34155,26.88169,26.64691,26.88169
Khdrbs1,30.54121,30.12139,31.27642,30.54121,30.19835,30.07368,29.94615,30.07368
Cnrip1,29.19268,28.05579,28.48808,28.48808,30.12115,30.17807,29.99914,30.12115
Phgdh,32.17772,31.71461,31.67611,31.71461,29.54639,29.47661,29.18293,29.47661
Actbl2,31.50157,25.08756,31.0843,31.0843,23.4706,23.66123,22.62914,23.4706
Syp,25.89601,24.35824,23.87014,24.35824,30.00892,30.24411,29.5979,30.00892
Pea15;Pea15a,32.16324,31.57339,30.91478,31.57339,29.58536,29.38435,29.33368,29.38435
Npm1;Gm5611,31.48563,31.01132,31.06285,31.06285,30.57741,30.80162,30.54637,30.57741
Atp6v1g2,20.79281,24.73562,24.39898,24.39898,29.04448,29.34117,29.05597,29.05597
Trim2,27.68525,27.08436,27.24472,27.24472,28.96378,29.01916,28.61147,28.96378
Nars,30.13919,29.92663,29.99914,29.99914,30.36963,30.57975,29.98332,30.36963
Aldh7a1,30.8464,29.70037,29.7618,29.7618,26.68057,26.30751,26.00217,26.30751
Eif4g1,28.55153,27.8068,27.92581,27.92581,26.78057,26.80304,26.46056,26.78057
Pcca,29.98699,29.2742,28.84008,29.2742,27.64258,27.56151,27.10829,27.56151
Slc25a22,27.8487,26.6133,26.55224,26.6133,29.38274,29.59108,29.10162,29.38274
Phyhip,21.91298,21.26962,22.24377,21.91298,26.14729,26.19524,25.25523,26.14729
Erlin2,31.25118,29.9955,29.71496,29.9955,29.06371,28.96631,28.76992,28.96631
Pdxp,25.19637,24.60975,24.95403,24.95403,28.36026,28.19315,27.57845,28.19315
Slc8a2,24.79273,24.54215,22.58692,24.54215,26.28544,26.06322,25.93333,26.06322
Ddx1,29.49112,28.93941,28.87124,28.93941,28.93236,28.91684,28.39652,28.91684
Rpl6,31.91958,31.28868,31.44973,31.44973,30.67506,30.52589,30.73441,30.67506
Ermn,,18.84992,,18.84992,,,,
Psmc5,29.85004,29.28069,29.54628,29.54628,29.92903,29.85457,29.58783,29.85457
Ahnak,31.12712,29.79746,29.84056,29.84056,22.15277,21.36608,21.55117,21.55117
Pi4ka,25.47673,24.41254,24.06176,24.41254,24.71419,25.24187,24.6397,24.71419
ptplad1,28.81849,28.19873,27.9391,28.19873,29.74195,29.34942,29.10417,29.34942
Stxbp1,19.61421,,20.03912,19.826665,26.28946,26.65867,25.41345,26.28946
Dnm1,,,14.28345,14.28345,25.14934,25.16791,24.95469,25.14934
Ap2s1,29.58163,28.97169,28.6441,28.97169,29.70218,29.68614,29.44281,29.68614
Ehd3,25.93274,25.22486,25.15108,25.22486,25.94329,25.54363,25.86868,25.86868
Kif21a,25.91249,24.60518,25.03653,25.03653,26.50747,26.68271,26.03618,26.50747
Rpl9,30.63755,29.4735,29.47437,29.47437,30.84528,31.03006,30.4826,30.84528
Rpl4,31.98746,31.35126,31.36469,31.36469,31.27142,31.52402,31.04583,31.27142
Oat,32.23126,31.88205,31.50043,31.88205,29.82731,29.61674,29.29645,29.61674
Yars,29.97487,29.25739,29.59215,29.59215,29.1438,29.31881,28.82651,29.1438
Eps15l1,28.1036,27.03391,26.47195,27.03391,26.76749,26.4118,26.16762,26.4118
Rab1b,29.58447,29.12008,28.76661,29.12008,29.60703,29.61514,29.18886,29.60703
Suclg1,31.74979,30.36901,30.40983,30.40983,29.47208,29.83784,29.54898,29.54898
Pdcd6ip,29.73148,28.61943,28.09934,28.61943,27.37989,27.34647,26.85887,27.34647
Fkbp3,29.66228,29.50679,29.73266,29.66228,29.31229,28.98096,28.6237,28.98096
Iars,28.7024,28.14029,28.23713,28.23713,28.69826,28.67384,28.32517,28.67384
Nrxn1,23.5291,22.8885,22.93387,22.93387,27.12898,27.14938,26.74586,27.12898
Rplp0,32.4902,32.17638,31.74839,32.17638,30.85638,30.95394,30.77596,30.85638
Pip5k1c,25.39054,24.06948,23.43619,24.06948,26.88192,26.95382,26.0475,26.88192
Impa1,30.34329,29.5648,29.49854,29.5648,28.80178,28.75783,28.25435,28.75783
Pcbp1,31.78183,31.13547,30.83191,31.13547,30.04427,30.09911,29.95421,30.04427
Ppp1r9a,25.90564,25.2103,25.42278,25.42278,25.28648,25.15016,24.8226,25.15016
Palm,29.56912,28.74233,28.46591,28.74233,28.16658,28.0661,27.8052,28.0661
Ppfia3,24.36025,23.67638,23.6457,23.67638,27.87068,27.79879,27.65908,27.79879
Pdia4,32.00912,31.40111,31.61105,31.61105,28.16461,27.96306,27.62317,27.96306
Cdh13,25.82508,25.65976,25.10354,25.65976,28.81571,28.6489,28.33326,28.6489
Cltb,31.88169,30.66865,30.41961,30.66865,28.835,28.81589,28.87279,28.835
Tppp3,33.36228,32.67417,32.87948,32.87948,23.24725,24.32499,25.4684,24.32499
Nrxn3,20.54943,19.55523,19.74927,19.74927,26.32886,26.08886,25.99108,26.08886
Clasp2,27.43928,26.41456,26.57874,26.57874,27.22977,27.27506,26.71686,27.22977
Pip4k2b,27.65533,26.88623,26.74343,26.88623,28.93061,29.02123,28.83361,28.93061
Gad1,19.90464,19.24632,20.09042,19.90464,26.33404,26.16888,25.42499,26.16888
H1f0,33.62222,33.12028,33.03872,33.12028,31.57745,30.75326,30.79838,30.79838
Clip2,26.57744,25.24521,25.25922,25.25922,27.33151,27.10809,27.02981,27.10809
Epn1,28.86366,26.0041,26.51367,26.51367,27.42438,26.8028,26.99237,26.99237
Flot1,29.28908,28.61203,28.27489,28.61203,27.41788,27.66214,27.53297,27.53297
Scn2a1,20.746,20.14718,19.71783,20.14718,25.08221,25.03044,25.04993,25.04993
Akr1b1,31.35495,30.66306,30.31819,30.66306,29.07038,29.39391,28.74304,29.07038
Sirpa,27.9582,26.43234,26.35542,26.43234,25.38795,26.22527,24.9322,25.38795
Actr1a,29.52395,28.89035,28.70869,28.89035,29.65118,29.42192,29.3699,29.42192
Cplx2,27.30191,27.03612,27.2535,27.2535,28.13863,28.86762,27.66919,28.13863
Rgs6,24.92827,24.27711,23.99835,24.27711,26.77906,27.0221,26.59847,26.77906
Txnl1,31.18199,29.91285,30.19636,30.19636,28.48247,28.50226,28.43416,28.48247
Sh3glb1,29.1291,28.24717,28.15798,28.24717,28.51024,28.35064,28.18158,28.35064
Snrnp200,27.49205,26.69962,26.74227,26.74227,27.54444,27.56202,27.10669,27.54444
Dbnl,29.43141,28.72384,28.54311,28.72384,28.1205,27.79079,27.53512,27.79079
Mgll,24.34848,24.20135,23.03344,24.20135,25.84254,26.2776,25.34001,25.84254
Fkbp4,29.10762,28.43905,28.64979,28.64979,29.29099,29.49783,29.09643,29.29099
Negr1,26.75557,25.12088,24.7417,25.12088,29.57863,29.29977,29.12709,29.29977
Acadl,32.14938,31.05511,31.137,31.137,27.69219,27.2871,27.1055,27.2871
Gucy1b3,23.27611,19.63621,22.29681,22.29681,28.34346,28.32655,27.83473,28.32655
Unc13a,21.5966,20.61737,21.51773,21.51773,25.07492,25.0701,24.32759,25.0701
Slc6a11,25.20967,25.70044,25.1118,25.20967,26.65554,26.60668,26.04539,26.60668
Nceh1,29.00584,27.95388,26.50747,27.95388,27.18669,26.4642,26.13669,26.4642
Cdc42,30.16674,29.80621,29.41187,29.80621,30.40842,30.48049,29.71633,30.40842
Fam213a,29.56819,28.87267,28.53712,28.87267,28.3509,28.05165,27.87256,28.05165
Psmd13,29.36146,28.79501,28.9391,28.9391,29.1895,29.36876,28.67263,29.1895
Wdr37,26.1564,26.42514,25.3644,26.1564,28.5733,28.81415,28.17083,28.5733
Rpn2,29.74705,28.65,28.3616,28.65,29.53866,29.62277,29.00169,29.53866
Ahcy,31.22567,30.26383,30.07788,30.26383,29.12719,28.95671,28.76689,28.95671
Eif4h,31.40755,30.39948,30.65889,30.65889,28.55047,28.26298,28.05066,28.26298
Fabp5,32.40865,31.50507,31.39074,31.50507,31.99419,32.24198,31.94949,31.99419
Gprin1,20.06868,21.68127,22.10693,21.68127,26.88693,26.81982,26.68003,26.81982
Xpo1,28.00731,26.99151,26.76142,26.99151,28.2006,28.42662,28.02306,28.2006
Atp5d,30.84633,31.10368,30.24456,30.84633,30.11719,30.07482,29.93916,30.07482
Prkca,27.72715,26.89145,26.82177,26.89145,28.4235,28.65222,27.99048,28.4235
Ctsb,32.08001,31.71608,31.17284,31.71608,28.30717,28.29417,28.05931,28.29417
Alcam,26.49718,25.28662,24.85591,25.28662,28.66255,28.55582,28.13443,28.55582
Ube2o,26.12191,25.00672,25.04281,25.04281,27.96047,28.03286,27.7128,27.96047
Ca8,22.1219,23.26671,20.70649,22.1219,20.78517,21.66596,17.32922,20.78517
Camk2d,29.23843,28.68281,28.71093,28.71093,27.01574,26.91923,26.84972,26.91923
Huwe1,26.37978,25.35773,25.49296,25.49296,26.49995,26.72845,26.28907,26.49995
Rpl5,32.33215,31.67905,31.65134,31.67905,31.24689,31.46207,31.16453,31.24689
Glo1,32.96375,32.47107,32.67179,32.67179,28.69109,28.69461,28.10219,28.69109
Wasf1,24.96248,22.05464,21.47586,22.05464,27.82171,27.67331,27.02052,27.67331
Acaa2,31.50909,30.51653,30.43321,30.51653,28.41659,28.08005,27.97869,28.08005
Mtmr12,21.89589,20.48954,19.84811,20.48954,19.92262,20.51826,19.13288,19.92262
Prepl,26.51358,25.4646,25.43635,25.4646,27.02633,26.8839,26.24898,26.8839
Mtnd1,24.50779,25.49048,23.21925,24.50779,28.58509,28.57178,27.84529,28.57178
Vps29,30.13907,29.68055,29.51906,29.68055,29.47185,29.72478,28.97443,29.47185
Alb,30.68929,29.44979,30.1776,30.1776,25.34864,25.6967,25.3097,25.34864
Abr,24.97058,24.43212,24.49589,24.49589,27.31734,27.30991,26.79402,27.30991
Slc2a1,30.78324,30.29625,30.23797,30.29625,25.77781,24.83644,23.73128,24.83644
Cadm1,28.57431,27.80434,28.27582,28.27582,26.84494,26.94156,26.20075,26.84494
Adap1,22.75574,22.78628,23.35743,22.78628,28.03538,28.4862,27.89597,28.03538
Rad23b,30.62026,29.71869,29.61435,29.71869,28.69548,28.52556,28.18532,28.52556
Myh11,24.58423,24.46451,24.61026,24.58423,23.34286,22.88718,23.5373,23.34286
9/2/2015 0:00,31.22596,31.10124,31.36802,31.22596,28.28635,27.95787,27.73169,27.95787
Rasal1,23.75287,18.10298,22.11687,22.11687,23.52492,23.07444,21.91769,23.07444
Rpl15;Gm10020,30.68804,30.52636,30.47315,30.52636,30.66008,30.73635,30.45787,30.66008
Eif2s1,30.02657,29.61101,29.14231,29.61101,29.05258,28.72997,28.57218,28.72997
Psma3,30.78433,30.13247,30.08639,30.13247,29.97227,29.59987,29.36227,29.59987
Dpp10,21.19646,17.55697,20.56514,20.56514,24.26234,24.50936,24.26112,24.26234
Psma1,30.39417,30.37772,30.36359,30.37772,29.27977,29.24086,29.02784,29.24086
Prkce,24.0611,23.62478,23.53148,23.62478,27.29369,27.53779,26.94101,27.29369
Cyb5r3,33.3727,32.36221,32.52711,32.52711,29.86437,29.70306,29.48051,29.70306
Cpne6,21.13151,24.91388,25.02471,24.91388,24.88567,24.69392,25.00372,24.88567
Ppp1r7,28.7267,28.58459,28.5674,28.58459,28.80523,28.50139,28.01207,28.50139
Rap1gap,20.48562,20.21833,18.01721,20.21833,25.84632,25.84938,25.61136,25.84632
Cask,28.02675,26.71555,26.58334,26.71555,28.37547,28.11818,27.86991,28.11818
Prkar1a,28.65721,28.81048,28.58828,28.65721,27.36753,27.2999,27.14014,27.2999
Eif3b,29.42994,28.90415,28.77838,28.90415,28.64928,28.61168,28.41893,28.61168
Gna11,28.85703,26.97574,28.00769,28.00769,29.47605,29.31229,28.80363,29.31229
Atxn10,29.28593,28.5372,28.09874,28.5372,28.66122,28.50574,28.05077,28.50574
Mthfd1,30.45278,29.36177,29.38772,29.38772,27.49274,27.46778,26.92863,27.46778
Cryab,29.72491,29.96513,30.04856,29.96513,21.96074,19.35389,16.85599,19.35389
Sacm1l,28.69036,28.08993,27.67808,28.08993,27.91125,27.86496,27.38014,27.86496
Rap2a,26.90139,27.12751,27.68992,27.12751,28.39481,28.19761,27.90627,28.19761
Pa2g4,30.61947,29.76151,29.74644,29.76151,29.48863,29.73681,29.23375,29.48863
Nudc,30.53018,30.50588,29.76311,30.50588,28.40337,28.05517,27.94576,28.05517
Crip2,32.86664,31.58942,31.89526,31.89526,30.25912,30.55252,30.29209,30.29209
Acta2;Actg2,28.91721,28.14458,27.60809,28.14458,21.16429,19.26405,15.62725,19.26405
Lgi1,,,16.57824,16.57824,24.63694,24.66752,24.27874,24.63694
Arpc3,30.42472,28.96146,29.58685,29.58685,29.98223,30.06664,29.80444,29.98223
Thop1,29.47991,28.82016,28.71735,28.82016,27.32389,27.24173,26.95027,27.24173
Enpp6,,21.09623,24.42137,22.7588,21.75882,17.97348,22.38745,21.75882
Dbt,28.86585,28.36403,27.89006,28.36403,27.25674,27.17245,26.81824,27.17245
Thrap3,27.83786,27.59114,27.59562,27.59562,27.40162,26.78057,26.80943,26.80943
Itsn1,27.1601,26.2617,26.17102,26.2617,26.7888,26.67465,26.47084,26.67465
Arhgap1,28.68836,27.95455,27.56347,27.95455,28.3198,28.23402,27.88977,28.23402
Vps13c,25.40285,24.24264,24.05383,24.24264,23.61605,23.33851,23.2617,23.33851
Map2k4,27.09275,26.64733,25.7445,26.64733,27.64251,27.72306,27.23462,27.64251
Rpl7,31.35946,30.63729,30.99914,30.99914,31.20548,31.05232,30.70619,31.05232
Prpf8,26.88204,26.50291,26.32771,26.50291,27.49358,27.58771,27.29877,27.49358
Mtor,26.36916,25.40617,25.0164,25.40617,26.29827,26.22562,25.82304,26.22562
Cpe,29.2432,28.3827,28.31872,28.3827,28.70691,28.97364,28.73354,28.73354
Prmt1,29.71808,28.96502,29.05706,29.05706,29.81984,30.14479,29.67074,29.81984
Kcnab2,23.83731,24.26263,24.02741,24.02741,26.54832,26.42331,25.78703,26.42331
Erc2,20.87418,22.34226,23.75776,22.34226,24.38034,24.67686,23.96737,24.38034
H2afy,31.45052,30.58432,30.64229,30.64229,30.75502,30.36588,30.1587,30.36588
Dlg3,24.24009,22.44248,23.64262,23.64262,26.14628,26.13018,25.48916,26.13018
Cntnap2,26.38783,,26.6238,26.505815,24.8074,24.59565,24.24002,24.59565
Rps2;Gm5786;Gm18025;Gm6576;Gm8225,30.99125,30.3869,30.77761,30.77761,30.37348,30.39652,30.304,30.37348
Pin1,28.37339,27.97531,28.5606,28.37339,29.36315,29.407,28.81818,29.36315
Gpm6b,29.37181,26.53424,27.70741,27.70741,29.8998,29.60998,29.61726,29.61726
Fabp3,25.07235,23.31174,24.85932,24.85932,29.14319,29.15192,28.76243,29.14319
Ubr4,26.30769,25.65627,25.59126,25.65627,26.33373,26.60611,25.95591,26.33373
Igsf5;Pcp4,17.76675,23.0119,21.10885,21.10885,28.42822,28.55965,28.38952,28.42822
Gnaz,23.37279,22.35864,22.18338,22.35864,28.68676,28.80002,28.49907,28.68676
Banf1,29.0477,29.58855,28.96961,29.0477,29.49604,30.87372,29.93284,29.93284
Arhgef7,27.33168,26.38397,26.55117,26.55117,27.74362,27.77775,27.38212,27.74362
Psmb5,30.35941,29.87424,30.1517,30.1517,29.53174,29.44295,29.22262,29.44295
Adssl1,25.85343,26.03519,26.36247,26.03519,23.71408,23.93328,22.64628,23.71408
Myo6,29.79411,28.98972,29.01231,29.01231,25.34011,24.9033,24.0912,24.9033
Coro2b,28.17102,27.6582,27.28613,27.6582,27.34807,27.25296,26.6006,27.25296
Vcan,20.97036,19.88239,20.51518,20.51518,22.22043,21.3899,21.58128,21.58128
Hsd17b4,29.78186,28.94802,28.8771,28.94802,28.57996,28.39905,27.89828,28.39905
Rps9,31.48294,31.14029,31.15195,31.15195,31.39958,31.36087,31.2374,31.36087
Kif1a,26.0572,25.799,25.43406,25.799,27.36661,27.49816,27.14034,27.36661
Atic,30.21315,29.5995,29.49312,29.5995,28.36753,28.23457,27.87719,28.23457
Uggt1,28.74301,27.53475,27.7557,27.7557,27.24898,27.25422,26.78905,27.24898
Pls3,29.0202,28.4663,28.88858,28.88858,25.42034,25.09277,24.83586,25.09277
Ncan,23.33183,20.72184,22.06187,22.06187,24.96248,24.32944,24.10286,24.32944
Plcb4,23.20267,22.1305,22.55941,22.55941,21.94102,21.74735,19.33119,21.74735
Aifm1,30.46266,29.73631,29.48047,29.73631,27.49968,27.38985,27.46084,27.46084
Inpp5a,26.21708,25.05296,25.06126,25.06126,25.27099,24.82313,24.21497,24.82313
Aco1,28.3736,27.59278,27.45223,27.59278,26.99583,27.1546,26.73531,26.99583
Fbxo2,31.35804,29.91257,29.00129,29.91257,25.15275,25.30236,24.23345,25.15275
Tpt1,32.1636,31.71067,31.78881,31.78881,32.04814,31.69938,31.03761,31.69938
9/9/2015 0:00,30.21373,28.97005,28.3145,28.97005,27.2724,27.36778,26.71646,27.2724
Agk,29.15769,27.56551,26.84793,27.56551,29.43209,29.44421,28.95341,29.43209
Rap1b,31.22113,30.27042,30.42582,30.42582,29.26551,29.88088,29.5224,29.5224
Myef2,29.06232,28.60233,28.42798,28.60233,29.45967,29.55536,29.29347,29.45967
Sfxn5,32.65263,31.19143,30.77502,31.19143,27.09617,27.3697,26.50426,27.09617
Asah1,28.7774,28.57062,28.23918,28.57062,26.08034,26.04024,24.98919,26.04024
Adh5,31.40451,30.52337,30.82107,30.82107,29.12588,29.29457,28.84778,29.12588
Sec22b,29.53897,28.98256,29.06741,29.06741,29.71211,29.65947,29.15161,29.65947
Pfn2,31.63366,30.9899,31.06888,31.06888,30.59344,30.57118,30.47499,30.57118
Nudt3,28.6121,28.4338,28.26419,28.4338,28.85757,29.05786,28.44802,28.85757
Madd,28.16361,23.41183,20.09867,23.41183,26.55972,26.32459,26.25866,26.32459
Usp14,29.68166,28.98237,29.54241,29.54241,28.53731,28.65625,28.49305,28.53731
Qil1,29.1046,27.86909,27.79135,27.86909,29.46061,29.16421,28.23352,29.16421
Srgap3,27.07531,27.13301,27.02823,27.07531,27.54274,27.39893,27.1034,27.39893
Ppp2r4,28.38603,27.71705,27.66601,27.71705,27.69192,27.93241,27.39297,27.69192
Shank2,21.83248,20.43817,20.42931,20.43817,22.56162,22.46421,23.48861,22.56162
Rps12,31.57348,31.12712,31.26757,31.26757,30.15279,30.76999,29.87594,30.15279
Hadh,30.3116,29.66809,29.26074,29.66809,27.46076,27.31251,26.29829,27.31251
Ssb,29.27728,28.86514,28.68776,28.86514,29.40852,29.30099,29.07393,29.30099
Nt5c,29.1053,29.22965,29.29035,29.22965,29.38185,29.29942,28.92493,29.29942
Ndufa5,22.40582,25.10089,23.69211,23.69211,28.69235,29.17524,28.24989,28.69235
Ptprd,23.61829,24.06439,23.69859,23.69859,26.49337,26.54785,26.19206,26.49337
Anxa2,33.32804,32.71284,32.56245,32.71284,25.51938,25.32488,25.2071,25.32488
Tardbp,30.62497,30.36369,29.83736,30.36369,30.60955,30.55408,30.4182,30.55408
Pcyox1,28.77175,28.51077,28.22251,28.51077,28.58384,28.45869,28.05124,28.45869
Rapgef2,25.73438,24.54091,24.45544,24.54091,26.02779,25.97819,25.61293,25.97819
Ppp1r9b,28.03706,27.23635,27.23032,27.23635,26.80637,26.06042,25.99772,26.06042
Ilf3,29.19934,28.10724,28.23695,28.23695,28.17855,27.83147,27.68773,27.83147
Agl,24.95318,23.81216,23.8919,23.8919,24.99714,25.08545,24.70625,24.99714
Snap47,27.8811,26.35488,26.46259,26.46259,27.82098,27.67277,27.17522,27.67277
Paics,30.94712,29.97583,29.90326,29.97583,28.55629,28.33492,27.95399,28.33492
2310035C23Rik;Kiaa1468,25.85652,24.90715,24.71639,24.90715,26.97038,27.24182,26.76269,26.97038
Plxna4,27.29193,25.4872,23.64262,25.4872,28.03622,28.23457,27.62143,28.03622
Hmox2,27.57174,26.0942,26.29376,26.29376,27.86697,27.74137,27.89724,27.86697
Nnt,30.37658,29.11349,29.16461,29.16461,27.46459,27.2488,26.9927,27.2488
Srsf1,30.42522,29.57544,29.83862,29.83862,30.1973,30.34837,30.08601,30.1973
Kalrn,22.20296,24.98089,26.45438,24.98089,25.78619,25.75644,25.3481,25.75644
Rab3d,23.76587,23.05378,23.74345,23.74345,29.20578,29.24148,28.83232,29.20578
Ak3,32.29734,31.26852,31.27603,31.27603,28.26096,28.35372,27.71352,28.26096
Gapdh,,,23.64339,23.64339,,,21.12364,21.12364
Hdhd2,28.61495,28.69425,28.51141,28.61495,26.10839,26.14326,25.76828,26.10839
Sf3b2,28.43353,27.73402,26.85186,27.73402,26.05703,25.70234,25.99088,25.99088
Rpl3,30.73763,30.53111,30.64349,30.64349,30.36515,30.353,30.17081,30.353
Rap2b,27.23306,26.1911,26.75748,26.75748,28.30504,27.87038,27.5687,27.87038
Rufy3,26.57394,25.30135,25.03187,25.30135,28.58057,28.32757,28.20476,28.32757
Rdx,30.64916,29.80088,29.71168,29.80088,26.99302,26.42651,25.66755,26.42651
Gdap1,22.72242,,20.28365,21.503035,29.34251,29.36225,29.16751,29.34251
Arl8a,30.58477,29.22738,29.78218,29.78218,29.68135,29.99752,29.5194,29.68135
Ndufb8,29.40771,27.86059,28.52492,28.52492,28.52854,28.02173,28.04812,28.04812
Myo1d,25.42605,23.6289,23.52564,23.6289,19.88999,18.70796,20.07222,19.88999
Sugt1,29.32882,28.40908,28.70151,28.70151,26.71489,26.54916,26.67842,26.67842
Ddx6,29.19683,28.75152,28.76344,28.76344,29.32103,29.30604,29.12455,29.30604
Hspa2,31.02075,30.09773,30.1294,30.1294,26.01967,25.80875,24.77022,25.80875
Lcp1,29.86009,29.16272,28.83099,29.16272,23.51557,23.40328,23.18221,23.40328
Por,28.82095,28.39174,28.12642,28.39174,28.67219,28.45183,28.43317,28.45183
Slc12a2,27.48899,26.24773,26.16561,26.24773,24.97657,24.53475,23.7601,24.53475
Igsf8,27.39534,26.41939,26.9038,26.9038,27.78992,27.43627,27.0403,27.43627
Gm10704,29.51571,28.84014,28.42406,28.84014,28.6655,28.75589,28.38776,28.6655
Tjp1,28.9424,28.2385,27.96873,28.2385,23.79362,23.9419,23.4821,23.79362
Fus,29.85116,29.67864,29.4545,29.67864,28.38969,27.9875,28.45093,28.38969
Cep170,25.88096,25.18151,25.33173,25.33173,26.75264,26.5545,26.20279,26.5545
Clip1,25.89897,25.18003,25.04543,25.18003,25.67074,25.07133,25.30831,25.30831
Capza1,31.02756,30.37005,30.17129,30.37005,29.84266,29.22295,29.14577,29.22295
Prkcb,23.09539,21.17432,22.2255,22.2255,26.66939,27.16365,26.49767,26.66939
Hbbt1;Hbb-bs,24.80154,22.7938,23.48062,23.48062,29.83927,30.20897,29.69097,29.83927
Rplp1,32.03613,30.61798,30.32292,30.61798,31.70364,31.79025,31.64272,31.70364
Eif3m,28.88777,28.97886,28.73108,28.88777,28.71103,28.67781,28.40219,28.67781
Cttn,30.29198,29.83483,29.77091,29.83483,26.61597,26.2776,26.47403,26.47403
Cd81,30.11756,29.15057,29.29007,29.29007,29.00638,29.97869,28.23622,29.00638
Gps1,28.28423,27.77511,27.25043,27.77511,28.88853,29.06474,28.65133,28.88853
Atp8a1,24.2387,22.90615,23.74109,23.74109,26.8328,26.60851,26.36745,26.60851
Dnaja1,28.62478,28.51126,28.30221,28.51126,29.18201,29.33371,28.84422,29.18201
Exoc4,26.85804,25.22468,25.80213,25.80213,27.40665,27.32328,27.06917,27.32328
Cdh2,29.66368,29.20779,28.8695,29.20779,27.79396,27.48024,27.17398,27.48024
Twf2,27.35018,26.90529,26.56161,26.90529,26.17423,26.6502,26.44233,26.44233
Dcps,29.28191,28.88948,28.68124,28.88948,27.45057,27.13575,27.06023,27.13575
Dnajc5,29.09275,28.17293,28.4367,28.4367,29.76234,29.18603,29.18527,29.18603
Ndufs8,28.52705,27.60992,27.79148,27.79148,28.03905,27.84733,27.54392,27.84733
Hdlbp,28.95444,28.29342,28.16706,28.29342,26.23945,26.08588,26.26335,26.23945
Tagln,32.8801,32.33178,32.37873,32.37873,23.49008,23.26112,23.38416,23.38416
Palm2Akap2;Akap2,28.06641,27.78182,28.01595,28.01595,22.2209,21.96335,21.62199,21.96335
Ak4,27.46482,26.64169,26.10342,26.64169,24.29936,24.5611,24.15368,24.29936
Plcxd3,20.97897,20.43002,,20.704495,27.24009,27.0503,26.60329,27.0503
Slk,26.89828,25.75682,25.96179,25.96179,24.49656,25.11358,25.24492,25.11358
Pex5l,18.55063,19.77843,23.16665,19.77843,23.37026,23.76527,23.07676,23.37026
Copb2,29.4349,28.84909,28.93514,28.93514,27.97842,28.14516,27.97295,27.97842
Chchd3,30.64684,29.65896,29.71147,29.71147,28.03113,27.69624,27.63982,27.69624
Cops4,29.4833,28.79244,28.72874,28.79244,28.79857,28.62774,28.42938,28.62774
Slc4a10,22.51754,21.13865,21.34657,21.34657,24.68019,24.36011,24.43644,24.43644
Atad3,28.30339,27.35018,27.29448,27.35018,27.78569,27.53949,27.39795,27.53949
Mapk10,27.18792,26.13344,26.08645,26.13344,28.63924,28.97328,28.41812,28.63924
Flot2,29.33788,27.60159,27.85668,27.85668,27.90466,27.76591,27.25449,27.76591
Ctnnd2,26.42669,25.79699,25.31188,25.79699,26.5207,26.81078,26.10669,26.5207
Ppa2,29.60111,27.81684,27.83219,27.83219,27.02844,27.02855,26.60102,27.02844
Kctd12,28.80357,28.47166,28.54315,28.54315,29.1227,29.04445,28.86956,29.04445
Sf3b1,27.29,26.55058,26.90334,26.90334,26.44968,26.36828,26.25807,26.36828
Lancl2,27.45042,26.71908,26.62798,26.71908,29.06425,29.20807,28.79194,29.06425
Mtx2,31.09182,30.49181,30.61903,30.61903,29.51726,28.94701,28.96315,28.96315
Ppm1h,24.66557,21.58985,20.93409,21.58985,27.26446,26.79278,26.93112,26.93112
Ddx17,29.11165,28.36269,28.1209,28.36269,29.07485,28.69478,28.47181,28.69478
Rab35,29.37499,28.54694,28.89796,28.89796,29.11736,28.96925,28.53853,28.96925
Gna13,29.73689,28.99135,28.89689,28.99135,28.25115,28.00651,27.44884,28.00651
Khsrp,29.50537,29.11642,29.02284,29.11642,28.31069,28.15282,28.25588,28.25588
Nt5dc3,24.40931,24.20389,24.74643,24.40931,28.3277,28.29789,27.80999,28.29789
Cul3,27.80076,26.86962,26.80021,26.86962,27.53949,27.49717,27.05155,27.49717
Mpst,31.54931,30.39581,30.38628,30.39581,29.8046,29.91399,29.28191,29.8046
Elavl4,23.50724,24.69663,24.51743,24.51743,29.41518,29.42101,29.22722,29.41518
Tsn,30.27642,29.59683,29.26412,29.59683,29.2407,28.8263,28.8662,28.8662
Csde1,28.09753,27.45701,27.99782,27.99782,27.79414,27.77241,27.80021,27.79414
Tbcb,29.29391,28.4549,28.74791,28.74791,27.26749,27.51443,27.44608,27.44608
Calu,31.10787,31.02188,30.89338,31.02188,28.81894,28.19075,28.25845,28.25845
Rpl18,32.55878,32.29773,32.16782,32.29773,31.20734,31.05989,31.28505,31.20734
Lars,28.95149,28.2185,28.55443,28.55443,28.56001,28.75379,28.34524,28.56001
Hapln1,19.55867,18.41547,,18.98707,24.38093,23.66362,23.25624,23.66362
Osbp,27.45285,26.9457,26.84805,26.9457,27.30678,27.245,26.80698,27.245
Timm44,28.98756,28.43309,28.26132,28.43309,27.23444,27.1052,27.05165,27.1052
Esd,31.64091,30.85816,31.26092,31.26092,28.83945,29.20445,28.53901,28.83945
Scamp5,26.24481,24.72401,24.91748,24.91748,30.23854,30.14771,29.9407,30.14771
Pdgfrb,28.67828,26.77518,26.35812,26.77518,25.3003,25.1462,24.60048,25.1462
Psmd12,30.02102,29.12682,29.142,29.142,29.66816,29.53631,29.56051,29.56051
Bpnt1,28.80483,27.73982,28.06958,28.06958,27.2571,26.93022,26.92173,26.93022
Tollip,29.82857,29.81548,29.39648,29.81548,27.23736,27.056,26.54143,27.056
Caskin1,25.33473,21.3517,22.08729,22.08729,24.67568,24.71246,24.70303,24.70303
Capn2,30.23501,30.19343,29.3083,30.19343,27.30374,27.17931,26.67587,27.17931
Hspa1a,29.12729,28.07148,28.22301,28.22301,26.78457,26.07092,25.74222,26.07092
Epb4.1l1,25.66584,24.35991,24.328,24.35991,26.55763,26.52013,26.47143,26.52013
Arhgef2,27.57138,26.90334,26.70332,26.90334,27.18971,26.92468,26.09007,26.92468
Tceal5,27.85852,27.74227,27.81323,27.81323,26.56732,26.84625,26.06823,26.56732
Uqcr10,27.8044,26.60498,26.28253,26.60498,29.73797,29.80398,29.39999,29.73797
Strn,27.04656,26.39357,26.28389,26.39357,26.97793,27.17207,26.67357,26.97793
Serbp1,30.10637,29.50675,29.53477,29.53477,27.56376,26.93393,26.98598,26.98598
Map4,26.72663,25.87371,25.28122,25.87371,25.23469,24.66129,24.38462,24.66129
Lrpap1,30.15158,29.30761,29.54307,29.54307,27.57874,27.16701,26.80575,27.16701
Camk4,22.00997,20.6145,21.57469,21.57469,26.85638,27.04874,26.35417,26.85638
Sorbs2,30.91727,30.03381,30.15013,30.15013,24.68164,24.42771,24.07112,24.42771
Ndufs6,30.45032,29.69714,29.74609,29.74609,28.9469,28.86638,28.59328,28.86638
Ptbp2,23.93265,22.23637,23.2061,23.2061,28.61824,28.36582,28.01824,28.36582
Ndufb6,24.65218,21.98284,22.70586,22.70586,28.18617,27.70734,28.26365,28.18617
Farsb,28.6977,28.22435,28.19244,28.22435,28.41474,28.49884,28.1548,28.41474
Cdk5,28.78731,27.15393,27.53334,27.53334,28.58169,28.88466,28.08035,28.58169
Mgea5,26.12064,25.6181,24.91406,25.6181,28.13055,28.13848,27.87596,28.13055
Vps26b,27.9462,28.08198,27.81733,27.9462,29.43704,29.23046,29.14044,29.23046
Srgap2,27.15808,26.33935,26.24516,26.33935,28.16447,28.39709,27.85739,28.16447
Snx2,30.16231,29.04648,29.02343,29.04648,27.04989,26.79439,26.84733,26.84733
Anks1b,19.77894,21.47219,20.26304,20.26304,24.21379,23.50373,23.23444,23.50373
Gm20425,28.60738,27.4342,28.41183,28.41183,25.3656,25.35656,25.23272,25.35656
Cdc37,29.5767,28.91199,29.03352,29.03352,28.04067,27.8613,28.00249,28.00249
Purb,31.0361,30.10737,30.56611,30.56611,30.00624,29.23533,29.33699,29.33699
Rac1,32.42417,31.47078,31.73574,31.73574,31.67316,31.92256,31.38304,31.67316
Sbf1,25.02542,24.0258,24.04076,24.04076,26.28697,26.07676,25.91118,26.07676
Top2b,27.30617,26.35988,26.1911,26.35988,28.07816,27.93691,27.70339,27.93691
Cops5,28.39542,27.72579,27.83569,27.83569,28.44352,28.5297,28.17174,28.44352
Dynlrb1,29.86651,29.50127,30.12436,29.86651,30.98285,30.78761,30.40192,30.78761
Setd7,27.52492,26.93731,26.65622,26.93731,25.89756,25.62906,24.94771,25.62906
Necap1,27.62492,26.09334,26.55495,26.55495,27.8499,27.70938,27.49228,27.70938
Hrsp12,31.73497,30.70182,30.96037,30.96037,27.7668,27.31993,26.50031,27.31993
Trnt1,28.44853,28.23553,28.00699,28.23553,26.99938,26.31998,26.6224,26.6224
Ndrg1,31.20676,30.47334,30.50644,30.50644,29.2677,29.53312,29.30785,29.30785
Mecp2,29.52955,28.63772,28.61625,28.63772,27.30182,26.86183,26.89574,26.89574
Psmc1,29.57358,28.7253,28.93329,28.93329,29.03748,29.33486,28.64684,29.03748
Cyb5a,31.48697,30.62087,30.2021,30.62087,29.57011,29.19053,29.36135,29.36135
Rars,29.53382,28.4058,28.53022,28.53022,28.30008,28.42045,27.81091,28.30008
Rab3c,,21.61831,22.36268,21.990495,27.93843,27.58714,27.76167,27.76167
Ezr,31.46002,30.67169,30.5921,30.67169,25.73073,25.16599,25.33749,25.33749
Ugp2,30.81138,29.66609,29.54839,29.66609,27.40916,27.39272,26.89597,27.39272
Acot9,27.80464,26.91559,26.71646,26.91559,27.8742,27.81446,27.49106,27.81446
Tst,30.99873,30.2028,29.92068,30.2028,26.28104,26.40539,25.1352,26.28104
Rpl7a,32.2278,31.66687,31.53654,31.66687,31.2998,31.36729,31.47798,31.36729
Acaca,26.96829,26.17068,26.20816,26.20816,27.08628,27.02242,26.52564,27.02242
Cacna2d2,17.38844,20.59714,19.7778,19.7778,25.91422,26.22836,25.89622,25.91422
Gpd1l,28.13809,26.83062,27.2062,27.2062,28.2957,28.5494,28.01153,28.2957
Epm2aip1,26.28722,25.64417,25.12589,25.64417,28.64914,28.70794,28.40007,28.64914
Dynll1,31.96231,31.0509,31.01976,31.0509,31.85367,32.68539,32.22078,32.22078
Pacs1,25.08926,25.02711,24.64818,25.02711,27.65342,27.37882,27.37576,27.37882
Ppp3cb,26.69232,25.10013,25.58494,25.58494,28.86874,28.83479,28.17745,28.83479
Gnb5,25.9268,24.97579,25.40659,25.40659,27.61393,27.7357,27.4342,27.61393
Ndufs5,28.76579,28.74307,28.23224,28.74307,27.08446,27.06301,26.62324,27.06301
Ctnnd1,29.57953,28.56982,28.59541,28.59541,26.8125,27.09959,26.42795,26.8125
Adprh,29.02054,27.54304,27.66696,27.66696,28.71371,28.69876,28.23968,28.69876
Ubqln2,29.60171,29.27748,29.10976,29.27748,28.32225,28.15137,27.85775,28.15137
Ptk2b,22.84946,22.33047,21.14389,22.33047,23.35016,23.98485,23.61234,23.61234
Ntm,25.81534,24.31396,23.72567,24.31396,28.20359,28.32513,27.90093,28.20359
Htt,24.74186,23.76678,23.58279,23.76678,24.43345,24.42835,24.26735,24.42835
Ndufa6,29.20639,27.61091,27.59662,27.61091,28.85151,28.71924,28.80563,28.80563
Atcay,21.92169,20.4804,20.94156,20.94156,28.18187,27.80544,27.69869,27.80544
Upf1,28.25318,27.76465,27.73195,27.76465,27.82299,27.87602,27.64588,27.82299
Farp1,28.63844,27.15808,26.16682,27.15808,27.93854,27.90839,27.62694,27.90839
Lrrc7,23.09565,21.95326,20.46732,21.95326,24.02259,23.90931,23.18021,23.90931
Pdhx,28.62017,27.40235,27.14433,27.40235,27.85893,27.85721,27.30391,27.85721
Rbm25,27.4275,26.7348,26.96124,26.96124,27.02253,26.71188,27.01159,27.01159
Pck2,29.77115,29.06976,29.14897,29.14897,27.44332,27.12119,27.02528,27.12119
Farsa,28.86204,27.98462,28.23114,28.23114,29.22887,29.56238,28.53827,29.22887
Ilf2,30.18848,29.41117,29.44522,29.44522,29.47925,29.26979,29.35077,29.35077
Nipsnap3b,28.91368,27.70108,27.65438,27.70108,29.16686,28.99264,28.39366,28.99264
Hnrnpab,29.82666,29.97719,30.37441,29.97719,29.81852,29.59827,29.44744,29.59827
Kctd16,23.10981,24.43167,22.4537,23.10981,26.80391,26.6454,25.99363,26.6454
Aspa,22.3162,23.08429,24.48634,23.08429,,,17.27276,17.27276
Adk,29.86366,29.03889,29.19065,29.19065,26.36246,27.06003,26.91216,26.91216
Picalm,29.45586,27.90357,27.64856,27.90357,27.3407,27.11128,26.55649,27.11128
Slc17a6,,,18.03467,18.03467,23.12674,23.45976,22.02052,23.12674
Me3,26.25162,24.30904,24.01248,24.30904,26.13022,26.08734,25.27024,26.08734
Btf3l4,29.91128,29.22242,29.67618,29.67618,28.92465,28.5323,28.39202,28.5323
Sec31a,29.32221,28.3498,27.97285,28.3498,27.71286,27.79681,27.35926,27.71286
Aldh1b1,26.83617,25.94011,26.02576,26.02576,28.10804,27.68104,27.44395,27.68104
Clasp1,26.65116,25.46855,25.19193,25.46855,28.11178,26.8977,27.63097,27.63097
Erp29,30.12608,28.89282,29.51882,29.51882,28.48949,28.35771,28.30761,28.35771
Clu,29.86473,28.75481,28.97831,28.97831,26.74663,26.47593,26.37275,26.47593
Itpka,24.93876,23.93022,23.49972,23.93022,22.18746,22.25254,21.86094,22.18746
Pspc1,28.94431,27.49404,27.80864,27.80864,28.70005,28.56674,28.20499,28.56674
Acad9,29.43744,28.47146,28.35485,28.47146,28.10944,27.93966,27.20228,27.93966
Adam22,21.71565,20.88502,21.14246,21.14246,25.65775,25.73789,25.03251,25.65775
Tars,28.46513,27.79767,28.20457,28.20457,28.24545,27.98158,27.67445,27.98158
Slc6a17,19.26945,18.79867,15.7079,18.79867,26.30304,25.46939,24.95947,25.46939
App,26.62561,26.1949,26.39267,26.39267,27.73725,27.77744,27.2999,27.73725
Dync1i1,,,18.43799,18.43799,27.2957,27.88443,27.09979,27.2957
Bphl,29.62591,29.55605,29.3043,29.55605,26.93213,26.77693,26.83762,26.83762
Maob,27.9536,27.01755,27.54797,27.54797,,20.64403,20.0547,20.349365
Rala,30.42502,29.88107,29.84975,29.88107,30.78402,30.62958,30.67548,30.67548
Nae1,28.87194,28.33714,27.84176,28.33714,27.72579,28.16949,27.55047,27.72579
Kiaa1045,,,18.48625,18.48625,26.46218,27.02781,26.18162,26.46218
Anxa3,32.79668,32.17958,32.43832,32.43832,23.66308,24.2548,23.89208,23.89208
Lamb2,28.82932,28.19901,28.28591,28.28591,21.43354,20.36975,20.5545,20.5545
Vars,28.81675,28.31959,28.51337,28.51337,28.06204,28.00437,27.67277,28.00437
Iqsec1,26.00267,25.40895,24.89264,25.40895,25.59132,25.35161,24.93944,25.35161
Syn3,21.15388,21.5107,21.16466,21.16466,28.16514,28.00812,27.90185,28.00812
Ppib,31.85723,31.75673,31.86567,31.85723,29.46262,28.5695,29.08664,29.08664
Stam,28.83056,27.80403,27.79247,27.80403,27.27364,27.04885,26.59634,27.04885
Eea1,28.27764,27.27666,27.28736,27.28736,24.50045,24.36098,24.5981,24.50045
Gja1,30.1757,28.63409,28.77439,28.77439,21.34202,20.80286,20.19988,20.80286
Carkd,30.94872,29.19373,29.43323,29.43323,29.24885,29.10457,28.19573,29.10457
Wdr47,26.43706,24.72993,24.79213,24.79213,27.95848,28.03769,27.70273,27.95848
Cnksr2,21.27895,21.61571,21.44683,21.44683,25.56874,25.23885,25.13457,25.23885
Syt7,22.55185,22.24264,22.56876,22.55185,25.62252,25.61184,25.17489,25.61184
Ptpn11,28.85724,27.9153,28.2783,28.2783,26.59662,26.67196,26.75837,26.67196
Opcml,25.2454,20.29109,21.23806,21.23806,29.98046,29.00392,28.82714,29.00392
Fdps,28.68789,27.31752,27.30748,27.31752,29.29667,29.11523,28.77263,29.11523
Ipo7,28.53323,27.63222,27.65908,27.65908,28.55881,28.87502,28.33501,28.55881
Arfgef1,24.49631,23.20464,21.90228,23.20464,25.40289,25.6726,25.09507,25.40289
Gripap1,25.95312,25.05453,24.88855,25.05453,25.50999,25.29295,25.31986,25.31986
Inpp4a,25.03687,23.40821,23.78746,23.78746,27.83316,27.81097,27.3789,27.81097
Hnrnpll,28.4617,28.20158,28.04687,28.20158,29.01025,29.18064,28.94319,29.01025
Dynll2,30.85266,29.00745,29.0364,29.0364,29.44904,30.08613,29.34657,29.44904
,30.49686,29.26613,29.60102,29.60102,27.86154,27.88605,27.28348,27.86154
Ykt6,29.01887,28.22839,27.93764,28.22839,28.92688,28.90236,28.57459,28.90236
Rbbp7,29.48481,28.97607,28.48362,28.97607,28.93862,28.97087,28.40202,28.93862
Mat2a,29.01563,28.58011,28.39799,28.58011,28.66156,28.63803,27.92722,28.63803
Ngef,24.47785,22.98169,23.43224,23.43224,26.65745,27.1044,26.03967,26.65745
Grin2b,19.00659,18.1326,16.09028,18.1326,24.56924,24.37192,23.58967,24.37192
Gria3,21.11712,21.17554,20.27367,21.11712,24.09088,23.90912,23.5087,23.90912
Arhgap35,26.28078,25.40266,25.60442,25.60442,26.9354,26.67949,26.48693,26.67949
Ppp2r5d,28.90707,27.89585,27.87561,27.89585,28.52186,28.50085,28.09073,28.50085
Dync1li2,29.19997,27.74368,27.93117,27.93117,27.92524,27.7304,27.21327,27.7304
Rgs7,21.87091,20.31893,20.59067,20.59067,26.26983,26.16534,25.6678,26.16534
Tnc,26.40119,26.28099,26.30805,26.30805,21.16423,20.73273,21.09068,21.09068
Hexb,29.66528,28.70827,28.68889,28.70827,24.67476,23.91944,24.80882,24.67476
Ktn1,28.75459,27.99189,27.8832,27.99189,25.29981,24.66622,25.07092,25.07092
Hibch,29.63865,28.6541,28.75691,28.75691,26.35304,26.25609,26.05374,26.25609
Dock9,25.57695,21.61374,22.05719,22.05719,24.15715,23.99861,23.05165,23.99861
Dpp3,29.27686,28.51179,28.34566,28.51179,27.17607,27.17855,26.86903,27.17607
Cldn11,19.41908,,17.92706,18.67307,,16.12194,,16.12194
Vps13a,23.83074,21.9624,22.01468,22.01468,23.04717,23.70366,22.79295,23.04717
Ranbp1,30.97028,30.34889,30.40862,30.40862,30.18648,29.6358,28.56205,29.6358
U2af2,30.10737,29.14569,29.06497,29.14569,28.93526,29.32328,28.92003,28.93526
Nomo1,27.48416,26.56494,26.55239,26.56494,27.26006,27.38418,27.16988,27.26006
Dlgap3,18.65899,19.4287,17.82308,18.65899,21.48581,20.89416,21.47724,21.47724
Stxbp5l,,14.35673,,14.35673,24.16,24.07839,23.55941,24.07839
Rnpep,28.5896,27.79835,27.6973,27.79835,26.9673,26.72689,26.77392,26.77392
Lphn1,17.74189,19.9309,17.77815,17.77815,25.24336,25.12605,24.40041,25.12605
Cit,19.03901,21.21934,17.42996,19.03901,19.86034,20.38416,19.7177,19.86034
Kars,29.39248,28.88704,28.87426,28.88704,27.57246,27.45709,27.11605,27.45709
Srsf3;Gm12355,30.2294,29.77008,29.87668,29.87668,30.73594,30.62532,30.30639,30.62532
Sgta,29.37092,28.92332,28.52058,28.92332,29.37464,29.23576,29.15204,29.23576
Abi1,28.50941,27.51946,27.19648,27.51946,27.19901,26.98414,26.59021,26.98414
Hagh,28.38685,27.42438,27.377,27.42438,27.08375,26.46983,26.23319,26.46983
Tceb2,30.86541,30.13638,30.51418,30.51418,29.24885,29.52718,29.29483,29.29483
Ndufb11,28.77718,28.87569,28.15359,28.77718,29.25762,28.94966,28.91963,28.94966
Pnp,31.17819,30.6353,30.14771,30.6353,26.80673,26.01789,25.11283,26.01789
Prkcsh,29.74399,29.86038,29.46061,29.74399,27.98506,27.73931,27.52559,27.73931
Alyref,29.80369,29.61372,29.33705,29.61372,27.5937,27.09758,27.05848,27.09758
Omg,19.62151,18.13691,,18.87921,23.01725,22.3905,22.78227,22.78227
Mapk3,29.53588,29.21359,28.96353,29.21359,28.31575,28.1042,27.94793,28.1042
Psma2,30.54398,29.78383,29.74849,29.78383,29.37292,29.33882,29.01874,29.33882
Abhd12,27.62631,27.17465,27.33441,27.33441,27.91599,27.50764,26.9438,27.50764
Aldh18a1,29.95602,29.35126,29.35582,29.35582,29.57723,29.63796,29.18952,29.57723
Spr,31.11966,29.9221,30.00249,30.00249,28.88358,28.96251,28.39092,28.88358
Sec14l2,25.52277,24.78566,23.78287,24.78566,22.04989,22.18873,21.63671,22.04989
Slc9a3r1,30.76034,30.4352,30.2042,30.4352,25.35803,24.45538,24.6818,24.6818
Gmfb,31.27792,29.92337,30.02538,30.02538,29.25647,29.38125,28.99024,29.25647
Blvra,28.46135,27.78644,27.98609,27.98609,26.70925,26.78519,26.96047,26.78519
Ndufb9,29.47802,28.09813,28.29824,28.29824,29.30719,29.43058,28.5861,29.30719
Gsk3b,27.8749,26.82627,26.89169,26.89169,29.66019,29.87751,29.27327,29.66019
Src,28.43297,27.45073,27.48339,27.48339,28.46221,28.39795,27.75066,28.39795
Sfxn1,30.63071,28.97473,29.42101,29.42101,28.86859,28.64883,28.27195,28.64883
Glrx3,29.30391,28.53475,28.45352,28.53475,29.72019,29.21069,28.93789,29.21069
Rps4x;Gm15013,30.53306,30.36171,30.54453,30.53306,30.47063,30.61395,30.33767,30.47063
Dhx15,28.68462,27.755,28.2799,28.2799,28.85192,28.81369,28.82802,28.82802
Sfn,26.31247,28.80815,28.80169,28.80169,28.88934,28.62892,28.61912,28.62892
Adsl,28.95102,28.5717,28.14967,28.5717,27.42878,27.35136,26.77618,27.35136
Twf1,30.32999,29.73994,29.5864,29.73994,27.72293,27.38303,27.33782,27.38303
Psmb7,29.73767,29.27222,29.19223,29.27222,28.83843,28.61063,28.19042,28.61063
Ubxn6,26.3364,26.37948,25.7444,26.3364,26.65185,26.47502,26.27528,26.47502
Maoa,31.12164,30.26416,30.20443,30.26416,27.02591,26.86891,27.19667,27.02591
Rps15a,30.97658,29.66986,30.05969,30.05969,31.19419,31.034,30.90146,31.034
Mpp3,22.02442,16.45023,15.78673,16.45023,25.30793,25.05424,24.69906,25.05424
Asna1,29.49129,28.72965,28.32376,28.72965,29.48784,29.26006,29.28348,29.28348
Rps13,30.47441,30.03617,30.20093,30.20093,30.30334,30.33298,30.30171,30.30334
Rabgap1,27.20853,26.34303,26.28808,26.34303,27.16768,27.18471,26.86915,27.16768
Apoo,29.37406,28.13153,28.04568,28.13153,28.08076,27.83521,26.9516,27.83521
Slc8a1,25.76984,24.72385,23.35111,24.72385,27.66207,27.64155,27.41869,27.64155
Tpr,28.239,27.45709,27.23945,27.45709,24.77264,24.25811,24.51515,24.51515
Asns,29.83402,29.28971,29.38049,29.38049,28.9901,29.09605,28.33858,28.9901
Dgkb,,21.05258,20.69217,20.872375,22.80943,22.11127,21.12729,22.11127
Apoa1bp,30.93178,29.88212,29.81668,29.88212,28.46291,27.97312,28.27137,28.27137
Acsl1,25.70696,24.24598,24.22044,24.24598,26.87994,26.95038,26.31209,26.87994
Ass1;Gm5424,30.6548,30.01505,29.7524,30.01505,23.18823,24.53053,21.51951,23.18823
Puf60,29.38675,28.70293,28.57311,28.70293,27.69438,27.35161,27.04156,27.35161
Copb1,29.32929,28.65595,28.43944,28.65595,28.01521,28.16058,27.84936,28.01521
Hars,28.96315,28.40933,28.16878,28.40933,27.30574,26.87912,26.66601,26.87912
Rpl10a,31.14151,31.26075,31.50228,31.26075,30.62471,30.51662,30.21153,30.51662
Atp2b4,28.96008,28.08502,28.18735,28.18735,24.22656,24.36413,23.57819,24.22656
Slc32a1,19.31926,19.05949,18.99549,19.05949,27.9961,28.21618,27.68739,27.9961
Appl1,28.36586,27.31691,27.54407,27.54407,27.69876,27.74554,27.13673,27.69876
Ivd,30.68762,29.73399,29.6571,29.73399,28.06984,27.85353,27.71999,27.85353
Atpif1,31.96237,30.78885,31.65288,31.65288,30.14297,29.34047,29.92635,29.92635
Cops3,29.5146,28.13868,28.64351,28.64351,28.29614,28.38439,28.00147,28.29614
Snx5,29.47603,28.72657,28.56151,28.72657,26.00933,26.1716,25.21974,26.00933
Pak2,30.34213,29.42726,29.38811,29.42726,28.20308,27.82299,27.58355,27.82299
Etfb,31.97182,31.37591,31.31942,31.37591,29.03779,29.13134,28.77216,29.03779
Rbmxl1,29.6974,29.29833,29.39697,29.39697,27.91325,27.6762,27.64058,27.6762
Eif5,29.5476,29.10072,29.15335,29.15335,28.11242,28.03528,27.45497,28.03528
Lphn3,23.90095,22.70788,21.81706,22.70788,25.91855,25.6416,25.63303,25.6416
Suclg2,31.50247,30.12522,29.87373,30.12522,26.03444,25.81091,25.52073,25.81091
Tom1l2,28.70639,27.60513,27.43579,27.60513,27.36536,27.27062,26.43646,27.27062
Nos1,20.85072,20.64394,19.06334,20.64394,25.2116,25.24659,24.30779,25.2116
Rps10,30.3053,29.46026,29.38208,29.46026,29.89908,30.11098,29.94098,29.94098
Ephx1,31.65203,31.16159,31.45003,31.45003,26.42923,25.91251,25.56912,25.91251
Nampt,28.82505,28.06666,28.1613,28.1613,26.17613,25.67023,26.14579,26.14579
Ide,28.45588,28.27502,27.86077,28.27502,27.19451,26.91536,26.63076,26.91536
Ntrk2,27.63596,25.12975,25.46451,25.46451,28.09048,28.0336,27.55742,28.0336
Chordc1,28.98926,28.7051,28.41885,28.7051,27.72553,28.44873,27.9948,27.9948
Nisch,26.65253,25.76002,26.04708,26.04708,25.35814,25.30389,24.83812,25.30389
Dmtn,21.83229,22.04484,23.3806,22.04484,23.6279,23.52157,23.28546,23.52157
Rpl23,31.95414,30.91876,30.73036,30.91876,30.51822,30.60823,30.3592,30.51822
Akr7a2,29.92719,29.12544,28.75165,29.12544,28.35216,28.09728,28.01701,28.09728
Rps6ka1,26.42395,25.85826,25.38893,25.85826,26.13208,25.88323,25.64372,25.88323
Eif4b,28.48723,27.96912,28.05253,28.05253,25.63309,25.40191,25.37786,25.40191
Pcdh1,25.95757,24.88278,24.46033,24.88278,26.23608,26.05047,25.41509,26.05047
Ndrg3,27.45701,27.20853,26.27961,27.20853,28.67929,28.79758,28.18792,28.67929
Atp6v1f,28.44118,28.08126,28.6487,28.44118,29.75315,29.59845,28.88172,29.59845
Srrt,27.43388,26.52885,26.13167,26.52885,27.24173,27.37127,27.00806,27.24173
Soga3,26.68298,24.53041,24.05242,24.53041,27.20135,26.6224,26.09065,26.6224
Git1,27.29535,26.5047,26.27106,26.5047,27.59726,27.3533,27.23133,27.3533
Nrbp1,25.95214,25.2966,25.03196,25.2966,28.11872,28.1715,27.86302,28.11872
Hnrnpdl,29.17226,28.37036,28.4184,28.4184,29.10986,28.94637,28.84984,28.94637
Elavl1,30.63045,29.70222,29.97473,29.97473,29.98454,29.61295,29.8732,29.8732
Sipa1l1,24.40691,25.44221,25.42294,25.42294,22.52974,22.67131,22.12098,22.52974
Psma4,29.90727,28.96747,29.47504,29.47504,29.20469,29.39297,28.842,29.20469
Rpl31,30.8087,30.78379,30.69768,30.78379,30.40639,30.26908,29.98046,30.26908
Prex1,26.59164,25.58121,25.51662,25.58121,24.78766,24.78297,24.02724,24.78297
Camkk2,24.17425,24.80282,22.47083,24.17425,26.12361,26.05318,25.61997,26.05318
Cul5,27.38862,26.69232,26.28588,26.69232,27.57766,27.47065,27.17274,27.47065
Hspg2,28.31475,27.51073,27.73266,27.73266,21.79887,21.60128,21.59751,21.60128
Rps7;Gm9493,29.82501,29.71019,29.84194,29.82501,29.86924,29.86009,29.70174,29.86009
Fuk,24.63218,24.79099,24.67525,24.67525,28.50915,28.34668,23.24747,28.34668
Syt1,,,,,23.83576,23.40302,22.89639,23.40302
Hba-a2;Hba,26.23147,25.57248,27.27533,26.23147,28.99626,30.1262,29.21422,29.21422
Rims1,20.8187,21.17536,21.39984,21.17536,24.88022,24.44866,23.90729,24.44866
Sub1,30.6055,30.60964,30.55417,30.6055,29.53733,29.17281,29.45213,29.45213
Auh,27.67445,27.45458,27.26607,27.45458,27.38887,27.52582,27.50998,27.50998
Gk,27.36945,25.8168,26.28947,26.28947,25.35901,25.30689,24.98906,25.30689
Ap1m1,28.04119,27.43706,28.06661,28.04119,27.78257,27.65322,27.48876,27.65322
Gcn1l1,27.6441,26.34949,26.20098,26.34949,26.641,26.73905,26.18164,26.641
Psmb3,30.11582,29.72226,29.84395,29.84395,29.58611,29.68433,29.30147,29.58611
Ranbp2,26.94044,26.14973,26.11273,26.14973,24.64927,24.66433,24.47457,24.64927
Pdzrn3,23.86929,24.40035,24.99895,24.40035,25.87603,26.24762,24.43492,25.87603
Pde1b,26.29406,25.73117,25.25868,25.73117,25.656,25.29221,25.04239,25.29221
Chl1,26.06591,24.41022,23.9167,24.41022,26.96917,27.05848,26.9345,26.96917
Grm3,19.2908,19.7009,18.34772,19.2908,24.94024,24.85481,24.96477,24.94024
S100a1,30.57921,29.52574,28.21169,29.52574,27.06928,26.18777,25.8818,26.18777
Prkaca,25.01431,23.74201,23.73862,23.74201,28.31233,28.12549,27.76995,28.12549
Gart,27.39844,27.04469,26.80686,27.04469,27.58585,27.47018,27.19423,27.47018
Gsr,29.68535,29.4017,29.81328,29.68535,27.74394,27.36545,26.94078,27.36545
Grin1,25.34126,16.41067,16.51471,16.51471,24.89989,24.70967,24.33313,24.70967
Rnh1,31.47933,30.41579,30.55783,30.55783,26.41377,26.93416,26.22674,26.41377
Serpinb1a,27.76021,26.31346,26.3577,26.3577,18.62235,15.3713,18.51526,18.51526
Ndufb4,30.29033,29.05098,29.26533,29.26533,29.52423,29.79959,29.74079,29.74079
Gm15800,23.06345,21.96782,22.20344,22.20344,25.89539,26.12349,25.67767,25.89539
Scai,23.5798,22.33889,22.16769,22.33889,26.51971,26.58964,25.91928,26.51971
Pgp,27.49106,27.02602,27.06846,27.06846,27.36995,27.60371,26.41914,27.36995
Csrp1,31.88787,31.231,31.25056,31.25056,26.34267,25.55101,25.10494,25.55101
Mpi,27.87935,27.07714,26.67842,27.07714,27.05393,26.91946,26.21924,26.91946
Eif3c,29.11503,28.25219,28.57856,28.57856,28.18966,28.04411,27.81653,28.04411
Pccb,30.68068,29.44172,29.32935,29.44172,26.95394,26.86325,26.93719,26.93719
Cep170b,23.17729,21.8532,20.946,21.8532,22.82879,22.26788,22.0458,22.26788
Ablim2,24.87643,23.95011,23.40782,23.95011,23.35984,24.25169,23.56326,23.56326
Nln,30.05647,29.08111,29.004,29.08111,28.34291,28.1756,27.8871,28.1756
Iqgap1,29.83947,28.86682,28.82584,28.86682,24.44544,24.26033,23.80774,24.26033
Uso1,29.29553,28.45254,28.62041,28.62041,27.36411,27.26347,27.01956,27.26347
Elmo1,26.08495,24.63705,23.94958,24.63705,25.59511,25.71937,25.36155,25.59511
Etf1,29.51102,28.75207,28.86112,28.86112,28.47499,28.40454,28.50673,28.47499
Ndufa2,28.57413,27.72748,26.83605,27.72748,27.71725,27.903,27.79086,27.79086
Sh3gl1,28.43555,27.13819,27.44198,27.44198,26.59106,26.59149,26.51964,26.59106
Arcn1,29.95185,29.1323,29.49081,29.49081,27.79141,27.7795,27.57391,27.7795
Ptprs,24.55497,23.47284,23.24376,23.47284,26.82736,26.53324,26.41503,26.53324
Copg1,28.90285,28.07245,27.89452,28.07245,27.74143,28.02078,27.42662,27.74143
Acyp1,29.31447,29.43289,28.75363,29.31447,26.68819,26.39248,26.309,26.39248
Rabep1,26.08827,25.17158,24.46862,25.17158,26.15516,25.6329,26.03702,26.03702
Coro7,28.00443,27.07561,26.89169,27.07561,26.27842,26.31166,25.94637,26.27842
Erc1,26.82335,26.01214,25.79015,26.01214,26.97388,26.73738,26.53234,26.73738
Nudt21,28.61108,27.40738,27.17617,27.40738,28.07322,28.04098,27.87531,28.04098
Trap1,29.83957,28.80996,28.9249,28.9249,27.60534,27.64389,27.241,27.60534
Lamc1,29.02012,28.14856,28.10019,28.14856,21.23333,21.68123,21.62404,21.62404
Nf1,25.3056,24.79377,24.30257,24.79377,25.65193,25.6317,25.33091,25.6317
Pdcd6,28.83222,28.86962,29.01366,28.86962,28.05956,27.76275,27.62268,27.76275
Ncs1,26.98055,26.85531,26.49103,26.85531,28.34477,28.14258,27.14598,28.14258
Rpl12,31.75103,30.82525,31.11229,31.11229,30.45523,30.57561,30.231,30.45523
Alg2,28.1207,28.05853,27.88034,28.05853,29.4396,30.01199,29.21009,29.4396
Pitpnm2,25.15337,23.71062,23.43987,23.71062,25.07985,25.30337,24.76557,25.07985
Rps16,31.81723,31.24445,31.51112,31.51112,31.02907,30.77541,30.71865,30.77541
Hgs,28.91892,28.45494,28.12785,28.45494,27.46108,27.44679,27.1546,27.44679
Gbas,29.82595,29.14596,28.71715,29.14596,27.25196,26.98218,26.84888,26.98218
Actr3b,24.47482,21.20108,22.27233,22.27233,26.12116,26.87162,25.92388,26.12116
Pitrm1,28.74063,28.14798,28.03617,28.14798,26.40149,26.47976,26.08533,26.40149
Abi2,26.60781,25.70549,25.2887,25.70549,26.66628,26.26232,26.41854,26.41854
Rcn2,29.62744,29.75553,29.43466,29.62744,28.22545,27.97684,27.66418,27.97684
Kcna1,,18.5816,,18.5816,23.58623,23.90821,23.19396,23.58623
Them4,26.63312,25.92567,26.19235,26.19235,27.54716,27.06569,26.6381,27.06569
Adrbk1,24.91925,24.70815,23.97928,24.70815,26.86479,26.94089,26.65308,26.86479
Hcn2,17.33778,15.04521,18.09862,17.33778,20.655,21.4766,20.32861,20.655
Naca,27.62527,27.21382,26.96543,27.21382,25.81194,25.66696,25.26145,25.66696
Erh,31.47208,29.52873,30.40172,30.40172,29.87128,29.86372,29.86106,29.86372
Tbca,28.26946,29.37743,29.33006,29.33006,29.94782,29.10988,28.65427,29.10988
Rogdi,24.59514,23.80509,21.92031,23.80509,27.18509,27.2129,26.93461,27.18509
Srm,29.52908,28.23968,28.71283,28.71283,29.75519,29.64969,29.30315,29.64969
Apex1,28.78182,28.44304,28.41337,28.44304,29.15076,29.40631,29.16663,29.16663
Ppp6r3,26.34802,25.53561,24.16077,25.53561,27.10029,27.17236,26.34731,27.10029
Prnp,27.12327,26.3334,26.60244,26.60244,25.60113,26.31945,24.83316,25.60113
Srr,29.67494,28.44209,27.99453,28.44209,27.33125,27.80993,27.40031,27.40031
Ablim1,25.75445,25.18518,24.89176,25.18518,24.65578,24.97321,24.81861,24.81861
Ndufb5,28.45006,28.00008,27.35313,28.00008,28.13506,28.13477,27.97147,28.13477
Ptges2,26.29144,25.4024,25.38215,25.4024,27.36127,27.41369,26.90024,27.36127
Grhpr,30.32732,29.33501,29.57098,29.57098,26.45599,26.33076,25.50297,26.33076
Homer3,25.76587,24.21786,25.40912,25.40912,24.10406,23.44455,23.34584,23.44455
Tmx3,27.38566,26.8071,26.65198,26.8071,26.83232,26.98685,26.86432,26.86432
Numa1,27.97804,26.80501,26.70622,26.80501,24.40126,24.0535,24.25731,24.25731
Grpel1,29.1776,29.34953,28.88017,29.1776,28.41345,27.89163,27.80575,27.89163
Etfdh,29.68844,29.20189,28.66139,29.20189,26.62171,26.44017,26.10516,26.44017
Rps18;Gm10260,31.00578,30.73723,30.81993,30.81993,30.66314,30.59815,30.24479,30.59815
Smarcc2,27.61835,27.00432,26.71253,27.00432,27.22748,26.88239,26.92603,26.92603
Grid2,22.86554,23.7265,23.71303,23.71303,20.5827,20.77008,19.34197,20.5827
Psmb2,29.89276,28.49789,29.38028,29.38028,28.73725,28.73505,28.83289,28.73725
Bsg,31.11688,29.89313,30.3416,30.3416,27.787,27.71057,27.45348,27.71057
Psmb4,30.13333,29.12448,29.67406,29.67406,29.49817,29.36676,29.10022,29.36676
Grin2a,19.82356,26.24766,19.61162,19.82356,19.45326,18.57323,18.26788,18.57323
H2afy2,29.85463,28.98074,29.36557,29.36557,30.59682,30.58504,30.40781,30.58504
Mars,28.78734,27.94576,27.99916,27.99916,28.46322,28.67526,28.26293,28.46322
Nans,29.61034,28.90119,28.81259,28.90119,29.28129,29.40682,28.97651,29.28129
Nedd4,28.6465,27.67681,27.33194,27.67681,28.06948,28.02089,27.69896,28.02089
Acss1,29.19929,27.7481,27.80347,27.80347,26.44266,25.72533,25.22475,25.72533
Anxa7,30.28306,29.38644,29.25235,29.38644,26.75379,27.13975,26.44071,26.75379
Pnpo,25.79171,25.66324,25.2143,25.66324,26.08978,25.96996,25.45547,25.96996
Txnrd1,29.58269,29.46919,29.69634,29.58269,27.73143,27.80901,27.58405,27.73143
Fis1,29.06905,28.84458,28.2662,28.84458,28.10704,28.60159,28.08274,28.10704
Sparcl1,24.93751,22.66084,22.71385,22.71385,24.22737,23.51581,23.47085,23.51581
Dnpep,29.84319,28.70659,28.88731,28.88731,28.72796,28.67647,27.98761,28.67647
Srsf7,29.09718,28.96268,29.10415,29.09718,29.92776,29.67669,29.68838,29.68838
Mprip,28.93904,27.96884,27.91701,27.96884,22.00949,22.37806,22.07917,22.07917
Rps19,31.41115,30.58629,31.29953,31.29953,29.12758,29.13136,29.02374,29.12758
Osbpl8,25.79885,24.54846,24.14274,24.54846,27.63381,27.66506,27.55003,27.63381
Prune,26.72286,25.94532,26.55625,26.55625,28.38397,28.07577,28.04463,28.07577
Serpinb6;Serpinb6a,30.56484,29.92366,29.50013,29.92366,25.43186,25.66755,25.16844,25.43186
Snx4,27.18971,26.22839,25.94621,26.22839,27.053,27.01945,26.69631,27.01945
Acsf2,30.83522,29.97692,30.11954,30.11954,26.09138,25.23874,24.70456,25.23874
Timm10,27.90064,26.60513,26.04885,26.60513,28.20261,28.22931,27.77543,28.20261
Slc39a10,25.07908,24.78756,23.96482,24.78756,26.5402,26.6476,26.25021,26.5402
Mthfd1l,27.93764,27.23261,26.77342,27.23261,27.38171,27.2525,26.88611,27.2525
Phactr1,,22.83113,22.32089,22.57601,23.61526,23.8145,23.51605,23.61526
Stk39,26.78419,26.0209,25.3888,26.0209,26.21397,26.26508,25.27117,26.21397
Rps14,33.04378,32.62638,32.77961,32.77961,31.64642,31.57849,31.80463,31.64642
Capn5,22.49746,22.57318,22.58263,22.57318,26.5374,26.92116,26.46225,26.5374
Flnb,31.88264,31.12577,31.18542,31.18542,24.96921,24.50124,24.10454,24.50124
Abcd3,28.4698,27.42646,27.57239,27.57239,27.48693,27.37119,26.95438,27.37119
Aimp1,29.36699,29.06989,29.10627,29.10627,28.0683,27.69152,27.65322,27.69152
Fth1,30.21605,29.83394,30.38391,30.21605,28.07842,27.68372,27.509,27.68372
Bcas1,24.3073,23.32732,22.95662,23.32732,19.54552,19.41181,20.19184,19.54552
Ipo9,27.58556,26.17621,26.56551,26.56551,27.92587,27.85798,27.58613,27.85798
Hibadh,31.34313,30.21709,29.95588,30.21709,27.94559,27.88629,26.82189,27.88629
Arfgef3,23.94976,22.15765,21.44056,22.15765,25.03959,25.40211,25.02369,25.03959
Uqcrh,25.0592,24.42758,24.88236,24.88236,26.27302,24.9327,25.00877,25.00877
Ppp1r1b,,21.42496,,21.42496,27.79699,27.20088,26.59335,27.20088
Gm20441,29.54576,28.83171,29.02865,29.02865,27.03433,27.12888,26.8023,27.03433
Asap1,25.86995,24.46289,25.14841,25.14841,24.20479,23.95447,23.57045,23.95447
Uba2,28.54757,27.75302,27.2507,27.75302,27.96554,28.25498,27.40422,27.96554
Clic4,31.11253,30.87628,30.64659,30.87628,27.43046,27.19826,27.06579,27.19826
Cyfip1,27.778,26.75341,26.8276,26.8276,24.6904,24.76835,24.05457,24.6904
Slc44a1,24.24837,24.44784,23.84134,24.24837,23.5451,23.51809,22.2383,23.51809
Eps15,28.56031,26.99873,26.72637,26.99873,22.81192,22.9304,22.47467,22.81192
Gsto1,29.44721,29.54773,30.17807,29.54773,27.52679,27.64471,27.07887,27.52679
Bcat1,27.51247,26.65826,27.05041,27.05041,28.38162,28.26504,27.99172,28.26504
Nap1l4,29.70283,28.96821,28.80474,28.96821,29.19896,29.10622,28.98411,29.10622
Dclk2,24.53309,23.90976,24.4186,24.4186,27.73499,27.80772,27.5755,27.73499
Map1lc3b,29.14919,29.48297,28.9488,29.14919,30.50142,30.52897,30.29143,30.50142
Ruvbl1,30.97774,30.28549,30.44451,30.44451,29.30817,29.19446,29.06407,29.19446
Rbm8a,30.53705,29.50751,28.82475,29.50751,28.79362,28.02786,28.04547,28.04547
Eif4g3,26.22439,25.64094,25.19122,25.64094,25.23103,25.38683,25.08323,25.23103
Cacna2d3,18.84827,20.585,17.33865,18.84827,25.42454,25.21745,23.96499,25.21745
Tfrc,27.27115,26.75863,27.40056,27.27115,28.28021,28.22651,28.10355,28.22651
Kbtbd11,26.65704,25.34584,25.57888,25.57888,25.39103,25.40558,24.3868,25.39103
Prdx4,30.73158,30.11818,30.42812,30.42812,28.64798,28.61803,28.13785,28.61803
Sh3bgrl,31.58508,30.89497,30.94412,30.94412,29.27275,29.65251,29.24318,29.27275
Vps45,26.81311,25.77849,25.79568,25.79568,27.21438,27.08881,26.65554,27.08881
Prpsap2,28.61576,27.73053,27.49457,27.73053,28.38208,28.37028,27.7415,28.37028
Ptges3,31.32077,30.9414,30.82957,30.9414,30.10149,30.6837,29.88062,30.10149
Camk2g,28.09456,27.09557,26.98207,27.09557,28.09331,28.0574,27.73027,28.0574
Rhoa,31.54269,31.20239,30.8455,31.20239,30.45748,30.63616,30.63409,30.63409
Trove2,27.04978,26.56773,25.94204,26.56773,27.54473,27.75882,27.85424,27.75882
Nedd4l,25.99226,25.48864,25.87685,25.87685,27.4247,27.22738,27.05238,27.22738
Rbbp4,29.66885,28.62136,28.58796,28.62136,28.65479,28.49895,28.08279,28.49895
Ube3a,26.9982,26.52803,26.63256,26.63256,27.29737,27.76414,27.12317,27.29737
Lgalsl,26.80181,26.69299,26.22068,26.69299,28.04166,27.86738,26.70359,27.86738
Ppp2r5e,27.76319,26.71175,27.18244,27.18244,28.83277,28.80101,27.98555,28.80101
Sorbs1,30.01319,28.94285,28.94266,28.94285,23.32965,23.51893,23.65009,23.51893
Exoc2,26.36806,26.42944,25.80568,26.36806,27.08649,27.28047,26.91775,27.08649
Arhgap44,23.98624,24.94811,24.84498,24.84498,23.9722,24.49644,24.11561,24.11561
Cadps2,21.89767,19.10881,20.38806,20.38806,23.16073,22.77784,22.35703,22.77784
Mcu,28.48616,27.68706,27.09989,27.68706,28.03606,27.97946,27.32251,27.97946
Ccdc132,25.63006,25.05283,24.732,25.05283,26.81763,26.8776,26.3869,26.81763
Scg2,22.37079,21.42122,22.50686,22.37079,24.98425,24.58228,24.25516,24.58228
Scrn3,25.30675,24.33197,25.05117,25.05117,22.73544,22.91136,21.51321,22.73544
Cdc42bpb,26.82469,25.94414,25.76385,25.94414,26.66452,26.67842,26.36075,26.66452
Hdgfrp2,26.37523,25.90502,25.93416,25.93416,26.79971,26.32816,26.14816,26.32816
Rps6,32.2234,31.39555,31.70726,31.70726,31.1531,31.12448,30.82449,31.12448
Cars,28.80187,27.78232,28.11476,28.11476,27.53653,27.26338,27.15557,27.26338
Bclaf1,27.7911,26.81213,26.55254,26.81213,26.69922,25.94918,25.80831,25.94918
Hmgcs1,28.14885,27.78088,26.92954,27.78088,29.12861,29.2841,28.95013,29.12861
Crk,30.11135,29.51831,29.43006,29.51831,28.22669,27.72358,27.60604,27.72358
Safb,28.7637,27.90581,27.71771,27.90581,26.60767,26.36092,26.45976,26.45976
Ddost,28.72819,28.66024,28.29193,28.66024,28.79113,29.05992,28.69166,28.79113
Arhgap5,27.62881,26.78519,26.50281,26.78519,24.63583,24.46114,24.4665,24.4665
Ap3m2,26.65554,25.80887,25.66969,25.80887,28.11744,28.34189,27.64993,28.11744
Lin7a,28.6797,28.80852,28.55863,28.6797,27.71614,27.35926,27.8499,27.71614
Capns1,31.42742,30.43221,30.22642,30.43221,26.97946,26.76142,26.2279,26.76142
Exoc1,25.99343,25.15248,25.02728,25.15248,26.9968,26.99021,26.67922,26.99021
Tpd52l2,29.75522,28.95338,28.84986,28.95338,26.56152,26.98294,26.81348,26.81348
Gabbr1,23.48345,25.92918,22.03486,23.48345,26.66384,26.74894,26.2549,26.66384
Cul2,26.47723,26.17133,25.5354,26.17133,27.75704,27.93117,27.70431,27.75704
Kif2a,26.39898,26.04197,26.42337,26.39898,28.69939,29.09622,28.77455,28.77455
Olfm1,20.34895,,19.00405,19.6765,23.56221,23.92705,24.04568,23.92705
Chchd6,29.03315,28.87282,28.80894,28.87282,27.80372,28.053,27.64306,27.80372
Rab5a,29.41971,28.2911,28.69508,28.69508,28.87871,28.91439,28.43524,28.87871
Lmnb2,28.78054,28.45509,28.243,28.45509,26.53364,26.47706,25.95653,26.47706
Dbi,34.51606,33.3391,33.30226,33.3391,30.50484,30.10999,30.27231,30.27231
Eif3f,29.93649,28.51213,28.61372,28.61372,29.06723,28.95953,28.68539,28.95953
Hint2,29.33926,29.22023,29.11724,29.22023,28.09793,27.59953,26.45855,27.59953
Ppfia2,23.636,22.70864,21.28337,22.70864,26.2611,26.57436,26.48672,26.48672
Fsd1,25.86913,25.28824,24.82464,25.28824,28.6552,28.64344,28.26696,28.64344
mt-Co1;Mtco1,26.26591,27.01201,25.16242,26.26591,28.31601,28.40015,28.45666,28.40015
Ttc7b,24.31804,23.05404,22.4439,23.05404,24.88916,24.87933,25.51896,24.88916
Ensa,28.71033,27.65526,27.77725,27.77725,25.23294,24.12471,22.63467,24.12471
Scp2,29.24534,28.18196,28.50476,28.50476,27.39803,27.50612,27.21558,27.39803
Rasgrf2,16.99015,18.12495,17.68695,17.68695,24.25176,24.48351,24.2379,24.25176
Pip4k2c,26.89435,26.6088,26.36808,26.6088,25.70359,25.63851,25.67463,25.67463
Nras,29.00241,28.1907,28.44221,28.44221,29.11634,28.9643,28.31562,28.9643
Hnrnpf,31.23426,30.94168,30.88983,30.94168,29.44253,29.51271,29.35531,29.44253
Mccc1,29.61889,28.48501,28.38212,28.48501,26.08357,27.1519,26.96124,26.96124
Rpl13,32.08287,30.92931,31.08163,31.08163,30.70099,30.6186,30.42902,30.6186
Acot13,29.84975,28.97943,29.41393,29.41393,27.94431,27.30295,27.80655,27.80655
Cenpv,29.80067,29.31542,29.31922,29.31922,29.74913,29.9474,29.2059,29.74913
Pde1a,26.36646,24.93612,25.19719,25.19719,23.98033,23.04915,23.80882,23.80882
Hsd17b12,29.53692,29.06381,29.29373,29.29373,29.47267,29.43008,29.2624,29.43008
H2afv;H2afz,31.36719,30.36974,30.89446,30.89446,31.55215,31.08493,30.8067,31.08493
Gspt1,28.81143,28.12908,28.05238,28.12908,28.60431,28.58778,28.31536,28.58778
Tpm1,32.41913,32.03646,31.88969,32.03646,26.61709,25.99772,26.05194,26.05194
Iqsec2,23.78576,22.76654,21.3988,22.76654,23.60885,23.45839,23.31562,23.45839
Lrrc47,28.12273,27.30556,27.20872,27.30556,27.81635,27.61477,27.27195,27.61477
Sf3a1,27.86726,27.11088,26.87713,27.11088,26.54943,25.66622,25.31776,25.66622
Eif2s2,29.96334,29.15983,29.18241,29.18241,27.95149,27.97574,27.32937,27.95149
Dip2b,26.94704,26.05428,25.61762,26.05428,26.95903,27.05144,26.51034,26.95903
Vps26a,28.74169,28.04484,28.2907,28.2907,27.24717,27.3726,26.72715,27.24717
Efr3b,24.02631,23.4256,23.10949,23.4256,25.53273,25.44518,24.74607,25.44518
Slc25a18,30.97206,30.08208,30.49095,30.49095,26.94134,26.79117,27.77065,26.94134
Rps11,31.43539,30.98046,31.07788,31.07788,30.2474,30.47305,30.10162,30.2474
Rapgef4,21.9365,20.45543,21.48104,21.48104,24.73092,24.84542,24.51334,24.73092
Arl6ip5,27.94067,27.07674,28.1043,27.94067,28.71732,28.72104,28.29675,28.71732
Sacs,23.08976,21.86718,21.89004,21.89004,22.82114,23.27654,23.0375,23.0375
Slc6a1,25.35077,23.74283,24.02834,24.02834,28.2454,28.1882,27.04667,28.1882
Snx3,30.64229,29.4353,28.93374,29.4353,28.50877,28.09159,27.77518,28.09159
Hip1r,26.27673,25.34915,24.81592,25.34915,26.06778,25.99912,25.83769,25.99912
Arl3,30.35909,29.97774,30.17581,30.17581,30.08929,29.87665,29.45317,29.87665
Kpna3,29.34826,28.27768,28.15692,28.27768,28.98872,28.93559,28.40129,28.93559
Ache,19.02608,,17.54397,18.285025,26.68525,22.36335,26.53373,26.53373
Fabp7,33.68958,32.95968,32.75017,32.95968,31.62662,31.27492,31.03682,31.27492
Arhgap32,24.88855,23.69562,23.64746,23.69562,23.7063,23.84766,23.40106,23.7063
Nucb1,29.93143,29.61226,29.26188,29.61226,27.72149,27.22398,27.35422,27.35422
Ccar2,28.03952,26.854,26.4681,26.854,27.02528,27.06969,27.23133,27.06969
Snrnp70,29.12174,28.53286,28.18281,28.53286,27.99432,27.56318,27.35347,27.56318
Snrk,22.44587,21.32312,21.62756,21.62756,22.93747,23.57554,23.43161,23.43161
Gltp,24.51171,22.07793,24.24873,24.24873,22.21318,22.25396,21.36746,22.21318
Gpr158,20.35531,21.43644,22.48697,21.43644,23.33593,20.0125,19.05051,20.0125
Agap2,21.26316,18.63368,21.48483,21.26316,25.04748,25.07173,24.66177,25.04748
Tnpo2,27.79823,26.64265,26.9447,26.9447,28.02855,28.03847,27.54532,28.02855
Tubb6,29.15878,26.67438,28.57084,28.57084,26.32917,23.66014,25.46292,25.46292
Rras2,28.3639,27.67088,27.26776,27.67088,28.61824,28.63592,28.81302,28.63592
Pdk2,26.15636,25.79318,25.5491,25.79318,25.51072,25.25634,24.42924,25.25634
Atp5j,30.73868,30.76636,30.13846,30.73868,31.08151,30.62645,30.39499,30.62645
Pgls,29.79464,28.97733,28.95402,28.97733,29.62909,29.60302,29.23633,29.60302
Cryz,30.82054,29.92309,30.47363,30.47363,26.61695,26.27892,26.60654,26.60654
Ndrg4,18.76059,17.9194,,18.339995,28.84428,28.62568,28.56474,28.62568
Sar1a,28.67956,28.851,28.44419,28.67956,29.05946,29.0516,28.97517,29.0516
Rrbp1,28.97689,28.00694,27.95931,28.00694,24.35904,23.61223,22.9945,23.61223
Acadvl,30.68487,29.52066,29.45865,29.52066,26.81115,26.75723,26.38977,26.75723
Astn1,22.81462,21.06815,21.16925,21.16925,25.46719,25.13731,24.98898,25.13731
Rhob,28.69259,27.75296,27.2479,27.75296,29.69315,30.12534,29.49977,29.69315
Eftud2,28.11008,27.59598,27.44031,27.59598,27.74188,27.77756,27.27071,27.74188
Dlgap2,22.93105,14.09655,16.68647,16.68647,20.42665,20.74944,16.73542,20.42665
Arfgap1,27.1046,26.29486,26.38768,26.38768,24.94971,24.80218,24.67098,24.80218
Atad1,30.11533,29.00841,28.73673,29.00841,27.69744,27.88449,27.55179,27.69744
Nid1,26.6637,25.97454,24.91447,25.97454,21.13896,21.10303,20.50494,21.10303
Gfm1,27.15721,26.43466,26.36486,26.43466,26.54075,26.07386,26.24164,26.24164
Emc1,28.2278,27.01892,26.99097,27.01892,28.13472,27.97607,27.68043,27.97607
Eci1,30.73707,29.71519,29.83858,29.83858,26.49049,25.99669,25.30247,25.99669
Msra,26.55967,27.33909,26.6088,26.6088,27.04375,26.61947,26.17604,26.61947
Lama5,28.08284,27.5847,27.51307,27.5847,19.33787,20.38343,19.75789,19.75789
Ftl1,31.44016,31.66577,32.14519,31.66577,29.93185,29.73929,29.86582,29.86582
Cald1,32.51347,32.06654,32.32085,32.32085,22.53146,21.29002,20.69277,21.29002
Gsta4,31.12651,30.44599,30.85601,30.85601,26.26576,25.53291,25.40545,25.53291
Mpp1,27.62108,27.47398,27.51766,27.51766,23.9604,23.16153,23.17055,23.17055
Ccdc136,19.22605,18.00701,16.34428,18.00701,23.3415,23.0466,22.88815,23.0466
Esyt1,26.05695,25.59038,25.4541,25.59038,23.20029,22.75855,22.031,22.75855
Gng13,,16.51721,,16.51721,,16.61554,,16.61554
Gas7,23.51665,21.98767,22.27236,22.27236,27.23571,27.07867,26.35153,27.07867
Rps28,32.27747,32.47216,32.3133,32.3133,30.89302,30.72996,30.4745,30.72996
Arrb1,26.93551,25.94456,26.05623,26.05623,27.29465,27.15219,26.95271,27.15219
Btbd17,23.09652,21.59878,19.30461,21.59878,25.55625,25.2314,18.54461,25.2314
Syngr3,24.63843,22.58875,23.46476,23.46476,28.785,28.91442,28.73612,28.785
Psmd4,30.70874,30.07316,30.18329,30.18329,29.53834,29.5675,28.76582,29.53834
Acot1,31.9465,31.34567,31.19847,31.34567,27.46139,27.35674,25.50124,27.35674
Cds2,27.06876,26.31057,26.15733,26.31057,27.47367,27.49052,27.09738,27.47367
Lamtor1,30.5681,29.39403,29.41016,29.41016,28.69073,28.73509,28.53653,28.69073
Eif4a3;Gm8994,29.35489,28.67411,28.91014,28.91014,28.35637,28.66133,28.82948,28.66133
Dnm2,29.40872,28.28776,28.42818,28.42818,27.17636,26.77744,26.55119,26.77744
Cend1,26.13876,24.94293,25.3033,25.3033,27.44845,27.99701,27.67007,27.67007
Plxnb2,28.14991,27.4227,27.16911,27.4227,26.51829,26.50012,26.22558,26.50012
Acot11,27.62087,26.75302,26.52986,26.75302,21.31484,21.50169,21.08213,21.31484
Ubap2l,28.79343,27.46521,27.48378,27.48378,25.96873,25.68939,25.77698,25.77698
Rbbp9,29.59213,29.32064,28.98158,29.32064,28.00496,27.46505,27.45411,27.46505
Map4k4,26.60569,26.18414,26.34761,26.34761,27.56718,27.62547,27.28551,27.56718
Mpc2,25.21697,25.44982,25.65941,25.44982,29.21011,29.18419,28.72241,29.18419
Rps5,31.1811,30.25699,30.22515,30.25699,29.98699,30.43698,29.8826,29.98699
Hp1bp3,30.50123,29.73489,29.79512,29.79512,29.63462,29.31557,29.56378,29.56378
Txndc5,29.67939,29.15323,29.23114,29.23114,26.61133,26.21605,26.092,26.21605
Xpnpep1,28.40268,27.50854,27.69988,27.69988,28.03967,28.12898,27.6107,28.03967
Ptprn2,19.27994,,,19.27994,24.0814,24.05109,23.43936,24.05109
Grm1,18.42943,20.74698,20.42767,20.42767,21.72263,21.62029,21.00956,21.62029
Mgst3,24.29719,23.79679,23.47308,23.79679,29.63429,29.93832,29.34251,29.63429
Psmb1,31.39356,30.18151,30.69387,30.69387,29.11798,29.75251,29.7591,29.75251
Slc25a25,27.78986,25.67382,26.19592,26.19592,25.28171,25.11227,24.87164,25.11227
Tenm4,22.49407,21.74296,21.10489,21.74296,24.5764,24.37723,24.02547,24.37723
Ppp1r12a,29.42568,28.18262,28.50533,28.50533,27.00796,27.14909,26.83087,27.00796
Ephx2,25.58912,23.4108,23.14549,23.4108,21.68898,21.33979,20.25557,21.33979
Snx27,28.65096,28.06121,27.77931,28.06121,27.18035,27.37923,27.08598,27.18035
Inpp1,28.28158,27.11297,27.13222,27.13222,27.13271,26.85186,26.31088,26.85186
Clint1,28.57564,27.52051,27.7239,27.7239,26.495,25.60218,25.48646,25.60218
Dlgap1,21.49072,20.5966,21.53526,21.49072,24.8005,24.72546,23.99032,24.72546
Hapln4,,20.06605,,20.06605,22.70003,21.99324,17.5092,21.99324
Me2,29.62859,30.03538,27.94056,29.62859,25.96195,26.27112,25.61167,25.96195
Spag9,27.69385,26.71227,26.70965,26.71227,25.6209,25.40607,25.2442,25.40607
Rps25,31.80374,30.74823,31.39412,31.39412,30.8886,30.64263,30.78097,30.78097
Sae1,29.19439,28.24921,28.24164,28.24921,28.57423,28.21919,28.11267,28.21919
Psmd14,29.29818,28.21401,28.41381,28.41381,29.58486,29.3919,29.05809,29.3919
Mcts1,28.42214,26.79067,27.72273,27.72273,28.73638,29.15776,28.44114,28.73638
Vwa5a,31.19988,29.90913,29.87405,29.90913,23.86136,24.16346,23.0955,23.86136
Ak5,26.00704,25.15271,24.02589,25.15271,25.98843,25.8469,24.78611,25.8469
Etl4;Skt,24.12463,23.06974,22.61731,23.06974,21.84938,22.06444,21.43349,21.84938
Scfd1,28.65745,27.18565,27.40145,27.40145,26.36505,26.27028,26.24963,26.27028
Qars,28.10174,27.63256,27.69398,27.69398,26.80501,26.65281,26.48573,26.65281
Prkcd,25.07631,24.1934,24.35649,24.35649,24.22568,24.81264,23.57704,24.22568
Eif3d,28.50768,27.80735,27.80845,27.80845,27.97285,28.12544,27.72481,27.97285
Vapb,29.83,28.62422,28.86112,28.86112,27.9077,27.84254,27.5634,27.84254
Mtpn,31.45919,30.28791,30.20734,30.28791,30.68746,30.72809,30.7643,30.72809
Eif3l,29.01324,28.05315,28.23695,28.23695,27.7483,27.45089,27.44884,27.45089
Tceb1,31.0039,30.38864,30.66127,30.66127,29.87732,29.68679,29.62975,29.68679
Gpx1,30.47644,29.63746,29.29903,29.63746,27.70655,27.12001,27.12672,27.12672
Exoc7,26.75812,24.97959,25.44862,25.44862,27.24735,27.1716,27.21456,27.21456
Eif3j1;Eif3j2,29.44774,28.61369,28.53771,28.61369,24.73536,25.59181,25.1575,25.1575
Sult4a1,21.26075,20.16619,17.48518,20.16619,26.95382,27.04687,26.46973,26.95382
Fgf12,19.19583,17.65431,,18.42507,25.39071,24.93197,23.47964,24.93197
Sf3a3,28.10355,27.47259,27.51908,27.51908,26.85174,26.89111,26.68003,26.85174
Ppp1r21,27.29413,26.14079,25.64235,26.14079,26.82917,26.76332,26.73092,26.76332
Mical3,22.50947,21.55647,22.35461,22.35461,25.18044,25.26821,24.54156,25.18044
Dusp3,29.80724,29.25793,29.7575,29.7575,27.1032,27.49343,27.20238,27.20238
Tsfm,28.53771,28.08613,27.53786,28.08613,28.34929,28.52597,27.96791,28.34929
Ppm1a,27.97285,27.01169,27.31017,27.31017,26.92976,27.01478,26.72573,26.92976
Txnrd2,26.55668,25.6669,25.33364,25.6669,26.64361,26.41846,25.36973,26.41846
Icam5,22.63487,21.28139,20.98663,21.28139,22.32232,21.79388,22.3365,22.32232
Exog,26.5049,25.24416,25.07606,25.24416,26.98923,27.1992,27.486,27.1992
Tpd52,29.82981,28.56533,28.07648,28.56533,27.08821,26.76269,26.41971,26.76269
Cbx5,29.33492,28.509,28.33833,28.509,29.91413,29.42486,29.7991,29.7991
Mark2,25.83656,25.11529,24.75246,25.11529,26.85234,27.04166,25.98596,26.85234
Cyp46a1,24.11028,23.42637,23.75369,23.75369,26.24204,25.93238,25.35148,25.93238
Psmd7,29.22988,28.29763,28.75541,28.75541,29.67403,29.61423,28.89519,29.61423
Pmpca,29.12477,28.16279,27.69571,28.16279,27.13448,27.14822,26.78556,27.13448
Idi1,27.39803,28.33496,27.71999,27.71999,28.4635,28.40466,27.92937,28.40466
Snx1,29.95019,28.9651,28.90386,28.9651,27.58169,27.09909,27.53245,27.53245
Tssc1,26.41814,25.15877,24.80459,25.15877,28.35477,28.15267,27.3262,28.15267
Ppme1,28.66784,27.86071,27.74823,27.86071,28.16485,28.5226,28.13085,28.16485
Enoph1,26.97815,26.53869,29.07022,26.97815,26.66153,26.53958,25.27021,26.53958
Bag6,27.78332,26.96873,26.47707,26.96873,27.36753,27.31544,26.99658,27.31544
Ppp1cb,30.01478,29.57508,29.57784,29.57784,28.8759,29.23777,28.37571,28.8759
Lingo1,23.11208,23.56256,24.62617,23.56256,25.45995,25.55215,25.42368,25.45995
Sec23a,29.04237,28.27954,28.388,28.388,27.67034,27.57008,27.37235,27.57008
Nlgn3,25.18654,24.26134,23.03329,24.26134,26.73156,26.95038,26.04831,26.73156
Afg3l2,28.09099,26.76976,27.17798,27.17798,26.60795,26.79922,26.73363,26.73363
Igsf8,,25.83899,18.3426,22.090795,,,,
Vcpip1,26.6465,26.16546,26.14243,26.16546,26.22207,26.17379,26.57629,26.22207
Epdr1,30.44914,29.59891,29.71517,29.71517,26.09471,26.17037,25.74853,26.09471
Cyb5b,30.64065,30.31279,30.47962,30.47962,30.39591,30.1671,29.99456,30.1671
Eml1,26.5862,27.49251,27.28789,27.28789,26.70925,26.92037,26.31879,26.70925
Rpl8,30.70322,30.95421,31.12903,30.95421,30.61456,30.94468,30.02644,30.61456
Fxr1,28.97235,27.75793,27.63027,27.75793,27.53423,27.26446,26.62868,27.26446
Snrpd2;Gm5449,29.3877,28.87716,29.38055,29.38055,28.23023,27.98446,27.97147,27.98446
Nadk2,29.65506,28.87821,28.95197,28.95197,26.60555,26.68779,26.54907,26.60555
Cnot1,26.1394,25.07051,24.44512,25.07051,26.50992,26.54276,26.22812,26.50992
Inf2,25.55104,24.62204,24.11052,24.62204,22.16549,22.18891,21.23666,22.16549
Ttll12,28.57719,27.87654,27.76572,27.87654,28.10034,28.22743,28.03831,28.10034
Aldh9a1,29.75893,28.9827,29.03839,29.03839,26.01704,25.7436,25.71994,25.7436
Ptpn23,28.0643,27.02686,26.57478,27.02686,26.0224,25.42541,25.39937,25.42541
Cacnb4,21.31777,20.80412,19.74457,20.80412,25.19554,25.14005,25.20512,25.19554
Ssbp1,30.54968,29.52232,29.81601,29.81601,28.7592,28.18966,28.14783,28.18966
Fnbp1,27.55545,26.79328,26.68217,26.79328,23.05049,22.66594,23.25854,23.05049
Pcsk1n,19.87427,18.57566,,19.224965,25.99229,26.00089,25.09092,25.99229
Ociad1,29.93691,28.65133,28.49964,28.65133,27.88879,27.80236,27.22371,27.80236
Gria1,20.71733,19.1017,16.97074,19.1017,26.009,26.08815,25.16492,26.009
Gstz1,28.18296,27.59477,27.47761,27.59477,26.91479,26.65526,25.66411,26.65526
Nlgn2,24.99783,24.05117,24.56424,24.56424,26.8688,26.9266,26.66614,26.8688
Bcs1l,25.90796,25.00898,24.86806,25.00898,26.50132,26.8642,26.46203,26.50132
Nptx1,17.35776,,17.86804,17.6129,21.43461,21.79412,21.49882,21.49882
Ruvbl2,30.08093,30.07265,29.70017,30.07265,28.88539,28.74191,28.49903,28.74191
Agrn,27.78843,27.00196,26.94447,27.00196,26.01986,26.30977,25.59394,26.01986
Diras2,21.70746,,21.5264,21.61693,27.37567,27.55691,26.81336,27.37567
Oxsr1,28.32174,27.8444,27.8672,27.8672,27.50105,27.70589,27.00078,27.50105
Slc38a3,26.98338,26.97498,26.04955,26.97498,22.50385,24.0899,22.74037,22.74037
Sf3b3,28.74631,27.85798,27.46801,27.85798,27.76863,27.63381,27.51036,27.63381
Plch2,15.60577,,19.88809,17.74693,24.82571,24.32347,23.58003,24.32347
Fam49a,26.66506,24.6424,25.04822,25.04822,29.60844,29.60588,29.24352,29.60588
Ubqln1,29.92649,29.31601,29.44354,29.44354,28.15711,28.19648,27.69179,28.15711
Pitpnm1,26.07586,24.91588,25.05461,25.05461,25.85348,25.68024,25.28757,25.68024
Fech,29.17131,27.92037,27.45685,27.92037,26.70491,26.34706,26.09444,26.34706
Wdr44,25.04989,24.79144,24.84407,24.84407,25.76631,25.63356,25.39414,25.63356
Csnk2b,28.72878,28.66102,28.90848,28.72878,29.90985,30.26383,29.7351,29.90985
Epha4,24.70446,23.80902,24.08408,24.08408,26.81446,26.14833,25.5934,26.14833
Clpp,30.02022,28.91436,28.76174,28.91436,28.41909,28.38299,28.00753,28.38299
Acaa1a,30.01585,28.87643,28.5968,28.87643,27.73195,27.796,27.61295,27.73195
Lcmt1,25.91891,25.05441,25.00787,25.05441,27.89227,28.05605,27.69205,27.89227
Dazap1,27.25332,27.55596,27.19385,27.25332,29.82681,30.42912,29.61043,29.82681
Snph,23.78287,26.08867,25.79196,25.79196,23.21365,23.15589,23.20426,23.20426
Coro1b,29.6615,29.35777,28.8927,29.35777,27.86449,27.39877,27.20723,27.39877
Pkp4,25.99712,25.78327,25.28845,25.78327,24.02293,24.00975,23.98815,24.00975
Rps21,32.09651,31.71784,31.57276,31.71784,29.23706,29.36173,29.42408,29.36173
Slc25a23,25.55795,24.79521,24.84599,24.84599,25.00526,24.92502,24.91875,24.92502
Map7d2,20.1561,17.10677,23.06102,20.1561,21.74456,21.93995,21.9502,21.93995
Acadm,31.85162,30.43122,30.70273,30.70273,27.44229,27.45325,27.1977,27.44229
Mccc2,29.88274,28.32311,28.33828,28.33828,26.87537,26.78681,26.54095,26.78681
Rabggta,27.26213,26.63768,26.55507,26.63768,26.43436,26.50685,25.95863,26.43436
,18.03263,20.46364,17.22176,18.03263,22.92345,22.2105,22.2029,22.2105
Wdr48,27.40007,26.21863,26.54829,26.54829,26.58449,26.58764,26.43204,26.58449
Tomm34,29.43446,28.45728,28.59491,28.59491,27.45552,27.37509,27.26069,27.37509
Ptms,32.93077,31.91624,32.48436,32.48436,29.95809,29.49473,29.98956,29.95809
Sh3kbp1,25.46098,24.31341,24.5618,24.5618,24.84742,24.51971,24.72083,24.72083
Myl6b,31.05077,29.96224,29.69289,29.96224,28.07821,27.95931,27.97268,27.97268
Tjp2,29.02314,28.21099,28.29483,28.29483,22.8027,22.73134,22.45423,22.73134
Isyna1,26.82019,25.93674,25.39813,25.93674,26.30368,25.95892,25.31046,25.95892
Pde4b,22.85079,22.91123,22.25842,22.85079,24.85015,24.9317,24.50088,24.85015
Gabrb2,,19.52637,,19.52637,27.2893,27.4415,27.12524,27.2893
Dlgap4,26.16004,24.83166,24.19039,24.83166,26.36212,26.32053,25.61964,26.32053
Pld3,26.73182,26.24838,23.39284,26.24838,28.16437,28.08537,27.95449,28.08537
Cope,30.26058,29.73823,29.46999,29.73823,28.49381,28.58499,28.20695,28.49381
Ndufa11,28.20116,28.25341,27.07572,28.20116,28.96003,29.17596,28.31993,28.96003
Dhrs1,32.74797,31.51117,31.21766,31.51117,27.23068,27.47584,27.06538,27.23068
Mllt4,27.48193,26.36979,26.59292,26.59292,26.17242,26.45122,26.03865,26.17242
Hook3,28.05992,27.15509,27.06209,27.15509,27.13673,26.63187,26.02929,26.63187
Pdpk1,24.79862,24.74042,24.98833,24.79862,26.15244,26.25234,25.81367,26.15244
Llgl1,28.58653,27.68626,27.59655,27.68626,27.0337,26.89897,26.37748,26.89897
Pmm1,21.14221,24.10326,22.34987,22.34987,27.06497,27.02411,26.80008,27.02411
Ctbp2,29.01476,28.32775,28.36328,28.36328,27.94609,27.97071,27.69525,27.94609
Tomm40,30.59779,29.76609,29.888,29.888,29.90785,29.84788,28.86853,29.84788
Vta1,30.43191,29.70154,29.22862,29.70154,28.75478,28.67422,28.51664,28.67422
Prmt5,27.63437,26.9467,26.94971,26.94971,28.03606,28.128,27.3784,28.03606
Prpf19,29.64787,28.78016,28.86231,28.86231,29.33085,29.53202,29.33616,29.33616
Nmral1,26.69591,25.89931,25.6725,25.89931,28.90452,28.70971,28.28357,28.70971
Ppm1g,27.70246,27.55025,27.52477,27.55025,27.61933,26.94994,27.15132,27.15132
Hebp1,29.91969,29.31255,29.17245,29.31255,25.6124,25.40344,24.32752,25.40344
Nrd1,27.46778,26.65349,26.71122,26.71122,26.99151,26.95482,26.51959,26.95482
Ecm29;AI314180,27.15682,25.74401,25.69394,25.74401,26.71411,26.71004,26.13604,26.71004
Cntn2,22.46692,21.57704,20.50368,21.57704,25.04439,24.72442,24.69779,24.72442
Arhgap26,24.46513,24.54321,24.63101,24.54321,25.00659,25.30034,24.74796,25.00659
Cplx1,23.16355,19.92897,20.244,20.244,28.40373,28.27453,26.6432,28.27453
Erp44,29.41627,28.81672,28.52133,28.81672,27.90225,28.0019,27.25566,27.90225
Ralgapa1,23.96807,22.68215,23.12901,23.12901,25.18401,25.13222,25.06472,25.13222
Hist1h1b,32.60298,31.8616,32.69519,32.60298,30.70989,30.23375,30.18494,30.23375
Larp1,26.77994,24.97049,25.14196,25.14196,25.16273,24.2887,23.76172,24.2887
Trim3,25.42845,25.16492,24.81861,25.16492,27.96648,28.10009,27.85198,27.96648
Gnl1,27.69012,26.74509,26.94447,26.94447,27.04895,27.37741,26.94503,27.04895
Hdac2,28.0177,27.23599,27.12218,27.23599,28.62188,28.39893,28.21044,28.39893
Eif5b,27.70807,27.07796,27.11971,27.11971,26.63312,26.6637,26.26941,26.63312
Pfas,28.05144,27.25404,27.58563,27.58563,25.9476,25.71586,25.58092,25.71586
Coro1c,29.3308,28.49473,28.99604,28.99604,29.72626,29.6029,29.14217,29.6029
Pip4k2a,26.62715,24.87296,24.95903,24.95903,26.13577,26.0704,25.38509,26.0704
Tnpo3,26.25532,25.15915,25.11279,25.15915,26.5734,26.54554,26.21982,26.54554
Pcyt2,25.39326,25.96532,26.69219,25.96532,27.05683,27.00646,26.65363,27.00646
Cat,29.1942,28.56631,28.18532,28.56631,28.24549,28.18504,28.12785,28.18504
Gon4l,20.83592,22.02371,20.74608,20.83592,17.40333,21.28895,21.35078,21.28895
Tcp11l1,26.53684,24.94396,24.79571,24.94396,27.09285,26.96124,26.5717,26.96124
Mtch1,28.72939,27.92654,27.82238,27.92654,28.36236,28.45337,27.93854,28.36236
Prrt2,23.58222,22.41287,,22.997545,27.83262,27.08172,26.95027,27.08172
Bcr,25.76519,24.40691,24.49631,24.49631,26.26397,26.09607,25.83783,26.09607
Cd9,30.30313,29.23581,29.34735,29.34735,23.2781,25.84151,15.81153,23.2781
Clmn,21.97372,21.82275,22.05672,21.97372,21.84816,21.898,22.21241,21.898
Tenm2,20.86159,22.60935,19.99148,20.86159,26.43651,26.17984,25.87755,26.17984
Pdap1,31.24972,30.41448,29.73518,30.41448,28.56023,28.19737,28.20862,28.20862
Rps20,31.24649,31.14236,31.01405,31.14236,30.03249,30.172,30.12509,30.12509
Tnks1bp1,27.65342,26.44376,26.60428,26.60428,22.62865,23.95748,22.21071,22.62865
Itgav,27.85507,27.07245,26.77994,27.07245,24.72848,23.91907,23.76446,23.91907
Nptxr,19.3792,,16.56735,17.973275,23.00684,22.76626,22.56848,22.76626
Psmd5,29.69871,28.78004,29.17196,29.17196,27.3746,27.24427,26.71686,27.24427
Rabl6,26.04141,25.47698,25.00552,25.47698,25.43161,25.21738,24.86745,25.21738
Fbxo41,26.6637,26.30362,26.32337,26.32337,25.97014,26.60922,25.6011,25.97014
Mfn2,26.36696,26.21536,25.56697,26.21536,26.61905,26.4355,25.82644,26.4355
,,,,,23.6221,23.55649,23.50142,23.55649
Cpne5,23.19381,22.64689,22.32789,22.64689,24.97123,24.71487,24.36373,24.71487
Hist3h2bb;Hist3h2ba,23.35003,26.58047,22.92171,23.35003,29.6349,28.99167,29.00319,29.00319
Plcl1,25.53282,24.07316,23.9974,24.07316,24.39362,24.62361,24.06915,24.39362
Brsk1,23.00489,21.58344,21.7774,21.7774,26.38299,26.37836,26.11295,26.37836
Mut,28.92575,28.33014,28.53875,28.53875,26.38561,26.41566,26.12847,26.38561
Uba6,27.36628,26.27782,26.56205,26.56205,26.60823,26.6454,26.02739,26.60823
Cdc42ep4,29.74599,28.48769,28.48938,28.48938,24.99675,24.47822,24.81069,24.81069
Cdc42bpa,25.57516,25.10925,24.70941,25.10925,25.30445,24.9697,24.56825,24.9697
Exoc5,25.48373,24.66308,24.46314,24.66308,26.73815,27.0276,26.90724,26.90724
Rab3gap1,26.46844,25.45704,25.62801,25.62801,25.4222,25.65524,25.10161,25.4222
Wdfy3,24.48567,23.6904,26.249,24.48567,25.1817,25.00217,24.85105,25.00217
Cstb,32.05501,32.02258,31.99193,32.02258,29.34372,28.73121,28.94899,28.94899
Ndufs7,28.08502,27.20536,27.48823,27.48823,28.30186,27.57167,27.45576,27.57167
Ckap4,30.29931,29.3055,29.36085,29.36085,28.77769,28.57996,28.51175,28.57996
Stx12,29.24502,28.29898,28.30147,28.30147,28.6978,28.32753,28.53764,28.53764
Nop56,28.93067,27.95521,28.31842,28.31842,28.57091,28.72855,28.42886,28.57091
Ccdc6,27.80249,26.91216,26.89145,26.91216,26.504,25.92454,25.73753,25.92454
Nme1,29.34397,29.00126,28.78603,29.00126,27.97126,28.10794,27.238,27.97126
Chmp4b,29.92635,28.88163,28.96306,28.96306,27.98093,27.84583,27.87408,27.87408
Slc2a3,27.70754,27.2544,26.82153,27.2544,27.35917,26.87807,26.96862,26.96862
Cul1,27.15837,26.60513,26.36966,26.60513,26.95782,26.77643,26.33906,26.77643
Specc1,27.0168,25.77711,25.64881,25.77711,22.3,22.65783,21.92049,22.3
Uba5,29.58928,28.5838,28.83014,28.83014,28.24934,28.78425,27.79668,28.24934
Slc27a4,28.65106,27.16192,28.04338,28.04338,27.20807,27.37973,26.65281,27.20807
Akr1b10,28.72472,28.46252,28.6133,28.6133,25.38156,27.06054,24.92329,25.38156
Glg1,27.62324,26.91182,27.07184,27.07184,26.4702,26.71686,26.26576,26.4702
Mapk8ip3,27.55047,26.55533,26.35666,26.55533,26.85234,26.48213,26.32649,26.48213
Dag1,27.91565,27.34697,27.13104,27.34697,25.1663,24.95096,24.81392,24.95096
Rpl19,31.1343,31.06952,31.52855,31.1343,30.11731,30.32956,30.835,30.32956
Ap1g1,27.58992,26.3115,26.57571,26.57571,27.22545,27.37708,26.6133,27.22545
Tprg1l;Tprgl,25.19001,24.80656,24.36005,24.80656,25.27206,24.93026,24.63788,24.93026
Usp24,25.37895,23.86656,23.94539,23.94539,25.97064,25.86382,24.95877,25.86382
Bcl2l13,29.12783,27.39697,27.21382,27.39697,26.34227,26.0618,26.00159,26.0618
Srsf2,30.86555,30.53797,30.25327,30.53797,30.02314,29.8904,29.95019,29.95019
Pacsin2,29.81676,29.02506,29.07549,29.07549,24.82138,24.50658,23.53148,24.50658
Camsap2,24.16967,23.34272,23.44531,23.44531,24.9968,24.80543,24.62689,24.80543
Osbpl2,25.00543,24.41622,25.2009,25.00543,27.11267,26.99938,26.3604,26.99938
Plxna1,23.20894,22.8267,22.2905,22.8267,26.97924,27.27719,26.94123,26.97924
Naa15,27.61351,26.49286,26.46025,26.49286,27.01563,27.09567,26.80304,27.01563
Map2k2,27.10979,26.25958,26.72325,26.72325,27.02105,27.21623,27.01903,27.02105
Usp47,26.38058,25.614,25.39885,25.614,26.20423,25.98246,25.83461,25.98246
Rap1gap2,22.38603,19.12689,23.79769,22.38603,24.24902,24.54928,24.30543,24.30543
Actr10,27.41361,26.35058,26.87244,26.87244,27.52163,28.05186,27.51991,27.52163
Gga3,24.55192,24.05895,22.27827,24.05895,25.62391,25.22255,25.13053,25.22255
Ogdh,26.16019,26.73182,25.9684,26.16019,24.15491,22.96983,21.17944,22.96983
Bag5,26.99367,26.65062,26.16279,26.65062,26.08703,26.06827,25.66365,26.06827
Epb41,24.51851,23.33661,23.4443,23.4443,25.77455,25.72874,25.49531,25.72874
Cdc5l,27.9673,26.5402,26.71253,26.71253,26.49587,25.96682,25.97356,25.97356
Rpl11;Gm10036,31.56738,30.90045,31.10174,31.10174,29.82112,30.13834,29.84125,29.84125
Fxyd6,26.17177,23.72057,25.11807,25.11807,30.21755,30.0922,30.12078,30.12078
Tmx4,26.65281,24.8992,24.70012,24.8992,28.96516,28.80511,28.66794,28.80511
Pds5b,26.67573,25.60699,25.79253,25.79253,26.35037,26.03,25.98767,26.03
Fyn,23.93211,22.69066,23.43046,23.43046,27.89064,27.90931,27.22876,27.89064
Cacna1a,15.33807,19.00561,13.67607,15.33807,18.85675,19.60074,19.91644,19.60074
Klc2,25.68704,24.78282,24.81812,24.81812,27.33943,27.11833,26.7291,27.11833
Trim9,25.18272,23.6953,24.14141,24.14141,24.24249,24.86387,24.00864,24.24249
Dock3,18.97413,20.60322,22.57725,20.60322,25.9814,25.99753,25.73286,25.9814
Cul4b,26.6088,26.20096,26.12443,26.20096,25.56599,25.67082,25.21007,25.56599
Pfdn5,25.02073,23.34516,25.99242,25.02073,26.36103,28.36035,26.71607,26.71607
Flii,26.38278,25.80919,26.18113,26.18113,25.88213,25.9718,25.58397,25.88213
Sec24c,28.25061,27.13663,27.15711,27.15711,26.81665,27.03276,26.57039,26.81665
Rnmt,27.95038,27.43062,27.44024,27.44024,28.0748,28.01153,28.04718,28.04718
Agap3,26.03234,24.3293,25.43218,25.43218,28.28776,28.20686,27.90805,28.20686
Pnn,26.1224,25.86112,26.58262,26.1224,26.90081,26.88972,27.01755,26.90081
Fmnl1,23.45889,23.13785,23.46476,23.45889,22.06431,21.79182,21.42854,21.79182
Selenbp1,28.25187,28.17012,27.61534,28.17012,23.87652,23.30048,22.52612,23.30048
Lrrc59,30.31689,29.94907,29.93452,29.94907,29.42192,29.17217,28.68341,29.17217
Chd4,26.96741,26.25352,26.26637,26.26637,26.59861,26.369,25.95786,26.369
Eif2s3x,30.33383,29.66599,30.05608,30.05608,29.0143,29.21801,28.70444,29.0143
Endod1,27.50347,26.8896,26.34486,26.8896,26.15761,25.63749,25.17341,25.63749
Cox7a2,28.12115,25.31084,26.41835,26.41835,28.78226,29.1518,28.37716,28.78226
Edc4,26.91684,26.22232,26.03416,26.22232,26.91878,27.24645,26.80649,26.91878
Wnk1,27.49098,26.77618,26.66682,26.77618,23.58383,24.10005,23.41777,23.58383
Sec23ip,27.93455,27.4008,27.07347,27.4008,27.00207,26.60074,26.80181,26.80181
Snx6,28.99596,28.03438,28.16111,28.16111,27.13555,27.12001,26.66763,27.12001
Ptgds,26.37046,24.57796,22.78495,24.57796,21.5346,21.38522,,21.45991
Sccpdh,28.47038,27.25187,27.74227,27.74227,27.13868,27.34232,26.334,27.13868
Katnb1,26.47212,25.27455,25.10221,25.27455,24.85005,25.20056,25.0599,25.0599
Celf2,28.37952,27.65123,27.78694,27.78694,29.56584,29.80531,29.55662,29.56584
Tmx2,26.85531,26.03526,26.4986,26.4986,26.15455,26.35683,25.42053,26.15455
Cst3,30.28063,29.07137,29.19845,29.19845,24.68233,25.20646,24.50537,24.68233
Ndufa7,27.30956,26.00026,27.13956,27.13956,27.76427,27.98267,28.15465,27.98267
Stim1,26.35161,25.65941,25.60755,25.65941,24.27718,24.03154,24.55585,24.27718
Nutf2,29.09434,27.98967,28.97457,28.97457,29.60964,29.85204,28.96455,29.60964
Nit2,30.98067,29.03478,33.23621,30.98067,27.62087,27.53979,27.56034,27.56034
Pabpc4;Gm10110,27.38402,26.67088,26.93787,26.93787,26.96961,26.67155,26.9007,26.9007
Sh3bgrl3,29.72805,30.07635,29.27209,29.72805,29.35323,29.34591,28.88556,29.34591
Ergic1,29.20823,28.4348,28.51187,28.51187,28.43821,28.53323,29.03845,28.53323
Usp15,25.57684,24.37451,24.68078,24.68078,26.55306,26.28221,26.02011,26.28221
Sart1,26.84781,25.64138,25.36516,25.64138,26.49054,23.6841,23.29572,23.6841
Wbp2,29.95837,29.09911,29.48625,29.48625,27.38772,27.35876,27.51683,27.38772
Rpl27a,30.95456,30.58271,30.84857,30.84857,30.68495,30.61123,30.46597,30.61123
Dnajc11,28.59459,27.07775,27.08456,27.08456,27.09114,27.19761,26.34902,27.09114
Adam23,18.22694,16.72866,19.18403,18.22694,24.66498,24.62595,23.35124,24.62595
Uba3,28.22228,27.39624,27.21586,27.39624,26.95172,27.28516,26.7103,26.95172
Timm8a1,30.27487,29.91099,29.23567,29.91099,27.35674,28.27555,25.71607,27.35674
Cltb,,,,,24.26119,25.0109,23.14691,24.26119
Fam21,27.22499,26.60527,26.16043,26.60527,24.3345,22.30276,22.88618,22.88618
FAM120A,28.28912,27.26589,27.12662,27.26589,25.1806,25.02107,24.57311,25.02107
Dnajc3,28.80366,28.33765,28.8015,28.8015,25.30424,23.98242,24.51677,24.51677
Mff,27.51187,26.97071,26.40534,26.97071,27.02918,27.03139,26.12788,27.02918
Sec13,29.45419,28.36895,28.46537,28.46537,28.39243,28.50711,27.8846,28.39243
Gng2,24.05904,19.4399,23.37305,23.37305,26.16521,28.84658,26.52855,26.52855
Taok1,26.71673,26.0801,25.89571,26.0801,26.7183,26.40157,26.19257,26.40157
Kif3b,26.30831,25.66652,25.72617,25.72617,26.47859,26.80796,26.33661,26.47859
Epn2,26.70094,25.41138,25.54377,25.54377,24.02631,23.67325,23.84527,23.84527
Gclc,29.77231,29.29748,29.21273,29.29748,25.7965,25.58081,24.96552,25.58081
Echdc1,28.44067,27.603,27.52701,27.603,25.05714,24.64998,24.09168,24.64998
Mvp,28.39182,27.72949,27.53653,27.72949,23.60705,21.1893,21.59682,21.59682
Eif3h,28.83244,28.22495,28.27822,28.27822,27.07908,26.93899,26.61569,26.93899
Rpl24,31.20583,30.8685,31.16315,31.16315,30.25856,30.48501,30.07814,30.25856
Cirbp,28.05734,28.20872,27.29026,28.05734,27.54635,26.85828,27.02009,27.02009
Trim32,26.53362,25.13104,24.72328,25.13104,26.45197,27.15393,26.42265,26.45197
Vamp1,22.84711,,22.47551,22.66131,24.85339,25.70388,23.80912,24.85339
Rasgrf1,23.85614,23.43046,23.88064,23.85614,21.58582,21.60711,21.17493,21.58582
Ncaph,24.35124,21.10316,20.82578,21.10316,26.05171,21.32954,23.83355,23.83355
Hmgn5,27.52507,27.18811,26.43719,27.18811,24.09989,23.51917,23.13402,23.51917
Cspg5,22.17898,22.91238,21.68787,22.17898,26.1764,25.63204,25.47076,25.63204
Brsk2,,17.70225,18.68688,18.194565,25.72005,25.60221,25.6205,25.6205
Bckdha,29.66272,28.58327,28.60315,28.60315,27.11575,26.55716,26.72624,26.72624
Acox1,29.35867,28.21623,27.91821,28.21623,27.81072,27.85686,27.71037,27.81072
Nploc4,27.56034,26.46437,27.05579,27.05579,26.73092,26.90035,26.39189,26.73092
Smap;1110004F10Rik,30.1789,29.13895,29.24826,29.24826,27.78319,27.0802,27.27444,27.27444
Strn3,27.53386,27.3006,27.32834,27.32834,26.58434,26.98794,26.98566,26.98566
Vwa8,26.98913,25.75807,25.52181,25.75807,23.65458,25.30838,23.65785,23.65785
Mtap,29.562,29.14465,29.43138,29.43138,26.60315,26.14392,25.36776,26.14392
Rab3gap2,26.30149,25.47231,25.71952,25.71952,25.42928,25.4075,24.75236,25.4075
Atg3,29.23763,28.08471,28.54034,28.54034,27.41191,27.09567,26.93044,27.09567
Cadm4,29.17153,28.30391,28.34689,28.34689,26.9546,26.85698,26.95571,26.9546
Fermt2,29.41814,28.62753,28.37364,28.62753,26.09148,25.66774,25.2484,25.66774
Rbm39,28.59092,28.03323,28.06825,28.06825,28.2062,28.31225,27.87168,28.2062
Smc1a,27.86797,26.92999,26.77568,26.92999,25.91388,25.60981,25.27459,25.60981
Psme1,30.8671,30.27864,30.47402,30.47402,28.68552,28.26092,28.40819,28.40819
Znf207;Zfp207,27.6635,27.17912,26.47581,27.17912,25.98553,25.10366,25.63193,25.63193
Fmnl2,27.77455,26.56686,26.36775,26.56686,26.72975,26.52419,26.27821,26.52419
Arf6,30.06381,29.25266,29.31542,29.31542,29.02438,29.16339,28.41728,29.02438
G3bp1,28.6759,28.20396,27.89134,28.20396,28.33573,28.26575,28.07301,28.26575
Kras,27.3286,26.67506,26.55833,26.67506,28.78263,28.65884,28.53967,28.65884
Rbm3,30.29384,30.15485,30.04205,30.15485,27.60378,27.37476,27.66628,27.60378
Serpinh1,31.48227,30.66119,30.59219,30.66119,28.05719,27.46045,27.04822,27.46045
Ndufb7,29.34554,29.1319,28.68016,29.1319,28.72468,28.71316,28.43197,28.71316
Grm5,19.32025,16.9159,20.32652,19.32025,24.48019,24.3394,23.99706,24.3394
Tsg101,28.42282,27.67761,27.43865,27.67761,27.6764,27.30217,27.13634,27.30217
Sh3gl3,21.19976,18.38077,19.52095,19.52095,24.07202,24.25997,24.32224,24.25997
Caprin1,29.27963,28.78914,28.46431,28.78914,27.70695,27.30287,27.33577,27.33577
Snta1,27.63041,26.8405,26.85745,26.85745,23.79035,23.67282,23.12147,23.67282
Rmdn3,28.44095,27.19338,27.32954,27.32954,26.16139,25.8463,25.72853,25.8463
Psmb6,29.86772,29.76151,29.69393,29.76151,28.92411,29.16133,28.43396,28.92411
Ralgapb,25.04143,23.71387,24.08229,24.08229,26.65513,25.45438,26.2903,26.2903
Kcnma1,21.7516,18.6875,20.79812,20.79812,23.35864,23.48579,22.34803,23.35864
Gabbr2,19.19912,,20.85825,20.028685,24.31513,24.53118,24.02808,24.31513
Syap1,29.47044,28.46338,28.05424,28.46338,24.34415,25.02973,24.99843,24.99843
Rhog,29.5239,28.68181,28.98923,28.98923,26.5278,23.43733,23.16046,23.43733
Magi2,24.328,23.8227,23.79907,23.8227,23.42752,24.24278,23.50082,23.50082
Rpl30,31.22355,31.33538,31.12281,31.22355,30.57037,31.42882,30.64272,30.64272
Ddah2,30.84812,29.71671,29.51736,29.71671,29.97076,29.88298,29.80395,29.88298
Atp6ap1,25.9276,24.63045,24.60891,24.63045,27.78025,27.58871,28.12001,27.78025
Eif3i,29.86779,28.68234,28.90782,28.90782,28.02892,28.00833,27.8438,28.00833
Phpt1,29.96761,30.54563,29.95005,29.96761,28.56009,28.35683,28.08628,28.35683
Alad,29.22633,28.1248,28.1517,28.1517,27.84308,27.6013,27.55837,27.6013
Dock4,24.01699,21.74682,22.06247,22.06247,23.819,23.81294,23.58463,23.81294
Camk1d,27.5716,26.60611,26.87947,26.87947,26.37809,26.83726,26.94235,26.83726
1700037H04Rik,27.16231,26.62171,26.87397,26.87397,26.6071,26.1331,25.63677,26.1331
Gnpda1,29.17976,28.60961,27.77354,28.60961,25.97007,25.70567,24.94806,25.70567
Eif4g2,27.92762,27.3132,26.82335,27.3132,27.14773,27.12238,26.7497,27.12238
Ptrf,31.67025,30.95116,30.61991,30.95116,20.56542,20.19629,,20.380855
Irgq,27.06466,25.37216,25.227,25.37216,27.80778,27.79786,27.42093,27.79786
Riok1,23.0814,22.27594,22.22282,22.27594,21.18229,21.59682,21.86827,21.59682
Sri,30.54646,29.77665,30.01292,30.01292,25.99987,26.05459,26.51612,26.05459
Fahd1,28.01175,27.05951,27.00774,27.05951,26.86231,26.92252,26.17104,26.86231
Cops6,29.58312,28.64341,28.07969,28.64341,28.78971,28.95119,28.19136,28.78971
Fry,19.36756,19.63295,19.94778,19.63295,23.9805,24.20165,23.4491,23.9805
Slc25a13,27.33994,25.74671,25.67452,25.74671,26.50945,25.80112,25.79476,25.80112
Usp4,26.65908,25.80326,25.8312,25.8312,26.19957,26.30112,25.8326,26.19957
Rpl13a,30.7956,29.5253,30.18104,30.18104,30.59424,30.82388,30.37679,30.59424
Nebl,30.49562,29.44512,29.71458,29.71458,24.7751,24.40633,24.70846,24.70846
Tsnax,29.28866,28.76116,28.61108,28.76116,28.13462,27.73905,27.09003,27.73905
Tuba8,19.68308,19.04767,21.04233,19.68308,19.25038,19.17119,13.87267,19.17119
Aldh3a2,29.95394,29.0964,29.21229,29.21229,27.49732,27.41917,26.93168,27.41917
Smc3,28.09693,27.14793,27.28145,27.28145,26.2432,25.75251,25.79546,25.79546
Padi2,30.26035,29.18738,28.52264,29.18738,21.96575,22.64293,19.5594,21.96575
Kbp;2510003E04Rik,27.94882,26.67007,26.37083,26.67007,26.7585,27.02665,26.39316,26.7585
Gpsm1,23.18214,22.19313,22.08359,22.19313,28.13663,28.15687,27.4708,28.13663
Gak,25.92728,24.97321,24.90669,24.97321,25.44834,25.82936,25.15341,25.44834
Pepd,28.01015,28.03428,27.70055,28.01015,26.87115,26.45819,26.07441,26.45819
Adss,29.50459,28.73473,28.89232,28.89232,28.21336,27.98142,27.87391,27.98142
Ikbkap,26.77844,26.38228,26.22389,26.38228,26.47857,26.72442,26.60442,26.60442
Mrps23,29.31006,28.28842,27.72813,28.28842,27.38055,27.68097,27.61632,27.61632
Plbd2,27.3138,26.49747,26.65239,26.65239,25.23371,26.05548,25.2996,25.2996
Shmt2,30.557,29.95255,29.93044,29.95255,29.38679,29.30639,29.01073,29.30639
Gapvd1,27.25638,25.90985,26.83292,26.83292,26.87455,27.24916,26.56931,26.87455
Birc6,25.05275,23.65491,24.0344,24.0344,25.10518,25.1312,24.87441,25.10518
Tcerg1,26.52774,26.20294,26.2453,26.2453,26.54797,26.0843,26.27453,26.27453
Sf1,28.78172,27.56347,27.28621,27.56347,26.81336,26.44971,26.10372,26.44971
Krt82,26.47285,24.18329,25.62995,25.62995,22.93079,21.31058,23.33347,22.93079
Mia3,26.52534,25.21926,25.19287,25.21926,24.8243,24.28249,24.40594,24.40594
Armc6,25.6531,25.54725,25.43619,25.54725,28.33884,28.50964,28.06034,28.33884
Pfdn6,24.9009,24.10821,24.49917,24.49917,25.72845,27.87824,26.84685,26.84685
Thnsl1,27.24082,26.5012,25.75636,26.5012,25.47113,25.51506,24.95722,25.47113
Pdcd5,29.54981,29.65785,29.5197,29.54981,27.47437,28.04171,27.48715,27.48715
Tbc1d10b,26.9651,25.83829,26.27069,26.27069,26.53958,26.47857,26.3441,26.47857
Psmd8,28.22784,28.01239,27.87215,28.01239,28.79579,28.46513,28.14331,28.46513
Cttnbp2,23.36733,22.21611,21.2083,22.21611,25.13363,24.75246,24.34618,24.75246
Ube2m,30.03774,29.25086,29.89584,29.89584,28.56678,28.57661,28.32757,28.56678
Eml2,29.16978,28.63589,28.81244,28.81244,24.4771,24.60008,23.87267,24.4771
Ctnna1,30.7791,29.48648,29.42948,29.48648,25.83142,26.19686,25.72775,25.83142
Vps4a,27.56972,26.67303,26.88623,26.88623,26.97257,27.18679,26.44708,26.97257
Apmap,27.74734,26.61414,27.01308,27.01308,27.1794,26.89389,26.7474,26.89389
Decr1,30.5969,29.98997,29.61669,29.98997,24.62494,24.9729,24.86036,24.86036
Plcg1,25.84024,24.27647,25.11343,25.11343,26.91331,26.9292,26.34198,26.91331
Smap1,28.64468,27.96527,27.42454,27.96527,28.4088,28.1049,27.90455,28.1049
Fahd2,30.01531,28.67283,28.55139,28.67283,26.56451,26.56523,26.21908,26.56451
Rab5b,29.24332,28.2502,28.92677,28.92677,28.52973,28.78338,28.00523,28.52973
Asap2,26.65867,25.99626,25.68499,25.99626,25.9175,25.96179,25.56564,25.9175
Wnk2,22.44569,20.84942,22.52006,22.44569,24.04252,24.0597,24.13289,24.0597
Slc25a1,29.98033,29.179,29.32847,29.32847,28.51638,28.37065,27.68137,28.37065
Hist1h1d,32.42387,31.93688,31.9262,31.93688,30.41034,29.65038,30.10762,30.10762
Scamp1,28.99059,27.95776,28.17607,28.17607,27.84912,27.62003,27.41119,27.62003
Syt12,18.73066,20.55356,18.51849,18.73066,21.63245,20.70481,19.83297,20.70481
Eif4e,29.7838,28.98821,28.84269,28.98821,28.66139,28.6982,28.52578,28.66139
Golgb1,26.73221,26.61428,26.1786,26.61428,22.25796,21.27668,23.23225,22.25796
Rangap1,28.07765,27.51563,27.63679,27.63679,26.96411,27.58721,27.25737,27.25737
Mtdh,29.03614,28.33505,27.49045,28.33505,26.2878,26.47472,26.48613,26.47472
Eif3g,29.69447,28.95149,28.78666,28.95149,27.07979,26.95172,27.02094,27.02094
Ahi1,24.18465,23.92714,23.79897,23.92714,23.29614,23.34082,23.42675,23.34082
Atp6v0c,30.97507,30.75262,30.76683,30.76683,32.46351,32.0898,32.57269,32.46351
Bola2,28.87528,29.37578,28.81241,28.87528,29.08078,29.45191,28.6698,29.08078
Dnajc13,26.52777,25.82757,25.79976,25.82757,26.02732,25.94304,25.18824,25.94304
Atp2a3,17.57075,16.67535,16.37067,16.67535,20.90536,21.00182,,20.95359
Kif3a,26.88914,26.16043,26.45642,26.45642,27.24036,27.20032,26.92739,27.20032
Gnpda2,29.72131,28.22066,28.73221,28.73221,25.26757,25.13242,25.21945,25.21945
Nrgn,27.52671,27.07143,27.47359,27.47359,24.96622,24.01171,24.14717,24.14717
Sh3bgrl2,26.96576,26.94168,26.46678,26.94168,26.12469,26.58291,25.36202,26.12469
Prkar1b,24.6289,22.82256,22.3652,22.82256,25.94902,25.94889,25.69535,25.94889
Nup98,26.97847,26.18281,26.33969,26.33969,25.13938,24.9558,24.90504,24.9558
Sema7a,20.50611,18.47251,19.4449,19.4449,23.86778,23.57265,22.58758,23.57265
Cmas,26.69737,25.22843,25.86457,25.86457,28.18792,27.96163,27.97935,27.97935
Api5,29.18742,28.16433,27.99281,28.16433,27.04135,26.93719,26.49169,26.93719
Acss2,26.55644,25.23389,25.49878,25.49878,25.02196,24.9839,25.04026,25.02196
Dctn4,27.99938,26.9336,26.87725,26.9336,28.01239,28.24866,27.61323,28.01239
Atox1,32.35005,31.86179,31.71633,31.86179,28.82636,28.97804,28.38607,28.82636
Tmed10,31.0533,30.83914,30.8027,30.83914,29.75159,29.75047,29.53358,29.75047
Snrpf,31.13271,31.28797,30.34107,31.13271,28.90575,29.23603,28.92238,28.92238
Rab21,29.17024,28.64523,28.54775,28.64523,27.30051,27.56435,27.65915,27.56435
Arhgap21,25.36028,24.72531,24.5027,24.72531,23.50918,23.30675,23.12052,23.30675
Mapt,,,,,21.89067,21.89697,21.77088,21.89067
Coasy,28.48646,27.65738,27.07561,27.65738,27.65274,27.31095,26.90219,27.31095
Vps16,27.01276,26.41513,25.86036,26.41513,26.84733,26.80255,26.58133,26.80255
Trappc8,25.32072,24.46001,24.45048,24.46001,25.36212,25.44177,25.05138,25.36212
Tomm22,30.13406,28.68502,28.95444,28.95444,27.94509,29.33739,27.61512,27.94509
Tanc2,20.85612,21.78843,21.18053,21.18053,24.66237,24.72843,24.12534,24.66237
Msmo1,28.11659,27.78868,27.38138,27.78868,28.48865,28.55859,28.28277,28.48865
Hip1,26.38542,25.88038,25.37338,25.88038,26.25113,26.2668,25.80139,26.25113
Prodh,27.25115,26.19033,25.48176,26.19033,21.85704,21.09204,21.13777,21.13777
Nck2,25.03288,25.51779,24.72822,25.03288,25.74376,26.35181,26.21056,26.21056
Gpr37l1,21.13765,20.38005,20.88286,20.88286,,,18.10518,18.10518
Nova2,27.17798,25.95091,25.30664,25.95091,28.41006,28.6729,28.56863,28.56863
Hepacam,28.66064,27.33407,27.17959,27.33407,22.05752,22.48966,20.99182,22.05752
Eri3,25.36075,22.11092,24.52809,24.52809,27.53882,28.11322,27.29123,27.53882
Ppm1e,25.40866,24.18933,24.51443,24.51443,27.26874,27.43825,27.1898,27.26874
Ogfod1,23.60071,23.46538,22.30914,23.46538,21.81671,21.70252,22.01944,21.81671
Rpl27,31.80805,31.67531,31.61272,31.67531,31.21135,31.09723,30.71579,31.09723
Prosc,29.34386,28.19896,27.86514,28.19896,27.22085,27.30374,27.29973,27.29973
Abcf2,27.17141,25.98848,26.34699,26.34699,26.68579,26.49456,26.51327,26.51327
Mobp,21.74374,,,21.74374,,,,
Cryl1,26.79736,26.5773,26.56144,26.5773,23.18485,22.21012,22.52901,22.52901
Htatsf1,26.508,26.09144,26.06593,26.09144,26.68151,26.1557,25.98694,26.1557
Synrg,25.5518,24.84446,24.99559,24.99559,23.45701,23.3656,23.1534,23.3656
Plcl2,22.25583,22.14535,22.56297,22.25583,25.89169,25.96805,25.59722,25.89169
Abce1,28.67159,27.87473,28.06553,28.06553,27.41208,27.49579,27.37044,27.41208
Aacs,28.28419,27.67734,27.52313,27.67734,27.67378,27.8546,27.16413,27.67378
Gucy1a2,20.1893,17.87033,20.64887,20.1893,24.35743,24.45494,23.5932,24.35743
Pitpnb,28.16835,26.27547,27.18537,27.18537,27.93038,27.33977,26.96565,27.33977
Srp72,29.24345,28.51043,28.51149,28.51149,28.32371,28.24486,27.11991,28.24486
Drg2,27.85596,27.09104,27.11852,27.11852,27.75735,27.88034,27.44016,27.75735
Plaa,28.52447,28.10299,28.19013,28.19013,27.2699,27.21521,27.06836,27.21521
Cdv3,29.50135,28.77241,28.72016,28.77241,25.32151,24.98659,25.70155,25.32151
Rps17,30.00651,29.94224,30.34075,30.00651,30.61877,30.95227,30.5037,30.61877
Trappc10,25.30435,23.77435,23.3839,23.77435,24.90885,24.95514,24.23367,24.90885
Nfasc,21.95109,20.29064,20.46702,20.46702,23.77122,23.46688,23.39702,23.46688
Ehd4,28.38179,26.73505,26.61737,26.73505,23.31091,25.4924,23.55039,23.55039
Nucks1,28.85537,29.18563,28.49762,28.85537,27.65116,26.22358,26.85079,26.85079
Vps33b,26.49544,25.79675,25.41841,25.79675,26.53044,26.52837,26.31067,26.52837
Elmo2,27.07143,25.57413,25.41677,25.57413,26.24362,26.0008,25.64537,26.0008
,30.54075,29.43601,29.82967,29.82967,27.60788,27.39869,27.1849,27.39869
Gm996,22.48692,22.37827,22.9816,22.48692,20.56523,21.15307,20.82306,20.82306
Brk1,22.82594,24.22302,22.34811,22.82594,23.02366,28.48896,23.28757,23.28757
Rab31,29.96761,29.08101,29.46817,29.46817,28.10144,28.59452,27.61077,28.10144
Cyb5r1,29.92917,29.0956,29.57488,29.57488,27.68144,27.48401,26.95338,27.48401
Ylpm1,25.03301,23.95881,23.97902,23.97902,23.48259,23.86495,23.01156,23.48259
Oscp1,27.24445,26.58806,26.82396,26.82396,25.78047,25.14771,25.07227,25.14771
Ccdc88a,24.08813,22.89737,22.83387,22.89737,25.72866,25.36236,25.34076,25.36236
Dis3l2,24.83273,24.09893,23.70778,24.09893,25.61986,25.88535,25.12892,25.61986
Impact,28.58599,28.10874,28.12223,28.12223,27.54112,27.31354,27.13252,27.31354
,25.30208,24.98524,24.11704,24.98524,23.82172,23.90104,23.86202,23.86202
Parp1,27.4267,27.13379,27.07286,27.13379,26.93888,26.63284,26.68565,26.68565
Utrn,28.04182,26.86195,26.55818,26.86195,21.10604,20.92303,20.42275,20.92303
Clic1,32.45699,31.62493,31.1683,31.62493,26.96411,26.63506,25.96974,26.63506
Anxa11,29.77867,29.66665,29.12807,29.66665,23.45601,24.05598,22.59842,23.45601
Tra2b,28.79597,28.62895,29.19119,28.79597,29.3935,29.5026,29.03732,29.3935
Sec24b,26.83074,26.04808,26.19289,26.19289,26.9752,27.14957,26.58449,26.9752
Rbp1,32.33344,31.77372,31.63807,31.77372,28.47537,27.61379,27.7431,27.7431
Ppp1cc,27.27204,26.90507,25.93303,26.90507,27.08578,27.18149,27.16241,27.16241
Vipas39,24.83311,24.04543,24.06792,24.06792,25.68429,25.66736,25.37255,25.66736
Ndufb3,28.4153,29.13963,28.04515,28.4153,28.86862,28.84521,28.70041,28.84521
Setd3,26.41112,25.57802,25.16181,25.57802,25.91278,26.10901,25.5118,25.91278
Stxbp5,24.12896,23.29053,22.84944,23.29053,26.11971,26.29976,25.93652,26.11971
Lactb,25.58104,25.08253,25.04302,25.08253,25.56555,25.9844,25.49491,25.56555
Vps52,27.49739,26.58434,26.16776,26.58434,26.90965,26.78444,26.61625,26.78444
Chn2,21.58247,20.38385,22.32787,21.58247,24.97544,24.95544,24.89449,24.95544
Pitpnc1,25.38765,24.64427,24.67185,24.67185,25.54424,25.96957,25.32591,25.54424
Cd200,27.08355,26.78731,27.01436,27.01436,30.16674,30.20081,29.55943,30.16674
Fkbp2,30.15025,29.8569,30.44766,30.15025,27.56877,27.50105,25.8998,27.50105
Vac14,26.53473,25.39362,25.16951,25.39362,26.59363,26.77819,26.23312,26.59363
Rpl35a,31.54015,30.8754,31.18317,31.18317,30.41377,30.30802,30.31268,30.31268
Rpl10;Rpl10l,31.46193,30.69287,30.66966,30.69287,30.99395,31.12762,30.74927,30.99395
Mtmr7,23.26241,23.02594,23.41403,23.26241,25.78094,25.97253,25.37971,25.78094
Gpx4,30.4851,30.0531,30.30117,30.30117,26.90541,27.4708,26.94179,26.94179
Dnm1l,18.09841,,16.79627,17.44734,22.44377,21.59291,21.63325,21.63325
Osbpl6,25.15213,24.42797,24.27021,24.42797,24.57121,24.80553,24.48757,24.57121
Pdxdc1,28.52111,28.14841,27.34359,28.14841,25.7476,25.93744,25.3688,25.7476
Stk32c,,,,,26.2522,25.72377,25.19408,25.72377
Srp54,28.42938,27.38162,27.73189,27.73189,27.34172,27.38558,26.75532,27.34172
Lama2,23.8259,22.07009,22.64478,22.64478,18.95421,18.37058,20.17353,18.95421
Rab3b,20.18071,19.2144,18.77783,19.2144,26.4495,26.02846,25.92207,26.02846
Hdgfrp3,29.86719,28.53453,28.63724,28.63724,28.79039,28.29347,27.82869,28.29347
Tfam,29.23135,27.68325,28.11242,28.11242,27.00496,26.8783,26.70899,26.8783
Lmtk3,19.56863,19.48644,20.02499,19.56863,24.86089,24.39643,24.5405,24.5405
Ncln,26.35392,25.57828,25.50773,25.57828,27.88908,27.9034,27.83617,27.88908
Sugp2,21.11293,19.8777,20.55768,20.55768,26.19753,26.65935,25.9362,26.19753
Hsdl1,28.83906,27.71083,27.90788,27.90788,28.33368,28.49888,28.51631,28.49888
Ube2i,28.305,27.6502,28.56504,28.305,28.81225,29.77448,29.65492,29.65492
Itm2c,28.78837,28.04359,27.99259,28.04359,26.91969,26.64141,26.30899,26.64141
Sdr39u1,24.62856,24.74996,22.18417,24.62856,24.97408,24.3887,24.69339,24.69339
Lgi3,16.3049,19.41551,20.53583,19.41551,18.1749,18.75773,18.69422,18.69422
Tom1,29.12591,28.12938,28.29263,28.29263,24.23666,24.70972,23.28701,24.23666
Bai1,21.48232,20.07195,27.14957,21.48232,24.63915,23.82445,21.85821,23.82445
Capn1,29.27033,28.14696,27.98212,28.14696,23.0653,22.85633,23.63034,23.0653
Ptk2,26.06546,24.79976,24.68351,24.79976,25.15804,25.74011,25.37322,25.37322
Rasa1,26.43949,25.04527,24.84532,25.04527,26.6088,26.45312,26.26308,26.45312
Fam177a1,26.07873,24.14149,24.69254,24.69254,24.6006,23.82929,23.75471,23.82929
Nmt1,28.26557,27.46817,27.9266,27.9266,27.15885,27.1025,26.752,27.1025
Apeh,28.6006,27.73757,28.01887,28.01887,26.00949,26.23087,26.02907,26.02907
Ciao1,27.50824,26.5819,26.4883,26.5819,26.48613,26.5705,26.52876,26.52876
Apbb1,25.98742,24.95669,24.57074,24.95669,25.65373,25.834,25.34979,25.65373
Cyld,24.28001,24.07692,24.13641,24.13641,25.31824,22.65622,22.73016,22.73016
Camk1,28.16911,26.89874,26.41185,26.89874,27.05538,27.11942,26.76294,27.05538
Apc,22.28701,21.16644,21.9022,21.9022,24.4698,24.60942,24.64477,24.60942
Dock1,26.3388,24.92669,24.5087,24.92669,21.15388,21.02905,21.6601,21.15388
Arpp19,29.70889,28.55139,28.90681,28.90681,26.0046,20.68115,24.89703,24.89703
Brinp1,14.78989,18.65095,14.1221,14.78989,24.23345,23.03852,22.68378,23.03852
Arhgef9,18.76052,18.63775,,18.699135,23.92615,23.45098,24.40093,23.92615
Dnajb1,28.09783,27.10909,27.32911,27.32911,27.92841,27.00892,26.6432,27.00892
Tmem11,28.29149,28.01041,28.25372,28.25372,28.11857,28.11719,27.7082,28.11719
Cops8,30.60479,29.33858,29.25977,29.33858,28.40337,28.36732,28.29868,28.36732
Rnf14,26.43512,25.94748,25.65865,25.94748,28.61277,27.22343,27.04093,27.22343
Ak2,30.90498,29.5023,29.09831,29.5023,27.90248,27.95405,26.74201,27.90248
Rnf214,25.93335,25.65294,25.88383,25.88383,26.37758,26.48482,26.04777,26.37758
Nid2,27.9556,26.39585,26.2501,26.39585,19.02497,19.35357,18.53632,19.02497
Rpl21,31.21732,30.89461,31.09742,31.09742,30.53083,30.75478,30.43788,30.53083
Mlec,29.84002,29.35475,29.13997,29.35475,27.94799,28.14734,26.95294,27.94799
Tecr,28.07999,28.41147,28.45176,28.41147,28.43928,27.95077,27.93764,27.95077
Adcy9,18.43689,23.88548,22.87142,22.87142,22.70843,21.87856,21.73277,21.87856
Ahcyl2,27.7939,27.09033,26.63879,27.09033,24.8674,25.38696,24.86235,24.8674
Fuom,24.90417,24.60116,22.83729,24.60116,21.87391,23.15586,22.10447,22.10447
Lamtor3,28.79563,27.90982,28.10239,28.10239,28.86068,28.68529,28.30969,28.68529
Crbn,24.78771,24.09764,24.27106,24.27106,24.93121,25.33477,24.75822,24.93121
Rpl26,30.84393,30.47102,30.70825,30.70825,30.32367,30.16639,30.03852,30.16639
Hsdl2,27.95249,26.82335,26.29864,26.82335,24.61414,24.00247,23.92967,24.00247
Hectd1,26.05466,24.1411,23.68292,24.1411,24.66438,24.73205,24.25811,24.66438
Plxnb1,26.0441,24.94159,24.65458,24.94159,24.08489,23.87895,23.22105,23.87895
Cad,28.06183,26.94414,27.2893,27.2893,26.75455,26.68177,26.91411,26.75455
Arfgef2,23.97622,23.81186,23.45237,23.81186,24.01197,23.95695,23.24699,23.95695
Trappc4,27.2683,25.9175,25.19689,25.9175,26.94637,26.94927,26.62115,26.94637
Mast1,23.12876,21.74583,21.65875,21.74583,25.39976,25.27767,24.67901,25.27767
Gtpbp1,25.94893,26.12757,25.66093,25.94893,27.32526,27.53341,27.08071,27.32526
Pgam5,26.92931,26.41241,27.17417,26.92931,27.76913,27.9457,27.66479,27.76913
Cetn2,28.12519,27.37161,24.17836,27.37161,26.02642,23.96393,24.99714,24.99714
Ddx23,26.31206,25.46594,25.86169,25.86169,26.24062,26.22821,26.24701,26.24062
Hn1,28.29075,27.79005,26.95283,27.79005,27.70015,27.6071,27.16519,27.6071
Dgkg,23.87361,22.66127,21.896,22.66127,22.56697,21.8101,22.514,22.514
Gtf2i,27.46956,26.58749,26.31277,26.58749,26.25018,26.44523,26.3767,26.3767
Srpk2,27.35775,25.92653,26.12601,26.12601,26.22968,26.13692,25.65201,26.13692
Tpm1,29.78379,28.81879,29.18846,29.18846,26.15254,26.01765,24.71811,26.01765
Tbc1d24,26.28657,25.26213,25.33409,25.33409,27.8597,28.30326,27.54922,27.8597
Ppm1f,28.48097,27.60258,27.30173,27.60258,25.33698,24.80971,24.79561,24.80971
Pcyox1l,26.57222,25.44544,25.9857,25.9857,27.59719,27.60682,27.07429,27.59719
Stk24,27.64705,27.1037,26.67627,27.1037,26.34138,26.33603,26.53395,26.34138
Umps,25.62352,25.27042,25.74376,25.62352,26.49866,26.73583,26.25232,26.49866
Dab2ip,23.81411,22.72222,21.16122,22.72222,24.74817,25.02196,24.76749,24.76749
Sgtb,25.64532,24.20217,,24.923745,26.58835,26.83038,25.51093,26.58835
Fnta,28.903,26.92264,26.51123,26.92264,25.90557,25.75259,26.31562,25.90557
Mtfp1,21.45413,20.94635,20.64526,20.94635,24.7225,25.90727,24.14048,24.7225
Ptpra,27.58348,27.11068,26.71122,27.11068,25.74471,25.33269,24.69748,25.33269
Lxn,32.39632,31.50796,31.53078,31.53078,28.32139,27.84194,27.1052,27.84194
Tnik,24.22413,23.48898,23.83045,23.83045,25.41764,25.38354,25.22953,25.38354
Fam126b,22.51591,22.01866,21.70075,22.01866,23.48062,23.66709,23.33674,23.48062
Sorl1,25.10793,23.68485,22.82186,23.68485,22.18238,22.48628,21.85848,22.18238
Daam1,24.41506,22.86597,24.23447,24.23447,26.03261,25.9449,25.36416,25.9449
Gcc2,25.02213,25.39875,26.91159,25.39875,22.81742,26.30269,21.67569,22.81742
Pef1,27.806,27.10799,26.63755,27.10799,27.16643,27.12879,26.25861,27.12879
Map1s,27.20927,25.97299,25.8986,25.97299,27.28842,27.2116,26.92626,27.2116
Lrrc57,28.18881,27.45905,28.08258,28.08258,26.34474,26.41592,25.5721,26.34474
Vps53,25.38975,23.97552,23.9411,23.97552,26.39324,26.53179,26.0475,26.39324
Abcb7,25.18692,25.27327,25.2907,25.27327,26.67344,26.53594,25.96144,26.53594
Pdp1,27.95455,27.66479,26.95682,27.66479,26.45111,26.2078,26.10302,26.2078
Txn2,23.3672,24.18442,25.32567,24.18442,27.04489,26.06694,25.96926,26.06694
Ufm1,30.42192,29.92366,29.6546,29.92366,29.36277,29.04659,28.84077,29.04659
Lman2,28.36064,27.80002,28.47367,28.36064,27.30138,27.33185,26.76951,27.30138
Magi1,24.57652,23.51749,23.92143,23.92143,24.57854,24.53765,24.30758,24.53765
Itfg1,25.20821,24.25458,22.84539,24.25458,27.75532,28.18509,27.47057,27.75532
Agpat3,27.72371,27.00742,26.87127,27.00742,26.8114,26.96939,26.64774,26.8114
Snx12,27.95216,28.38936,28.30648,28.30648,27.5852,27.89753,27.88588,27.88588
Copz1,31.39305,30.05814,29.84664,30.05814,28.5974,28.63834,27.90144,28.5974
Sort1,26.63865,25.59514,25.80794,25.80794,24.97845,24.65971,24.7239,24.7239
Acadsb,31.15442,30.13296,30.04401,30.13296,28.56536,28.70859,28.1694,28.56536
Fbxl16,24.41893,21.21691,22.92792,22.92792,25.74545,26.0227,25.67887,25.74545
Fam169a,22.00265,21.9624,21.9687,21.9687,25.28894,25.05159,24.65141,25.05159
Abcb1a,23.76101,23.04347,22.82054,23.04347,19.9082,20.4913,21.13715,20.4913
Dgkz,24.43505,24.01018,24.10045,24.10045,24.43517,24.23703,23.96508,24.23703
Lsm2,29.93565,29.40404,29.24593,29.40404,28.23183,28.02348,27.88268,28.02348
Snap29,27.75551,26.72624,25.30539,26.72624,26.94268,26.39953,25.95411,26.39953
Fah,25.05192,22.01873,23.37491,23.37491,21.79982,22.67556,22.03466,22.03466
Eci2,29.97719,28.76376,28.5266,28.76376,27.05321,26.66601,26.7604,26.7604
Rimbp2,20.87635,,18.20638,19.541365,23.11267,21.92713,22.27014,22.27014
Rab8a,28.7902,27.77392,28.26982,28.26982,27.56282,27.40617,26.84086,27.40617
Rab15,,,,,24.0411,24.39715,23.93346,24.0411
Nfs1,29.23544,28.05124,27.95549,28.05124,26.83882,26.54784,26.22372,26.54784
Map7d1,28.79433,27.69432,27.3333,27.69432,24.75062,24.735,25.06246,24.75062
Rpl14,31.94507,31.45484,31.35063,31.45484,31.37083,31.35195,30.93769,31.35195
Golga3,26.59292,25.62904,25.71652,25.71652,24.85747,24.95234,24.65758,24.85747
Ndufaf4,26.545,24.97259,23.9722,24.97259,27.58764,25.74065,25.59061,25.74065
Ciapin1,26.89989,26.1147,26.20549,26.20549,27.08314,26.9069,26.31491,26.9069
Sgsm1,19.93258,19.1836,18.97318,19.1836,23.60513,23.23804,22.92532,23.23804
Gaa,27.85757,26.40046,26.85424,26.85424,26.47692,26.32249,25.62324,26.32249
Stt3a,27.03444,26.42613,26.84086,26.84086,27.24463,27.04156,27.09396,27.09396
Cygb,25.79447,20.63768,20.60404,20.63768,24.66031,24.47896,23.41209,24.47896
Kiaa0196,25.86136,25.16012,24.96296,25.16012,25.20903,25.38926,24.97303,25.20903
Uchl5,27.42037,26.31489,26.55699,26.55699,27.06054,27.05548,26.46346,27.05548
Hcfc1,27.62819,26.40884,26.23484,26.40884,25.6036,25.73934,25.41613,25.6036
Pick1,24.55315,24.79833,24.617,24.617,26.04887,26.15933,25.61327,26.04887
Coq9,29.32864,28.03218,27.43094,28.03218,27.58556,27.07449,26.92445,27.07449
Tfg,30.26215,28.49705,28.47135,28.49705,27.51028,27.41538,27.14783,27.41538
Chp1,27.78126,27.42686,27.25944,27.42686,27.01744,26.72195,27.27968,27.01744
Ddt,29.99132,28.45234,28.64244,28.64244,26.60724,26.32473,26.18391,26.32473
Dnajb4,29.24982,28.67317,28.33219,28.67317,26.62324,26.32447,26.03301,26.32447
Snrpd3,30.76746,31.20163,30.49076,30.76746,30.63919,30.40629,30.26718,30.40629
Lgals1,33.82828,33.28898,33.21675,33.28898,26.63478,27.17997,26.24425,26.63478
Ddx19a,28.92536,28.29351,27.94408,28.29351,27.35901,27.38294,27.07796,27.35901
Ppt1,30.46158,29.37671,29.33573,29.37671,27.19385,27.20341,26.59064,27.19385
Sos1,24.42848,23.93805,23.81656,23.93805,24.57051,24.2446,24.9589,24.57051
Neo1,24.71434,24.35461,23.6698,24.35461,26.65363,26.4595,26.5145,26.5145
Tecpr1,25.40506,24.86524,24.77937,24.86524,25.09269,25.46205,24.79595,25.09269
Stoml2,29.67575,28.46131,28.3135,28.46131,27.84464,27.87842,27.56602,27.84464
Kpna6,26.49886,25.79077,25.68108,25.79077,26.54187,27.06157,26.68859,26.68859
Rps27l,31.78047,31.22026,31.35484,31.35484,30.47904,30.64719,30.39407,30.47904
Rab11fip5,26.75136,25.428,25.73167,25.73167,24.57433,25.00984,25.10522,25.00984
Qki,30.72761,29.67363,29.56943,29.67363,26.59178,26.27617,24.96274,26.27617
Ube2k,27.92926,26.60894,26.97334,26.97334,27.63623,28.10525,27.60067,27.63623
Necab1,,,22.34727,22.34727,25.84766,25.8333,25.54972,25.8333
Rps6ka2,21.74214,,20.30808,21.02511,23.63334,23.38047,22.81237,23.38047
Cmpk2,29.13068,28.42962,28.19456,28.42962,25.26012,25.71942,24.91045,25.26012
Arl8b,25.72936,26.90277,26.18234,26.18234,27.8387,27.98452,27.75691,27.8387
Rab39b,24.24445,23.48124,23.61583,23.61583,27.3692,27.34976,26.91559,27.34976
Ampd2,27.45317,26.04737,26.23292,26.23292,25.09414,25.06233,24.93715,25.06233
Atg7,26.87526,26.21319,25.28898,26.21319,25.61902,25.67266,25.46771,25.61902
Necab2,18.86958,21.36207,20.22294,20.22294,24.59889,23.83865,23.42944,23.83865
Dbi,,,19.29925,19.29925,25.20445,,24.97946,25.091955
Ccar1,26.98555,25.78242,25.43721,25.78242,26.53902,26.47622,26.34888,26.47622
Atrx,24.59349,24.40516,23.82852,24.40516,26.16269,26.23708,25.91639,26.16269
Vcam1,28.30704,27.09698,26.68872,27.09698,21.19274,20.98148,18.9691,20.98148
Atg2b,23.24745,21.89037,22.00333,22.00333,23.94387,23.83297,23.66427,23.83297
RtcA,27.1755,27.06784,27.44277,27.1755,27.76091,27.88873,27.39133,27.76091
Ube3c,25.47806,24.57392,24.42259,24.57392,26.57467,26.13258,25.87427,26.13258
Fam162a,27.99868,28.14438,27.06013,27.99868,27.72949,27.50915,27.44261,27.50915
Mesdc2,29.448,29.05825,29.04383,29.05825,27.99389,27.45442,27.09013,27.45442
Mrps9,27.22858,26.25965,26.18707,26.25965,26.82092,26.60116,26.39315,26.60116
Pycr2,30.86105,29.46383,29.45932,29.46383,28.25232,28.62582,28.14637,28.25232
Ehbp1,24.92547,24.02614,24.27888,24.27888,24.67514,24.63799,24.70187,24.67514
Wdr26,25.21227,24.58938,24.98477,24.98477,25.96104,26.37191,25.91614,25.96104
3/2/2015 0:00,29.43368,28.59139,28.84122,28.84122,25.45551,25.19246,24.66644,25.19246
Stmn2,25.25303,26.47769,26.38255,26.38255,28.78054,27.93292,28.93764,28.78054
Ero1l,27.85632,27.31086,27.91456,27.85632,25.58918,25.48475,25.22861,25.48475
Mcf2l,21.99258,21.43507,16.67893,21.43507,24.45017,24.31652,23.79778,24.31652
Acsf3,26.525,26.23577,25.38762,26.23577,25.47618,25.05519,24.45387,25.05519
Atl3,29.24036,28.29057,28.50813,28.50813,25.23158,24.76248,25.04897,25.04897
Arhgap23,21.244,19.80815,19.4925,19.80815,24.37577,24.27689,23.95527,24.27689
Dctn3,26.72819,24.22993,24.7399,24.7399,27.21327,28.22959,27.25773,27.25773
Slc16a1,31.29707,30.40832,29.52903,30.40832,24.97211,24.02124,24.06571,24.06571
Sarm1,24.66758,23.1306,23.33197,23.33197,28.25038,28.09305,27.7656,28.09305
Glyr1,27.40649,26.61456,26.2913,26.61456,27.14763,27.02369,26.48213,27.02369
Cntfr,15.68489,21.49712,17.63524,17.63524,26.53156,27.26544,26.46697,26.53156
Ranbp3,28.30669,27.43205,27.45034,27.45034,26.04939,25.71767,25.43081,25.71767
Cnn3,33.6784,32.65993,32.42612,32.65993,26.70425,27.04082,26.66343,26.70425
Ndrg2,21.79697,23.72505,19.89091,21.79697,23.10165,23.2637,21.59701,23.10165
Pam,23.63412,23.00101,22.53879,23.00101,23.30952,23.39061,22.6946,23.30952
Acin1,26.63339,25.84189,25.52471,25.84189,26.12631,26.27904,25.88481,26.12631
Atp9a,23.12182,23.9061,23.9619,23.9061,26.31748,26.32034,26.02147,26.31748
Ttyh1,26.04841,25.35595,25.42297,25.42297,26.23798,25.5086,25.56761,25.56761
Tmod1,27.37377,26.4707,25.85379,26.4707,23.24589,24.23264,22.30563,23.24589
Arfip2,25.90293,24.63478,24.819,24.819,26.68043,26.58377,26.55198,26.58377
Ptgr2,29.92068,28.29828,28.24136,28.29828,25.76519,25.26252,23.88762,25.26252
Daam2,23.92967,22.12827,21.64491,22.12827,24.41203,24.21638,23.01108,24.21638
Vps51,26.44402,24.17135,23.83692,24.17135,26.70187,27.19901,26.82481,26.82481
Hras,25.7531,25.73138,25.25566,25.73138,27.2615,27.61779,26.96895,27.2615
Ocrl,25.34614,22.9936,23.32691,23.32691,25.4921,25.29372,25.04856,25.29372
Fubp1,28.09919,27.55998,27.63865,27.63865,26.46012,26.27668,26.58635,26.46012
Sdhc,25.37925,24.19776,24.82289,24.82289,27.97345,28.38311,27.60449,27.97345
Spock2,25.30831,21.45929,20.6091,21.45929,27.52545,27.28621,27.30843,27.30843
Sncg,25.23692,22.46862,22.72478,22.72478,24.90412,21.6039,,23.25401
Limch1,27.6035,26.59946,26.31508,26.59946,23.65895,23.64526,23.16746,23.64526
Slc1a4,28.53786,27.23507,27.06199,27.23507,27.77712,27.74714,27.7805,27.77712
Exoc6b,26.82311,24.90219,25.07953,25.07953,25.81563,25.91056,25.79756,25.81563
Pdk1,27.09245,25.90139,25.31659,25.90139,25.67185,24.99335,24.73474,24.99335
Hnrnph3,28.55036,27.84882,27.96003,27.96003,28.54422,28.16485,28.00174,28.16485
Prrc2c,27.25259,26.01344,25.66907,26.01344,23.05245,22.45771,22.38682,22.45771
Gss,29.40999,28.36832,27.82007,28.36832,25.51512,25.51289,25.07259,25.51289
Grm2,,18.99811,,18.99811,23.79471,23.28037,22.89082,23.28037
Gnai3,28.21447,27.40625,27.56485,27.56485,28.71637,28.50968,28.15509,28.50968
Fn3krp,28.74185,28.37828,28.5486,28.5486,24.98037,25.07378,26.10875,25.07378
Arhgef11,23.94396,22.7286,22.49595,22.7286,23.86306,23.88539,23.0481,23.86306
Ppm1b,27.53964,27.04968,27.18943,27.18943,26.70226,26.92728,26.89227,26.89227
C2cd2l,25.46936,23.83932,23.49302,23.83932,26.03456,25.70068,25.72273,25.72273
Rnps1;Gm9825,27.48078,26.71764,26.73324,26.73324,28.56551,28.23704,28.15682,28.23704
Hmgcl,28.62944,27.78294,27.21494,27.78294,27.24118,27.5708,26.98294,27.24118
Prom1,26.00657,25.68654,24.61347,25.68654,22.79832,22.62914,21.23216,22.62914
Nif3l1,26.77165,25.75134,26.32932,26.32932,27.55772,27.79489,27.09748,27.55772
Arfip1,29.03165,28.50635,28.56045,28.56045,24.26992,23.77032,23.72015,23.77032
Bub3,28.74169,28.14778,30.6032,28.74169,28.02126,27.76477,27.77335,27.77335
Trappc3,29.30404,28.45619,28.05352,28.45619,27.55238,27.58212,27.55223,27.55238
Urod,28.29618,26.89631,27.01797,27.01797,26.83388,26.76028,26.24958,26.76028
Nudt11;Nudt10,27.98739,27.10029,27.41038,27.41038,27.49014,27.68063,27.04416,27.49014
Ptpn5,14.68847,,,14.68847,24.52409,24.56912,25.77153,24.56912
Gcsh,29.16801,28.22292,27.98961,28.22292,25.49604,26.13142,22.6657,25.49604
Pde10a,22.29309,22.08651,23.11666,22.29309,26.23019,26.35637,25.61015,26.23019
Crkl,29.56189,28.94715,28.88244,28.94715,27.82614,27.48708,27.5695,27.5695
Cmtr1,24.9178,24.96345,24.58755,24.9178,25.60229,25.52743,24.71728,25.52743
Ccdc47,27.82499,27.45607,27.48593,27.48593,27.73286,27.72436,27.17893,27.72436
Shroom2,26.2479,25.85583,25.45883,25.85583,23.76334,22.76154,22.76375,22.76375
Rab12,26.97301,25.99432,26.42365,26.42365,27.59306,27.48393,27.0749,27.48393
Arih1,26.78307,26.0503,25.53502,26.0503,26.36112,26.51688,25.83142,26.36112
Metap2,27.7611,27.22858,27.06999,27.22858,26.82966,27.33083,26.3551,26.82966
Kcnab2,,,,,24.20165,23.94351,,24.07258
Mat2b,28.39395,27.72683,27.39485,27.72683,26.99755,27.03391,26.91422,26.99755
Lnpep,26.80045,26.15126,26.33616,26.33616,24.87,24.52618,24.65682,24.65682
Ccdc22,27.98359,26.9566,26.64444,26.9566,25.88749,25.86858,25.94165,25.88749
Rragc,28.87921,27.97136,28.32311,28.32311,27.19554,26.74881,26.42224,26.74881
Ubfd1,26.98076,26.12487,25.91677,26.12487,27.07714,26.26762,26.79303,26.79303
Dmd,24.82653,23.3577,22.85504,23.3577,21.26241,21.07783,20.92868,21.07783
Gpc1,27.70761,26.86384,26.84637,26.86384,28.40381,28.30108,28.21595,28.30108
Wasl,26.56152,25.75269,24.94855,25.75269,24.15599,24.84886,24.01979,24.15599
Trp53bp1,26.62715,25.40383,25.13442,25.40383,26.45648,26.37776,26.29248,26.37776
Ociad2,27.49251,27.04791,27.38764,27.38764,23.87858,25.21004,23.97027,23.97027
Sqstm1,28.12288,26.91125,27.17102,27.17102,25.21434,26.10392,25.58497,25.58497
Mink1,24.43924,23.7348,22.83838,23.7348,20.96698,22.05484,21.48168,21.48168
Wasf3,23.89143,23.65971,24.24096,23.89143,23.12514,23.92841,23.00989,23.12514
Micu3,22.94983,20.80585,22.38482,22.38482,26.44242,25.57808,25.15619,25.57808
Hectd3,24.2186,24.04093,23.62645,24.04093,25.42069,25.49969,24.93225,25.42069
Drg1,27.99502,27.58714,27.16068,27.58714,27.26866,27.4739,26.96257,27.26866
Rbm14,29.02477,28.0748,28.21248,28.21248,27.59477,27.54259,27.38805,27.54259
Arhgdib,29.85037,28.23091,27.70767,28.23091,26.39486,25.6355,24.90035,25.6355
Ago1,24.39911,23.4339,23.87033,23.87033,24.89564,24.81309,24.50882,24.81309
Fkbp8,29.13824,27.96697,27.89701,27.96697,26.70701,26.1579,26.22083,26.22083
Dock7,27.60816,26.90219,26.98729,26.98729,27.105,26.83388,25.96992,26.83388
Tial1,27.51382,26.70636,26.68926,26.70636,27.308,27.17465,27.17455,27.17465
Rps27,29.90225,29.84064,30.17629,29.90225,27.1883,26.70398,27.2833,27.1883
Cbl,26.63976,25.71211,25.35525,25.71211,24.67266,24.31886,24.03263,24.31886
Trp53i11,24.45318,23.87502,25.121,24.45318,29.13836,27.64623,27.31907,27.64623
Ddx42,26.78407,25.51617,25.92967,25.92967,25.15549,24.60145,24.49473,24.60145
Chmp2a,28.57784,28.09658,28.27968,28.27968,27.4603,27.06054,27.07806,27.07806
Lmo7,23.67001,22.81624,22.0232,22.81624,20.21276,19.57356,21.80191,20.21276
Naa10,28.73492,27.63907,27.91331,27.91331,27.87303,27.62352,27.31553,27.62352
Gmpr,29.83198,28.88911,29.34509,29.34509,25.0375,25.44028,24.41538,25.0375
Hnrnpk;Gm7964,26.21632,25.64935,24.83774,25.64935,26.28238,26.55145,26.1036,26.28238
Exoc8,26.17274,25.11235,24.80995,25.11235,26.10843,26.06585,26.52301,26.10843
Nck1,26.88157,26.65826,26.17955,26.65826,25.42733,24.79283,24.97001,24.97001
Lztfl1,29.34794,28.3506,28.41466,28.41466,26.40618,26.52962,26.20765,26.40618
Hecw2,17.45924,19.32551,20.69353,19.32551,23.5285,23.49521,23.35917,23.49521
Srrm2,26.35995,25.57095,25.00123,25.57095,24.58199,24.34976,24.56668,24.56668
Nudcd3,27.69617,26.39321,26.35008,26.39321,25.73995,25.54975,24.89606,25.54975
Magoh;Magohb,28.37269,28.01366,28.07979,28.07979,28.50707,28.40868,28.03564,28.40868
Supt6h,25.12668,24.09015,23.94851,24.09015,23.998,24.64124,24.05184,24.05184
Eif3e,28.40397,27.9961,28.06157,28.06157,27.33219,27.63554,27.07551,27.33219
Prrc2a,25.57911,24.5779,24.71529,24.71529,23.25059,22.78586,22.63121,22.78586
Pdk3,26.6363,25.26585,25.08995,25.26585,25.4665,25.63303,24.91274,25.4665
Top1,27.71339,27.14394,27.40454,27.40454,28.08482,27.63969,27.74214,27.74214
Cdc16,26.29235,26.28346,25.83381,26.28346,26.23338,26.84218,26.15358,26.23338
Srp68,27.24554,26.91684,26.88332,26.91684,26.92909,27.15528,26.97312,26.97312
Dtna,27.8447,27.17122,26.7604,27.17122,24.76901,24.78387,24.13359,24.76901
Braf,26.6807,25.41303,26.23925,26.23925,25.62959,25.39382,25.00779,25.39382
Nt5c3a,27.331,26.8584,25.64974,26.8584,26.66492,26.48262,25.97909,26.48262
Nova1,25.93191,26.21514,24.21252,25.93191,27.13359,27.13006,27.23809,27.13359
Gng3,,,20.43431,20.43431,23.15323,28.51405,25.06353,25.06353
Lypla2,28.61224,27.67526,27.07511,27.67526,28.34697,28.65826,28.39509,28.39509
Slc9a6,26.24833,24.58383,24.77901,24.77901,26.06279,25.93692,25.77349,25.93692
Rps6ka5,25.75129,24.66758,24.48007,24.66758,26.71004,26.63132,26.25222,26.63132
Zfr,26.96466,25.90731,25.8683,25.90731,25.59221,25.4996,25.27046,25.4996
Fam129b,28.33339,27.22499,27.30748,27.30748,25.25803,25.90129,25.30911,25.30911
Dnaja4,27.97776,27.39705,27.33952,27.39705,22.92765,22.10597,22.94088,22.92765
Nup155,26.79079,26.50516,25.94163,26.50516,26.38998,26.44552,26.20695,26.38998
Atp5e,31.29028,29.43506,30.22216,30.22216,29.87668,29.92762,29.48853,29.87668
Syn1,17.72214,20.0047,18.29477,18.29477,20.94428,19.90432,20.02823,20.02823
Snrpa;Gm5145,28.98476,28.60424,29.12206,28.98476,27.00378,27.90993,27.07327,27.07327
Ankfy1,27.68619,26.79959,26.74945,26.79959,27.43006,27.46855,26.97989,27.43006
Cdh11,23.71973,21.10815,20.82415,21.10815,21.6891,22.6616,20.80412,21.6891
Pmpcb,29.23934,27.74727,28.18054,28.18054,27.07255,27.18338,26.7934,27.07255
Habp4,25.98815,24.47877,24.36326,24.47877,22.30226,22.63713,22.23307,22.30226
Manf,30.39907,30.50919,30.71498,30.50919,27.93613,26.65335,26.15767,26.65335
Trappc11,23.80882,23.70451,23.97998,23.80882,25.55028,25.50776,25.05978,25.50776
Ccdc104,28.77011,28.22798,27.60717,28.22798,24.64823,24.19993,23.78606,24.19993
Msi2,29.94475,29.43484,29.06628,29.43484,26.48004,26.26783,26.40775,26.40775
Arvcf,28.7774,27.64107,27.11595,27.64107,25.71707,25.5936,25.30229,25.5936
Cdc26,28.92524,28.29872,28.29715,28.29872,26.65826,26.36603,26.22909,26.36603
Atp13a1,26.42638,25.31793,25.47305,25.47305,26.18745,26.91513,25.63744,26.18745
Folh1,25.27998,23.92705,24.54834,24.54834,15.49323,20.92796,13.22355,15.49323
Vps28,27.99162,27.07204,26.78332,27.07204,28.34384,27.76275,27.8484,27.8484
Sall2,27.28021,27.73383,26.45962,27.28021,29.28034,29.26448,29.60428,29.28034
Coro2a,20.44647,21.33156,21.88282,21.33156,21.93923,22.40919,21.08109,21.93923
Mast2,23.79798,22.80365,22.146,22.80365,21.8858,21.68735,21.4765,21.68735
Plxnd1,21.55787,18.58652,17.88578,18.58652,24.73268,24.9852,24.25061,24.73268
Gabarapl2,26.99183,25.20888,26.09217,26.09217,26.68083,27.36052,26.58018,26.68083
Dnajc8,28.69677,28.33662,28.39125,28.39125,26.11299,24.87343,24.77957,24.87343
Rps23,31.46344,31.01259,31.12201,31.12201,30.25732,30.31192,30.14139,30.25732
Dnaja3,28.08055,27.29605,27.62527,27.62527,25.86036,25.8659,25.46731,25.86036
Rasa3,24.66291,24.58118,24.12566,24.58118,23.95269,23.43314,23.43708,23.43708
Fam114a2,26.65731,25.46192,25.32502,25.46192,25.49558,25.64491,24.98763,25.49558
Lin7c,30.89742,29.89836,30.53325,30.53325,26.6363,27.4255,27.5244,27.4255
Ptrh2,27.54885,27.90604,28.06281,27.90604,28.65253,28.29758,28.29413,28.29758
Usp8,26.72025,25.79119,25.51674,25.79119,25.55792,23.15973,22.56943,23.15973
Sik3,25.91034,24.42829,24.45457,24.45457,23.90976,24.37756,23.55871,23.90976
Wdr11,26.49179,25.72323,25.98031,25.98031,25.80314,25.76,25.52841,25.76
Tpm1,28.26521,28.85689,28.36907,28.36907,26.964,26.12224,25.87138,26.12224
Arhgef12,27.13673,25.99634,25.92162,25.99634,25.00894,25.19133,25.19152,25.19133
Exoc3,26.32344,25.45989,25.77246,25.77246,26.64609,26.47282,26.58806,26.58806
Ppp6r2,23.26999,24.91063,23.9839,23.9839,25.67718,25.81248,25.14071,25.67718
Prickle2,21.86884,22.02665,22.34175,22.02665,23.93157,23.95056,23.34327,23.93157
Arf5,27.96113,27.40088,27.5087,27.5087,28.88393,29.2643,28.17508,28.88393
Lancl1,26.94414,27.80212,27.19995,27.19995,26.49402,26.84062,26.22092,26.49402
Slc6a9,26.72962,25.74568,25.5668,25.74568,25.50179,25.38044,25.48496,25.48496
Gamt,26.3395,25.18892,24.48007,25.18892,26.53026,26.14725,25.60532,26.14725
Gbf1,25.91682,24.49014,24.62645,24.62645,25.12388,25.04939,24.30487,25.04939
Scyl1,26.48742,25.49625,25.41112,25.49625,25.45851,25.36866,25.14523,25.36866
Svop,22.43405,21.49824,20.54529,21.49824,25.31077,24.47141,25.04364,25.04364
Plrg1,27.16039,26.29717,25.9657,26.29717,25.80629,25.42406,25.43946,25.43946
Dgki,24.47686,23.43479,23.64691,23.64691,25.50112,25.37126,25.08123,25.37126
Luc7l2,28.29057,27.72553,27.65895,27.72553,26.92059,26.92581,26.79501,26.92059
Rims2,20.89556,18.44213,19.62038,19.62038,22.31976,21.81941,21.96902,21.96902
Ate1,27.72501,26.04731,26.68177,26.68177,26.46222,26.1802,25.45557,26.1802
Arsb,28.66363,28.69571,28.58606,28.66363,23.626,23.92823,24.34482,23.92823
Pik3r4,25.59215,24.93206,24.79069,24.93206,24.79198,24.94333,24.32093,24.79198
Akap9,24.84479,24.19596,23.77052,24.19596,23.60264,23.20329,23.35394,23.35394
Rpl38,29.21588,28.77364,28.56924,28.77364,30.33437,30.48827,30.08942,30.33437
Slc1a6,22.40824,,,22.40824,18.6453,,,18.6453
Impdh2,28.56725,27.8568,28.34803,28.34803,29.43796,29.72022,29.0155,29.43796
Cstf2,28.55563,27.54001,27.21484,27.54001,26.14009,26.2486,26.35788,26.2486
Gcdh,29.4374,27.93573,27.7395,27.93573,26.37996,26.22175,25.73859,26.22175
Pgm3,28.21813,27.52156,27.50574,27.52156,26.5044,26.6302,26.27421,26.5044
Pgap1,23.35891,21.98735,21.61009,21.98735,28.10534,28.43734,27.83008,28.10534
Cacna1e,,17.68044,20.62694,19.15369,23.26699,22.97926,22.50286,22.97926
Pafah1b3,26.16665,26.35432,25.69959,26.16665,29.96513,30.20676,29.71895,29.96513
Dcaf7,27.18612,26.62296,27.28516,27.18612,28.22357,28.03323,27.55186,28.03323
Numbl,26.50537,25.41944,25.42682,25.42682,25.03141,25.3455,25.04914,25.04914
Gclm,29.03774,28.52062,27.98011,28.52062,27.49496,27.45685,25.87239,27.45685
Agfg1,27.34773,26.98076,27.1045,27.1045,26.23659,26.26746,25.52438,26.23659
U2af1,27.49305,26.75685,27.3928,27.3928,28.31077,29.42017,28.31246,28.31246
Cyp2d22,26.13083,25.69718,24.89758,25.69718,19.69444,20.30006,19.21012,19.69444
Rptor,25.82999,24.81817,24.63561,24.81817,25.71211,25.59602,25.56819,25.59602
Sephs1,28.09788,27.39272,27.69392,27.69392,26.83665,26.95848,26.41582,26.83665
Mark1,22.39126,22.03896,21.97589,22.03896,26.14455,26.3227,25.61555,26.14455
Ssrp1,27.25485,27.23489,27.3304,27.25485,27.66492,27.50309,27.3741,27.50309
Rps6kc1,24.09909,24.14367,25.98388,24.14367,22.49821,21.84743,22.01536,22.01536
D430041D05Rik,20.84567,20.22576,22.96865,20.84567,24.39499,24.85486,24.18563,24.39499
M6pr,27.38261,27.17722,27.38772,27.38261,24.45017,25.3123,24.56639,24.56639
Lrrc40,26.86526,25.43135,25.54751,25.54751,26.40204,26.55774,25.95214,26.40204
Pddc1,28.74021,28.05196,28.09939,28.09939,28.38336,27.83232,27.92388,27.92388
Rgs10,27.24209,27.07908,26.85341,27.07908,24.33736,24.61386,24.3682,24.3682
Gm20521,26.93236,26.47099,26.26535,26.47099,27.30843,27.28189,27.08942,27.28189
Agpat4,27.99529,26.90507,27.14462,27.14462,27.53319,27.40625,26.96157,27.40625
Dmxl1,22.89063,22.00772,21.85992,22.00772,23.26728,23.52946,23.04186,23.26728
Mapk8,22.17928,21.80392,21.78277,21.80392,27.62638,27.56674,26.99959,27.56674
Ddhd1,23.19176,21.16042,21.36954,21.36954,23.89551,24.06604,23.05857,23.89551
Gabra1,,19.27376,19.67143,19.472595,24.72343,24.30389,24.16192,24.30389
Smcr8,24.53694,23.77213,22.96317,23.77213,24.64504,24.51099,24.2553,24.51099
Plcb3,27.40536,26.58578,26.48517,26.58578,22.11082,22.12452,17.91468,22.11082
Mob4,27.23663,27.04051,26.5085,27.04051,28.55072,29.00606,28.03234,28.55072
Appl2,29.08735,28.02591,27.52328,28.02591,24.21,24.26849,23.75634,24.21
Tbcel,27.17217,26.59548,26.59534,26.59548,24.14872,24.30194,24.0757,24.14872
Wdr77,28.69265,27.88064,28.17389,28.17389,28.59374,28.46108,28.32911,28.46108
Atxn2l,27.90639,26.57029,27.33943,27.33943,24.93647,26.73622,24.8667,24.93647
Ctps1,27.66458,27.27106,26.93753,27.27106,27.61569,27.99053,27.54392,27.61569
Elavl3,20.13946,24.35783,25.11866,24.35783,29.60012,29.68114,29.34896,29.60012
Fsd1l,25.76469,25.49997,25.25541,25.49997,28.00582,28.03128,27.71614,28.00582
Commd9,27.8818,26.33739,26.92411,26.92411,26.96565,26.68752,25.30497,26.68752
Pign,24.09305,22.70022,21.42752,22.70022,27.24916,26.7082,25.80796,26.7082
Evi5l,23.04425,22.73851,23.07969,23.04425,25.6689,25.57045,25.30977,25.57045
Acy1,28.20121,27.33236,27.61034,27.61034,24.57375,24.46681,24.46719,24.46719
Xpo7,25.68758,25.18082,24.73443,25.18082,26.52019,27.2007,26.67331,26.67331
Pak3,26.29602,26.70345,26.38686,26.38686,26.68833,25.85859,26.08195,26.08195
Aimp2,27.86938,26.55707,26.77744,26.77744,27.55779,27.83533,27.57967,27.57967
Scn1b,22.9113,,21.22594,22.06862,19.71023,19.62975,,19.66999
Armc1,28.63079,27.2632,26.8662,27.2632,26.23325,26.33084,25.62876,26.23325
Ndufab1,30.38402,30.45523,29.76402,30.38402,29.94657,29.76354,29.68494,29.76354
Crat,28.91752,27.90047,27.94056,27.94056,25.92911,26.1707,25.67487,25.92911
Rcc2,29.77905,28.91082,29.70255,29.70255,27.86195,28.26705,27.90242,27.90242
Tmpo,29.3043,28.13736,28.15364,28.15364,24.96252,24.56151,24.62025,24.62025
Gorasp2,29.72633,28.54285,28.65291,28.65291,27.18914,27.90397,27.4549,27.4549
Atl2,24.39297,23.03976,24.33463,24.33463,27.04906,26.87185,27.18773,27.04906
Memo1,27.48347,26.65116,26.85353,26.85353,26.37945,25.99164,25.62288,25.99164
Ahnak2,28.13545,26.70279,27.13075,27.13075,21.16981,19.81711,19.58804,19.81711
Son,26.23411,25.36025,25.44288,25.44288,24.74571,24.57986,24.46955,24.57986
Tsr2,28.1562,27.06394,27.61217,27.61217,23.89994,23.92624,22.61261,23.89994
Zfyve1,25.26814,24.02724,23.21433,24.02724,24.54557,24.44209,24.25314,24.44209
Smarca5,27.18348,26.33681,25.9847,26.33681,26.1117,26.07089,25.70422,26.07089
Rab6b,21.71255,19.97183,21.21419,21.21419,29.07974,28.98202,28.63416,28.98202
Lnp,27.40973,26.07983,25.66311,26.07983,26.53413,26.06883,25.85633,26.06883
Atp6ap2,25.13297,25.44957,25.38611,25.38611,27.5847,27.59199,26.78681,27.5847
Cops7a,29.38922,28.53453,28.45799,28.53453,25.99097,25.54212,26.13153,25.99097
Acyp2,26.09432,27.52574,26.67425,26.67425,24.62856,24.8998,24.37868,24.62856
Lzic,29.35309,28.48255,29.22913,29.22913,27.68899,27.9907,27.56173,27.68899
Dip2c,24.93215,23.4339,24.32924,24.32924,26.39823,26.61203,26.1168,26.39823
Rprd1a,26.87314,25.79672,25.80346,25.80346,27.29955,27.2379,26.59989,27.2379
Igsf21,21.28681,20.556,20.42378,20.556,25.16385,24.9668,25.09245,25.09245
Ppp1r2,29.66275,29.07801,29.06748,29.07801,25.62165,26.00118,25.80489,25.80489
Tmsb4x,31.78753,31.40436,31.21176,31.40436,31.12836,30.79103,31.36677,31.12836
Cdk16,25.90603,25.74684,26.06264,25.90603,25.72299,25.93979,25.64389,25.72299
Eps8,26.37066,25.11803,25.27586,25.27586,25.08974,24.76916,24.584,24.76916
Slc9a1,23.77254,21.83024,21.15573,21.83024,22.91103,21.6457,21.94321,21.94321
Slc24a2,,,17.74406,17.74406,22.12231,22.41872,21.87452,22.12231
Isoc2a,24.54622,20.43909,21.45493,21.45493,25.43489,26.46944,25.58703,25.58703
Tmem65,28.09421,27.77077,27.55017,27.77077,27.22122,27.15345,27.21484,27.21484
Cul4a,25.96486,25.23841,25.85683,25.85683,25.34042,25.52076,24.99339,25.34042
Tubgcp2,25.62514,24.56639,24.22913,24.56639,24.68982,24.63256,23.92125,24.63256
Rbfox2,26.28567,25.29158,25.69448,25.69448,27.72221,27.67949,27.57391,27.67949
Tpm4,32.56429,32.44525,32.09011,32.44525,26.24476,26.26234,25.8925,26.24476
Aldh4a1,28.08167,27.73234,27.70688,27.73234,25.19487,25.67847,25.27562,25.27562
Scarb2,29.28443,28.00131,28.19046,28.19046,28.15919,28.90441,27.55508,28.15919
Nav1,21.8994,21.53445,22.25269,21.8994,26.02819,25.07504,25.58806,25.58806
Reep5,28.19489,28.57423,28.58924,28.57423,28.94983,29.70251,28.90441,28.94983
Nacad,26.43012,23.02867,25.60848,25.60848,25.47125,25.18609,23.87098,25.18609
Eef1e1,27.07877,26.22105,26.82396,26.82396,27.31467,27.20564,26.97651,27.20564
Psd,19.01577,20.99155,19.49228,19.49228,25.89064,25.73733,25.4177,25.73733
Atpaf1,25.34628,25.57173,25.8598,25.57173,25.82888,25.98913,25.22328,25.82888
Scn2b,15.73495,16.46504,,16.099995,25.53878,25.14091,24.98533,25.14091
Eps8l2,20.22588,,,20.22588,19.04017,,,19.04017
Ppfia4,20.29558,21.45146,22.51121,21.45146,22.08057,20.70252,20.91539,20.91539
Rcn1,28.76872,28.52073,28.42085,28.52073,26.49005,26.09927,25.91882,26.09927
Timm50,28.78226,27.99281,28.35077,28.35077,27.81946,27.65082,27.2787,27.65082
Amer2,22.24371,21.84923,22.17237,22.17237,25.14597,24.39519,24.97819,24.97819
Ppif,28.38714,27.57506,27.72136,27.72136,25.77799,25.71652,24.53967,25.71652
Prpsap1,27.964,27.34333,27.25088,27.34333,27.47676,27.18357,26.7898,27.18357
Grk6,23.37146,22.98765,22.02658,22.98765,28.71879,25.56014,25.83603,25.83603
Cyth2,24.82284,23.57693,22.54217,23.57693,27.12623,27.1278,26.36551,27.12623
Zc3h15,27.1033,26.51516,26.3089,26.51516,25.22336,24.64785,24.88479,24.88479
Prkra,27.76034,27.19357,27.47676,27.47676,28.68742,28.74874,28.16202,28.68742
Hdhd3,28.04952,28.06214,28.14545,28.06214,26.82457,27.15904,26.75455,26.82457
Smchd1,24.98398,23.77153,24.3648,24.3648,25.54866,25.36383,24.95624,25.36383
Akt3,24.93364,23.92388,23.32017,23.92388,26.26969,26.29414,25.65674,26.26969
Hspb1,30.38956,29.3014,29.34642,29.34642,20.72384,20.71708,18.56982,20.71708
Ddc,,,,,22.82524,22.84529,21.78393,22.82524
Zmpste24,28.14914,26.96389,27.1601,27.1601,26.29207,25.98796,26.08424,26.08424
Tpp1,29.14567,28.78394,28.85055,28.85055,25.60961,24.24402,24.62059,24.62059
Ptbp1,30.89309,30.17997,30.29625,30.29625,26.56497,26.7107,26.02699,26.56497
Tiprl,28.54749,27.52216,28.04568,28.04568,27.92513,28.06286,27.93151,27.93151
Xpo5,25.64625,25.1037,25.46311,25.46311,26.29653,26.58047,25.95547,26.29653
Grcc10,22.38026,20.34646,21.48631,21.48631,25.61526,28.27017,26.06242,26.06242
Srsf11,28.71532,27.57514,26.50447,27.57514,28.2006,28.10395,28.21336,28.2006
Kcna2,,,20.10649,20.10649,23.03991,22.3657,21.23935,22.3657
Ago2,28.14836,25.73433,25.47782,25.73433,25.90949,25.95764,25.63059,25.90949
Serpinb1b,20.69124,21.11089,20.65456,20.69124,,,,
Nagk,27.82244,27.64691,26.97574,27.64691,27.20163,27.04187,27.06085,27.06085
Mon2,24.86674,24.14484,23.71502,24.14484,25.25079,25.50476,25.26001,25.26001
Dkc1,27.30739,26.98848,26.5698,26.98848,26.39072,26.43725,25.91623,26.39072
Pigs,25.30904,24.86543,23.41674,24.86543,26.79017,26.98989,26.78144,26.79017
Timm13,31.20525,30.56184,30.1919,30.56184,26.93089,27.85103,26.99021,26.99021
Vbp1,27.30025,26.63768,27.35288,27.30025,27.22591,26.98794,27.00217,27.00217
Ilk,29.45466,28.48965,28.38702,28.48965,25.37594,24.62037,24.30096,24.62037
Cluh,26.35118,25.35037,25.21841,25.35037,25.10566,24.91666,25.48965,25.10566
Mrps36,31.15164,29.91727,30.0342,30.0342,29.25645,28.57863,28.36114,28.57863
Creld1,24.96305,24.48935,24.96499,24.96305,26.2865,25.94,24.85476,25.94
Fam213b,24.17919,24.54097,24.69434,24.54097,27.02083,26.84793,26.59747,26.84793
Fnbp1l,24.75272,22.84841,23.73428,23.73428,26.68552,26.55764,26.29896,26.55764
Stub1,27.36953,26.87526,27.46014,27.36953,27.84344,28.09124,27.48155,27.84344
Ube4b,26.25814,25.97297,25.8915,25.97297,26.26401,26.65472,26.07449,26.26401
Sec16a,26.78868,25.26803,24.81631,25.26803,23.96005,24.00161,23.62031,23.96005
Ablim3,15.5391,19.91631,19.638,19.638,22.53526,22.798,21.98109,22.53526
A830010M20Rik;Kiaa1107,20.54255,20.11579,17.66393,20.11579,21.57501,21.38874,21.4108,21.4108
Flad1,23.78915,23.74991,22.90518,23.74991,24.98307,25.21605,24.73428,24.98307
Smap2,26.79971,25.72814,25.8158,25.8158,26.30543,26.25688,25.85369,26.25688
Tor1aip1,28.60194,27.08932,27.54185,27.54185,23.97788,23.63854,23.92588,23.92588
Nt5c2,26.17085,25.34171,24.8805,25.34171,26.96356,27.29378,26.47267,26.96356
Clpb,26.58821,25.93672,26.10582,26.10582,25.34482,25.47048,24.98898,25.34482
Pdlim5,31.48808,30.7117,30.61509,30.7117,23.20647,23.42291,23.99464,23.42291
Eif2b2,27.51751,26.16233,26.51907,26.51907,27.74432,27.50105,27.21863,27.50105
Palm,23.34611,22.06352,,22.704815,24.52671,23.40639,24.12471,24.12471
Tiam2,21.2451,20.31263,19.72908,20.31263,22.08382,21.34462,20.40052,21.34462
Lamp1,31.23786,30.40649,30.05814,30.40649,26.91205,27.2488,26.98392,26.98392
Cdipt,26.36993,25.91388,26.12074,26.12074,27.89012,27.99776,27.59392,27.89012
Gbe1,27.75436,27.183,27.31155,27.31155,24.18616,24.03381,23.20792,24.03381
Mpdz,27.40186,26.5705,26.25931,26.5705,21.7647,21.12092,20.69464,21.12092
Uap1l1,29.02878,27.91125,27.71096,27.91125,24.28553,24.57467,24.21778,24.28553
Tbcd,27.05383,25.86346,25.84269,25.86346,26.46789,26.71096,26.04741,26.46789
Fam120c,28.80418,27.88594,27.73124,27.88594,26.40222,26.31361,25.82452,26.31361
Ethe1,27.99981,27.99037,28.10305,27.99981,27.11615,27.70207,26.46424,27.11615
Ddi2,26.54032,26.20784,25.98242,26.20784,25.06899,24.67341,23.67519,24.67341
Nckipsd,22.62359,23.11313,22.39318,22.62359,22.65559,22.79616,22.7324,22.7324
Cdc42,19.86248,,18.58274,19.22261,26.72091,27.79377,26.94268,26.94268
Mtatp8;mt-Atp8,29.69269,27.32148,27.47723,27.47723,26.36888,25.68838,26.89758,26.36888
Ppp2r2d,26.33147,25.15136,25.43081,25.43081,27.12209,26.97454,26.83352,26.97454
Dnajb11,29.52399,28.98153,29.43887,29.43887,27.43404,27.03097,27.39125,27.39125
Arhgap39,24.76061,21.43924,21.69774,21.69774,24.5852,24.69057,24.17242,24.5852
Crocc,26.32846,24.17219,25.01576,25.01576,19.39371,19.66101,20.32652,19.66101
Atxn2,26.98609,25.76987,26.07965,26.07965,24.17158,23.97474,24.07822,24.07822
Ubl4a,28.27039,26.36668,27.2756,27.2756,27.97131,27.34655,26.93764,27.34655
Hap1,23.53469,19.61456,21.46697,21.46697,23.53908,23.63478,23.35676,23.53908
Scn1a,,,,,20.56523,19.62667,18.47275,19.62667
Tpm3,28.57221,27.18234,28.13428,28.13428,27.51616,27.39901,27.25205,27.39901
Zfml;Znf638,25.22115,23.92461,24.07692,24.07692,24.27291,24.25364,24.0209,24.25364
Hint3,26.90334,26.90793,26.17467,26.90334,26.95038,26.99906,25.28866,26.95038
AI837181;Bles03,26.22076,25.81612,25.0554,25.81612,24.95744,25.6829,25.81734,25.6829
Anp32b,30.78324,30.11396,30.11247,30.11396,28.74657,28.85766,28.57503,28.74657
Acad10,27.08152,25.86604,25.53715,25.86604,23.39585,24.23454,20.47001,23.39585
Seh1l,26.91673,26.14406,26.87256,26.87256,26.91262,27.02422,26.42923,26.91262
Ufd1l,28.90776,28.38891,28.38001,28.38891,26.84566,27.19779,26.6284,26.84566
Fam98b,29.29975,28.45666,28.60975,28.60975,27.28012,27.50325,27.49473,27.49473
Acsl3,27.58792,26.58205,26.13148,26.58205,27.36302,27.22793,27.0086,27.22793
Pik3r1,25.25407,24.07936,24.39447,24.39447,25.6221,25.37571,25.73203,25.6221
Ostf1,29.36545,28.1277,28.45333,28.45333,24.07651,23.83277,22.78949,23.83277
Camsap3,22.32891,20.01672,21.09378,21.09378,25.35212,25.19095,25.4265,25.35212
Copg2,27.58312,26.83002,26.55255,26.83002,25.6949,26.07604,25.79885,25.79885
Nup205,25.77942,24.85894,24.95096,24.95096,24.67745,25.15031,24.44991,24.67745
Adam11,,16.25604,,16.25604,21.34419,21.52291,22.86325,21.52291
Snap25,,,,,27.86779,27.54995,27.409,27.54995
Ddx3x,27.33731,26.14032,25.94869,26.14032,26.47128,27.24336,26.4338,26.47128
Ythdf3,27.75913,26.23803,26.3221,26.3221,25.6876,25.64282,24.81441,25.64282
Hdac4,24.95943,24.41015,24.14126,24.41015,24.67584,24.42976,24.308,24.42976
Vps39,26.27515,25.70311,25.25789,25.70311,25.22858,25.15592,24.7634,25.15592
Aip,27.93927,27.50582,27.77455,27.77455,26.03676,26.43436,25.80282,26.03676
Pdpr,27.67627,26.13252,25.95759,26.13252,25.59722,25.50845,25.3537,25.50845
Ubtf,27.48031,26.66194,26.94637,26.94637,26.50123,26.1239,26.06046,26.1239
Nrxn2,23.8839,23.64746,21.93901,23.64746,25.66552,25.64262,25.05772,25.64262
C1qb,24.89227,24.15283,23.99481,24.15283,23.90729,22.73911,22.59694,22.73911
Arfgap2,27.85721,26.94659,27.37318,27.37318,24.74817,24.63721,24.19821,24.63721
Smarca4,26.77631,25.33828,24.58755,25.33828,27.06938,26.8853,26.38795,26.8853
Vps41,26.73027,25.36008,25.07455,25.36008,25.73291,25.58666,25.23564,25.58666
Pgm2,28.97197,28.56837,28.39513,28.56837,25.35064,25.3267,24.92493,25.3267
Etnppl,,,,,,,,
Lrrc8a,27.26973,26.41137,25.84766,26.41137,25.55663,25.4656,24.87933,25.4656
Spg7,25.88169,24.92266,24.47234,24.92266,25.08424,25.10129,24.2422,25.08424
Clstn1,20.57358,20.72717,22.23628,20.72717,24.27888,24.45613,24.20217,24.27888
Enah,28.16082,27.36494,27.85858,27.85858,26.17621,26.25337,25.5648,26.17621
Fam131b,,20.32454,,20.32454,24.02259,23.84785,23.60082,23.84785
Mlycd,26.03819,24.27341,24.43039,24.43039,25.89118,25.73164,25.29,25.73164
Asl,28.34261,27.12238,27.49259,27.49259,25.83788,25.42822,25.30894,25.42822
Ncor2,25.95127,25.92807,25.94174,25.94174,20.99369,20.8738,20.92071,20.92071
Bola1,28.20336,27.2478,27.36761,27.36761,26.17011,25.84422,25.98585,25.98585
,28.4402,26.69883,26.60428,26.69883,22.97923,22.93749,21.70514,22.93749
Cdkl5,22.0555,21.70206,22.05321,22.05321,21.94885,22.33759,21.22623,21.94885
Als2,22.91388,22.63748,23.58279,22.91388,24.60716,24.52301,24.16154,24.52301
Rab24,26.85258,26.87888,25.57871,26.85258,27.02242,27.03528,26.48932,27.02242
Nsun2,26.55377,26.31602,26.27583,26.31602,26.48815,26.67909,26.43686,26.48815
Adcy5,23.47618,,20.51788,21.99703,23.91898,23.45776,23.50494,23.50494
Ppp2r5c,25.22799,21.78245,22.82485,22.82485,26.79216,26.71148,26.11446,26.71148
Rpl22,32.45616,31.7431,31.59961,31.7431,30.509,30.20116,30.17748,30.20116
Isoc1,27.80261,27.24672,26.86006,27.24672,27.81696,27.72553,27.56362,27.72553
Itih3,25.37597,24.20187,25.10061,25.10061,,18.98799,18.59805,18.79302
Kcnj10,29.90527,29.22039,28.91162,29.22039,21.50911,21.54028,20.60449,21.50911
Ndel1,25.95147,24.77801,24.46824,24.77801,25.44916,25.39725,25.33006,25.39725
Emc8,28.4538,27.57586,28.0804,28.0804,27.35473,27.48808,27.51698,27.48808
Gucy1a3,,20.50795,20.58912,20.548535,27.62331,27.98229,27.41353,27.62331
Ppp2r5a,28.02739,26.82953,26.76699,26.82953,25.64136,25.61737,24.59719,25.61737
Sart3,27.34443,26.44771,26.23869,26.44771,26.24456,26.35064,26.05036,26.24456
Pithd1,27.80901,26.33366,25.74175,26.33366,25.23637,24.76426,24.86623,24.86623
,24.51189,22.34052,22.55962,22.55962,24.28256,24.32354,22.6667,24.28256
Plin3,29.49463,28.20555,28.12834,28.20555,25.07993,22.07366,19.96099,22.07366
Znfx1,25.75725,24.92379,24.48013,24.92379,23.2141,22.80813,22.63341,22.80813
Tagln2,33.68958,32.74387,32.78093,32.78093,27.00892,27.01287,26.49208,27.00892
Rab18,29.22159,28.86452,29.15187,29.15187,29.52423,29.55239,28.87651,29.52423
Camsap1,22.80591,22.73723,22.02995,22.73723,24.1848,24.33231,23.85785,24.1848
Lgi2,,14.86147,,14.86147,24.11442,23.86448,23.58199,23.86448
Pde4d,22.68782,21.61464,22.21478,22.21478,24.04768,24.28968,22.64709,24.04768
Ddhd2,23.91789,23.31424,23.34191,23.34191,22.75258,22.25225,22.64852,22.64852
Tceal3,26.76976,28.00913,28.34338,28.00913,24.86821,23.61941,24.04151,24.04151
Ca4,,,,,18.33132,,19.05611,18.693715
Rhot1,27.87567,26.54123,26.5969,26.5969,27.08284,27.1044,26.80292,27.08284
Abhd16a,26.26671,24.55339,24.73024,24.73024,25.43329,25.64254,25.14063,25.43329
Ttr,21.33941,20.40322,20.34668,20.40322,25.07108,24.45595,24.11839,24.45595
Cbr3,29.48819,28.37011,28.89047,28.89047,24.62929,24.12337,24.33067,24.33067
Mtfr1l,28.75296,27.66614,27.41248,27.66614,25.81512,26.365,25.55774,25.81512
Tmem163,23.23064,22.15208,23.12135,23.12135,24.16783,22.51085,24.23652,24.16783
Prune2,24.66395,23.06288,22.26805,23.06288,20.22282,19.403,20.71775,20.22282
Rasal2,22.26339,21.16632,21.94063,21.94063,22.5292,22.67431,22.65334,22.65334
Itga6,27.17379,25.95174,25.55558,25.95174,25.67804,25.85272,25.09071,25.67804
Micu1,26.11442,25.69285,25.30093,25.69285,24.67783,24.30862,24.09676,24.30862
Diras1,,21.30814,22.21401,21.761075,26.89897,26.73415,26.17638,26.73415
Acads,30.36942,29.34995,29.17638,29.34995,25.6627,26.27281,24.78576,25.6627
Rpl28,31.28951,30.61052,31.1454,31.1454,29.85426,29.84781,29.73261,29.84781
Ksr1,21.82559,19.8084,21.09713,21.09713,22.80416,23.11081,23.027,23.027
Tcea1,29.44156,28.65571,29.27899,29.27899,27.4303,27.03244,27.14317,27.14317
Samhd1,28.12716,27.45411,27.14657,27.45411,22.47271,24.0535,22.89746,22.89746
Sdcbp,31.07406,30.18589,30.09169,30.18589,28.7836,28.75028,28.81069,28.7836
Itgb1,30.01505,29.01885,28.96815,29.01885,26.3919,26.0155,25.70168,26.0155
Nt5c3b,27.15219,26.76383,27.17465,27.15219,26.42077,26.32543,25.97526,26.32543
Diap2;Diaph2,26.35114,25.71712,25.34932,25.71712,22.99146,22.79636,22.29429,22.79636
Hnrnpul1,28.29942,27.63006,27.23973,27.63006,26.64636,27.1044,26.91342,26.91342
Rps24,28.95263,28.67,28.78397,28.78397,29.72376,29.35666,28.81146,29.35666
Hist1h1a,30.79149,30.71334,30.52309,30.71334,30.31095,29.62675,29.48531,29.62675
Pmm2,28.28987,27.40235,27.66418,27.66418,26.98663,26.95804,26.59833,26.95804
Nup62,29.04586,27.17646,27.21327,27.21327,27.39656,27.02306,27.27906,27.27906
Sltm,25.98018,25.75901,25.44809,25.75901,25.38169,25.03481,24.83624,25.03481
Tdrkh,28.29959,26.79996,26.46494,26.79996,26.41254,26.17226,26.01548,26.17226
Cpne2,28.75092,27.72923,27.76509,27.76509,26.78019,26.62506,26.37071,26.62506
Man2c1,26.74612,25.40269,25.59417,25.59417,25.63782,25.34918,24.60801,25.34918
Gga1,27.26302,26.34702,26.20398,26.34702,26.01333,25.92857,25.77816,25.92857
Gabrg2,13.81127,,21.059,17.435135,25.92676,25.84031,25.66479,25.84031
Kiaa1033,25.5559,25.10805,24.77324,25.10805,25.04385,25.17104,25.09965,25.09965
Acot2,28.44059,27.61267,28.20951,28.20951,23.11661,23.79064,23.50385,23.50385
Kif21b,24.4249,24.42406,24.38726,24.42406,28.47267,28.61779,28.26365,28.47267
Map4k3,24.01154,24.3025,22.45568,24.01154,25.10161,24.59092,24.00282,24.59092
Rilpl1,26.60795,26.01822,25.77997,26.01822,22.36709,22.01727,20.90823,22.01727
Heatr5b,24.16829,22.85022,22.77856,22.85022,24.38364,24.23973,24.26571,24.26571
Rtn3,24.83176,24.05416,23.4438,24.05416,29.14385,30.09648,29.22034,29.22034
Cplx3,,,,,,,,
Ppp2r2c,20.61486,,,20.61486,22.68983,23.58646,22.49962,22.68983
Paip1,27.69053,26.90323,26.45047,26.90323,26.34259,26.42605,25.92323,26.34259
Ric8a,26.98945,26.20098,26.36926,26.36926,26.97443,27.50809,27.39002,27.39002
Tarsl2,23.46426,22.28529,22.57432,22.57432,25.78711,25.58804,25.76101,25.76101
Oplah,29.34653,28.52824,28.52884,28.52884,23.94905,24.3538,22.92457,23.94905
Pgrmc2,29.2871,28.37377,28.71273,28.71273,29.20951,28.49259,28.90251,28.90251
Diap1;Diaph1,25.78387,24.51412,24.76956,24.76956,24.78357,24.82619,24.70525,24.78357
Mrpl1,27.98631,25.81914,26.31322,26.31322,26.92298,26.8846,26.28856,26.8846
Baiap3,,19.16945,,19.16945,17.91742,17.63969,16.83442,17.63969
Dnajc16,23.30159,22.40564,21.97994,22.40564,23.94226,23.48075,23.35394,23.48075
Wipi2,28.01691,26.9157,26.7024,26.9157,25.90353,25.98787,25.9859,25.9859
Camkk1,23.58497,21.96593,22.14855,22.14855,23.85576,24.00847,23.56837,23.85576
Rab9b,,20.21347,,20.21347,24.68907,25.23305,26.15341,25.23305
Nwd2,19.63094,19.18185,17.70563,19.18185,25.37815,25.6209,25.65026,25.6209
Bcar1,24.45375,23.04785,22.63856,23.04785,24.81714,24.41873,24.27767,24.41873
Palm2;Palm2Akap2,20.13721,18.26572,17.33473,18.26572,22.2678,20.89881,21.553,21.553
Ica1,18.70171,20.9733,21.60851,20.9733,24.7454,25.3838,25.01137,25.01137
Actn1,27.08121,27.70622,26.7078,27.08121,23.24121,23.51845,18.94051,23.24121
Pten,24.72078,23.93139,23.5122,23.93139,27.15238,26.87865,26.47754,26.87865
Rpl18a,30.69777,30.65702,30.77839,30.69777,30.0855,30.19202,29.99335,30.0855
Vps4b,27.33688,26.65363,26.46524,26.65363,25.41448,25.62377,25.52758,25.52758
Rab4a,26.86868,26.03034,28.17774,26.86868,27.78538,27.67094,26.81299,27.67094
Tra2a,27.44166,26.01427,26.96719,26.96719,28.10854,28.12539,27.70015,28.10854
Mtmr1,25.2661,22.58192,23.15729,23.15729,25.41777,25.03674,24.73521,25.03674
Csnk1d,24.93607,25.02284,24.26885,24.93607,27.18319,27.22793,27.03737,27.18319
Chmp7,25.63315,25.97601,25.79335,25.79335,25.78766,25.32649,24.91488,25.32649
Guk1,26.86561,26.84062,26.95327,26.86561,26.69988,26.68846,26.48623,26.68846
Dynlt1,29.21785,28.40231,28.82043,28.82043,30.34202,30.58585,29.86338,30.34202
Ufsp2,27.488,25.4754,26.07865,26.07865,25.77989,25.49121,25.17188,25.49121
Wdfy1,28.10629,27.75181,27.69783,27.75181,27.19178,27.4307,26.79699,27.19178
Gipc1,28.81207,27.53178,27.87426,27.87426,26.48994,26.07531,26.2367,26.2367
Mtx1,27.30852,26.26753,26.80156,26.80156,25.63412,25.55265,25.90578,25.63412
Adi1,28.4972,27.75805,27.63927,27.75805,26.67317,25.75139,26.40532,26.40532
,27.26141,27.62157,27.0592,27.26141,26.73867,26.78207,26.72936,26.73867
Npl,29.87922,28.57971,28.5932,28.5932,24.62511,24.26949,24.04059,24.26949
Vps33a,25.98216,24.93414,25.08873,25.08873,26.43194,26.01871,25.80794,26.01871
Mrpl12,28.91522,27.2779,27.90656,27.90656,29.12881,28.74381,28.65918,28.74381
Mblac2,25.62296,23.92796,24.35642,24.35642,27.66391,27.34571,27.39428,27.39428
Pde6d,28.96851,28.70997,28.9384,28.9384,29.32101,28.9791,28.87511,28.9791
Ncoa7,21.56871,20.23327,20.71842,20.71842,23.26184,24.19378,23.71072,23.71072
Csk,26.08886,25.88872,25.04593,25.88872,27.67512,27.79458,27.306,27.67512
Itsn2,23.66481,22.26754,22.43258,22.43258,22.98897,21.38116,21.88062,21.88062
D17Wsu104e,29.82086,29.26732,29.72805,29.72805,27.13065,26.93089,27.03716,27.03716
Supt5h,26.3972,26.04302,26.08647,26.08647,26.53295,26.57001,26.4302,26.53295
Yars2,25.42991,24.72489,24.98859,24.98859,26.32706,26.66574,26.31183,26.32706
Lama4,24.16913,22.7331,22.43107,22.7331,18.826,18.71927,24.10117,18.826
Phkb,25.43473,24.41571,24.5583,24.5583,23.12972,22.09003,22.69279,22.69279
Mtnd5;mt-Nd5,26.1636,24.5817,24.34584,24.5817,24.61476,25.1961,24.6402,24.6402
Gid8,25.69288,25.30549,24.96825,25.30549,26.14211,26.85721,26.04329,26.14211
Lsm4,25.76294,26.06349,26.5979,26.06349,27.51209,27.31164,27.18971,27.31164
Gria4,20.30719,19.71282,19.84603,19.84603,22.62569,23.01308,21.9011,22.62569
Serpina1a,,,,,13.88969,17.64273,,15.76621
Tubg1,26.19043,25.7464,25.2228,25.7464,26.11928,26.05994,25.55113,26.05994
Dopey2,22.14488,21.19617,20.31904,21.19617,23.93301,23.3041,22.66592,23.3041
Pex19,28.79702,27.19892,27.30356,27.30356,25.87,25.77218,24.88567,25.77218
Fn3k,23.04986,22.30641,22.21196,22.30641,24.3763,23.75593,22.86682,23.75593
Serpine2,29.13217,28.55881,28.62052,28.62052,25.49595,26.06143,25.0687,25.49595
Chd2,25.77329,22.71373,23.41609,23.41609,24.17058,26.83882,26.65526,26.65526
Cpne4,21.12584,20.51807,,20.821955,26.48735,26.60003,26.19704,26.48735
Strbp,24.4899,22.92951,23.51485,23.51485,26.29271,26.3312,25.85683,26.29271
Wdr61,27.92485,27.15306,27.76503,27.76503,26.92366,27.21743,26.92196,26.92366
Znf326;Zfp326,27.62791,26.45001,26.10681,26.45001,27.37691,27.59648,27.40072,27.40072
,,,,,16.26466,17.14221,,16.703435
Ccsap,,21.57469,,21.57469,19.69173,21.06197,21.50601,21.06197
Gba,28.96381,28.23288,28.06687,28.23288,27.09104,27.62247,26.9476,27.09104
Herc4,25.27838,25.34554,25.36246,25.34554,25.30793,25.65837,25.20064,25.30793
Snrpc,29.45574,27.11833,28.4832,28.4832,26.61541,27.43825,26.09321,26.61541
Zadh2,29.35117,27.93405,28.0348,28.0348,23.68848,24.34591,23.25854,23.68848
Hspa12b,,,,,22.82505,23.00165,22.67642,22.82505
Fmr1,26.56299,25.39542,25.63048,25.63048,26.5203,26.52136,26.27046,26.5203
Arhgef33,,18.10896,,18.10896,,,18.22284,18.22284
Fbl,28.08446,28.28745,28.30939,28.28745,28.45595,28.26387,28.06728,28.26387
Sez6l2,23.25753,19.54263,,21.40008,26.0037,25.91513,25.33142,25.91513
Pank4,23.49777,23.35824,23.22205,23.35824,25.08046,25.07145,24.04535,25.07145
Cryzl1,27.34138,26.461,26.59064,26.59064,26.90461,26.67236,26.43611,26.67236
Eef1d,25.54822,25.15854,24.76956,25.15854,21.12054,19.91554,19.55787,19.91554
Elp2,27.18764,26.3446,26.22299,26.3446,26.17705,26.61639,25.87329,26.17705
Fibp,25.28221,24.2129,24.45707,24.45707,26.03873,25.7434,25.65548,25.7434
Tsc2,24.70646,23.96182,23.72848,23.96182,24.72702,24.56459,24.07349,24.56459
Rheb,27.96835,27.22196,26.60738,27.22196,28.99515,28.37638,28.74201,28.74201
Wdr13,26.15364,25.16162,25.42291,25.42291,26.54382,26.38681,25.67882,26.38681
Pls1,25.43463,23.88017,24.50888,24.50888,23.11788,21.13784,21.32383,21.32383
Gng12,29.1281,27.17341,27.13526,27.17341,22.48134,25.1341,20.74534,22.48134
Nup133,26.18843,25.17268,25.27522,25.27522,25.50385,25.75205,25.01167,25.50385
Pik3c3,25.55306,24.03633,23.89115,24.03633,24.37451,24.1206,25.62293,24.37451
Acp1,30.1581,29.06543,29.80195,29.80195,27.51668,28.06363,28.1954,28.06363
Ctnnbl1,25.99108,25.20583,26.20965,25.99108,25.82255,25.41716,25.15012,25.41716
Mtx3,21.64002,23.47741,20.53003,21.64002,23.99006,23.83769,23.25465,23.83769
Map9,24.39499,22.88841,24.00496,24.00496,23.91598,23.79333,23.89458,23.89458
Prmt8,,20.04006,21.58793,20.813995,25.52674,25.61389,24.8436,25.52674
Nol3,25.91002,23.31921,22.23795,23.31921,24.37637,24.37405,23.66047,24.37405
Mecr,29.28275,27.00892,27.52664,27.52664,27.38969,27.525,26.98989,27.38969
Comt,26.69617,26.06897,26.37935,26.37935,25.19959,26.64787,25.38054,25.38054
Igbp1,27.92959,26.514,26.80169,26.80169,25.11418,24.77811,25.81546,25.11418
Faf2,28.97577,27.73989,27.48001,27.73989,26.60964,26.18194,26.08324,26.18194
Fkbp15,27.57283,26.27975,25.75233,26.27975,23.89661,23.70366,23.12786,23.70366
Prkab2,24.37498,25.43469,23.99213,24.37498,26.06717,25.93521,25.7483,25.93521
Gstm7,24.3889,23.02682,22.77802,23.02682,25.40626,24.85081,25.0945,25.0945
Ccdc93,27.70603,26.9577,26.92603,26.9577,25.87404,25.74466,25.37677,25.74466
Th,21.8987,19.9631,19.97309,19.97309,22.38044,22.93623,,22.658335
Khdrbs3,27.76724,26.65103,26.91216,26.91216,27.48961,27.17693,27.39624,27.39624
Usp10,25.7335,25.72213,25.4665,25.72213,25.93652,26.0678,25.89097,25.93652
Stam2,27.98435,26.73402,27.03339,27.03339,26.1715,26.28327,26.09442,26.1715
Abcb8,26.43568,25.39467,25.65278,25.65278,24.27313,23.77917,23.40263,23.77917
Acbd3,29.20955,28.52671,28.52148,28.52671,26.75187,26.63865,26.24641,26.63865
Lypla1,28.75595,26.81066,27.02686,27.02686,25.27064,25.70366,25.6167,25.6167
Commd8,26.96312,24.70636,26.20894,26.20894,26.87197,27.22186,26.55312,26.87197
Dhx30,24.54256,23.73376,23.65981,23.73376,26.55114,26.55356,26.33964,26.55114
Syt3,24.8225,24.08974,23.60388,24.08974,23.47568,23.92805,23.77455,23.77455
Ptpn1,26.82481,26.38251,26.06322,26.38251,26.95826,27.21503,27.02189,27.02189
Zzef1,22.26445,21.45025,21.67098,21.67098,23.78207,23.82823,23.57126,23.78207
Mcee,27.68378,25.55432,25.74253,25.74253,25.37309,25.24369,24.80563,25.24369
Fxr2,26.9941,25.57124,25.98174,25.98174,26.07788,25.90564,25.98646,25.98646
Tgm2,29.08636,27.93871,27.1378,27.93871,23.649,23.22581,20.44769,23.22581
Nrbp2,27.06599,26.55208,23.99455,26.55208,26.37554,26.76787,25.62037,26.37554
Anpep,25.99341,23.97771,22.33112,23.97771,20.64165,21.78137,18.92986,20.64165
Papss1,27.20396,26.54648,26.5228,26.54648,25.44761,25.07997,25.04394,25.07997
Timm9,26.83641,25.92893,24.54846,25.92893,26.72416,28.74938,27.40755,27.40755
Rftn2,26.94101,25.83892,25.12704,25.83892,22.76107,22.26127,21.7536,22.26127
Mrps5,24.87329,24.44607,23.88781,24.44607,25.13806,25.54778,24.96182,25.13806
Arhgef1,26.19372,24.84551,24.91214,24.91214,23.45989,23.70999,24.06044,23.70999
Snrnp40,28.21276,27.49983,27.60527,27.60527,27.68799,27.76021,27.63464,27.68799
Ppp1r12c,27.65738,26.81507,26.67169,26.81507,22.97067,22.97013,21.55717,22.97013
Itgb8,24.87947,24.25652,25.15877,24.87947,21.29883,21.82811,21.12035,21.29883
Tacc2,22.75853,21.77439,20.87725,21.77439,22.86068,22.48094,22.59601,22.59601
Sphkap,22.33235,21.25344,21.63214,21.63214,22.12443,21.88855,21.87493,21.88855
Myg1,29.35658,28.50412,28.59648,28.59648,26.10482,25.88052,25.92438,25.92438
Ppp1r17,16.1296,,21.0594,18.5945,,,,
Avl9,23.88893,23.63688,24.18745,23.88893,26.26037,25.15472,26.08323,26.08323
Ddx46,26.64856,25.98022,26.26949,26.26949,25.8877,25.89032,25.69819,25.8877
Lman1,29.80543,29.64401,29.20151,29.64401,27.01712,26.78606,26.69909,26.78606
Pvrl1,21.10597,23.75969,20.70202,21.10597,26.16687,26.02039,25.76319,26.02039
Iqsec3,19.44833,,16.70185,18.07509,22.1781,22.11172,22.09213,22.11172
Srpk1,24.77087,22.14043,23.33565,23.33565,25.51256,25.5231,25.21271,25.51256
Snx7,26.62756,25.47846,26.05012,26.05012,25.15383,24.9958,24.46076,24.9958
Supt16;Supt16h,27.33943,26.69936,26.9824,26.9824,27.12751,27.36302,27.18319,27.18319
Clybl,28.71937,27.67371,27.34959,27.67371,23.93688,23.28348,21.48148,23.28348
Abhd11,25.99412,25.19411,25.66942,25.66942,24.24931,24.23783,24.23958,24.23958
Thumpd1,24.86736,25.27213,25.46476,25.27213,25.2995,26.35683,25.64606,25.64606
Denr,28.80082,27.58992,27.46552,27.58992,27.88652,27.12711,27.55998,27.55998
Rpa1,26.16712,26.18113,26.39197,26.18113,25.43524,25.32014,24.46283,25.32014
Rexo2,29.40752,28.2305,28.58706,28.58706,24.19175,22.94901,23.19776,23.19776
Abcb9,21.39973,20.75931,21.12022,21.12022,21.97827,21.05,21.8977,21.8977
Cpt1a,29.89387,28.84799,28.39746,28.84799,24.29053,24.02293,23.68325,24.02293
Akt1,25.80314,25.71699,25.16484,25.71699,26.57687,26.45659,26.17887,26.45659
Sbds,29.48285,29.20539,28.59612,29.20539,26.32026,26.18811,25.15329,26.18811
Ubp1,26.09778,26.05935,25.39192,26.05935,26.2018,25.49433,25.65856,25.65856
Rsu1,30.08689,29.02327,28.69235,29.02327,26.48919,25.71495,25.68931,25.71495
Cdyl,25.54651,24.92922,21.22052,24.92922,22.74018,19.06973,,20.904955
Pcsk2,20.65237,,18.266,19.459185,23.82289,23.35407,23.38745,23.38745
Abcf1,27.31544,26.3623,26.5952,26.5952,25.89122,25.88707,25.88788,25.88788
Usmg5,31.18074,29.61779,29.61609,29.61779,30.08093,30.55316,29.71062,30.08093
Cacng8,21.87106,,20.5417,21.20638,25.89694,25.29674,25.09652,25.29674
Mcam,23.43644,22.51648,20.90338,22.51648,21.80943,22.32655,22.01689,22.01689
,26.16764,25.16917,24.99386,25.16917,24.32334,24.39852,23.99688,24.32334
Wdr54,28.6001,28.55413,28.66292,28.6001,26.75735,26.62101,26.12489,26.62101
Nudt2,28.84029,28.1489,27.97005,28.1489,27.7368,27.7105,27.21808,27.7105
Tbce,27.08324,26.0684,26.17091,26.17091,25.62998,25.61543,25.6699,25.62998
Pla2g7,27.60357,26.5015,26.45053,26.5015,25.54954,24.88744,24.73583,24.88744
Clvs1,,20.28331,19.83884,20.061075,26.46572,26.49488,26.03842,26.46572
Slc25a42,22.31169,20.93056,20.17621,20.93056,22.0175,21.87923,21.62952,21.87923
Txndc17,29.64549,29.33763,29.12874,29.33763,27.97065,27.78132,27.51968,27.78132
Mien1,28.03118,27.67674,25.82782,27.67674,25.19727,25.51256,25.96838,25.51256
Gcat,27.88733,27.1035,26.7424,27.1035,26.94123,26.64471,26.19503,26.64471
Pcp2,,,,,,,,
Gdpd1,25.99774,24.03699,24.99628,24.99628,29.10737,28.96306,28.82529,28.96306
Extl2,26.97498,25.52597,26.08036,26.08036,26.15991,26.55286,25.93015,26.15991
Map6d1,,15.5673,22.29286,18.93008,22.47593,22.72582,22.77991,22.72582
Sparc,29.30733,28.1999,27.76059,28.1999,23.59241,24.51244,23.15724,23.59241
Cpt2,29.16332,28.30361,28.46057,28.46057,24.96367,24.7474,24.55526,24.7474
Map2k6,23.42509,22.68693,24.17211,23.42509,26.83014,26.86985,26.52746,26.83014
Cpd,25.85448,24.45695,24.85695,24.85695,25.27281,25.34489,25.32992,25.32992
Ccdc177,25.13653,23.69922,24.83099,24.83099,25.16974,23.16114,23.04287,23.16114
Ampd3,27.57967,27.13741,27.66085,27.57967,23.90591,23.3002,21.66861,23.3002
Nup93,27.65595,26.99992,26.72871,26.99992,25.77362,25.82622,25.31133,25.77362
Ap3m1,26.39798,25.62414,25.27238,25.62414,27.60618,27.96439,27.5253,27.60618
Tmem9b,24.89518,25.05034,25.27576,25.05034,26.20482,25.77987,25.39499,25.77987
Abhd6,26.4938,25.61217,25.99127,25.99127,27.58506,27.35506,26.71004,27.35506
Aarsd1,26.9706,26.22545,26.33744,26.33744,27.1736,27.58928,27.29457,27.29457
Sel1l,26.43616,25.42624,24.93647,25.42624,26.92479,27.09698,26.39821,26.92479
Chmp5,30.19049,29.08785,28.79101,29.08785,27.23004,27.28674,27.67216,27.28674
Brox,28.29732,26.37474,26.4938,26.4938,27.66905,28.24898,27.68852,27.68852
Pfdn2,29.94,28.78771,28.93918,28.93918,28.21794,27.8773,28.11729,28.11729
Smarce1,27.14521,26.11357,25.90389,26.11357,27.07602,26.40866,26.6013,26.6013
Plxnc1,20.63502,20.19364,22.46725,20.63502,23.46351,23.33429,22.71871,23.33429
Casp3,27.46933,26.60385,26.14598,26.60385,30.28571,30.51803,30.21766,30.28571
Gbp9,25.10621,26.54279,24.37113,25.10621,21.41493,21.41818,22.00216,21.41818
Mrps25,27.00453,25.6267,24.82837,25.6267,27.01755,27.11714,26.37716,27.01755
Tax1bp1,23.88958,23.24934,23.18627,23.24934,22.5988,21.22641,20.61018,21.22641
Gfpt1,28.32822,28.26937,28.33594,28.32822,26.04045,26.03888,25.64174,26.03888
Naga,30.50975,29.50654,29.52561,29.52561,24.45243,24.31969,23.79541,24.31969
Usp11,24.8949,23.94333,23.58795,23.94333,25.81123,25.31347,25.40243,25.40243
Fam91a1,25.25018,25.04976,25.19468,25.19468,24.89938,25.22243,24.77027,24.89938
Anp32e,29.37586,28.623,28.35666,28.623,28.89203,28.89325,27.95466,28.89203
Glrx,29.8247,28.01728,27.927,28.01728,27.17265,27.30652,26.77756,27.17265
Carm1,26.54435,26.17186,25.60498,26.17186,27.60357,27.53148,27.2116,27.53148
Stxbp3,27.50469,27.00774,26.76724,27.00774,23.58864,22.9733,23.19025,23.19025
Robo2,23.48013,21.85388,22.66975,22.66975,25.12195,24.86938,24.57865,24.86938
Tspan2,,,,,20.79899,,,20.79899
Ppp1r1a,26.42182,26.00719,26.29432,26.29432,25.6294,25.25328,25.42381,25.42381
Dgkh,22.52468,20.90676,21.76616,21.76616,25.35998,25.62553,25.44702,25.44702
Inpp5j,14.85958,21.75943,20.50659,20.50659,22.13668,22.0597,20.91452,22.0597
Usp32,21.66618,20.32915,20.75662,20.75662,23.40886,23.18066,22.86656,23.18066
Erlec1,24.91962,23.70514,23.49412,23.70514,25.76691,26.24144,25.64911,25.76691
Dtd1,27.47189,26.59463,27.25431,27.25431,24.92003,25.01882,25.95802,25.01882
Cnnm1,21.47902,21.76826,19.91542,21.47902,21.45593,22.32092,19.67059,21.45593
Lsm14a,27.104,26.95947,26.86644,26.95947,24.24967,24.16829,23.20376,24.16829
Nudt5,28.413,27.93005,27.92999,27.93005,26.05794,25.83415,24.90821,25.83415
Slc30a3,,,,,17.07043,,18.81284,17.941635
mt-Nd4;Mtnd4,26.50365,26.4357,25.53433,26.4357,26.14909,25.92563,26.83473,26.14909
Luzp1,25.48348,24.44221,24.1801,24.44221,19.28816,18.90366,18.69033,18.90366
Pnpla8,26.73647,24.93396,24.94074,24.94074,25.63193,25.39673,25.10538,25.39673
Iqgap2,28.6195,27.36319,27.26258,27.36319,23.46775,23.57045,23.46051,23.46775
Cmbl,26.1241,25.50164,24.63079,25.50164,,,17.88286,17.88286
Tmem43,30.29614,29.51706,29.70184,29.70184,28.62763,28.7181,28.09109,28.62763
Snrpa1,29.29898,28.34138,28.32109,28.34138,27.66207,27.33509,27.36328,27.36328
Tsta3,28.26047,27.80882,26.97826,27.80882,27.23809,26.99248,27.04854,27.04854
Chm,26.1507,25.59101,25.16388,25.59101,26.04899,25.90683,25.95387,25.95387
,26.65513,25.88886,26.07694,26.07694,25.90129,25.73449,25.12656,25.73449
Smu1,28.023,27.44608,27.76534,27.76534,27.30678,27.40827,27.209,27.30678
Fez1,26.20507,25.51752,24.88129,25.51752,24.58405,23.84479,24.23637,24.23637
Raly,28.11768,27.55618,27.62854,27.62854,27.3827,27.48554,27.62171,27.48554
Trmt10c,26.93629,25.69564,25.38341,25.69564,25.54324,25.93053,25.46145,25.54324
Jup,28.22536,26.50538,26.40542,26.50538,25.86257,26.29385,25.4772,25.86257
Gramd1b,22.11038,21.10175,23.02469,22.11038,22.36485,22.0592,21.26608,22.0592
Lamb1,25.39921,23.56174,22.90533,23.56174,21.02682,21.24377,21.36693,21.24377
Cpne1,27.31553,27.24082,27.20303,27.24082,25.63045,25.64993,25.69112,25.64993
Slc9a3r2,26.26442,26.43562,25.85802,26.26442,23.70599,23.60162,25.90949,23.70599
Slc25a46,26.59761,25.69107,25.3908,25.69107,25.80826,25.50464,25.33262,25.50464
Mycbp2,24.31914,23.65981,23.36706,23.65981,25.09523,25.29404,24.92034,25.09523
Abhd10,27.32234,25.77764,25.98237,25.98237,25.04639,24.89268,25.1059,25.04639
Bai3,21.45724,20.966,19.14753,20.966,22.42499,22.5363,22.56446,22.5363
Dhx36,26.01321,25.47299,25.68469,25.68469,25.98917,26.24623,26.09112,26.09112
Fmn2,26.98772,25.43122,25.40921,25.43122,20.75401,25.12711,20.64535,20.75401
Pfdn1,25.72861,24.50543,26.12898,25.72861,27.06928,27.44624,27.76642,27.44624
Spire1,22.65375,22.89108,22.32893,22.65375,24.50767,24.20053,23.76901,24.20053
Mrps27,26.62575,25.43253,25.37285,25.43253,26.7753,26.86396,26.15408,26.7753
Prkag2,26.35256,23.24201,25.28337,25.28337,25.6624,25.64334,24.88428,25.64334
Tamm41,27.06897,25.92012,25.85327,25.92012,26.21469,26.37766,26.50992,26.37766
C2cd5,26.92059,23.36105,23.15235,23.36105,24.51725,24.31098,24.00582,24.31098
Cacnb3,25.50197,25.35303,22.70394,25.35303,25.47578,24.95007,24.74381,24.95007
Gm20498,26.15769,26.02179,25.78828,26.02179,25.25418,25.04268,24.36513,25.04268
Enpp5,26.41406,27.63713,26.51072,26.51072,25.80154,25.38798,24.76987,25.38798
Dcun1d1,24.92674,24.96706,25.51099,24.96706,26.10859,26.51961,25.66405,26.10859
Strn4,27.40779,25.67724,26.28905,26.28905,26.95848,27.0041,26.4954,26.95848
Ipo11,24.76583,22.91313,23.3688,23.3688,24.38785,24.86122,24.12218,24.38785
Dnajc7,27.4977,26.56771,26.40604,26.56771,26.40018,26.6979,26.42222,26.42222
Cdkn1b,28.1049,27.95283,27.82663,27.95283,25.6471,25.12719,25.21627,25.21627
Gbp5,27.26589,26.41443,26.13461,26.41443,23.31493,23.12918,23.3656,23.31493
Epn3,,20.88308,,20.88308,24.30027,24.01827,23.44253,24.01827
Tacc1,26.50314,25.49439,25.20139,25.49439,21.30408,21.90976,21.4027,21.4027
Ik,26.74753,26.13246,26.44274,26.44274,25.30288,24.24394,24.63948,24.63948
Zc2hc1a,26.71306,25.84953,25.79266,25.84953,26.83966,26.55843,26.49628,26.55843
Psme3,27.94871,27.3274,27.02929,27.3274,26.69922,26.19584,25.78414,26.19584
Polr2a,25.57799,24.70145,24.76076,24.76076,24.87652,24.49222,24.25645,24.49222
Ranbp9,26.24786,25.58038,25.41409,25.58038,25.63619,25.56369,25.62252,25.62252
Msi1,29.47332,28.8067,28.97375,28.97375,25.97261,25.65924,25.62293,25.65924
Cdc23,27.61189,26.25778,26.00526,26.25778,26.95682,27.15923,26.66384,26.95682
Clptm1,28.17455,26.21382,26.51415,26.51415,26.99712,26.98359,26.73299,26.98359
Nop58,28.69876,28.07209,28.17731,28.17731,28.22352,28.47611,28.08957,28.22352
0610011F06Rik,28.12564,27.11237,28.04911,28.04911,25.76334,25.06624,25.23122,25.23122
Bri3bp,25.57782,25.23213,25.28231,25.28231,27.93168,28.12504,27.83786,27.93168
Golga4,24.92334,24.58325,24.10366,24.58325,21.99566,21.95319,21.24261,21.95319
Pcdh7,22.1983,21.6793,21.26109,21.6793,24.85205,24.68153,23.98076,24.68153
Aplp2,24.66362,23.9798,23.43199,23.9798,26.16549,26.34065,25.45673,26.16549
Dynlt3,30.12485,28.32856,28.67916,28.67916,25.8758,26.7893,26.42039,26.42039
Tmem256,30.33031,29.98644,30.40538,30.33031,27.43722,27.32303,26.65322,27.32303
Amacr,25.8815,25.68803,25.77595,25.77595,22.78684,23.84153,24.65174,23.84153
Crot,27.0277,25.70922,26.01655,26.01655,25.03779,24.54439,23.07104,24.54439
Gstk1,28.53338,26.19295,26.28502,26.28502,22.07146,23.16971,22.7184,22.7184
Bzw1,28.7107,27.82159,28.0267,28.0267,27.58799,27.62958,27.6478,27.62958
Vps11,26.56687,25.72609,26.05916,26.05916,26.19498,26.19972,25.92162,26.19498
Gsk3a,26.74445,25.25908,25.33593,25.33593,28.01441,28.24817,27.73892,28.01441
Eif3k,28.40044,28.05486,28.12045,28.12045,28.32907,28.31739,27.90862,28.31739
Eftud1,26.56005,25.56973,25.51036,25.56973,25.08513,25.10486,24.60733,25.08513
Plcd1,28.95707,28.14102,28.02807,28.14102,23.51497,22.89562,23.04729,23.04729
Immt,26.08136,23.08013,24.26234,24.26234,22.8906,21.25032,22.5405,22.5405
Dgke,23.43708,20.08369,22.67881,22.67881,26.87888,27.16385,26.61569,26.87888
Arl6,29.11709,27.57881,28.00443,28.00443,27.60229,27.37235,26.91923,27.37235
Col6a3,21.54359,20.10495,18.97718,20.10495,14.96416,18.34117,16.18735,16.18735
Rgs8,,19.69699,,19.69699,,21.32564,20.1946,20.76012
Fam160b1,24.64493,24.07529,23.82677,24.07529,25.18854,25.67796,24.74062,25.18854
Rps26,31.21662,29.26015,30.74623,30.74623,30.45366,30.57208,30.11756,30.45366
Mipep,26.97246,25.62965,25.43256,25.62965,24.88129,24.67847,24.36453,24.67847
Ankmy2,24.19978,23.56732,23.51521,23.56732,26.96873,27.66932,26.53767,26.96873
Tmed4,28.71885,27.43293,27.80058,27.80058,26.85222,26.8375,26.23369,26.8375
Fto,24.62584,24.05333,24.1035,24.1035,25.39859,24.7752,24.77032,24.7752
Stk38l,26.02251,24.89203,25.21,25.21,23.46886,23.25162,22.18779,23.25162
Rltpr,,20.92607,20.20824,20.567155,22.91836,22.32116,21.97638,22.32116
Aprt,28.91872,27.96983,28.29465,28.29465,27.49732,27.62129,27.65451,27.62129
Ech1,30.05905,29.2459,28.98433,29.2459,26.0008,25.45729,24.70403,25.45729
Pnpt1,27.38574,26.16364,26.12301,26.16364,25.7177,25.52734,24.99006,25.52734
Naa35,24.59702,24.47376,24.87037,24.59702,26.65185,26.62185,26.09533,26.62185
Mpc1,26.12637,23.11024,23.45638,23.45638,24.64361,27.14967,25.77944,25.77944
Becn1,23.97106,23.41751,23.00244,23.41751,23.23812,23.91807,24.79397,23.91807
Ythdf1,26.49814,25.13203,24.94347,25.13203,25.75323,25.30567,25.37561,25.37561
Zc3h7b,25.07647,25.49042,25.56485,25.49042,25.07606,24.92732,25.40682,25.07606
Sash1,26.10322,25.3579,25.03716,25.3579,19.96296,19.09288,18.55153,19.09288
Prkaa1,26.92162,26.46234,26.5626,26.5626,25.60727,25.73895,25.73694,25.73694
Bre,28.42322,26.43633,26.10609,26.43633,26.55983,26.53626,25.98533,26.53626
Plgrkt,27.62199,25.64628,26.65335,26.65335,28.39092,28.63914,28.15378,28.39092
Vps13d,22.94764,21.77953,20.80444,21.77953,21.59067,21.81366,21.1374,21.59067
Blvrb,29.10407,28.68749,28.56329,28.68749,24.83817,24.07871,23.79094,24.07871
Tsc1,23.89661,23.19272,22.27711,23.19272,24.77836,24.51008,24.31534,24.51008
Kif5a,24.14344,22.48935,23.61077,23.61077,24.84599,24.50276,23.89984,24.50276
Golga2,27.16231,26.30417,27.30748,27.16231,24.86339,25.75957,25.42355,25.42355
Ybx1,30.13931,29.59167,29.68223,29.68223,28.5396,27.95399,28.00394,28.00394
Ppap2b,28.49274,27.43301,27.00967,27.43301,24.58841,23.30313,23.70915,23.70915
Pfkfb2,23.15142,22.74271,21.95042,22.74271,25.00915,24.58543,24.6174,24.6174
Spryd4,25.99916,24.21453,24.78686,24.78686,25.20628,25.25212,25.43495,25.25212
Arhgap12,26.7415,25.46949,25.83441,25.83441,23.33388,23.29908,23.04332,23.29908
Rps15,29.7187,30.34202,30.49933,30.34202,27.80008,28.11506,27.54119,27.80008
Scyl2,25.76137,24.91232,24.18586,24.91232,25.8085,26.0332,25.67387,25.8085
Ulk1,23.49143,26.74124,21.66492,23.49143,21.37156,23.57865,24.2953,23.57865
Klhl22,24.58864,22.7043,23.43593,23.43593,25.35296,25.14262,25.13042,25.14262
Glrx5,29.90899,28.74317,28.7126,28.74317,28.67293,28.66641,28.15383,28.66641
Suox,28.50537,27.87742,27.84781,27.87742,23.56779,23.16171,23.16363,23.16363
Snx30,23.84345,23.98372,23.20784,23.84345,25.15769,25.2214,24.76501,25.15769
Mrpl39,26.41986,26.0461,25.92721,26.0461,26.50608,26.71385,26.17221,26.50608
Chd1,20.81581,20.96296,20.24783,20.81581,25.45663,23.64933,27.13673,25.45663
Gmds,27.71122,27.30278,27.30513,27.30513,26.26381,26.26351,25.70751,26.26351
Atxn1,24.57288,23.56162,23.37079,23.56162,29.22534,23.2974,23.2368,23.2974
Mtss1l,25.95555,25.37845,25.45698,25.45698,23.63622,23.52241,23.20255,23.52241
Cc2d1a,25.72778,24.55139,23.72119,24.55139,25.27661,25.02644,24.78492,25.02644
Tnpo1,27.42606,26.8675,26.6807,26.8675,26.34838,26.49957,25.58635,26.34838
Coa7,27.54259,26.27247,26.55864,26.55864,25.94764,26.24523,25.92187,25.94764
Pdzd8,24.46045,23.43581,23.43721,23.43721,24.32944,23.66915,23.23817,23.66915
,26.96741,26.04827,25.84544,26.04827,22.14979,21.92005,20.5499,21.92005
Sms,26.2173,25.83535,26.11315,26.11315,27.08456,27.71823,27.21429,27.21429
Snrpb;Snrpn,26.62923,26.37479,26.40505,26.40505,27.10829,27.43277,26.82517,27.10829
Cspg4,25.41018,23.67584,23.70208,23.70208,21.24203,18.65568,21.26745,21.24203
Mrps34,27.04791,26.97268,26.28396,26.97268,27.39428,26.74227,26.89897,26.89897
Lpgat1,18.90821,20.88562,20.01468,20.01468,23.86259,23.87324,22.95992,23.86259
Nexn,27.295,26.54366,26.15256,26.54366,21.90146,19.89782,21.58578,21.58578
Enpp2,19.52407,18.72447,18.78794,18.78794,16.02159,14.21728,15.2004,15.2004
Lppr4,23.66536,23.0283,23.27838,23.27838,25.60987,25.73047,25.75944,25.73047
Pbdc1,28.82195,27.54804,27.72573,27.72573,26.28047,26.41443,25.40604,26.28047
Stt3b,27.69797,26.77442,26.8853,26.8853,27.37981,27.28577,26.83268,27.28577
Hcn1,23.48849,22.85211,22.67582,22.85211,24.2371,23.55098,20.43685,23.55098
Abracl,26.46155,26.29077,26.26748,26.29077,29.75411,30.00865,28.69684,29.75411
C530008M17Rik;Kiaa1211,23.51232,21.58197,20.34299,21.58197,25.04231,24.61206,24.14305,24.61206
Smad4,24.22089,23.32718,23.99869,23.99869,25.27263,25.83685,24.93701,25.27263
Sestd1,23.90435,21.94796,20.56579,21.94796,26.63962,26.72234,26.5842,26.63962
Nfu1,28.13055,28.04698,27.75322,28.04698,27.06322,27.29544,26.79328,27.06322
Kcna4,,17.3138,,17.3138,22.65633,22.53654,22.13326,22.53654
Bcap31,29.41105,29.00174,29.0618,29.0618,26.77656,25.99151,25.97077,25.99151
Gmppa,27.61484,26.9706,27.09597,27.09597,24.67643,25.32306,24.72203,24.72203
Pon2,29.19068,28.07219,28.22062,28.22062,23.54062,22.86136,23.11559,23.11559
Pip5k1b,,,,,22.17188,21.31495,20.71599,21.31495
Anln,,19.86558,,19.86558,19.29578,19.48958,16.57038,19.29578
Dek,28.49362,27.84781,27.84984,27.84984,27.93134,27.60463,27.75691,27.75691
Nsdhl,27.67128,26.58176,26.57252,26.58176,28.25921,28.11113,27.72358,28.11113
Prps1l1,27.10509,26.70438,27.13809,27.10509,25.03309,26.17585,25.83803,25.83803
Reep2,24.70071,22.99742,25.14313,24.70071,25.16369,25.08805,25.15163,25.15163
Glb1,26.86467,26.4373,26.28028,26.4373,25.01682,25.47964,25.44493,25.44493
Ccny,26.58075,25.6958,25.86233,25.86233,25.89171,26.08201,25.95868,25.95868
Lace1,25.9395,24.96847,24.86169,24.96847,23.53065,23.78077,23.49302,23.53065
S100a13,28.86127,27.56529,27.44924,27.56529,21.82594,21.5435,25.46061,21.82594
Acan,18.73367,,20.63821,19.68594,19.78793,17.20428,19.95575,19.78793
Homer2,19.22419,17.86677,19.52988,19.22419,22.11229,22.40458,22.00751,22.11229
Adnp,24.37537,23.55391,23.78037,23.78037,25.70881,25.89627,25.71043,25.71043
Dtymk,26.75964,25.80267,26.41854,26.41854,24.90348,24.83528,24.71256,24.83528
Atp6v1g1,30.41306,31.07061,30.07406,30.41306,29.40149,28.91761,28.98791,28.98791
Slc2a13,22.75526,22.04983,,22.402545,24.37458,24.03515,24.40918,24.37458
Wfs1,25.39529,24.81709,24.93504,24.93504,22.0671,20.32652,20.49707,20.49707
Jcad,25.18412,24.09619,24.07985,24.09619,21.19412,21.11965,17.04324,21.11965
Pptc7,24.768,23.41918,23.75959,23.75959,23.74314,23.79769,23.96869,23.79769
Trpv2,22.44713,22.53151,22.75479,22.53151,22.35361,23.45061,21.54095,22.35361
Cpne3,29.37491,28.79337,28.34363,28.79337,24.89217,24.73562,24.52809,24.73562
Scn8a,,,,,18.12268,19.98245,19.36402,19.36402
Kiaa1549;D630045J12Rik,20.9402,17.19056,18.14161,18.14161,24.54433,24.39904,24.1888,24.39904
Evl,27.09758,25.57063,25.20075,25.57063,27.71424,27.50446,27.3731,27.50446
Gstm2,28.60184,27.74484,28.25074,28.25074,22.25352,21.78193,21.84609,21.84609
Gmppb,28.45215,27.67189,28.11649,28.11649,26.30014,26.31953,25.981,26.30014
Mtmr2,25.221,24.69301,24.42156,24.69301,24.85942,25.06151,24.7191,24.85942
Scamp3,27.61224,26.97651,27.27444,27.27444,26.40767,26.00672,26.3962,26.3962
Dao,,,,,,,,
Cd82,24.194,23.71931,24.15198,24.15198,23.31479,,,23.31479
Ppp6c,27.52178,26.80317,27.68083,27.52178,27.34291,27.49205,26.70028,27.34291
Srsf6,28.08932,28.37758,28.75916,28.37758,28.1969,28.2641,27.72676,28.1969
Lpcat4,22.54293,22.95225,20.14718,22.54293,24.40328,24.35857,23.60332,24.35857
Nudcd1,27.24599,26.55208,26.56261,26.56261,25.79313,25.40158,25.35528,25.40158
Dpp9,24.8258,23.20964,23.74837,23.74837,24.60411,24.55286,23.92732,24.55286
Osbpl3,28.12169,27.16576,27.1053,27.16576,23.50603,23.00455,22.41116,23.00455
Hnmt,25.68022,22.90054,27.38657,25.68022,24.17623,24.16139,23.7083,24.16139
Pcbd1,25.92859,25.35525,26.6327,25.92859,22.49887,21.85726,17.97208,21.85726
Tbk1,25.5599,24.61605,24.67244,24.67244,23.85148,24.00239,23.61515,23.85148
Dusp15,24.24118,22.01727,21.50193,22.01727,22.99129,23.00309,21.87079,22.99129
Trip12,25.58769,24.85861,24.85695,24.85861,24.94597,24.83384,24.5341,24.83384
Mkl2,25.00996,24.34557,23.47122,24.34557,24.05887,23.64724,23.39532,23.64724
Tmem30a,26.36259,27.07999,27.17245,27.07999,26.48524,26.48933,25.82646,26.48524
Mogs,25.41567,25.28715,25.11819,25.28715,26.52096,26.37031,26.17936,26.37031
Prph,18.96113,,,18.96113,21.78943,21.43944,21.91178,21.78943
Tgfbrap1,24.60031,24.05565,23.4462,24.05565,25.19813,25.11601,24.87624,25.11601
Dap3,26.71083,26.32591,25.96642,26.32591,26.01517,26.05012,25.81027,26.01517
Coq6,25.77482,24.64576,25.78264,25.77482,25.54038,24.31555,23.93274,24.31555
Gldc,27.80747,26.98381,26.84529,26.98381,24.55022,24.4386,23.57854,24.4386
Acad8,29.20776,27.94145,27.81207,27.94145,26.55243,26.93753,26.1824,26.55243
Pcp4l1,26.81556,26.81897,23.33374,26.81556,26.88809,26.02208,25.77321,26.02208
Tmem132a,,21.06197,20.94421,21.00309,25.83759,25.64177,25.35579,25.64177
Ugt8,25.96719,25.12928,25.32402,25.32402,23.84479,23.19268,23.37544,23.37544
Cbr4,29.48654,27.8393,27.90483,27.90483,27.04145,27.10169,26.9901,27.04145
Tmed7,29.10465,29.12605,29.36171,29.12605,28.06502,28.67384,28.6585,28.6585
Kcnc3,,,,,,,,
Mavs,28.56449,27.22766,26.96157,27.22766,21.33756,22.20452,22.28557,22.20452
Slc25a51,25.31948,21.5265,21.70011,21.70011,26.1959,26.61274,25.62185,26.1959
Marcksl1,29.19786,28.31756,27.76983,28.31756,31.57768,31.16423,31.29176,31.29176
Elfn2,,,21.29401,21.29401,22.05976,22.57228,21.9155,22.05976
Tmed2,29.46063,29.14377,29.82848,29.46063,27.85031,28.13399,28.30356,28.13399
Akap8l,24.24009,23.11246,22.5426,23.11246,24.76663,24.84081,24.35037,24.76663
Tanc1,24.2009,22.9038,23.11572,23.11572,16.63962,17.57681,17.9841,17.57681
Hax1,25.61552,25.27625,25.12289,25.27625,24.15669,23.76769,23.89975,23.89975
Zranb2,27.67115,26.69909,26.0611,26.69909,26.20314,25.67015,25.879,25.879
Zfyve20,26.08649,25.25097,24.47339,25.25097,23.8348,23.85529,23.87727,23.85529
Hecw1,21.0256,20.71448,21.41529,21.0256,25.97079,25.82153,25.54289,25.82153
Sar1b,24.97272,26.29167,26.25212,26.25212,27.36545,27.70451,26.87842,27.36545
Dhrs4,28.12618,27.95571,27.49671,27.95571,26.2641,26.57759,25.81683,26.2641
Apool,29.64172,28.59171,28.50786,28.59171,26.3724,25.8399,25.506,25.8399
Ccdc92,23.74109,22.74712,23.27909,23.27909,24.59963,24.50312,23.80863,24.50312
Alg11,24.81338,23.46326,24.43135,24.43135,23.25624,23.99955,23.54227,23.54227
Znf512,27.76085,27.05186,26.87982,27.05186,28.03323,28.19479,27.57852,28.03323
Gyg1;Gyg,29.87201,29.02831,28.84781,29.02831,25.74018,25.39712,25.29288,25.39712
Map3k5,19.99272,18.43335,19.16595,19.16595,22.02276,21.45202,22.04186,22.02276
Fam135b,19.16546,22.80709,22.20231,22.20231,23.66947,23.76436,23.22171,23.66947
Slc30a9,25.76878,24.73738,24.16668,24.73738,24.54616,24.64113,24.35003,24.54616
Atg16l1,24.4929,23.88679,24.09378,24.09378,23.96217,23.64504,23.39074,23.64504
Mob2,27.41014,25.70126,26.63298,26.63298,24.25155,23.41377,24.10637,24.10637
Lrrc4b,26.66221,25.4338,25.28831,25.4338,25.94757,25.94436,25.62673,25.94436
Nup85,26.06844,25.45986,24.55649,25.45986,24.84594,25.18082,24.74776,24.84594
Fhit,24.69758,24.63323,24.48056,24.63323,17.86236,21.61275,21.18519,21.18519
Slc27a1,28.75331,27.30774,27.48554,27.48554,24.78117,24.18805,24.10181,24.18805
Gigyf1,23.62712,22.96198,22.25249,22.96198,20.32279,19.86697,20.06434,20.06434
Syt6,19.07504,19.09277,20.82485,19.09277,24.52624,24.2123,23.94646,24.2123
Ewsr1,27.61196,27.58061,27.32509,27.58061,26.12981,25.99613,26.13891,26.12981
Usp39,27.24645,26.02227,26.08191,26.08191,26.69445,26.52809,26.29193,26.52809
Snw1,27.64361,26.78544,26.79228,26.79228,24.80946,24.54215,24.95536,24.80946
U2surp,26.26118,25.70308,25.91889,25.91889,25.54716,25.74142,25.92232,25.74142
Cdk18,23.18663,19.36348,19.44409,19.44409,21.43609,15.24161,14.98997,15.24161
Cep76,20.34213,20.09003,19.7075,20.09003,,20.88926,,20.88926
Ncbp1,25.91216,25.40908,25.33599,25.40908,26.85745,26.94871,26.5106,26.85745
Slmap,25.24023,24.41171,23.8943,24.41171,24.28553,24.25551,23.11848,24.25551
Cox7a2l,29.71262,27.29088,27.88919,27.88919,29.19108,28.81394,28.80329,28.81394
Cpm,,,,,19.02226,17.3544,19.02961,19.02226
Dip2a,25.6569,24.58749,26.24815,25.6569,23.65764,23.82765,23.91169,23.82765
Prrc2b,23.38877,21.99127,21.94614,21.99127,22.45979,21.8584,21.60372,21.8584
Ndufv3,29.74089,28.94249,28.79619,28.94249,24.74827,24.75934,23.98346,24.74827
Ufl1,26.87865,26.44503,27.39722,26.87865,24.8761,24.82503,24.13782,24.82503
Rabgef1,25.55148,24.59058,25.16549,25.16549,24.73681,25.00415,24.61324,24.73681
Armc8,26.03189,24.10197,24.11862,24.11862,25.0304,25.17691,24.90729,25.0304
Ctsa,28.48024,27.42654,27.27204,27.42654,25.62522,26.20613,24.84685,25.62522
Mras,25.58357,23.71827,24.5451,24.5451,26.83099,26.22542,25.75223,26.22542
Apip,29.21171,28.11649,28.39129,28.39129,24.91223,25.21148,25.19287,25.19287
Bcas3,26.5819,25.46111,25.4593,25.46111,21.85852,25.01218,22.6688,22.6688
Lmtk2,21.13677,20.59505,20.27731,20.59505,22.17609,21.79903,21.65587,21.79903
Osbp2,26.52234,25.80164,26.15667,26.15667,22.24557,22.18749,22.09738,22.18749
Kpna4,29.11761,25.97408,25.98209,25.98209,26.43087,27.4267,26.46214,26.46214
Tenm1,16.68975,16.92729,16.67121,16.68975,24.3455,24.41183,24.1164,24.3455
Pacsin3,28.19606,27.2922,27.25629,27.2922,22.09655,21.8939,21.53393,21.8939
Dnajb2,27.50635,26.29866,26.48789,26.48789,25.03158,24.62103,24.1418,24.62103
Thyn1,27.92892,27.83002,28.12933,27.92892,25.55289,25.12837,24.05515,25.12837
Hdac6,25.84738,24.83851,25.2727,25.2727,25.54804,25.97323,25.57946,25.57946
Ptprj,24.34679,22.92671,25.27856,24.34679,24.19551,23.84374,23.78117,23.84374
Mta1,26.567,25.17371,25.69376,25.69376,25.4011,25.39976,25.63157,25.4011
Luc7l3,26.79352,26.03402,25.86674,26.03402,27.45646,26.22273,26.168,26.22273
Pts,27.676,26.87209,26.13503,26.87209,23.15139,22.11959,22.56488,22.56488
Kctd13,26.39601,25.95711,24.92461,25.95711,21.49829,22.9574,21.16956,21.49829
Nt5m,24.04285,21.75062,21.63931,21.75062,24.67039,23.66817,22.7533,23.66817
Tpm2,28.41587,28.138,27.59206,28.138,16.21549,23.26284,24.15754,23.26284
Pdcd10,25.13234,25.79243,25.09208,25.13234,26.39991,26.11303,26.20473,26.20473
Abca5,19.77251,19.9268,20.93085,19.9268,23.93499,23.69816,22.96686,23.69816
Htra2,28.61077,27.65969,27.64554,27.65969,26.27492,25.91246,25.34979,25.91246
Atg4b,25.58006,24.8458,24.68389,24.8458,26.27491,26.06301,25.87837,26.06301
Gstm3,22.88696,26.74586,,24.81641,24.46532,24.48124,24.5538,24.48124
Ntrk3,20.25834,,,20.25834,24.29691,24.89643,24.26671,24.29691
Cpsf6,27.25988,26.59676,26.6133,26.6133,25.38403,26.20579,26.46094,26.20579
Mdp1,27.7053,26.37444,27.2964,27.2964,25.92123,25.89083,24.71225,25.89083
Numb,26.00425,25.28655,25.59616,25.59616,20.96226,21.6641,22.50874,21.6641
Prex2,22.58983,23.32457,21.98954,22.58983,19.22595,17.63566,17.87748,17.87748
Grsf1,25.90741,24.59736,25.41738,25.41738,25.36276,25.19798,24.7263,25.19798
Usp19,25.28387,24.23111,24.49893,24.49893,24.61082,24.16039,23.97614,24.16039
Tns1,25.16208,25.50258,24.46295,25.16208,19.66537,19.27399,21.18095,19.66537
Nrip2,25.27647,24.69094,25.65125,25.27647,,,,
Ildr2,23.44771,22.21267,20.65535,22.21267,21.59291,20.28195,20.56188,20.56188
Wdr82,26.70912,26.84781,26.67169,26.70912,27.42158,27.45372,27.32174,27.42158
Pcyt1a,27.41691,26.0843,26.29915,26.29915,26.78594,26.85911,26.70754,26.78594
Osbpl11,26.07602,24.34679,25.22938,25.22938,26.10596,26.12135,25.49299,26.10596
Ublcp1,27.89637,26.66221,27.13359,27.13359,23.78885,23.69965,22.91643,23.69965
Pik3cb,26.70055,25.81375,26.55023,26.55023,23.06041,23.88976,22.96675,23.06041
Rap1a,28.82268,27.9907,28.5213,28.5213,26.43168,26.32822,26.87138,26.43168
Acbd6,26.06345,25.32886,25.51974,25.51974,26.13905,26.10109,25.98072,26.10109
Gabrb3,20.68209,20.03066,,20.356375,26.25672,25.47624,26.11581,26.11581
Agps,26.32231,25.62017,25.30605,25.62017,26.9061,26.89643,26.02221,26.89643
Ap1s1,27.14521,25.89386,25.89398,25.89398,26.74957,27.26222,26.60399,26.74957
Baz1b,25.66974,24.71093,25.53949,25.53949,25.54601,25.60659,25.16388,25.54601
Gstt1,26.30178,26.19473,26.95094,26.30178,19.98912,,22.54597,21.267545
Mcat,26.72897,26.20281,25.62302,26.20281,26.78119,26.71227,26.28238,26.71227
Purg,19.97603,20.43644,20.40842,20.40842,27.32869,27.07959,26.80538,27.07959
Hspa13,26.82639,26.26023,25.92384,26.26023,26.54141,26.94011,26.03034,26.54141
Rnf20,25.22317,24.4339,24.14484,24.4339,24.99356,24.74822,24.66411,24.74822
Gab1,26.86844,25.64754,25.7343,25.7343,22.78117,23.09624,21.8674,22.78117
Dscr3,28.1053,26.9824,26.42594,26.9824,26.98425,27.0336,26.58219,26.98425
Celf4,23.83923,23.28093,23.56605,23.56605,27.59882,27.78138,27.26696,27.59882
Cpox,26.23436,26.0685,25.21845,26.0685,24.06546,24.10238,24.2527,24.10238
Sirt5,27.50218,26.59833,26.58992,26.59833,26.57917,26.78107,26.55552,26.57917
Uap1,23.73707,24.32882,23.76466,23.76466,24.88101,24.48148,24.12581,24.48148
Gabarapl1,28.65055,29.06738,28.93986,28.93986,27.15817,26.78319,26.94592,26.94592
Ube2d3,30.1157,28.98207,29.82148,29.82148,29.62392,30.21847,29.91613,29.91613
Gprasp1,24.78756,25.76722,25.43924,25.43924,24.15105,24.47636,24.51196,24.47636
Stat3,28.68592,27.77775,27.06301,27.77775,23.63887,23.08042,23.1193,23.1193
Ranbp6,21.00498,16.91392,19.78306,19.78306,24.3656,25.16764,24.41693,24.41693
Spata5,27.95732,27.12337,26.51271,27.12337,26.42381,26.32519,26.03928,26.32519
Grm7,,16.15727,17.37186,16.764565,23.55086,23.65218,23.58095,23.58095
Cuta,29.63639,28.38636,28.23968,28.38636,25.77113,26.77153,26.70477,26.70477
Zwint,25.39274,24.73252,25.7202,25.39274,25.75142,25.5225,25.38555,25.5225
Serpinb9,28.35813,27.72956,27.78606,27.78606,21.86876,21.88189,21.85259,21.86876
Cnpy3,28.03433,27.75066,28.04223,28.03433,25.40002,25.51971,25.50154,25.50154
Dagla,19.01375,18.02761,18.43249,18.43249,21.82792,21.94228,21.24226,21.82792
Reps1,25.63359,24.38495,23.98945,24.38495,23.49216,23.78017,22.44587,23.49216
Gnb4,23.48112,21.22988,20.73694,21.22988,27.5979,27.90006,27.43014,27.5979
Cnpy2,28.8855,28.50336,28.82702,28.82702,26.53974,26.04685,24.97189,26.04685
Emd,27.5721,27.64299,26.69843,27.5721,25.52901,25.48763,25.31941,25.48763
Igsf9b,21.00285,,,21.00285,23.20296,21.14874,24.18056,23.20296
Nup210,24.71198,24.34015,24.10917,24.34015,26.41474,26.54799,26.23621,26.41474
Rmnd1,24.94512,23.65524,22.93371,23.65524,23.76486,24.43466,24.16092,24.16092
Nlgn4l,,21.13846,18.6608,19.89963,24.83302,24.70086,24.08481,24.70086
Wipf2,25.22475,24.64417,23.63434,24.64417,24.15429,24.57715,22.87744,24.15429
Nit1,26.18008,24.70461,24.68314,24.70461,24.92388,24.94967,24.86524,24.92388
Sdf4,27.86432,27.34435,27.17436,27.34435,24.82012,24.45262,24.30626,24.45262
Uhrf1bp1l,23.90903,23.31548,23.41067,23.41067,23.66199,23.28926,22.99592,23.28926
Cspg5,25.76195,23.7144,22.7861,23.7144,26.44417,26.03938,26.06958,26.06958
Rab23,28.87097,28.10595,28.09099,28.10595,27.14657,27.03223,26.58291,27.03223
Commd2,26.21258,26.04483,26.80181,26.21258,26.10348,26.15702,26.0151,26.10348
Nup214,26.49683,25.34238,25.08221,25.34238,22.69681,23.0638,22.79269,22.79269
Arl1,26.79501,27.40121,26.81446,26.81446,28.58939,28.65619,28.47626,28.58939
Ubr1,25.03427,23.86665,24.12621,24.12621,24.07912,24.45488,23.95278,24.07912
Atp5s,26.87502,26.09967,26.07902,26.09967,26.05585,26.35562,25.80809,26.05585
Kidins220,25.80137,24.25516,24.4023,24.4023,25.82614,25.60549,25.23699,25.60549
Gpc4,30.12312,29.14019,28.92931,29.14019,27.30973,27.44766,27.17512,27.30973
Ttc37,25.42886,24.27711,24.94673,24.94673,23.58463,23.43339,22.56737,23.43339
Trim46,21.5382,21.47759,23.57508,21.5382,26.57802,26.95726,26.58319,26.58319
Prps2,29.46391,28.38373,28.34494,28.38373,25.55707,25.51177,25.32076,25.51177
Ca14,22.79013,,20.5616,21.675865,,13.39781,,13.39781
Mtmr9,25.39565,24.68083,24.75435,24.75435,25.59167,25.87893,25.13712,25.59167
Traf3,25.21945,23.9534,23.68067,23.9534,21.82788,22.09607,21.86374,21.86374
Acap2,25.70975,24.77781,25.21386,25.21386,24.28193,23.75338,23.05925,23.75338
Jam3,27.27977,26.45106,26.87923,26.87923,22.56337,22.51015,19.90993,22.51015
Ube2e3,25.92536,24.81534,24.89106,24.89106,25.35703,25.24978,26.46733,25.35703
Prpf40a,27.57008,26.56129,26.77869,26.77869,26.46048,26.40918,25.79764,26.40918
Srgap1,22.42923,20.96296,23.77686,22.42923,25.38561,25.5979,25.2557,25.38561
Ptcd3,27.62255,26.47194,26.26377,26.47194,25.88862,25.79402,25.98774,25.88862
Unc45b,,,,,20.73694,,,20.73694
Uckl1,26.34422,25.84976,25.76421,25.84976,25.38943,25.09237,24.8986,25.09237
Ubac1,27.05486,24.45092,23.77364,24.45092,25.2322,25.19761,24.91063,25.19761
Rab9a;Rab9,27.3964,25.90928,26.01065,26.01065,27.33586,27.31346,26.74188,27.31346
Ppie,25.37488,25.41809,25.41054,25.41054,22.79313,23.04557,22.16693,22.79313
Txndc12,29.33477,29.33208,29.2882,29.33208,27.09597,26.48789,26.46006,26.48789
Supv3l1,27.06743,25.72515,25.59426,25.72515,25.19475,25.93364,25.12888,25.19475
Xrn2,26.46097,25.93049,25.96144,25.96144,25.72531,26.15781,25.94662,25.94662
Kiaa1467,23.4891,22.0315,21.62475,22.0315,25.52966,25.34851,25.0653,25.34851
Clic6,,,,,17.78315,20.85605,19.45882,19.45882
Vps25,26.71646,25.5627,26.67869,26.67869,27.10669,27.16394,26.80587,27.10669
Srsf5,28.57492,26.91205,28.47181,28.47181,28.86192,28.51315,28.78722,28.78722
Dzank1,22.97841,20.94657,19.77854,20.94657,22.43946,22.03076,21.32405,22.03076
Timm23,28.47769,27.63651,27.34215,27.63651,27.67074,27.15364,26.89966,27.15364
Rras,27.52216,28.00603,27.76932,27.76932,24.40009,23.42573,22.6657,23.42573
Cpne9,,19.84736,19.23199,19.539675,,,,
,26.92093,25.76489,26.57586,26.57586,26.19191,26.5241,26.25647,26.25647
Fcho2,26.85412,25.96389,25.52701,25.96389,23.58623,23.15522,22.22491,23.15522
Pum1,26.73247,25.95677,25.89844,25.95677,26.36349,26.06842,25.81809,26.06842
Naa25,26.49576,24.33012,24.70467,24.70467,25.488,25.36976,24.88721,25.36976
Cyp51a1,26.00391,25.20721,24.71466,25.20721,26.94525,26.94414,26.72975,26.94414
Vps8,24.90219,23.75908,23.05485,23.75908,25.41635,25.18382,24.9376,25.18382
Nudcd2,29.092,28.65857,28.44593,28.65857,26.58018,26.95837,26.10474,26.58018
Hexa,28.60583,28.09909,27.78525,28.09909,24.58532,23.99654,23.52229,23.99654
Erbb2ip,27.16231,25.91516,25.76061,25.91516,23.46089,23.32292,23.16907,23.32292
Faah,23.19976,22.25756,22.13565,22.25756,24.2071,24.61846,23.93697,24.2071
Atg9a,23.01078,20.59094,20.46842,20.59094,23.99757,24.60179,23.97649,23.99757
Vps36,26.44199,26.58978,26.00086,26.44199,26.21475,26.16498,25.48022,26.16498
Pikfyve,22.97023,22.91174,22.87008,22.91174,23.06375,23.11929,23.29165,23.11929
Prdm16,28.32006,23.91397,23.49765,23.91397,25.5754,25.74373,25.89308,25.74373
Mrpl40,28.31967,25.8615,25.96741,25.96741,26.29099,25.65105,24.82483,25.65105
Vps18,25.04469,25.19069,24.47939,25.04469,25.47302,25.50588,25.27615,25.47302
Nbas,25.04356,23.90637,23.78995,23.90637,23.86505,23.96526,23.75817,23.86505
Fgf1,25.15495,23.88939,24.00838,24.00838,24.45325,23.78506,20.50349,23.78506
Prpf6,27.14696,25.65012,26.21573,26.21573,26.30105,26.18115,26.23949,26.23949
Adrm1;Gm9774,28.96155,28.66844,28.88049,28.88049,27.94129,27.96637,27.3726,27.94129
Dfna5,25.51226,23.51545,23.80804,23.80804,25.82464,25.71581,25.53148,25.71581
Tpm3,27.138,26.67627,25.19502,26.67627,21.59805,20.91561,18.8087,20.91561
Zw10,25.0831,24.6542,23.21945,24.6542,25.19114,24.8321,24.01945,24.8321
Ccdc90b,26.65226,25.36923,26.3731,26.3731,24.89162,24.9771,24.37232,24.89162
Zyg11b,24.16707,22.66247,22.83339,22.83339,25.45312,25.63326,25.03192,25.45312
Trmt112,29.1496,28.62062,28.80572,28.80572,27.89122,27.69325,27.64458,27.69325
Rps6ka3,26.58921,25.76142,25.8299,25.8299,24.8683,24.44979,24.5027,24.5027
Sec63,26.58978,25.94085,25.55678,25.94085,25.8642,26.17531,25.97237,25.97237
Eif1a;Gm8300;Gm2016;Gm21936;Gm2035,30.06098,29.48756,29.78981,29.78981,28.19943,28.11297,28.02892,28.11297
Trappc12,25.08554,25.06382,24.15167,25.06382,25.61555,25.30062,25.31831,25.31831
Apba1,22.49465,22.05775,21.46209,22.05775,25.19727,24.83576,25.08986,25.08986
Atg5,26.05157,23.14428,24.81958,24.81958,25.32667,25.68453,24.54963,25.32667
Srsf10,26.13273,27.26732,27.34011,27.26732,27.62561,27.30138,26.64664,27.30138
Atat1,25.68169,24.45851,24.10045,24.45851,28.23059,28.08015,27.82669,28.08015
Dnajb6,27.1812,26.47979,26.27439,26.47979,25.63395,25.42191,25.45522,25.45522
Ncstn,25.46868,24.82614,23.61043,24.82614,25.54893,25.04126,25.19299,25.19299
Metap1,27.15354,26.71646,26.05585,26.71646,26.80193,27.19056,26.58964,26.80193
Ubxn2b,24.51635,23.89106,23.85605,23.89106,24.18246,24.2006,23.61257,24.18246
Rpap3,26.86962,26.07698,25.84326,26.07698,24.79902,24.36693,24.2333,24.36693
Mrps22,26.10723,25.46908,25.23994,25.46908,26.09079,26.3688,26.21453,26.21453
Mta2,26.85246,26.06083,25.64592,26.06083,26.50415,26.23186,26.43875,26.43875
Lrrc16a,28.03333,26.79501,26.8276,26.8276,23.37265,23.16805,22.45616,23.16805
Mvb12b,25.89083,25.1395,25.10793,25.1395,26.92309,26.79897,26.11144,26.79897
Ggps1,25.69485,25.13179,25.44869,25.44869,25.2617,25.03196,25.50349,25.2617
Zbtb8os,28.41712,26.72533,28.12273,28.12273,25.05833,24.76486,24.00684,24.76486
Tm9sf2,28.23585,28.02179,28.07224,28.07224,27.68959,27.93196,27.21873,27.68959
Kcnc1,,,,,20.73132,19.53627,20.99348,20.73132
Adcy2,,,15.73143,15.73143,20.62006,22.28501,21.39357,21.39357
Acox3,25.2765,25.31399,24.27767,25.2765,24.66639,23.61941,23.21166,23.61941
Sdk2,19.97631,20.1614,18.28473,19.97631,20.65692,20.52793,21.0452,20.65692
Pin4,28.08071,27.00528,27.09285,27.09285,26.62812,26.02806,25.59611,26.02806
Wdr41,24.12597,23.53481,23.56128,23.56128,25.21082,25.4339,24.63317,25.21082
Drap1,26.39844,24.98116,26.24692,26.24692,29.03517,28.62708,25.08253,28.62708
Synpr,23.68496,23.96067,24.43135,23.96067,25.64513,23.8931,24.3837,24.3837
Akap10,24.39369,22.93139,23.86816,23.86816,24.35198,24.24895,24.05829,24.24895
Commd4,27.48285,26.96455,26.81543,26.96455,26.37187,26.38415,25.70941,26.37187
Stat1,27.56602,26.09875,26.30593,26.30593,25.84984,25.65783,24.60975,25.65783
Tiam1,18.38119,,22.4939,20.437545,20.93395,21.6321,21.6894,21.6321
Calcoco1,24.31084,22.95024,22.98591,22.98591,22.29387,23.02251,21.47497,22.29387
Hist1h1c,32.18636,30.63036,30.71718,30.71718,28.44904,28.90899,27.99243,28.44904
Eny2,24.44171,23.79005,24.75685,24.44171,27.56209,27.9941,27.32817,27.56209
Poldip2,27.74746,27.18518,27.11823,27.18518,26.56168,26.54008,26.30619,26.54008
Prrc1,25.81636,26.00556,24.91205,25.81636,24.9822,24.85234,24.39754,24.85234
Shisa7,16.82997,,19.95985,18.39491,22.4957,21.90786,19.04065,21.90786
Fxn,25.6446,24.01206,24.99071,24.99071,24.9313,25.47324,24.75776,24.9313
Smarca2,25.61049,24.29362,23.86079,24.29362,24.46139,24.08197,24.08934,24.08934
Ttl,25.2221,23.55976,20.85688,23.55976,26.92173,26.79414,26.78357,26.79414
Inadl,23.05151,21.52602,21.89245,21.89245,19.02958,,,19.02958
C1qa,24.47153,21.00594,19.55721,21.00594,23.3692,21.02195,16.74004,21.02195
Dctn5,27.70787,26.23533,26.06445,26.23533,27.61751,27.18433,27.34249,27.34249
Cpsf7,26.13594,24.87858,24.9142,24.9142,26.28664,26.01958,26.05159,26.05159
Dhx29,25.9249,24.69938,24.47568,24.69938,25.0106,25.1404,24.7145,25.0106
Aida,27.34215,26.47446,26.09644,26.47446,26.05501,25.92592,25.66338,25.92592
Wipf3,,,,,22.45048,23.11143,21.99262,22.45048
Ggct,25.50818,24.38883,24.43409,24.43409,23.86344,23.35259,23.35313,23.35313
Snrpg,28.77477,29.32288,29.29949,29.29949,29.18137,29.49137,29.12908,29.18137
Gpcpd1,23.22152,22.51444,23.05714,23.05714,21.08784,21.83611,21.46638,21.46638
Cbx1,26.08251,26.59904,25.77769,26.08251,26.85079,26.4895,26.4646,26.4895
Shisa6,23.38903,21.76531,21.49468,21.76531,18.56915,20.48611,17.32843,18.56915
Lrsam1,25.84252,24.15453,23.64438,24.15453,25.34035,25.34526,25.05325,25.34035
Mospd2,25.90166,24.67831,24.60349,24.67831,24.69906,23.89032,23.80095,23.89032
Sars2,25.56037,23.68368,24.7112,24.7112,25.91978,25.69853,24.52301,25.69853
Nxf1,24.54734,23.92651,23.90205,23.92651,26.55164,26.80907,25.86889,26.55164
Dhrs7,26.89908,26.4505,26.768,26.768,24.31001,24.1997,23.55824,24.1997
Cacna1b,17.77398,21.86299,,19.818485,21.33167,21.95013,21.53867,21.53867
Znhit6,22.02273,20.1187,19.87632,20.1187,21.10111,20.94942,21.10572,21.10111
9/3/2015 0:00,25.42883,24.31077,24.10406,24.31077,,24.83803,24.61504,24.726535
Ccbl1,26.88355,26.53755,26.24914,26.53755,22.7604,23.41351,22.50707,22.7604
Adar,22.66763,21.64258,21.90954,21.90954,24.88078,24.74776,24.43543,24.74776
Crmp1,,,,,26.73982,26.99442,27.26329,26.99442
Trappc9,25.9449,24.52528,24.28058,24.52528,24.74904,25.26485,24.94042,24.94042
Lars2,25.94353,24.63045,24.27938,24.63045,25.02884,24.97719,24.6726,24.97719
Il1rapl1,20.03738,18.83458,18.72004,18.83458,22.71835,22.52636,22.90296,22.71835
Prpf4,25.61944,26.05468,25.75603,25.75603,25.25598,25.74083,25.22714,25.25598
Clstn3,16.23229,13.82277,17.90853,16.23229,25.10105,25.25688,24.34035,25.10105
Slc4a7,25.72622,24.74139,24.78536,24.78536,24.72671,24.61386,23.86127,24.61386
Fads2,26.95615,26.37724,26.2903,26.37724,27.53103,27.09184,27.16701,27.16701
Cstf3,26.69139,25.62408,25.41654,25.62408,24.68057,24.54593,24.48087,24.54593
Mapk9,26.22334,24.87192,22.01777,24.87192,24.45463,24.37749,24.31555,24.37749
Get4,27.38096,26.16691,26.64196,26.64196,27.03633,27.04604,26.89389,27.03633
Eif2b3,26.49057,26.17934,26.13189,26.17934,27.10629,26.95371,26.64279,26.95371
Rbm10,25.94042,24.88934,24.72468,24.88934,23.46762,23.35084,23.51929,23.46762
Kifap3,25.35531,24.85733,23.21527,24.85733,26.86726,26.75494,26.49421,26.75494
Bcl2l1,24.61206,27.19563,26.89977,26.89977,25.54218,25.47516,25.22634,25.47516
Fryl,24.71534,22.8164,22.8099,22.8164,23.24645,23.21704,22.51836,23.21704
Gatm,29.08682,28.02602,28.06979,28.06979,25.12159,25.21048,24.87436,25.12159
Ift22,28.47908,27.78263,27.49381,27.78263,27.42374,27.3652,26.88542,27.3652
Esyt2,26.76091,25.08623,24.97509,25.08623,24.29915,24.0426,24.06661,24.06661
Synm,28.20112,27.40471,27.27435,27.40471,21.59901,19.23587,21.1414,21.1414
Safb2,25.69519,24.78292,24.52283,24.78292,22.47823,21.82656,22.40652,22.40652
Pfdn4,30.83876,29.85745,30.17997,30.17997,29.40736,29.05346,28.87347,29.05346
Mtcl1,20.4712,20.46901,21.04926,20.4712,19.6292,21.27373,21.02432,21.02432
Dpp8,25.44831,24.80247,24.51256,24.80247,25.56381,25.26528,24.95349,25.26528
Mp68,29.10547,27.86555,28.79888,28.79888,29.00919,28.9718,28.63256,28.9718
Rin1,27.17446,26.61302,26.69777,26.69777,19.57247,14.18069,17.30269,17.30269
Pgs1,24.12857,23.69115,23.27056,23.69115,24.74458,24.72234,23.51364,24.72234
Anapc1,24.73081,24.71722,24.28072,24.71722,25.83137,25.61782,24.92805,25.61782
Adhfe1,28.77615,27.51563,27.3827,27.51563,23.09091,21.45212,21.54232,21.54232
Slc6a3,,22.03684,,22.03684,22.38464,24.67082,22.62752,22.62752
Nmt2,26.93719,26.47783,26.11892,26.47783,27.08081,27.19676,26.8839,27.08081
Dnmt1,24.22339,22.31443,23.0801,23.0801,24.55462,24.45607,24.16653,24.45607
Lin7b,,,,,22.33949,22.08974,21.21424,22.08974
Sord,28.07826,27.66099,27.64938,27.66099,23.53801,23.72546,23.98598,23.72546
Gnao1,23.96093,26.7661,26.76534,26.76534,26.24336,27.4174,25.31427,26.24336
Magi3,22.77652,20.40976,21.56649,21.56649,24.11965,23.81176,22.96897,23.81176
Mal2,27.98158,26.49873,26.59135,26.59135,27.87121,27.022,27.46389,27.46389
Aspscr1,27.73699,26.41453,26.25027,26.41453,25.3805,25.61577,24.99317,25.3805
Skiv2l,25.87697,24.33559,24.22971,24.33559,23.39126,23.37026,22.94997,23.37026
Tmem33,27.28162,26.8616,26.38296,26.8616,26.57759,27.6095,26.20313,26.57759
Actl6b,23.5491,19.44061,22.03476,22.03476,27.44664,27.53014,26.91934,27.44664
Pak7,23.53493,23.19612,23.71083,23.53493,25.76035,25.93995,25.3041,25.76035
Ecsit,25.38952,24.14849,24.2571,24.2571,24.65294,24.97044,24.54522,24.65294
Syngr1,27.0804,25.52958,22.49184,25.52958,27.86726,28.0211,27.43968,27.86726
Cntn4,18.82386,,,18.82386,21.52602,20.24237,20.45372,20.45372
Stk4,27.39165,26.00207,26.4036,26.4036,24.43103,23.76759,24.76896,24.43103
Celf1,26.6702,26.63533,26.16617,26.63533,28.19878,28.57967,27.73847,28.19878
Cd99l2,27.91039,26.73867,26.33729,26.73867,25.84917,25.71146,25.29869,25.71146
Pigk,24.82929,24.78796,24.31195,24.78796,26.56545,26.11991,26.29723,26.29723
Fundc2,27.9471,27.3667,27.34053,27.3667,25.59007,25.79749,24.89966,25.59007
Ubash3b,22.89927,22.45754,21.65425,22.45754,24.04252,25.08489,23.69424,24.04252
Ap3b1,27.66268,27.43722,26.93146,27.43722,24.30925,23.93535,23.80351,23.93535
Rab4b,26.94893,26.20144,26.18541,26.20144,26.34684,26.30205,25.65908,26.30205
Mrpl13,30.2302,26.22619,26.51179,26.51179,26.97847,29.36129,29.10182,29.10182
Smpd1,23.23245,23.41274,21.85548,23.23245,24.89125,24.95265,23.81675,24.89125
Bcap29,25.57239,25.22048,25.46036,25.46036,23.00517,22.87661,23.33756,23.00517
Prkab1,26.1552,26.53257,25.57118,26.1552,25.89275,25.74024,24.86971,25.74024
Pde4a,20.50688,,19.76591,20.136395,19.24741,20.841,17.78622,19.24741
Faf1,26.33761,25.8085,26.17234,26.17234,25.51072,25.65927,25.38499,25.51072
Ttc9,25.89918,24.33994,24.12384,24.33994,24.78492,26.28704,25.65875,25.65875
Lamp2,29.35838,29.08902,28.85329,29.08902,25.65351,25.34218,25.23524,25.34218
Ogfrl1,19.97519,17.89125,18.09244,18.09244,22.51065,22.01049,22.14551,22.14551
Begain,11.15987,14.09811,14.46888,14.09811,18.23776,17.92515,17.41328,17.92515
Ctsl,29.81906,29.12078,28.67633,29.12078,25.9237,24.84412,24.5604,24.84412
Rmdn1,28.18513,26.77856,26.27675,26.77856,26.2438,25.58586,24.93607,25.58586
Ipo4,26.35468,25.13696,25.43314,25.43314,26.72676,26.82226,26.36995,26.72676
Hsd17b11,27.53393,27.04906,26.5652,27.04906,24.54345,23.88101,23.63567,23.88101
As3mt,25.40947,24.16561,24.49112,24.49112,22.99891,21.65478,19.98676,21.65478
mt-Cytb;Mt-Cyb,22.18773,23.55777,20.31849,22.18773,24.61049,24.78526,24.30222,24.61049
Macrod1,30.30628,29.65932,29.56571,29.65932,26.35872,26.71096,25.65824,26.35872
Myo1c,28.46875,27.38755,27.5062,27.5062,23.88893,23.46501,23.87399,23.87399
Rpa3,28.83391,25.13524,26.66452,26.66452,27.23891,26.62478,26.23341,26.62478
Edil3,20.46274,21.96877,21.74193,21.74193,29.02197,28.9073,28.68214,28.9073
Ube2z,26.36885,25.5721,25.32629,25.5721,26.41772,26.64609,26.81458,26.64609
Gopc,24.94833,24.08513,23.57196,24.08513,25.67042,25.75931,24.66606,25.67042
Akr1e2;Akr1e1,26.48757,25.23447,25.36088,25.36088,24.25731,23.99757,23.36413,23.99757
Them6,,20.94899,19.97113,20.46006,25.83485,26.12437,23.37186,25.83485
Strip1,25.66104,24.5521,25.04835,25.04835,26.20682,26.52914,26.00067,26.20682
Sympk,25.47609,24.37106,24.32958,24.37106,24.79104,24.68843,24.49467,24.68843
Rb1cc1,23.34299,23.17959,23.08086,23.17959,22.86321,23.27668,22.28059,22.86321
Agap1,25.61167,24.95961,25.23239,25.23239,26.18813,26.4284,25.49338,26.18813
Ulk3,22.90299,20.22199,19.49746,20.22199,22.73504,24.70614,22.0891,22.73504
Lsm14b,23.72318,23.04655,23.73034,23.72318,26.32131,26.8098,26.62798,26.62798
Tm9sf4,28.41945,27.23608,27.39779,27.39779,26.67034,26.98098,26.58133,26.67034
Eml4,26.85115,24.60642,24.35414,24.60642,25.49802,25.85954,25.60385,25.60385
Cnnm2,20.19328,14.91088,17.98404,17.98404,22.48072,22.30159,22.88991,22.48072
Ndufa3,24.95576,22.616,23.01851,23.01851,,24.56686,,24.56686
Cnot7,24.89504,24.74067,24.41171,24.74067,26.96113,27.09708,26.48441,26.96113
Ufc1,27.68398,27.16768,27.47026,27.47026,26.29469,25.81892,25.61734,25.81892
Ccdc50,25.84446,25.25035,24.46326,25.25035,23.11164,23.62344,22.33287,23.11164
Stim2,23.01124,22.67008,23.25551,23.01124,21.2454,21.79114,21.93157,21.79114
Herc2,21.43675,19.218,19.99148,19.99148,24.07659,24.03473,23.61919,24.03473
Ptprn,,,15.42367,15.42367,20.25257,19.67682,16.79462,19.67682
Ace,23.23777,21.41416,21.13859,21.41416,20.03684,20.01577,19.55791,20.01577
Nudt9,27.79854,27.00753,27.16461,27.16461,26.33812,25.84592,25.5864,25.84592
Nenf,29.66948,28.82508,29.15581,29.15581,26.05068,25.67527,25.77661,25.77661
Rpl32,30.04466,29.70289,30.59299,30.04466,29.80541,30.22228,29.5745,29.80541
Nhlrc2,27.12119,27.07316,27.11922,27.11922,25.7986,24.35991,23.62756,24.35991
Rdh14,26.33719,25.46314,25.39522,25.46314,25.64138,26.36357,26.01744,26.01744
Mfge8,27.26302,27.121,27.54215,27.26302,28.4219,27.41006,27.27311,27.41006
Zyx,29.52255,28.33313,27.65198,28.33313,22.21875,24.11402,22.6289,22.6289
Ccbl2,28.50836,27.16768,27.26437,27.26437,23.43797,23.12084,21.18095,23.12084
Clcn6,23.77163,22.41279,22.11401,22.41279,25.9697,25.89101,25.59784,25.89101
Ccz1,26.28859,25.4978,25.45494,25.4978,26.02924,25.22667,25.0178,25.22667
Eif2b4,26.86384,25.36339,25.35837,25.36339,26.90173,26.97946,26.87736,26.90173
Osbpl9,25.75144,24.57236,24.74242,24.74242,25.71578,26.15464,25.82784,25.82784
Mrpl37,27.97793,26.7497,26.70372,26.7497,26.29249,26.1848,25.47008,26.1848
Plekha5,24.6725,23.61201,24.03834,24.03834,22.06812,21.62458,21.50572,21.62458
Herc1,22.56943,19.47257,19.00566,19.47257,23.85681,24.30194,23.70925,23.85681
Eif4e2,24.78477,23.74704,22.73734,23.74704,25.82277,25.6279,25.35043,25.6279
Adprhl2,29.21368,28.00282,28.18371,28.18371,26.05314,25.68116,25.69102,25.69102
Reps2,22.86108,17.87915,,20.370115,23.40989,22.76415,22.70757,22.76415
Ilkap,26.0366,24.66036,25.48873,25.48873,25.45356,25.48889,25.15839,25.45356
Slc25a20,29.97446,28.7759,28.87244,28.87244,26.86891,27.11168,26.67371,26.86891
Zer1,23.57277,22.9122,22.79929,22.9122,25.02445,24.78511,24.33334,24.78511
Tigar,25.78853,24.70351,25.27714,25.27714,26.10063,26.05594,26.17056,26.10063
Spcs2,27.7947,28.02807,28.11481,28.02807,28.01356,27.70523,27.77323,27.77323
Map3k19,23.84326,18.90815,20.28444,20.28444,23.24926,23.94074,22.16619,23.24926
Acsl4,24.00779,24.04552,24.77092,24.04552,27.49587,27.75805,27.40397,27.49587
Frmd4a,23.88437,23.23092,24.52612,23.88437,26.46184,26.33826,25.92384,26.33826
Elp3,25.52274,25.3002,25.41044,25.41044,26.66912,26.6071,26.27238,26.6071
Ubr3,22.88844,22.58068,22.45224,22.58068,23.92262,23.78367,23.41467,23.78367
Gatsl2,24.73784,23.72941,21.23509,23.72941,26.02722,26.11172,25.66253,26.02722
D6Wsu163e,24.22744,24.10693,23.25854,24.10693,25.38472,25.7033,25.06632,25.38472
Rgs14,18.68623,17.88733,,18.28678,19.10395,17.24535,14.45879,17.24535
Tm9sf3,29.05432,28.39983,28.81391,28.81391,27.68144,27.78375,27.43682,27.68144
Dyrk1a,25.56133,24.83908,24.70033,24.83908,25.77165,25.27533,25.29299,25.29299
Isca2,28.7698,28.4875,28.56278,28.56278,25.54731,25.10358,24.69631,25.10358
Ist1,28.2584,27.49678,27.43682,27.49678,26.96631,26.66492,26.2321,26.66492
Ltn1,23.77062,23.49314,23.29586,23.49314,23.81656,24.18238,23.1628,23.81656
Dos,22.6303,24.69843,23.76456,23.76456,23.59991,23.54404,23.22185,23.54404
Skiv2l2,25.72002,25.02454,25.24336,25.24336,25.35548,25.36873,24.89208,25.35548
Gdpgp1,25.07222,24.20635,23.91607,24.20635,24.71968,24.42797,24.10246,24.42797
Chid1,24.89975,25.09495,25.3211,25.09495,24.78197,24.77796,24.35286,24.77796
Fubp3,28.97684,27.76705,27.72325,27.76705,24.61941,24.16592,23.86221,24.16592
Ppp4r2,27.19639,26.39097,26.74983,26.74983,25.22549,25.17851,25.08857,25.17851
Uck1,27.30496,26.78357,26.73673,26.78357,25.59747,25.30041,24.82313,25.30041
Rad21,27.02009,25.55089,24.95952,25.55089,23.86439,24.22207,23.6811,23.86439
Gigyf2,25.40895,24.98598,24.43867,24.98598,23.47085,23.30661,22.90544,23.30661
Anapc5,25.52169,24.4776,23.91816,24.4776,25.30501,25.70073,25.36246,25.36246
Uqcc2,25.243,24.37994,24.52767,24.52767,27.24952,27.32526,26.01952,27.24952
Nemf,25.65455,24.77445,24.49124,24.77445,24.18412,24.17097,24.124,24.17097
Sorcs2,23.60388,21.87328,22.32378,22.32378,24.24699,23.74694,23.60048,23.74694
Rhot2;Gm20683,27.37625,26.56092,26.3124,26.56092,24.14289,25.42768,24.50288,24.50288
Prpf31,27.97935,26.4831,26.97399,26.97399,26.01924,25.76474,25.85738,25.85738
Fam171a2,22.81847,20.72259,20.34571,20.72259,26.50966,26.52489,26.30262,26.50966
Ubap1,23.73965,23.51881,19.19964,23.51881,23.07017,23.75634,23.05297,23.07017
Tmsb15l;Tmsb15b2,30.82388,30.29351,30.03144,30.29351,27.4893,26.9486,26.89481,26.9486
Ppp2r5b,26.14556,25.58509,24.91265,25.58509,26.77165,25.97218,26.31044,26.31044
Dak,27.41683,27.17684,27.17169,27.17684,27.11744,27.17588,26.15111,27.11744
Anxa1,31.66335,30.36641,30.37161,30.37161,20.85871,23.33497,25.83171,23.33497
Ube2h,27.71581,26.75621,26.11028,26.75621,26.39349,25.56892,26.22192,26.22192
Arhgef17,24.17204,22.94135,22.86759,22.94135,23.2764,22.64121,21.98555,22.64121
Col4a3bp,25.78629,24.48395,23.8956,24.48395,24.44683,23.97036,24.28093,24.28093
Galk1,29.9735,29.20704,29.0759,29.20704,28.22972,27.22931,26.90862,27.22931
Tbc1d17,26.19363,26.00571,26.17824,26.17824,25.7586,25.14903,25.10157,25.14903
Zc3h4,25.96455,24.11878,23.48308,24.11878,23.13483,22.975,22.86595,22.975
Nqo2,27.94447,27.47197,27.60964,27.60964,22.28156,18.51572,22.45894,22.28156
Cdk14,23.16877,21.60662,23.35649,23.16877,20.88643,21.55244,20.65788,20.88643
Mtr,24.83132,28.15822,30.40324,28.15822,22.60729,23.99593,22.51773,22.60729
6330403A02Rik,22.52803,21.18223,23.09402,22.52803,25.99419,26.64334,26.40454,26.40454
Abca2,24.157,20.76555,20.17706,20.76555,22.61914,22.24853,22.17764,22.24853
Smarcd1,24.6106,23.9943,24.09458,24.09458,25.54486,25.61175,25.34932,25.54486
Serpina3k,,,,,14.11553,,,14.11553
Ppp6r1,27.14938,25.88362,25.67028,25.88362,25.73727,25.74737,24.93161,25.73727
Ralb,28.95096,27.04791,28.03742,28.03742,26.29983,25.75379,26.59719,26.29983
Armc10,29.11471,28.21507,28.20648,28.21507,28.2415,28.41603,27.86821,28.2415
Anks1b,,19.47092,,19.47092,20.56532,21.35202,19.67414,20.56532
Arpin,28.63558,28.10679,28.19535,28.19535,24.52001,23.62678,22.91714,23.62678
Ubl7,26.75162,25.93008,25.17432,25.93008,26.06755,25.14818,26.2778,26.06755
Ncoa5,26.29028,25.05254,24.77917,25.05254,26.83135,27.13839,26.89643,26.89643
Gns,28.70438,27.85222,28.39746,28.39746,24.13046,24.71482,24.61969,24.61969
Slc20a2,27.29885,25.62263,25.54313,25.62263,20.62346,21.63001,19.62416,20.62346
Map4k5,27.21928,26.03618,26.45761,26.45761,26.19003,26.17347,25.98553,26.17347
Arf4,29.84619,28.49572,28.91949,28.91949,29.04539,28.99402,29.29152,29.04539
Mark3,24.11291,23.6919,23.72349,23.72349,25.46986,25.41287,25.15491,25.41287
Tesc,,,,,19.92607,21.49194,19.29556,19.92607
Lrp1b,22.91244,21.50857,22.40901,22.40901,21.46608,20.89371,21.45247,21.45247
Sfr1,26.73931,25.16971,25.00517,25.16971,25.08898,24.23118,23.49644,24.23118
Xpnpep3,27.09537,25.59991,25.43071,25.59991,24.01086,23.99049,23.51232,23.99049
Aftph,24.47011,23.21199,22.74815,23.21199,22.1408,21.47442,21.69604,21.69604
Emc2,27.48838,26.85603,26.87912,26.87912,27.52783,27.04802,26.96091,27.04802
Tdrp,25.84055,24.57329,24.04126,24.57329,,21.239,,21.239
Mms19,25.49155,24.77389,24.07169,24.77389,25.25115,25.6147,25.05399,25.25115
Crtc1,25.01623,23.89708,23.6402,23.89708,24.64905,23.62511,22.69954,23.62511
Kcnip4,,,16.53531,16.53531,23.42008,23.68913,23.10369,23.42008
Bax,30.42752,29.36592,29.35813,29.36592,27.98397,27.95516,28.10864,27.98397
Tmco1,25.45522,25.1681,26.02085,25.45522,28.16816,28.22016,27.53438,28.16816
Eif2a,27.74804,27.12376,27.28701,27.28701,25.60241,25.79206,25.26685,25.60241
Ctage5,25.48305,24.15615,24.25875,24.25875,22.74337,23.27142,23.17922,23.17922
Mgrn1,24.67944,23.53041,24.09563,24.09563,24.70409,24.8044,23.95925,24.70409
Cops7b,25.88344,25.87734,24.30494,25.87734,26.20296,27.26508,26.71122,26.71122
Lrba,24.91324,23.86145,23.54651,23.86145,21.03355,21.0745,20.4709,21.03355
Ogfr,26.10105,24.94641,24.53053,24.94641,26.56253,26.19749,25.86122,26.19749
Prrt3,,18.12141,,18.12141,20.645,21.49028,20.41803,20.645
Tex2,19.27264,18.27658,17.81303,18.27658,22.39511,21.373,21.15524,21.373
Mylk,21.85897,21.02317,21.10623,21.10623,21.351,23.14849,22.34741,22.34741
Pi4k2a,26.9382,26.54274,26.39074,26.54274,25.46167,25.17908,25.28796,25.28796
Nup107,26.41485,25.40866,25.33661,25.40866,24.38844,24.70688,24.08724,24.38844
Tnxb,16.13731,,,16.13731,23.12291,23.16817,19.21608,23.12291
Uprt,25.53466,25.58271,25.77733,25.58271,25.43832,25.44834,23.91251,25.43832
Nhp2,28.36532,28.12401,27.46404,28.12401,26.25286,25.97537,25.79466,25.97537
Dguok,27.06363,26.39596,26.43294,26.43294,25.53181,24.94015,25.58138,25.53181
Spg20,25.86415,25.28086,25.32327,25.32327,21.00003,20.51826,20.86408,20.86408
Psmd9,29.29828,28.32663,28.56536,28.56536,26.01827,26.49265,26.19348,26.19348
Cpeb4,24.85029,24.13923,25.09261,24.85029,25.41287,25.46529,25.56596,25.46529
Taok2,24.97439,22.53768,21.97411,22.53768,25.4646,25.6782,25.38265,25.4646
Mrpl44,26.61161,25.88115,25.9815,25.9815,26.71869,26.89308,26.47361,26.71869
Pik3r2,22.08252,21.94625,21.79166,21.94625,23.35703,23.47482,22.01825,23.35703
Myo1b,25.1911,24.41164,24.18359,24.41164,26.93663,26.71895,26.15308,26.71895
Kiaa1109,20.66466,18.9533,19.16194,19.16194,21.34635,21.82981,21.49799,21.49799
Grip1,20.63325,18.76778,22.91838,20.63325,25.1514,25.01534,24.99542,25.01534
Hdac11,20.07195,21.35859,,20.71527,22.40831,22.87266,22.80753,22.80753
Emc3,26.19811,25.76603,27.2779,26.19811,27.21965,26.97115,26.63506,26.97115
Iscu,28.42182,27.22168,27.42894,27.42894,25.28517,25.01695,23.69317,25.01695
Lamp5,,15.93477,20.40218,18.168475,18.507,,18.55169,18.529345
Ube2g1,26.01827,25.50676,25.97596,25.97596,26.35973,26.48585,26.0677,26.35973
Sf3b5,28.22945,27.81458,27.95859,27.95859,27.21595,26.62729,27.09497,27.09497
Csdc2,21.19743,21.51937,23.10607,21.51937,26.58319,25.53582,25.09188,25.53582
Fntb,25.79712,25.74276,24.69864,25.74276,24.01035,24.70872,24.92913,24.70872
Wbp11,26.20481,25.2706,25.3231,25.3231,24.02597,23.21433,23.54816,23.54816
Ado,25.65428,24.52862,24.63057,24.63057,26.1151,25.99734,25.54819,25.99734
Rab22a,26.03437,25.40999,25.07557,25.40999,26.23195,26.36726,25.75797,26.23195
Stat5b,26.27762,23.97666,23.29754,23.97666,21.00422,21.63072,20.93438,21.00422
Cdk17,25.82299,25.4265,24.4467,25.4265,24.40834,24.53843,24.12392,24.40834
Grid1,20.25338,16.52664,20.83861,20.25338,24.24336,24.13218,23.54934,24.13218
Slc7a2,23.57173,23.93067,22.81716,23.57173,25.02593,25.31762,24.84168,25.02593
Fam98a,26.75532,25.58437,25.13548,25.58437,25.48272,25.21941,25.50758,25.48272
Rabgap1l,24.53136,22.91483,23.3181,23.3181,25.7934,25.30348,25.50151,25.50151
Ephb2,26.60244,24.96794,24.98338,24.98338,26.42021,26.4474,25.86927,26.42021
Fam175b,28.27382,26.63907,26.94682,26.94682,25.86179,26.23142,26.806,26.23142
Dars2,25.87872,24.86074,24.92257,24.92257,25.2738,24.93899,24.74294,24.93899
Lima1,28.14962,27.09366,27.34672,27.34672,22.79766,21.77656,22.78995,22.78995
Dtx3,27.08578,26.44752,26.39315,26.44752,25.681,25.71434,24.46008,25.681
Tbr1,19.43302,18.35376,,18.89339,23.96631,24.02952,24.35313,24.02952
Ftsj1,26.49878,26.5357,24.73355,26.49878,24.33838,24.29425,24.37504,24.33838
Dhdh,26.27167,25.03423,24.85034,25.03423,18.90604,16.7378,21.21892,18.90604
Pcdh17,23.19361,19.75032,26.49181,23.19361,23.06242,23.89624,24.16791,23.89624
Csad,28.02142,27.05786,27.12278,27.12278,22.03123,22.05026,21.56025,22.03123
Clec16a,25.81734,25.1837,24.7749,25.1837,23.91889,23.65294,23.10669,23.65294
Pdia6,,,19.70929,19.70929,18.24377,,,18.24377
Gcfc2,24.28348,21.75866,22.44091,22.44091,19.97729,21.28387,21.6838,21.28387
Scg3,25.56938,24.45224,24.084,24.45224,24.88479,24.68105,25.16269,24.88479
Spred1,24.31264,23.38192,23.17746,23.38192,20.89356,19.28591,22.09003,20.89356
Kcnj6,20.03993,,,20.03993,26.58921,22.11009,21.99462,22.11009
Wdr12,26.38902,25.4861,25.81751,25.81751,25.16707,24.93396,25.14965,25.14965
Mrps31,25.16239,24.86368,25.09059,25.09059,25.66338,25.16787,25.20937,25.20937
Mpp5,27.29421,26.64155,26.19839,26.64155,22.26388,21.80286,21.67689,21.80286
Tenm3,23.64108,21.95013,22.90139,22.90139,25.04706,24.89018,24.43886,24.89018
Pam16,27.37807,25.5977,25.88397,25.88397,25.95779,25.83627,25.69357,25.83627
Rgs12,23.31631,22.66646,21.57478,22.66646,23.9974,23.70936,22.63407,23.70936
Wdr91,25.48361,24.54751,24.13954,24.54751,24.30334,24.60445,23.71492,24.30334
Srp9,27.31294,26.95804,27.07612,27.07612,26.99776,27.18433,26.35026,26.99776
Coq5,26.90001,25.94494,26.39966,26.39966,25.06032,24.77092,24.24844,24.77092
Chga,,19.5563,16.17905,17.867675,23.56639,22.27429,22.48886,22.48886
Srsf4,26.82554,26.71043,27.19272,26.82554,26.62255,26.21727,26.21043,26.21727
Mrpl45,25.77148,25.15066,24.65261,25.15066,26.41698,26.57975,25.41658,26.41698
Podxl,28.41131,27.55932,27.12613,27.55932,24.64807,24.37882,24.24394,24.37882
Psme2,30.49581,30.11632,29.85452,30.11632,27.88122,27.58018,27.79501,27.79501
Tpmt,26.87842,25.35016,25.594,25.594,25.17272,25.2103,24.7959,25.17272
Lppr3,,20.2513,18.22336,19.23733,26.70293,26.61723,26.34206,26.61723
Ttyh3,23.43873,21.3648,20.50833,21.3648,25.20348,25.22376,25.50413,25.22376
Fbxo21,23.20102,24.05225,24.41822,24.05225,25.61122,25.24956,25.03251,25.24956
Impdh1,25.02838,23.66958,20.62096,23.66958,27.12337,26.85305,26.51569,26.85305
Chmp6,28.12588,26.4049,25.70427,26.4049,26.91582,26.78955,26.03834,26.78955
Sec61b,29.4539,28.31618,28.752,28.752,28.33879,27.70813,27.99178,27.99178
Mlf2,25.43936,24.72869,23.21799,24.72869,24.81934,24.88999,25.48514,24.88999
Tmem132b,25.2803,23.1308,23.28419,23.28419,22.86908,22.1022,20.92085,22.1022
Prkag1,25.03846,25.17653,24.51412,25.03846,25.24808,25.02555,24.03414,25.02555
Rpl36,29.86818,30.0457,30.30986,30.0457,30.17057,29.49947,30.99766,30.17057
Dnajb5,23.00118,18.89888,22.43649,22.43649,25.37069,25.24394,24.82934,25.24394
Sema4b,22.51706,19.32909,,20.923075,23.06334,22.17804,21.34954,22.17804
Paox,26.95305,26.37504,25.74188,26.37504,24.93634,25.01321,24.4256,24.93634
Pomgnt2,25.18408,22.46383,21.70493,22.46383,25.46563,25.45504,25.16346,25.45504
Hdac5,23.96526,21.05239,20.58472,21.05239,23.20589,23.12424,22.29337,23.12424
Hscb,28.10365,26.61849,26.88017,26.88017,24.21549,24.94521,24.12581,24.21549
Acp1,27.77925,27.25016,28.90805,27.77925,24.04343,24.48155,,24.26249
Tapt1,26.06805,24.89957,25.43196,25.43196,25.45413,25.57882,24.93067,25.45413
Cpne7,,,,,22.54168,22.00556,22.08323,22.08323
Grik2,19.55648,20.15413,19.55101,19.55648,25.22681,24.03699,23.43262,24.03699
Scrg1,,,20.99424,20.99424,21.36746,20.0486,21.89829,21.36746
Pxk,23.76395,22.49712,23.55462,23.55462,24.22486,23.07915,23.20474,23.20474
Cpt1c,23.03073,23.73097,23.7959,23.73097,24.2781,24.94655,24.3672,24.3672
Dhodh,27.43905,26.34848,26.58104,26.58104,26.08186,26.15489,25.38772,26.08186
Ptprt,18.03333,19.2267,19.31276,19.2267,21.67741,21.3005,21.36367,21.36367
Tubgcp3,25.52136,24.78691,23.85091,24.78691,23.97806,24.35911,23.34313,23.97806
Agbl4,,,20.47001,20.47001,,,,
Lamtor5,31.10537,30.51258,30.61246,30.61246,27.94352,28.11634,28.40207,28.11634
Phax,27.10279,23.52958,26.11997,26.11997,22.3493,21.8245,21.43538,21.8245
Grid2ip,17.56458,,,17.56458,18.04878,13.7752,,15.91199
Ccm2,24.52468,23.50106,23.25088,23.50106,24.10238,23.80646,23.6826,23.80646
Ttc38,25.42752,23.69424,24.65758,24.65758,18.73003,18.70745,20.05907,18.73003
Ilvbl,28.1694,26.30992,25.90736,26.30992,26.4968,26.37948,26.08669,26.37948
Polr2c,27.4223,26.91536,26.40858,26.91536,26.49376,26.06741,26.55681,26.49376
Ctps2,26.55105,25.46292,25.30643,25.46292,24.83224,25.12676,24.89611,24.89611
Vwa1,22.86827,22.2723,18.45081,22.2723,20.40717,,,20.40717
Psmg1,27.76351,26.97684,28.06162,27.76351,27.22306,27.24771,26.74906,27.22306
Sema4a,,,,,24.39682,18.50125,19.77382,19.77382
Tomm20,29.15323,28.20037,28.10769,28.20037,28.52096,28.22283,28.01169,28.22283
Lpin2,22.4548,23.5538,21.75935,22.4548,22.09491,22.1688,21.87,22.09491
Swap70,27.93241,27.19489,27.11535,27.19489,23.60365,22.29981,22.54642,22.54642
Surf4,28.41167,27.33773,27.49816,27.49816,26.30765,26.66085,26.26302,26.30765
Slc39a12,24.21808,20.54491,20.86763,20.86763,17.25451,19.58716,16.1512,17.25451
Coa3,26.53393,24.25624,24.97215,24.97215,,27.30617,23.88455,25.59536
Dock10,19.27419,18.65169,16.42205,18.65169,18.39586,19.6837,17.94289,18.39586
Phka1,23.82104,23.28673,22.4065,23.28673,19.35804,20.14743,18.68291,19.35804
Xpot,26.28496,25.15515,25.88246,25.88246,26.325,26.55544,26.0422,26.325
Pvrl3,22.16828,20.70362,22.3645,22.16828,23.65611,22.84458,22.81816,22.84458
Katnal1,25.28419,24.30549,24.99434,24.99434,25.58308,25.44111,25.12317,25.44111
Dpp7,26.94403,26.69525,26.54363,26.69525,23.01206,22.50407,21.81241,22.50407
Slc12a9,27.0503,25.84223,24.84608,25.84223,25.03255,24.41751,23.98893,24.41751
Nptn,,,16.76422,16.76422,,,,
Necap2,29.469,28.78887,28.39239,28.78887,22.09452,23.01517,20.05682,22.09452
Pter,31.35063,28.90432,29.85144,29.85144,24.72993,24.8347,23.64427,24.72993
2210016F16Rik,27.62916,26.80206,26.92184,26.92184,24.02141,24.25789,23.13643,24.02141
Fhl1,31.69212,31.05873,31.03604,31.05873,27.69757,28.25647,27.42262,27.69757
Carhsp1,29.47416,29.62866,29.0958,29.47416,28.46404,28.30413,28.2833,28.30413
Raph1,22.90411,20.84674,21.8064,21.8064,24.01478,23.37199,23.54191,23.54191
Nek9,27.35725,26.45345,26.4232,26.45345,23.97719,25.22369,24.37955,24.37955
Ankrd28,26.27604,25.11454,25.54757,25.54757,25.50009,25.40071,24.89384,25.40071
0610037L13Rik,28.63128,28.74769,27.94235,28.63128,26.70094,26.13377,25.68209,26.13377
Commd10,27.4086,26.31652,26.38456,26.38456,26.32857,26.07759,26.14715,26.14715
Golt1b,26.0679,24.57207,24.63616,24.63616,26.37011,26.49531,26.37994,26.37994
Lrrc8c,27.54922,26.49873,26.43309,26.49873,22.40296,23.16045,22.66902,22.66902
Tmem35,25.65488,23.79074,24.20501,24.20501,28.33441,28.10495,28.25894,28.25894
Selm,,22.49855,23.53837,23.01846,19.9631,23.64042,20.60775,20.60775
Wash1,26.9516,25.74021,25.44768,25.74021,24.76501,24.97329,22.03204,24.76501
Stx7,28.38414,27.80882,27.79328,27.80882,27.43547,27.52418,27.42518,27.43547
Nme3,28.5136,27.49373,26.87537,27.49373,26.94369,27.37294,26.91707,26.94369
Efnb3,,22.80069,21.84762,22.324155,26.41743,25.9655,26.10512,26.10512
Mrpl49,26.00462,21.11617,25.09563,25.09563,25.99604,26.04473,25.61383,25.99604
Rapgef5,22.09062,17.79392,21.00106,21.00106,23.24952,23.05729,23.11932,23.11932
Marco,,19.31893,20.50125,19.91009,18.18974,15.34638,18.48188,18.18974
Cfdp1,28.05838,27.11197,27.39198,27.39198,24.91889,24.81343,24.78796,24.81343
Psd2,24.92597,23.05725,21.7534,23.05725,25.95963,25.6462,25.43635,25.6462
Haghl,25.68378,25.16733,25.30274,25.30274,25.06172,26.90828,24.94494,25.06172
Ptprf,28.15518,26.62659,27.25214,27.25214,24.29677,24.55807,23.98381,24.29677
Slc4a3,20.89312,19.36816,19.48625,19.48625,20.39414,18.38174,17.45169,18.38174
Rae1,28.33743,27.99734,27.80624,27.99734,28.00758,27.86278,27.53378,27.86278
Hexdc,19.11273,,20.97274,20.042735,22.32375,22.80195,22.11604,22.32375
Trappc6b,25.36423,23.4148,24.69816,24.69816,25.49054,26.10524,25.11601,25.49054
Otud7b,24.10757,23.11905,22.62656,23.11905,20.43125,21.21774,19.30839,20.43125
Pag1,26.06977,24.67503,24.82192,24.82192,24.10653,23.41957,23.40665,23.41957
Elp4,25.41886,24.9168,24.9415,24.9415,24.34415,24.19468,23.17014,24.19468
Arpp21,,,16.45182,16.45182,24.48597,23.2025,23.5438,23.5438
Commd3,28.12199,27.38837,27.5133,27.5133,25.5754,25.85688,26.3735,25.85688
Slc7a14,21.86778,,,21.86778,22.96533,23.73138,23.91798,23.73138
Dnal1,26.49451,26.3621,26.27097,26.3621,26.70701,26.4748,26.23433,26.4748
Chn1,22.17387,21.56728,22.10242,22.10242,25.73047,25.82866,25.55628,25.73047
Hars2,26.7497,25.66183,25.70121,25.70121,26.26053,26.34121,25.23513,26.26053
Emc7,27.83388,27.54826,27.64423,27.64423,26.77518,26.87397,26.59278,26.77518
Mvd,27.85496,24.76795,24.2967,24.76795,28.10184,27.7986,27.81097,27.81097
Pycrl,29.33302,27.99281,28.71175,28.71175,27.82517,27.86443,27.13975,27.82517
Rwdd1,27.21568,25.48204,27.02559,27.02559,26.56033,25.30476,25.3435,25.3435
Fip1l1,27.19882,26.26883,25.5464,26.26883,24.32759,24.04335,22.70087,24.04335
Txndc9,25.85467,25.36252,25.43492,25.43492,26.24018,25.8084,25.32663,25.8084
Efr3a,24.75261,23.32485,23.35958,23.35958,20.83599,19.21854,20.30808,20.30808
Arl2,27.86938,27.8735,28.0839,27.8735,27.23882,27.59434,26.87853,27.23882
Nos1ap,24.64828,23.87961,23.61178,23.87961,22.89008,21.40759,20.72501,21.40759
Cbln1,17.1444,,21.8252,19.4848,22.23023,19.68844,23.09685,22.23023
Ube2v2,29.17339,27.55625,28.00673,28.00673,26.98403,26.42664,26.88145,26.88145
Pcbp3,27.35917,26.31264,26.11213,26.31264,26.61526,26.12605,25.97452,26.12605
Abcg2,22.87004,21.36394,21.72451,21.72451,23.25246,22.91702,22.90008,22.91702
Ctdp1,24.45325,23.61043,23.46039,23.61043,24.19701,23.68228,23.52325,23.68228
Clgn,21.58518,20.73967,18.95148,20.73967,21.27287,19.00794,19.48856,19.48856
Map4k2,22.68547,20.99369,21.21187,21.21187,19.49264,19.55474,15.98186,19.49264
Ttc1,27.19704,26.2507,26.93326,26.93326,25.40536,25.38047,25.12971,25.38047
Sh2b1,25.41329,25.29302,25.11323,25.29302,24.44809,24.85134,24.60077,24.60077
Rwdd2a,,17.03004,16.69152,16.86078,19.84459,20.08226,19.83841,19.84459
Dctn1,23.32416,,19.27415,21.299155,18.53321,,19.91503,19.22412
Crnkl1,25.5501,25.09748,25.0038,25.09748,25.46389,24.38397,24.87497,24.87497
Stx16,23.50603,24.70435,23.93885,23.93885,25.0914,24.54038,24.48401,24.54038
Pde12,27.50196,26.61091,26.61526,26.61526,26.25488,26.53211,26.19689,26.25488
Rbm15,24.27576,23.98902,24.39238,24.27576,24.55292,24.20933,23.99723,24.20933
Ssr4,30.07801,29.78385,29.42498,29.78385,30.29088,30.18719,29.69954,30.18719
Ptpn9,25.9983,24.87839,25.02441,25.02441,25.38564,25.26438,25.19854,25.26438
Dnajc9,28.20004,26.98163,27.40803,27.40803,24.14118,23.25289,22.58194,23.25289
Napepld,22.16355,16.27443,19.88898,19.88898,20.10252,18.59536,19.29849,19.29849
Rprd2,24.60286,23.93787,23.23684,23.93787,23.37398,23.2981,22.18728,23.2981
Gmpr2,28.07086,27.06291,27.80366,27.80366,26.47246,26.3928,25.35488,26.3928
Ctbp1,,,,,,,,
9030617O03Rik,28.69893,27.44916,27.35783,27.44916,23.85091,24.11521,22.68609,23.85091
Hspbp1,25.97371,26.14833,25.66974,25.97371,26.04402,26.76648,25.8148,26.04402
Arhgap25,23.50337,25.01065,25.19456,25.01065,20.17998,16.89427,22.03009,20.17998
Pex14,27.34189,26.56573,26.22312,26.56573,26.06089,26.02488,25.83668,26.02488
Vti1b,26.55415,27.17284,26.09334,26.55415,25.57288,25.52229,25.75692,25.57288
Cacnb1,,17.35741,19.69943,18.52842,25.4425,25.65111,25.18892,25.4425
Ppp3r1,,,19.14153,19.14153,16.1113,18.0234,17.88292,17.88292
Grik3,20.59122,20.46433,18.0978,20.46433,22.53303,22.57404,21.82602,22.53303
Rprd1b,28.09713,27.08588,27.23023,27.23023,25.90196,25.29035,25.63945,25.63945
Ap3s1,28.15523,26.44651,27.00517,27.00517,27.53445,27.70583,27.49663,27.53445
Mybbp1a,27.3827,26.92897,26.92264,26.92897,26.54025,26.60159,26.22138,26.54025
Psip1,,24.14211,17.58388,20.862995,24.67169,24.39408,23.58566,24.39408
L2hgdh,25.7657,24.65048,25.15607,25.15607,25.41548,25.45535,24.83562,25.41548
Scrn2,27.83117,27.96036,27.92417,27.92417,24.50039,24.52277,24.24285,24.50039
Agpat1,26.87021,25.93591,25.94181,25.94181,27.13359,27.28595,27.01393,27.13359
Brcc3,27.00099,25.752,25.63312,25.752,25.43625,25.92264,25.75103,25.75103
Cadps,,,,,18.00135,17.79373,,17.89754
Btf3,28.67071,28.42338,28.62307,28.62307,27.63962,27.33952,27.22389,27.33952
Kcnd2,23.90967,22.03342,23.59001,23.59001,25.39758,24.89555,24.45344,24.89555
Gprc5b,27.97542,27.42758,26.88332,27.42758,22.84562,22.95308,22.39553,22.84562
Ntng1,,,,,21.05112,20.97001,20.9512,20.97001
Pitpnm3,20.8946,,19.97519,20.434895,18.15135,20.23245,21.68915,20.23245
Rab11fip2,21.79749,20.82345,21.08115,21.08115,23.27441,23.27355,22.92738,23.27355
Cpped1,29.25465,28.01531,28.31069,28.31069,25.65742,25.34723,26.36205,25.65742
Tbc1d15,26.84098,26.11303,26.10516,26.11303,23.26442,22.34989,23.07645,23.07645
Slirp,28.09562,26.68338,27.20909,27.20909,26.44755,26.37916,24.91027,26.37916
Rabggtb,25.60238,23.71009,25.94978,25.60238,25.46799,25.85491,24.75807,25.46799
Rp2,27.62143,26.76711,27.28366,27.28366,24.48505,24.8146,23.79679,24.48505
Cc2d1b,26.3222,25.14771,24.38186,25.14771,21.92358,21.24702,21.39822,21.39822
Polr2b,25.70332,25.64697,25.81113,25.70332,25.7518,25.86143,25.96376,25.86143
Agpat5,26.8597,23.69996,24.59366,24.59366,24.70641,24.9693,23.64801,24.70641
Rundc3a,22.02537,18.3039,19.94249,19.94249,26.28107,26.53767,25.91513,26.28107
Ube4a,25.19569,23.91853,24.4597,24.4597,25.52692,25.73743,24.69365,25.52692
Vgf,21.83337,20.58646,20.20096,20.58646,26.46064,20.81597,22.26339,22.26339
Cd38,21.94256,20.71482,,21.32869,,,,
Slc12a6,23.17978,22.54826,21.01454,22.54826,21.36885,20.30886,20.3144,20.3144
Rnf123,23.74119,22.65079,22.74098,22.74098,23.80872,24.02715,23.15823,23.80872
Nasp,25.97362,25.1979,24.56285,25.1979,26.24085,25.09567,25.89504,25.89504
Bckdhb,28.04109,27.96003,27.70846,27.96003,25.79489,26.48815,25.15368,25.79489
Ccrn4l,25.33344,23.73355,23.88883,23.88883,24.43199,24.94775,24.45432,24.45432
Hmga1,31.96781,31.86596,32.15976,31.96781,27.08639,25.91762,26.75621,26.75621
Pacs2,25.18397,24.19144,24.62126,24.62126,25.19103,25.77334,24.89684,25.19103
Tbrg4,25.44673,23.7124,23.39493,23.7124,25.64952,25.819,25.18616,25.64952
Fam195b,26.34841,26.49322,25.16791,26.34841,26.2126,26.23226,25.92275,26.2126
Ccdc124,28.11828,27.66723,26.64417,27.66723,24.98081,24.01818,24.22066,24.22066
Rpl34,30.58853,30.17973,29.78438,30.17973,30.13651,30.13919,29.91613,30.13651
Ncbp2,26.97443,26.45649,25.8619,26.45649,25.96338,26.22221,26.19203,26.19203
Tmx1,28.46778,28.55039,28.40832,28.46778,28.37997,28.4885,27.40007,28.37997
Hmgb3;Gm6104,28.50953,28.06132,28.38364,28.38364,29.03031,28.71983,29.08101,29.03031
Il1rap,24.78237,24.03976,24.27725,24.27725,21.35466,23.18309,19.19456,21.35466
Nrn1,,,19.65417,19.65417,,,,
Itch,25.03456,23.98512,24.29207,24.29207,24.55039,23.98676,24.3841,24.3841
Soga1,23.62053,23.9115,22.87081,23.62053,24.75302,23.92551,24.75083,24.75083
Tstd3,20.03939,18.699,21.24876,20.03939,25.50042,25.30163,25.14402,25.30163
Gprin3,,20.67055,21.02972,20.850135,21.7248,19.55152,21.66027,21.66027
Phf6,25.41409,24.85847,24.78047,24.85847,26.11178,25.7889,25.80723,25.80723
Ndufaf2,28.15533,27.02126,27.80088,27.80088,26.66777,26.80427,26.92241,26.80427
Slc23a2,24.87722,22.82784,23.35783,23.35783,24.4729,24.38364,23.95163,24.38364
Fam151b,26.5732,26.32414,26.11581,26.32414,23.16457,23.13644,23.20686,23.16457
Ndufaf1,26.91832,25.47649,25.7375,25.7375,23.88855,23.7318,24.31285,23.88855
Clec2l,,,,,23.36119,23.69636,21.2092,23.36119
Prpf3,26.46767,25.59138,25.73195,25.73195,25.1658,24.78412,24.50154,24.78412
Sarnp,29.01651,28.99602,29.20394,29.01651,26.59235,25.90653,26.10973,26.10973
Tango2,25.49692,25.81394,25.367,25.49692,25.377,25.4921,24.93755,25.377
Psd3,,,,,21.75593,19.34979,21.32152,21.32152
Wfs1,,,,,,,23.98251,23.98251
Insr,23.82571,22.99305,24.28369,23.82571,23.62868,23.27853,23.0022,23.27853
Fam63a,26.66384,24.9004,24.40808,24.9004,25.26589,25.38505,24.37046,25.26589
Ttc39c,23.96508,21.84946,21.1925,21.84946,22.58091,22.25191,22.67355,22.58091
Csnk1g2,25.2887,22.52418,24.60947,24.60947,25.13163,25.47837,25.13258,25.13258
Taco1,27.9561,26.57845,26.42821,26.57845,26.557,26.75277,26.20981,26.557
Prkg1,21.93456,22.28876,22.83101,22.28876,21.94557,15.39851,17.21,17.21
Nup37,26.89099,25.82216,25.66923,25.82216,24.29831,24.56987,24.04385,24.29831
Spin1,24.28588,24.55315,23.79759,24.28588,26.77605,26.66696,26.84936,26.77605
Ttc3,23.35205,20.70573,21.7086,21.7086,25.16166,25.1303,24.81856,25.1303
Cpsf3,26.26996,25.63824,25.68148,25.68148,25.13352,25.43781,24.76218,25.13352
Sardh,27.09969,26.17665,25.83839,26.17665,18.10983,20.53374,18.89608,18.89608
Nhp2l1,28.49247,27.18584,27.2316,27.2316,28.03276,28.56315,27.87888,28.03276
Minpp1,24.24205,21.59076,20.66908,21.59076,24.46899,24.74227,22.94714,24.46899
Tmed9,29.04557,28.51217,28.27826,28.51217,28.13085,28.29855,28.03727,28.13085
Mtss1,26.7107,25.81817,25.43314,25.81817,24.67309,24.39643,24.42579,24.42579
Tph2,17.53382,,,17.53382,,17.1332,,17.1332
Porcn,,,,,25.02077,25.3676,24.74026,25.02077
Tmcc2,22.82617,20.70734,19.58428,20.70734,23.91998,23.56139,23.06181,23.56139
Hid1,23.96798,23.13265,22.89776,23.13265,24.91948,24.96468,24.24887,24.91948
Gspt2,24.04602,23.60614,23.53445,23.60614,24.89282,24.67422,23.34841,24.67422
Ankrd46,27.40129,26.04268,24.20262,26.04268,26.6443,26.60003,26.33538,26.60003
Map2k7,21.73727,19.50593,22.5503,21.73727,23.44101,23.23501,23.44278,23.44101
Cntnap4,,18.37496,18.6241,18.49953,22.22515,22.4094,22.28193,22.28193
Tbc1d13,26.57644,25.66807,25.66945,25.66945,25.5899,25.91757,25.34015,25.5899
Gale,24.79571,24.07822,23.57612,24.07822,24.49808,24.29116,24.27831,24.29116
Vars2,24.90582,23.59628,23.36145,23.59628,22.92991,22.86699,22.2951,22.86699
Vldlr,23.04918,21.9612,21.96821,21.96821,24.14787,24.09997,23.49717,24.09997
Zfyve9,23.38495,21.77579,21.0952,21.77579,23.01403,23.18988,22.83337,23.01403
Pcdhgc5,21.76357,19.95205,19.7188,19.95205,20.90954,20.17658,19.4246,20.17658
Mark4,19.52175,20.75483,20.11642,20.11642,24.76091,24.8491,24.33804,24.76091
Fam136a,27.33994,25.94139,26.73312,26.73312,26.94971,27.06846,26.42541,26.94971
Nlgn1,20.37231,20.81253,17.18224,20.37231,22.91692,22.70944,22.08677,22.70944
Opa3,25.3507,24.64141,26.17655,25.3507,26.40111,26.32181,25.69692,26.32181
Dad1,26.59747,22.90307,26.03798,26.03798,26.24947,27.43936,26.22861,26.24947
Ubap2,25.71117,24.89786,24.43879,24.89786,24.12353,24.04469,23.99619,24.04469
Tbc1d9b,26.27147,25.85108,25.42153,25.85108,23.48161,23.61336,22.57462,23.48161
Zmat2,25.69755,25.90224,26.35163,25.90224,24.18775,23.94494,24.31077,24.18775
Mta3,24.32526,23.04763,22.14255,23.04763,24.26807,24.09965,24.18003,24.18003
Agfg2,26.57264,25.39924,26.05026,26.05026,23.9331,23.83904,23.01492,23.83904
Hcfc2,22.20234,20.49512,21.28996,21.28996,22.17795,21.95971,23.43301,22.17795
Pygl,26.25996,24.42573,24.75756,24.75756,25.2394,25.4248,24.85239,25.2394
F3,26.68913,25.48456,24.77032,25.48456,23.14714,21.86869,21.06197,21.86869
Upf3b,25.7052,24.90866,24.98911,24.98911,24.44506,23.69275,23.61818,23.69275
Trip11,25.65535,24.97579,24.63843,24.97579,22.11308,22.57057,21.97691,22.11308
Vhl,26.51462,26.44963,26.45693,26.45693,26.66343,25.26148,26.19779,26.19779
Limk1,,18.78513,,18.78513,23.41931,23.0931,22.12348,23.0931
Cmtm5,,,,,,,,
Bcat2,26.8197,26.74778,26.34183,26.74778,24.7759,24.80961,24.44107,24.7759
Nanp,25.0451,24.42291,23.59434,24.42291,25.47147,25.65597,25.01967,25.47147
Gabra4,21.09281,,18.60989,19.85135,18.90045,19.38661,19.55927,19.38661
Wapal,24.1967,23.40028,23.15928,23.40028,21.47996,21.66904,22.06161,21.66904
Bcas2,26.60173,26.57048,25.79526,26.57048,26.82566,26.45345,26.42702,26.45345
Kit,20.41566,19.08192,19.52074,19.52074,24.70081,24.8291,24.34279,24.70081
Rnf141,24.77122,23.35568,24.12037,24.12037,23.56256,23.80243,24.18336,23.80243
Smpd3,18.60899,23.48812,22.8792,22.8792,26.5979,26.37809,25.73314,26.37809
Ganc,26.69471,25.29211,25.88553,25.88553,20.78397,17.2379,20.92296,20.78397
5730455P16Rik,25.8968,25.78718,25.25868,25.78718,24.99787,24.92583,24.77384,24.92583
Mrps10,25.92631,25.405,26.08406,25.92631,26.54086,26.76053,26.39594,26.54086
Mars2,24.86259,23.80813,23.86806,23.86806,24.82731,25.158,24.1191,24.82731
S100a10,30.51041,28.48462,29.76992,29.76992,24.48198,24.46133,20.67237,24.46133
Ppp1r16b,,18.15704,20.35638,19.25671,17.23323,15.5849,16.31681,16.31681
Rgs7bp,,22.51266,23.14087,22.826765,25.07218,25.259,24.09241,25.07218
Kif3c,21.0045,20.72941,20.52755,20.72941,22.59719,22.70531,21.51441,22.59719
,26.45599,25.40419,26.06326,26.06326,26.56869,26.77969,26.41418,26.56869
Aplp1,,19.95589,19.97379,19.96484,24.12029,24.58084,24.23623,24.23623
Prorsd1,27.47166,26.19779,26.27014,26.27014,22.6907,22.0033,20.77201,22.0033
Stambp,24.71051,24.88837,25.15468,24.88837,25.34293,25.55004,25.48873,25.48873
Cpsf2,24.87821,24.32244,24.59069,24.59069,24.22118,24.83639,24.29873,24.29873
Pbrm1,24.56092,23.66481,23.77264,23.77264,24.77163,24.65726,24.29292,24.65726
Stx4,28.76322,27.80255,28.09331,28.09331,19.90073,22.75593,20.59614,20.59614
Slc4a8,21.26115,21.8977,18.47718,21.26115,24.26592,23.91607,23.01531,23.91607
Lzts3,21.51826,19.67428,19.01501,19.67428,,,,
Ptrhd1,21.3308,,22.58291,21.956855,23.92769,25.46871,23.92949,23.92949
Mdga2,21.84698,19.80686,19.09545,19.80686,23.29558,22.51771,22.85654,22.85654
Fam65a,24.48953,22.9935,23.01274,23.01274,24.63395,24.71931,24.10909,24.63395
Cnot3,26.68459,25.79221,26.58391,26.58391,26.21069,25.49866,24.4567,25.49866
Nudt16l1,25.25425,24.95544,24.8768,24.95544,26.60215,26.22903,26.03748,26.22903
Ppip5k1,22.28008,21.55042,20.37103,21.55042,21.58806,21.98694,21.46129,21.58806
Kif13b,26.07419,24.75537,24.73293,24.75537,22.21267,21.89456,21.65417,21.89456
Rab8b,26.72715,27.05714,27.12682,27.05714,27.01712,26.70094,26.78107,26.78107
Akap1,24.72749,22.76872,22.72773,22.76872,23.97719,23.49179,23.74684,23.74684
Pcdh9,18.31469,17.47318,20.09378,18.31469,23.08654,22.95865,22.22128,22.95865
Dcun1d2,24.63589,24.31762,24.19197,24.31762,24.48849,24.15143,23.79521,24.15143
Daglb,23.03569,21.50077,22.04727,22.04727,22.63032,22.79796,22.44695,22.63032
Mettl7a1,29.36938,28.85424,28.90173,28.90173,22.19102,23.19734,21.92031,22.19102
Gnal,,,,,24.53558,24.58084,23.69732,24.53558
Spon1,26.25933,25.32684,24.89823,25.32684,20.95326,20.4959,21.77812,20.95326
Rnf31,22.7914,21.37555,22.2604,22.2604,22.37883,21.95851,21.50057,21.95851
Adck1,26.51268,24.65693,25.16607,25.16607,25.07137,25.21708,24.1747,25.07137
Mrps24,21.71908,24.44323,23.5128,23.5128,25.58583,26.05968,25.39156,25.58583
Rab33a,23.79323,23.62277,21.55023,23.62277,27.55494,27.54399,27.08152,27.54399
Trpc4ap,23.17629,21.45393,21.00984,21.45393,22.36378,21.47551,22.22706,22.22706
Pnmal2,23.35542,24.41648,21.57838,23.35542,25.74386,25.77203,25.26953,25.74386
Dr1,27.32199,27.18158,26.92343,27.18158,21.96934,24.47475,23.83923,23.83923
Fat2,19.20977,21.98012,20.41338,20.41338,18.45258,18.41712,19.09674,18.45258
Adck3,24.54981,24.83128,22.81501,24.54981,20.88174,17.17758,23.19426,20.88174
Anxa4,29.67467,29.16739,29.12996,29.16739,25.69246,25.42762,25.07386,25.42762
Plekha6,22.65665,20.089,,21.372825,19.59896,19.01004,20.0961,19.59896
Cdk5rap3,25.50854,25.15634,24.7201,25.15634,22.82268,22.4491,21.83356,22.4491
Scg5,22.97165,24.52618,22.43878,22.97165,26.58907,26.37541,25.81274,26.37541
Plekhd1,20.041,,19.19595,19.618475,,,19.39831,19.39831
Pdlim1,30.9067,30.3103,29.89594,30.3103,19.33976,20.04193,19.29298,19.33976
Pcm1,25.18824,24.19415,24.06489,24.19415,22.11165,22.36271,21.83565,22.11165
Inpp5f,24.98403,24.03616,24.01521,24.03616,23.31672,23.41944,23.19921,23.31672
Tfcp2,24.95912,25.47664,25.04327,25.04327,24.82221,25.06089,24.9581,24.9581
Mbp,22.1107,,,22.1107,23.15054,22.93307,22.92232,22.93307
Nup160,25.49381,24.70324,24.38574,24.70324,25.36643,25.57317,24.76991,25.36643
Stk11,24.77465,23.71973,25.16668,24.77465,25.19269,25.40912,24.89092,25.19269
Tns3,27.43738,26.71135,26.61807,26.71135,22.38998,22.82485,20.74796,22.38998
Slc12a4,26.73376,25.62282,26.18833,26.18833,21.81335,21.69383,21.24039,21.69383
Arl15,23.19634,22.35162,23.84929,23.19634,27.056,27.48147,27.40211,27.40211
Pik3ca,25.3476,25.03187,25.52534,25.3476,24.86627,24.75771,24.2446,24.75771
Cog3,25.37116,24.84714,24.35367,24.84714,24.76966,24.81592,24.46039,24.76966
Plekha1,20.83376,20.39037,20.31352,20.39037,22.45821,22.69368,21.79479,22.45821
Impad1,27.76762,26.79079,26.65799,26.79079,26.50767,26.61541,25.80198,26.50767
Ids,21.86159,22.13709,24.64834,22.13709,24.68175,25.06899,23.75205,24.68175
Idi1,25.54901,24.60116,23.43212,24.60116,25.75251,25.51806,25.05441,25.51806
Pwp1,23.68485,24.34069,23.75532,23.75532,25.5899,25.77394,25.09619,25.5899
Cmip,23.32924,23.87577,22.58383,23.32924,26.3255,26.21928,25.87497,26.21928
Nrp1,24.66286,23.5093,23.62767,23.62767,26.23952,25.88136,25.86957,25.88136
Prpf4b,25.53816,24.3434,24.67152,24.67152,25.6937,25.33596,25.13022,25.33596
Cox15,26.1141,24.64636,24.06669,24.64636,23.93805,24.79189,23.68774,23.93805
Cab39l,25.04673,23.58348,24.41422,24.41422,22.93618,21.56844,21.19274,21.56844
Isca1;AK157302,26.87561,26.74753,26.21998,26.74753,26.54276,26.59861,26.30297,26.54276
Rbm17,26.32493,26.65403,26.32493,26.32493,25.69726,25.46445,25.46451,25.46451
Asph,27.61091,26.89712,26.18845,26.89712,24.13367,24.00359,22.84709,24.00359
Ubxn7,27.38344,26.20382,26.47951,26.47951,25.62416,25.56735,25.33163,25.56735
Fads1,26.62603,26.57425,25.81034,26.57425,26.63644,26.40332,25.92694,26.40332
Cd47,21.47328,21.89249,19.39887,21.47328,25.36676,25.04268,24.41177,25.04268
Fbxo22,26.28759,24.72713,25.94657,25.94657,25.6936,26.07218,25.70512,25.70512
Syt17,,,,,17.00141,16.3452,15.60458,16.3452
Ankrd17,25.56935,24.038,24.0035,24.038,23.53433,23.84134,22.87271,23.53433
Vamp7,25.02094,25.09933,25.37935,25.09933,26.89064,26.56767,25.96607,26.56767
Actn4,23.93876,22.841,21.31374,22.841,25.82121,25.58044,25.0549,25.58044
Commd5,26.06254,25.5397,25.80867,25.80867,26.09299,26.05494,25.50561,26.05494
Slc7a8,21.78497,,,21.78497,15.96977,16.14722,16.92381,16.14722
Cog6,25.26853,24.79248,23.6796,24.79248,25.20426,25.08837,24.68923,25.08837
Baiap2,17.39113,,,17.39113,19.40978,20.24016,20.25638,20.24016
Gpt2,27.16077,26.77693,26.45455,26.77693,26.34846,25.81919,25.57309,25.81919
Ash2l,26.22181,25.54931,25.46017,25.54931,24.73954,24.25364,24.158,24.25364
Chmp3,27.9279,26.81873,27.00464,27.00464,26.6327,26.79476,26.9198,26.79476
Cacng3,19.65831,,23.30577,21.48204,22.27977,,19.16693,20.72335
Abl2,24.56587,23.5715,23.02325,23.5715,24.55356,24.56232,24.08245,24.55356
Wdr20,23.48296,24.42924,22.60975,23.48296,25.10562,24.79049,24.38627,24.79049
Trappc13,25.07133,24.90926,23.32182,24.90926,25.29765,25.26256,25.52058,25.29765
C2cd4cC2CD4 family,,,,,24.23498,24.54191,23.89152,24.23498
Fam134a,25.49259,23.0826,23.33211,23.33211,24.38864,24.7366,23.89689,24.38864
Fam160a2,22.07333,21.9455,21.42634,21.9455,23.19907,23.54014,23.48554,23.48554
Stard10,28.0437,27.25467,27.50711,27.50711,23.60184,24.02749,23.49351,23.60184
9/15/2015 0:00,28.10415,25.77957,26.69737,26.69737,26.65185,26.09281,23.75695,26.09281
Nubpl,27.75022,26.13252,26.15027,26.15027,25.31251,24.81631,24.4902,24.81631
Guf1,24.66649,23.03386,23.19058,23.19058,24.8846,24.25241,23.57369,24.25241
Kcnd3,22.37753,21.26253,22.50104,22.37753,23.91369,24.28898,23.83961,23.91369
Babam1,27.3736,25.60433,25.87399,25.87399,24.59622,24.24547,24.67901,24.59622
Ppp1r12b,25.8602,24.58612,24.84129,24.84129,21.70982,21.3024,21.18936,21.3024
Arid1a,25.4084,24.66947,23.85861,24.66947,24.3132,23.86032,24.13766,24.13766
Abcf3,26.59335,25.45554,25.44843,25.45554,24.77575,24.12226,23.84451,24.12226
Wdr6,24.82556,24.53273,24.36192,24.53273,25.80912,25.915,24.90857,25.80912
Ccdc91,26.78007,25.48053,25.1266,25.48053,24.05928,22.99424,22.89527,22.99424
Gba2,21.40161,21.9561,21.74694,21.74694,25.38729,26.05053,25.46644,25.46644
Ehmt2,22.4879,21.26373,22.23102,22.23102,23.76911,23.74673,23.12802,23.74673
Ankrd13d,22.37284,22.00388,21.90492,22.00388,24.29011,24.14079,23.57957,24.14079
Mef2c,24.36085,20.57967,22.94006,22.94006,25.97257,25.63788,24.93818,25.63788
Irak4,25.2754,23.71639,24.17615,24.17615,24.65971,18.3679,,21.513805
AW551984,20.23269,16.3291,18.4614,18.4614,24.62795,24.01759,24.10893,24.10893
Hmgb2,29.96623,29.78021,30.24875,29.96623,27.98691,27.81397,27.63672,27.81397
Dgkq,22.74995,20.84406,21.90209,21.90209,21.8464,22.38777,21.42783,21.8464
Tars2,25.66112,24.22773,24.47933,24.47933,23.36159,23.07372,23.17969,23.17969
Mtif2,25.80558,24.92542,24.04968,24.92542,24.14973,24.05747,24.4768,24.14973
Arpc1b,30.22676,29.73544,29.42738,29.73544,23.53029,23.67077,22.42842,23.53029
Pum2,23.88772,24.20389,23.80705,23.88772,25.52701,25.84139,25.467,25.52701
Rars2,25.35847,24.06324,23.96446,24.06324,24.91274,24.81787,24.31036,24.81787
Qrich1,25.49978,25.83815,23.97448,25.49978,25.74016,25.64793,24.88962,25.64793
Tbl1x,27.03842,26.20182,26.10498,26.20182,24.22162,24.30382,24.03448,24.22162
Galc,25.77979,25.69429,24.85424,25.69429,22.84644,23.73511,22.10258,22.84644
Ecel1,17.98426,21.51567,21.48316,21.48316,22.74244,17.50525,17.98008,17.98008
Wbp4,26.04512,24.29495,24.85419,24.85419,23.94208,24.89426,22.47929,23.94208
Ssr1,25.32131,25.96246,25.65933,25.65933,24.97815,26.50549,25.86611,25.86611
Ergic2,23.74786,24.32841,24.20821,24.20821,25.23334,25.32093,25.28708,25.28708
Osbpl10,,16.00486,,16.00486,23.16661,23.53386,23.09329,23.16661
Pelp1,25.29267,23.44291,23.56465,23.56465,26.04421,26.2247,25.79771,26.04421
Dus3l,25.37176,24.82953,24.66357,24.82953,25.98187,26.03781,26.14351,26.03781
Ralyl,20.35078,19.62681,22.35351,20.35078,26.17156,26.22902,25.41918,26.17156
Kcnb1,,,,,18.66011,18.63076,18.24307,18.63076
Camk2n1,,23.46364,22.65018,23.05691,,,23.0222,23.0222
Piezo1,24.04926,23.035,22.11305,23.035,19.33449,20.62676,20.77644,20.62676
Fbxo3,26.2823,26.18463,26.23226,26.23226,26.28658,26.5349,25.94954,26.28658
Lyst,20.89037,19.62035,20.26224,20.26224,22.10229,22.37968,21.85011,22.10229
Abhd14b,28.94257,28.66692,28.35418,28.66692,24.12282,24.19925,22.74714,24.12282
Eif2b5,25.00359,24.78302,24.60789,24.78302,26.0919,26.26476,25.41835,26.0919
Kctd4,,18.36007,19.34466,18.852365,25.1268,25.37865,24.63766,25.1268
Tcof1,27.03706,25.7707,26.48657,26.48657,23.31852,22.8817,23.11548,23.11548
Nsg1,21.28127,,,21.28127,27.6095,27.71738,26.98663,27.6095
Thumpd3,26.16304,25.79357,26.18126,26.16304,24.90706,24.7144,24.37478,24.7144
Mast3,18.80933,21.27287,21.59012,21.27287,21.77692,22.16772,21.4171,21.77692
Rbm12;Gm28036,26.45892,25.63489,25.41148,25.63489,25.68255,26.12745,25.67166,25.68255
Nyap2,,18.19321,18.49005,18.34163,20.41462,20.25176,,20.33319
Sema4d,21.53303,20.52018,21.58578,21.53303,22.18529,21.11452,20.52879,21.11452
Gabra2,22.15817,23.32512,23.0027,23.0027,26.1712,26.27274,25.88483,26.1712
Trrap,23.48038,22.33336,22.5772,22.5772,24.34401,24.16622,23.90921,24.16622
Ispd,22.5479,18.814,20.11426,20.11426,22.88297,23.52492,23.26771,23.26771
Ythdc2,21.13119,19.77754,20.48915,20.48915,23.78157,23.99352,23.32499,23.78157
Poglut1,24.65207,27.17265,24.50652,24.65207,23.4902,28.32178,22.0124,23.4902
Smyd5,22.41767,24.60173,24.34238,24.34238,25.90637,26.03034,25.42461,25.90637
Top3b,24.96018,23.68966,23.90573,23.90573,25.13747,25.15376,24.99848,25.13747
Tcf25,23.75725,25.09475,23.84096,23.84096,23.83335,23.41854,23.78826,23.78826
Slc6a5,21.88163,22.86155,23.35676,22.86155,20.71423,,18.8672,19.790715
Trappc2l,25.62011,24.51177,25.4232,25.4232,26.50403,26.86561,26.52853,26.52853
Naa50,28.07291,27.46443,27.88116,27.88116,26.88716,27.1776,26.94537,26.94537
Smpd2,26.2836,25.58683,25.5844,25.58683,26.84458,27.25539,24.56738,26.84458
Ttpal,22.72138,22.77092,22.0445,22.72138,23.88185,23.59161,23.84316,23.84316
Ophn1,24.697,22.95824,22.5491,22.95824,24.97426,24.93225,24.04277,24.93225
Qrsl1,24.42733,23.25566,22.91057,23.25566,24.35259,24.60445,24.19798,24.35259
Acsl5,23.57785,23.33429,23.7191,23.57785,22.72817,23.34854,22.47388,22.72817
Palm3,21.09262,20.89119,22.06359,21.09262,21.08712,20.68799,20.6206,20.68799
Dcakd,26.87056,26.68646,25.95788,26.68646,28.77112,28.97717,28.85944,28.85944
Dcun1d5,30.94545,29.18601,30.32174,30.32174,23.88874,23.92931,22.65493,23.88874
BC068157,22.4678,19.76453,22.12921,22.12921,24.62428,23.62901,24.11362,24.11362
Fam81a,22.763,22.97313,22.97811,22.97313,,,22.22264,22.22264
Gm2a,31.4178,29.84779,30.17415,30.17415,27.35439,27.43173,26.72117,27.35439
Slc7a5,25.84412,27.12957,26.97301,26.97301,26.72221,26.73789,26.82554,26.73789
Emb,25.55444,24.37219,24.3684,24.37219,22.647,22.76219,22.11356,22.647
Pdcl3,26.9173,25.31872,25.96614,25.96614,24.63898,25.24518,24.70271,24.70271
Arfgap3,27.93157,27.1794,26.82784,27.1794,23.52444,22.90672,25.97091,23.52444
Eefsec,26.45345,26.35913,26.49937,26.45345,25.73549,25.94411,25.57022,25.73549
Egfr,24.26907,24.09756,23.30215,24.09756,23.91588,23.49155,22.83854,23.49155
Ntng2,17.38659,16.44629,27.70866,17.38659,23.25311,23.09772,22.31002,23.09772
Pcdh8,24.48861,24.12234,23.15301,24.12234,24.90944,24.53718,24.68955,24.68955
Dnm1,,,13.01123,13.01123,,,,
Rcc1,27.85875,26.46332,26.68779,26.68779,25.69973,25.8983,26.4444,25.8983
Kndc1,23.27853,21.69226,22.02239,22.02239,21.02689,21.17907,20.67055,21.02689
Adcy3,22.10879,,17.51553,19.81216,21.4156,21.15456,20.58132,21.15456
Kcnip2,22.77906,,,22.77906,21.34592,21.13408,18.72087,21.13408
2610301B20Rik,29.01935,28.17236,28.13853,28.17236,25.34089,25.43549,25.26406,25.34089
Mrpl38,26.90552,25.68998,25.64331,25.68998,25.84316,25.83256,25.62472,25.83256
Nab2,24.39146,23.30952,20.90404,23.30952,22.07532,21.11025,19.52235,21.11025
Rbm22,26.21191,25.16254,25.3304,25.3304,24.45275,24.22545,24.46382,24.45275
Cxx1b,23.22801,20.30997,23.88781,23.22801,25.77158,25.65826,25.45428,25.65826
Fam171b,,17.46036,,17.46036,22.618,22.04663,22.44892,22.44892
Sf3b4,26.4549,26.00723,26.32505,26.32505,22.56681,24.23462,23.43657,23.43657
Frmd8,27.2666,25.84685,26.14874,26.14874,23.08024,23.25566,21.919,23.08024
2310061I04Rik,,19.91657,,19.91657,21.86037,22.43286,21.00237,21.86037
Mkln1,23.49045,23.01204,22.38564,23.01204,23.83932,23.63201,23.04817,23.63201
Snrpd1,29.07327,29.68035,29.77233,29.68035,29.80985,29.58034,29.3106,29.58034
Lats1,28.52627,23.95331,24.13453,24.13453,22.39767,23.25551,23.65556,23.25551
Sec24a,26.7107,25.62497,28.86906,26.7107,24.71623,24.53522,24.63887,24.63887
Naaa,25.45663,24.72172,23.09425,24.72172,24.0421,22.84056,21.70578,22.84056
Rcan1,25.3931,23.24819,24.16997,24.16997,26.17341,26.27457,25.45234,26.17341
Ica1l,,18.48927,16.838,17.663635,23.85386,23.29221,23.88204,23.85386
Tldc1,25.07839,26.73622,24.40035,25.07839,24.88381,24.70715,24.85899,24.85899
Ptprg,24.3267,23.80459,24.00488,24.00488,22.16537,21.73045,22.11258,22.11258
Akt2,26.27455,25.83043,25.6004,25.83043,23.80922,23.72224,23.44101,23.72224
Thnsl2,21.53027,24.53344,24.6049,24.53344,19.32799,19.50034,21.06447,19.50034
Ptpre,20.98106,21.73124,20.7265,20.98106,24.26671,22.98111,23.23241,23.23241
Znf365,,,,,19.43945,19.38072,18.25146,19.38072
Rasgrp2,21.391,,,21.391,26.26835,26.43455,25.96488,26.26835
Rps27a,30.57705,30.02828,29.98644,30.02828,28.95394,30.03577,29.41016,29.41016
Pex5,26.47101,25.54969,25.48173,25.54969,25.34096,25.30553,24.77002,25.30553
Tbc1d7,23.74929,23.63578,24.40106,23.74929,24.39545,24.33122,23.94378,24.33122
Dhx38,24.2459,23.92361,23.26313,23.92361,24.13548,24.20516,23.6608,24.13548
Syne3,24.90394,21.83032,22.55338,22.55338,15.61004,,19.40618,17.50811
BC037034,21.20502,14.54527,,17.875145,24.65633,24.76208,23.9649,24.65633
3/5/2015 0:00,27.32543,25.8099,26.25315,26.25315,27.16528,27.15904,26.9619,27.15904
2810408M09Rik,27.1033,26.24067,25.53433,26.24067,24.83113,25.0518,24.92257,24.92257
Axin1,22.10188,19.18894,23.75979,22.10188,22.25176,,21.81014,22.03095
Myh10,25.18612,24.97954,25.0912,25.0912,24.19513,24.14344,23.87708,24.14344
Sv2c,,,,,22.77892,22.90568,18.03112,22.77892
Fars2,25.81238,24.63123,23.85453,24.63123,24.0242,23.453,23.58749,23.58749
Kif1b,24.09877,23.09267,23.01842,23.09267,23.34191,23.17092,22.66462,23.17092
Iba57,27.43952,25.96902,25.63594,25.96902,26.15996,25.91689,25.55333,25.91689
Csnk1a1,25.40604,25.5443,24.7741,25.40604,27.00314,27.01861,26.50373,27.00314
Lama1,23.93921,22.95223,22.19907,22.95223,18.5806,16.31405,18.77259,18.5806
Rdh11,29.4381,26.14756,26.3605,26.3605,28.32449,28.18631,27.59128,28.18631
Inpp4b,21.4025,19.16698,21.92651,21.4025,21.58495,21.09526,21.22276,21.22276
Fam73a,16.21567,19.9073,15.98043,16.21567,22.6116,21.64672,20.65622,21.64672
Mrrf,28.92686,27.22692,27.19948,27.22692,27.13761,26.60116,26.46365,26.60116
Sptan1,24.98098,23.55204,23.58302,23.58302,22.23824,22.33293,21.65596,22.23824
Chmp1a,28.38792,27.33433,27.17845,27.33433,26.89655,26.60017,26.39051,26.60017
Aldh1l2,28.91804,28.26024,28.37741,28.37741,29.08995,29.01209,28.49255,29.01209
Nudt16,26.96576,26.61372,27.09194,26.96576,25.73982,25.55783,25.1922,25.55783
Bmpr2,23.85243,21.73764,21.05953,21.73764,23.88623,23.5438,23.44443,23.5438
Kpna1,26.37285,25.25775,25.98611,25.98611,25.08128,25.27927,26.01582,25.27927
Dock5,22.92292,21.45839,20.17901,21.45839,19.27987,18.31225,18.73711,18.73711
Sumo1,28.24495,27.14063,27.3982,27.3982,25.74258,25.52286,23.6646,25.52286
Hccs,27.70471,26.39671,26.68378,26.68378,25.92963,26.20749,26.10446,26.10446
Mrpl10,23.43301,23.21168,22.55995,23.21168,25.82082,26.211,24.87173,25.82082
Mrpl4,26.59719,25.75131,25.45692,25.75131,27.00314,26.61737,26.45745,26.61737
Fam96b,28.44466,27.95355,27.78119,27.95355,27.1029,26.83738,26.72104,26.83738
Aamp,25.40847,24.86245,24.78072,24.86245,25.41803,25.00992,24.91921,25.00992
Pgam2,,,,,,,15.13415,15.13415
Cep55,22.21608,,22.79239,22.504235,21.19532,23.72983,22.64884,22.64884
Lphn2,23.14552,22.04233,22.49003,22.49003,24.24989,24.51593,23.58383,24.24989
Gng4,,,,,22.80116,25.03746,23.26471,23.26471
Elp6,24.05441,23.51965,23.12869,23.51965,25.42352,25.56587,25.32086,25.42352
Amdhd2,28.47846,27.66729,27.06476,27.66729,23.6156,21.41694,22.00086,22.00086
Syne2,26.09178,24.49832,25.14332,25.14332,22.65613,22.44096,22.24246,22.44096
Brap,25.05573,23.51725,24.14118,24.14118,24.18556,23.95624,23.30215,23.95624
Macf1,24.65453,24.02597,23.54569,24.02597,20.6428,19.60023,19.59971,19.60023
Lactb2,28.00008,27.93354,28.14492,28.00008,22.59566,21.57473,22.32713,22.32713
Shc3,22.18086,21.98683,21.75617,21.98683,23.49534,23.57831,24.10597,23.57831
Praf2,27.88314,27.68986,27.24273,27.68986,27.69505,27.70464,24.365,27.69505
Lrrc16b,23.38548,24.28058,24.57329,24.28058,23.84498,23.34082,23.28785,23.34082
Arl2bp,27.60908,28.14982,28.14039,28.14039,25.12609,25.68467,24.63909,25.12609
Map3k4,23.54475,21.37433,21.74468,21.74468,22.82544,23.06947,22.58827,22.82544
Hsd11b1,18.02859,,,18.02859,17.18592,,12.55252,14.86922
Ndufaf3,24.78731,24.62578,24.77329,24.77329,26.12822,26.18843,25.38844,26.12822
Txlna,26.25054,25.31188,24.19955,25.31188,24.41867,24.05267,24.12581,24.12581
Dpm1,28.3109,27.03055,26.51629,27.03055,27.02168,27.05992,26.34289,27.02168
,,,,,22.69215,18.54461,,20.61838
Myadm,28.75417,27.89273,27.84984,27.89273,24.46669,25.15016,24.584,24.584
Alpk1,22.58309,21.40317,21.97194,21.97194,20.94514,19.96014,18.0395,19.96014
Samd4b,25.35814,23.94208,24.18526,24.18526,24.71492,24.47587,23.7678,24.47587
Chchd4,29.25928,28.25151,27.82772,28.25151,27.26687,27.48393,26.91513,27.26687
Wdr45b,25.85975,26.12082,25.99811,25.99811,26.53697,26.45908,25.58537,26.45908
Csmd2,17.07734,17.65459,19.20929,17.65459,20.25396,20.30563,19.72157,20.25396
Ccdc51,25.04402,25.02576,24.61291,25.02576,24.97605,24.66888,24.16668,24.66888
Sdf2,28.01515,27.26732,27.11971,27.26732,27.3621,26.66438,26.46821,26.66438
Rpp14,,21.33293,,21.33293,21.16036,22.80609,22.2438,22.2438
Gng7,,23.01127,23.68785,23.34956,23.36212,23.95624,21.22205,23.36212
Arhgef6,23.30341,23.00321,22.8336,23.00321,21.00354,20.68209,20.50911,20.68209
Sephs2,24.45287,23.02503,24.33858,24.33858,24.17455,24.37152,24.37318,24.37152
Cnot10,25.70986,23.32512,24.01214,24.01214,25.05681,24.84379,24.04427,24.84379
Scfd2,25.37172,24.44752,23.98763,24.44752,24.36953,24.81039,24.74165,24.74165
Oxsm,27.4592,26.22166,25.71379,26.22166,23.11612,24.28207,24.20038,24.20038
Mertk,23.03243,21.56281,21.53773,21.56281,22.50618,19.19943,17.47738,19.19943
Zcchc17,23.53694,22.77209,22.00758,22.77209,23.45073,23.30647,23.18713,23.30647
Lrrc8b,23.53101,21.87399,21.95408,21.95408,25.04893,25.32615,24.44569,25.04893
Ttbk1,16.90513,,,16.90513,22.22276,21.4917,21.4493,21.4917
Sec23b,28.06795,27.26015,27.16289,27.26015,24.22634,24.55573,24.36152,24.36152
Smek1,25.87687,25.07243,24.6903,25.07243,24.84043,24.76501,24.33851,24.76501
Vps37c,27.4086,25.5581,25.07676,25.5581,25.32107,25.36343,25.31257,25.32107
Rapgef1,25.19035,24.01487,23.53635,24.01487,24.50954,24.45801,23.34055,24.45801
Rpl35;Gm10269,29.73138,30.2544,29.91883,29.91883,30.28129,30.5376,30.08967,30.28129
Cog5,26.27553,24.61431,24.66384,24.66384,24.63023,24.71051,25.18952,24.71051
Gm10094;Sap18,26.11444,24.68945,25.72708,25.72708,26.26048,25.97717,25.66812,25.97717
Kank4,24.90848,23.96631,23.77636,23.96631,,,,
Nhsl2,17.33447,,,17.33447,18.92605,,18.26385,18.59495
Araf,25.53694,24.87145,24.69126,24.87145,25.04272,25.30907,24.58578,25.04272
Adcy1,20.38184,19.65866,18.6972,19.65866,23.70694,24.01223,22.68955,23.70694
Stxbp6,27.4419,26.5093,25.50115,26.5093,23.8261,23.24211,24.67498,23.8261
Upf2,25.01567,24.42579,24.33811,24.42579,25.11648,25.07259,25.44174,25.11648
Adam10,27.87918,27.17255,27.29176,27.29176,25.45917,25.55163,25.2781,25.45917
,24.36473,21.0474,20.16521,21.0474,23.14113,21.79134,20.57099,21.79134
Dmwd,21.54175,19.64257,21.23602,21.23602,23.95677,24.83827,23.22985,23.95677
Nsg2,,,,,28.05765,27.61835,27.73712,27.73712
Ccdc85c,23.23596,24.86358,21.55679,23.23596,21.44334,21.3705,21.01488,21.3705
Plekhm2,23.67681,22.89948,22.63183,22.89948,22.40047,23.01163,21.35612,22.40047
Ano10,27.46225,26.17819,26.67303,26.67303,24.77319,24.4346,24.57317,24.57317
Gar1,26.49293,27.12534,26.88797,26.88797,26.32323,27.56652,27.54008,27.54008
Tsc22d1,26.07625,24.78776,24.64521,24.78776,25.32224,25.81426,24.40652,25.32224
Ksr2,,,20.5172,20.5172,22.05192,22.35448,22.01103,22.05192
Kcnip3,22.30877,,,22.30877,18.84779,20.80168,,19.824735
Ipcef1,21.60991,17.96217,,19.78604,23.17243,21.87545,21.56351,21.87545
Lias,25.50906,25.74448,25.77854,25.74448,24.85024,24.51376,23.42316,24.51376
Slc25a27,21.59601,20.89682,20.7314,20.89682,25.98516,25.66384,25.46351,25.66384
Serpini1,20.8108,,22.01015,21.410475,24.51563,24.31181,24.77032,24.51563
Tmpo,29.35909,29.19929,29.08332,29.19929,26.01897,25.40201,26.12252,26.01897
Lyn,25.96532,24.92511,25.3201,25.3201,21.50179,21.27446,20.81847,21.27446
Celsr2,22.83873,21.11642,20.2885,21.11642,21.98999,21.59969,21.89855,21.89855
Nrcam,24.62561,22.10575,23.99162,23.99162,,18.07164,,18.07164
Iglon5,22.25139,21.42352,20.97218,21.42352,25.81069,25.93375,26.19509,25.93375
Adpgk,26.59363,26.31583,26.07014,26.31583,26.12404,26.18845,25.83468,26.12404
Bag2,26.95249,26.46663,26.99442,26.95249,26.32872,26.20818,25.71256,26.20818
Ppp1r13b,23.19093,21.31777,21.22235,21.31777,20.91867,21.22853,20.45111,20.91867
Parn,27.23206,26.22418,26.37237,26.37237,24.14219,23.78676,23.76729,23.78676
Mtus2,23.35219,18.95126,,21.151725,23.16886,23.96049,22.82767,23.16886
Fdxr,27.49427,26.33129,25.79749,26.33129,26.5226,26.71502,25.8393,26.5226
Elac2,24.84014,24.58658,24.54957,24.58658,24.0089,24.04735,23.34069,24.0089
Frrs1l,19.04338,,20.83931,19.941345,23.44278,25.09245,24.22634,24.22634
Chkb,26.01044,25.5597,24.79719,25.5597,25.27927,25.08898,25.07263,25.08898
Dgkd,26.5809,18.10267,21.50359,21.50359,22.40647,22.2478,22.03855,22.2478
Astn2,22.81665,22.10971,19.55669,22.10971,21.07848,21.84583,21.99628,21.84583
Actl6a,27.72455,27.49686,27.54481,27.54481,25.7709,25.27021,25.62514,25.62514
Clcn3,23.43657,23.07204,23.49314,23.43657,25.38805,25.57297,24.91771,25.38805
Acp6,29.32999,28.00185,27.8804,28.00185,24.86424,24.79084,23.81333,24.79084
Ppp1r8,27.03601,25.85172,25.92918,25.92918,26.35552,26.47503,26.18901,26.35552
Myo9a,21.68299,22.80284,21.96663,21.96663,22.35437,21.48876,21.39147,21.48876
Snx14,23.53291,22.20869,22.20979,22.20979,22.60365,22.84401,22.70068,22.70068
Rufy1,26.27556,24.97893,25.51815,25.51815,22.04833,23.70293,22.20819,22.20819
Ube3b,23.2887,21.83043,21.34916,21.83043,23.66351,22.77884,21.63524,22.77884
Cog7,25.59582,24.6299,23.4805,24.6299,25.0783,25.05672,25.03351,25.05672
Chtop,28.94187,27.7198,28.17479,28.17479,26.18994,25.88744,25.92567,25.92567
Ppox,27.96416,26.54345,26.28399,26.54345,25.29278,25.3892,25.45243,25.3892
Kcnj4,,,,,20.70278,20.8472,20.9281,20.8472
Serac1,22.12502,21.23275,22.29401,22.12502,23.9061,22.09629,22.13834,22.13834
Bai2,20.31981,19.13896,17.63651,19.13896,19.44221,19.91485,19.34739,19.44221
Trappc1,24.81783,25.42739,25.82014,25.42739,26.18652,25.72874,25.86152,25.86152
Nup54,26.74188,26.49264,26.04841,26.49264,24.84671,24.19641,24.27519,24.27519
Poldip3,27.21317,26.3556,26.15093,26.3556,25.02437,24.91593,25.07259,25.02437
Galns,26.76762,27.59178,27.29623,27.29623,23.78826,20.83969,21.00175,21.00175
Ptpn4,,,16.98203,16.98203,21.00546,21.09487,21.00806,21.00806
Lman2l,22.64941,21.86011,23.14776,22.64941,26.11245,26.24091,25.4759,26.11245
Fmo5,24.14631,23.18624,23.57796,23.57796,19.56466,18.20691,19.6942,19.56466
Rad23a,27.8381,25.78918,25.5,25.78918,24.02968,22.33582,23.07847,23.07847
Preb,27.58025,26.98446,27.20574,27.20574,26.53224,26.36593,26.34957,26.36593
Cbs,25.66172,25.36623,24.81602,25.36623,24.72239,24.33634,24.1563,24.33634
Smarcal1,23.98746,22.90802,23.05747,23.05747,23.76648,24.25133,23.24296,23.76648
Nsmf,21.14967,18.98248,,20.066075,20.17755,22.49631,21.86321,21.86321
Tmcc1,23.89023,23.41635,24.23754,23.89023,23.50203,23.71146,23.01431,23.50203
Irf2bpl,26.79464,26.40801,25.93699,26.40801,24.59736,25.02268,24.74057,24.74057
Hddc2,25.88558,25.32316,25.9623,25.88558,26.29498,25.50149,25.15866,25.50149
Sdf2l1,28.61418,28.85165,28.72936,28.72936,25.05701,25.16787,24.6678,25.05701
Snx9,28.10824,26.62965,26.74945,26.74945,19.74121,21.33593,19.19825,19.74121
Srrm1,25.60563,25.65843,25.31965,25.60563,24.30841,24.1925,24.37518,24.30841
Klhl6,23.96235,22.94319,23.27042,23.27042,22.71798,23.04577,22.74024,22.74024
,27.11486,25.73725,25.3767,25.73725,20.34516,23.46339,22.3002,22.3002
Mob1a,28.91425,27.57751,27.92728,27.92728,25.2267,24.61835,25.00174,25.00174
Sdhaf2,24.06874,23.36386,22.65884,23.36386,23.73583,23.37677,23.55579,23.55579
Rabepk,25.67044,25.0842,24.43574,25.0842,25.78995,25.60034,25.70314,25.70314
Epg5,22.24272,19.98259,21.19514,21.19514,20.91174,20.71398,21.18047,20.91174
Cecr5,26.55628,24.86486,25.25155,25.25155,23.98146,23.56953,24.06874,23.98146
Ipo13,24.60354,22.66034,23.06947,23.06947,22.88407,23.18994,23.19629,23.18994
Rbm10,22.20652,21.89855,21.54877,21.89855,21.50969,21.29424,21.69838,21.50969
Dctn6,24.97022,25.92109,25.60198,25.60198,27.63187,27.33705,27.64691,27.63187
Ikbkb,25.81377,25.03498,24.2875,25.03498,24.38818,24.79362,22.71368,24.38818
Nptx2,16.16267,16.22474,,16.193705,20.66544,22.38545,19.98774,20.66544
S1pr1,22.81847,23.40002,,23.109245,,,,
Rtn4ip1,25.5338,23.67476,22.88562,23.67476,24.87797,25.1332,24.38344,24.87797
Mri1,27.39624,26.80292,26.24567,26.80292,24.82138,24.7601,24.6988,24.7601
Ccp110,20.49277,,19.1693,19.831035,19.98593,20.42767,18.87807,19.98593
Mrps35,26.04454,25.6487,25.98713,25.98713,26.76648,26.73544,25.83598,26.73544
Csmd1,26.14959,25.33729,25.80425,25.80425,22.38835,21.62114,21.07979,21.62114
Rab33b,26.37948,23.57877,23.68742,23.68742,26.31783,25.46304,25.38561,25.46304
Smpdl3a,27.00056,26.14266,25.32038,26.14266,21.26184,21.68016,21.05411,21.26184
Fen1,30.16279,28.32779,29.42992,29.42992,25.66804,25.70925,25.56334,25.66804
Slc30a1,26.68057,25.37132,25.47917,25.47917,24.66058,25.11112,23.86571,24.66058
Fam73b,23.00395,23.25093,23.02859,23.02859,22.43135,23.04509,21.73331,22.43135
Wibg,28.49595,26.96047,27.40145,27.40145,22.64603,21.67202,22.69922,22.64603
Snrpb2,27.51878,26.26717,26.83714,26.83714,26.17879,25.93073,25.77485,25.93073
Scaf8,24.10029,23.36132,22.94603,23.36132,24.67314,24.72505,24.60162,24.67314
Dclk1,,,,,23.79501,24.95925,24.79243,24.79243
Rtkn,24.83369,22.2843,21.47135,22.2843,22.60858,,17.86212,20.23535
Chl1,20.52707,20.36303,20.11121,20.36303,,,,
Pcif1,25.91011,25.19689,25.46201,25.46201,25.45951,25.32961,24.9252,25.32961
Rragb,27.31734,27.30374,26.45587,27.30374,27.18092,26.96422,26.55862,26.96422
Nlrx1,26.77744,25.6845,25.60023,25.6845,21.9668,22.91809,20.54585,21.9668
Khdrbs2,,21.00251,,21.00251,24.58532,24.1418,23.61964,24.1418
Rassf2,27.04781,25.92884,25.86238,25.92884,25.22854,25.32248,24.72863,25.22854
Cenpf,23.56721,22.69621,23.54062,23.54062,,17.9659,19.81866,18.89228
Surf1,27.67256,26.92694,26.50402,26.92694,25.66671,25.49659,25.42848,25.49659
Cyth1,22.74933,21.47936,20.52965,21.47936,23.81939,24.51593,24.40328,24.40328
Thsd7a,21.36762,19.86603,17.84543,19.86603,22.11661,22.62502,22.44283,22.44283
Garnl3,19.95901,19.46112,18.93163,19.46112,22.47328,22.91964,23.01153,22.91964
Zfyve19,25.44076,24.25039,23.57508,24.25039,21.49258,22.62925,17.72454,21.49258
Sdsl,27.358,26.6807,26.63962,26.6807,19.39108,17.43111,19.2919,19.2919
Rictor,23.5998,22.87843,22.60673,22.87843,21.21199,21.49243,21.88562,21.49243
Chgb,18.27867,17.01073,19.3001,18.27867,22.83214,22.17032,21.85502,22.17032
Myo5b,,22.5584,15.40956,18.98398,22.73084,22.88502,21.08472,22.73084
Mpdu1,28.45038,26.80649,27.25683,27.25683,28.97681,28.9553,27.85555,28.9553
Aamdc,27.55406,26.30833,27.09989,27.09989,23.62008,23.38495,22.97886,23.38495
Mrps18b,26.87713,26.29798,26.36561,26.36561,25.69208,25.0118,25.26446,25.26446
Cav1,29.5896,28.90816,29.12213,29.12213,20.5696,21.43135,21.38937,21.38937
Ubr2,24.08416,24.39963,24.4008,24.39963,24.12849,24.40613,23.80144,24.12849
Mrps17,27.61779,24.9852,26.82723,26.82723,28.10974,28.36319,27.85228,28.10974
Mrpl15,27.47205,26.1844,25.85524,26.1844,26.86136,26.97902,26.59178,26.86136
Hace1,18.18282,18.55817,,18.370495,22.10322,21.86397,21.82295,21.86397
Gabrb1,,,,,22.93251,22.80516,22.3199,22.80516
Spast,24.32992,23.57669,23.97272,23.97272,24.40536,23.95651,24.22612,24.22612
Lrrtm1,17.55869,22.7913,23.5518,22.7913,20.43155,21.40072,20.01985,20.43155
Wdr5,27.21197,26.71004,27.08071,27.08071,26.99992,26.88728,26.13512,26.88728
Lsm8,27.27435,26.98913,26.55668,26.98913,27.01818,26.06729,26.01557,26.06729
Vasp,28.28154,27.4903,27.64396,27.64396,26.39251,26.62199,26.46837,26.46837
Fau,32.50708,32.10262,32.69461,32.50708,28.9426,28.55175,28.12278,28.55175
Mrps16,26.52625,25.01031,25.25148,25.25148,26.94503,26.82748,26.76383,26.82748
Ppil1,28.09748,27.60548,27.42101,27.60548,27.2359,27.80286,27.41062,27.41062
Zc3h18,25.57747,24.75797,24.79099,24.79099,23.93121,23.7082,24.06168,23.93121
Coil,23.5291,22.31144,21.64917,22.31144,25.15919,24.92334,24.14024,24.92334
Ntmt1,26.22709,24.35575,24.61919,24.61919,26.73673,25.8387,25.30946,25.8387
Naa20,26.24989,26.22999,26.08351,26.22999,25.37617,25.04256,24.72495,25.04256
Ctsz,30.09358,29.63549,29.26582,29.63549,23.3806,21.42003,23.3889,23.3806
Lsm5,30.52141,26.80464,29.07847,29.07847,26.45905,20.29614,25.23334,25.23334
,26.11736,24.76749,24.46967,24.76749,25.00312,25.3395,23.91771,25.00312
Rbm6,24.0071,23.70778,23.99878,23.99878,23.16748,22.72869,22.656,22.72869
Ogt,24.33974,22.42275,22.98964,22.98964,24.10117,24.47209,23.53291,24.10117
Ano6,27.08304,26.50322,26.19114,26.50322,23.84057,23.53291,22.56339,23.53291
Ankrd29,24.60088,23.44973,23.13247,23.44973,,18.44992,16.73582,17.59287
Cpeb2,17.44014,20.23585,,18.837995,21.91013,21.73384,20.69702,21.73384
Mic1,26.50611,25.04781,25.37368,25.37368,25.66744,25.56529,24.95078,25.56529
Epb41l5,26.78282,25.96877,25.96598,25.96877,23.95349,23.50227,22.61791,23.50227
Pcdh10,24.08245,23.06103,23.46588,23.46588,22.82446,22.80408,23.48013,22.82446
Lyrm4,27.63644,25.84309,25.68712,25.84309,26.28583,26.72884,26.886,26.72884
Fam184a,20.14046,20.73347,19.97029,20.14046,20.3829,18.78206,19.29197,19.29197
Enpp1,23.13471,20.79891,20.61558,20.79891,17.34802,16.88524,,17.11663
Prpf38a,25.77387,25.614,25.70065,25.70065,26.02403,26.61793,26.18497,26.18497
Mocs3,24.53231,24.00855,25.72679,24.53231,25.23008,25.52764,24.89328,25.23008
Susd2,,19.8954,,19.8954,17.47223,17.57725,,17.52474
Tmem263,27.99986,27.78481,27.72468,27.78481,25.59676,25.51147,23.45726,25.51147
Anks1a;Anks1,24.9242,24.03649,24.28461,24.28461,23.8102,23.49253,22.77487,23.49253
Erap1,27.24245,25.66538,25.70572,25.70572,22.85363,22.05643,21.75585,22.05643
Trpm3,18.1994,16.89,18.88101,18.1994,20.09905,19.91681,19.80436,19.91681
Fam45a,27.31103,26.9354,25.98394,26.9354,26.28217,25.73467,25.18204,25.73467
Apod,27.55947,25.59329,23.74684,25.59329,20.80774,,22.13104,21.46939
Gjc3,,16.84916,,16.84916,,,,
Ptp4a2,26.64678,25.71109,26.49558,26.49558,27.72195,27.95344,27.64924,27.72195
Thoc3,26.27512,25.58245,25.49808,25.58245,25.97655,26.21612,26.35802,26.21612
Psph,29.53288,29.57793,29.29152,29.53288,28.62282,27.67202,28.18815,28.18815
Bag3,29.30184,28.85686,28.11506,28.85686,20.51007,18.24739,19.37496,19.37496
Ppm1l,23.89652,23.70936,23.41867,23.70936,25.78064,25.42458,25.47503,25.47503
Fam63b,26.04764,25.11886,24.31174,25.11886,22.31711,22.73163,23.1131,22.73163
Nufip2,26.81372,26.65935,26.50679,26.65935,23.15758,22.77575,22.30747,22.77575
Jph3,,19.10162,,19.10162,21.10661,19.8545,19.67502,19.8545
Bzw2,25.14313,24.94517,25.85174,25.14313,27.46956,27.74092,27.50165,27.50165
Ikbkg,26.91285,24.88269,25.28044,25.28044,22.71463,23.61347,24.59064,23.61347
Galnt16,24.99658,25.26241,23.40133,24.99658,23.26828,23.87286,23.2346,23.26828
Pdcl,26.61541,25.60603,25.8333,25.8333,25.40542,25.06069,24.28968,25.06069
Ppp1r37,24.04868,22.40686,22.29401,22.40686,23.4929,23.65502,23.93049,23.65502
Ptk7,26.20637,25.58331,25.63675,25.63675,23.54262,22.92464,23.16289,23.16289
Cnnm3,25.05263,24.30821,23.87352,24.30821,24.08756,23.72546,23.92895,23.92895
Mrpl9,25.35279,25.59112,25.78067,25.59112,25.46351,25.76981,25.58703,25.58703
Slc25a10,27.92008,27.2764,26.84146,27.2764,25.24362,25.70137,24.46258,25.24362
Rufy3,,21.89781,19.06482,20.481315,25.48791,26.31069,25.6021,25.6021
Fam107b,28.78294,27.87403,28.47185,28.47185,23.3415,22.65423,23.80233,23.3415
Atp2c1,24.90628,24.30828,23.5122,24.30828,25.26227,25.11323,24.85262,25.11323
Ncam1,23.24406,23.51845,23.04394,23.24406,25.54386,24.78591,25.7305,25.54386
Nars2,24.8937,24.17516,24.76319,24.76319,24.93328,25.44395,24.80976,24.93328
Sntb1,24.83239,25.0547,25.15553,25.0547,19.92744,17.53032,17.4598,17.53032
Rer1,25.29414,24.68528,23.67777,24.68528,27.66912,27.48355,26.99183,27.48355
Snrpe,29.29077,27.95516,27.55611,27.95516,28.24372,28.91738,27.82037,28.24372
Adarb1,21.14501,20.21276,22.03658,21.14501,23.44834,22.78652,23.24824,23.24824
F8a;F8a1,25.00166,22.67547,22.26971,22.67547,24.85329,25.23561,24.51117,24.85329
Clcn4,22.89482,21.95266,21.11566,21.95266,24.84709,24.70477,23.74561,24.70477
Nup43,26.33741,26.74701,26.88774,26.74701,25.90846,25.84417,26.03261,25.90846
Clcc1,26.97268,26.1735,25.57453,26.1735,23.66014,22.98327,22.35283,22.98327
Mfn1,27.23206,25.81939,25.33293,25.81939,23.78267,23.53136,23.22364,23.53136
Abca3,23.26742,21.92241,22.44988,22.44988,24.2637,24.05614,22.96404,24.05614
Prkaa2,23.95296,22.84739,22.37989,22.84739,24.79452,25.01031,25.1439,25.01031
Ints4,23.43377,22.08145,21.13765,22.08145,23.03971,23.13804,22.52397,23.03971
Tinagl1,24.75134,23.84115,24.72832,24.72832,,,16.24728,16.24728
Cstf1,25.84546,25.92164,25.54595,25.84546,26.43369,26.10173,26.25332,26.25332
Letmd1,25.366,25.6883,25.69877,25.6883,25.89975,26.4624,25.27099,25.89975
Plekhb1,26.48036,24.54787,23.10181,24.54787,19.89949,,,19.89949
Bad,28.55574,27.82268,27.57391,27.82268,24.1321,23.75634,23.46126,23.75634
Dhps,23.67627,24.46631,25.10109,24.46631,24.27881,24.52946,23.55262,24.27881
Ccdc28a,22.82384,22.35662,22.26344,22.35662,21.89249,,,21.89249
Patl1,22.6579,22.62145,22.73659,22.6579,23.36946,23.75878,22.80902,23.36946
Cdk7,24.281,23.71837,23.39126,23.71837,23.52049,22.97425,22.87085,22.97425
Tmed5,27.48815,26.8776,26.95782,26.95782,22.83173,23.50191,20.93186,22.83173
Bpgm,26.83978,26.25108,26.23002,26.25108,25.66381,25.07578,25.28079,25.28079
Gpr56,22.45498,23.83913,22.61809,22.61809,24.6548,24.37451,23.15761,24.37451
Lrrtm2,24.03641,16.65592,,20.346165,23.47593,22.30221,21.98645,22.30221
Ndufaf5,25.34888,24.97452,25.01474,25.01474,24.19385,23.75552,21.46364,23.75552
Pnkd,19.39643,18.91357,,19.155,24.42118,24.63123,23.94378,24.42118
Itpk1,23.38548,21.78341,22.57457,22.57457,26.1386,26.27719,25.73825,26.1386
Lemd3,25.63439,24.35642,24.62623,24.62623,24.1404,23.70946,22.87061,23.70946
Atp2b2,20.23175,22.08255,,21.15715,21.22058,21.29541,20.56728,21.22058
Snx18,27.63333,26.98185,27.11496,27.11496,25.25915,25.00101,24.11617,25.00101
Plekhf1,27.01287,25.34922,26.12447,26.12447,,24.07578,21.8278,22.95179
Krt222,15.08385,,,15.08385,,,23.75022,23.75022
,23.78955,23.05328,23.10716,23.10716,24.97259,24.98211,24.5093,24.97259
Adck4,28.05832,27.13095,27.24844,27.24844,25.32059,25.18075,24.72239,25.18075
Frmpd4,19.95674,15.85424,15.7788,15.85424,21.44834,21.43746,20.97211,21.43746
Ddx50,24.82041,23.63854,24.23725,24.23725,24.69609,24.66351,24.27049,24.66351
Ccdc25,27.04062,25.65007,26.09493,26.09493,23.08266,23.00065,24.35636,23.08266
Edc3,24.70593,22.22541,22.80654,22.80654,25.4607,25.56162,25.16496,25.4607
Paf1,26.40071,25.48484,25.40471,25.48484,25.33943,24.70535,24.84938,24.84938
Kazn,23.13137,22.44483,22.1069,22.44483,21.76118,21.71787,20.58316,21.71787
Rbm42,25.17596,23.32745,22.18634,23.32745,24.24213,25.11156,23.88064,24.24213
Msto1,25.76742,24.59838,25.04464,25.04464,25.43905,26.06087,25.62185,25.62185
Gtf2f2,26.03955,25.92897,25.77621,25.92897,24.24837,24.4346,23.92107,24.24837
Mlc1,28.69975,27.8136,26.86077,27.8136,22.28433,21.18253,22.42493,22.28433
Slc25a24,26.37222,25.28563,24.7435,25.28563,22.34373,21.68316,22.28246,22.28246
Nek7,27.21808,25.98146,26.2754,26.2754,21.65005,22.71674,22.44635,22.44635
Cdc42se2,28.18144,27.10659,27.78313,27.78313,28.04848,27.71122,27.34325,27.71122
Gde1,26.2303,25.69732,25.62715,25.69732,26.93371,27.26464,26.43938,26.93371
Bbs1,26.48808,25.15267,25.34526,25.34526,22.9702,22.74794,21.95372,22.74794
Elavl2,18.3977,,20.26453,19.331115,27.38336,26.98174,26.22852,26.98174
Yod1,,,,,21.7876,19.44516,17.74182,19.44516
Ankrd34a,,,,,21.34949,20.86136,21.81554,21.34949
Tbc1d5,25.63168,25.26058,23.64636,25.26058,23.40821,23.67842,22.42939,23.40821
Thoc1,26.28651,24.72401,25.07778,25.07778,25.26871,25.04281,24.32313,25.04281
Adcy8,14.4794,13.77108,20.47199,14.4794,22.40182,22.06059,21.66175,22.06059
Itgb1bp1,24.51334,22.72251,23.72806,23.72806,19.13744,21.90951,22.5378,21.90951
Arsa,27.62519,26.5345,26.3114,26.5345,24.90935,25.18132,24.78811,24.90935
Tor1a,25.26617,22.82563,23.39872,23.39872,25.12357,25.20326,24.55169,25.12357
Prkci,26.25261,25.33443,25.42557,25.42557,25.75659,26.11625,24.97356,25.75659
Srp14,27.1694,26.56011,27.74195,27.1694,26.70859,26.20762,26.43573,26.43573
Ints3,22.64293,22.07839,21.45994,22.07839,24.55438,24.7334,24.02825,24.55438
Rgs20,25.74794,24.00127,24.45438,24.45438,23.34055,23.11248,22.67855,23.11248
Gfer,28.85106,27.70748,28.30103,28.30103,23.65796,23.6919,23.61302,23.65796
Dcp1a,25.6451,24.27611,23.80371,24.27611,24.40996,24.62522,23.97071,24.40996
Mmab,29.31391,26.60116,28.64595,28.64595,24.01078,24.39153,23.44076,24.01078
Ubxn1,28.88244,28.40361,28.46076,28.46076,26.53066,26.57112,24.95438,26.53066
Etnk1,25.03305,24.43129,24.19551,24.43129,25.37199,25.28104,25.04856,25.28104
Sipa1l2,23.26671,21.99079,21.99611,21.99611,23.66677,23.656,23.73066,23.66677
Kdm1a,25.83831,24.96235,24.54898,24.96235,25.79338,25.68311,25.75924,25.75924
Cutc,26.37076,25.59215,24.93912,25.59215,22.95367,22.88193,22.68868,22.88193
Atg2a,21.38543,19.69919,21.42044,21.38543,21.19814,21.17998,21.36602,21.19814
Ppil3,26.91889,26.09579,26.38415,26.38415,25.72268,25.55092,25.24956,25.55092
Bscl2,21.4227,20.27059,,20.846645,24.07374,24.05482,23.88985,24.05482
Arhgef10,25.82753,25.16887,25.01056,25.16887,21.3559,21.30703,21.11407,21.30703
Yme1l1,26.1487,25.90357,25.82537,25.90357,25.37779,25.70962,25.06924,25.37779
Wwox,25.09446,24.37716,24.24075,24.37716,23.07048,23.00811,23.30201,23.07048
Cic,24.07725,22.36594,22.3063,22.36594,21.3783,20.54151,20.90793,20.90793
Phkg2,23.03772,20.90434,21.16552,21.16552,23.40587,23.76557,24.56976,23.76557
Ttc39b,23.59548,25.75903,25.99553,25.75903,22.75042,22.87693,22.81061,22.81061
Snx16,23.9453,23.2594,23.52325,23.52325,25.515,25.65924,24.86604,25.515
Trappc5,23.80489,22.77125,22.89912,22.89912,24.12195,24.42605,23.62856,24.12195
Mfap1,26.8225,26.27964,26.53632,26.53632,25.10001,24.23403,24.16867,24.23403
Kiaa1468,,,,,21.19958,20.39132,20.58334,20.58334
Tfip11,24.20568,23.61392,23.80843,23.80843,24.12037,24.33334,24.52504,24.33334
Smarcb1,27.1991,26.02766,26.04055,26.04055,26.95737,26.29883,25.82119,26.29883
Snx17,26.77831,25.65401,25.51385,25.65401,25.05337,25.07822,24.85567,25.05337
Chac2,26.78307,22.82299,23.6111,23.6111,25.23107,25.07541,24.34388,25.07541
Prcp,26.92796,25.61782,26.07057,26.07057,23.29025,24.22803,23.26556,23.29025
Gosr2,27.35187,26.33824,26.41463,26.41463,24.79511,24.34814,23.83624,24.34814
Nt5c1a,,20.89104,21.4493,21.17017,,,15.75726,15.75726
Pde8b,,,,,20.73884,19.4529,20.03308,20.03308
Edf1,28.53174,28.01919,27.57946,28.01919,25.37212,24.47636,25.00011,25.00011
Zdhhc5,24.92397,24.01453,23.94235,24.01453,23.3585,23.31948,22.59206,23.31948
Fat1,24.52295,23.9104,24.25205,24.25205,22.06079,21.91496,22.09236,22.06079
ORF11;0610007P14Rik,28.58183,27.30783,27.74182,27.74182,24.33715,26.03513,23.03885,24.33715
Ddx19b,22.84512,21.94135,21.80018,21.94135,23.5285,23.0467,22.65929,23.0467
Ankrd13a,25.23845,24.25775,24.2398,24.25775,22.5695,22.69356,21.65347,22.5695
Fam192a,26.69152,25.7991,26.65034,26.65034,23.20877,24.40321,19.44655,23.20877
Ubqln4,26.37064,25.42304,24.08683,25.42304,23.48272,23.40536,21.8839,23.40536
Exosc10,24.25911,23.53742,23.9597,23.9597,23.92107,24.31541,23.65009,23.92107
Ttc19,21.25229,23.96235,22.80707,22.80707,23.40691,24.13563,24.54085,24.13563
Ttc9b,22.35229,,,22.35229,26.41044,27.12001,25.88888,26.41044
Mbd3,25.75269,24.58296,22.59719,24.58296,25.70049,25.44183,25.48622,25.48622
Mapk14,26.34866,25.65302,25.84597,25.84597,22.56749,23.53291,24.95917,23.53291
Reep1,25.27977,24.15692,22.71714,24.15692,25.3009,25.45488,27.40981,25.45488
Cog8,23.86136,17.67611,23.82338,23.82338,24.09152,23.86439,23.2737,23.86439
Hs2st1,26.62881,24.95434,24.78566,24.95434,27.35489,27.26732,25.93737,27.26732
Hsd17b8;H2-Ke6,30.30986,29.14236,29.07109,29.14236,27.06887,26.78631,26.92536,26.92536
Mapk11,,,,,22.05629,21.83183,20.23199,21.83183
Bnip3,19.91633,22.44541,22.55166,22.44541,23.45563,23.1449,23.0702,23.1449
Dnm1l,25.01755,24.22876,24.20769,24.22876,22.99955,22.99127,22.15644,22.99127
Rmnd5a,23.33974,20.97344,21.6712,21.6712,24.51611,24.38311,23.67551,24.38311
Ndufaf7,27.11297,25.80023,25.79474,25.80023,23.94217,23.81157,22.82236,23.81157
Degs1,24.42982,25.60388,23.96243,24.42982,25.12837,24.32203,25.03456,25.03456
Slc27a2,20.12402,17.92729,,19.025655,27.72845,19.1916,20.75148,20.75148
Eif2b1,25.554,25.77696,26.14911,25.77696,26.73673,26.99356,26.8236,26.8236
Spag7,26.30946,25.10554,25.20341,25.20341,23.68614,22.49592,22.8864,22.8864
Selo,26.55899,25.66576,25.59124,25.66576,24.86278,24.4197,24.61678,24.61678
Cwc27,25.52139,24.98715,24.67028,24.98715,26.02075,24.4279,25.49753,25.49753
Mrpl47,25.09124,24.4592,24.84766,24.84766,26.27375,26.14915,25.58414,26.14915
Mrpl28,27.02496,26.09255,26.45262,26.45262,26.86703,26.20449,26.55397,26.55397
Cp,29.70835,28.25471,27.96554,28.25471,21.91145,22.97982,23.78676,22.97982
Tpr,23.97989,23.23517,22.66197,23.23517,21.65604,21.80479,21.54269,21.65604
Garem,18.91797,19.02177,24.95615,19.02177,23.0979,22.45259,22.74624,22.74624
Bag4,23.21113,23.52934,23.93003,23.52934,23.52444,23.12455,22.97701,23.12455
Rnf2,25.86339,25.59847,24.58738,25.59847,25.81917,25.53386,25.61891,25.61891
Polb,25.61902,25.40759,25.20045,25.40759,25.15116,25.02365,25.04197,25.04197
Stx17,27.01063,24.68437,25.60558,25.60558,22.47887,23.48763,23.62031,23.48763
Hbs1l,26.296,25.45948,25.65302,25.65302,25.95214,25.99231,25.45789,25.95214
Clpx,27.03002,25.79457,25.99753,25.99753,25.52268,25.23593,25.11474,25.23593
Fam98c,24.21564,23.80735,23.56116,23.80735,23.04477,22.44119,21.84946,22.44119
Podxl2,23.09294,22.38205,20.50057,22.38205,25.21993,25.20531,24.75425,25.20531
Snf8,28.12938,27.80304,27.21188,27.80304,26.73402,25.96246,25.72882,25.96246
Ppil4,25.56576,24.52229,23.43314,24.52229,24.34537,24.67098,23.79877,24.34537
Dnajc10,26.52853,25.01385,25.47048,25.47048,24.52868,24.52737,24.03414,24.52737
Urm1,26.33076,24.97911,25.08558,25.08558,26.46899,26.99453,25.76623,26.46899
Fkbp5,24.91611,23.41171,24.23103,24.23103,24.84321,25.01755,25.02855,25.01755
Tmem126a,26.40287,24.6413,25.35518,25.35518,25.8624,26.07688,24.6685,25.8624
Olfm2,19.90998,18.46016,19.4057,19.4057,23.53706,23.71366,23.03421,23.53706
Igf2r,25.23539,24.14094,24.21616,24.21616,24.41158,24.69509,24.31513,24.41158
Jakmip3,,,21.27498,21.27498,21.58146,21.00443,21.14127,21.14127
Tgoln1;Tgoln2,21.55904,24.06118,24.00565,24.00565,22.26238,20.15326,21.47254,21.47254
Myl9,27.22839,26.9718,26.44695,26.9718,,,,
Eif6,28.55161,28.89337,29.04867,28.89337,28.07199,28.38661,27.7952,28.07199
Alg10b,23.39441,18.82752,,21.110965,25.37786,25.94548,25.11736,25.37786
Pnpla6,25.89606,24.59132,24.51977,24.59132,22.89916,23.19656,22.62406,22.89916
Cds1,19.09746,,,19.09746,22.92561,23.18891,22.70394,22.92561
Spock1,20.36848,19.61418,16.85501,19.61418,27.19807,26.96356,26.82953,26.96356
Rnf40,25.27884,25.00406,24.80351,25.00406,23.77766,23.9188,23.78037,23.78037
Ttc9c,25.12774,25.41225,25.14394,25.14394,26.73092,26.62812,26.46717,26.62812
Tsen34,31.94234,23.01009,22.29134,23.01009,24.05034,23.89301,23.4763,23.89301
Cacul1,23.14221,19.64498,22.07411,22.07411,22.38922,22.19033,20.2397,22.19033
Loh12cr1,24.8073,24.30758,24.19746,24.30758,22.85207,23.93652,23.29348,23.29348
Mrpl16,28.30873,26.59804,26.54541,26.59804,27.26767,27.15866,27.18631,27.18631
Cdh9,,,,,19.99148,21.57874,21.65443,21.57874
Mvk,26.89897,25.49237,24.97972,25.49237,26.57255,26.69657,26.08377,26.57255
Bud31,26.0431,24.77736,25.42627,25.42627,25.38067,25.83726,23.66568,25.38067
Sphk2,26.53111,25.50652,25.92239,25.92239,25.81617,25.77324,25.92902,25.81617
Dync2h1,24.81909,23.88008,23.51701,23.88008,22.43064,22.49573,22.29732,22.43064
Serpina1e,24.31914,20.21514,22.45403,22.45403,18.81847,18.96048,19.20908,18.96048
Casc4,26.37718,26.38012,25.6799,26.37718,26.22268,25.71327,25.24333,25.71327
Phospho1,,,21.23806,21.23806,,,,
Taok3,25.29981,24.99835,25.002,25.002,23.09828,22.47293,21.73132,22.47293
Nudt18,26.42499,24.46551,24.7474,24.7474,23.8691,21.76697,23.34245,23.34245
Cars2,23.11599,22.28444,21.42301,22.28444,24.07659,23.95278,23.30689,23.95278
Sdc4,29.55045,28.62944,28.23927,28.62944,22.42801,22.19779,19.52938,22.19779
Mapkap1,24.35783,24.21616,23.78437,24.21616,23.86976,23.80164,22.73738,23.80164
Nell2,20.76093,20.43492,19.68298,20.43492,24.33552,24.58955,24.00118,24.33552
Timm8b,27.80802,23.75878,26.44585,26.44585,,25.06447,23.11934,24.091905
Cog2,25.12711,24.7033,24.40484,24.7033,24.81617,24.54239,23.60592,24.54239
,26.79613,26.80673,26.86408,26.80673,26.24002,26.14311,26.2222,26.2222
Tnrc6b,24.46226,23.07156,22.84569,23.07156,16.97925,14.8476,16.71733,16.71733
Inpp5b,25.09454,23.87418,23.61504,23.87418,23.74016,23.48812,23.24393,23.48812
Ube2g2,24.09378,25.61305,26.43717,25.61305,27.01308,27.24889,25.59554,27.01308
Spryd7,25.2627,23.51497,24.49357,24.49357,26.04485,26.3836,25.76373,26.04485
Thoc2,24.52444,24.16216,23.50942,24.16216,25.18416,25.20501,24.34415,25.18416
Aars2,24.21067,22.53129,24.84876,24.21067,24.62316,24.25731,24.17843,24.25731
Cnst,21.84284,19.85355,14.7373,19.85355,21.88647,21.12849,20.94899,21.12849
Adcyap1r1,17.65494,19.87102,,18.76298,24.97417,22.26834,22.22232,22.26834
Galm,28.07689,27.4592,27.37675,27.4592,22.27977,20.19051,21.41849,21.41849
Gosr1,26.21303,25.86835,25.45403,25.86835,24.17081,24.13485,24.2322,24.17081
Tbc1d4,23.54144,21.26425,20.70919,21.26425,21.49907,21.7218,21.04066,21.49907
Ict1,26.50466,25.86783,24.3345,25.86783,26.59306,25.9695,25.3281,25.9695
Irf3,26.35156,25.42451,24.10526,25.42451,24.63195,25.83357,24.5412,24.63195
Trmu,25.18132,24.55964,24.9105,24.9105,24.9376,25.22795,24.33824,24.9376
Hp1bp3,23.61324,23.32992,22.24313,23.32992,24.04943,23.34976,23.69158,23.69158
Uros,25.77417,24.65687,24.33484,24.65687,26.00973,26.18151,26.58849,26.18151
Dennd5a,24.69541,23.76061,23.48714,23.76061,22.15851,22.25399,19.36147,22.15851
Kctd8,,,14.93609,14.93609,22.84741,22.74823,22.60901,22.74823
Pigt,23.84345,23.21198,22.71211,23.21198,25.79704,25.46273,25.49561,25.49561
Nelfb,25.23286,23.75634,23.7684,23.7684,26.72351,27.07337,23.80302,26.72351
Champ1,24.43396,24.11712,23.4864,24.11712,24.44114,24.23783,24.31852,24.31852
S100a6,30.42172,29.06584,29.33352,29.33352,23.38232,23.23358,23.40704,23.38232
Nup35,28.74689,26.58935,26.02276,26.58935,24.84785,25.07631,24.71004,24.84785
Hdac1;Gm10093,27.2116,25.3947,25.38242,25.3947,24.66747,24.37046,24.31886,24.37046
Synpo2,28.04583,27.00817,26.83798,27.00817,17.38077,,18.81394,18.097355
Gusb,28.29294,27.50264,27.65014,27.65014,22.68095,22.39286,22.23055,22.39286
Mrpl50,26.55874,26.68258,25.9461,26.55874,26.90254,26.89724,26.49457,26.89724
Jakmip1,19.02088,18.77542,,18.89815,22.86652,22.84184,22.14155,22.84184
Pmch,,,,,20.32235,,19.92295,20.12265
Syt11,25.94597,23.10685,19.10557,23.10685,26.86502,26.61779,25.56903,26.61779
Rpl36a,29.02826,30.14309,29.67706,29.67706,28.66831,29.65031,28.77982,28.77982
Slc25a44,23.32334,23.03611,22.19268,23.03611,24.71025,21.77012,20.95893,21.77012
Atrn,23.2302,22.41944,22.39558,22.41944,23.44569,24.05457,23.39571,23.44569
Kcnj3,24.64993,20.63183,22.55689,22.55689,23.48714,23.05633,22.55901,23.05633
Ankib1,24.17737,23.81627,23.1085,23.81627,22.89979,22.78672,22.44796,22.78672
Dennd1a,23.01546,21.98857,21.56788,21.98857,23.28051,23.21095,22.28571,23.21095
Vmp1,24.40672,23.79719,22.429,23.79719,25.01886,24.2371,25.75282,25.01886
Tspan9,25.68354,24.50875,24.46151,24.50875,25.24902,25.28054,23.95925,25.24902
Os9,24.15019,23.33402,23.36933,23.36933,25.10554,24.98572,24.3946,24.98572
Bptf,22.77012,21.49819,23.01139,22.77012,22.49695,21.68667,22.06743,22.06743
Hspa14,26.28042,26.25057,25.56819,26.25057,25.45917,25.46551,25.46073,25.46073
Lysmd1,24.16054,24.13634,22.78987,24.13634,26.07437,25.30191,26.00871,26.00871
Thtpa,26.50491,26.32121,26.49721,26.49721,25.90141,25.84898,25.64524,25.84898
Dhrs7b,26.68258,25.96087,26.82651,26.68258,26.23909,26.54634,25.99408,26.23909
Odr4,25.31755,25.50721,25.20814,25.31755,24.65179,25.17611,24.90628,24.90628
Ankrd50,25.37335,24.42053,22.33533,24.42053,24.97097,24.86287,24.70498,24.86287
Cherp,24.76668,24.41164,25.47017,24.76668,24.45036,25.54648,25.27402,25.27402
Phkg1,23.63134,21.94328,20.50465,21.94328,,17.44451,,17.44451
Syt7,,17.03982,18.26915,17.654485,19.53653,17.30893,19.21338,19.21338
Anks1b,,,,,20.87605,20.56263,20.49619,20.56263
Arap1,25.09257,24.13132,23.97132,24.13132,20.99016,20.13333,20.53469,20.53469
Gbp4,25.28711,24.95695,24.37265,24.95695,20.68132,17.33752,18.43644,18.43644
Elmod1,22.01414,24.58486,23.38706,23.38706,27.40048,27.19807,27.24336,27.24336
Tmod3,29.86414,29.52558,29.00341,29.52558,25.37302,23.43479,24.95607,24.95607
Slc14a1,23.08341,22.90432,21.87901,22.90432,,,20.96965,20.96965
Rabgap1l,23.93598,23.48886,22.63265,23.48886,25.13163,24.64141,24.73557,24.73557
Nfia,27.015,26.58892,25.26999,26.58892,22.31255,20.70523,20.03187,20.70523
Rap2c,25.01772,23.50203,23.75399,23.75399,24.50403,24.22243,23.78167,24.22243
Rps6kb1,25.75111,23.33252,25.09551,25.09551,25.03086,24.83519,25.26714,25.03086
Nup153,26.59847,25.69032,25.56087,25.69032,22.29339,21.92358,22.7232,22.29339
Mrpl3,24.18813,24.18162,23.81274,24.18162,25.5518,26.08211,25.20318,25.5518
Hsd17b7,27.00796,25.85776,25.7741,25.85776,25.88082,26.01674,25.58276,25.88082
Zcchc8,24.84933,23.70356,23.89338,23.89338,24.12991,24.39414,23.75124,24.12991
Ddx21,27.38303,26.73609,26.78843,26.78843,26.20406,26.26721,25.98789,26.20406
Usp31,25.31845,26.39671,26.71096,26.39671,21.64104,22.2912,20.70193,21.64104
Ip6k1,22.3476,22.01018,22.10537,22.10537,24.64796,24.59577,24.06948,24.59577
Cpsf1,24.62868,24.27085,24.25789,24.27085,24.19272,24.39532,24.15946,24.19272
Ubtd2,25.28761,24.41474,23.78995,24.41474,26.07351,25.70738,24.95509,25.70738
Gys1,26.54528,26.28443,26.15864,26.28443,25.12218,25.0818,24.44164,25.0818
Mrps2,26.17526,26.08022,24.93085,26.08022,26.76863,26.73673,26.74047,26.74047
Amt,29.26369,28.05253,27.5294,28.05253,24.17585,23.40704,24.02166,24.02166
Pdcd4,27.91296,27.16289,26.10571,27.16289,25.07664,24.54669,23.74909,24.54669
Slc25a31,18.36393,17.87843,17.33691,17.87843,22.6486,22.92937,22.66249,22.66249
Mb21d2,22.17289,21.76389,22.07015,22.07015,23.9657,23.69211,23.67573,23.69211
Ngly1,26.80796,26.22046,26.16961,26.22046,23.50506,23.08242,22.47892,23.08242
Picalm,,,,,,,,
Tdrd7,26.01557,25.26632,25.70028,25.70028,22.56512,21.82935,22.15771,22.15771
Fam171a1,22.11076,20.74468,20.48925,20.74468,21.22488,20.48089,21.63059,21.22488
Atp2b3,,,,,,,,
Pqbp1,27.29535,26.57715,26.76256,26.76256,22.95624,23.53172,21.99869,22.95624
Scly,23.99412,23.77585,23.57346,23.77585,23.10936,22.55955,21.81441,22.55955
Plxna2,21.79871,19.88956,21.03664,21.03664,26.88507,27.04999,26.44604,26.88507
Sec11c,24.09997,24.3334,24.0818,24.09997,26.33477,26.52139,26.78706,26.52139
Ap3s2,26.11977,25.19907,25.44244,25.44244,25.88465,25.98742,25.16887,25.88465
Mrpl46,26.04514,25.32485,24.54062,25.32485,25.83043,25.60961,25.09575,25.60961
Ralbp1,19.70241,19.31336,20.585,19.70241,22.8011,22.24577,22.39213,22.39213
C1qc,28.54219,25.83564,26.2622,26.2622,23.44228,20.45192,22.28771,22.28771
Sf3a2,27.31207,27.17284,27.27453,27.27453,26.1606,25.71942,26.10829,26.10829
Dcaf8,26.7714,25.86936,25.50161,25.86936,24.59952,24.02217,24.12542,24.12542
Col4a1,23.99912,22.64852,22.85924,22.85924,20.14855,20.66162,19.55648,20.14855
Kcnab1,19.13929,,,19.13929,20.06224,20.51855,19.39287,20.06224
Lrrfip2,27.25782,26.3655,26.21078,26.3655,22.59314,25.42573,21.96937,22.59314
Slc25a40,24.63489,23.76608,24.21823,24.21823,23.68046,23.32347,21.09713,23.32347
Ankrd63,,24.19903,20.74968,22.474355,21.97067,20.78333,21.71436,21.71436
Stau2,26.58405,22.34681,22.42414,22.42414,25.62525,24.84005,24.87244,24.87244
Sqrdl,29.71155,28.23219,28.17888,28.23219,22.48844,23.18641,21.54567,22.48844
Rbfox1,,,,,25.91875,26.33846,25.85462,25.91875
Pogz,24.80715,23.78586,23.80577,23.80577,24.95947,24.79203,24.47302,24.79203
Prpf39,23.79432,23.73562,24.18283,23.79432,23.85586,23.72203,23.71963,23.72203
Acp2,26.64169,26.18208,25.901,26.18208,25.59636,26.40513,24.84972,25.59636
mt-Nd2;Mtnd2,27.1716,25.98057,25.97948,25.98057,24.74391,,22.13746,23.440685
Smg1,24.40678,23.98789,23.81597,23.98789,23.80183,23.99671,23.82055,23.82055
Ctnna3,22.89925,21.79539,26.39971,22.89925,19.23018,20.63812,21.04607,20.63812
Fgd4,23.78636,22.54581,22.57351,22.57351,24.42387,24.19798,24.92071,24.42387
Rbm7,23.74026,23.57277,24.14748,23.74026,23.81724,22.85681,22.75611,22.85681
Rpe,27.89879,26.17575,26.5035,26.5035,22.94219,22.91191,22.37037,22.91191
Strada,,18.73635,,18.73635,22.88783,22.93041,22.02002,22.88783
Osbpl7,23.06935,22.19268,21.88997,22.19268,22.67562,22.64823,22.48517,22.64823
Mios,25.06484,24.37113,23.66622,24.37113,24.3771,24.43536,23.81851,24.3771
Zc3h14,24.65354,24.0712,23.49997,24.0712,22.17545,22.75562,22.09404,22.17545
Frmd4b,25.26914,24.59149,24.86656,24.86656,21.5899,20.63085,19.8222,20.63085
Psmd10,27.25899,26.44582,26.33369,26.44582,24.40074,24.16844,24.24416,24.24416
Sbf2,24.62767,23.50845,22.88172,23.50845,24.01129,24.06546,23.80282,24.01129
Ctsh,28.04838,26.768,27.04416,27.04416,18.44403,20.47348,,19.458755
Sun2,26.12392,25.30525,25.27647,25.30525,26.27302,26.36836,25.81044,26.27302
Macrod2,,,,,25.17946,25.47441,25.59759,25.47441
Traf7,21.33052,20.47625,19.53439,20.47625,22.84755,22.94453,22.31992,22.84755
Smad2,27.36628,24.83514,26.15116,26.15116,25.72905,25.8541,26.41371,25.8541
Spcs3,22.87944,24.93112,24.07406,24.07406,27.70827,27.68773,26.93067,27.68773
Smndc1,28.19427,29.13078,27.70846,28.19427,27.10949,24.79417,25.42522,25.42522
Arhgef4,25.1899,24.2522,23.93067,24.2522,22.14805,22.69064,22.3065,22.3065
Pkn1,26.4271,25.44617,24.79932,25.44617,25.55476,25.24165,24.67568,25.24165
Nt5e,23.81607,20.48591,20.50824,20.50824,21.34142,21.45116,23.06876,21.45116
Cdk19,23.04509,21.85438,21.69592,21.85438,22.91865,23.14571,23.35917,23.14571
,25.22949,24.37908,26.65581,25.22949,20.91138,18.70158,,19.80648
Atp8a2,19.32466,19.54928,19.40229,19.40229,23.94548,23.58084,23.28093,23.58084
Clns1a,26.53222,25.99183,26.62185,26.53222,26.09253,26.53844,26.15414,26.15414
Dock11,23.45136,22.59209,22.32718,22.59209,24.16645,23.98172,23.76081,23.98172
Sorbs3,27.89822,27.23635,26.47423,27.23635,20.93776,20.81143,20.29659,20.81143
mt-Atp6;Mtatp6,,,,,27.16346,27.07775,27.04677,27.07775
Cog4,25.90419,24.98911,24.26949,24.98911,23.90113,24.29151,24.08869,24.08869
Mrpl19,25.15657,26.66479,25.09342,25.15657,26.11388,25.97607,25.63284,25.97607
Erlin1,25.28351,24.15915,25.02644,25.02644,24.85258,24.62572,24.18382,24.62572
Slc38a2,25.49631,25.97526,24.13179,25.49631,27.23352,26.74073,26.50359,26.74073
Tbc1d10a,24.81987,22.13006,18.63648,22.13006,21.71645,21.6348,22.60318,21.71645
,25.36142,24.51899,24.86905,24.86905,23.14091,22.99859,20.48993,22.99859
Scn3b,,,,,25.93535,25.32564,24.96208,25.32564
Dennd4b,20.53754,19.57733,20.43258,20.43258,21.65639,22.0899,21.26819,21.65639
Ctr9,24.0411,22.64647,23.6413,23.6413,24.37166,24.08375,23.84747,24.08375
Sec14l1,22.75124,23.05724,22.34871,22.75124,24.31486,24.24503,23.99507,24.24503
B3gat3,25.31337,24.17607,22.69929,24.17607,25.33548,25.17024,25.42889,25.33548
Anapc2,24.67471,24.20329,23.66893,24.20329,24.80646,25.40555,24.93315,24.93315
Wars2,27.20686,26.89712,25.99084,26.89712,25.2281,25.22055,25.11823,25.22055
Abhd4,27.90701,27.68913,27.34984,27.68913,22.68307,22.19403,23.41106,22.68307
Igsf1,21.44794,18.91292,20.65062,20.65062,,19.09486,18.21812,18.65649
Glmn,24.67379,22.12187,22.36773,22.36773,25.65638,25.5277,24.39532,25.5277
Plch1,23.56546,23.32745,23.32416,23.32745,20.66518,19.64873,15.31334,19.64873
Creg1,25.85155,26.07551,25.56689,25.85155,25.56349,24.89989,24.54109,24.89989
Tbl2,26.95748,25.96107,25.83985,25.96107,24.19603,23.66308,23.99835,23.99835
Bod1l,22.49641,20.97162,21.73347,21.73347,19.25967,20.72434,20.13132,20.13132
Hypk,27.58513,27.07378,27.52507,27.52507,25.77794,23.07609,24.98542,24.98542
Jmy,23.3692,23.6049,22.40309,23.3692,25.17794,25.0829,25.37103,25.17794
Gtf2f1,27.25223,25.95338,26.57586,26.57586,25.32694,24.27398,24.40938,24.40938
Brinp2,,15.5748,,15.5748,22.23664,21.81671,21.57948,21.81671
Fbll1,25.54745,24.8998,24.94512,24.94512,27.11714,26.87666,26.39712,26.87666
Ptn,28.93109,29.0386,29.81842,29.0386,27.69252,27.9526,26.50007,27.69252
Mrpl11,27.40332,25.73019,26.92139,26.92139,26.5267,26.63519,26.38266,26.5267
Hapln2,23.4424,23.5335,25.664,23.5335,,23.02108,,23.02108
Myo10,22.13652,22.08696,21.68885,22.08696,15.22087,17.88739,13.29577,15.22087
Strip2,,,,,20.56123,18.84959,20.48856,20.48856
Ppip5k2,22.37899,20.79027,20.0058,20.79027,23.78566,23.54274,23.61246,23.61246
Kcnt1,18.49439,14.86651,,16.68045,20.43583,20.06461,18.79383,20.06461
Dzip3,23.6156,22.50577,21.79563,22.50577,23.96596,24.04009,23.25237,23.96596
Lyplal1,25.96867,25.94913,25.63414,25.94913,25.31057,25.37176,24.63832,25.31057
Mapk15,27.27373,26.36751,26.07926,26.36751,24.79352,25.82845,24.02876,24.79352
Serbp1,22.32691,24.11394,,23.220425,23.93211,23.19905,23.18471,23.19905
Pcdh19,17.46084,18.54981,17.79468,17.79468,22.83657,22.46777,22.45531,22.46777
Trim23,23.52552,23.67422,23.77605,23.67422,23.12605,23.05537,21.80286,23.05537
Slc43a2,23.60513,22.79996,23.31797,23.31797,20.47021,21.64253,19.90691,20.47021
Oxnad1,26.36691,26.33511,25.62597,26.33511,25.59503,24.20948,24.06357,24.20948
Cyp2j9,23.31948,24.19445,20.32356,23.31948,18.13024,17.36871,18.80373,18.13024
Thoc6,26.17929,24.97478,26.16121,26.16121,26.68191,26.13436,25.94561,26.13436
Nub1,27.4255,26.71895,26.51893,26.71895,24.56697,24.84336,24.99196,24.84336
Cptp;Gltpd1,22.69523,21.56519,20.98676,21.56519,23.93984,23.67799,23.42969,23.67799
Epb41l3,24.32704,22.76602,22.88976,22.88976,19.95333,19.98064,19.422,19.95333
Lysmd2,26.03708,25.60648,25.12715,25.60648,22.87955,22.48986,22.18532,22.48986
Pir,25.8645,26.20825,26.08345,26.08345,19.33662,,,19.33662
Rab2b,26.67452,26.13811,25.93986,26.13811,26.88995,26.83966,26.68819,26.83966
Ddrgk1,27.55801,26.42803,26.76015,26.76015,22.51939,22.25275,22.02496,22.25275
B2m,28.46424,25.12861,27.58456,27.58456,22.73184,25.31365,22.85772,22.85772
Lhpp,26.41254,26.24931,27.15345,26.41254,24.55906,23.93796,23.82202,23.93796
Endog,26.66302,26.12755,25.94873,26.12755,23.93076,23.72515,22.73223,23.72515
Arhgap17,25.66308,25.26309,25.0703,25.26309,19.92059,21.92448,20.41049,20.41049
Nedd8,31.27442,30.72338,30.55206,30.72338,29.92832,29.75307,29.33731,29.75307
Aldh3b1,26.54947,24.928,25.18737,25.18737,,21.14731,,21.14731
Stau1,26.92615,26.2089,26.39259,26.39259,24.37577,24.21482,23.934,24.21482
Tmem9,22.50376,21.61477,,22.059265,24.22413,25.28154,24.28637,24.28637
Prkcz,20.90169,20.73917,21.23345,20.90169,24.20747,23.89938,23.49814,23.89938
Yes1,27.04323,25.46354,25.80784,25.80784,23.93634,24.5294,23.56848,23.93634
Gabra3,15.25059,15.15565,,15.20312,24.53659,25.2422,24.70672,24.70672
Hif1an,22.81029,21.39084,22.07839,22.07839,23.27696,23.1678,22.71956,23.1678
C1ql3,21.15221,22.33298,20.08745,21.15221,21.29637,21.70274,21.50218,21.50218
Heph,22.77181,21.13915,22.41511,22.41511,16.06808,14.8606,21.6926,16.06808
Anapc7,23.49668,23.01672,22.31291,23.01672,25.20933,25.15573,24.65097,25.15573
Ankle2,25.84659,24.4346,24.23564,24.4346,23.74181,23.03179,23.63256,23.63256
Yif1b,26.7529,26.54826,25.80472,26.54826,25.78019,25.54857,25.79667,25.78019
Bcam,24.89823,22.81577,23.26112,23.26112,21.93308,21.78017,,21.856625
Ccdc58,28.54219,26.95494,27.28109,27.28109,25.35175,24.85951,24.75343,24.85951
Pds5a,25.54191,24.03271,23.92949,24.03271,25.04402,25.14527,24.82406,25.04402
Opcml,,,,,25.45851,25.45098,25.58262,25.45851
Mrpl21,27.35187,26.57629,26.30184,26.57629,27.25656,26.9266,26.32703,26.9266
Comtd1,25.05063,23.99697,24.76461,24.76461,25.28937,25.47296,25.31941,25.31941
Nrp2,21.51331,22.1121,20.81558,21.51331,24.97456,24.38627,24.42586,24.42586
Cisd2,26.92988,27.28498,26.52258,26.92988,26.27684,26.99345,26.0112,26.27684
Nat10,23.83721,23.06431,24.32834,23.83721,24.88563,24.98364,23.86155,24.88563
Ptpmt1,27.25863,26.33345,26.509,26.509,23.75746,23.62845,23.49485,23.62845
Snx15,24.94114,23.92895,23.00381,23.92895,23.41609,24.42937,24.49631,24.42937
Meis1,21.70434,23.77876,21.68505,21.70434,22.49155,23.02597,23.24184,23.02597
Col1a1,23.92443,21.71415,20.2018,21.71415,17.51291,21.25425,17.1681,17.51291
Shoc2,25.67449,24.63915,23.65655,24.63915,25.34018,26.07981,25.58084,25.58084
Mmaa,26.29493,25.82571,25.06989,25.82571,24.84312,24.96688,24.06915,24.84312
Parg,24.13641,23.75042,22.54884,23.75042,21.8319,21.70662,21.88863,21.8319
Stx18,24.84144,24.24641,25.33453,24.84144,23.62756,23.5511,22.96654,23.5511
Man2b1,26.45599,26.01875,25.8765,26.01875,23.78547,22.86982,22.82299,22.86982
Nqo1,26.74175,25.84405,26.05186,26.05186,19.87517,22.14582,21.97281,21.97281
Slc13a5,,,,,,20.16325,,20.16325
Cnot2,21.33631,20.72476,21.82466,21.33631,23.5798,22.35278,22.57522,22.57522
Dpp4,19.73714,16.74609,,18.241615,,,,
Fam3c,27.29053,26.13506,26.43449,26.43449,25.50591,25.63802,24.85177,25.50591
Znf598,24.46364,23.65873,23.69763,23.69763,23.30494,22.94226,22.9757,22.9757
Gtf2b,26.1402,25.11573,25.37587,25.37587,24.13977,24.54203,25.04093,24.54203
Kdsr,26.34247,26.02128,26.05988,26.05988,25.38354,25.8435,24.99304,25.38354
Cadps,21.07855,,,21.07855,24.24634,23.22738,18.86185,23.22738
Wdr43,24.09386,23.65818,22.58992,23.65818,24.99023,25.29028,24.31741,24.99023
Pofut2,24.90582,24.57375,23.96631,24.57375,25.01214,25.13434,24.09861,25.01214
Kcnq2,19.98036,19.8105,,19.89543,21.95401,22.08525,21.14793,21.95401
Sez6l,20.75107,16.86737,18.86445,18.86445,24.27263,24.19723,23.51027,24.19723
Scaf11,24.20702,22.81374,22.44253,22.81374,18.28631,17.21333,16.96409,17.21333
Unc80,21.62533,22.0173,22.49309,22.0173,19.60337,18.62884,19.56985,19.56985
Unc13b,20.57948,18.44241,16.88524,18.44241,22.54456,21.69188,21.05775,21.69188
Tom1l1,27.77241,26.55265,26.30396,26.55265,21.04813,21.63041,18.30247,21.04813
Leo1,24.20784,23.08882,21.67034,23.08882,23.08552,22.92517,22.42977,22.92517
Dhx32,25.72416,24.46725,24.05101,24.46725,24.02665,24.30487,23.56546,24.02665
Vps37b,25.05063,24.2303,23.38837,24.2303,25.18139,25.21305,25.24318,25.21305
Csnk1g1,18.18665,18.85111,18.86057,18.85111,24.76845,24.35951,23.82075,24.35951
Slitrk5,,19.06413,,19.06413,21.66006,21.28308,19.34226,21.28308
Lzts1,22.93476,20.74977,22.0593,22.0593,23.45776,23.32059,23.27838,23.32059
Eogt,24.97649,24.07961,23.80391,24.07961,21.40935,20.45141,19.30744,20.45141
Speg,24.91365,23.77284,24.76177,24.76177,19.56149,19.65967,18.67349,19.56149
Commd6,27.64182,25.86762,27.08507,27.08507,26.56044,26.56974,25.75852,26.56044
Pcdhgb6,25.70226,25.51632,24.94664,25.51632,24.34564,23.99395,23.40963,23.99395
Sos2,21.40484,21.09442,21.19436,21.19436,21.39645,21.05278,21.14656,21.14656
Wdr18,26.61667,24.7452,23.22826,24.7452,27.08365,26.69365,26.95238,26.95238
Rnf181,27.28003,26.24325,26.0203,26.24325,21.57177,21.17255,21.17329,21.17329
Secisbp2l,25.02829,26.73699,26.56087,26.56087,20.22211,20.29838,20.55656,20.29838
Rbmx,23.84105,22.98435,23.88939,23.84105,23.99628,23.95651,23.87605,23.95651
Mttp,26.25992,25.22343,25.09848,25.22343,23.24333,22.80107,22.4237,22.80107
Luc7l,22.53559,23.06237,24.15954,23.06237,24.37398,22.65981,24.18782,24.18782
Sra1,26.30822,25.42015,24.88176,25.42015,23.53338,22.95589,23.20588,23.20588
Brd3,25.05854,22.65545,22.73416,22.73416,24.84009,24.40918,24.59974,24.59974
Neto2,19.43213,23.25681,23.09536,23.09536,24.40419,24.10973,23.25422,24.10973
Larp6,20.24505,20.94135,20.45603,20.45603,23.79054,24.24605,24.0441,24.0441
Uvrag,22.27623,20.9549,21.34137,21.34137,22.06217,21.75352,21.90345,21.90345
Zpr1,26.39614,25.72268,25.59767,25.72268,25.02357,24.76223,24.37272,24.76223
Ptplb,28.48281,28.59263,28.56783,28.56783,26.63755,25.54787,24.23125,25.54787
Tmem88b,,,,,,,,
Sh3bp1,26.19684,24.49692,24.58726,24.58726,26.12985,26.05823,20.81174,26.05823
Wwc2,26.96334,23.64009,25.88881,25.88881,22.64768,22.66726,20.471,22.64768
,28.49739,29.18284,24.45186,28.49739,26.00498,25.26012,29.55582,26.00498
Golga7,27.0749,25.86287,25.74314,25.86287,25.66058,27.20695,25.27138,25.66058
Hs1bp3,27.96124,27.33031,26.82031,27.33031,23.05976,23.27682,24.01504,23.27682
Arc,,,17.39465,17.39465,,18.62874,,18.62874
Ptgs1,24.77636,23.97404,23.91989,23.97404,21.01345,21.49673,19.98231,21.01345
Micall1,22.05036,22.20661,21.94242,22.05036,22.91203,23.0111,22.56834,22.91203
Dnajc2,25.74965,25.30027,25.32828,25.32828,24.63976,24.55818,24.03246,24.55818
Tbl3,23.76375,23.15063,23.15326,23.15326,23.95863,24.50136,23.13724,23.95863
Syt5,19.74416,19.47556,19.69061,19.69061,26.41679,26.4516,25.77321,26.41679
Scaper,24.01996,21.9315,22.96995,22.96995,24.20314,24.09079,24.08026,24.09079
Mrps7,26.86997,26.32193,26.10246,26.32193,26.65212,26.33989,25.72099,26.33989
Rfk,27.41546,25.97976,26.29579,26.29579,24.38897,23.52397,23.12244,23.52397
Kiaa1598,22.18526,21.8795,22.31799,22.18526,27.03538,27.15952,26.97147,27.03538
Cdkn2aip,26.76838,26.71162,26.96851,26.76838,24.65589,24.91196,23.97316,24.65589
Mrpl53,26.0648,24.20523,25.03481,25.03481,26.61288,26.80538,25.63165,26.61288
Ctss,28.28498,27.93022,27.65233,27.93022,22.09886,22.13984,20.47259,22.09886
Col6a1,22.96161,21.67258,21.22441,21.67258,19.13448,18.78673,,18.960605
Tyk2,15.81781,18.78424,20.07038,18.78424,22.79553,21.96063,20.47011,21.96063
Cxadr,27.16739,26.46328,27.02844,27.02844,30.68043,30.55197,30.35699,30.55197
Asic1,,,,,22.90947,22.14871,22.082,22.14871
Aatk,21.28946,20.09223,21.80495,21.28946,21.4107,21.58132,20.55927,21.4107
Mrpl24,26.88518,26.79154,25.54898,26.79154,26.66275,26.04496,26.03206,26.04496
Kcna6,21.0952,19.03633,18.02507,19.03633,21.95631,21.6468,21.88364,21.88364
Psmf1,28.17992,26.9526,26.44158,26.9526,23.21316,24.17828,24.37292,24.17828
Cdk5r2,23.03413,24.27831,22.96127,23.03413,22.33293,22.1161,21.5435,22.1161
Dcaf11,23.84057,21.49219,21.72034,21.72034,22.17752,22.13022,20.67124,22.13022
Kcna3,,,,,21.40286,21.51398,22.49042,21.51398
Alkbh3,22.8279,23.6513,23.43084,23.43084,21.19916,20.87545,20.047,20.87545
Prelp,24.09748,23.44607,22.23494,23.44607,17.86411,18.64692,,18.255515
Ndufaf6,24.03633,23.69594,23.32155,23.69594,22.81368,22.06572,22.63132,22.63132
Tsc22d2,24.87253,23.74796,22.66646,23.74796,24.49363,24.34537,24.06217,24.34537
Scoc,,,,,23.30772,24.98351,20.05841,23.30772
Dpysl4,,,,,,,,
Entpd5,26.68793,25.2676,25.55535,25.55535,23.87605,22.9771,23.05515,23.05515
Wsb2,20.63449,,,20.63449,24.14663,24.09595,23.18769,24.09595
Bid,26.56199,25.26617,25.31102,25.31102,25.24627,24.87131,25.5728,25.24627
Uhrf1bp1,24.0857,21.26127,22.10882,22.10882,22.74458,23.68432,24.18397,23.68432
R3hdm1,24.26084,22.02212,21.99573,22.02212,22.82759,21.79966,21.77286,21.79966
,,21.53938,22.57526,22.05732,23.27895,23.32937,22.09336,23.27895
Aes,,20.49434,18.52535,19.509845,23.07971,24.55836,23.6138,23.6138
Lamtor2,27.94061,27.72871,27.06528,27.72871,25.91752,27.88792,26.35212,26.35212
Cdh10,19.40719,,17.07201,18.2396,24.04752,24.24503,23.9322,24.04752
Faim,23.77163,25.17253,24.87282,24.87282,25.6945,24.89087,25.37898,25.37898
Klhl9,23.91752,23.65174,23.51569,23.65174,24.36105,24.19551,23.71597,24.19551
Sh2d3c,15.56391,18.58435,17.25921,17.25921,22.67966,22.64933,22.79491,22.67966
Tab1,26.07482,25.36996,25.28828,25.36996,25.29299,25.16756,24.92583,25.16756
Megf9,23.90509,22.70849,20.72476,22.70849,22.84481,23.13008,22.94077,22.94077
Tmcc3,24.31244,24.41467,24.30848,24.31244,21.85056,21.99141,20.04327,21.85056
Klc4,26.52565,25.14713,25.04059,25.14713,24.7016,24.56151,24.16638,24.56151
Zfp407,20.38248,16.30259,16.36107,16.36107,20.74296,22.07038,21.19412,21.19412
Lrrc73,,,,,25.32003,25.24761,22.17292,25.24761
R3hcc1,23.63345,23.79719,23.99783,23.79719,22.18568,21.61576,22.28678,22.18568
Ndufb2,25.92019,26.35658,,26.138385,25.70385,26.74817,26.18699,26.18699
Emc4,27.27506,25.6757,26.23912,26.23912,23.63666,23.78845,25.29565,23.78845
Stk38,26.55494,25.74666,25.32279,25.74666,25.15376,24.80523,24.45218,24.80523
Elp5,25.65338,24.14203,24.75057,24.75057,23.9664,23.16492,23.2988,23.2988
Pcna,28.07383,26.81665,27.22463,27.22463,25.09164,25.62681,24.68244,25.09164
Cdc42ep1,28.71247,27.40446,27.22223,27.40446,23.48395,23.8399,,23.661925
Myo16,20.73587,20.60304,20.78987,20.73587,23.02867,23.07798,22.95113,23.02867
Dvl1,23.67163,21.72804,22.38387,22.38387,23.60365,23.07601,22.68273,23.07601
Mbnl2,27.30295,27.92309,27.98734,27.92309,23.16622,24.04444,24.11012,24.04444
Tpd52l2,19.52078,21.30703,,20.413905,23.21605,23.44316,23.27526,23.27526
Rbfox3,21.75548,20.68389,,21.219685,25.2043,25.11858,24.43071,25.11858
Timm21,27.09859,26.43282,26.65198,26.65198,23.99809,24.21653,24.62545,24.21653
Commd7,26.71895,24.93468,25.05565,25.05565,24.60388,25.17387,25.16089,25.16089
Mboat2,23.81831,23.69317,23.68132,23.69317,23.93211,24.48019,23.21424,23.93211
Coq3,27.25305,25.79464,25.70593,25.79464,24.74129,24.5844,24.73278,24.73278
Gm21992;Rbm4,25.34184,23.55426,23.67562,23.67562,25.28486,25.84292,25.01436,25.28486
Glipr2,31.16159,30.18648,30.39059,30.39059,26.65758,26.37217,26.31926,26.37217
Reep3,24.3432,23.56314,23.78177,23.78177,22.7701,21.67719,22.04953,22.04953
Mfsd6,23.81948,22.14523,21.27441,22.14523,22.67053,22.28082,21.51528,22.28082
Lmf2,21.03543,24.20068,22.52504,22.52504,24.67756,25.05408,24.14016,24.67756
Scd2;Scd3,26.26469,25.48302,25.69835,25.69835,24.14779,23.5093,23.0119,23.5093
Sugp1,23.75817,23.93778,22.99616,23.75817,21.12887,20.96127,21.03059,21.03059
Trp53rk,23.73727,23.70155,23.6075,23.70155,20.22022,19.71206,23.73138,20.22022
Polr2d,26.07845,24.94606,24.46326,24.94606,23.41931,23.60524,23.33347,23.41931
Srpr,26.74496,25.26442,25.2422,25.26442,25.4303,25.35538,25.37189,25.37189
Jakmip2,23.526,19.99175,19.58983,19.99175,24.11418,23.81392,24.25364,24.11418
Lsm12,27.58799,28.24645,27.67324,27.67324,26.82736,26.11833,26.3889,26.3889
Tomm40l,25.72985,24.74088,24.7382,24.74088,25.40331,24.83079,24.4968,24.83079
S100a16,28.49328,28.51254,27.55486,28.49328,24.34672,23.54898,22.69581,23.54898
Trmt6,25.69171,24.28623,24.47253,24.47253,24.38054,23.28023,23.67498,23.67498
Tmem87a,25.2329,25.20702,24.44973,25.20702,25.27071,25.30456,24.32306,25.27071
Pde8a,21.70561,21.42527,23.58543,21.70561,19.94206,19.82118,19.55641,19.82118
Aqr,23.78985,23.09254,22.011,23.09254,24.84561,24.64069,24.42066,24.64069
Cpq,28.54573,26.24733,25.80376,26.24733,21.26591,21.92085,19.26959,21.26591
Tmem178b,18.88414,,,18.88414,26.2032,25.663,25.57045,25.663
Wrnip1,22.3036,21.32652,22.22544,22.22544,25.78646,26.14042,25.78269,25.78646
Wdr45,24.05374,23.19275,24.14507,24.05374,23.52217,23.95642,23.67885,23.67885
Phyhd1,29.27677,28.81259,28.48746,28.81259,18.19446,20.42951,,19.311985
Plekha7,28.27484,27.37526,27.39362,27.39362,19.19504,16.27336,18.19378,18.19378
Mrps11,24.72848,24.07096,25.4577,24.72848,25.11637,25.13903,25.3683,25.13903
Ube2q1,25.61686,24.34449,24.86905,24.86905,24.38251,24.46787,23.9574,24.38251
Unc119b,27.55779,26.3338,27.01489,27.01489,24.34394,24.31741,24.95367,24.34394
Slc4a1ap,23.55754,22.5107,22.8424,22.8424,23.06812,23.42316,23.8259,23.42316
Matn4,18.85422,,,18.85422,16.94958,20.38711,17.76007,17.76007
Mlip,18.90721,,20.16742,19.537315,17.70036,16.01579,17.89356,17.70036
Arap2,23.15653,21.79923,22.19069,22.19069,19.75422,18.72167,20.11515,19.75422
Spg21,27.01977,25.42387,26.15035,26.15035,24.73939,24.63234,24.19046,24.63234
Rims3,18.77169,,20.59623,19.68396,23.69785,24.32643,22.38648,23.69785
Stambpl1,20.65674,20.37146,18.36645,20.37146,24.70525,22.88673,22.99662,22.99662
Ppp2r2b,23.40847,21.44299,21.40104,21.44299,24.45657,25.61141,23.78067,24.45657
Tpbg,26.98923,25.7306,25.49366,25.7306,24.87671,24.19933,24.22648,24.22648
Lrrfip1,23.85196,24.22155,24.42098,24.22155,22.58339,24.70757,23.26528,23.26528
Eml3,24.14001,24.3577,23.42483,24.14001,18.21528,18.60139,18.18785,18.21528
Cdr2l,24.23768,22.97244,23.28164,23.28164,22.72542,21.30686,21.90331,21.90331
Lpp,28.92768,27.72618,27.5012,27.72618,20.01236,21.72588,17.11248,20.01236
Sumo2,32.68336,32.37327,32.46351,32.46351,30.08677,29.85231,29.70023,29.85231
Galk2,27.84888,26.68043,26.92785,26.92785,24.077,23.76507,23.86391,23.86391
,25.67406,25.12341,25.07537,25.12341,23.42458,23.72484,22.94451,23.42458
Mapk8ip2,19.97393,,,19.97393,20.6709,19.61942,18.47378,19.61942
B3galtl,22.32924,22.81339,23.43936,22.81339,23.68848,23.20246,23.02511,23.20246
Abhd3,23.76314,22.77748,22.821,22.821,20.84245,21.7432,20.59869,20.84245
Tmem201,24.96939,25.01482,24.62439,24.96939,24.24612,25.32557,23.94753,24.24612
C330007P06Rik,25.11751,25.80897,25.48034,25.48034,24.00941,18.91237,22.79725,22.79725
Ddx41,24.0041,23.39676,23.87511,23.87511,24.90113,25.1145,24.54215,24.90113
Dnajc24,27.02559,27.08801,26.36626,27.02559,22.83805,21.95738,22.06618,22.06618
Eno3,24.04085,24.10685,23.91004,24.04085,22.07123,17.9881,,20.029665
Smek2,24.79328,21.88737,24.59463,24.59463,21.4957,20.19689,19.8349,20.19689
Mmgt1,27.4847,27.24799,27.19686,27.24799,26.95859,27.4592,26.00179,26.95859
Gatad2b,26.31909,24.98098,24.7761,24.98098,26.286,24.44872,25.81809,25.81809
Snx25,21.38448,,,21.38448,22.40226,22.08615,21.48532,22.08615
Cdh8,15.30424,18.75516,17.77982,17.77982,21.09133,22.35818,20.6368,21.09133
Arfgap1,,,,,,,21.78193,21.78193
Gpld1,20.49872,,21.00997,20.754345,19.0128,14.44353,15.09115,15.09115
Rif1,20.44223,20.6063,19.81269,20.44223,18.90965,16.58766,16.76953,16.76953
Mtmr6,26.38773,25.21985,25.35262,25.35262,24.63716,24.19543,23.71806,24.19543
Bnip3l,26.32773,25.0876,24.05747,25.0876,24.72817,24.52987,23.78347,24.52987
Pars2,25.64072,23.84009,24.04419,24.04419,24.77891,25.35961,24.26306,24.77891
Lims1,28.30908,27.74836,28.35494,28.30908,25.12908,23.74653,24.0333,24.0333
Lclat1,24.63567,24.52952,24.38568,24.52952,25.88665,25.09632,24.95154,25.09632
Lmbrd2,23.83721,23.58222,23.85396,23.83721,24.92012,24.72093,24.75287,24.75287
Thra,,20.48532,20.51065,20.497985,24.40106,24.28461,23.86155,24.28461
Slc1a1,20.15684,,,20.15684,23.38482,24.13344,23.68357,23.68357
No66,21.36057,21.51461,21.16337,21.36057,23.77706,23.38588,22.70927,23.38588
Slitrk1,21.54085,16.27594,16.29833,16.29833,22.4985,22.4265,20.90749,22.4265
Phlpp1,24.25587,21.91408,22.46009,22.46009,21.12288,22.71557,21.82943,21.82943
Agt,,,,,19.21333,19.47939,19.80939,19.47939
Tspan7,27.60428,27.16854,27.4174,27.4174,27.29938,26.67128,27.35464,27.29938
Cyth3,24.09305,22.88854,22.39841,22.88854,24.69546,24.75776,24.56052,24.69546
Slc22a23,25.06456,24.07251,24.02538,24.07251,24.35219,24.33708,22.74166,24.33708
Itih5,25.04373,23.63544,23.55227,23.63544,19.38155,18.31287,18.07331,18.31287
Vamp3,31.00524,30.28967,29.27691,30.28967,26.04172,24.67244,24.68233,24.68233
Gemin5,23.24307,23.01248,22.81591,23.01248,23.22848,22.98329,22.83892,22.98329
,19.479,20.77322,19.11982,19.479,24.37345,22.80884,22.34199,22.80884
Cd2ap,26.25425,24.94869,25.17478,25.17478,20.87094,17.2379,18.30274,18.30274
Atf2,23.96093,22.86793,23.41377,23.41377,22.1399,20.72351,22.51504,22.1399
Mlst8,27.71004,26.48056,26.00279,26.48056,25.96303,25.7334,25.71513,25.7334
Ppwd1,24.33129,23.32773,24.09096,24.09096,23.4665,22.17758,22.592,22.592
Nubp2,27.72247,26.09652,26.79675,26.79675,26.43393,26.06271,25.50103,26.06271
Uck2,28.21692,27.00913,26.86585,27.00913,23.36252,23.7292,23.51869,23.51869
Rbm26,25.76699,25.45532,25.07875,25.45532,23.75644,23.95527,23.68902,23.75644
Dync2li1,26.71738,25.41296,26.00702,26.00702,23.849,23.26299,22.84007,23.26299
Pgbd5,18.20323,,20.31274,19.257985,24.47853,24.72796,24.71848,24.71848
Pcnp,28.37348,27.7084,27.78182,27.78182,23.40302,23.07785,24.29116,23.40302
Kcmf1,25.19314,24.505,24.77309,24.77309,24.29719,24.92886,24.10613,24.29719
Cep97,23.44025,23.61054,23.84393,23.61054,23.20132,23.31659,21.65062,23.20132
Tbc1d22a,24.88618,22.86384,23.3889,23.3889,21.90239,21.42496,21.51485,21.51485
Ppp4c,26.35698,26.91866,27.3379,26.91866,26.26363,26.86065,25.9646,26.26363
Acap3,21.92023,19.83703,19.22959,19.83703,23.63157,23.76152,23.31852,23.63157
Fam50a,23.98372,24.05043,23.72495,23.98372,23.34543,23.37981,23.58898,23.37981
Rpp30,24.43148,23.54321,24.40451,24.40451,23.26799,22.8641,23.16415,23.16415
Cblb,22.31973,20.05179,20.39561,20.39561,22.43921,22.61425,23.84623,22.61425
Gabra6,,,,,,,,
Nfix,26.98251,26.63492,25.7207,26.63492,26.60781,26.16753,26.06454,26.16753
Maged1,25.79087,24.28687,25.80568,25.79087,22.9484,23.57508,22.57092,22.9484
C1qtnf4,17.61159,,18.96002,18.285805,27.24663,27.31181,26.73492,27.24663
,26.85863,25.40084,25.99285,25.99285,22.71473,22.10594,21.84797,22.10594
5031439G07Rik,24.20292,23.74684,23.96561,23.96561,25.10905,25.23743,25.40367,25.23743
Ppp1r10,22.48932,22.58298,22.76099,22.58298,22.49502,22.95757,22.53891,22.53891
Nup88,26.72338,25.97882,25.83328,25.97882,24.23579,24.49601,23.7684,24.23579
Jak1,24.92397,23.74612,23.21759,23.74612,22.08657,22.28226,20.46732,22.08657
Itga7,26.36165,24.85215,24.36246,24.85215,20.12402,19.96846,19.62042,19.96846
Pom121,24.18503,25.73125,22.73913,24.18503,20.90176,21.20866,19.38482,20.90176
Mapt,24.38073,24.42214,23.94557,24.38073,27.20536,26.99895,27.3424,27.20536
Ubxn4,27.96058,27.13829,27.22435,27.22435,25.52364,25.61498,25.21201,25.52364
Ap1s2,26.46126,26.29397,26.56983,26.46126,22.62943,22.65031,22.73043,22.65031
Exd2,25.17839,22.55492,22.64132,22.64132,24.50543,24.17387,23.54793,24.17387
Cntnap5a,20.04006,17.87634,19.16957,19.16957,18.96076,19.28134,18.85535,18.96076
Vwa9,24.30278,22.89652,23.32869,23.32869,23.81167,23.45438,23.86599,23.81167
Pak1ip1,24.95784,25.68945,25.50966,25.50966,24.91319,24.53937,24.35138,24.53937
Hacl1,27.30652,26.49931,26.41999,26.49931,22.98057,22.58907,24.01648,22.98057
Hmg20a,23.34679,23.05267,23.36159,23.34679,24.59554,23.82104,23.74499,23.82104
Gm20671;Pisd,25.05167,24.64097,24.30375,24.64097,24.21616,24.32313,24.65938,24.32313
Abcd2,19.11042,18.52833,20.42111,19.11042,22.40494,22.71442,22.13301,22.40494
Gpam,24.33593,23.826,25.79154,24.33593,25.82624,25.66006,24.45029,25.66006
Slc44a2,26.17581,25.51253,25.89977,25.89977,24.63782,24.55789,24.17425,24.55789
Flrt2,19.99079,22.00415,20.45202,20.45202,23.45488,23.68143,22.83686,23.45488
Galnt13,19.06592,,,19.06592,20.24028,19.54712,19.09677,19.54712
Aagab,26.27753,25.05643,25.22383,25.22383,24.92039,25.00582,25.17699,25.00582
Svip,,,,,,,,
Akt1s1,26.80156,26.12522,25.75116,26.12522,24.90757,23.60637,24.77223,24.77223
Bsdc1,24.80228,23.45876,22.72299,23.45876,22.22985,24.80887,22.44309,22.44309
Bccip,25.12262,24.7686,25.00118,25.00118,26.24153,25.75078,26.24822,26.24153
Tbck,24.6036,22.73389,25.2451,24.6036,25.30229,25.59218,24.96891,25.30229
Ctif,22.08592,22.06733,22.5492,22.08592,23.88744,24.3254,23.37465,23.88744
Scpep1,26.9752,27.08182,26.92162,26.9752,23.13353,23.7263,23.07148,23.13353
R3hdm2,21.91889,19.39622,20.07038,20.07038,20.7563,20.94442,21.20365,20.94442
Dtd2,23.94369,25.11533,25.29134,25.11533,22.91139,22.86786,20.5468,22.86786
Vamp8,26.47469,27.30826,27.60661,27.30826,22.12965,19.4271,21.00333,21.00333
Inmt,29.26141,26.95049,24.62048,26.95049,16.03024,,21.87639,18.953315
Cav2,28.38216,28.36636,27.73899,28.36636,,20.13659,18.78053,19.45856
Arhgap31,24.4062,22.39817,24.15143,24.15143,22.82481,22.51372,21.0208,22.51372
Slc6a15,22.1278,23.24187,,22.684835,23.91415,23.55286,24.26971,23.91415
Prc1,22.18141,21.6718,23.71607,22.18141,21.8864,19.55622,21.53559,21.53559
Eepd1,19.91807,22.12345,25.13348,22.12345,23.17962,22.87254,21.15666,22.87254
Lrrc8d,24.86538,24.12904,22.46099,24.12904,24.11791,23.8259,23.39793,23.8259
Lrrfip1,26.75735,25.61734,26.25899,26.25899,23.80489,24.21074,22.13361,23.80489
P2ry12,22.52691,,,22.52691,19.35902,20.71699,21.43553,20.71699
Maged2,26.52692,25.54722,24.6542,25.54722,24.96873,24.89004,24.73758,24.89004
Hist2h2ab,26.17099,27.11515,26.28725,26.28725,26.58133,26.44881,27.14287,26.58133
Nol4l,18.75048,20.42767,,19.589075,23.11437,23.586,23.24341,23.24341
Ston2,26.65581,25.53546,25.44897,25.53546,21.56132,21.04587,21.50954,21.50954
Wnk3,20.92071,19.31019,16.62913,19.31019,21.55749,21.58687,21.99666,21.58687
Tia1,22.14687,20.70295,22.3948,22.14687,25.38726,25.23958,25.15136,25.23958
Rufy2,25.05142,22.81535,23.05654,23.05654,22.81021,23.03899,22.20917,22.81021
Bop1,23.44278,23.83653,24.20725,23.83653,24.81446,24.73738,23.92152,24.73738
Tmem62,21.56709,20.06973,22.49424,21.56709,23.85548,23.62187,23.49753,23.62187
Gna12,24.38449,23.70081,23.78297,23.78297,22.37231,21.64553,21.3611,21.64553
Stx6,22.91567,24.95065,24.60337,24.60337,24.3965,25.14402,24.44278,24.44278
Vkorc1l1,22.18837,20.94371,,21.56604,25.7445,26.60088,24.47073,25.7445
Map7,20.81198,,20.44567,20.628825,12.02504,19.99962,,16.01233
Dcaf5,23.31022,22.12978,19.85406,22.12978,23.30855,23.26571,22.67773,23.26571
Man1a2,24.43778,23.11968,23.27199,23.27199,23.32841,23.13066,23.11504,23.13066
Hlcs,23.5899,22.02746,21.20747,22.02746,23.03061,23.02648,22.57579,23.02648
Mrpl23,27.81659,26.30196,26.58334,26.58334,27.16969,27.09104,26.86029,27.09104
Cd151,27.18026,26.93629,26.30944,26.93629,22.6731,22.92162,23.3181,22.92162
Irs2,26.07073,25.65234,25.83572,25.83572,21.6058,21.33036,20.11375,21.33036
Phf10,22.10929,21.3829,21.85323,21.85323,22.12814,22.1337,21.89578,22.12814
Apba2,23.6093,20.14582,21.00731,21.00731,24.42175,24.53136,24.74924,24.53136
Smad5,26.73828,26.15644,25.58875,26.15644,24.36366,24.57479,24.7889,24.57479
9/10/2015 0:00,26.08815,25.87091,25.44717,25.87091,21.32839,21.7258,22.05636,21.7258
Prkg2,,20.35229,,20.35229,19.85903,22.58733,23.1431,22.58733
Uevld,25.27757,23.83711,24.04793,24.04793,23.63034,23.50676,23.2399,23.50676
Unc5c,19.53178,,18.71599,19.123885,22.06779,21.28811,20.38711,21.28811
Rcbtb1,23.23036,23.38837,22.76239,23.23036,23.47667,24.14063,24.20911,24.14063
Ccnyl1,23.56535,22.6859,22.46668,22.6859,24.75435,24.62266,24.05672,24.62266
Tbpl1,19.44263,18.90366,20.2469,19.44263,27.07826,27.70642,27.19985,27.19985
Glrx2,24.07259,22.02911,22.28523,22.28523,25.57839,25.13637,24.52999,25.13637
Ralgps1,,,18.79303,18.79303,23.70988,24.41009,22.92761,23.70988
Morn4,23.02692,20.83522,,21.93107,25.33895,24.04485,23.77806,24.04485
Akap8,25.6771,24.72145,24.91984,24.91984,24.87586,24.69774,24.55538,24.69774
Golga1,24.26177,24.91561,24.16046,24.26177,21.34657,20.93488,20.50359,20.93488
Peak1,24.54091,23.41506,23.72182,23.72182,20.92499,20.60784,20.3014,20.60784
Tnip1,22.77447,22.62734,22.87817,22.77447,20.64474,20.5031,18.29194,20.5031
Fer,24.4607,22.76148,23.09,23.09,24.47432,23.89254,23.53552,23.89254
Asphd2,20.38437,20.5174,19.66033,20.38437,22.21845,22.31199,21.01168,22.21845
Dapk3,24.44853,23.38772,21.58059,23.38772,20.29883,21.65106,21.60878,21.60878
Pofut1,26.44919,25.7442,25.24952,25.7442,24.03993,24.00949,23.47346,24.00949
Arid1b,24.28008,23.28235,23.06609,23.28235,24.05449,23.80607,23.42137,23.80607
Rad50,23.49302,23.46389,23.31893,23.46389,21.14538,21.77808,20.55712,21.14538
Mul1,25.1801,23.61482,23.83219,23.83219,23.50167,22.68224,22.8053,22.8053
Mettl3,25.33715,24.46051,24.34394,24.46051,21.75046,21.11553,22.34646,21.75046
Paxbp1,23.57057,22.99599,23.06289,23.06289,23.86231,23.60309,23.02459,23.60309
Ttc5,25.2084,24.99473,24.64763,24.99473,25.4484,24.88381,25.54469,25.4484
Lppr2,17.12161,,,17.12161,25.42512,25.06792,24.8905,25.06792
Echdc2,27.53416,25.4128,26.00772,26.00772,22.76681,22.13132,21.45277,22.13132
Entpd2,22.57101,24.31872,23.58245,23.58245,21.69846,17.93687,,19.817665
Bbs7,25.05059,24.1546,24.18805,24.18805,21.86839,21.66479,20.49248,21.66479
Stmn3,22.42829,22.12063,,22.27446,26.83906,26.91308,26.0008,26.83906
Gfm2,24.2267,23.30327,22.74589,23.30327,24.14554,24.21438,23.40938,24.14554
Snapin,25.80203,25.3866,25.82709,25.80203,24.73273,24.32396,23.44796,24.32396
Tcf4,,18.85921,,18.85921,21.23087,20.71624,21.03248,21.03248
Cpne8,26.23416,24.58749,25.37769,25.37769,25.09386,25.02263,24.94762,25.02263
Stk25,25.38301,24.68576,24.49094,24.68576,24.82866,24.57317,23.97806,24.57317
Dmap1,23.83663,23.9358,23.97386,23.9358,23.68442,23.94199,23.51159,23.68442
Bicd2,25.78621,25.23279,25.55599,25.55599,22.16644,21.9451,23.19018,22.16644
Lipa,23.96684,21.25494,21.35558,21.35558,21.05821,20.76959,22.32372,21.05821
Arhgef10l,23.67357,22.57108,21.33271,22.57108,24.02724,23.75471,23.63832,23.75471
Pip5k1a,25.54919,22.77302,23.25465,23.25465,22.59003,22.25992,22.1327,22.25992
Nfil3,,,20.05841,20.05841,21.81886,23.33783,22.34849,22.34849
Fn1,30.60196,29.9157,29.88706,29.9157,21.86374,22.65123,22.74694,22.65123
Raver1,26.38988,24.28694,24.67066,24.67066,24.77565,24.63006,24.76304,24.76304
Itm2b,27.16624,26.77643,26.68739,26.77643,25.45428,25.54616,24.8925,25.45428
Aldh16a1,26.03398,24.58509,25.15769,25.15769,22.77068,22.44387,22.51994,22.51994
Galt,22.19412,22.72958,21.76284,22.19412,21.02269,22.10085,20.6163,21.02269
Ppp1r3f,21.1566,21.1665,21.45227,21.1665,23.18541,22.84374,21.59678,22.84374
Gtf2e2,21.54486,22.61852,23.36212,22.61852,23.08706,23.41132,22.01471,23.08706
Jam2,28.16125,27.35069,27.3841,27.3841,18.50719,18.3475,,18.427345
Tha1,25.74689,24.77092,24.16277,24.77092,24.1404,24.57467,24.10502,24.1404
Usp35,19.93488,19.90522,19.41889,19.90522,20.60991,20.47269,20.28308,20.47269
Fam208a,21.23222,20.11528,20.4707,20.4707,21.15078,21.08855,20.52688,21.08855
Cx3cl1,21.43201,20.89393,21.04687,21.04687,22.64342,22.48873,22.1337,22.48873
Hmgcs2,26.89261,,,26.89261,26.01859,26.61512,26.17889,26.17889
Pcmtd1,25.35293,24.33919,24.24634,24.33919,23.84738,23.78646,23.66156,23.78646
Efnb2,21.26304,19.6925,,20.47777,24.60235,24.52205,23.24853,24.52205
Cnn2,29.44796,29.92832,28.86284,29.44796,22.57561,21.82924,,22.202425
Pkib,,22.21798,22.12282,22.1704,,,,
Selt,26.72051,23.86712,23.63023,23.86712,27.53036,26.36645,24.56174,26.36645
Acvr1b,21.28861,21.03792,20.86756,21.03792,23.96182,24.21697,23.79778,23.96182
Gabrd,,,,,,,18.80285,18.80285
Pomgnt1,21.94185,21.52912,22.37859,21.94185,21.4371,21.97393,21.98791,21.97393
Rasgrp1,20.48306,20.30084,19.89831,20.30084,20.43298,20.76304,,20.59801
Abcc8,20.06421,,17.92405,18.99413,18.59816,19.30984,18.91497,18.91497
Hmgxb4,22.60352,22.48045,21.43161,22.48045,22.33325,22.11283,19.1966,22.11283
Tcf20,20.51171,21.34039,21.24945,21.24945,20.76118,20.55159,20.86529,20.76118
Npepl1,26.93337,25.74322,26.16254,26.16254,21.16705,19.92441,21.20926,21.16705
Slc25a15,23.72515,23.45387,23.21117,23.45387,20.79828,20.79717,22.96272,20.79828
Acad11,26.06433,24.7112,24.23469,24.7112,21.81178,21.29732,21.656,21.656
Sorbs1,24.57231,24.16959,23.99886,24.16959,17.99551,17.42169,15.95665,17.42169
4931406P16Rik,24.24728,24.02352,19.60926,24.02352,24.1961,24.10613,24.02073,24.10613
Aatf,23.97132,24.2863,25.95036,24.2863,23.84115,24.2875,23.53754,23.84115
Golga5,26.29497,25.13575,25.69088,25.69088,20.58325,20.21134,20.70295,20.58325
Ephb6,,,,,20.83938,21.65075,20.80751,20.83938
Unc119,24.82706,23.99809,23.98233,23.99809,25.85365,25.87949,25.52121,25.85365
Ca7;Car7,21.7545,,,21.7545,20.83214,,,20.83214
Tktl1,24.83147,23.57254,,24.202005,24.89064,,,24.89064
Map3k7,25.36786,23.55075,24.48898,24.48898,22.76191,22.23228,22.86942,22.76191
Eif4enif1,23.47791,22.62299,23.0245,23.0245,22.63008,22.4533,22.49972,22.49972
,26.87678,24.22413,24.41596,24.41596,24.52987,24.88897,24.80897,24.80897
Urgcp,21.45889,22.14317,19.90528,21.45889,22.46894,22.75691,21.44086,22.46894
Rnf126,26.04872,25.72062,25.93468,25.93468,25.71458,26.77404,26.0531,26.0531
Mrps30,26.99345,25.71285,25.44215,25.71285,26.09158,26.27569,25.62533,26.09158
D3Ertd751e,23.74612,21.90672,21.12629,21.90672,,,,
Gprasp2,22.85709,23.57496,22.64634,22.85709,22.57048,22.91954,20.3496,22.57048
Rai14,26.9546,26.15418,26.17782,26.17782,21.59678,22.05278,22.57455,22.05278
Cr1l,24.85904,23.55321,24.51545,24.51545,22.47383,22.57344,21.4498,22.47383
Mrps26,26.71999,26.90311,26.8642,26.8642,26.91365,27.05703,26.42908,26.91365
Zeb2,23.44632,21.77832,21.93059,21.93059,23.31008,23.58806,23.20104,23.31008
Mycbp,25.42774,24.53919,19.59127,24.53919,25.58474,25.59582,25.31275,25.58474
Pet112,24.42829,23.56034,23.21438,23.56034,24.30006,22.95654,23.18265,23.18265
Aldh1a2,28.32864,26.67452,25.29656,26.67452,17.69798,18.01296,19.79988,18.01296
Ccdc43,26.79947,25.98629,26.15041,26.15041,,20.3792,20.95823,20.668715
Fpgs,25.24981,21.8759,21.45156,21.8759,21.26711,20.54331,19.17221,20.54331
Mrps15,24.33047,24.35279,23.38087,24.33047,25.35612,24.86839,24.6151,24.86839
Mib1,24.36192,22.51352,22.79485,22.79485,22.08005,22.62145,22.48222,22.48222
Kctd3,20.77491,20.32202,20.77989,20.77491,22.42291,22.81788,22.98876,22.81788
Tmem106b,26.51832,25.45061,26.39854,26.39854,24.32052,25.02956,24.2129,24.32052
Iqcb1,24.94306,22.65055,20.64887,22.65055,25.21682,25.28789,24.37431,25.21682
Itpkb,26.57831,25.0393,24.98854,25.0393,22.21543,21.86722,19.65809,21.86722
Rapgefl1,19.43581,18.6623,20.26064,19.43581,21.56197,21.3063,21.1832,21.3063
Slmo1,,,,,25.28281,25.08513,24.2887,25.08513
Serpinf1,24.3646,22.82172,24.41229,24.3646,,17.32641,19.20247,18.26444
Otud6b,28.28925,27.33424,27.77618,27.77618,27.00774,26.38796,26.3577,26.38796
Mrpl54,25.55388,22.41083,18.18427,22.41083,25.61186,25.31859,24.61532,25.31859
Cox7c,24.83846,23.87127,24.09901,24.09901,26.49717,26.81678,25.62642,26.49717
Smg8,23.85538,22.9761,23.22682,23.22682,23.89846,23.79223,23.60998,23.79223
Kdm4a,21.82691,20.12477,21.2921,21.2921,22.74063,22.43903,22.54804,22.54804
Sh2d5,17.67783,,18.47068,18.074255,20.94728,22.91075,20.09442,20.94728
Grk5,24.05747,21.54128,21.52449,21.54128,22.37624,22.09423,20.163,22.09423
Klhdc2,18.40848,,,18.40848,22.99569,23.36506,22.29625,22.99569
Mrpl57,26.36718,25.78669,25.52406,25.78669,21.17542,,23.22307,22.199245
Parva,29.3521,28.99281,27.46646,28.99281,23.98381,21.99155,21.91017,21.99155
Tpgs1,25.58715,24.18563,22.55267,24.18563,22.7858,23.13918,22.60892,22.7858
Brd2,25.10992,23.04767,22.97949,23.04767,23.9526,23.37239,23.52289,23.52289
Pcdha9,16.83269,16.57467,,16.70368,22.18767,22.58877,22.47078,22.47078
Rbbp5,24.71749,24.87736,24.37855,24.71749,24.26614,23.64944,24.09023,24.09023
Akap6,23.23799,22.31216,22.45365,22.45365,20.36442,20.62042,20.13157,20.36442
Arhgap33,18.16678,19.3567,20.66092,19.3567,24.57548,24.43173,24.24147,24.43173
Fdx1l,24.54745,23.29095,24.11593,24.11593,24.13907,23.69678,21.84042,23.69678
,29.29647,27.84098,27.49427,27.84098,22.07366,23.04913,22.73521,22.73521
Cep68,22.92299,21.05305,19.26769,21.05305,18.73658,18.80857,17.61482,18.73658
Cd34,22.2392,23.33756,22.78853,22.78853,,21.18507,,21.18507
Cdc27,24.30904,23.51689,22.79592,23.51689,23.7684,24.09063,22.90691,23.7684
Slc6a7,20.05391,,,20.05391,20.71003,20.51595,,20.61299
Ddhd1,,,,,,18.83522,,18.83522
Frs2,22.40528,21.19982,20.28421,21.19982,21.97215,22.54324,21.82551,21.97215
Naa30,25.78189,24.85572,25.01504,25.01504,25.70396,25.49896,25.06612,25.49896
Dennd4a,22.57256,21.89752,21.79895,21.89752,21.04066,20.18095,20.35928,20.35928
Unc13c,,20.27185,,20.27185,18.3055,,,18.3055
Diablo,30.59201,27.37019,27.03244,27.37019,24.48278,24.62305,24.56512,24.56512
Incenp,19.44635,15.85919,,17.65277,18.59685,18.94312,,18.769985
Swi5,27.02644,26.09354,26.36851,26.36851,25.86609,25.99103,26.20085,25.99103
Alpl,,,,,22.86554,22.05009,21.48675,22.05009
Snx32,21.33778,19.09556,18.9219,19.09556,24.35984,24.445,24.31976,24.35984
Rlbp1,21.79998,22.29522,19.41667,21.79998,24.68121,24.0135,23.22182,24.0135
Vps37a,25.09824,23.7191,24.71973,24.71973,22.97502,22.75892,22.79806,22.79806
Krt8,,,,,,,,
Srp19,25.37408,25.85507,25.71673,25.71673,26.4154,26.72117,26.07867,26.4154
Foxk2,23.69753,22.56442,22.9563,22.9563,22.84272,22.99543,21.83198,22.84272
Hdac3,23.43122,22.64933,22.83896,22.83896,24.13069,23.34895,23.95003,23.95003
Bola3,26.35407,26.18694,26.52792,26.35407,23.04202,23.34462,22.46306,23.04202
Cnnm4,19.48497,,,19.48497,22.86049,22.88619,22.56878,22.86049
Rbck1,22.29418,22.30449,21.18622,22.29418,20.86234,19.60453,19.76612,19.76612
Rgs3,23.6608,20.8137,20.87147,20.87147,22.34093,22.50208,21.71268,22.34093
Fkbp9,25.93035,25.28912,25.32615,25.32615,20.68166,20.78915,18.07007,20.68166
Grm4,,,22.17228,22.17228,,17.09476,19.02851,18.061635
Pcdh1,21.75638,22.8258,22.51393,22.51393,22.6787,21.20723,22.83898,22.6787
Lsm3,30.16495,29.26258,29.43179,29.43179,27.61393,27.34087,27.38286,27.38286
Mid1ip1,26.24512,26.12546,26.29407,26.24512,23.10021,22.78475,21.01488,22.78475
Ahsa2,23.74253,23.38245,23.53445,23.53445,25.88672,25.68003,24.98798,25.68003
Fbxl15,22.80475,19.03631,22.78239,22.78239,23.51437,24.30654,23.53243,23.53243
Mllt4,21.32246,23.78317,20.65255,21.32246,24.08188,24.11339,23.77062,24.08188
Armcx3,25.4793,25.09816,24.0945,25.09816,25.68688,25.84182,25.18805,25.68688
Irf2bp1,24.75664,24.10518,23.37796,24.10518,24.83379,24.80646,24.36212,24.80646
Tatdn1,25.84704,25.82279,25.3161,25.82279,24.04635,24.74335,23.92162,24.04635
Ankrd44,24.84522,24.01521,24.11569,24.11569,25.20314,25.20471,24.97762,25.20314
Arnt2,26.13473,24.46818,23.90049,24.46818,23.86618,24.03297,23.26899,23.86618
Alkbh7,24.70799,24.48965,23.84556,24.48965,23.00481,23.14636,23.00907,23.00907
Saraf,27.02855,25.57288,25.70451,25.70451,24.44518,25.4562,24.55327,24.55327
Nfat5,23.2953,21.59236,18.89083,21.59236,20.61279,18.96787,18.69268,18.96787
Phldb1,27.35884,26.57086,26.78119,26.78119,22.38153,21.93452,21.86778,21.93452
Brd9,22.32655,21.21116,21.59409,21.59409,22.88439,21.6628,22.50664,22.50664
Tmem132e,,20.44081,21.01264,20.726725,18.41823,18.7836,18.52822,18.52822
Gtf2e1,23.94824,23.46712,23.03009,23.46712,25.02102,25.12183,24.78072,25.02102
Tmem222,22.18323,23.41158,21.05775,22.18323,23.51821,24.10877,23.61953,23.61953
Sec61g,26.30482,24.42201,24.08489,24.42201,28.83358,28.98471,28.63277,28.83358
Cdk9,24.73185,24.71141,24.65622,24.71141,26.80796,27.05466,25.14075,26.80796
Timm22,27.91639,25.26892,25.73027,25.73027,26.39334,26.34016,26.02817,26.34016
Cd99,25.47401,25.94418,26.58721,25.94418,19.55607,22.09016,23.08104,22.09016
Cmtm4,28.29579,26.00917,27.55538,27.55538,23.99179,23.81978,23.90582,23.90582
Slc15a2,27.16595,25.37935,24.73195,25.37935,21.15041,21.30936,21.61329,21.30936
Rit2,,18.44722,19.62241,19.034815,24.99589,24.60246,24.25212,24.60246
Sun1,25.52904,24.46607,24.06554,24.46607,23.6147,23.81997,23.64603,23.64603
Lhfpl4,,,,,22.38556,23.4902,21.27895,22.38556
Doc2a,,,16.82389,16.82389,22.96939,22.28884,22.4381,22.4381
Rundc3b,,,,,24.18858,23.9518,23.87455,23.9518
Ptpn2,23.77374,23.29642,24.16415,23.77374,24.83692,24.47141,23.8811,24.47141
Rbm5,24.19663,23.35461,23.42995,23.42995,21.80766,22.45631,22.11191,22.11191
Rims1,,,,,19.35836,18.73195,19.51874,19.35836
Mtpap,26.69205,25.31779,25.65981,25.65981,24.20754,24.56308,23.83576,24.20754
Mdga1,,18.30603,,18.30603,23.39467,23.63688,23.52576,23.52576
Nucb2,26.11066,26.81005,26.96411,26.81005,24.25278,24.09909,24.04984,24.09909
Cnpy4,27.59562,27.37385,27.11961,27.37385,24.04943,23.99499,23.21079,23.99499
Hexim1,27.67459,25.95123,26.66071,26.66071,22.95211,22.53105,22.41664,22.53105
Stx5;Stx5a,28.35569,26.49133,26.50317,26.50317,25.594,25.56387,25.46684,25.56387
Tceb3,23.77324,24.11672,24.2737,24.11672,21.51716,21.97046,22.67829,21.97046
Angel2,23.99274,23.29334,22.95699,23.29334,24.66947,24.65513,24.37597,24.65513
Slc10a4,,,,,22.49663,22.42864,22.8837,22.49663
Pllp,16.06911,,,16.06911,,,,
Nf2,25.58801,24.74571,24.73717,24.74571,22.48822,22.65281,22.43408,22.48822
Rela,26.67115,25.96669,26.15056,26.15056,24.85795,25.00903,23.82474,24.85795
Palmd,,22.39312,21.27202,21.83257,,,,
Pkia,27.10839,26.25548,25.87636,26.25548,27.27097,25.04643,25.96688,25.96688
Srsf9,27.13692,26.37905,26.37857,26.37905,25.11613,24.59258,24.85429,24.85429
Ears2,23.20814,23.10154,23.36826,23.20814,25.79558,24.46936,24.08529,24.46936
Add1,,,,,20.40166,20.93869,,20.670175
Dvl3,24.74673,23.74489,23.14804,23.74489,23.32677,22.3735,22.77243,22.77243
Ptprr,26.83388,27.46692,24.67055,26.83388,22.25977,22.69789,22.33519,22.33519
Ngb,,,,,,22.25957,,22.25957
Fchsd2,26.03446,26.36368,25.92227,26.03446,25.15858,25.13997,25.45042,25.15858
Osgep,27.16,25.96354,26.33574,26.33574,25.3758,25.10725,24.76699,25.10725
Zbed5,27.4961,26.49282,26.60527,26.60527,23.99205,23.66232,23.55274,23.66232
Exoc6,22.92794,20.86703,20.90998,20.90998,24.02191,24.91916,23.40432,24.02191
Sec61a1,27.7564,26.59164,26.77706,26.77706,27.09416,27.41103,26.93876,27.09416
Cyp2s1,,,,,16.57663,15.31178,,15.944205
Faim2,,,19.69552,19.69552,24.27491,22.51143,23.46588,23.46588
Txndc15,24.94011,23.93031,23.36893,23.93031,26.44985,26.49937,26.19712,26.44985
Anapc4,25.13677,23.87004,23.18885,23.87004,26.25389,26.31986,25.905,26.25389
Gng5,26.603,23.04963,23.55579,23.55579,,,,
Brd4,24.45193,24.93003,24.73521,24.73521,24.56987,24.36373,24.13485,24.36373
Fbxw17,22.63327,24.16254,22.43204,22.63327,20.42614,21.48753,20.91882,20.91882
Appbp2,18.53924,16.43723,17.41922,17.41922,23.58864,22.68987,22.34654,22.68987
Med1,23.74489,23.30271,22.25655,23.30271,22.72134,22.41145,22.49033,22.49033
Unk,24.68014,23.65785,24.1361,24.1361,23.27014,23.23052,23.13124,23.23052
Shc1,24.57491,23.94092,24.11862,24.11862,,,,
Rpl22l1,27.55633,27.37468,26.11575,27.37468,26.4206,26.52561,24.98845,26.4206
Arid4b,21.73343,21.89833,22.62212,21.89833,23.84451,21.71419,21.94899,21.94899
Cdc40,23.42982,23.42163,23.71973,23.42982,23.1811,22.87487,22.21863,22.87487
Git2,23.94628,23.77987,23.43835,23.77987,23.89901,23.6634,23.27512,23.6634
Tmem214,25.37759,24.5741,24.65518,24.65518,24.02724,23.81997,23.36132,23.81997
Ssh2,20.4053,19.20517,20.25753,20.25753,23.14288,22.70563,22.4019,22.70563
Pla2g6,24.17005,22.58687,22.94888,22.94888,23.30647,20.43797,19.95589,20.43797
Cdh6,24.39682,22.79735,23.76668,23.76668,21.96077,21.71121,18.55101,21.71121
Fastkd5,22.17512,25.13665,21.52181,22.17512,20.75426,21.2454,21.24173,21.24173
Gnb2,,,,,,,,
Npc2,30.4565,29.7627,29.3848,29.7627,26.4761,26.86868,25.95471,26.4761
Pla2g15,25.41548,24.85405,24.88306,24.88306,24.56186,24.39813,22.60098,24.39813
Pltp,26.41275,25.04385,24.77891,25.04385,21.79701,21.90661,21.79031,21.79701
Kcnj9,,,,,,,,
Myof,29.45772,28.71748,28.50397,28.71748,21.79947,21.56556,21.80392,21.79947
Gan,22.31567,21.79555,21.34992,21.79555,24.9952,25.06258,24.53576,24.9952
Rpl37a,31.0189,31.2374,31.28372,31.2374,29.10074,30.07839,29.32157,29.32157
Cwc15,25.54333,27.82262,25.64014,25.64014,23.49436,22.5885,24.2451,23.49436
Kctd10,24.3656,24.53321,24.22678,24.3656,22.58174,22.78612,21.90514,22.58174
Kiaa0100,18.68746,18.41493,18.15847,18.41493,19.73577,18.85653,19.37207,19.37207
Pank2,24.75817,24.08083,24.24009,24.24009,24.97255,24.0466,24.18963,24.18963
Ppfia1,26.23971,25.64982,25.72435,25.72435,23.17156,22.32336,22.83409,22.83409
P33monox;4833439L19Rik,25.63243,26.78594,24.53172,25.63243,20.78405,19.24286,18.8042,19.24286
Suds3,23.82571,23.62143,22.56802,23.62143,23.38073,23.4924,23.8227,23.4924
Rqcd1,25.2787,22.36986,22.40777,22.40777,26.79984,27.22986,26.60795,26.79984
Bicd1,23.61336,21.72013,20.90757,21.72013,21.94199,21.16466,21.12622,21.16466
Thoc5,23.07733,23.29656,22.53668,23.07733,24.98163,24.88707,24.68325,24.88707
Slc4a4,22.09433,22.94045,18.41468,22.09433,19.52187,19.35122,18.65885,19.35122
Wdr4,25.26076,24.53445,25.0486,25.0486,24.85362,24.35662,24.29025,24.35662
Pcbd2,27.77637,26.83437,26.30805,26.83437,23.95011,23.6502,23.61863,23.6502
Sdpr,25.07745,23.87811,23.57946,23.87811,21.9852,19.03534,21.72167,21.72167
Cwf19l1,23.51424,23.28008,23.60671,23.51424,22.95568,23.34001,23.101,23.101
Vti1a,23.73552,24.96146,25.0299,24.96146,23.94458,24.92606,23.19336,23.94458
Nsd1,20.21644,20.81002,20.61396,20.61396,20.83221,20.43715,21.03758,20.83221
Morc2a,24.0059,24.69689,23.98433,24.0059,23.64746,23.21965,23.33906,23.33906
Rims4,21.90698,22.56425,21.87485,21.90698,25.42998,25.04373,25.10177,25.10177
Trip4,24.43231,22.94865,23.07865,23.07865,23.0756,20.94892,20.20419,20.94892
Bag1,27.58978,26.33693,26.56368,26.56368,24.81934,24.445,24.22369,24.445
Mapt,,,,,28.23822,28.18381,27.63596,28.18381
Gjb6,,,,,,,,
Triobp,25.28553,24.84129,24.52462,24.84129,19.56961,19.48071,18.27712,19.48071
Enpp4,25.9572,25.42905,24.35407,25.42905,22.89781,22.71908,22.16598,22.71908
Keap1,22.60921,22.62484,20.92586,22.60921,23.64328,23.69965,23.1179,23.64328
Itfg3,24.46158,24.39937,24.14616,24.39937,23.03428,23.96614,23.56372,23.56372
Thg1l,23.12745,22.71454,21.73533,22.71454,23.47853,22.27225,22.34468,22.34468
Smyd2,22.99001,20.92557,21.77925,21.77925,23.43352,23.49326,23.15287,23.43352
Whsc1,22.26055,20.44294,21.2012,21.2012,23.07988,22.71461,22.70957,22.71461
Dkk3,19.29147,,,19.29147,18.77665,,17.01846,17.897555
Hcn4,,14.38154,,14.38154,21.88039,21.8668,20.61252,21.8668
Tmem38a,,,,,22.76276,22.97579,22.61027,22.76276
Optn,24.07276,24.04585,24.24851,24.07276,19.42089,19.35557,18.87999,19.35557
Adrbk2,23.45676,22.2575,22.43586,22.43586,19.62738,20.48611,19.94249,19.94249
Mto1,22.19535,22.45244,22.44594,22.44594,22.34142,20.23643,21.07117,21.07117
Phf3,23.87793,23.02672,22.78127,23.02672,22.20413,21.38163,21.38648,21.38648
Rnf113a2,25.69469,23.37518,24.0496,24.0496,21.87575,22.07133,19.01351,21.87575
Cacng2,,22.36276,,22.36276,23.17618,23.39624,21.49174,23.17618
Galnt2,27.03517,26.17364,26.2759,26.2759,25.82068,26.13146,25.62397,25.82068
Cep131,27.69757,26.82202,26.87514,26.87514,21.35493,20.63387,21.226,21.226
9330182L06Rik,21.36341,17.42898,18.17908,18.17908,21.67038,23.29151,22.59828,22.59828
Pnck,20.09584,,22.00949,21.052665,25.54371,25.27459,24.72458,25.27459
Rasd2,,,14.7718,14.7718,,,,
Otub2,21.28833,19.97617,21.12199,21.12199,21.50485,22.29359,22.04577,22.04577
Zbtb20,26.71253,26.24225,25.65302,26.24225,24.53671,24.37974,24.78811,24.53671
Adal,24.51202,23.34489,23.29586,23.34489,20.1893,19.66223,19.65667,19.66223
Mcmbp,25.46526,24.04827,23.96877,24.04827,24.56697,25.11779,24.53925,24.56697
Pdzd11,29.1839,28.9063,28.77373,28.9063,25.03976,24.79397,22.33538,24.79397
Nupl1,26.29425,24.73691,24.99378,24.99378,24.39297,24.76719,24.4215,24.4215
9/8/2015 0:00,,,,,,,,
Rpl29;Gm17669;Gm10709;Gm3550,31.42887,30.46568,30.7531,30.7531,28.30226,29.42061,28.96752,28.96752
Msrb2,26.1323,22.98052,23.92425,23.92425,17.4151,17.51815,,17.466625
Zhx3,22.53467,21.62257,21.08609,21.62257,20.93797,21.0899,19.07512,20.93797
Tmem56,,20.0482,25.74627,22.897235,23.16602,22.70506,23.83576,23.16602
Crabp1,27.95055,26.67007,26.8441,26.8441,25.07553,24.98824,26.40852,25.07553
Las1l,24.54085,23.0293,24.01878,24.01878,25.51241,25.90467,25.69562,25.69562
Sco2,25.32426,24.59126,24.6402,24.6402,24.89171,24.93575,23.80243,24.89171
Phf5a,26.29803,25.90763,26.66763,26.29803,25.53674,25.30198,24.8531,25.30198
Rem2,,,,,25.34499,25.58552,25.13395,25.34499
Fig4,23.87136,25.34729,25.99311,25.34729,23.41119,23.73779,23.5291,23.5291
Klhl42,21.39906,20.16644,21.17706,21.17706,21.30039,21.85787,20.93941,21.30039
Irs1,25.3887,24.48296,24.38574,24.48296,20.02256,20.66092,21.03026,20.66092
Tulp3,26.84182,26.42974,25.86453,26.42974,23.28122,23.77475,20.33995,23.28122
Rbm27,24.78172,24.21282,24.64916,24.64916,23.42726,24.03187,21.78584,23.42726
Ppih,27.00539,27.04437,26.52172,27.00539,25.26263,25.83668,25.55031,25.55031
Itgb2,26.56042,24.81602,25.42371,25.42371,20.53545,20.44142,19.20036,20.44142
Dis3,24.67126,24.127,24.32917,24.32917,25.08156,25.22475,24.92329,25.08156
Mrpl55,26.31929,25.40123,25.22891,25.40123,26.65526,25.74694,25.05146,25.74694
Kmt2a,21.83623,20.8543,21.71205,21.71205,19.33638,19.63701,19.97323,19.63701
Dusp19,,,,,22.59005,22.85671,,22.72338
Ank3,10.41754,,,10.41754,17.95963,16.93744,16.27389,16.93744
Phactr2,22.79978,,,22.79978,,,,
Arhgef18,26.38509,25.33354,25.81382,25.81382,23.12021,23.09444,22.5603,23.09444
Lrrc75a,23.5981,22.35767,23.4051,23.4051,23.23665,23.36078,22.23436,23.23665
Dock6,24.15954,22.88841,22.39325,22.88841,22.82619,22.09039,21.19051,22.09039
Pdlim4,31.6667,30.92011,30.76746,30.92011,22.7186,22.96667,21.8631,22.7186
Gng11,22.92343,,,22.92343,,,24.43682,24.43682
Lsm1,25.27281,24.74617,24.58858,24.74617,26.88227,26.97956,26.43465,26.88227
Rabif,26.97465,26.03823,26.89238,26.89238,27.70108,27.39149,25.30487,27.39149
Hm13,28.07184,27.10299,27.38755,27.38755,25.96919,26.01188,26.06561,26.01188
Rsf1,24.46793,23.93139,23.54604,23.93139,23.00415,22.8926,23.04425,23.00415
Mepce,23.92171,23.40041,22.42918,23.40041,23.38469,23.23305,22.41519,23.23305
Ranbp10,23.77836,24.23359,24.59269,24.23359,20.73694,22.13587,23.08766,22.13587
Spcs1,29.13873,27.54178,27.7726,27.7726,27.21937,28.39374,28.09315,28.09315
Mettl16,24.09861,24.05813,24.12502,24.09861,23.90747,23.72806,23.03857,23.72806
Taf9,24.25292,22.51012,21.90386,22.51012,23.454,22.58987,22.0969,22.58987
Rab11fip1,24.95943,24.28079,24.74119,24.74119,21.00512,21.06276,21.24632,21.06276
Opalin,,20.6734,,20.6734,,,,
Engase,23.55215,22.92327,23.56535,23.55215,22.80463,22.9618,22.1988,22.80463
Cerk,20.6264,18.83519,17.69968,18.83519,21.59464,21.88372,21.40821,21.59464
Ddx18,25.56985,25.52725,25.16488,25.52725,23.44164,23.75542,23.80213,23.75542
L7rn6;l7Rn6,28.80483,27.1883,27.80421,27.80421,26.59648,26.74484,26.74586,26.74484
Rab26,,,,,,,,
Lrig1,24.57917,23.49826,23.16,23.49826,20.25419,19.30846,18.13014,19.30846
Wac,24.14981,24.03086,23.85329,24.03086,22.96268,22.88157,23.29404,22.96268
Wdr81,23.82978,22.17359,22.26599,22.26599,23.59446,23.17843,23.42522,23.42522
Slc18a2,19.2793,,,19.2793,20.34495,20.52076,20.01195,20.34495
Cstf2t,25.00089,20.48198,23.03778,23.03778,23.76901,23.43581,23.5087,23.5087
Vps9d1,,,,,22.0451,21.9733,21.76927,21.9733
Olfm3,,,,,18.81641,,,18.81641
Mre11a,25.6572,24.69562,24.45186,24.69562,21.14625,21.07907,21.0713,21.07907
Tmf1,25.34635,24.36886,24.06956,24.36886,22.52368,21.76048,19.78852,21.76048
,25.06015,23.70007,25.0127,25.0127,21.18059,21.72692,21.55997,21.55997
Snap23,29.43778,28.76376,28.16883,28.76376,26.36361,25.98,26.32679,26.32679
Dopey1,17.67762,12.51205,15.68921,15.68921,21.71293,22.61045,21.64417,21.71293
Alg5,26.98729,26.49951,26.14597,26.49951,25.34807,25.13332,25.30966,25.30966
,27.28833,,,27.28833,20.84161,21.74653,20.92093,20.92093
Shf,,19.24611,19.428,19.337055,20.13996,18.89886,12.68663,18.89886
Aup1,26.03536,25.11303,24.80252,25.11303,23.60908,22.59298,22.34965,22.59298
Tprkb,27.65922,25.91105,26.0526,26.0526,25.49186,25.74386,25.45585,25.49186
Ncor1,22.4265,21.84364,20.45824,21.84364,20.38816,21.55675,19.79978,20.38816
Serpinb9b,21.94703,19.14253,20.18834,20.18834,19.38716,23.89698,21.51879,21.51879
Aaas,25.77072,25.44003,25.45917,25.45917,25.09844,25.31814,25.1168,25.1168
Iah1,26.88332,26.91627,25.23034,26.88332,25.06919,25.53552,24.92506,25.06919
Madd,,,,,18.06723,17.95968,,18.013455
Ints7,24.998,24.74088,24.72083,24.74088,24.63301,24.49387,24.6725,24.63301
Cdc37l1,25.39944,25.40126,25.45127,25.40126,23.42227,23.01437,23.27028,23.27028
Gpc6,25.66812,23.58967,23.92479,23.92479,24.24612,23.31354,23.57288,23.57288
Ttc4,24.51887,23.84805,22.69121,23.84805,21.32734,21.07862,19.22105,21.07862
Apc2,20.19748,20.2867,19.56162,20.19748,22.24429,22.46792,22.60309,22.46792
Orc5,22.22955,18.79211,20.2674,20.2674,22.44935,22.13119,20.93797,22.13119
Sec62,26.09015,25.91673,26.27427,26.09015,24.3839,24.51418,24.63998,24.51418
Cntn6,,18.82476,19.59647,19.210615,20.10188,21.0901,18.93408,20.10188
Tpd52l1,21.91798,18.82898,20.94457,20.94457,15.38175,15.75269,14.95101,15.38175
Isy1,22.59978,23.56092,22.49843,22.59978,22.93207,22.76784,23.32869,22.93207
Ift172,25.05689,24.10165,24.05681,24.10165,22.18933,21.72159,21.84548,21.84548
Zbtb7a,24.60286,21.81828,20.38659,21.81828,19.257,19.00339,14.88221,19.00339
Mrpl41;Gm6434,28.80968,25.5809,25.97675,25.97675,25.88337,25.436,25.38502,25.436
Prss23,25.12975,24.31893,23.77133,24.31893,17.73595,,,17.73595
Coq7,26.49135,25.15248,24.73521,25.15248,24.98524,24.21342,22.89141,24.21342
Ephb3,22.91601,21.84846,21.4208,21.84846,21.71238,21.09178,20.42686,21.09178
Ppil2,24.4231,23.10433,22.59448,23.10433,22.33552,22.7648,22.50242,22.50242
Slc25a19,24.23059,22.65604,22.91225,22.91225,23.46762,23.35756,23.05927,23.35756
Tmem177,25.07806,23.58268,23.11528,23.58268,24.40067,24.49503,23.81685,24.40067
Fyttd1,26.95294,25.63143,26.03133,26.03133,25.59104,25.94751,24.99783,25.59104
Otulin,25.54522,24.63051,24.78477,24.78477,23.08732,22.80692,22.55333,22.80692
Smpdl3b,26.85733,25.43231,24.91762,25.43231,21.93272,21.92241,19.77536,21.92241
Msh6,24.67347,23.6971,24.2129,24.2129,24.12786,24.19535,23.95251,24.12786
Szrd1,27.84769,27.29632,27.14987,27.29632,22.09658,22.71064,,22.40361
Crlf3,25.00821,24.96688,24.48062,24.96688,22.92893,22.41113,22.89,22.89
Ccdc88c,22.14124,21.55913,21.30446,21.55913,18.9187,20.55749,18.70614,18.9187
Ca10;Car10,,,,,,17.463,,17.463
Uqcc1,25.12052,24.3394,25.84945,25.12052,24.73221,24.67627,23.87202,24.67627
Sipa1l3,22.53227,22.05006,22.09362,22.09362,21.38269,20.97344,20.83669,20.97344
Cep170,,,,,16.04734,,,16.04734
Mbp,20.63927,,,20.63927,,,,
Col4a2,24.31043,23.09689,22.92685,23.09689,17.96877,15.28146,,16.625115
Slit2,24.83364,23.51159,24.07561,24.07561,23.64482,23.46837,23.28912,23.46837
Clcn3,,,,,20.55375,17.19191,,18.87283
St8sia3,19.2214,,,19.2214,24.45595,24.17539,24.08213,24.17539
Fbxo6,26.81287,26.15016,26.37171,26.37171,22.25931,19.54875,21.09359,21.09359
Scamp4,23.9757,24.13061,,24.053155,24.63937,24.38495,24.47914,24.47914
Mrpl43,26.45573,25.63489,25.2285,25.63489,26.02608,25.88958,25.54194,25.88958
Pelo,25.48358,25.61625,25.08978,25.48358,24.82498,24.84943,25.04685,24.84943
Pcf11,24.31817,20.88963,21.18562,21.18562,21.24551,21.06098,21.07561,21.07561
Cbfb,26.02532,25.39463,26.11048,26.02532,24.08643,24.59929,23.90839,24.08643
Cep128,26.21401,25.74037,25.1325,25.74037,19.74872,19.73226,18.92155,19.73226
Pex3,24.61263,25.0653,24.33946,24.61263,25.05424,24.98902,24.60167,24.98902
Gtf3c4,25.49268,23.89846,24.17699,24.17699,24.7226,24.82512,24.47865,24.7226
Ift88,25.29035,24.15329,24.32649,24.32649,21.90209,21.22476,22.22993,21.90209
Tub,,,,,24.76279,24.18956,23.88493,24.18956
Gls2,,,20.84698,20.84698,,,,
Pbx1,26.47486,25.60558,25.89691,25.89691,25.51313,25.53866,25.59027,25.53866
Fam210a,26.09629,23.76971,24.91711,24.91711,22.80162,22.61695,21.37904,22.61695
Tbcc,26.15016,25.66218,25.86093,25.86093,24.79362,24.80361,23.93022,24.79362
Smarcd3,23.84451,23.47308,23.40158,23.47308,25.51271,25.42281,25.22913,25.42281
Polr2h,26.78244,26.64883,27.13692,26.78244,25.95533,25.78945,25.65395,25.78945
Trhde,16.18882,,,16.18882,22.87226,22.96259,22.83782,22.87226
Rbm45,22.58486,21.65744,22.19928,22.19928,22.44877,21.54326,20.77338,21.54326
Kiaa0319l;AU040320,23.50446,21.41607,20.60032,21.41607,23.81274,23.19901,23.42265,23.42265
Eif1ad,24.65687,23.77495,25.1905,24.65687,24.50821,23.66036,22.14647,23.66036
Rabep2,23.98642,24.52659,24.50924,24.50924,21.86835,22.35089,21.78285,21.86835
Gtf3c1,23.25166,23.22134,22.44536,23.22134,23.92162,23.99421,23.07987,23.92162
Trim36,,,,,21.19039,21.01332,20.32487,21.01332
Gpt,20.03859,20.87185,20.905,20.87185,13.42206,13.09996,,13.26101
Hm13;H13,22.7533,21.91156,22.63409,22.63409,25.5373,25.13191,24.94668,25.13191
Cbwd1,26.86384,25.91504,25.01125,25.91504,25.95538,25.97498,27.34714,25.97498
Tgs1;Gm5117,24.698,22.70183,23.09608,23.09608,23.27028,23.06467,23.39336,23.27028
Smarcc1,24.99118,24.6147,23.81431,24.6147,26.29455,26.53525,24.00393,26.29455
Fam20b,24.89934,24.01427,24.42656,24.42656,25.01465,24.41545,24.47104,24.47104
Larp7,25.98416,24.78756,25.01814,25.01814,24.99455,24.41106,24.18101,24.41106
Plekho1,25.6685,23.3538,23.19822,23.3538,24.33484,23.34449,23.35542,23.35542
Pja1,19.56071,21.5799,19.39052,19.56071,21.46164,20.37539,21.60558,21.46164
Pros1,23.71565,24.23958,22.14333,23.71565,21.28444,20.5064,21.28354,21.28354
Cacna1c,15.80418,15.69569,,15.749935,20.51326,19.76895,19.9011,19.9011
Slc4a2,23.27526,22.41486,22.45786,22.45786,20.13671,13.88988,19.94178,19.94178
Clip3,23.22876,18.19532,16.44995,18.19532,24.71691,24.79986,23.86514,24.71691
Mon1b,25.31178,22.63429,22.48478,22.63429,23.71324,23.80705,22.89584,23.71324
Calu,27.0379,27.00153,26.61034,27.00153,23.47914,23.00847,23.39375,23.39375
Tmed8,23.63622,21.30986,22.45854,22.45854,24.82333,24.71177,24.83282,24.82333
Hps5,23.07459,19.82409,19.98968,19.98968,20.22612,20.24771,13.44954,20.22612
Xab2,24.61358,22.18359,23.18835,23.18835,24.57721,24.4049,23.7604,24.4049
Zcchc6,24.00101,23.16896,23.58049,23.58049,24.11378,23.60309,23.70092,23.70092
Sgpl1,29.9574,29.01863,29.03113,29.03113,26.34171,25.35407,25.825,25.825
Aga,29.53007,28.51897,28.25426,28.51897,22.83775,22.79881,22.0437,22.79881
Synj2bp,,23.56906,21.77716,22.67311,21.82485,22.72584,20.46712,21.82485
Prpf38b,25.86962,23.29446,23.84173,23.84173,25.20337,25.77879,25.1787,25.20337
Mapk8ip1,19.13275,14.66061,18.38873,18.38873,23.85358,23.804,23.59423,23.804
Maf1,,,,,22.53865,23.90307,22.37698,22.53865
Spryd3,20.45051,20.20132,21.16319,20.45051,24.78531,24.81465,24.27327,24.78531
Abcb10,26.58449,25.31088,25.20836,25.31088,22.64579,22.46199,21.92202,22.46199
Snx11,25.27987,24.02926,24.09079,24.09079,27.53185,25.2329,24.99882,25.2329
Rgs17,,,,,24.73428,23.81225,22.5322,23.81225
Lgmn,28.04453,26.21041,24.70171,26.21041,24.04852,23.28828,22.93761,23.28828
Ercc4,22.07679,24.25861,23.93193,23.93193,23.47222,23.26528,23.19575,23.26528
Ccdc85a,,,,,16.79703,16.12699,,16.46201
Mocs2,22.04943,24.32368,22.92687,22.92687,24.65278,25.07402,25.0554,25.0554
Fbxo42,22.46785,22.28082,22.38806,22.38806,23.9094,24.14616,23.78676,23.9094
Dlg5,21.17371,18.36003,18.82504,18.82504,20.93373,21.07366,20.12641,20.93373
Dctn4,,,,,23.03763,23.86325,23.06686,23.06686
Pi4kb,24.24837,22.98473,23.15576,23.15576,22.4288,23.4339,22.02621,22.4288
Zdhhc17,23.42227,21.22305,23.96076,23.42227,24.79595,25.10438,24.52468,24.79595
Fundc1,26.19565,23.66449,24.06932,24.06932,23.41041,22.26971,,22.84006
Man2a2,24.11497,24.09692,24.68752,24.11497,23.78127,23.75969,23.59776,23.75969
Myl12a,26.14174,26.72624,26.97301,26.72624,21.27589,22.64139,21.60232,21.60232
Tecpr2,23.29866,22.86854,23.03466,23.03466,23.59764,23.98251,22.85367,23.59764
Rcbtb2,26.44569,24.89254,25.36963,25.36963,24.22383,23.86835,22.64205,23.86835
Eif1ax,25.8593,25.70026,26.15302,25.8593,26.28129,26.77706,25.90268,26.28129
Fam219a,23.75195,,,23.75195,24.01385,23.23362,23.64064,23.64064
Map3k10,,,,,21.21074,19.95957,20.3705,20.3705
Tyw5,24.63766,23.53315,22.9771,23.53315,23.08508,22.64998,21.59291,22.64998
Xxylt1,23.17446,22.22482,23.2057,23.17446,23.37385,24.28524,21.38174,23.37385
Pja2,23.9136,22.69912,22.5619,22.69912,20.61845,18.56985,18.35372,18.56985
Sclt1,22.0479,19.53577,20.05325,20.05325,16.67135,21.47521,,19.07328
Mtm1,26.14936,25.12534,25.42522,25.42522,19.33143,20.18894,19.25909,19.33143
Pkig,28.2896,26.56877,25.56465,26.56877,22.18973,22.57076,21.51581,22.18973
A2m;Pzp,28.85863,27.50233,28.36974,28.36974,22.0283,22.50964,20.89748,22.0283
Rpf2,24.93306,25.13246,25.0641,25.0641,25.85935,25.14857,24.1118,25.14857
Des,,,,,,,,
Chadl,17.52367,16.69575,,17.10971,17.21618,21.77354,21.80365,21.77354
Mrps33,25.31285,26.46681,26.84194,26.46681,25.67171,25.39169,25.26989,25.39169
Syt13,20.36474,20.31163,,20.338185,20.58132,20.40686,19.96056,20.40686
Sec11a,26.31976,26.31757,26.71017,26.31976,27.60442,27.4684,26.68472,27.4684
Ccdc12,27.40811,26.0121,25.8602,26.0121,23.59423,22.87925,22.9606,22.9606
Cox20,23.86505,24.50252,21.99969,23.86505,24.55871,25.02614,24.96895,24.96895
Lmcd1,27.03496,25.98301,25.07806,25.98301,21.79757,23.26442,21.93704,21.93704
Wipi1,21.77415,23.66177,23.48775,23.48775,21.39137,21.06894,20.78285,21.06894
Ly6h,23.60343,23.05917,18.26421,23.05917,28.17755,29.15216,28.66047,28.66047
Ttc26,26.27331,25.0466,24.94235,25.0466,25.15495,25.56544,25.26649,25.26649
Usp25,23.55544,22.44306,22.54699,22.54699,23.79054,20.55675,22.97672,22.97672
Mga,21.30786,20.02364,20.99217,20.99217,20.31705,19.48263,17.51299,19.48263
Hmbs,26.36399,25.77246,25.9564,25.9564,23.02391,23.62187,22.47793,23.02391
Nes,31.06059,30.52244,30.05569,30.52244,23.94922,23.41403,23.42163,23.42163
Hook1,25.46855,22.08599,21.28161,22.08599,23.89837,23.55368,22.60917,23.55368
Cdh12,,17.29688,17.69221,17.494545,19.02637,19.3105,18.63013,19.02637
Col1a2,23.76648,22.0889,21.49155,22.0889,,18.07713,,18.07713
Foxred1,23.89883,21.0023,21.83515,21.83515,20.03134,21.64948,18.73493,20.03134
Ift74,26.45706,25.76681,25.21423,25.76681,21.55553,20.94285,21.5232,21.5232
Chmp2b,27.73273,24.10949,25.92062,25.92062,23.53338,23.95189,24.35629,23.95189
Aktip,25.55174,24.38495,24.19723,24.38495,24.31852,23.65764,23.05426,23.65764
Lingo2,,,,,22.00813,22.44109,21.75923,22.00813
Mkrn2,22.61502,24.68078,23.57819,23.57819,22.23342,23.39571,22.9652,22.9652
Adprm,,,,,24.26928,23.66568,22.94598,23.66568
Cox7a1,24.63854,,23.28023,23.959385,,,15.73034,15.73034
Sdc3,24.62064,22.49641,21.78221,22.49641,26.57658,26.05223,25.94936,26.05223
Nr2f1,23.58337,22.12597,22.38393,22.38393,26.71122,26.95172,26.19511,26.71122
Ssh3,24.9193,23.90876,24.36986,24.36986,20.68492,19.4894,19.98635,19.98635
Polr2e,26.71345,25.99897,26.56308,26.56308,24.91752,25.04723,25.44405,25.04723
Tpk1,26.55653,24.95465,24.58463,24.95465,23.51147,23.02069,23.41725,23.41725
Cdc73,25.17051,24.34685,24.62695,24.62695,23.86363,23.94824,23.20359,23.86363
Cobl,21.93718,19.6807,19.48204,19.6807,17.95714,18.69961,16.86036,17.95714
,21.5775,19.71612,20.51345,20.51345,,,,
Tssc4,24.12479,25.02293,24.83326,24.83326,20.2105,,,20.2105
Cd97,24.06735,22.35869,22.37719,22.37719,20.40676,21.42941,19.49837,20.40676
Rps29,29.96375,30.87078,29.45491,29.96375,29.08342,28.45795,28.46131,28.46131
Ccdc127,26.4519,26.17489,25.68062,26.17489,23.8423,24.81875,23.88213,23.88213
Parl,22.21039,21.61688,21.38801,21.61688,21.72754,21.86801,20.86846,21.72754
Peg3,20.17682,18.44196,18.32325,18.44196,20.56207,20.36698,20.93797,20.56207
Tnk2,22.41452,20.70083,19.3931,20.70083,21.15505,21.09107,18.40383,21.09107
Timm17a,24.21704,23.83788,24.2024,24.2024,25.20888,25.49717,24.98103,25.20888
Ralgps2,23.44758,22.19769,21.89082,22.19769,24.51129,24.37749,24.10941,24.37749
Arhgef40,24.87769,22.72582,23.72941,23.72941,21.55759,21.89023,21.68188,21.68188
Rint1,23.69636,22.41947,22.46234,22.46234,23.08133,23.92624,22.61578,23.08133
Mphosph10,25.04723,24.08886,23.77304,24.08886,22.77139,22.49052,21.80428,22.49052
Deptor,20.7496,22.30711,22.29715,22.29715,23.3585,23.42969,19.3218,23.3585
Rnf219,18.94114,,18.28613,18.613635,20.43583,19.72993,18.78568,19.72993
Nosip,25.59736,23.23833,23.9453,23.9453,26.30602,25.23779,25.82291,25.82291
Igtp,24.5764,24.20747,23.30341,24.20747,20.67883,18.1994,20.86454,20.67883
Msh2,25.16772,23.79114,22.88681,23.79114,25.63876,25.45469,25.21412,25.45469
Wdr24,23.49424,19.78968,22.68342,22.68342,22.75279,23.32265,22.44088,22.75279
Otud4,24.73521,23.86929,24.46083,24.46083,22.64544,22.80308,22.48527,22.64544
Ctsf,26.48878,22.59644,23.85367,23.85367,23.02877,23.83836,22.82672,23.02877
Fndc3a,26.12216,25.26692,24.7239,25.26692,23.63001,24.15892,23.09846,23.63001
mt-Co3,26.89481,26.10193,26.91775,26.89481,29.47773,29.78369,29.13396,29.47773
Ctc1,24.1512,23.44152,23.67401,23.67401,25.22277,24.79278,24.4837,24.79278
H1fx,27.9161,26.89481,27.02115,27.02115,27.4538,26.88064,27.39485,27.39485
Kif13a,24.33354,22.57258,22.63682,22.63682,17.85044,25.04852,23.0693,23.0693
,27.91119,25.86403,25.65698,25.86403,26.65854,26.05505,26.16116,26.16116
Gfra2,,16.14281,17.94695,17.04488,19.89478,20.91991,22.36909,20.91991
Mapk7,24.87446,24.32065,23.9664,24.32065,23.89874,24.44342,24.05523,24.05523
Parvb,26.58233,25.99136,24.93306,25.99136,22.4154,22.12792,22.31752,22.31752
Fbxl18,22.6553,22.73721,21.63458,22.6553,25.57456,25.60068,25.11617,25.57456
Gdap2,25.21553,23.90701,24.17684,24.17684,24.35656,23.67885,23.24767,23.67885
Jmjd6,15.65788,,,15.65788,24.29656,23.90224,23.63157,23.90224
Rock1,25.71164,25.33153,24.86632,25.33153,21.31113,20.66127,20.07653,20.66127
Agpat6,24.1763,22.44617,22.41692,22.44617,24.10566,23.70007,23.63998,23.70007
Dnmt3a,23.59503,21.63949,22.15783,22.15783,25.85766,25.91611,25.63918,25.85766
Lbr,26.15019,25.59047,25.43167,25.59047,23.97474,23.40639,23.52528,23.52528
Btbd11,20.31318,19.43372,18.17533,19.43372,22.67444,22.47095,23.07601,22.67444
Sbno1,22.19475,22.37931,21.14756,22.19475,23.0912,22.38748,22.42949,22.42949
Slfn5,19.63582,20.16742,16.50589,19.63582,21.45141,21.79388,21.18089,21.45141
Pbxip1,29.8098,29.13359,28.65567,29.13359,22.82534,19.92985,19.27494,19.92985
Arih2,24.05961,23.95686,23.56221,23.95686,24.97692,25.45001,24.83364,24.97692
Atxn3,24.67331,23.47222,23.93031,23.93031,22.19307,22.77465,21.70784,22.19307
Eif1b,24.9522,,,24.9522,25.028,24.77087,24.52624,24.77087
Fbln5,22.46496,20.86635,20.20526,20.86635,17.12898,,,17.12898
Cyb5r4,21.68979,20.96628,20.81675,20.96628,23.54026,23.18507,22.64654,23.18507
Ago3,22.5086,17.34949,20.75955,20.75955,19.43078,17.65081,18.36935,18.36935
Ept1,,19.48603,,19.48603,24.4711,24.44903,22.98609,24.44903
Prpf40b,21.73318,21.75764,22.45207,21.75764,24.37537,24.07757,23.96288,24.07757
Gfod1,,18.9743,17.7384,18.35635,24.67826,24.43141,24.05772,24.43141
Pdcd2,19.74639,23.22704,22.97353,22.97353,24.37974,24.45186,24.49942,24.45186
S100a4,28.09356,26.64581,26.52867,26.64581,24.54357,17.15403,23.13468,23.13468
Trmt11,24.95123,24.07096,24.51953,24.51953,23.9736,25.13085,24.74083,24.74083
Ccdc141,21.61769,22.06599,21.30257,21.61769,20.23911,19.20476,18.54072,19.20476
Ccnt1,23.43555,22.6011,24.51039,23.43555,23.60422,23.66503,22.85399,23.60422
Dym,21.4446,,,21.4446,21.54406,22.66566,21.23427,21.54406
Gemin4,21.88989,20.16251,21.09912,21.09912,22.77878,22.80392,22.239,22.77878
Mxra7,27.58942,24.94163,25.03884,25.03884,20.97771,21.45588,21.23134,21.23134
Nek4,24.4617,22.97406,22.69441,22.97406,22.05963,22.00203,22.16343,22.05963
Ncoa2,22.04013,20.41276,21.36319,21.36319,22.55864,21.89045,21.2802,21.89045
Usp54,21.50096,22.14759,19.96621,21.50096,21.40218,16.89238,20.57838,20.57838
Drp2,22.54456,22.24661,17.0654,22.24661,19.90644,18.44338,21.66865,19.90644
Itgb5,27.15952,26.40544,26.20563,26.40544,22.44599,23.30382,21.38047,22.44599
Fcho1,20.77225,,19.34633,20.05929,22.19677,22.74833,22.90465,22.74833
Moxd1,19.01119,24.14717,24.63256,24.14717,19.64542,19.45854,18.2552,19.45854
Rbm12b2,21.54284,20.3721,19.95546,20.3721,24.16492,23.82784,23.72546,23.82784
Kdm3b,24.53422,23.20719,23.04026,23.20719,22.06979,22.14563,22.15644,22.14563
Trim16,24.85077,23.87633,23.95403,23.95403,19.27687,22.22096,19.62856,19.62856
Trappc2,26.87314,25.73332,26.09309,26.09309,26.80169,26.11092,25.63442,26.11092
Trmt1,24.76613,22.96596,24.04976,24.04976,24.25422,23.94851,23.68292,23.94851
Gpx3,24.26849,21.61347,22.03083,22.03083,,21.97348,21.46309,21.718285
Exosc6,26.43317,26.17152,25.91766,26.17152,26.05614,25.16538,25.35084,25.35084
N6amt1,26.76497,25.3257,24.80528,25.3257,25.6413,25.7487,25.15047,25.6413
Rrp1,24.8992,24.71691,24.8853,24.8853,24.34854,24.54475,23.9247,24.34854
Fam96a,22.99203,23.47816,23.21716,23.21716,24.26678,23.80233,23.48345,23.80233
Tmtc3,24.85543,24.20933,24.19768,24.20933,23.30201,23.8532,22.77435,23.30201
Wdr34,26.74586,25.95748,25.78142,25.95748,22.98817,23.84594,24.22302,23.84594
Cth,17.0441,,18.52283,17.783465,,14.45764,18.62706,16.54235
Ireb2,22.54647,21.19868,20.64315,21.19868,22.43456,21.41106,21.77205,21.77205
Ptgis,,,,,19.47712,19.17636,17.39899,19.17636
Myo1e,27.6541,26.8055,26.77869,26.8055,23.12304,23.02879,23.85339,23.12304
Mterf2,24.19129,23.60252,20.88718,23.60252,24.45413,24.35629,23.43135,24.35629
Taf15,26.3464,25.56355,26.68043,26.3464,21.2674,22.25549,23.34665,22.25549
Itga1,26.01653,25.37544,25.53765,25.53765,20.41018,20.32762,19.04308,20.32762
Pcdhgb6,22.94505,19.66433,20.91933,20.91933,22.54376,23.0234,22.59423,22.59423
3110043O21Rik,23.9764,22.89121,23.02773,23.02773,24.0491,23.77535,23.50458,23.77535
Depdc5,21.47165,18.80439,20.88688,20.88688,22.42068,21.9105,21.77125,21.9105
Dyrk1b,22.521,21.8064,19.71862,21.8064,20.78029,20.04166,20.74952,20.74952
Wdr35,27.15025,26.29049,26.5786,26.5786,22.68671,22.66923,22.80556,22.68671
H2-D1,28.0643,26.75302,27.0403,27.0403,21.37798,22.02371,21.03086,21.37798
Gnptg,24.23272,23.46787,23.25609,23.46787,22.71308,21.7704,22.17054,22.17054
Syf2,27.84518,27.01361,27.80064,27.80064,23.07215,21.88971,22.61699,22.61699
Ythdf2,25.60238,25.06192,24.16745,25.06192,24.08869,23.79372,24.12123,24.08869
Arrb2,26.92434,23.96965,24.46594,24.46594,25.31427,25.37162,24.93549,25.31427
Gpkow,24.40931,22.71119,23.14476,23.14476,22.66897,22.99747,22.19575,22.66897
Noc2l,22.68731,23.826,24.03355,23.826,22.93317,23.0476,22.91148,22.93317
Fkbp10,27.24218,25.96054,25.16492,25.96054,20.94249,20.94213,21.02296,20.94249
Kcnn2,20.60982,19.56354,,20.08668,17.95111,19.92948,19.41596,19.41596
Mettl13,22.28799,21.98794,22.19199,22.19199,24.47859,24.51923,23.87436,24.47859
Ssu72,26.85186,26.21115,26.38105,26.38105,25.42204,25.4139,25.60939,25.42204
Kcnh1,,,,,17.33132,,14.86593,16.098625
Dpy19l1,24.3293,23.03295,22.67286,23.03295,25.08302,25.12333,24.855,25.08302
Ssr3,28.38406,26.81066,27.6284,27.6284,27.84685,24.04635,23.35272,24.04635
Abca7,20.46244,17.85416,19.04572,19.04572,18.69411,,18.56223,18.62817
Rwdd4,26.1605,26.27204,23.75817,26.1605,22.34827,24.57589,23.24793,23.24793
Pfkfb4,,19.67047,18.54796,19.109215,22.60012,22.7471,22.3637,22.60012
Mrpl17,25.2451,24.90403,24.59069,24.90403,25.37232,25.36643,24.78905,25.36643
Rnf25,25.20142,23.62901,23.21101,23.62901,24.20471,24.41693,23.78187,24.20471
Papola,24.88227,23.81841,23.6445,23.81841,24.56535,24.92416,24.68678,24.68678
8030462N17Rik,25.77962,23.76263,24.44316,24.44316,21.94999,20.04593,18.04372,20.04593
Eml6,14.41343,,,14.41343,17.23519,19.15182,18.78062,18.78062
Paqr4,22.71167,,21.73289,22.22228,23.04487,22.2721,21.88047,22.2721
Col18a1,24.86396,24.77193,24.6245,24.77193,21.2674,20.68475,20.29424,20.68475
Tubgcp4,25.04864,23.36853,22.81952,23.36853,23.17071,21.94742,22.50167,22.50167
Itpr3,19.5225,23.28447,21.48719,21.48719,19.52342,19.23074,20.92513,19.52342
Dut,25.99654,24.31769,24.9055,24.9055,24.30201,24.58789,24.50227,24.50227
Gnpat,24.59246,21.8524,21.4269,21.8524,23.55274,23.98024,23.26742,23.55274
Tyro3,,17.93468,,17.93468,13.12841,14.8362,12.9497,13.12841
Spata2l,,,,,17.79386,,,17.79386
Inpp5k,25.28362,25.09124,25.43981,25.28362,24.84245,25.46513,24.68576,24.84245
Arsg,23.84881,21.7478,19.00958,21.7478,,,,
Smim8,25.07879,24.69301,25.32021,25.07879,24.57132,23.29866,24.34685,24.34685
Abhd5,17.26325,20.56663,20.77209,20.56663,24.29292,23.71219,24.1418,24.1418
Tmem63a,23.64306,21.44859,20.42019,21.44859,,,,
Cast,28.09134,27.07541,26.88472,27.07541,17.39473,20.81143,21.02432,20.81143
Dus2,28.14565,25.74083,26.09537,26.09537,21.2967,21.72322,22.37031,21.72322
Sema6d,23.42969,21.84835,21.99545,21.99545,20.28433,20.13721,19.45002,20.13721
Ints9,22.85001,22.51451,21.8933,22.51451,22.34987,22.13806,22.65042,22.34987
Ppat,24.21497,23.89846,23.366,23.89846,23.96904,23.91552,23.52576,23.91552
Scaf1,23.08652,22.93652,22.47689,22.93652,22.44779,22.10859,22.16368,22.16368
Cgnl1,22.44887,21.81292,23.61773,22.44887,16.74426,19.42759,,18.085925
Rhof,,18.20943,,18.20943,25.67061,26.57802,24.9044,25.67061
Ccdc186,23.57762,24.19152,23.33661,23.57762,22.82322,23.00058,22.5226,22.82322
Grwd1,22.12297,20.12805,20.85787,20.85787,25.27583,23.92189,23.88595,23.92189
Dock8,21.763,21.59773,21.707,21.707,22.25327,22.35587,22.3959,22.35587
Mdn1,22.23114,21.84514,21.70147,21.84514,23.03053,23.12353,22.85247,23.03053
Ptdss1,25.00843,24.29256,24.29866,24.29866,25.47311,25.37667,24.77696,25.37667
Rnf157,,,19.11212,19.11212,21.966,20.31518,20.6999,20.6999
Sirt4,21.43593,22.03214,20.95759,21.43593,21.71154,,21.96046,21.836
Phf2,25.60798,24.55882,24.69073,24.69073,24.56023,24.17691,24.12005,24.17691
Akap7,24.9542,24.02158,23.80469,24.02158,26.97115,26.84529,26.39093,26.84529
Cdc123,26.2923,24.83851,25.47287,25.47287,24.69466,23.56314,23.55298,23.56314
Map4,25.23272,23.77233,23.87211,23.87211,25.20015,25.66321,26.92671,25.66321
Nap1l5,,,,,25.28061,25.00093,24.15669,25.00093
Pvrl2,27.5979,26.66139,26.61414,26.66139,25.68825,25.29593,25.24067,25.29593
Trafd1,23.00326,23.22751,23.38535,23.22751,20.69209,22.26579,22.22016,22.22016
Rnf112,,14.39787,,14.39787,19.76775,18.1784,18.86284,18.86284
Capn7,22.3689,21.94921,22.32545,22.32545,24.35743,24.34428,24.12526,24.34428
Rc3h2,22.05666,19.33632,18.45451,19.33632,22.27358,22.21009,21.68093,22.21009
Abhd17b,23.89467,21.96226,24.65327,23.89467,26.28981,26.59206,25.52919,26.28981
Slc7a3,21.48503,18.99457,19.05955,19.05955,26.62143,26.74471,25.87706,26.62143
Sowahc,26.47655,25.8811,24.4367,25.8811,23.8866,23.56697,23.71219,23.71219
Mrpl22,26.85555,26.57118,26.8992,26.85555,26.71188,26.78631,25.89975,26.71188
Pcdhgb6,18.34174,22.17822,22.11772,22.11772,21.34776,21.79539,19.14353,21.34776
Tmem70,23.32869,22.01679,23.45413,23.32869,21.52941,22.74234,23.97412,22.74234
Dnajb12,24.10197,23.37159,24.26614,24.10197,23.7213,23.4979,23.19508,23.4979
Pex16,22.10239,23.49765,23.77636,23.49765,22.16432,21.2049,15.10239,21.2049
Disp2,,19.19715,,19.19715,23.50142,24.05705,23.12149,23.50142
Tnfrsf21,,,18.61981,18.61981,19.81839,19.89547,18.95566,19.81839
,23.70314,23.48996,23.57934,23.57934,23.5134,22.2149,21.39488,22.2149
Amigo1,,,,,21.22382,18.6972,,19.96051
Myrip,,,,,,,,
Ggact,27.28003,27.00153,26.47355,27.00153,23.86108,24.42073,23.91616,23.91616
Prmt3,24.18526,23.27782,23.71251,23.71251,25.20516,25.53629,25.25915,25.25915
Sin3a,24.66704,23.58038,23.45387,23.58038,23.97071,23.98155,23.50591,23.97071
Setd2,21.16429,19.047,20.64518,20.64518,21.16066,21.1114,19.99231,21.1114
Hk2,28.7811,27.86018,27.86768,27.86768,22.07009,22.17469,21.27025,22.07009
Ppp2cb,25.41319,24.89809,24.79526,24.89809,24.61347,25.84714,25.25739,25.25739
Pla2g16,24.4587,23.43097,23.86731,23.86731,,18.55184,,18.55184
Tmem143,26.22483,24.2325,23.61515,24.2325,26.14005,23.63633,24.20821,24.20821
Pgm5,25.30445,24.57115,24.28376,24.57115,21.34337,,15.36366,18.353515
Tenc1,23.11644,21.40733,21.7218,21.7218,,,17.37992,17.37992
Ankrd34b,,,,,20.49892,19.8637,20.36538,20.36538
Vrk1,25.75794,24.92366,25.18064,25.18064,25.37338,25.78032,24.81465,25.37338
Spred2,24.69163,22.49782,22.14093,22.49782,23.72203,23.14366,23.38982,23.38982
Ube2f,27.07725,26.12025,26.60371,26.60371,23.76739,25.27998,24.29165,24.29165
Ghitm,28.66217,28.40105,28.62041,28.62041,24.34279,25.562,24.3688,24.3688
Ermp1,25.86927,24.28567,24.56715,24.56715,24.01852,23.28079,23.57311,23.57311
Nmnat3,24.70883,21.68817,22.37764,22.37764,21.90676,22.31385,20.06868,21.90676
Pkp2,24.2166,22.97588,23.9955,23.9955,21.47961,,21.08388,21.281745
Dph6,24.08213,22.29508,22.82796,22.82796,21.96624,22.65907,22.5567,22.5567
Myt1l,,,,,26.06495,25.94165,26.12246,26.06495
,26.01154,25.52552,25.503,25.52552,22.8592,23.11399,23.49363,23.11399
Mtg1,20.0997,,,20.0997,23.20869,24.01257,21.43038,23.20869
Shpk,23.46862,23.12244,23.70978,23.46862,19.16538,20.50184,20.21537,20.21537
Zfp318,20.8732,19.98537,19.50802,19.98537,19.33802,19.59345,19.72391,19.59345
Prrt1,,,,,25.1873,25.01146,25.15101,25.15101
Tex10,23.93939,21.33615,20.29098,21.33615,26.06314,26.4729,26.31034,26.31034
Slc5a3,27.85246,26.26667,25.23155,26.26667,24.38614,24.44758,24.49942,24.44758
Ada,25.03192,24.69875,24.75027,24.75027,23.47234,22.67605,23.36853,23.36853
Zdhhc6,21.55931,21.89715,,21.72823,22.64394,21.96099,22.32136,22.32136
Cers1,24.72993,23.62745,23.04385,23.62745,25.82219,25.76025,25.71594,25.76025
Ubl3,25.64312,24.35548,24.68325,24.68325,24.31548,22.87893,22.71655,22.87893
Pxn,27.6658,26.36419,26.40664,26.40664,23.23564,23.77836,22.98921,23.23564
Nelfcd,25.42682,24.82852,24.07104,24.82852,25.07892,25.13006,23.92298,25.07892
Dnajc21,23.65218,22.48822,22.65104,22.65104,19.50707,16.36869,19.2061,19.2061
Sp3,25.30459,23.8624,25.56567,25.30459,24.24808,23.54156,22.73115,23.54156
Inppl1,26.8811,25.54766,25.50312,25.54766,24.49595,24.76936,20.68029,24.49595
Csnk1g3,21.55936,21.47239,22.24948,21.55936,24.0476,23.73086,23.45889,23.73086
Hcls1,26.54115,26.361,26.16227,26.361,13.82058,,15.27121,14.545895
Cachd1,22.70995,22.27625,21.67689,22.27625,20.68688,21.10853,20.24853,20.68688
Cnr1,,,19.56046,19.56046,25.00449,25.29056,24.6381,25.00449
Heatr3,26.30956,21.49062,22.1213,22.1213,24.22059,24.66866,24.03179,24.22059
Pcyt1b,22.54708,21.61549,21.22806,21.61549,25.15399,24.87051,23.80922,24.87051
Clvs2,20.0498,19.28796,15.78187,19.28796,24.68747,24.99568,25.12704,24.99568
Gnl3l,25.37358,23.54734,24.09289,24.09289,24.71083,24.78596,24.2875,24.71083
Ap4e1,23.01954,21.98864,18.315,21.98864,22.23275,22.38253,23.63522,22.38253
Dnajc27,,19.42409,,19.42409,21.12307,21.08712,20.86416,21.08712
Clta,27.9157,24.9276,25.478,25.478,,24.32086,24.5969,24.45888
Pcsk1,20.81073,21.08887,20.40966,20.81073,,19.07298,17.0507,18.06184
Sf3b6,24.05267,23.738,24.54138,24.05267,24.13422,25.29751,24.01137,24.13422
Snrnp27,24.08253,26.17316,26.08934,26.08934,25.29271,23.62956,24.58663,24.58663
Tmem63c,,,,,21.5275,20.61764,20.20383,20.61764
Slc6a6,24.59355,25.16008,24.66129,24.66129,23.89698,24.08278,24.51033,24.08278
Hcn3,23.2219,17.9053,22.562,22.562,22.08797,21.63449,21.27333,21.63449
Usp22,,,,,23.93301,24.55069,22.34335,23.93301
Ccdc85a,19.01405,,,19.01405,20.70616,21.37023,21.09113,21.09113
Zc3h11a,25.18926,23.56802,25.19464,25.18926,23.30201,23.62288,22.83792,23.30201
Mettl10,27.70767,26.046,26.61709,26.61709,25.03166,25.18688,25.50413,25.18688
Tbl1xr1,25.48398,24.66595,24.43892,24.66595,23.1626,23.31465,23.18828,23.18828
Crtac1,,18.41394,18.54049,18.477215,23.65414,22.97213,22.66014,22.97213
Rps6ka4,23.55754,21.87804,22.96598,22.96598,19.31035,18.60621,19.24827,19.24827
Nat8l,18.48097,,,18.48097,,17.43852,18.10247,17.770495
Pde4dip,23.57323,22.29578,21.18544,22.29578,22.53661,22.61158,22.74115,22.61158
Rnf13,27.40397,25.74947,25.07606,25.74947,23.73469,24.34861,24.62968,24.34861
Atg101,23.21178,23.11642,23.28898,23.21178,23.34854,22.55787,22.44579,22.55787
Htra1,26.77605,26.04391,25.89726,26.04391,24.58703,23.72099,23.11377,23.72099
Pik3c2a,24.51153,23.85795,23.39859,23.85795,20.82757,19.76288,19.00805,19.76288
Ptgr1,29.02292,28.12445,28.20881,28.20881,23.5636,23.692,23.49253,23.5636
Gnpnat1,27.94475,27.36378,26.87959,27.36378,24.34746,24.801,24.68121,24.68121
Fgfr3,22.68797,20.44344,,21.565705,18.63633,18.96821,18.93684,18.93684
Tmem240,,20.61252,,20.61252,,,,
Fam115a,23.15306,22.57175,21.82784,22.57175,25.52809,25.5552,25.12569,25.52809
Pkn2,27.00292,26.44421,26.32865,26.44421,20.23023,21.09223,19.68849,20.23023
Crebbp,23.81792,22.29463,23.97001,23.81792,22.37986,22.15085,22.5666,22.37986
Rnaset2,26.07818,24.21586,24.24779,24.24779,23.29908,23.74919,23.19516,23.29908
Grb10,21.22064,20.50998,20.95084,20.95084,22.65718,22.59323,22.25448,22.59323
Setd1a,22.38538,20.66466,20.38574,20.66466,22.47261,21.86072,21.10316,21.86072
Ppp4r4,21.92198,23.48345,22.30215,22.30215,20.65613,21.96106,19.60491,20.65613
Ccdc53,27.15267,25.66281,26.06602,26.06602,22.07284,22.37549,22.3824,22.37549
Scn4b,,,,,,,,
Trmt61a,25.2136,24.4247,24.65807,24.65807,24.75001,24.40113,24.38614,24.40113
Ercc3,22.50181,21.3154,20.99838,21.3154,23.96667,23.43936,23.13866,23.43936
Spata2,19.82588,18.98718,18.23337,18.98718,21.80782,22.25753,22.02587,22.02587
Nkrf,20.38574,22.4155,22.6233,22.4155,24.35427,23.60998,23.45976,23.60998
Nfib,26.50233,25.82469,25.93508,25.93508,25.50543,25.08119,24.84431,25.08119
Serpinb6b,22.81597,23.45438,23.67508,23.45438,,,,
Cuedc2,24.488,24.71482,23.66601,24.488,23.72422,23.76689,20.20502,23.72422
Eif4ebp2,28.30274,27.12278,27.09899,27.12278,23.2717,24.45023,22.93648,23.2717
Itgam,26.42166,25.22601,25.08712,25.22601,22.82464,22.82483,22.79033,22.82464
Cyp20a1,26.96807,25.66248,25.72624,25.72624,23.65218,23.35084,22.89377,23.35084
Mboat7,26.76218,25.60456,26.00348,26.00348,25.67161,25.76172,26.03798,25.76172
Stard7,24.93948,22.26516,20.70573,22.26516,25.02272,23.93894,24.0112,24.0112
Vwa5b1,,,,,,14.23609,,14.23609
Mrps28,27.64616,26.48903,26.67236,26.67236,23.37132,24.52839,25.43952,24.52839
Timmdc1,25.06048,24.0535,23.54534,24.0535,23.50579,22.90014,22.81388,22.90014
Sh3glb2,,,20.76822,20.76822,21.69744,22.35612,21.35073,21.69744
Dpy30,27.65513,26.47695,25.7107,26.47695,25.20367,26.63034,23.9715,25.20367
Dcc,17.73846,20.09918,20.05616,20.05616,24.22781,23.73138,23.84967,23.84967
Fbxw5,22.39866,20.15054,20.08395,20.15054,21.11203,20.00251,19.69931,20.00251
Stag1,24.53641,23.2839,23.29572,23.29572,22.02432,21.01638,20.76061,21.01638
Nkiras2,24.05986,22.20371,29.19547,24.05986,26.47761,26.25879,26.23398,26.25879
Znf281,22.90575,21.24499,20.49678,21.24499,21.67047,21.61009,21.043,21.61009
Dixdc1,22.34091,21.78883,21.5373,21.78883,20.58197,20.61018,20.96473,20.61018
Il6st,24.83952,23.58015,23.62801,23.62801,21.07431,20.65141,20.88226,20.88226
Lsm6,27.62087,26.05685,26.55434,26.55434,26.52664,26.74471,26.68979,26.68979
Sez6,17.85878,19.82482,17.67707,17.85878,23.90555,23.9402,23.99671,23.9402
Stag2,23.62511,22.42173,22.328,22.42173,21.72904,21.12647,20.54312,21.12647
Phka2,22.71708,21.33887,19.99935,21.33887,20.80475,20.51557,20.27116,20.51557
Zmynd11,23.40367,21.79697,21.36773,21.79697,22.65831,21.62511,22.09578,22.09578
Cog1,25.40279,24.50021,23.99542,24.50021,24.04293,23.64812,22.73639,23.64812
Ccdc115,25.19937,24.23169,25.16565,25.16565,25.7496,25.36336,25.26277,25.36336
Usp30,25.42105,24.87263,24.32917,24.87263,24.96054,24.9055,24.74473,24.9055
Atp6v0a2,25.20255,23.22781,21.57381,23.22781,21.98482,21.4804,21.04953,21.4804
Atp11a,24.25976,23.51593,23.51123,23.51593,20.53915,20.85438,19.7269,20.53915
Ythdc1,25.36876,25.1164,24.60857,25.1164,24.85172,24.05854,24.57265,24.57265
Sgsm2,,,,,21.87324,21.07084,21.47521,21.47521
Tbc1d14,21.49082,19.61809,16.9023,19.61809,23.37729,22.85182,22.73585,22.85182
Palld,29.21174,28.1671,28.01382,28.1671,21.54359,21.35579,19.29069,21.35579
Nol4,22.26419,21.66001,21.57006,21.66001,21.48015,18.27608,20.55431,20.55431
Ptpn3,,,17.68921,17.68921,,20.46692,21.92886,21.19789
Crabp2,27.82802,25.90887,27.83708,27.82802,23.97395,23.20047,23.06516,23.20047
Nmd3,24.71581,24.36853,24.11617,24.36853,23.46526,23.96534,23.70176,23.70176
Accs,24.33531,23.3978,22.87817,23.3978,19.60275,18.33778,20.28365,19.60275
Lipe,24.20538,22.34052,22.27096,22.34052,23.43339,23.53576,23.21663,23.43339
Fam185a,25.5973,24.90729,24.42797,24.90729,23.01835,21.52736,22.24229,22.24229
Fhl2,26.22542,25.14682,25.64243,25.64243,22.01974,22.17749,21.87245,22.01974
Aass,25.77651,25.51011,25.75606,25.75606,23.96385,19.99562,17.94255,19.99562
Znf512b,24.92737,24.0818,24.11291,24.11291,23.4968,23.48935,22.84182,23.48935
Ctbs,25.17779,24.2146,24.38133,24.38133,19.99231,19.86001,20.89844,19.99231
Pycard,26.84074,25.69678,25.30229,25.69678,21.79982,,17.8684,19.83411
Zc3h6,21.47714,22.51576,23.00961,22.51576,20.45874,22.07326,22.64112,22.07326
Ajap1,,,,,,18.34568,,18.34568
Brd7,22.19895,22.2819,22.51463,22.2819,23.22839,22.97346,22.24838,22.97346
Xpr1,24.77946,23.7678,23.04407,23.7678,25.94429,25.86188,25.10865,25.86188
Rab3ip,24.38555,24.73226,23.59844,24.38555,24.44563,24.6216,24.56366,24.56366
Ptpn12,25.57329,25.11581,25.58572,25.57329,22.08884,22.7223,22.34432,22.34432
Gpr162,,20.85635,20.3093,20.582825,22.18438,21.91583,21.71917,21.91583
Zc3hc1,25.81731,24.33783,25.1225,25.1225,22.317,21.91046,22.0627,22.0627
Ckm,22.62663,24.24692,24.0945,24.0945,21.96853,21.72263,21.22016,21.72263
Rcan2,21.52726,19.8024,20.9798,20.9798,20.79954,22.43499,21.39979,21.39979
Zmynd8,23.59958,22.46879,22.76195,22.76195,23.60343,23.66796,23.43644,23.60343
Mpp7,23.09989,23.7961,23.04537,23.09989,22.25606,21.35676,21.30797,21.35676
Slitrk2,22.12603,21.78177,21.90176,21.90176,19.60045,19.71409,18.56417,19.60045
Kctd1,21.52903,21.34413,20.96635,21.34413,22.96196,22.78624,22.76545,22.78624
Fam103a1;Gm10767,26.33246,25.41745,26.0403,26.0403,23.33525,22.60069,21.90492,22.60069
Sptlc1,25.38972,24.36379,25.13355,25.13355,23.74263,24.10925,29.4241,24.10925
Polr1c,25.78621,25.18196,25.27938,25.27938,25.52055,25.35585,24.82837,25.35585
Phlpp2,21.02269,14.64002,21.50193,21.02269,22.67848,23.43314,23.01839,23.01839
Lemd2,27.68204,27.08345,27.10929,27.10929,24.58021,24.41345,24.01937,24.41345
Tk2,24.44057,24.57161,24.33946,24.44057,24.05424,24.1885,23.72723,24.05424
Mrpl42,25.08375,,24.71822,24.900985,24.73805,26.10302,24.89013,24.89013
Sike1,23.89393,23.09376,22.67592,23.09376,22.6373,21.56146,,22.09938
Lcmt2,23.12078,22.02803,21.94767,22.02803,21.00182,21.25673,22.74435,21.25673
Kbtbd2,24.85909,22.78469,22.85935,22.85935,24.44531,24.00084,24.13344,24.13344
Qtrtd1,24.23615,24.86264,24.62662,24.62662,23.05212,21.99002,22.91018,22.91018
Vamp4,26.67976,26.49143,26.55595,26.55595,26.03341,25.75098,25.73371,25.75098
Stk11ip,22.49421,21.37109,20.69013,21.37109,20.10636,20.28749,20.51307,20.28749
Spns1,24.17699,22.87871,24.04902,24.04902,24.26892,24.19693,24.38929,24.26892
Exosc8,26.38867,25.58116,25.48299,25.58116,24.93427,24.08966,24.56616,24.56616
Shank2,,,,,17.5841,17.49138,17.84586,17.5841
Cdk11b,24.2764,24.01827,23.70578,24.01827,24.97031,24.87844,24.73784,24.87844
Pard3,24.1653,23.32841,23.34908,23.34908,20.0021,20.30408,19.99893,20.0021
Clec4d,,20.27685,,20.27685,18.38359,18.81872,20.68475,18.81872
Uhrf2,22.61005,21.46224,20.68808,21.46224,22.30566,23.27142,22.50448,22.50448
Lrrc20,23.40133,22.55492,23.16471,23.16471,25.1191,25.35622,23.38601,25.1191
,25.53267,25.32454,24.67885,25.32454,23.626,23.03137,23.35434,23.35434
Pou5f1,,,,,,,20.67866,20.67866
Bbs2,26.5407,25.18499,25.2797,25.2797,22.30251,21.29036,19.37184,21.29036
Cmc2,,24.71476,24.24256,24.47866,22.30775,22.45277,19.6372,22.30775
Hivep2,19.34377,17.64167,19.75875,19.34377,18.83547,18.41088,18.01922,18.41088
Tbc1d19,21.4708,23.23185,22.12975,22.12975,24.33224,25.44872,25.55561,25.44872
Pcnx,22.80387,19.67867,21.26476,21.26476,18.57507,14.57347,14.03978,14.57347
Pyurf,,,,,22.10053,22.13301,22.10229,22.10229
Gcc1,25.33347,23.4247,24.38515,24.38515,19.50397,19.63738,19.62223,19.62223
Ctu2,24.35548,23.42995,23.37425,23.42995,24.49631,24.98385,24.92502,24.92502
Jmjd7;Gm28042,22.91687,21.32795,22.79545,22.79545,19.82901,20.26476,,20.046885
Tusc3,25.09394,24.16974,23.60014,24.16974,26.7213,26.49098,26.49043,26.49098
Megf8,20.86839,19.83798,20.4714,20.4714,20.86982,21.49712,20.9643,20.9643
Acot8,26.19985,24.75517,23.07123,24.75517,24.90825,24.54115,24.81509,24.81509
Htatip2,22.33832,23.05068,23.84173,23.05068,,21.45186,,21.45186
Glrb,,,,,21.35386,21.80211,21.5015,21.5015
Lonrf2,19.66489,20.84506,19.67912,19.67912,23.87821,24.37597,24.33006,24.33006
Syn2,,,,,,22.56032,20.73513,21.647725
Ppfibp2,25.06472,24.09346,24.33211,24.33211,19.40412,19.31562,21.1317,19.40412
Dapk1,22.38727,21.36512,21.47823,21.47823,24.99654,25.14137,24.96424,24.99654
Ccdc32,,,22.82007,22.82007,,,21.39194,21.39194
Snx13,23.26485,22.18311,21.84835,22.18311,22.41661,22.49458,22.09828,22.41661
Xrcc6,26.51686,26.35933,25.74581,26.35933,25.71114,26.10322,22.27813,25.71114
Pggt1b,24.99641,25.69062,25.91374,25.69062,22.94692,21.88024,22.36081,22.36081
2010107G23Rik,24.86703,,14.84446,19.855745,26.15487,25.89428,22.727,25.89428
Znf592,20.32575,20.64315,19.05266,20.32575,22.66967,19.5188,19.57768,19.57768
Kiaa0391;1110008L16Rik,25.94387,21.24354,22.07395,22.07395,24.15769,23.9313,23.57485,23.9313
Rcn3,27.05745,26.33632,25.24492,26.33632,22.15706,21.50562,21.3545,21.50562
Spag1,23.79392,22.15196,22.40036,22.40036,15.98973,18.68801,17.87873,17.87873
Rapgef6,21.58049,19.94592,20.54699,20.54699,21.07516,20.69719,20.45473,20.69719
Dhx8,23.28898,22.29891,21.22782,22.29891,22.39723,22.58033,22.70658,22.58033
Dicer1,20.73397,19.82878,20.6651,20.6651,22.853,22.71316,22.37263,22.71316
Gne,24.13061,23.69307,23.75898,23.75898,24.93796,24.57911,24.07161,24.57911
Clptm1l,22.76717,22.31877,22.92985,22.76717,25.41844,25.3673,24.79283,25.3673
Slc13a3,,21.87335,29.08307,25.47821,20.65438,21.74567,,21.200025
Fut8,21.78532,23.40106,22.29916,22.29916,24.10805,23.65218,23.18641,23.65218
Dpf2,25.87713,24.7684,25.37997,25.37997,19.66004,20.17365,16.8065,19.66004
Lrrk2,21.22152,20.24086,22.00295,21.22152,,10.43806,15.43026,12.93416
Spcs1,28.20243,27.47329,28.15735,28.15735,28.06034,28.40738,28.08796,28.08796
Tp53bp2;Trp53bp2,25.49204,24.00992,23.1368,24.00992,21.16913,20.6015,20.52411,20.6015
Sorbs2,24.8206,25.48158,25.48996,25.48158,,,,
Fbxl20,21.53464,23.70872,23.66036,23.66036,23.47296,23.69689,23.60479,23.60479
Use1,25.83764,23.95482,24.76567,24.76567,22.11537,20.59623,21.77772,21.77772
Cep41,26.21821,25.03792,25.55514,25.55514,23.41905,23.88521,23.00091,23.41905
Srek1,26.28567,25.8167,25.40685,25.8167,25.5087,25.49939,25.49887,25.49939
Nop10,25.35968,26.94503,27.45474,26.94503,27.25979,26.96653,25.7682,26.96653
Atf7;Gm28047,24.43568,21.78856,22.51205,22.51205,21.78712,23.74006,20.52181,21.78712
Epha5,21.22146,20.75947,21.12275,21.12275,25.86898,26.31297,25.4597,25.86898
Tmem259,26.10199,23.29852,22.19901,23.29852,25.26076,21.50606,21.30908,21.50606
Ccsmst1,23.45061,24.22545,23.24417,23.45061,24.36706,24.18109,23.8292,24.18109
Vash1,19.40335,19.20237,,19.30286,24.97985,23.93058,24.34665,24.34665
Zswim8,23.42931,22.89404,22.40054,22.89404,23.48824,23.66807,23.1538,23.48824
Fv1,22.76965,17.78724,,20.278445,20.61549,21.28008,19.06755,20.61549
Lrrc4c,17.88119,,17.68421,17.7827,23.58818,22.93106,23.40002,23.40002
Ttc33,25.09877,23.77324,24.29537,24.29537,23.41931,23.32951,22.91402,23.32951
Sdhd,27.21753,25.90841,26.10298,26.10298,24.40931,26.22133,25.30351,25.30351
Gjb1,,,,,,,,
Phactr3,25.82563,,,25.82563,18.82131,17.90624,19.99245,18.82131
Tnfaip8,26.62129,26.0476,25.5571,26.0476,22.05497,21.36148,19.50252,21.36148
Ddx20,23.34719,23.23747,22.56071,23.23747,22.91598,22.55913,22.62567,22.62567
Lrfn5,,,,,23.03379,23.47383,22.32789,23.03379
Fbxw11,23.87605,23.57173,22.9243,23.57173,24.3866,24.80523,24.07887,24.3866
Slc25a14,17.25939,23.12526,23.10947,23.10947,20.92846,21.3326,21.11114,21.11114
Krit1,22.77439,22.6075,22.61829,22.61829,22.58024,23.13402,23.47085,23.13402
Pld2,25.07606,24.52719,23.10958,24.52719,19.60489,19.55411,17.6656,19.55411
Urb2,18.34594,20.44344,19.19902,19.19902,21.41359,22.28093,20.69897,21.41359
Col6a2,22.60969,21.18083,21.29098,21.29098,,,,
Dhcr7,25.0106,24.292,23.92461,24.292,27.40884,27.67452,26.68525,27.40884
Lrfn2,,20.70337,18.64474,19.674055,20.85156,21.98357,,21.417565
Pcnxl3,21.34949,20.53241,20.21514,20.53241,22.18423,22.35756,22.17329,22.18423
Phactr4,26.49471,25.61099,25.40133,25.61099,22.39679,22.1842,21.65631,22.1842
Golph3l,25.65679,24.84857,23.58497,24.84857,23.45689,23.13784,23.06447,23.13784
Tmem160,24.74242,23.97176,24.31879,24.31879,25.55999,24.61431,24.41209,24.61431
Ccdc9,23.18088,23.08918,23.00008,23.08918,16.16585,15.19395,19.24502,16.16585
Stx2,26.15499,25.43555,25.8632,25.8632,23.01728,23.22164,21.84391,23.01728
Gkap1,26.14425,24.05159,24.03431,24.05159,22.73585,21.78808,21.13232,21.78808
Jak2,22.03882,21.36629,24.03145,22.03882,23.66861,23.7237,22.9733,23.66861
Tor2a,,21.73793,20.75849,21.24821,25.06398,24.77706,24.27633,24.77706
Polr3h,26.3476,24.73903,25.42371,25.42371,23.69232,23.25997,23.03564,23.25997
B3galt6,22.3722,21.74718,23.51352,22.3722,24.1536,23.88558,23.62478,23.88558
Zfp280d;Znf280d,19.18204,20.12994,20.76312,20.12994,20.57071,20.33265,19.78299,20.33265
Cobll1,26.67748,25.66582,26.15503,26.15503,18.34642,18.95194,18.54359,18.54359
Nprl2,23.44544,22.08955,20.75426,22.08955,21.36869,22.6437,20.94799,21.36869
Fbxo9,,25.15074,25.35679,25.253765,20.4501,18.05245,16.27798,18.05245
Mon1a,24.52534,22.77929,23.14902,23.14902,24.00873,23.81695,23.63223,23.81695
Aifm3,,,,,,,,
Spcs3,28.74114,28.01175,28.03255,28.03255,26.52328,26.7474,26.28498,26.52328
Ptdss2,24.05341,24.21734,23.84709,24.05341,23.83615,24.27874,23.64966,23.83615
Ldlr,24.65113,23.49936,23.57034,23.57034,21.06763,21.65469,20.23433,21.06763
Polr2g,26.83738,24.78721,24.96996,24.96996,25.55336,24.59201,23.67303,24.59201
Specc1l,27.05786,26.55915,26.49127,26.55915,24.41429,23.66893,23.57068,23.66893
Fhod3,19.64681,14.07448,,16.860645,20.29177,19.85999,20.91357,20.29177
Fam120b,19.1954,21.15326,,20.17433,24.76501,24.77876,23.85129,24.76501
Nek6,24.33838,24.04318,24.30897,24.30897,19.26746,22.05881,21.02452,21.02452
Nfkb1,26.04151,24.76269,25.21327,25.21327,20.92868,19.97435,20.41967,20.41967
,23.72682,,22.47766,23.10224,22.72829,24.27177,21.63989,22.72829
Fgfr1op2,24.33033,24.07161,22.92343,24.07161,23.45663,23.49619,22.99412,23.45663
Polr3c,23.06396,21.30223,21.71184,21.71184,21.93499,21.37745,21.35154,21.37745
Endou,,19.75222,18.61637,19.184295,,14.89083,,14.89083
Dnajc30,26.38083,23.77786,23.51761,23.77786,25.01555,24.07659,24.1251,24.1251
Ivns1abp,25.47494,24.84704,25.79124,25.47494,23.35649,23.79333,22.40875,23.35649
Dph5,23.38324,24.59224,23.12057,23.38324,24.91452,25.13226,24.23892,24.91452
Ctnnal1,26.93427,25.66308,25.75254,25.75254,20.57626,19.12923,19.43862,19.43862
Zfpl1,26.11277,26.08375,25.5294,26.08375,24.6825,24.69376,24.76385,24.69376
Fam193a,22.56774,21.34776,22.04986,22.04986,22.26,22.41573,21.66397,22.26
Derl1,23.97561,25.14585,23.63179,23.97561,26.22586,26.06472,23.08198,26.06472
Dync1i1,,,,,,,,
Aif1l,28.89758,27.78942,27.33236,27.78942,20.26144,,,20.26144
Tdp1,23.92669,22.22597,23.03271,23.03271,21.50159,20.04514,21.61041,21.50159
Cggbp1,24.73562,24.2467,22.98289,24.2467,23.04587,21.88189,21.6903,21.88189
Txlng,24.93319,23.87305,24.69657,24.69657,22.22273,21.49838,21.68055,21.68055
Cbln4,,,,,,,,
Fbxo7,25.57236,24.60885,25.28189,25.28189,23.60377,23.37438,23.98042,23.60377
Cetn3,27.43468,25.98079,24.98307,25.98079,23.54498,22.52872,22.59174,22.59174
Psmg2,25.47386,24.41835,23.94038,24.41835,26.59449,26.65567,26.32783,26.59449
Mapkapk2,25.85705,23.48444,24.24075,24.24075,22.45548,22.1855,22.1055,22.1855
Serhl,25.89143,25.60544,25.71605,25.71605,21.95908,22.47222,20.56011,21.95908
Zrsr1,21.29221,20.10021,20.64887,20.64887,22.64665,22.78911,21.81652,22.64665
Dennd5b,19.22739,18.73652,,18.981955,21.13314,20.88487,20.45051,20.88487
Abcg1,15.9719,16.70995,,16.340925,22.90911,21.49282,21.78656,21.78656
Znhit2,24.03406,23.39061,23.36011,23.39061,22.48316,21.78943,21.65866,21.78943
Taf5l,,19.66263,18.71428,19.188455,22.50753,22.82338,22.5054,22.50753
Snx33,26.80882,25.85906,26.13389,26.13389,18.07509,,19.53587,18.80548
Col12a1,24.24402,23.05757,22.1808,23.05757,20.40686,15.29731,15.74286,15.74286
Afg3l1,25.68276,24.92732,24.1702,24.92732,23.92434,24.23469,23.45413,23.92434
Oxa1l,25.37073,25.52265,25.62675,25.52265,24.4582,24.94628,24.45061,24.4582
Gm16286;Naa11,22.47675,23.62611,24.43352,23.62611,24.86854,25.4231,25.0239,25.0239
Xrn1,24.58881,23.30452,23.79956,23.79956,23.85415,24.0431,23.72224,23.85415
Utp20,24.52397,21.9733,21.57348,21.9733,22.33745,22.35116,21.62685,22.33745
Dpf3,18.03015,24.81929,,21.42472,21.94156,21.6712,21.8685,21.8685
Rab30,20.39686,17.89888,21.34965,20.39686,24.56587,25.11613,24.57115,24.57115
Map2k5,23.95172,22.17051,24.37941,23.95172,23.21514,23.43924,22.4891,23.21514
Ano8,21.21484,21.19334,20.9132,21.19334,23.43237,23.33279,22.98831,23.33279
Lpcat1,25.25865,23.67422,24.48142,24.48142,27.38878,27.54679,27.05972,27.38878
Smyd3,20.96169,22.78873,22.20261,22.20261,24.53005,23.91351,24.31845,24.31845
Lpar1,23.16322,22.4079,23.93409,23.16322,,21.66891,,21.66891
Mief1,19.31028,22.07133,21.69106,21.69106,22.40585,21.6737,20.84682,21.6737
Atp11c,23.25465,22.27142,22.36629,22.36629,23.50773,22.88683,23.00743,23.00743
Ntrk3,,,17.31274,17.31274,19.53003,19.43583,19.64846,19.53003
Csmd3,16.54521,16.84965,17.29221,16.84965,19.89186,20.03403,19.32036,19.89186
Ttbk2,20.25511,17.65004,16.78545,17.65004,21.81999,18.52635,19.40098,19.40098
Cnot11,25.85631,23.53635,23.03834,23.53635,24.19114,25.18945,24.33933,24.33933
Fam172a,24.55374,25.06279,24.42137,24.55374,24.07855,21.94746,23.26299,23.26299
Wdr59,23.42496,22.59835,23.69625,23.42496,23.18843,23.44796,22.93065,23.18843
Ctdspl2,21.5507,20.38353,20.26591,20.38353,22.9934,22.02506,22.79529,22.79529
Brat1,22.20705,20.34895,22.30151,22.20705,21.65382,21.81245,22.4278,21.81245
Myl4,23.41196,23.32704,23.55391,23.41196,19.75429,,,19.75429
Agtpbp1,15.80856,19.21847,18.45712,18.45712,24.44063,24.68378,24.27078,24.44063
Helz,24.84029,18.5414,19.20055,19.20055,20.57828,20.05205,21.12282,20.57828
Bgn,24.05209,21.98808,21.92162,21.98808,21.65762,22.10594,22.12152,22.10594
Bnip2,21.27719,19.84954,22.29409,21.27719,20.86189,19.71406,20.24133,20.24133
Qsox2,22.85774,22.00433,21.31766,22.00433,24.16507,24.63206,24.07112,24.16507
Serpina1b,,,,,19.23053,19.01697,,19.12375
Ndrg4,,19.78737,,19.78737,24.79986,24.77465,23.94922,24.77465
Timm10b,25.19438,22.50108,23.321,23.321,24.02985,26.16252,23.8468,24.02985
Slc24a4,23.20332,21.18016,,22.19174,23.39963,22.26058,20.54924,22.26058
Prr14,21.41307,22.83125,22.94589,22.83125,19.04244,19.71679,18.53583,19.04244
B3gnt2,20.27025,,,20.27025,,17.27676,,17.27676
Rassf8,24.22435,22.71862,23.61807,23.61807,18.27417,17.76558,,18.019875
Baalc,22.88198,19.55667,,21.219325,19.224,20.63892,19.58533,19.58533
Mical1,26.13152,24.73733,24.98342,24.98342,23.45651,22.65303,22.7013,22.7013
Ngdn,22.9262,22.38682,23.09433,22.9262,21.43588,22.02611,22.1764,22.02611
C5,22.96693,21.62489,21.33243,21.62489,22.44053,23.98755,24.02884,23.98755
Chrm1,,,,,23.04113,22.1389,22.23421,22.23421
Nudt4,29.39952,28.14972,27.86355,28.14972,26.30913,26.07645,26.19263,26.19263
Fgd6,20.89748,18.69714,15.68272,18.69714,,16.45918,15.78287,16.121025
Ube2b,26.90873,26.9157,26.53115,26.90873,26.30987,26.33686,26.24695,26.30987
Nudt19,22.53986,22.41738,22.45856,22.45856,19.56171,22.32314,22.14127,22.14127
Mthfd2l,24.12416,20.61773,20.04019,20.61773,23.34164,22.90205,22.2912,22.90205
Camk2d,,,,,,,,
Arhgef26,25.57364,24.22104,24.00958,24.22104,22.60046,23.23459,21.80581,22.60046
Sypl1;Sypl,28.91236,28.14793,28.31025,28.31025,22.73804,21.51297,22.67588,22.67588
Chd5,,13.59607,14.39158,13.993825,22.87042,23.05202,22.05682,22.87042
Nme7,26.40196,25.67368,24.65829,25.67368,24.01776,22.46852,23.33306,23.33306
,24.41054,22.65176,22.69285,22.69285,24.09563,23.56104,23.7292,23.7292
Vrk3,21.89312,23.08011,22.20976,22.20976,22.04123,20.97001,19.73915,20.97001
Kat5,20.14768,15.25669,19.57697,19.57697,21.8166,21.37624,21.69651,21.69651
Kank3,20.98022,20.96621,19.96986,20.96621,16.86436,18.33184,17.17816,17.17816
Itpr2,25.81355,24.30758,24.22847,24.30758,21.79685,23.92823,24.56558,23.92823
Wtap,25.66311,24.1922,23.2245,24.1922,23.50167,22.40943,22.21172,22.40943
Lrfn1,20.57404,20.16054,20.61908,20.57404,22.63218,23.03832,24.73066,23.03832
Ppp1r16a,23.49631,23.74294,23.60105,23.60105,24.44872,24.64147,24.06554,24.44872
Ubr7,23.46688,22.01004,23.10936,23.10936,20.97085,21.88424,19.5964,20.97085
Btaf1,23.4288,22.57925,22.35143,22.57925,23.40237,24.01265,24.96407,24.01265
Ttll1,23.71743,23.02631,22.47692,23.02631,23.93562,24.33279,23.27895,23.93562
Ugdh,26.64348,25.70113,24.85253,25.70113,25.3478,25.084,24.5559,25.084
Larp4b,25.59298,24.38693,24.05283,24.38693,23.63931,23.34354,22.84835,23.34354
Rtn2,,,,,23.56232,23.80754,22.11385,23.56232
Kdm2a,23.77374,21.28557,21.57713,21.57713,21.89204,22.77515,21.40322,21.89204
Ccdc101,22.4421,21.89167,23.18448,22.4421,23.16378,22.59833,21.55525,22.59833
Nup188,23.64911,23.76759,23.31396,23.64911,22.9013,22.93866,22.7495,22.9013
Ccs,26.63229,26.62296,26.11706,26.62296,23.16086,24.48965,24.76258,24.48965
Slc25a36,22.26413,24.46045,24.89583,24.46045,22.98028,22.94835,,22.964315
Txnl4a,26.16304,26.04341,25.55865,26.04341,24.3644,24.51021,24.06283,24.3644
Islr2,18.88074,19.76213,,19.321435,25.51956,25.71064,25.71479,25.71064
Rdh12,24.70662,23.23058,24.08164,24.08164,18.29657,,23.32869,20.81263
Mcm3ap,24.28743,22.82782,23.26642,23.26642,22.98336,22.01134,21.44354,22.01134
Flnc,30.78605,29.81864,29.9067,29.9067,21.95312,22.70117,20.6472,21.95312
Vezt,24.18329,21.73773,21.82629,21.82629,24.50519,25.26974,25.07912,25.07912
Fam129a,25.79769,24.23943,23.74837,24.23943,21.21068,20.81174,20.81597,20.81597
Desi1,24.96961,24.39447,23.7191,24.39447,24.06628,23.94315,22.80538,23.94315
Rab34,27.1025,26.11273,25.80213,26.11273,23.37398,23.30939,22.70955,23.30939
Cisd3,23.72015,23.65196,23.06318,23.65196,22.98482,23.29418,22.11404,22.98482
Rbx1,29.14124,28.9767,29.46355,29.14124,28.64492,28.86738,28.9491,28.86738
Sssca1,28.03113,26.73247,26.48547,26.73247,25.60382,25.91205,23.99196,25.60382
Mgat5,25.36923,24.44063,23.69583,24.44063,22.60071,22.08605,22.11791,22.11791
Setdb1,21.77447,21.09094,20.96219,21.09094,21.90856,22.24699,21.48188,21.90856
Tox4,25.40406,23.46214,24.00213,24.00213,23.95234,23.76365,23.41867,23.76365
Stard5,26.50746,25.01593,25.2531,25.2531,25.0092,21.0673,22.13774,22.13774
Fam65b,19.43766,20.41349,19.66707,19.66707,21.97183,21.07953,21.19141,21.19141
Focad,23.84076,22.02147,21.64786,22.02147,21.89722,21.81577,20.94056,21.81577
Mrps6,28.15702,28.64268,28.10639,28.15702,25.03901,24.52468,25.1395,25.03901
Creld2,28.71764,28.7241,28.79705,28.7241,23.81627,23.89735,21.41168,23.81627
Lyrm9,,20.85916,,20.85916,22.05046,22.66408,22.59382,22.59382
Atg14,,19.69936,22.64513,21.172245,19.05417,19.35563,16.40765,19.05417
Rraga,24.38245,25.393,25.52013,25.393,25.35209,25.52815,25.29817,25.35209
Dusp12,22.26046,20.01277,19.61139,20.01277,23.02933,23.07419,22.42611,23.02933
Nbn,22.7055,21.41658,23.22916,22.7055,17.45579,16.6492,13.88674,16.6492
Dhx57,22.9679,22.91039,23.00922,22.9679,25.9657,26.12896,25.71709,25.9657
Cpeb3,,,,,21.45518,20.32586,18.7201,20.32586
Lrch2,24.0748,22.64865,22.61758,22.64865,26.01805,26.06423,25.74673,26.01805
Exosc3,26.35859,24.68491,24.89708,24.89708,23.21054,24.67573,24.06727,24.06727
Bbox1,22.26476,22.4342,23.31091,22.4342,16.73754,,15.17032,15.95393
Rdh13,24.71623,22.35947,21.60562,22.35947,24.56697,24.47568,23.73438,24.47568
Pou3f3,26.08472,25.58681,25.49427,25.58681,26.18111,25.93242,25.76073,25.93242
Plod1,26.12382,24.02217,24.51015,24.51015,22.05414,22.23102,21.94031,22.05414
Kat8,21.99614,21.15851,20.75311,21.15851,23.44582,23.15792,23.05881,23.15792
Ercc1,22.25508,21.06979,21.2207,21.2207,23.19502,23.5973,22.88887,23.19502
Pet100,22.05854,23.81705,24.51075,23.81705,,,,
Trim27,22.29247,,22.46314,22.377805,23.82813,23.59821,24.23812,23.82813
Ptp4a1,24.1481,23.30869,23.65611,23.65611,26.17887,26.8977,25.89786,26.17887
Ppapdc2,22.31241,,,22.31241,,20.37825,,20.37825
Pcid2,24.89929,24.29418,24.41002,24.41002,24.8501,24.65004,24.80995,24.80995
Lsm7,26.19472,24.42085,25.50658,25.50658,24.50736,25.13977,23.14759,24.50736
Hn1l,28.85724,28.30587,28.50832,28.50832,22.8102,22.9307,21.04953,22.8102
Nolc1,26.27989,25.27078,26.35372,26.27989,24.7033,24.13336,24.3837,24.3837
Apoa1,,,,,,,,
Ptcd1,23.79679,22.26141,21.75792,22.26141,22.9646,22.18302,22.30394,22.30394
Lrch4,24.61392,23.03919,22.67211,23.03919,19.34143,19.66499,,19.50321
Neurl4,16.83923,19.55774,18.01694,18.01694,22.89056,22.82846,23.02284,22.89056
Esrra,20.05484,19.67652,18.71599,19.67652,21.42332,21.6383,21.60639,21.60639
Fem1aa,20.83923,,18.81036,19.824795,21.20544,21.7543,21.9397,21.7543
Stx8,26.81836,27.41135,25.86268,26.81836,26.6095,25.37345,25.1851,25.37345
Tmem63b,23.37026,13.02244,19.91491,19.91491,23.26241,23.92615,22.50562,23.26241
Akap11,18.52841,20.38427,19.67984,19.67984,19.88828,18.86677,18.25622,18.86677
Ca5b,25.71934,25.44357,25.19584,25.44357,22.05374,19.47072,18.95971,19.47072
Sytl2,21.35418,18.20886,19.71356,19.71356,,18.5257,17.64259,18.084145
Ankrd52,22.17356,22.29387,20.54198,22.17356,21.66114,21.85882,20.23736,21.66114
Ap4m1,22.99435,21.61176,21.06118,21.61176,23.66036,23.2798,23.36893,23.36893
Wdr19,25.97358,25.06657,25.46017,25.46017,21.68863,21.20836,21.84881,21.68863
Clcn7,25.18352,23.56197,24.58812,24.58812,24.07194,23.09379,22.4533,23.09379
Cnn1,31.6971,31.01764,30.85475,31.01764,24.27668,,23.53979,23.908235
Fam117b,24.68592,23.27725,23.90058,23.90058,23.50215,23.22038,23.33074,23.33074
Chat,21.05112,,,21.05112,,19.5051,18.93756,19.22133
Ccnh,24.15143,23.05669,21.93124,23.05669,23.58738,26.64636,23.03969,23.58738
Slc38a1,26.65472,25.98826,23.33946,25.98826,25.25332,25.88474,25.2827,25.2827
Tmem223,23.31617,23.4496,21.69281,23.31617,24.35488,23.6319,24.03162,24.03162
Ptar1,26.36304,24.82828,23.84546,24.82828,22.66726,21.68153,20.87613,21.68153
Parp14,23.6184,22.01076,22.00949,22.01076,24.35602,23.17595,24.39021,24.35602
Ptprk,23.46638,23.14055,22.47751,23.14055,25.23739,25.46855,24.66188,25.23739
Polr2i,26.14429,24.25703,24.23841,24.25703,24.33518,25.03381,24.93481,24.93481
Rtf1,25.62369,24.68859,24.02926,24.68859,23.98737,24.54398,23.56302,23.98737
Def6,23.36813,22.23818,22.8147,22.8147,21.9851,18.48436,22.41692,21.9851
Kiaa1841;0610010F05Rik,23.52432,22.43094,21.59459,22.43094,23.96561,23.62611,23.21676,23.62611
Dido1,23.13723,22.23553,20.88226,22.23553,20.97197,21.594,21.59113,21.59113
Xrcc5,25.73882,24.8277,24.92125,24.92125,21.89323,21.07868,21.87515,21.87515
Rac3,,19.48603,22.6252,21.055615,29.83792,29.42612,28.85843,29.42612
Shisa9,,,20.19472,20.19472,21.73293,20.85018,20.50959,20.85018
Nr2c2,22.41375,23.60343,23.3415,23.3415,23.36773,23.33484,21.07568,23.33484
Whsc1l1,22.29737,21.32317,21.41049,21.41049,21.65966,21.19165,21.78173,21.65966
Xpo4,24.07822,23.17527,21.82524,23.17527,21.38274,21.42255,21.67271,21.42255
Ankhd1,24.82639,23.83605,23.67088,23.83605,21.14998,20.82392,21.2727,21.14998
Mad1l1,25.92588,24.26571,24.35494,24.35494,22.67653,21.96733,21.45929,21.96733
Grm8,,,,,19.03187,17.59565,18.36893,18.36893
Gpatch1,21.95876,18.43102,19.75987,19.75987,21.04354,20.92745,20.09738,20.92745
Tmlhe,27.18764,25.86162,25.70917,25.86162,22.40065,22.61342,21.63834,22.40065
Surf2,24.66405,22.77246,22.14351,22.77246,23.09955,22.87998,23.02269,23.02269
Tmem63b,,,,,22.85863,23.86806,23.2617,23.2617
Vav1,24.91762,23.94476,23.76951,23.94476,23.09465,22.7913,21.37528,22.7913
Bloc1s3,24.85496,25.18616,25.04302,25.04302,,,18.73109,18.73109
Svil,25.54014,24.17074,24.05515,24.17074,20.29782,21.66822,20.9502,20.9502
Pcnt,23.40354,22.19722,21.75971,22.19722,18.12928,21.69519,21.56723,21.56723
Rab6a,27.83195,25.83053,26.29696,26.29696,22.96429,22.66132,22.59487,22.66132
Crip1,26.01078,26.98479,27.65683,26.98479,20.67383,21.65988,,21.166855
Kctd12b,24.73985,24.02673,24.79694,24.73985,,,18.75499,18.75499
Robo1,21.54666,19.1826,19.0158,19.1826,22.55223,23.36132,23.02839,23.02839
Atp11b,21.1364,22.34451,22.89126,22.34451,19.27606,19.91017,20.91035,19.91017
Sat2,24.65753,22.95823,24.61291,24.61291,20.80475,21.42291,,21.11383
Pus7,27.11763,25.28595,26.4654,26.4654,24.11418,23.83036,23.11016,23.83036
Tbc1d1,24.00547,22.26677,22.18386,22.26677,19.41807,19.87731,21.0058,19.87731
Hdac8,25.70102,24.61639,23.07995,24.61639,23.51989,22.8465,22.71852,22.8465
Mrpl14,27.47375,26.58362,26.83413,26.83413,26.38383,26.33885,25.92613,26.33885
Tnrc6c,,,17.78902,17.78902,20.64983,17.17133,21.123,20.64983
Cdip1,24.41777,22.99347,,23.70562,,,,
Mtmr10,24.68966,23.47964,23.39611,23.47964,19.92132,21.07725,20.78029,20.78029
Frg1,25.85939,24.45657,25.20754,25.20754,25.08651,24.77696,24.62003,24.77696
Cdh5,26.07341,16.81102,17.49209,17.49209,19.41082,,,19.41082
Cartpt,,,,,18.44387,20.60458,21.75858,20.60458
Exosc4,26.6327,26.26969,26.4772,26.4772,26.0969,25.65946,25.26159,25.65946
Fastkd2,23.66134,22.8308,23.44733,23.44733,22.96774,23.24647,22.78939,22.96774
Ift27,28.0239,26.12479,26.99345,26.99345,23.85766,23.91442,23.5013,23.85766
,24.59651,24.23885,22.48917,24.23885,17.74156,19.20965,19.66598,19.20965
Tomm6,29.44312,29.11404,28.63454,29.11404,27.29981,27.92875,27.77014,27.77014
Efhd1,22.56537,23.05303,21.8836,22.56537,,,,
Lss,25.7901,25.43441,25.39162,25.43441,27.49579,27.40949,27.17369,27.40949
Rbm15b,22.38651,18.77192,20.59996,20.59996,24.48824,25.68814,24.62154,24.62154
Uxs1,24.4587,23.63511,23.64075,23.64075,23.18873,22.29771,21.86079,22.29771
Tle1,23.30814,21.98228,21.99704,21.99704,20.39519,21.2277,20.10955,20.39519
Rtn4rl2,,19.52604,,19.52604,23.34272,23.66156,23.89013,23.66156
Ccdc134,26.87982,25.98542,26.41904,26.41904,22.36967,22.47487,22.85262,22.47487
Enpep,,,,,,,,
Usp29,,,18.83109,18.83109,22.99562,23.34489,23.13389,23.13389
Ints6,23.37212,22.98463,22.65724,22.98463,22.85778,22.97787,22.6688,22.85778
Cbln3,,,18.14659,18.14659,,,,
Gab2,24.34787,23.18069,23.39034,23.39034,23.41493,22.9757,22.84518,22.9757
Ufsp1,25.18518,,,25.18518,22.30916,22.46421,22.0805,22.30916
Eif2ak4,21.36677,21.48562,21.23696,21.36677,21.62185,21.19292,21.62297,21.62185
Npdc1,21.76097,20.66796,20.70227,20.70227,23.15066,22.27901,22.68851,22.68851
Slc26a6,25.35373,22.89369,22.92361,22.92361,16.99126,18.87069,19.88945,18.87069
Chpf,21.52047,21.63179,20.43766,21.52047,22.47927,22.30483,22.17895,22.30483
Bnip1,25.02064,25.42678,25.91573,25.42678,23.67023,24.06332,24.6435,24.06332
Dpcd,27.29448,26.48228,26.69724,26.69724,20.59478,23.14757,22.54527,22.54527
Dlg1,,,,,,,,
Cdh20,18.19955,20.45212,21.03872,20.45212,17.85884,16.22998,16.51345,16.51345
Mbd2,26.05099,24.46688,25.23473,25.23473,21.61872,21.1934,19.22072,21.1934
Dact3,20.31529,19.98106,,20.148175,22.48829,23.25883,21.87436,22.48829
Tmem68,22.17925,19.57358,20.95333,20.95333,24.50294,24.62567,23.94673,24.50294
Dhx16,23.70504,23.13815,23.26714,23.26714,23.51857,23.59343,23.44291,23.51857
Surf6,23.76991,23.43543,24.77254,23.76991,22.55436,21.3038,21.58889,21.58889
Psme4,24.72624,22.64401,22.57565,22.64401,24.30876,24.03607,23.76769,24.03607
Lrch1,26.19229,24.57398,24.073,24.57398,23.2839,23.89745,22.96053,23.2839
Dusp28,22.5646,,,22.5646,19.60018,19.67093,,19.635555
Dcaf13,23.43301,23.22894,23.45501,23.43301,22.77024,23.51677,22.92792,22.92792
Dner,22.87886,22.28376,22.22641,22.28376,25.61046,25.90104,25.63605,25.63605
Sidt1,,,,,,15.70687,,15.70687
Dab2,27.19018,26.43068,26.16079,26.43068,22.59871,18.01433,22.42793,22.42793
Lancl3,,,,,24.69891,24.53677,23.74386,24.53677
Ep300,22.3024,20.58316,21.228,21.228,19.60252,20.55478,19.92966,19.92966
Stk3,26.93157,26.1301,25.93125,26.1301,22.74546,20.76685,19.20867,20.76685
Cabp1,,20.48444,,20.48444,20.76652,18.759,18.39745,18.759
Rab27b,,,,,,,,
Pcdhga12,22.83312,19.4151,19.84749,19.84749,22.87847,22.74559,21.52535,22.74559
Pcdhgb6,22.51374,19.72456,20.89999,20.89999,22.56735,22.51246,22.0096,22.51246
Dnttip2,24.13367,22.90909,23.56477,23.56477,21.96621,22.35536,21.96751,21.96751
Mknk1,23.55204,24.05242,22.38693,23.55204,21.83043,21.63755,20.91342,21.63755
Mettl1,24.8944,24.93112,25.60125,24.93112,24.43593,24.75822,24.60789,24.60789
Clcn2,22.73626,21.6906,22.00573,22.00573,19.42728,19.51243,18.92804,19.42728
Aif1,26.37685,25.72804,25.24967,25.72804,23.26671,17.48345,22.40432,22.40432
Cul9,22.69387,21.68551,21.6356,21.68551,22.17758,22.35848,21.25805,22.17758
Pih1d1,26.48872,24.65611,24.83947,24.83947,23.88874,23.42944,23.09047,23.42944
Wls,24.96433,23.45513,24.91984,24.91984,24.52349,24.88828,25.09426,24.88828
Abhd17c,20.79408,,24.23914,22.51661,25.32461,25.9731,25.40938,25.40938
Fadd,19.18923,17.2243,,18.206765,24.49076,23.25609,23.58199,23.58199
Mctp1,15.60102,,19.3089,17.45496,20.44889,19.34404,19.05862,19.34404
Tor1b,22.33881,24.01895,23.9276,23.9276,23.6513,23.82968,23.44847,23.6513
Narfl,25.25501,23.68121,24.26249,24.26249,21.79122,22.60691,22.58914,22.58914
Yeats4,22.246,21.55614,22.00604,22.00604,24.75822,24.44019,24.11744,24.44019
Cfap20,27.04864,25.7556,25.97141,25.97141,25.95613,25.86971,23.74827,25.86971
Slc33a1,20.95397,23.49875,24.15298,23.49875,24.95992,24.3234,24.61347,24.61347
Utp15,25.62937,24.61437,25.0559,25.0559,24.55397,24.01572,24.29516,24.29516
Ring1,25.17596,24.06201,24.47785,24.47785,22.47991,22.30045,23.09037,22.47991
Lyar,26.10621,24.35171,24.84187,24.84187,23.16593,22.76415,22.04434,22.76415
Fntb,26.86443,25.80048,25.97806,25.97806,22.94165,23.4501,23.23219,23.23219
Slc8a3,,,,,23.38929,23.30994,22.44516,23.30994
Glcci1,22.89697,21.64504,20.02351,21.64504,23.49363,23.41313,23.27398,23.41313
Vwf,20.74731,18.76215,18.31212,18.76215,17.19681,18.597,,17.896905
Dtnb,24.47933,23.86816,23.12463,23.86816,22.69083,21.07855,21.65587,21.65587
Pus1,24.21756,22.8973,23.96983,23.96983,22.92566,22.27489,22.12619,22.27489
Rsrc1,25.54587,24.73717,24.00007,24.73717,24.68774,22.9433,21.37045,22.9433
G6pc3,,20.58362,19.53069,20.057155,22.96337,23.30647,22.68831,22.96337
Mtmr14,21.74755,21.24092,21.27799,21.27799,22.54985,22.54809,21.40218,22.54809
Plekho2,26.67654,25.57568,25.31358,25.57568,21.36885,20.76482,21.52631,21.36885
A830018L16Rik,,18.6614,,18.6614,18.08587,18.26979,,18.17783
Sp4,23.56372,22.28574,20.97617,22.28574,23.64845,22.41393,22.49958,22.49958
2410002F23Rik,24.82614,22.95116,22.30402,22.95116,26.78007,27.02041,26.56982,26.78007
Aven,23.19999,22.05232,19.39067,22.05232,21.98947,20.78397,20.54066,20.78397
Amot,23.54604,21.66397,21.10719,21.66397,17.26838,21.11591,19.24985,19.24985
Nop16,27.09003,25.67395,26.29609,26.29609,22.81825,21.90944,23.49948,22.81825
Kiaa0907,21.52363,22.20168,22.50252,22.20168,23.45764,23.09309,22.38929,23.09309
Usp34,24.42002,19.17221,22.2316,22.2316,22.17338,22.3796,22.12893,22.17338
Npc1,26.87912,25.59281,26.25099,26.25099,24.00282,23.719,23.33593,23.719
2310045N01Rik;Mef2bnb,,18.56149,16.29665,17.42907,,21.35526,,21.35526
Rell2,,,,,21.21715,22.98482,20.63396,21.21715
Mfsd10,22.64267,19.86003,21.51701,21.51701,22.12458,21.70405,21.55225,21.70405
Naprt,26.7758,23.95003,26.2131,26.2131,19.52108,19.66962,15.81951,19.52108
Nup50,26.23787,25.15522,25.44199,25.44199,23.9542,23.44228,23.48824,23.48824
Abl1,21.9226,20.76943,20.51615,20.76943,21.83807,21.74792,20.97155,21.74792
Hirip3,21.97442,20.34386,20.69379,20.69379,21.78193,21.49003,20.06907,21.49003
Fra10ac1,,17.57673,,17.57673,22.46229,22.14566,21.7455,22.14566
Rtfdc1,23.55145,24.12715,23.47544,23.55145,21.25176,21.20102,20.70159,21.20102
Lig3,24.7264,23.98598,24.46014,24.46014,24.27427,24.19046,23.93544,24.19046
Sfswap,22.39809,20.78029,21.35735,21.35735,22.11305,21.31926,21.17579,21.31926
Pld1,21.16103,20.44213,19.9522,20.44213,19.10211,17.66247,13.16381,17.66247
Rnf11,23.06489,24.12573,24.40905,24.12573,24.22751,24.32958,24.5566,24.32958
,24.95398,24.30285,24.82338,24.82338,21.65482,21.26659,21.66982,21.65482
Morf4l1,25.73239,25.03683,24.47618,25.03683,25.41487,25.31327,24.65349,25.31327
Acsl6,21.85518,20.29692,21.12231,21.12231,,,,
Bmp2k,25.68172,24.35958,24.52534,24.52534,20.21715,20.22117,20.0696,20.21715
Wdsub1,23.16681,21.837,22.60139,22.60139,20.15845,20.6696,18.0209,20.15845
Prpf18,21.04913,20.77266,20.15301,20.77266,23.20929,21.89981,21.17194,21.89981
Sgsm3,21.40826,21.16503,20.31108,21.16503,21.8117,20.91437,21.02384,21.02384
Smg9,24.75093,23.90509,22.06447,23.90509,24.35562,23.9805,24.09297,24.09297
P4htm,18.14788,19.44585,,18.796865,23.23371,22.77722,22.59473,22.77722
Atg4c,19.66768,,,19.66768,19.77452,19.38387,,19.579195
Scamp2,27.82766,26.20208,27.04448,27.04448,25.33994,25.15147,25.32951,25.32951
Hddc3,29.51384,28.77162,28.75955,28.77162,27.27551,27.56405,27.41248,27.41248
Asf1a,25.77223,25.63193,25.60122,25.63193,26.70121,26.27654,25.12794,26.27654
Grip2,21.86272,24.62834,22.70814,22.70814,21.70611,22.24188,22.56855,22.24188
N6amt2,21.33008,18.84879,,20.089435,23.50142,24.18246,23.19116,23.50142
Sco1,26.42485,24.80381,24.87891,24.87891,24.27973,23.55251,23.29039,23.55251
Pml,23.53884,22.47682,23.05854,23.05854,17.73244,18.78014,17.43217,17.73244
Ptprm,23.71419,21.8836,20.99203,21.8836,19.28125,19.85197,17.89883,19.28125
Entpd6,,21.19538,20.40925,20.802315,23.6371,24.28404,23.30076,23.6371
Fam92a1;Fam92a,24.95638,23.70694,23.2159,23.70694,20.28749,19.4904,20.35488,20.28749
Birc2,21.71549,21.7587,22.84588,21.7587,21.49438,20.84,20.84544,20.84544
Gtf3c2,23.58772,22.73417,22.1128,22.73417,23.53718,23.42995,22.77726,23.42995
Ptpro,18.84776,,18.38591,18.616835,25.66647,25.52388,25.66131,25.66131
Bend6,,,20.35735,20.35735,,,,
Ube2j1,24.31603,24.13806,24.61144,24.31603,23.70271,23.81343,22.80757,23.70271
Polr3b,22.04657,21.49077,21.89171,21.89171,20.80152,21.09371,22.25136,21.09371
Fam110b,21.59605,,17.038,19.317025,21.41751,22.05056,21.7416,21.7416
Ric8b,24.00838,17.44548,17.12273,17.44548,23.43033,24.24779,23.32882,23.43033
Tdrd3,25.29246,23.77977,24.31313,24.31313,23.15205,23.04883,22.99058,23.04883
Ggt1,20.87049,20.29681,19.2841,20.29681,,,,
Lurap1,22.6426,22.40517,20.95013,22.40517,18.12161,,,18.12161
Msrb3,23.75022,24.09507,23.99861,23.99861,,,,
Arglu1,23.13863,25.84522,26.71201,25.84522,25.57063,25.54389,25.32017,25.54389
Ndrg4,,,,,26.45585,26.63145,25.01359,26.45585
Tmem55b,26.82784,24.84771,24.49485,24.84771,26.21921,26.79303,25.50015,26.21921
Dnajc19,22.1432,21.32262,23.17313,22.1432,25.34868,24.06036,25.05974,25.05974
Zmym3,22.32314,21.94296,21.04853,21.94296,22.90193,23.25969,22.24333,22.90193
Rftn1,22.21502,20.25822,19.44148,20.25822,22.38132,21.00127,19.75307,21.00127
Mtrf1l,24.47005,21.81037,21.04033,21.81037,23.3676,23.05738,22.83954,23.05738
Ebna1bp2,26.38961,26.18044,26.23679,26.23679,23.26499,21.83869,22.1237,22.1237
Znf148,24.625,23.10342,24.07104,24.07104,21.12887,21.1654,22.60465,21.1654
Gabpa,24.7601,23.80331,24.15376,24.15376,23.00922,23.11567,22.96107,23.00922
Rabl2,23.57011,24.37066,24.03934,24.03934,24.96561,24.49503,23.90536,24.49503
Shh;Ihh,24.2,24.60778,25.66528,24.60778,19.922,19.49816,17.48707,19.49816
Tax1bp3,29.83753,29.02086,28.87118,29.02086,27.46466,27.1915,26.76648,27.1915
Cntn3,19.75411,,,19.75411,20.44435,20.54934,20.44607,20.44607
Ube2a,24.33831,24.72905,24.56465,24.56465,25.26696,24.40347,25.29702,25.26696
Casp9,22.96462,22.01974,22.36175,22.36175,21.19946,20.37624,,20.78785
Irgm1,26.85911,26.71646,26.1314,26.71646,23.56046,23.57888,23.66362,23.57888
Fmod,,,,,,,,
Map2k3,22.70291,23.88455,21.16595,22.70291,21.10879,22.1874,21.89178,21.89178
Ptbp3,26.31304,24.57415,24.27363,24.57415,23.51039,23.64339,22.94181,23.51039
Ctnnbip1,28.46778,26.78082,25.96468,26.78082,24.86599,24.70282,23.84076,24.70282
Ube2r2,27.28507,27.48301,26.92931,27.28507,25.61147,25.78674,25.76777,25.76777
Cep192,23.00787,21.51965,21.35477,21.51965,20.63245,20.4247,21.34028,20.63245
Samd14,,20.60023,,20.60023,21.26459,21.3159,20.98704,21.26459
Arl6ip4,24.3245,23.6289,23.12663,23.6289,22.83439,19.50193,23.06723,22.83439
Sugct,26.35065,23.80863,24.76971,24.76971,18.76357,,20.48719,19.62538
Nhsl1,23.98607,22.49238,21.59978,22.49238,18.43249,16.59888,16.60795,16.60795
Trip10,25.02534,25.89804,25.88577,25.88577,16.62328,23.25652,19.53739,19.53739
Rasgef1a,,,,,18.59175,20.44263,20.31937,20.31937
Rrm1,26.81213,25.23371,25.24267,25.24267,25.91486,26.15794,25.41645,25.91486
Tf,22.10175,,14.17336,18.137555,20.25003,20.49385,21.0549,20.49385
Ift57,24.81997,24.08545,23.83335,24.08545,20.29311,19.93316,20.69863,20.29311
Tor1aip2,26.61386,25.40015,24.47277,25.40015,21.98308,21.76511,21.63984,21.76511
Tspyl4,20.10636,19.71336,18.59193,19.71336,24.35387,23.67777,23.28193,23.67777
Klhl11,21.39796,21.2108,20.69702,21.2108,23.01214,23.11383,22.0831,23.01214
Crybg3,21.42044,,17.82774,19.62409,,,,
Tmem230,24.59172,24.3503,25.1615,24.59172,24.26842,23.44695,23.59389,23.59389
Cd59a,29.23948,27.31346,27.54871,27.54871,19.7361,22.96985,22.37716,22.37716
Wdr73,22.97162,22.16962,22.10399,22.16962,22.65816,22.27628,21.84866,22.27628
Epha7,20.63467,21.1213,19.70664,20.63467,22.83445,22.63622,22.71324,22.71324
Cnot4,23.20476,22.38092,17.94301,22.38092,20.74041,19.94821,19.65636,19.94821
Pid1,25.31264,24.00127,22.7563,24.00127,24.91283,25.32024,24.73985,24.91283
Gm17296,20.84169,18.76199,20.30719,20.30719,21.81874,11.07521,15.07757,15.07757
Foxp1,22.2454,21.92854,22.14799,22.14799,23.81597,24.10685,23.84948,23.84948
Kat7,22.70862,22.74846,22.0455,22.70862,22.33265,22.3556,22.72092,22.3556
Trpc4,21.98777,22.14177,22.43117,22.14177,21.9083,20.64333,20.09081,20.64333
Slc7a11,22.64145,22.93594,24.20948,22.93594,,,16.86677,16.86677
Pdyn,,,,,18.81494,,,18.81494
Nipa1,,23.5099,24.37106,23.94048,23.20147,23.38982,25.12692,23.38982
Mfsd4,24.37637,23.90958,24.32265,24.32265,,,,
Sirt3,19.09931,22.71528,21.19964,21.19964,21.74065,21.97956,22.72879,21.97956
B4galt4,22.16821,21.92832,21.26751,21.92832,21.38901,20.55347,20.36933,20.55347
Smg5,15.69919,19.83714,21.61935,19.83714,22.67607,21.90496,22.21948,22.21948
Slc22a4,18.16226,,,18.16226,,,,
Trim33,25.31697,22.69394,22.33794,22.69394,24.79059,24.69806,24.83957,24.79059
Mbnl1,27.48539,26.58806,26.44897,26.58806,21.46164,20.00648,17.47263,20.00648
Tmem245,24.47717,23.31479,22.98881,23.31479,23.47407,23.82289,23.63533,23.63533
Bms1,23.65862,23.82629,23.22457,23.65862,23.90417,23.31824,23.15321,23.31824
Dlc1,20.91291,,19.01754,19.965225,18.28546,18.34443,19.08249,18.34443
GOLGA7B,,19.9679,,19.9679,24.59206,23.52205,24.39767,24.39767
Man1b1,22.61196,22.55934,22.5161,22.55934,23.16463,22.87236,23.21901,23.16463
Adck5,23.46039,17.46858,,20.464485,17.36273,19.37241,19.63729,19.37241
Aar2,24.32848,23.82318,22.61569,23.82318,23.29221,23.23833,22.93632,23.23833
Entpd1,21.00779,21.92016,21.8157,21.8157,,,,
Mrs2,20.66319,19.73293,17.96302,19.73293,18.50824,16.60113,16.10083,16.60113
Colgalt1,25.60416,23.50652,23.11583,23.50652,25.47834,24.697,24.92931,24.92931
Gtf3c3,23.84881,23.55098,23.51051,23.55098,23.85576,23.46451,23.36025,23.46451
Mpped2,,16.57728,,16.57728,25.17322,24.28588,23.78586,24.28588
Znf704,,19.52751,19.47799,19.50275,22.66197,22.82922,22.41429,22.66197
Slc25a16,23.69434,21.86997,21.27674,21.86997,20.85999,21.62422,22.02894,21.62422
Ubl5;Gm16381,27.05144,27.44514,27.83358,27.44514,25.41896,26.50732,25.76048,25.76048
Usp20,18.88777,,,18.88777,22.0446,22.02425,22.00854,22.02425
Tmem161b,18.57607,20.20192,21.29322,20.20192,22.17962,21.72688,19.94149,21.72688
Gorasp1,26.69988,25.83137,25.81059,25.83137,24.76051,24.90086,25.96976,24.90086
Wwc1,23.68507,22.9369,23.33456,23.33456,22.72236,22.69198,22.08832,22.69198
Ercc2,22.26095,21.56992,21.96723,21.96723,22.43262,21.986,21.9431,21.986
Chmp1b1,27.91815,26.67707,29.25354,27.91815,26.21518,26.32692,25.50452,26.21518
Tmem120a,23.9949,22.64636,23.3362,23.3362,24.88628,25.34723,25.30518,25.30518
Ift81,27.25278,26.5005,26.26692,26.5005,23.67702,23.31879,24.59531,23.67702
Gpaa1,23.47914,20.94692,22.21327,22.21327,25.83993,25.97046,25.9406,25.9406
Ccdc149,21.01195,,,21.01195,22.34109,21.68564,20.2832,21.68564
Ift122,26.45089,26.5538,26.18546,26.45089,22.30728,22.18241,21.85498,22.18241
2900011O08Rik,22.55185,22.73775,21.35509,22.55185,24.34116,24.05689,22.72546,24.05689
Higd1a,26.23902,25.28132,26.32165,26.23902,24.26828,24.22133,22.94106,24.22133
,23.77344,23.44038,21.77965,23.44038,21.777,21.91262,22.72042,21.91262
Ccdc109b,,,,,19.94435,18.3644,18.95572,18.95572
Ydjc,,,22.33017,22.33017,24.63245,23.71356,23.33593,23.71356
Exosc7,24.60008,24.46026,24.45676,24.46026,23.27611,23.96675,23.57704,23.57704
Phc3,23.40328,21.84961,21.67831,21.84961,21.92078,21.44015,22.64904,21.92078
Dcp2,22.50763,21.49829,21.97355,21.97355,23.44278,23.90701,22.96983,23.44278
Kctd21,20.70421,23.14687,20.22776,20.70421,21.324,21.34468,20.74098,21.324
Ttc8,26.16536,25.00406,24.84561,25.00406,23.49485,23.12846,22.71557,23.12846
Psen1,25.67839,24.29453,23.81343,24.29453,24.92642,24.03741,24.23206,24.23206
Ptpdc1,23.85377,24.14631,25.21741,24.14631,21.68983,20.99638,20.18386,20.99638
Kpna2,26.27757,23.9627,22.97439,23.9627,24.97928,24.42278,24.25357,24.42278
Cd180,25.16108,25.19577,24.71419,25.16108,20.07405,20.76361,20.08226,20.08226
Bloc1s1,24.81284,23.80705,22.29468,23.80705,22.14827,23.3684,21.95457,22.14827
Bbs9,25.3073,24.1114,24.28687,24.28687,22.09136,22.17448,21.81621,22.09136
Zfand2b,24.52874,22.9712,22.66023,22.9712,21.02472,22.84439,22.18646,22.18646
Ift140,26.55842,25.39872,25.37994,25.39872,23.01574,22.84869,22.53003,22.84869
Jph1,,14.2337,19.55837,16.896035,21.33189,21.61027,21.74772,21.61027
Vav3,22.99547,20.78229,21.30502,21.30502,22.17048,19.60303,20.79193,20.79193
Tsen15,24.84891,25.20974,25.09961,25.09961,23.34814,23.51244,23.27739,23.34814
Tmem55a,27.90116,26.4135,26.61835,26.61835,25.61074,26.10841,25.3319,25.61074
Tmem175,26.78169,26.12362,25.77525,26.12362,21.4976,21.04727,20.84337,21.04727
Saal1,25.3963,23.73107,23.50797,23.73107,25.00945,25.12052,24.79481,25.00945
Ints1,23.04843,21.65962,22.52588,22.52588,22.76662,22.84917,22.36728,22.76662
Plod3,26.14346,24.70498,23.87296,24.70498,23.1303,23.43759,22.86642,23.1303
Lonp2,27.2226,23.73242,22.92262,23.73242,25.98503,26.07012,26.11553,26.07012
Mad2l1bp,22.32597,22.1566,21.4051,22.1566,22.03473,22.30516,20.68183,22.03473
Gas2l1,25.7958,23.98928,24.17843,24.17843,,,,
Thoc7,23.83682,24.33688,24.51707,24.33688,23.75664,24.31341,24.46195,24.31341
Rcor1,24.09289,23.50506,23.08216,23.50506,23.24837,22.9222,23.31879,23.24837
Sox2,25.56956,25.406,26.65007,25.56956,21.50407,20.51605,20.78963,20.78963
Ece1,20.7043,18.32668,15.63535,18.32668,20.06487,21.26734,21.24063,21.24063
Ccdc181,23.33006,22.84101,21.6753,22.84101,19.27594,17.25599,17.45659,17.45659
D1Ertd622e,23.64152,23.21367,21.92463,23.21367,20.33364,21.6154,18.30216,20.33364
Terf2ip,24.5756,23.57496,20.91371,23.57496,22.79001,22.58916,23.19375,22.79001
Slc39a6,24.19408,21.86212,21.94828,21.94828,25.68801,26.84206,24.34496,25.68801
Serpinb8,25.53828,24.73763,24.36379,24.73763,21.42987,21.80045,,21.61516
Mettl14,24.63567,22.45826,22.79612,22.79612,19.07324,,18.13059,18.601915
Tjap1,25.63043,24.31486,24.69067,24.69067,20.02729,15.05503,15.08887,15.08887
Daxx,22.50332,23.0063,22.2819,22.50332,23.39937,23.29011,22.65421,23.29011
Shisa6,19.58676,,17.49224,18.5395,,,,
Nudt15,,20.87912,20.58472,20.73192,20.53336,21.07254,21.30452,21.07254
Lchn,20.5174,19.48448,19.80461,19.80461,22.07676,23.03466,21.88588,22.07676
Csnk1e,21.85529,15.53166,15.87294,15.87294,24.09965,24.68902,24.08659,24.09965
Tefm,25.04764,24.0209,24.69525,24.69525,22.03554,22.79513,23.2627,22.79513
Mrpl20,25.8671,24.98259,25.35188,25.35188,27.3841,26.75723,26.65116,26.75723
Ppp1r14a,22.11804,,,22.11804,,,,
Rgma,22.84552,,,22.84552,25.96556,25.83908,25.16035,25.83908
Epb41l3,22.66047,21.40385,19.04642,21.40385,22.51946,21.65757,21.86997,21.86997
Polr3e,21.19196,19.27696,19.30028,19.30028,21.1154,20.33243,20.96388,20.96388
Smarcad1,23.27994,22.58788,21.76138,22.58788,24.2827,24.55725,24.08327,24.2827
Sepsecs,22.73215,22.57732,23.00156,22.73215,21.26979,20.78125,20.36389,20.78125
Nsmaf,23.59889,22.13078,22.27145,22.27145,21.76146,21.20991,22.9107,21.76146
Atpaf2,25.10673,24.44304,24.42002,24.44304,22.64931,23.97097,23.83287,23.83287
Cnksr2,,,,,,,,
Wrb,24.38001,22.71387,23.48272,23.48272,25.02606,25.34411,24.24771,25.02606
Sergef,23.12858,22.95051,22.70495,22.95051,23.97876,22.97157,19.83704,22.97157
Commd1;Gm28048,27.32062,25.84117,26.31731,26.31731,23.52862,23.86703,25.53002,23.86703
Nifk,26.60498,26.15623,26.19918,26.19918,24.34286,24.42758,24.81763,24.42758
Chuk,24.32485,23.81568,24.02183,24.02183,22.93025,22.77171,22.57302,22.77171
Nipbl,24.00693,21.89563,22.63105,22.63105,21.51007,21.83854,21.88293,21.83854
Tlk2,21.36351,21.8554,21.031,21.36351,22.68599,22.2397,22.32424,22.32424
Fat3,20.21821,21.96028,13.66656,20.21821,22.14753,21.71356,21.89115,21.89115
Dbh,,,,,19.90569,,,19.90569
N4bp1,22.08008,22.06276,22.1603,22.08008,17.41129,18.62114,20.89785,18.62114
Dgcr8,15.9903,18.78568,20.16325,18.78568,17.73132,17.78909,21.27827,17.78909
Cttnbp2nl,26.50558,25.56358,25.58701,25.58701,25.32083,25.42611,25.01291,25.32083
Fhl4,21.20114,18.62984,19.74307,19.74307,,17.9907,,17.9907
Fam107a,25.93274,25.31185,24.52797,25.31185,21.30986,,,21.30986
Cldnd1;Cldn25,22.07401,20.63564,,21.354825,24.7264,24.14562,23.73583,24.14562
Sh3pxd2a,21.82194,18.43791,20.41059,20.41059,20.3538,20.56039,20.26717,20.3538
Nprl3,24.53089,21.11636,19.33778,21.11636,23.22616,22.82767,22.42332,22.82767
Cgn,,21.0071,21.26682,21.13696,19.826,20.06605,17.59018,19.826
Camk2b,,,,,23.53872,22.96342,23.01403,23.01403
Dusp23,,16.30594,22.73504,19.52049,21.6439,21.49809,22.77664,21.6439
Yjefn3,,,,,,,,
Herc3,20.19604,,15.58854,17.89229,19.64105,20.27014,18.28378,19.64105
Mib2,21.96473,20.16999,21.58591,21.58591,22.61773,22.64011,22.65855,22.64011
Cd44,30.18353,29.75549,29.56511,29.75549,17.03176,22.21196,21.93578,21.93578
Nat14,25.4098,25.39869,25.75488,25.4098,25.21801,25.30313,24.0441,25.21801
Usp46,24.41093,23.57242,22.8336,23.57242,23.70324,23.56267,24.17242,23.70324
Elfn1,17.62121,19.81325,18.82389,18.82389,21.84858,21.81882,20.92376,21.81882
Tfb1m,25.41374,24.42803,24.48099,24.48099,24.26084,24.29102,23.91907,24.26084
,27.28366,26.19165,26.28489,26.28489,22.43301,22.52996,22.12931,22.43301
Celf5,,,17.26435,17.26435,24.87037,25.84422,25.70767,25.70767
Nmnat1,23.20385,20.73934,21.05311,21.05311,23.93912,23.64218,23.24466,23.64218
Rfc1,23.64438,20.56263,21.7268,21.7268,20.26075,17.46698,19.71942,19.71942
Dnmbp,22.84906,19.0419,21.81613,21.81613,20.28636,16.02562,13.58578,16.02562
Rnf114,26.83521,26.60045,26.46142,26.60045,24.03078,25.14895,24.59201,24.59201
Adcy6,23.45976,22.00354,21.58536,22.00354,23.10273,22.74513,22.46727,22.74513
Pald1,24.60416,23.60275,23.98763,23.98763,23.44342,23.62154,22.9206,23.44342
Frs3,17.07661,,,17.07661,,,,
Caskin2,23.66481,22.23497,22.59796,22.59796,17.65004,16.99325,,17.321645
Plxdc1,19.45455,20.35154,21.05298,20.35154,,,,
Lifr,20.45322,23.34286,16.91672,20.45322,20.32531,19.95532,18.65882,19.95532
Creb1,27.84529,25.63567,26.98403,26.98403,22.57891,,23.79154,23.185225
Vprbp,23.56232,22.64119,22.50778,22.64119,22.77445,22.70464,21.995,22.70464
Telo2,21.26442,20.5838,20.91262,20.91262,22.53635,23.12294,22.73977,22.73977
Maea,24.02064,22.83779,22.67254,22.83779,23.18095,22.74014,22.94714,22.94714
Ssh1,22.7348,21.46822,20.3566,21.46822,17.25562,18.7054,20.50096,18.7054
Cnot6l,22.33454,18.14952,18.29863,18.29863,22.62945,21.76862,20.85194,21.76862
Lmf1,21.26081,21.78536,22.45254,21.78536,18.49138,20.73934,18.99802,18.99802
Smug1,25.09366,23.44872,22.8574,23.44872,24.95996,24.67185,23.84986,24.67185
Trabd,24.43816,22.90696,18.27276,22.90696,17.99065,21.84992,17.4529,17.99065
Aasdhppt,20.21869,20.53971,19.84864,20.21869,23.58726,23.69328,22.98692,23.58726
Kbtbd3,20.63529,20.92122,18.42337,20.63529,24.16054,21.2149,21.48513,21.48513
Kdelc2,24.66449,24.20426,23.83894,24.20426,20.71984,19.35591,19.44714,19.44714
Ddx27,24.41854,23.40561,24.19189,24.19189,23.15156,22.52659,23.826,23.15156
Nip7,23.95323,23.90518,23.46824,23.90518,24.65704,24.79223,25.17604,24.79223
Atg13,19.65741,19.01835,,19.33788,21.02012,20.5956,21.45156,21.02012
Tulp4,,19.01397,,19.01397,20.03174,19.74088,19.45643,19.74088
Otud5,20.00607,19.75039,20.22682,20.00607,19.64218,19.21333,20.49414,19.64218
Snupn,22.37082,22.77848,21.76478,22.37082,21.19922,21.22388,20.68055,21.19922
Spred3,20.99479,15.00435,15.69822,15.69822,21.65644,21.60295,21.14731,21.60295
Tesk1,19.14437,18.73589,20.4866,19.14437,19.20629,19.00701,19.73019,19.20629
Rhbdf1,23.98911,22.78895,22.29421,22.78895,19.08822,19.85424,15.13113,19.08822
Jmjd1c,20.98711,19.0384,19.89461,19.89461,18.00657,14.93286,14.64374,14.93286
Nelfe,26.63145,24.93746,25.18048,25.18048,22.51571,20.07705,18.54646,20.07705
Gca,26.41093,25.55733,25.22803,25.55733,22.59261,21.79333,,22.19297
Camlg,24.87919,24.74006,25.72005,24.87919,24.89587,25.29379,24.85937,24.89587
Ppp3cc,23.91534,22.0444,22.32284,22.32284,,20.76806,20.5093,20.63868
Phip,24.44676,23.13248,22.86916,23.13248,24.02606,24.22413,23.46986,24.02606
Sybu,24.80075,22.71112,23.22488,23.22488,23.08382,23.17868,21.75805,23.08382
Tmco3,,22.28492,21.32888,21.8069,21.39524,21.14252,19.71582,21.14252
Ntpcr,24.37199,24.24227,24.38601,24.37199,25.06427,25.13085,24.26949,25.06427
Diexf,17.27821,16.7703,19.78544,17.27821,22.53112,22.50519,20.8711,22.50519
Pigg,24.33429,22.97963,23.28574,23.28574,23.25218,22.97143,22.70132,22.97143
Zkscan16,,,,,19.82397,19.63614,19.22513,19.63614
Slc9a7,23.72744,21.56876,21.22817,21.56876,21.08499,18.96561,22.11054,21.08499
Dcun1d3,23.98111,22.80976,22.06533,22.80976,24.00736,24.33443,23.74827,24.00736
Mllt4,,,,,19.78182,18.90912,16.54135,18.90912
Rabl3,22.46867,22.82202,23.41145,22.82202,21.37135,27.96163,21.62881,21.62881
Fuca2,23.91296,23.19876,21.89204,23.19876,22.31446,22.43672,23.87558,22.43672
Xpo6,21.10258,20.41338,20.34495,20.41338,22.55307,22.29986,22.00587,22.29986
Gbp6;Gbp10,25.72156,24.15507,24.67901,24.67901,21.82528,22.09462,19.38964,21.82528
Idnk,24.61997,23.32759,23.22832,23.32759,22.83569,22.09636,22.50935,22.50935
Rbbp6,23.42726,22.92356,22.74127,22.92356,21.67297,21.19009,21.26155,21.26155
Tbc1d23,24.87624,24.71947,24.98936,24.87624,24.44063,25.37182,24.42554,24.44063
Exosc2,25.9336,24.46283,24.98707,24.98707,24.84494,24.43835,23.87923,24.43835
Arfrp1,25.23447,24.07627,26.3478,25.23447,23.79243,23.5821,23.14628,23.5821
C78339,21.2362,22.89984,19.74541,21.2362,24.25429,21.89119,23.89319,23.89319
Atrnl1,22.96682,18.53188,22.05189,22.05189,23.16803,23.60738,23.46526,23.46526
Erbb4,21.91258,20.73826,21.67745,21.67745,24.3835,24.55894,23.69445,24.3835
Itfg2,22.05219,21.17182,21.12048,21.17182,17.59696,18.60332,18.73635,18.60332
Bmi1,23.64911,22.72482,22.36472,22.72482,24.29999,23.90518,23.3692,23.90518
Bin2,25.51509,24.98002,24.20866,24.98002,22.8472,17.75551,23.38811,22.8472
Tex264,27.2893,27.18404,27.50097,27.2893,25.77671,25.95172,25.31164,25.77671
BC024978,22.95241,24.08886,24.12629,24.08886,24.83166,24.36886,23.85852,24.36886
Ccdc39,25.97018,25.06279,25.90541,25.90541,20.90881,19.22628,17.7512,19.22628
Mast4,22.94906,21.2217,21.50091,21.50091,20.88681,20.17451,19.42128,20.17451
Ascc1,23.28644,23.62455,24.0011,23.62455,23.37531,23.22385,23.27313,23.27313
Grtp1,24.17813,23.07728,21.61733,23.07728,23.93814,23.08049,23.24262,23.24262
Lrrn1,20.29995,20.26396,21.08926,20.29995,22.64141,21.88476,22.15922,22.15922
Pmvk,22.66648,22.71885,23.39074,22.71885,24.96477,26.74175,26.28926,26.28926
Rrp12,24.0801,24.04469,24.43543,24.0801,23.85005,23.78057,23.66731,23.78057
Sh3pxd2b,26.86597,26.00661,25.78639,26.00661,24.90784,24.26506,23.8707,24.26506
Zbtb40,23.17903,22.46164,21.94517,22.46164,20.1916,19.52581,19.0377,19.52581
Abcc4,25.00427,25.01763,24.56842,25.00427,22.08903,21.36464,21.24261,21.36464
Flywch1,23.57531,22.17913,21.07496,22.17913,21.28574,21.37401,20.3014,21.28574
Mrto4,25.65657,24.98537,25.88674,25.65657,24.02107,23.88008,23.83653,23.88008
Prkcdbp,29.46958,28.14977,27.30591,28.14977,20.46543,20.00196,,20.233695
Cdk13,23.1138,20.83221,21.32251,21.32251,22.07107,21.6712,20.33189,21.6712
Nacc1,24.44398,21.7936,19.47615,21.7936,22.57679,23.09716,23.6584,23.09716
Cbln2,24.29677,21.79586,23.44771,23.44771,17.53351,17.17192,,17.352715
Rmdn2,23.71146,20.79376,22.172,22.172,20.65988,21.28042,19.98774,20.65988
Trpc3,,18.06965,,18.06965,15.65455,,,15.65455
Wdfy4,23.25272,21.79245,21.98826,21.98826,21.59364,21.41782,21.04434,21.41782
Brix1,24.70736,25.41645,25.5479,25.41645,25.51361,25.37322,24.90628,25.37322
Cux1,22.55154,22.55255,21.65303,22.55154,21.03456,21.38095,17.15422,21.03456
Mthfr,22.15755,21.11927,19.81193,21.11927,22.52717,21.84176,20.77941,21.84176
Prdm2,20.67116,18.08665,14.62005,18.08665,21.13853,21.3921,20.7766,21.13853
Zfp334,23.84345,24.0827,23.62678,23.84345,19.3569,18.19302,18.2259,18.2259
Tmppe,25.28778,23.43199,24.74561,24.74561,22.28034,22.90617,21.35563,22.28034
Xiap,24.29992,23.10254,23.14604,23.14604,21.82026,22.14644,17.85063,21.82026
Atg12,22.79432,26.14176,22.90347,22.90347,23.33115,25.77387,24.79744,24.79744
Usp13,,,,,21.27019,21.07627,19.26052,21.07627
Bet1,27.31129,26.87526,27.02433,27.02433,25.14694,25.50151,25.05883,25.14694
Sorcs1,20.30952,21.6756,19.78907,20.30952,19.09182,19.13791,17.7186,19.09182
Ascc3,23.91105,22.98132,22.95752,22.98132,23.72161,23.71009,22.93003,23.71009
Med19,23.38548,,,23.38548,24.71408,24.53017,24.23096,24.53017
Evi5,24.55871,23.95163,24.26119,24.26119,18.04985,20.98891,20.93582,20.93582
Pla2g4e,20.33723,15.73095,16.79842,16.79842,24.22523,24.30215,23.15354,24.22523
Trmt5,23.76739,23.13446,23.73273,23.73273,21.95823,20.4338,21.92394,21.92394
H2-K1,25.43275,25.24369,23.93427,25.24369,,16.99932,23.05696,20.02814
Unc5a,,,,,19.38978,19.92602,20.28297,19.92602
Ccdc94,23.94637,22.041,22.98172,22.98172,21.71846,17.24396,20.91452,20.91452
Gramd4,22.86427,21.53573,21.80625,21.80625,24.2071,23.90141,23.68357,23.90141
Scube1,19.33893,19.69848,14.82377,19.33893,24.63589,24.38258,23.68614,24.38258
Cdr2,22.50707,20.65465,20.80302,20.80302,,,18.88241,18.88241
Rsl1d1,27.99021,27.47908,27.82505,27.82505,26.17632,26.09543,26.01086,26.09543
Pick1,,,,,20.49258,20.59778,19.51867,20.49258
Nfasc,,,,,,,,
Haus3,22.11251,21.21614,20.46712,21.21614,19.18311,15.7147,18.90169,18.90169
Sema4f,,18.01111,,18.01111,20.30975,22.08945,20.37433,20.37433
Dph2,24.96917,23.37981,22.70662,23.37981,23.97325,24.84723,24.14094,24.14094
Plxna3,21.27889,19.22088,21.45418,21.27889,25.35414,25.21264,24.2627,25.21264
Zfr2,21.30424,20.33876,21.0912,21.0912,22.97399,23.82987,21.64192,22.97399
Frmd5,23.65316,22.17088,22.45413,22.45413,23.72619,23.76507,23.69615,23.72619
Fgfr1,23.62545,23.55321,22.94548,23.55321,17.18921,16.00849,16.66609,16.66609
Prkd3,24.27085,23.84957,24.06373,24.06373,21.93398,21.12943,22.33241,21.93398
Klhl5,23.91205,22.39297,22.28209,22.39297,21.92372,20.7866,21.35251,21.35251
Plekhg5,23.93661,23.29053,20.5382,23.29053,20.65316,21.1622,20.52497,20.65316
Rnf7;Gm7075,29.13514,27.63844,27.30069,27.63844,26.4299,26.5041,25.23286,26.4299
Dhtkd1,27.05051,26.70636,26.64361,26.70636,23.06108,22.55333,22.67213,22.67213
Rrp9,25.60187,25.0972,25.42079,25.42079,22.41972,21.61041,21.46772,21.61041
Lyrm7,22.33096,,22.95324,22.6421,23.76456,,24.46712,24.11584
Ncoa1,20.90419,21.19658,22.23655,21.19658,22.4665,22.36287,22.54213,22.4665
Wwp1,22.26425,20.51085,20.94464,20.94464,20.96198,11.83051,20.18156,20.18156
Aoc3,22.39341,,20.44889,21.42115,,,,
Lrfn4,,,,,21.87414,22.24272,21.53621,21.87414
Atf7ip,23.53635,22.2962,20.67805,22.2962,21.0452,20.44111,20.86121,20.86121
Mapre3,24.21556,23.42739,22.91705,23.42739,24.84235,23.98407,24.48818,24.48818
Xrcc1,24.5956,24.8866,24.94695,24.8866,24.09668,24.80361,24.57433,24.57433
Papss2,24.76497,22.83952,21.89752,22.83952,20.80341,19.02104,16.04467,19.02104
Vill,18.46894,,,18.46894,22.12972,21.5643,21.13709,21.5643
Galnt1,24.804,24.37438,23.8944,24.37438,23.66774,23.3769,23.05386,23.3769
Prcc,25.72817,23.66622,23.37079,23.66622,21.43426,22.51944,21.30586,21.43426
Casp1,24.52325,23.11772,23.043,23.11772,23.43186,21.13859,27.08243,23.43186
Samd8,,20.38079,20.45111,20.41595,22.5438,23.05303,22.56321,22.56321
Mtmr3,24.40315,22.09307,22.83584,22.83584,22.31642,22.32408,20.95759,22.31642
Extl3,24.38621,23.76648,24.17828,24.17828,22.80947,22.72424,22.63223,22.72424
Kdm5a,21.06802,20.18604,18.55536,20.18604,20.42029,20.30875,20.2528,20.30875
Fam188a,24.08877,23.46799,23.28757,23.46799,23.56465,23.51917,23.53943,23.53943
Serinc5,22.09178,22.75023,22.16922,22.16922,18.18335,18.3279,,18.255625
H6pd,23.44266,22.42044,22.01345,22.42044,21.23853,23.7686,20.83931,21.23853
Rgs9,,,,,,18.96017,,18.96017
Nek1,24.57485,23.86032,23.82172,23.86032,21.13352,20.7628,20.70024,20.7628
Rsrc2,25.79615,23.84594,24.38278,24.38278,23.14534,21.79198,23.63788,23.14534
Pan3,21.93139,20.46453,22.07294,21.93139,23.68228,23.05097,22.93747,23.05097
Ddx24,22.0311,21.91291,22.36696,22.0311,24.98928,19.05195,24.94962,24.94962
Necab3,,,,,,,,
Rit1,17.75107,,21.42214,19.586605,22.58449,22.2476,21.41535,22.2476
Bach2,14.19975,19.99686,19.32847,19.32847,20.92506,21.32932,20.59705,20.92506
Sorcs3,21.24464,,,21.24464,20.13471,19.36594,19.4404,19.4404
Dcaf6,22.71586,20.14669,19.21547,20.14669,21.01971,20.67124,20.98975,20.98975
Ypel5,26.33753,25.68019,25.70709,25.70709,24.28905,24.11561,24.07104,24.11561
Dhfr,27.56485,26.91673,27.12692,27.12692,24.78097,25.26642,25.12301,25.12301
Fam114a1,28.10664,27.05961,26.93787,27.05961,19.00253,15.84989,19.82927,19.00253
Tusc2,21.33713,,21.2976,21.317365,24.06398,23.95127,23.466,23.95127
Plekhg1,19.28392,17.16182,17.84506,17.84506,15.90642,17.29365,18.29594,17.29365
Dennd6a,24.84379,24.33436,23.15741,24.33436,22.40346,22.55887,23.03875,22.55887
Slc35f1,26.76711,24.96173,25.22166,25.22166,26.21397,26.61989,26.23925,26.23925
Nudt7,20.91379,,18.9189,19.916345,18.39674,19.15973,18.68822,18.68822
Tmem209,26.02574,24.17699,24.25097,24.25097,23.73086,23.66774,23.31783,23.66774
Kbtbd7,19.78112,20.12918,19.03534,19.78112,23.80754,23.52205,23.32347,23.52205
Unc45a,25.21048,23.45023,24.23717,24.23717,23.57715,23.4957,22.67057,23.4957
Flrt3,21.79114,19.56987,22.49253,21.79114,23.46949,23.55098,23.23355,23.46949
Khnyn,23.41725,22.92682,23.1739,23.1739,20.10431,20.46164,20.33353,20.33353
Ca13,21.63812,,22.12196,21.88004,24.61953,24.23228,23.52612,24.23228
H3f3a;H3f3c,21.01332,,,21.01332,21.84111,,27.82299,24.83205
Pgpep1,26.73389,26.03695,26.38589,26.38589,24.83971,24.69785,23.72827,24.69785
Hgh1,25.79536,23.68785,23.06765,23.68785,25.01912,25.27327,25.129,25.129
C2cd2,19.39303,18.8925,18.59598,18.8925,20.40093,,20.6127,20.506815
Brd8,22.66601,22.03631,20.93503,22.03631,21.1452,22.97801,22.73049,22.73049
S100a8,,,,,,,,
Dph1,24.10885,23.20243,22.83784,23.20243,22.2839,21.718,22.10383,22.10383
Med24,23.8227,22.18153,21.69757,22.18153,24.48124,23.78566,22.6782,23.78566
Tomm5,21.08187,22.94366,24.19046,22.94366,20.20431,23.45199,,21.82815
Mrps18c,,23.58118,,23.58118,24.6936,23.56221,24.5245,24.5245
Mrpl48,26.9157,26.07402,26.50809,26.50809,25.14647,24.83721,24.55016,24.83721
Pdia5,24.68624,23.92071,23.98033,23.98033,24.09788,21.89811,21.49984,21.89811
Rbks,25.78004,27.25223,26.75723,26.75723,20.98357,,20.82369,20.90363
Tmeff1,,20.49082,24.67093,22.580875,26.93225,27.00603,26.41232,26.93225
Ca3,24.82862,22.97935,24.08578,24.08578,,,,
Fam13c,22.75412,21.72995,22.45646,22.45646,19.42831,19.0813,16.99336,19.0813
Ebp,29.41997,26.6725,28.39791,28.39791,27.33586,27.67263,26.80378,27.33586
Map3k12,22.68037,22.19316,22.67191,22.67191,22.26104,21.26356,22.55382,22.26104
Atn1,21.91984,20.84797,21.77487,21.77487,19.88386,19.10523,,19.494545
,23.77525,24.1035,24.70293,24.1035,24.43205,23.89883,,24.16544
Wdyhv1,26.59064,26.1971,26.20942,26.20942,20.0547,21.30302,21.86389,21.30302
Pomk,18.69737,21.95461,,20.32599,24.96054,24.20486,24.44278,24.44278
Stom,30.28824,29.27322,29.01412,29.27322,27.53823,23.61986,24.319,24.319
Acss3,23.94181,22.43097,20.40676,22.43097,21.59427,21.28636,20.92434,21.28636
Limk2,22.14641,22.87819,21.93729,22.14641,21.27679,22.5404,22.47504,22.47504
Gatad1,21.9549,18.97113,19.24593,19.24593,22.53595,21.93445,21.03859,21.93445
Ttc30b,26.21814,25.50072,25.31116,25.50072,22.08304,21.02066,21.59268,21.59268
D17h6s53e,24.6804,23.70904,24.0606,24.0606,19.70176,19.49826,,19.60001
Pcdhb20,17.43217,20.77435,18.62916,18.62916,22.94059,22.56897,22.15573,22.56897
Tbc1d9,21.58646,21.00662,21.25396,21.25396,22.25471,22.03066,21.94364,22.03066
Kbtbd4,22.07943,20.54811,21.35105,21.35105,22.59817,23.4179,22.87787,22.87787
Wbscr17,22.79166,20.21608,21.14376,21.14376,22.70016,22.73835,22.0033,22.70016
Adam17,24.78751,24.16023,24.17219,24.17219,20.43502,21.1465,23.88008,21.1465
Micu2,26.47084,24.97815,26.03909,26.03909,24.38528,23.88409,23.67659,23.88409
Acad12,25.12676,24.19835,24.03842,24.19835,21.27196,,17.90012,19.58604
Serinc1,24.17912,24.32759,22.59412,24.17912,24.47914,24.73221,24.72318,24.72318
Wdr17,,,,,,,19.51308,19.51308
Nol7,26.45263,25.69152,25.93589,25.93589,24.36246,23.77455,21.77507,23.77455
Slco1c1,23.53955,22.26705,21.07496,22.26705,20.52526,20.76895,,20.647105
Cacnb2,,,,,20.69634,23.25327,20.21975,20.69634
Cebpz,21.62266,22.51094,23.74878,22.51094,22.31052,21.60123,21.97754,21.97754
Acy3,25.96849,25.3659,25.36102,25.3659,,,17.91742,17.91742
Col3a1,24.20531,21.54901,20.57911,21.54901,15.1007,,16.4128,15.75675
Usp38,25.00624,24.84733,25.4049,25.00624,22.80138,23.58612,24.01725,23.58612
Tle3,25.16192,24.76896,23.68346,24.76896,23.5657,22.56023,22.993,22.993
Slc7a1,26.3761,25.03649,25.89857,25.89857,26.32658,26.23548,26.39225,26.32658
Arel1,20.3263,17.82296,17.23135,17.82296,21.32685,20.75287,19.28976,20.75287
Suz12,17.39222,22.13799,21.83291,21.83291,22.97025,22.92745,22.51487,22.92745
Triap1,26.42536,24.72411,24.71051,24.72411,24.36078,24.99399,22.57157,24.36078
Chst2,25.21996,24.19746,23.71146,24.19746,22.28003,21.54934,22.22066,22.22066
Ubxn2a,15.03312,22.36949,,18.701305,20.03429,19.66221,19.44042,19.66221
Rfc3,24.33163,19.37677,18.7909,19.37677,21.46573,22.42109,22.45686,22.42109
Armc9,23.11429,23.89171,21.12767,23.11429,20.44779,20.82018,19.15946,20.44779
Isoc2b,,,,,,,,
Casp6,27.02083,25.87056,25.85215,25.87056,24.35542,22.59336,21.787,22.59336
Mocs2,25.26119,,24.19378,24.727485,21.95067,22.9778,,22.464235
Sil1,25.69872,24.22582,23.82425,24.22582,20.72126,22.1791,20.15425,20.72126
2700097O09Rik,23.48689,20.41256,22.95308,22.95308,23.26914,23.53611,22.68534,23.26914
Cmc1,29.29601,28.12332,24.39395,28.12332,22.74349,23.48284,22.07287,22.74349
Phlda3,25.27291,24.38995,24.25032,24.38995,,,,
Kctd6,23.59058,22.90459,22.68513,22.90459,21.60264,21.41936,21.72675,21.60264
Fdft1,23.85928,21.49453,21.90132,21.90132,26.70517,26.413,25.6533,26.413
Sult1a1,,,,,21.19743,,,21.19743
Scn3a,13.8792,,,13.8792,21.81409,21.2898,21.50412,21.50412
Ankrd13c,20.53155,19.75427,,20.14291,21.33979,20.53877,20.3566,20.53877
B3gnt1,24.63417,23.77505,23.24837,23.77505,23.45563,23.5254,23.28658,23.45563
Nkiras1,22.29995,21.0713,22.97685,22.29995,19.09383,22.08274,18.13961,19.09383
Sel1l3,,19.52505,19.932,19.728525,21.2178,20.15178,19.9333,20.15178
Taf6,23.1746,22.16708,21.37851,22.16708,21.80951,21.54293,22.05096,21.80951
Chchd10,29.43623,28.69342,29.8539,29.43623,,,,
Kcnj16,,17.25792,20.73554,18.99673,,,,
Coa5,,23.64526,23.17597,23.410615,,,,
Amfr,26.21788,23.29221,23.6608,23.6608,23.24156,22.85781,22.20756,22.85781
Cdc42ep2,,20.92687,,20.92687,,,21.05232,21.05232
Rbm12b1,22.12,21.41214,21.21252,21.41214,21.88881,21.86854,21.33353,21.86854
Synj2,20.93258,20.2894,20.62516,20.62516,,15.89926,,15.89926
Lpin1,21.87867,19.48911,19.79682,19.79682,19.97911,17.50145,21.33391,19.97911
Slc9a6,23.11098,21.08057,21.69153,21.69153,23.32677,22.64893,22.3955,22.64893
Ddx25,,,19.44823,19.44823,23.86032,23.03386,21.45453,23.03386
Apaf1,24.04252,22.79457,22.92868,22.92868,23.5291,23.84719,23.82415,23.82415
Isg15,27.57607,25.10522,25.81541,25.81541,23.88446,24.29572,21.74329,23.88446
Smc4,22.22961,23.22354,22.3332,22.3332,21.70121,21.48783,20.62435,21.48783
Slc2a5,,,,,,,,
Rrm2b,19.57417,18.74649,,19.16033,16.17047,16.72627,,16.44837
Coq10a,22.70102,21.09558,22.12067,22.12067,21.28534,22.28003,22.2331,22.2331
Cdh22,17.4634,,16.81215,17.137775,19.22244,,,19.22244
Tpgs2,25.24663,24.45933,23.59263,24.45933,24.31036,24.29796,23.78217,24.29796
Mrpl2,27.87197,26.23581,26.72403,26.72403,26.2359,26.03813,25.83219,26.03813
Arid4a,21.71431,20.87763,21.10226,21.10226,20.55525,18.06555,18.957,18.957
Nubp1,25.95118,25.12495,25.32742,25.32742,25.03082,23.69062,23.6712,23.69062
Slc35b2,25.79293,25.42066,25.9657,25.79293,23.74037,24.31098,23.76699,23.76699
P4ha1,28.4122,28.13198,28.32294,28.32294,24.48499,23.79452,23.80656,23.80656
Jph4,,,,,21.21229,21.23801,20.75197,21.21229
Hspbap1,21.25286,21.32191,19.51156,21.25286,22.74915,23.23219,19.46006,22.74915
Slitrk3,,16.32453,17.62092,16.972725,22.13295,24.07529,21.59113,22.13295
Nelfa,26.57011,24.9526,24.6329,24.9526,23.13386,22.25569,22.23418,22.25569
Ap4s1,24.93836,23.62008,23.65414,23.65414,23.86145,23.77394,23.73107,23.77394
Cdh7,,,,,19.50874,19.98454,19.67795,19.67795
Fut11,22.4226,22.11588,20.22694,22.11588,21.82838,21.02972,20.06737,21.02972
Lrp8,23.61807,21.19743,20.94364,21.19743,23.11351,22.85827,20.9202,22.85827
Sobp,20.49551,19.22058,18.43453,19.22058,22.07975,22.84682,21.92463,22.07975
Lrtm2,,,,,,,18.07243,18.07243
Meaf6,26.28919,25.32876,25.93973,25.93973,24.5099,24.31541,23.78087,24.31541
Dok3,18.08379,26.25281,20.69846,20.69846,21.47075,,,21.47075
Eif2d,25.99953,24.50537,23.8659,24.50537,22.47326,22.55251,21.97341,22.47326
Rrp7a,24.0456,24.5461,19.58332,24.0456,23.37624,23.19272,24.84475,23.37624
Dyx1c1;Dyx1c1Ccpg1,22.54826,20.83414,21.29008,21.29008,,,,
Kri1,22.09042,21.82784,22.76856,22.09042,20.17121,20.77072,19.94678,20.17121
Sntb2,25.43939,25.14348,24.66915,25.14348,,20.41669,19.7086,20.062645
Gse1,19.646,,,19.646,20.00826,19.11589,19.1283,19.1283
Rasa2,24.79427,23.23487,23.88381,23.88381,22.50276,22.73608,22.28785,22.50276
Pes1,24.56692,23.80243,24.38831,24.38831,24.43854,24.66264,24.35313,24.43854
3/6/2015 0:00,21.54501,20.77056,21.14544,21.14544,22.69349,22.85679,22.57573,22.69349
Nsun5,19.51561,18.61554,21.90441,19.51561,19.92197,20.83692,18.84252,19.92197
Lrrtm3,,15.91031,16.19285,16.05158,21.05947,19.10715,19.93431,19.93431
Gnptab,19.27294,20.28059,20.40239,20.28059,20.14308,20.52258,19.07446,20.14308
St3gal5,22.17575,20.55197,20.68654,20.68654,20.44617,20.56151,21.67232,20.56151
,24.47352,21.29799,22.79693,22.79693,23.50966,20.28794,22.21555,22.21555
Alk,,13.28038,14.73508,14.00773,18.2121,17.18253,17.33595,17.33595
Mrpl32,26.57473,23.93598,24.78766,24.78766,23.53588,23.7167,23.83884,23.7167
Tsc22d4,24.25249,,,24.25249,,,,
Tmem87b,22.78879,22.48726,22.04293,22.48726,21.53592,21.8014,20.38501,21.53592
Limd2,26.1855,23.75756,24.27113,24.27113,23.91452,24.39663,23.29502,23.91452
Nfya,28.28136,26.38261,27.18395,27.18395,25.07623,24.37186,24.73055,24.73055
Ergic3,24.94503,24.47902,24.65305,24.65305,25.38939,25.71652,25.81646,25.71652
Cldn10,23.92922,,20.84835,22.388785,22.79664,22.57395,22.67767,22.67767
Ephb1,21.42034,19.71969,,20.570015,23.59923,23.68078,23.27042,23.59923
,,,,,22.58687,23.50009,23.23055,23.23055
Bckdk,27.21827,26.37885,25.63251,26.37885,24.43854,24.1102,22.51538,24.1102
Epb4.1l4b;Epb41l4b,21.18592,20.54321,,20.864565,19.80541,17.2158,18.7279,18.7279
Rnase4,23.73355,21.3308,23.31507,23.31507,,,,
Mina,20.15215,,,20.15215,,14.85497,12.26204,13.558505
Fam57b,16.22363,,,16.22363,23.77565,24.19873,23.226,23.77565
Lrrc1,25.73079,25.27106,23.00972,25.27106,20.81831,20.94607,18.66879,20.81831
Mphosph8,23.05187,22.93971,22.83277,22.93971,22.21315,22.70877,23.93355,22.70877
Uri1,26.72442,24.14989,25.3009,25.3009,21.40852,20.94407,20.4866,20.94407
Bysl,23.74294,23.09536,23.7542,23.74294,23.39624,24.11664,23.18311,23.39624
Stard4,22.84537,22.22662,23.20841,22.84537,23.85091,23.7083,22.23801,23.7083
Tmem130,,,,,23.31271,23.25407,22.23547,23.25407
Rab27a,,16.99623,21.32575,19.16099,,,,
Klhl7,,,,,20.70134,20.30073,20.16656,20.30073
Fbxo38,22.99645,22.30605,22.77612,22.77612,22.68145,22.27293,21.66791,22.27293
Gramd1a,21.55258,20.63812,20.13533,20.63812,23.60071,23.37345,22.99335,23.37345
Matk,,,,,22.50167,21.72929,21.93582,21.93582
Mex3a,22.74511,23.47507,24.14779,23.47507,23.67874,24.62533,23.8227,23.8227
Mest,,20.57773,22.03355,21.30564,26.51128,26.81617,26.03857,26.51128
Hdhd2;Ier3ip1;Gm10784,22.78193,22.18885,20.31429,22.18885,20.17377,23.60637,,21.89007
Nacc2,25.42972,22.71685,21.49556,22.71685,20.11794,21.3053,19.7748,20.11794
Dda1,25.89101,25.63012,26.23708,25.89101,23.6753,23.36159,23.71282,23.6753
Lrrtm4,,,15.16243,15.16243,20.23643,21.22117,19.14763,20.23643
Ash1l,21.22388,19.27892,19.99065,19.99065,17.0395,,15.64914,16.34432
Ggh,21.49984,24.56477,23.20611,23.20611,21.50528,22.27395,22.07777,22.07777
Fam126a,24.69891,22.71961,22.55527,22.71961,24.47438,24.26814,24.68453,24.47438
Snx8,24.7684,22.70225,23.65895,23.65895,23.1545,23.14984,22.27787,23.14984
Wwp2,22.16186,18.03354,19.08314,19.08314,22.78915,23.22199,22.18389,22.78915
Dlg2,,,,,,,,
Dpf1,27.70015,,23.8147,25.757425,23.94423,24.36993,23.99196,23.99196
Asb6,24.25436,22.61045,22.53279,22.61045,23.92533,24.01529,23.21592,23.92533
Prmt7,25.0272,24.25487,23.99938,24.25487,24.79729,24.90058,24.92438,24.90058
Coro6,18.89664,,,18.89664,,13.39888,19.92706,16.66297
Fosb,21.9247,21.01679,20.51836,21.01679,,,18.55457,18.55457
Rbm19,23.81519,22.66997,23.5844,23.5844,22.48917,22.23237,22.27804,22.27804
Fam84b,26.79625,25.66926,25.72887,25.72887,20.14805,20.00936,17.86689,20.00936
Usp6nl,23.91816,23.18973,23.18254,23.18973,18.84334,19.01264,20.05378,19.01264
Slu7,24.64977,22.829,23.84201,23.84201,22.3399,21.22099,21.44106,21.44106
Noa1,23.98355,22.6776,22.76792,22.76792,24.28164,24.64075,24.43511,24.43511
Grb14,,,,,21.17627,21.49517,21.3713,21.3713
Ndc1,26.27279,25.32086,24.76426,25.32086,24.94338,24.83706,24.34726,24.83706
Gtf2h1,21.86189,20.57792,22.2431,21.86189,20.82291,22.29452,21.46019,21.46019
Utp18,23.99921,22.93393,22.70944,22.93393,23.37265,23.649,22.83773,23.37265
Toe1,22.70521,23.53433,23.53552,23.53433,23.14322,23.11759,23.20281,23.14322
Pnpla7,22.29235,22.93101,22.59664,22.59664,18.69588,,,18.69588
Mef2d,20.50766,20.61189,,20.559775,22.80294,22.32268,20.94442,22.32268
Wdr74,23.33019,22.41227,23.47184,23.33019,21.57838,20.58838,19.35664,20.58838
Ppt2,23.12605,22.27056,23.70936,23.12605,23.07524,19.50467,22.00488,22.00488
Heatr1,23.71051,22.71251,23.04968,23.04968,23.74386,23.75022,23.57068,23.74386
Slc2a6,,,19.91266,19.91266,21.38664,20.79844,18.24028,20.79844
Pold2,24.8042,25.36533,25.87072,25.36533,23.42483,23.89846,22.2252,23.42483
Ascc2,22.22758,21.10636,22.44511,22.22758,22.39665,22.50514,22.15949,22.39665
Cdk5r1,,,19.12073,19.12073,22.4761,23.15416,22.4226,22.4761
Cdh18,16.57896,,,16.57896,15.27048,,19.97253,17.621505
Srbd1,23.77102,22.02533,21.86321,22.02533,22.71779,23.47494,22.849,22.849
Spen,20.89156,19.15714,19.58908,19.58908,20.18495,19.92103,19.83391,19.92103
Ankh,23.69104,21.14358,21.15684,21.15684,23.32594,23.52934,22.65992,23.32594
Yif1a,26.23522,22.47638,25.85115,25.85115,23.91934,23.49057,23.29754,23.49057
Supt7l,22.44015,21.71816,19.98176,21.71816,21.76357,19.96226,21.40556,21.40556
Tti1,20.41111,,,20.41111,20.27116,22.51282,22.14249,22.14249
1810009A15Rik,28.62157,27.2249,27.90913,27.90913,22.88461,22.42834,22.34139,22.42834
Rnaseh2a,24.15854,23.61088,22.74275,23.61088,23.60014,22.94442,22.4531,22.94442
Mrps21,26.73879,26.11066,25.43724,26.11066,26.58449,27.08932,25.46961,26.58449
Efna3,,,,,24.77284,23.83268,22.56577,23.83268
Znrf1,,,,,22.25488,22.26616,22.601,22.26616
Zkscan1,,20.55796,21.09352,20.82574,20.92194,19.48066,20.91998,20.91998
Zcchc18,,,,,21.73231,20.73694,20.92731,20.92731
Lrrc49,22.77044,22.53077,22.33715,22.53077,23.63998,24.05556,23.3648,23.63998
Mturn,26.04343,22.82831,24.0748,24.0748,28.49522,28.51145,27.43722,28.49522
Smurf1,19.61529,19.04311,21.05881,19.61529,22.44531,20.908,21.18035,21.18035
Kcnab3,,,,,19.17128,18.79329,19.63009,19.17128
Ppfibp1,26.02418,24.97618,24.801,24.97618,21.39744,21.5148,19.82163,21.39744
Smg7,23.16936,21.31761,21.7854,21.7854,20.78093,20.73513,20.59651,20.73513
Fbxo30,24.17904,23.66915,23.2939,23.66915,22.82223,23.24803,22.45618,22.82223
Fmo1,24.05325,23.78995,23.30368,23.78995,18.61166,17.06392,17.76604,17.76604
Cwc22,24.04059,23.63964,21.73384,23.63964,23.42829,23.79432,22.79479,23.42829
Shmt1,23.7416,23.40211,23.85871,23.7416,23.24577,24.55356,24.39545,24.39545
Ggcx,22.87511,20.41493,21.47675,21.47675,21.96007,20.98704,20.26052,20.98704
Zhx1,24.45042,23.83971,22.5346,23.83971,23.15499,22.34522,22.44995,22.44995
Wbscr16,24.6596,22.38395,22.99085,22.99085,21.50509,22.20508,22.52073,22.20508
Gstm4,23.79976,23.17348,24.32759,23.79976,22.76935,22.14105,21.46862,22.14105
Ddx47,22.78514,22.97794,21.72638,22.78514,23.84919,23.15948,23.41209,23.41209
Kank2,27.5947,25.90327,25.9165,25.9165,16.72481,18.51576,14.86771,16.72481
Nmnat2,18.43718,,,18.43718,23.37172,22.41627,22.0912,22.41627
Sumf2,24.75608,24.63539,24.32704,24.63539,24.23936,22.73471,23.33156,23.33156
Xkr4,,25.89403,,25.89403,22.70052,23.28842,22.43627,22.70052
Plekhm1,19.77759,21.26247,22.12041,21.26247,19.92829,19.61421,19.92593,19.92593
Dchs1,21.76693,20.0174,19.34655,20.0174,22.22223,22.14631,22.3103,22.22223
Trim65,25.93616,22.25347,22.26819,22.26819,22.52912,21.03859,18.51476,21.03859
Gpr123,23.6548,23.05528,22.64685,23.05528,,,19.75045,19.75045
Szt2,20.88301,20.04727,19.75662,20.04727,20.08784,19.65929,20.33068,20.08784
Klhl3,19.18604,19.17353,,19.179785,20.31285,19.74719,19.41433,19.74719
N4bp2,21.96631,19.85357,20.12893,20.12893,21.01086,20.56663,19.24553,20.56663
Kctd15,25.49234,24.48001,24.32937,24.48001,23.74909,24.0135,23.56593,23.74909
Cd2bp2,26.17326,25.05639,24.5809,25.05639,23.4968,21.97813,23.18918,23.18918
Sh3bp5l,23.58623,22.46785,23.61178,23.58623,17.0396,13.79726,18.10697,17.0396
Cers2,24.19505,24.92007,24.39074,24.39074,23.74735,,21.32767,22.53751
Odf2,25.5412,24.79744,24.4195,24.79744,21.40837,18.63842,22.96883,21.40837
Ttc27,24.03725,21.71339,23.21508,23.21508,23.89948,24.07733,23.33552,23.89948
Phc2,22.75075,19.72382,22.57732,22.57732,23.70904,23.51869,21.75642,23.51869
Aff4,22.26797,21.43604,21.68983,21.68983,21.66219,21.79404,20.91196,21.66219
Rpa2,23.41983,24.47661,24.21845,24.21845,22.34142,23.22733,23.18601,23.18601
Slc7a10,,,,,,,,
Esam,,,,,,,,
Rgs19,23.13679,21.87267,22.72023,22.72023,22.60616,22.90746,22.25344,22.60616
Eps15l1,22.38524,19.68912,19.9266,19.9266,17.68278,,19.85571,18.769245
Terf2,21.03812,20.43145,20.64676,20.64676,24.86089,24.36399,23.76749,24.36399
Ovca2,22.93837,25.0611,24.43968,24.43968,22.41795,22.52953,21.84307,22.41795
Slc35g2,,,,,20.7766,20.62533,20.0208,20.62533
Dcxr,28.69505,27.53118,30.99974,28.69505,22.65264,22.46134,23.02205,22.65264
Stmn4,,,21.90734,21.90734,23.69402,23.71649,23.81734,23.71649
Plxnb3,20.58114,20.40406,22.00857,20.58114,21.2953,22.48313,20.83144,21.2953
Kansl3,23.24187,20.07051,20.80255,20.80255,20.986,21.0172,21.18544,21.0172
Cpsf4,24.61285,22.43247,23.76122,23.76122,24.18843,23.74981,22.81157,23.74981
Polr2j,20.93927,,23.0661,22.002685,24.16753,24.32807,23.59958,24.16753
Pus7l,21.11082,17.66851,19.01247,19.01247,20.72526,19.04591,20.13333,20.13333
Armcx1,23.12049,22.66906,21.73971,22.66906,22.23087,22.67536,21.99852,22.23087
Irf2bp2,25.88197,24.50984,25.07406,25.07406,21.92911,21.74968,21.1013,21.74968
Znf830,23.68143,24.70951,20.93215,23.68143,22.06421,22.0921,20.69362,22.06421
Ugcg,25.50036,24.51268,24.54174,24.54174,24.95607,23.89106,24.37471,24.37471
Senp7,22.93751,21.54727,21.3418,21.54727,22.0692,22.63533,22.42931,22.42931
Rpgr,25.5741,23.41261,23.71597,23.71597,22.83353,22.58779,21.82575,22.58779
Smad3,26.75302,24.33599,19.6196,24.33599,19.68346,19.40456,17.93785,19.40456
Tma16,22.44162,17.83984,18.85316,18.85316,22.11829,21.80223,23.07281,22.11829
Prmt9;Prmt10,20.81964,19.29995,21.05451,20.81964,20.74526,22.08654,20.95063,20.95063
Coq4,25.67861,22.40624,23.52552,23.52552,24.19092,23.97526,23.24519,23.97526
Slc16a7,21.32542,,,21.32542,24.18185,24.44076,23.52277,24.18185
Tfe3,23.86136,23.94235,22.45523,23.86136,19.28708,21.94821,22.49763,21.94821
Med17,22.86168,21.97809,21.61293,21.97809,23.35984,23.08027,22.79404,23.08027
Cecr6,22.09391,21.6219,19.6076,21.6219,22.46049,20.56616,21.3559,21.3559
Sod3,,,21.02803,21.02803,,,,
Kirrel3,21.45994,18.66164,17.04878,18.66164,22.66151,22.57699,20.84598,22.57699
Dpyd,23.30814,20.85331,21.20431,21.20431,19.39001,19.28902,19.17314,19.28902
5330417C22Rik;Kiaa1324,21.59923,21.51374,21.48414,21.51374,21.34224,21.69621,21.40171,21.40171
Atad2,20.86037,19.86686,19.73608,19.86686,17.83183,16.97645,18.53848,17.83183
Zhx2,25.56895,23.81783,24.27881,24.27881,20.63476,20.57589,19.84606,20.57589
Rxrb,22.58389,20.13896,18.40865,20.13896,23.04852,23.41803,22.70377,23.04852
Sh3d19,23.09117,22.07734,21.45357,22.07734,19.14036,18.29531,19.04982,19.04982
Itga3,26.04514,26.39275,26.15547,26.15547,23.06661,23.56709,23.26699,23.26699
Arl10,24.40782,22.99028,23.29852,23.29852,25.34898,24.61088,23.86193,24.61088
Msrb1,,,,,,,,
Acbd5,27.2764,26.78669,25.77917,26.78669,25.66134,24.03984,23.00857,24.03984
Kiaa0556;D430042O09Rik,23.12133,22.32655,20.94285,22.32655,18.59113,15.51428,16.09437,16.09437
Abca1,25.36336,24.04535,24.07993,24.07993,21.03369,21.06979,20.82672,21.03369
Trim44,22.27307,20.49062,,21.381845,22.54274,22.68603,22.11816,22.54274
Dck,23.29109,22.47731,,22.8842,23.85234,23.6699,22.71228,23.6699
Nol8,21.70037,21.44035,21.78644,21.70037,21.33723,19.84265,19.40351,19.84265
Tab3,23.98425,21.14077,22.39592,22.39592,22.63896,22.63312,21.84969,22.63312
Wdtc1,21.98482,21.01577,20.701,21.01577,20.5363,21.34749,20.53526,20.5363
Mapkbp1,23.24397,22.65257,22.41496,22.65257,20.2948,20.52468,21.81382,20.52468
Il16,24.6299,23.79511,23.68742,23.79511,15.97583,16.81541,15.09569,15.97583
Fez2,24.87699,22.82757,21.99959,22.82757,20.04367,20.73372,20.51961,20.51961
Fbxo45,21.79225,20.67435,19.22308,20.67435,24.44683,24.7681,24.66666,24.66666
Rbm34,25.63926,24.68571,25.14612,25.14612,21.31379,21.42085,21.0561,21.31379
Gtf2h2,21.88714,21.75352,21.63626,21.75352,23.29754,22.58813,21.80593,22.58813
Ace2,22.16069,19.88682,20.35305,20.35305,,,,
Xkr6,,,,,22.03396,21.92839,21.6082,21.92839
Snn,,,22.31413,22.31413,25.04272,25.52958,24.85581,25.04272
Stxbp5l,,,,,19.6109,19.03128,18.62432,19.03128
Spire2,,,,,17.74228,22.45784,17.72014,17.74228
Kalrn,,,,,18.64305,18.92524,17.50673,18.64305
Plekha2,27.01924,26.59135,26.54987,26.59135,18.68271,19.0533,,18.868005
Epm2a,18.0541,,,18.0541,18.57174,19.86018,17.2813,18.57174
Creg2,24.5786,24.25328,22.14221,24.25328,21.37045,23.00601,19.64635,21.37045
Ptcd2,24.93103,22.94567,23.57439,23.57439,23.31714,23.6781,22.89488,23.31714
Myo9b,25.35592,24.35501,24.1043,24.35501,21.94102,20.93747,20.91452,20.93747
Zfyve28,,,,,,,14.4806,14.4806
Rfc5,24.40678,22.69732,22.50782,22.69732,24.74673,25.0421,24.6944,24.74673
Adat2,25.12341,17.81109,24.4249,24.4249,20.56113,22.43334,19.09094,20.56113
Bud13,,,,,19.55397,,12.62751,16.09074
Rpap1,24.78661,23.52719,24.02825,24.02825,23.26942,22.11534,22.47432,22.47432
Gabrg2,,,,,,,,
Sts,26.0519,24.10813,23.52839,24.10813,24.67476,24.30083,24.41706,24.41706
Erf,22.09252,22.6046,21.71331,22.09252,19.22701,19.17835,19.32017,19.22701
Plec,21.42491,20.89037,20.69456,20.89037,,,,
Lage3,27.16844,25.18609,19.28186,25.18609,22.05341,23.60546,22.15289,22.15289
Hykk,25.30044,23.54781,23.23481,23.54781,19.15093,18.91269,18.86154,18.91269
Rhobtb2,,,,,17.0366,16.56187,16.11774,16.56187
Xdh,23.6015,21.49233,22.22314,22.22314,22.85403,22.77601,12.7692,22.77601
Lrrc58,22.15348,20.37422,21.55843,21.55843,22.57635,23.57554,22.82571,22.82571
Fam102a,24.65775,22.57812,22.4207,22.57812,19.40771,17.55697,,18.48234
Ndnl2,20.36014,17.88346,18.40154,18.40154,22.3676,22.23055,21.6518,22.23055
Rnf130,24.16262,23.213,23.11234,23.213,23.59787,23.31382,23.63157,23.59787
Elac1,22.70339,22.59019,21.30825,22.59019,16.61439,23.08769,20.62916,20.62916
Fuca1,25.80693,23.55063,24.5559,24.5559,21.97137,22.27076,20.62792,21.97137
Ulk2,19.49728,20.33538,19.03225,19.49728,21.55206,20.10738,20.46174,20.46174
Nme4,25.47584,24.57103,24.30925,24.57103,22.32496,22.06684,21.50257,22.06684
Mcc,22.96137,23.0732,22.59186,22.96137,18.94886,19.74228,19.25541,19.25541
Btbd9,22.29002,,18.89335,20.591685,21.89289,21.5475,21.31374,21.5475
Fam134b,22.37318,19.06063,,20.716905,22.84151,22.80923,21.46169,22.80923
Heca,23.72993,20.87785,22.36546,22.36546,23.31022,22.89078,22.90404,22.90404
Arhgap27,20.75727,25.01916,26.03762,25.01916,22.9166,,,22.9166
Spats2,23.1425,21.64654,23.9393,23.1425,24.66574,26.92343,22.40917,24.66574
Tbc1d12,23.03498,21.12174,21.84157,21.84157,21.41101,18.97371,21.42055,21.41101
Tpd52,,,,,20.39488,21.08421,20.82275,20.82275
Gpr107,24.14266,24.6093,24.60738,24.60738,22.8631,23.18029,23.38271,23.18029
Vangl2,24.53166,23.79778,23.43314,23.79778,27.33977,27.10809,26.76951,27.10809
Senp8,24.85043,24.44114,24.76926,24.76926,23.9604,21.49165,,22.726025
Rngtt,23.57554,22.72898,22.64606,22.72898,23.79253,24.52594,23.81763,23.81763
Ppp1r3g,,,,,,,,
Vcpkmt,23.28376,,,23.28376,,,,
Ntn1,26.58907,25.47101,26.10211,26.10211,23.79362,24.00393,23.49984,23.79362
Fcgrt,23.95677,23.35824,21.34337,23.35824,,,,
Yaf2,,,,,21.54618,22.21359,20.92325,21.54618
Dstyk,21.73488,21.76332,20.62729,21.73488,17.13561,,,17.13561
Mroh1,24.3304,23.05747,23.87811,23.87811,22.2615,22.02985,21.44208,22.02985
Nxn,26.81152,25.75959,25.53715,25.75959,24.38949,23.45764,23.58795,23.58795
Slc5a7,,,,,,,,
Rpusd2,,21.8121,21.93607,21.874085,20.92216,21.56039,21.00669,21.00669
Sin3b,23.86816,19.84394,20.76012,20.76012,23.60365,23.32828,23.54581,23.54581
Ppp1r14c,23.36573,24.87399,22.14193,23.36573,23.8674,25.97222,24.76101,24.76101
Med4,23.43365,19.36412,20.63423,20.63423,22.33396,22.01998,22.04093,22.04093
Rnaseh2c,22.03486,23.15989,22.75322,22.75322,20.35488,,18.60455,19.479715
Fgfr1op2,,,,,22.38163,23.1546,18.64361,22.38163
Lgi4,17.7512,,,17.7512,,,,
Rap1gap,,,,,,23.23678,,23.23678
Med14,22.80859,20.98322,19.54013,20.98322,23.7455,23.05127,22.4216,23.05127
Abca8b,19.91338,19.36399,13.96045,19.36399,18.92978,16.73714,18.58479,18.58479
Meis2,,,,,19.86952,19.70171,19.83407,19.83407
Satb1,22.861,,18.80961,20.835305,21.14843,21.56174,20.36922,21.14843
Fam69b,,16.03729,19.321,17.679145,23.63157,24.22376,22.41279,23.63157
Polr3a,21.87594,21.61836,21.47764,21.61836,21.94607,22.35893,22.33508,22.33508
Utp6,23.60286,22.74905,22.53573,22.74905,23.17729,22.97612,22.88573,22.97612
Cbx6,22.06355,,,22.06355,22.37186,22.32017,21.57552,22.32017
Stard13,23.87905,23.76608,23.50482,23.76608,12.9048,12.99181,19.24908,12.99181
Myd88,23.97237,23.26842,23.15023,23.26842,,,,
Ss18l1,,18.53271,,18.53271,25.9664,25.97579,24.82973,25.9664
Ppp2r1b,26.88309,25.29523,24.41467,25.29523,24.1937,24.48892,24.03582,24.1937
Ephx4,,,,,,,,
Tgfb1,22.93103,21.0673,21.11813,21.11813,15.26993,18.86988,20.8994,18.86988
Otud7a,,,,,19.79084,20.47001,18.29876,19.79084
Zmiz1,22.26018,23.92904,20.09558,22.26018,23.56326,23.43161,21.98155,23.43161
Chka,23.54251,23.4501,22.6881,23.4501,24.6445,24.68934,23.75154,24.6445
Rfc4,24.13962,23.10322,23.1308,23.1308,23.89763,23.70514,23.13826,23.70514
Frmpd1,,19.04918,,19.04918,17.1337,,,17.1337
Ten1,24.54628,20.84222,,22.69425,21.69302,23.65981,22.4979,22.4979
Nhlrc3,26.28562,26.38787,25.89655,26.28562,23.51917,21.83098,20.46683,21.83098
Shd,20.80656,,,20.80656,19.83766,18.8889,17.23032,18.8889
Med31,,,,,20.71389,23.59514,21.69638,21.69638
Fam134c,24.42284,23.36413,23.17127,23.36413,24.95003,25.17725,23.66709,24.95003
Cactin,23.61043,23.171,23.74335,23.61043,22.94953,21.96899,22.0446,22.0446
,,,,,,22.06042,,22.06042
Rtn4rl1,,,,,19.93977,20.71028,,20.325025
Wasf2,27.75525,27.242,27.34993,27.34993,21.35998,20.6696,20.67573,20.67573
Sltm,,17.1801,,17.1801,19.36926,19.4806,19.75571,19.4806
Igfbp5,26.24737,24.92809,24.09015,24.92809,21.06461,21.56132,21.046,21.06461
Lpcat3,26.22024,26.0121,26.02369,26.02369,23.0241,21.9693,21.87953,21.9693
Cdkn2a,21.41622,,,21.41622,22.66724,,21.96286,22.31505
Arhgef28,,23.78457,23.10016,23.442365,20.0868,20.99189,19.91959,20.0868
Emc10,21.33505,21.67801,23.02678,21.67801,24.43333,23.13948,23.75011,23.75011
Tmed1,27.48853,26.32206,26.57326,26.57326,25.8833,25.94737,24.93495,25.8833
Sepn1,24.60371,23.1124,23.1808,23.1808,23.19302,22.99959,22.85802,22.99959
Iqce,24.84995,23.20841,23.31838,23.31838,20.09571,17.29903,16.58207,17.29903
Gmeb2,23.71335,22.55901,21.32734,22.55901,22.88601,21.81468,22.34757,22.34757
Ext2,24.40853,20.86808,21.6977,21.6977,22.14492,23.38903,22.26216,22.26216
Tmem260,,,,,20.08654,20.54642,18.86181,20.08654
Fyco1,26.71385,25.66186,25.78059,25.78059,19.92389,20.57321,20.49863,20.49863
Arhgef25,24.36666,22.8631,20.97848,22.8631,20.14271,19.18788,20.17572,20.14271
Tcf4,23.48493,20.18834,19.27731,20.18834,23.32361,22.92497,22.8625,22.92497
Supt4h1a;Supt4h1b,25.76731,25.44313,25.73959,25.73959,24.82226,25.24369,25.33443,25.24369
Enc1,16.61137,16.74004,23.35837,16.74004,23.55894,23.98685,22.68947,23.55894
Ep400,22.81075,20.66162,19.93316,20.66162,22.50632,22.13774,21.79998,22.13774
Wdr3,22.83123,22.64726,26.08385,22.83123,23.51063,26.36095,23.56523,23.56523
Arl5a,21.82174,22.21774,22.53234,22.21774,25.27117,24.76248,24.25458,24.76248
Kiaa1161,,,,,19.79249,19.52959,,19.66104
Clip4,22.25954,21.52296,20.02756,21.52296,22.10965,22.10265,21.29782,22.10265
Nsrp1,23.96877,22.34646,23.2894,23.2894,22.23488,22.1842,18.24512,22.1842
Maz,20.58307,15.37894,14.85579,15.37894,21.13396,20.85833,20.77531,20.85833
Tmem189,,,,,18.94258,18.10057,,18.521575
Ehhadh,22.07571,21.78596,22.71433,22.07571,23.15766,22.72413,23.23138,23.15766
Med15,23.34503,21.77266,20.53298,21.77266,22.39469,23.60829,23.01613,23.01613
Ccdc85b,21.14345,21.6796,23.87989,21.6796,19.55759,21.37252,,20.465055
Bmpr1a,23.27384,22.37825,23.91752,23.27384,23.82542,23.6634,22.84134,23.6634
Nipal3,,,,,20.94906,21.2458,20.02012,20.94906
Tbc1d8,16.65732,19.4998,21.489,19.4998,20.38132,18.81972,17.20409,18.81972
Eef2k,24.27355,23.53101,23.55871,23.55871,19.57363,20.67771,19.38494,19.57363
,23.76951,23.73231,22.14498,23.73231,24.76056,24.3995,24.03288,24.3995
Abcc1,25.06155,24.10117,24.24598,24.24598,21.31257,21.42198,22.33783,21.42198
Traf6,21.00505,22.43853,22.50954,22.43853,23.12602,22.83113,21.37103,22.83113
Kcnh7,18.4931,,,18.4931,19.73909,18.93012,19.24971,19.24971
Ppcs,24.6184,16.28482,22.59489,22.59489,18.81181,20.68269,20.29692,20.29692
Gatad2a,24.92438,24.03967,24.49467,24.49467,21.42214,18.82879,19.55392,19.55392
Rfx3,24.84843,21.82081,19.89734,21.82081,24.99861,24.72119,25.06862,24.99861
Unc79,,16.34365,,16.34365,20.38385,19.58782,19.99976,19.99976
Mrpl35,,,,,23.0826,21.28675,21.82575,21.82575
Nudt8,26.23526,23.59594,22.82701,23.59594,25.06665,23.6138,24.73547,24.73547
Znrf2,23.98338,24.26127,23.34354,23.98338,26.37317,26.44386,26.16785,26.37317
Txnrd3,25.38347,23.87164,24.44107,24.44107,22.54734,22.3717,21.46428,22.3717
Pcdhga9,19.16798,21.83646,22.46643,21.83646,22.04166,21.51089,22.09523,22.04166
Clasrp,,22.74942,,22.74942,23.06787,22.70645,22.88056,22.88056
Larp4,25.9444,24.28947,24.52749,24.52749,23.86155,23.41777,22.96566,23.41777
Gtf2a1,24.98068,25.058,23.08957,24.98068,23.98633,23.26942,21.62836,23.26942
Slc41a3,22.23327,23.53505,23.44632,23.44632,17.89741,20.16681,19.25481,19.25481
Entpd3,,,,,22.20317,22.63973,21.6943,22.20317
Lrp4,24.06628,22.05715,21.90624,22.05715,21.45086,18.71649,19.33623,19.33623
Sap130,22.12635,22.56305,21.45257,22.12635,22.8632,22.61493,22.08599,22.61493
Zc3h13,20.48944,16.5683,19.95234,19.95234,19.56412,14.57116,17.48974,17.48974
Ap1ar,21.23462,21.36549,20.81722,21.23462,21.841,21.32141,20.93575,21.32141
Casd1,21.53986,19.89424,21.56006,21.53986,22.14923,21.7872,20.63494,21.7872
Neto1,,18.38696,,18.38696,21.32356,20.95546,20.56923,20.95546
Baz2b,19.29163,,19.10054,19.196085,19.45097,19.21786,18.78953,19.21786
Ube2q2,21.63848,21.30034,21.7402,21.63848,,20.44314,,20.44314
Lingo3,,,,,,,,
Dohh,25.96155,25.57196,26.0367,25.96155,24.96137,24.70809,24.49192,24.70809
,,,,,,,,
Mnat1,24.21141,22.07956,23.58072,23.58072,19.40578,19.66832,21.98496,19.66832
Foxo3,23.49497,22.64157,22.81339,22.81339,20.1447,19.79562,19.42495,19.79562
Arntl,22.48003,21.38848,,21.934255,20.50582,17.88124,18.63272,18.63272
Ints5,23.18917,21.73785,21.91163,21.91163,23.35582,23.33402,23.48738,23.35582
Slc6a4,,20.99714,,20.99714,,,,
Usp33,21.36394,17.6292,,19.49657,22.21877,22.82995,19.71678,22.21877
Phactr1,,,,,19.44223,,,19.44223
Rgl2,23.32841,19.44837,19.84299,19.84299,22.39428,21.16546,21.7999,21.7999
Prkg1,18.72307,,,18.72307,,,,
Tada1,24.26664,23.381,21.65452,23.381,24.2844,24.47723,22.25647,24.2844
Kptn,24.54804,23.77374,23.35877,23.77374,21.94767,23.42085,22.08654,22.08654
Dnajb14,23.87117,23.055,23.06308,23.06308,22.92412,20.21252,22.58488,22.58488
Mau2,20.76604,18.92222,20.66484,20.66484,22.37305,22.6737,21.994,22.37305
Esf1,23.56767,22.40994,22.82629,22.82629,21.97425,22.09729,22.26971,22.09729
Ipo8,24.47951,23.41041,22.00666,23.41041,22.98829,22.43459,22.41475,22.43459
Chd8,23.02668,23.46451,22.26049,23.02668,23.70219,23.41532,22.63314,23.41532
Neurod2,,,,,23.35824,23.69965,20.92694,23.35824
Abcb6,26.0189,25.0757,25.09615,25.09615,25.62045,25.78524,25.03972,25.62045
Cdh15,,,,,,21.56207,19.25951,20.41079
4930402H24Rik,24.2875,23.59707,23.5538,23.59707,21.68829,21.98704,21.15196,21.68829
Gnl3,26.51464,25.12455,25.60716,25.60716,22.69198,22.67554,22.87697,22.69198
Ppp1r3d,22.43911,21.44152,,21.940315,22.77987,22.39391,22.07774,22.39391
Mrps14,27.00699,25.65201,26.23719,26.23719,24.85381,25.2919,24.72083,24.85381
Wbscr27,27.19188,26.40813,25.97515,26.40813,25.4257,19.37668,,22.40119
Pde1c,,,,,20.2627,19.07786,19.69882,19.69882
Nvl,24.98181,21.44319,21.77732,21.77732,23.50882,23.59069,23.42573,23.50882
Amz2,20.75426,22.50271,18.63279,20.75426,24.65256,25.08339,24.51274,24.65256
Gbp7,25.85655,24.5125,24.21319,24.5125,21.78453,19.0841,18.35113,19.0841
Ahctf1,24.91593,23.87324,24.37332,24.37332,22.56976,22.5511,22.20783,22.5511
Pde9a,17.66525,,19.60908,18.637165,20.8732,21.11006,20.57506,20.8732
F13a1,23.43212,22.43127,22.38945,22.43127,22.89942,21.49409,22.44503,22.44503
Atm,20.31937,19.64379,20.15524,20.15524,20.08187,19.52478,18.79978,19.52478
A2mp,25.10801,24.70762,24.4479,24.70762,19.08036,21.66549,18.96652,19.08036
Spg11,23.45964,23.01245,23.29684,23.29684,21.31512,20.36624,19.94464,20.36624
Josd2,24.127,21.74907,21.63728,21.74907,21.43171,21.69506,21.9699,21.69506
Gtpbp4,24.60167,24.48916,24.91433,24.60167,24.40438,24.43917,23.81118,24.40438
Gpx7,25.65179,25.21148,25.01282,25.21148,23.79184,23.06707,24.13281,23.79184
Lrch3,26.42861,25.18033,26.3824,26.3824,21.03557,22.34077,20.07979,21.03557
Efnb1,23.67853,23.28715,22.26865,23.28715,25.78823,26.65635,26.24704,26.24704
Pigu,23.21373,20.9789,23.98076,23.21373,24.81196,24.57727,24.3532,24.57727
Fam160b2,22.49082,,18.99031,20.740565,20.24598,19.24551,20.55075,20.24598
Cbll1,22.87568,22.17197,20.52516,22.17197,21.82679,21.94324,21.0547,21.82679
Fat4,22.49089,22.84959,23.33538,22.84959,24.35763,24.5242,24.00273,24.35763
Armcx2,25.09031,23.32485,22.97251,23.32485,23.71072,24.21704,23.84355,23.84355
1810043G02Rik,26.39282,25.7709,26.02787,26.02787,22.98465,22.85861,23.36292,22.98465
Asphd1,,,,,21.76369,20.02621,21.03597,21.03597
Timm17b,25.97568,25.63334,26.23211,25.97568,27.31726,26.69949,26.65731,26.69949
Ttc21b,22.52772,21.2876,22.71129,22.52772,21.24644,21.41602,20.93265,21.24644
Sh3rf1,22.3853,20.74139,20.27742,20.74139,21.37962,21.89848,21.39932,21.39932
Parp3,27.51104,26.54132,26.43579,26.54132,22.63436,22.90406,21.95514,22.63436
Nlk,,,16.23064,16.23064,18.3544,17.23313,17.28636,17.28636
Arhgap30,20.3625,21.60091,20.69668,20.69668,20.74763,23.75267,19.08254,20.74763
Ppap2a,21.7632,,,21.7632,20.01277,21.2469,,20.629835
Pyroxd1,23.67098,22.35426,22.04863,22.35426,21.61764,21.51975,20.51932,21.51975
Rbpms,26.33166,25.27402,23.9872,25.27402,,,,
Ssfa2,25.01188,24.52187,23.36319,24.52187,18.64723,21.36533,21.31457,21.31457
Asun,23.77173,22.82943,22.30499,22.82943,22.05669,21.67986,22.26976,22.05669
Zfp644,20.55347,16.87436,19.50766,19.50766,22.44473,21.81621,21.65779,21.81621
Mab21l1,16.24057,,,16.24057,,21.4502,,21.4502
Pou3f1,,20.72933,19.3898,20.059565,22.58465,22.98551,22.93486,22.93486
Ankrd11,20.63848,19.60858,18.80552,19.60858,18.88241,19.1482,19.03316,19.03316
Fgd1,23.06116,22.59987,21.61831,22.59987,22.35493,22.48981,22.81178,22.48981
Gpn2,23.86769,22.65842,21.26431,22.65842,23.36986,,20.0696,21.71973
Echdc3,25.47358,24.95287,24.76658,24.95287,,16.11305,,16.11305
Nrcam,,,,,22.58458,19.90076,21.34798,21.34798
Gtpbp2,20.5682,,20.13759,20.352895,22.3585,22.85816,22.00443,22.3585
Pdgfra,22.5341,14.10009,18.91797,18.91797,,,,
Gbp2,28.59562,27.16988,27.07979,27.16988,18.86393,16.30905,,17.58649
Pm20d1,23.53362,21.69566,21.41571,21.69566,,18.47302,,18.47302
Sox10,19.5474,21.91463,20.41411,20.41411,,20.25269,20.2383,20.245495
Mrpl33,24.39192,24.30591,24.24627,24.30591,22.65307,19.25673,23.21424,22.65307
Hist2h2ac;Hist2h2aa1;Hist1h2al,20.01414,19.26293,22.62473,20.01414,23.224,21.32218,18.97782,21.32218
Heatr5a,22.87183,21.7725,21.48513,21.7725,20.34419,18.65344,19.97911,19.97911
Fam217b,,,,,,,,
Kiaa1429;1110037F02Rik,22.46546,22.00891,20.93711,22.00891,21.71599,21.80633,21.48694,21.71599
Stac2,,19.85396,22.10095,20.977455,18.87009,18.19494,18.01105,18.19494
Srcin1,20.86748,20.18217,18.16658,20.18217,19.98064,19.58567,17.88423,19.58567
Magee1,21.61652,21.18041,18.97497,21.18041,23.41455,22.91017,23.02496,23.02496
Syndig1,21.52186,20.46014,19.57352,20.46014,23.63644,23.71691,18.83176,23.63644
Mrpl30,27.00742,25.50048,25.9614,25.9614,26.24316,26.4334,26.12177,26.24316
Zmym4,22.7857,21.95784,21.77189,21.95784,22.97532,23.5335,22.88252,22.97532
Tubgcp6,22.13812,20.33451,19.71482,20.33451,20.20538,19.23697,19.27869,19.27869
Zfp871,20.31041,16.73714,19.66244,19.66244,21.13119,23.27994,21.22099,21.22099
Pex13,23.0232,24.14911,23.67023,23.67023,22.86335,22.64399,22.64698,22.64698
Pex11b,24.84981,22.03355,22.68102,22.68102,25.37723,24.98932,25.0065,25.0065
Cand2,25.55435,24.92524,24.57957,24.92524,23.78137,23.06704,23.0777,23.0777
Uba7,25.04714,24.59087,23.87371,24.59087,21.77748,19.70372,21.24783,21.24783
Syvn1,25.60504,18.57345,22.42997,22.42997,24.52402,25.09132,24.1453,24.52402
Fbxo11,20.96508,20.44304,19.55519,20.44304,21.59669,21.80262,20.87793,21.59669
Ambra1,19.50891,17.79773,17.42029,17.79773,21.14233,20.02877,20.64491,20.64491
Kcnc2,,,,,21.32937,22.0034,19.54828,21.32937
Kif26b,16.2584,,,16.2584,20.02851,19.29163,18.27376,19.29163
Cfh,20.21383,19.59396,18.9396,19.59396,,,,
Slc3a2,22.82301,,22.2038,22.513405,23.17884,22.63748,22.77569,22.77569
Exosc5,25.73586,24.96499,25.04231,25.04231,23.7168,24.17028,23.95394,23.95394
Cep350,21.49145,20.91225,19.39749,20.91225,18.27472,16.67893,17.65459,17.65459
Wdr33,24.13743,23.20389,22.26253,23.20389,21.7725,21.02039,21.01604,21.02039
Slc16a2,28.04609,27.01924,26.14332,27.01924,25.44383,24.11108,23.32334,24.11108
Mdm1,24.51292,22.79988,23.49887,23.49887,,,,
Dhrs13,23.49607,22.18117,22.79422,22.79422,26.26084,26.64636,26.03297,26.26084
Helb,20.01031,20.13884,18.79119,20.01031,16.3587,15.883,14.28764,15.883
Serpina3n,26.09386,24.2981,22.93341,24.2981,20.56421,21.22447,19.61146,20.56421
Mgat2,25.10825,23.38232,23.6156,23.6156,23.41841,22.95481,21.08758,22.95481
Znf385b;Zfp385b,,,,,19.54333,15.09651,19.00846,19.00846
Hopx,19.57637,,,19.57637,,,,
Cox17,23.39989,24.14655,,23.77322,23.90003,24.9657,24.00992,24.00992
Znf143,23.04582,22.03245,21.55272,22.03245,21.24882,19.91225,18.81763,19.91225
Dbr1,23.92642,22.86301,23.71952,23.71952,24.10318,23.58646,24.46669,24.10318
Rel,23.64724,22.306,22.90569,22.90569,22.62638,22.84663,20.62587,22.62638
Slitrk4,21.23532,18.82423,17.80562,18.82423,22.75721,22.65088,22.43092,22.65088
Mpv17,27.0591,25.67177,26.02713,26.02713,,18.02815,,18.02815
Timp2,25.74627,25.24703,25.4623,25.4623,23.82386,23.73117,22.23134,23.73117
Trmt1l,24.40788,23.05833,22.97733,23.05833,23.68581,23.65305,23.10974,23.65305
Fgfr2,,,,,,,,
Ap4b1,21.62912,17.27549,20.80207,20.80207,22.32259,21.67982,21.74993,21.74993
Spock3,,19.92631,21.18065,20.55348,24.0662,25.12068,25.09515,25.09515
Naa16,19.6499,18.92515,20.22506,19.6499,19.94592,19.99286,19.78552,19.94592
Abcc9,,,,,,,,
Mvk,,,,,,,,
Wdr55,,21.82827,22.66154,22.244905,21.40593,23.50154,21.99517,21.99517
Asap2,,19.01849,17.53761,18.27805,,,,
,23.66156,22.63759,21.22276,22.63759,20.88024,21.96811,20.44395,20.88024
Ptp4a3,,,,,22.71959,22.96858,20.96226,22.71959
Mtif3,24.6887,23.89514,24.13579,24.13579,22.99873,23.20361,23.39689,23.20361
,25.57491,25.66617,25.92137,25.66617,18.47841,,19.69717,19.08779
Hebp2,22.19165,22.52339,21.60123,22.19165,,,,
Tmem126b,25.42069,24.71413,25.03263,25.03263,23.68603,23.45626,23.69891,23.68603
Ankrd27,22.08122,20.85643,20.56281,20.85643,19.88914,20.49551,18.61393,19.88914
Zbtb21,21.82139,21.57519,20.837,21.57519,20.89045,20.88271,19.71534,20.88271
Mrc1,21.98092,20.48277,19.30263,20.48277,21.5108,20.00717,24.43498,21.5108
Clstn2,,18.97659,21.35472,20.165655,22.5869,23.55368,22.88131,22.88131
Tmem165,27.55582,26.318,25.40912,26.318,24.19925,23.86712,23.73107,23.86712
Vimp,27.31467,26.62895,26.30859,26.62895,21.79745,22.46446,25.72383,22.46446
Psmg4,25.7257,24.61779,25.13829,25.13829,26.27608,25.69604,25.19378,25.69604
Pex1,20.74854,19.52547,20.36944,20.36944,23.30034,23.14507,22.98891,23.14507
Tfeb,24.96318,23.7063,22.72061,23.7063,21.7986,20.22353,20.72925,20.72925
Men1,23.91762,22.46431,22.87895,22.87895,22.91214,22.23298,22.28912,22.28912
Pex6,22.25058,20.81057,21.84,21.84,23.83827,23.82474,23.00746,23.82474
Nrip3,,,,,,,,
Zbtb18,21.83441,20.00374,,20.919075,24.64367,24.29866,24.56197,24.56197
Psmg3;Gm26938,26.77568,25.33323,25.793,25.793,28.16969,27.99938,27.65123,27.99938
Fbxo4,24.82774,23.28884,23.86985,23.86985,20.54802,21.61486,20.67314,20.67314
Crtc3,26.48705,25.97729,25.72338,25.97729,,,20.90323,20.90323
Pvr,27.40795,26.12819,26.24596,26.24596,23.12868,22.21715,22.59332,22.59332
Ppp1r18,26.89689,26.1461,25.68011,26.1461,23.68143,22.54222,23.1561,23.1561
Mif4gd,25.20449,24.4872,24.70546,24.70546,18.55618,17.59164,17.93813,17.93813
Ccdc97,23.47667,22.19686,22.25923,22.25923,22.77617,22.02952,22.13853,22.13853
Acvr2a,,,17.24414,17.24414,24.35535,24.54734,23.8224,24.35535
Nfic,24.12013,22.31429,22.24412,22.31429,,,,
Col15a1,24.35964,23.15626,20.5382,23.15626,17.04035,18.60433,,17.82234
,20.70303,19.96804,18.62948,19.96804,23.33919,23.3073,23.43733,23.33919
,22.44897,21.50741,21.66761,21.66761,19.14465,18.62149,19.89745,19.14465
Crybb1,,,,,,,,
Ppp4r1,24.35837,23.42047,22.71936,23.42047,23.93229,24.34679,23.41287,23.93229
Nfkbib,23.857,23.74561,23.76162,23.76162,22.56544,22.12146,22.43581,22.43581
Wdr66,25.16296,24.10988,23.88762,24.10988,17.084,15.97184,16.83504,16.83504
Prickle1,20.03845,18.87987,20.16226,20.03845,18.61727,18.04767,18.91573,18.61727
Nol9,23.0696,22.81796,21.86597,22.81796,24.77565,25.48711,24.83417,24.83417
Uggt2,24.07235,24.00727,22.26985,24.00727,22.78913,24.46145,22.55518,22.78913
Nadk,25.90507,23.47494,25.40636,25.40636,22.1893,22.63586,21.96056,22.1893
Mcm6,23.83836,22.25707,22.46732,22.46732,23.33919,23.52803,22.28184,23.33919
Prkcq,19.48399,15.25348,19.06555,19.06555,21.24057,21.5264,21.1934,21.24057
Thbs4,20.49833,,,20.49833,19.03187,,,19.03187
Pafah2,24.79665,23.80114,23.66568,23.80114,22.80821,20.76862,21.50616,21.50616
Slc38a10,24.83137,23.89624,23.24023,23.89624,21.32866,20.14433,21.74049,21.32866
4933434E20Rik,22.46595,,22.47694,22.471445,24.40983,24.36979,23.82114,24.36979
Rab28,26.48671,24.93966,26.18206,26.18206,22.14009,22.13934,22.30616,22.14009
Kcnq3,,,,,18.80848,17.5939,18.14241,18.14241
Hhatl,23.12046,,,23.12046,19.10907,15.71067,16.11531,16.11531
Snx19,19.23177,,,19.23177,21.46433,20.99859,20.34668,20.99859
Panx2,,,,,20.06868,19.40499,,19.736835
,24.68843,25.34361,25.73053,25.34361,,25.75491,,25.75491
Zfp655,20.81206,21.8826,20.63414,20.81206,,19.20483,,19.20483
Zfand1,24.27987,24.72135,24.51292,24.51292,,,21.44587,21.44587
Lztr1,19.41338,20.77892,21.08803,20.77892,21.73525,21.92513,21.22682,21.73525
Wdr60,24.23564,23.12032,22.75931,23.12032,20.53782,21.13959,20.68123,20.68123
Tmem246,22.99217,21.63998,20.59487,21.63998,23.09034,23.68442,22.85565,23.09034
Capzb,28.05409,27.0026,26.80538,27.0026,,20.22081,,20.22081
Foxk1,24.86929,24.00153,24.39885,24.39885,23.0571,22.98123,23.01224,23.01224
Pkd2,25.17108,23.91907,23.80519,23.91907,22.78804,24.43606,19.82138,22.78804
Hmox1,27.6354,27.48953,27.02855,27.48953,22.88159,24.1354,23.27256,23.27256
Smarcd2,22.7124,22.22941,22.95388,22.7124,17.49084,17.12666,20.19508,17.49084
Ifit2,26.32246,25.2906,25.47896,25.47896,20.90786,21.22764,19.12976,20.90786
Lpcat2,24.72458,23.76991,23.35165,23.76991,19.70075,,,19.70075
Jag1,22.91183,23.22656,22.33183,22.91183,18.78411,20.41689,20.32025,20.32025
Heatr6,21.70147,21.78189,20.65648,21.70147,22.56521,22.4657,21.72084,22.4657
Mblac1,24.10374,25.3455,24.68619,24.68619,23.91934,23.43224,22.67284,23.43224
Brinp3,,,,,19.69083,19.0168,18.54189,19.0168
Herpud2,21.1175,20.39341,20.03106,20.39341,20.9315,18.75117,18.90018,18.90018
Nsa2,24.25342,24.60891,26.04754,24.60891,22.58912,22.25061,21.89752,22.25061
Tmem106a,22.13254,25.23173,22.04647,22.13254,24.14756,22.70415,22.18752,22.70415
Phyh,24.18018,23.80183,23.57196,23.80183,19.72279,19.94535,19.10444,19.72279
Tmem200a,,,,,21.04906,20.77233,21.48198,21.04906
Afap1,26.18722,25.63503,25.40746,25.63503,26.0661,26.33749,25.92173,26.0661
Pnkp,26.39169,26.30603,26.43733,26.39169,23.1114,22.20562,23.38561,23.1114
Ifnar2,,19.08535,,19.08535,,,19.22894,19.22894
Pop1,22.74049,23.52588,23.03718,23.03718,22.42396,22.81601,20.88859,22.42396
Hectd2,22.1403,17.66324,16.27843,17.66324,21.97691,20.59933,20.2588,20.59933
Bcl11a,,20.80939,,20.80939,24.80597,24.87404,24.74386,24.80597
Mat2b,24.09571,22.53407,,23.31489,22.79604,22.74585,22.68188,22.74585
Edem3,23.84345,22.20332,21.95248,22.20332,24.31022,23.99187,23.55321,23.99187
B4galnt1,20.06592,,,20.06592,22.83117,22.97549,21.86989,22.83117
Frmpd3,,,,,20.27742,20.07874,19.51227,20.07874
1110004E09Rik,23.64097,23.14957,22.89297,23.14957,21.76591,21.51099,21.17347,21.51099
Tada3,23.4716,23.31797,23.14032,23.31797,22.14638,22.07473,21.43094,22.07473
Znf536,20.21169,20.44192,19.1167,20.21169,20.47714,19.70833,19.35701,19.70833
Chrna4,16.56006,,,16.56006,,19.71399,20.07457,19.89428
Polr3d,24.12092,23.18138,24.14141,24.12092,20.61072,22.35054,21.0855,21.0855
Hat1,25.25641,23.36813,23.8226,23.8226,24.01376,24.50767,24.50597,24.50597
Vps13b,18.43123,13.73355,,16.08239,18.89936,18.89166,19.21954,18.89936
Scaf4,25.30184,23.59639,23.91825,23.91825,22.73917,22.20842,22.91809,22.73917
Renbp,27.30635,26.51797,26.84637,26.84637,19.30028,13.48054,19.33948,19.30028
Sptlc2,26.35622,24.61453,26.22969,26.22969,24.34983,25.08261,23.64537,24.34983
Hook2,15.79637,19.08358,19.65706,19.08358,22.40873,23.20541,23.00445,23.00445
Ppig,25.40295,24.99425,24.65349,24.99425,25.34922,25.61989,24.83538,25.34922
Zfp37,21.81292,21.86231,,21.837615,20.24412,20.11159,20.14532,20.14532
Rdh5,26.98392,25.60309,25.42329,25.60309,20.34299,,19.83228,20.087635
Cdc34,22.93067,20.68629,23.42265,22.93067,23.76598,23.58314,23.68763,23.68763
Bod1,,,,,,,,
Yipf5,27.80366,27.61281,25.02162,27.61281,26.54584,26.82687,26.62715,26.62715
Lrfn3,17.98682,,,17.98682,22.8098,23.12371,22.82881,22.82881
0610010K14Rik;Bap18,26.49427,25.18794,25.24753,25.24753,24.69578,22.24133,20.03214,22.24133
Abhd17a,,19.37945,,19.37945,22.6869,23.08792,19.83087,22.6869
Stox2,,18.19345,,18.19345,19.52453,21.3596,19.57162,19.57162
Trak2,21.33107,20.16889,19.8689,20.16889,18.12994,17.93157,17.58351,17.93157
Zdhhc3,,22.1594,21.6114,21.8854,24.38232,24.77022,24.88507,24.77022
Bhlhe22,,20.13308,17.80429,18.968685,23.7145,23.09486,23.58978,23.58978
Ifit3,27.19122,26.51126,26.48461,26.51126,16.01807,20.73999,21.14457,20.73999
Etl4,,,,,18.10799,,,18.10799
Man2a1,23.92958,22.27736,22.57612,22.57612,20.06303,22.52578,21.52836,21.52836
Morf4l2,24.48536,22.42806,23.02744,23.02744,22.65077,21.69439,22.17819,22.17819
Nkap,21.07058,,21.42511,21.247845,24.21119,23.32485,23.7546,23.7546
Mcrs1,20.23876,22.35684,22.26619,22.26619,21.63675,20.82904,20.14917,20.82904
Senp3,23.65862,23.35756,22.38316,23.35756,25.94275,25.68977,25.50158,25.68977
Pdlim3,25.52666,24.15174,23.11506,24.15174,21.763,20.18423,21.81738,21.763
Fbxl17,21.85483,21.36869,21.78987,21.78987,18.91199,21.01835,19.8654,19.8654
Kcnj2,,,,,23.2094,22.47551,17.6622,22.47551
Nr3c1,25.51156,23.70599,23.51316,23.70599,19.5553,20.80892,16.48344,19.5553
Emilin1,26.50653,25.00945,23.95722,25.00945,,,,
Ifi35,27.65806,24.75679,23.51893,24.75679,19.90391,15.61226,20.62507,19.90391
Mrpl27,24.30939,23.96877,23.95225,23.96877,25.85873,25.67823,25.39966,25.67823
Ttf2,21.07842,20.15252,20.24991,20.24991,21.04113,20.685,14.22136,20.685
Tbc1d25,21.36986,20.01604,20.21157,20.21157,22.32036,21.09462,21.87931,21.87931
Fa2h,,,,,,,,
Ldhd,27.18386,25.32858,25.45076,25.45076,19.19429,,,19.19429
Rragd,23.87858,23.82862,23.50069,23.82862,21.80751,21.59327,21.41988,21.59327
Zfyve26,23.15255,20.30017,20.75475,20.75475,17.81535,17.56108,19.09527,17.81535
Qtrt1,26.02168,25.48545,25.84506,25.84506,25.85067,24.86074,24.61773,24.86074
Nle1,23.85871,22.85835,23.93625,23.85871,23.58852,23.32553,23.45337,23.45337
Braf,23.68078,22.36279,22.71072,22.71072,,20.24249,19.26194,19.752215
Rpia,26.7758,25.7718,26.34704,26.34704,25.74353,25.04764,24.57288,25.04764
Mmp14,22.14858,21.25194,22.77966,22.14858,21.96102,18.76694,18.39243,18.76694
Mzt2,26.25926,24.85486,25.74127,25.74127,17.88893,21.52765,20.51307,20.51307
Gga2,24.44947,23.11243,23.75501,23.75501,22.69143,22.52581,22.46226,22.52581
Bcl10,25.77894,24.08424,24.95105,24.95105,22.17088,21.90738,23.02357,22.17088
Cntrob,,,,,18.05245,19.09401,18.64723,18.64723
Nol6,23.80134,22.84797,22.83405,22.84797,23.14467,23.0891,22.44129,23.0891
Mtdh,,18.44791,,18.44791,22.37079,22.26657,22.02672,22.26657
Med10,20.70295,20.96993,19.81196,20.70295,24.93044,24.59246,23.64889,24.59246
Tyw1,23.54251,23.20108,23.01969,23.20108,22.2157,22.76008,22.26046,22.26046
Plekha3,20.08861,20.59304,20.98683,20.59304,20.64015,19.91927,20.28139,20.28139
Gemin6,23.95065,23.82474,23.95881,23.95065,22.75181,22.0192,23.30591,22.75181
Glra1,,,,,,,,
Mad2l1,25.51295,24.51779,24.71905,24.71905,23.732,23.83682,23.21861,23.732
Ralgapa2,20.73032,23.28178,24.26205,23.28178,21.80266,22.37342,20.80743,21.80266
Nap1l2,,18.20963,,18.20963,,,,
Cspp1,22.59113,22.05394,21.67994,22.05394,,,,
Zgpat,23.80292,22.12373,21.32317,22.12373,21.07045,21.35084,22.23026,21.35084
Fkbp7,25.13108,23.88465,24.51755,24.51755,,,,
Rpl37,27.92349,29.49876,29.79549,29.49876,25.18843,25.50479,25.64853,25.50479
Nuak1,21.30106,20.64799,19.88681,20.64799,18.81597,18.57474,18.66171,18.66171
Retsat,21.434,22.50232,22.03275,22.03275,,19.48593,18.02237,18.75415
Alkbh6,22.60096,22.28193,21.86756,22.28193,19.56322,19.88597,19.90179,19.88597
Cda,24.22236,24.66384,24.94181,24.66384,,19.57777,,19.57777
Fam118b,22.91825,22.75794,22.62674,22.75794,23.1901,21.96719,21.7882,21.96719
Bcar3,21.26717,20.65491,20.15388,20.65491,17.09743,18.03171,20.31119,18.03171
Nfyc,25.36229,26.08908,23.30911,25.36229,22.16365,19.55131,21.59505,21.59505
Scap,24.43593,23.91342,20.36912,23.91342,21.522,21.61095,20.68953,21.522
Tdg,22.86456,21.47041,22.99104,22.86456,25.40256,25.52564,25.47101,25.47101
Fkbpl,23.98737,22.50903,23.84508,23.84508,22.65384,22.38648,21.47798,22.38648
Inpp5e,20.84322,20.53706,20.24922,20.53706,21.26368,20.4051,19.98426,20.4051
Gpsm2,20.67245,18.17626,,19.424355,24.38172,23.76253,23.67217,23.76253
Ptprd,,,,,,,,
Zak,26.21423,25.5657,25.69365,25.69365,21.8963,,19.62533,20.760815
Ccdc167,25.2133,24.4883,24.17661,24.4883,23.75776,22.42281,,23.090285
Ubr5,24.1958,22.25234,22.05441,22.25234,22.90837,22.57909,22.66692,22.66692
Rc3h1,22.42152,21.14071,20.54642,21.14071,21.09346,20.92593,21.12269,21.09346
Dcx,18.67048,24.72983,27.68739,24.72983,29.87087,29.92804,29.77088,29.87087
Dennd4c,25.31462,24.43001,24.48769,24.48769,22.36453,22.6441,22.19093,22.36453
Prr12,22.71039,21.05444,17.87442,21.05444,20.94592,20.3595,20.51152,20.51152
Lcat,22.40007,17.85111,20.77137,20.77137,,,20.878,20.878
Siae,25.35988,24.37199,24.39833,24.39833,20.54208,20.5816,18.70513,20.54208
Usp16,22.66171,20.65709,19.33865,20.65709,20.86808,19.0376,21.63259,20.86808
Tmem51,,,,,,,,
Dffa,22.00165,20.03308,22.72372,22.00165,21.29384,21.60671,19.90303,21.29384
Bloc1s4,24.39375,24.40607,23.81372,24.39375,,19.17307,19.08472,19.128895
Kank1,24.74858,23.88138,23.84719,23.88138,15.67576,19.15891,18.9954,18.9954
Lynx1,22.63777,,21.95656,22.297165,,20.99417,18.50936,19.751765
Carns1,20.56179,,,20.56179,18.61676,18.10303,18.54389,18.54389
Pou3f2,25.09043,25.60023,24.76785,25.09043,25.62884,25.86188,26.09168,25.86188
Mex3d,22.84986,20.68072,20.19568,20.68072,23.77766,24.27732,24.20725,24.20725
Tradd,26.78419,24.93112,25.4223,25.4223,19.97533,20.30819,19.46022,19.97533
Pik3r5,,18.49568,24.63959,21.567635,18.38999,,,18.38999
Ddx60,19.14731,,17.44443,18.29587,,19.05478,20.72042,19.8876
Rcor2,21.15888,18.43965,,19.799265,22.3194,21.81671,19.23851,21.81671
Hpx,23.62734,20.55796,19.22124,20.55796,21.19634,22.76219,22.31592,22.31592
Mtcl1,,,,,15.47079,,,15.47079
Cyhr1,22.47355,21.47244,23.55602,22.47355,23.78835,24.02859,23.79956,23.79956
Gpbp1,22.40639,21.13877,22.35944,22.35944,19.81232,20.48748,19.32446,19.81232
Plek,26.23748,25.47692,24.38172,25.47692,20.42562,,21.48272,20.95417
Rrs1,25.75621,26.16327,25.59292,25.75621,20.3689,20.72858,22.03174,20.72858
Rnf185,,,,,,22.34624,22.99895,22.672595
Cyp4x1,,,,,24.0937,23.99533,23.2967,23.99533
Nrbp1,23.86495,21.97635,23.33933,23.33933,23.89032,23.97395,23.84153,23.89032
Samd4a,26.40609,26.14868,25.54454,26.14868,20.0671,19.29914,18.96874,19.29914
Lipt1,23.62634,21.27293,21.23725,21.27293,21.88937,21.87106,22.43494,21.88937
Ndn,23.39192,20.30952,20.28139,20.30952,22.84188,23.2839,22.80043,22.84188
Epha6,,,,,19.90469,18.59051,17.69995,18.59051
Igsf6,,21.79947,21.58389,21.69168,17.22844,25.28274,,21.25559
Smpd4,25.74771,24.87436,24.58955,24.87436,25.59337,25.9271,25.28789,25.59337
Aim2,,17.88453,,17.88453,20.09854,21.07182,20.88196,20.88196
Btbd1,20.58141,19.93733,22.33413,20.58141,21.19748,22.08887,20.54717,21.19748
Smarca1,21.72825,24.15692,24.24467,24.15692,24.05862,23.76324,23.5745,23.76324
Fmn1,19.79492,21.93557,20.93012,20.93012,,,,
Igf1r,24.14063,23.71072,22.97738,23.71072,22.41101,22.65406,21.9648,22.41101
Pdf,24.56877,23.43441,23.68678,23.68678,21.45463,21.75234,22.64665,21.75234
2010300C02Rik,,,,,,,,
Chchd1,25.01385,24.79213,23.98233,24.79213,23.3577,24.32574,24.48124,24.32574
Cnot6,22.34989,21.67068,21.42378,21.67068,21.71452,21.70468,20.26625,21.70468
Tmem181a,,23.6381,23.73882,23.68846,24.80006,24.47828,24.69732,24.69732
Kti12,22.48893,22.72276,21.85593,22.48893,23.28785,23.52934,23.00645,23.28785
B4galt7,,20.40468,16.4112,18.40794,21.89652,23.19324,22.16883,22.16883
Sytl5,,,,,,,,
Dnajc28,21.66036,21.78041,21.58183,21.66036,20.72692,20.84889,19.17743,20.72692
Igf2bp3,25.31621,23.55824,24.10925,24.10925,25.63862,25.92232,25.38255,25.63862
Kif1c,25.20363,22.71967,22.59521,22.71967,14.89012,17.09393,15.65704,15.65704
Tbc1d22b,21.60254,20.1488,20.13483,20.1488,21.74008,21.30067,22.61153,21.74008
Phf8,22.6513,21.36896,21.94396,21.94396,21.63245,20.08758,21.5751,21.5751
1110051M20Rik,24.14445,23.40639,23.06521,23.40639,22.07362,23.25059,22.89076,22.89076
Clk3,21.04473,20.85293,19.7189,20.85293,21.10566,19.01648,20.7514,20.7514
Ints10,23.5128,23.34164,22.69863,23.34164,23.35394,23.4325,22.87361,23.35394
Atat1,,,,,22.12975,22.40525,19.74547,22.12975
Map2,22.40078,17.12202,17.81466,17.81466,20.43431,,,20.43431
B630019K06Rik,,,,,23.62366,22.51029,23.68667,23.62366
Trim21,21.40182,19.45228,,20.42705,,,,
Rab20,,20.83322,17.06455,18.948885,,,,
Lum,,21.39556,23.13165,22.263605,18.22143,17.54465,,17.88304
Tmem178a,,,,,20.03201,20.30017,19.07143,20.03201
Yipf3,25.55151,23.84105,24.26026,24.26026,20.8845,21.44314,23.25695,21.44314
Tspan14,21.9648,24.62584,27.03339,24.62584,22.96062,23.48591,22.37894,22.96062
Ahdc1,22.32518,21.53545,20.87343,21.53545,21.27787,21.05364,21.08932,21.08932
Gpr17,,,,,21.01686,,,21.01686
Pak6,,,,,23.50252,23.36226,23.01487,23.36226
Zfp532;Znf532,19.74286,17.98726,19.01917,19.01917,23.05752,22.97115,23.06746,23.05752
Ssbp2,,,19.8774,19.8774,25.58081,26.45098,25.52001,25.58081
Irak1,23.75705,22.43898,21.88084,22.43898,18.40541,18.03413,19.9812,18.40541
Ehd2,26.66655,26.05693,25.57724,26.05693,18.70769,19.71381,13.80544,18.70769
Flrt1,,18.10329,,18.10329,,,13.54738,13.54738
Rcl1,23.25422,23.3002,23.37544,23.3002,22.98498,22.47147,22.69765,22.69765
Ift20,,22.29182,22.99269,22.642255,,,,
Cep250,21.49306,21.45578,19.59237,21.45578,15.33713,20.47902,17.63863,17.63863
Ifih1,23.66492,22.14174,22.95679,22.95679,21.55248,17.95441,18.55431,18.55431
Cyp7b1,22.44837,21.43079,20.07326,21.43079,20.03012,20.21003,19.80596,20.03012
Cyp4f16;Cyp4f37,22.2362,20.26155,19.93157,20.26155,18.11903,17.93249,18.28771,18.11903
Fam122a,24.80445,23.1495,23.61571,23.61571,,,20.22929,20.22929
Mvb12a,25.80477,25.52716,25.99899,25.80477,23.96781,24.16852,24.81753,24.16852
Zmym2,23.34422,21.59792,21.61513,21.61513,23.33851,23.66687,22.72771,23.33851
Parp10,21.50766,22.53761,21.95603,21.95603,17.24804,17.71867,19.14627,17.71867
Wdfy2,24.72822,24.40568,23.65152,24.40568,22.57117,22.45227,20.03966,22.45227
Clec12a,19.01329,18.02605,,18.51967,,22.17469,,22.17469
Pla2g4a,25.25814,24.80759,26.91194,25.25814,25.82219,18.72461,20.59213,20.59213
Atp7a,24.54893,21.99234,22.24007,22.24007,21.44627,21.75026,20.53251,21.44627
Hfe,23.526,21.75719,22.06822,22.06822,,,,
Ell,21.67599,20.9105,21.99144,21.67599,22.17368,23.31562,20.84184,22.17368
Kiaa0195,21.38969,21.37549,20.6826,21.37549,19.75186,20.76927,19.93301,19.93301
Elmod2,22.63956,23.82221,23.37531,23.37531,23.52981,23.63356,22.98024,23.52981
Zfyve16,24.51057,22.58893,23.07633,23.07633,19.89263,16.98582,19.70823,19.70823
Med12,21.41431,20.79225,21.4226,21.41431,21.98284,21.70037,21.84364,21.84364
Nudt14,26.24265,25.86682,25.74119,25.86682,21.69422,23.38416,22.42979,22.42979
Pus10,22.8672,22.97498,23.35891,22.97498,20.72941,20.64359,19.23224,20.64359
Pde5a,20.55375,,,20.55375,19.65629,17.81215,18.37823,18.37823
Kin,,19.34427,19.25728,19.300775,22.4709,21.8662,22.19577,22.19577
Crhbp,,,,,,,,
Rai1,22.70731,21.60973,21.06704,21.60973,20.9061,20.39739,18.42399,20.39739
Oard1,22.91678,22.88387,23.60738,22.91678,23.63301,19.84247,22.62404,22.62404
Kcnd1,,,,,21.55253,21.14694,20.98774,21.14694
Grin3a,,,,,,,15.72946,15.72946
Rgl3,22.8599,21.95532,21.33968,21.95532,21.02317,19.37494,20.19785,20.19785
Abcg4,,,,,22.38089,20.79638,19.30325,20.79638
Dennd2a,25.86356,24.99131,24.63611,24.99131,23.98216,23.12866,19.54011,23.12866
Fbxl8,21.86087,21.85388,21.93449,21.86087,21.26991,20.28139,20.32915,20.32915
Trak1,22.35334,21.34495,21.53564,21.53564,20.24284,19.78216,20.18604,20.18604
Reln,17.59543,17.72594,18.30528,17.72594,24.72166,25.0161,24.82221,24.82221
Utp3,24.80823,23.83759,23.47469,23.83759,21.93301,21.86756,22.19403,21.93301
Lgals3bp,28.42382,27.91211,28.12154,28.12154,23.18998,21.73364,22.7324,22.7324
Cxxc1,21.65211,22.67489,20.74575,21.65211,22.72709,23.84096,22.83395,22.83395
Emr1,21.89674,23.32003,19.35191,21.89674,19.34683,19.81713,16.84794,19.34683
Myo7a,23.90995,22.78159,23.00638,23.00638,19.35847,20.03187,15.90736,19.35847
Fam206a,25.22129,24.34422,24.37643,24.37643,20.34981,21.1937,22.08102,21.1937
Tmbim1,23.1755,22.97661,22.78109,22.97661,,,,
Cntn5,,17.59572,17.14838,17.37205,21.15363,21.42014,20.80057,21.15363
Pard6b,24.10693,22.78867,19.60032,22.78867,21.45598,21.3889,21.43064,21.43064
Wdr36,24.81196,23.88493,23.91689,23.91689,24.46625,24.72005,24.15661,24.46625
Npr2,23.16716,21.50349,20.72009,21.50349,22.16454,21.69842,21.47951,21.69842
Steap3,26.8896,24.466,24.05209,24.466,18.09295,14.45269,,16.27282
Fzd1,19.86974,20.27002,17.57378,19.86974,18.68171,18.32698,19.68905,18.68171
Dnajc18,21.98061,19.36414,19.8112,19.8112,19.18204,21.16429,18.90151,19.18204
Ogfod3,23.61065,22.5491,22.55583,22.55583,23.24009,23.12643,22.24896,23.12643
Gh1,,19.28358,19.12156,19.20257,12.7087,,,12.7087
Rgcc,26.02314,24.75195,24.97351,24.97351,,16.88274,16.82613,16.854435
D17Wsu92e,,21.38969,21.60923,21.49946,21.61149,20.75752,18.79506,20.75752
Rsph1,27.16356,27.42029,26.22081,27.16356,,18.73135,17.96944,18.350395
Sik2,22.35695,22.10674,21.28737,22.10674,21.98221,22.06655,21.74772,21.98221
Smyd4,20.83484,19.46398,19.74593,19.74593,18.81984,19.8667,18.30091,18.81984
Scmh1,21.00662,,,21.00662,18.94344,18.23486,,18.58915
Snx10,24.24111,21.19075,22.00741,22.00741,24.6953,24.05598,24.3181,24.3181
Far1,24.37855,22.66978,22.4534,22.66978,24.84503,25.03842,25.63782,25.03842
Gid4,22.79852,22.86244,22.45347,22.79852,22.59241,23.37279,22.64623,22.64623
Ctdspl,,,,,19.74739,,17.7929,18.770145
Mpnd,21.37804,,20.71666,21.04735,21.28754,22.53284,21.59227,21.59227
Gtpbp8,23.56221,23.27085,23.91123,23.56221,23.65294,22.67607,22.56711,22.67607
Antxr1,24.34361,23.00079,22.81035,23.00079,20.33658,20.33364,19.76361,20.33364
Alas1,17.82009,20.685,20.39853,20.39853,18.65858,17.77494,20.62176,18.65858
Ccser2,22.83014,21.50189,21.32345,21.50189,20.9595,19.49095,20.08291,20.08291
Polr2l;Gm10774,20.34082,24.61313,25.69901,24.61313,,22.54503,22.73513,22.64008
Mcur1,24.91178,22.41077,23.87436,23.87436,17.03639,18.4758,16.42151,17.03639
Arhgap18,26.04539,25.37003,24.7604,25.37003,20.92781,20.36078,20.86522,20.86522
Inip,20.68765,19.39933,21.08654,20.68765,19.12017,,21.147,20.133585
Gstt2,21.26757,20.46533,,20.86645,16.95311,,,16.95311
Igsf11,27.64238,26.53743,26.69763,26.69763,23.65971,23.28207,22.76519,23.28207
Gtf3c5,26.00843,24.59121,24.99075,24.99075,24.32182,24.38007,23.6102,24.32182
Paqr6,,,,,23.45814,,,23.45814
Fkbp14,24.54834,25.09269,24.34989,24.54834,20.84261,20.53981,20.74682,20.74682
Znf24,23.32416,23.57785,25.2081,23.57785,21.81194,21.25061,15.03256,21.25061
Irf8,17.62307,18.7957,21.3783,18.7957,,16.48665,,16.48665
Cnot8,24.27042,22.44337,24.44386,24.27042,22.69719,22.0058,20.89689,22.0058
Plcxd2,,24.1059,,24.1059,23.17362,23.50325,22.38872,23.17362
Usp40,23.01873,21.99917,21.31108,21.99917,19.56713,,,19.56713
Gng10;Gm20503,,,,,23.66839,23.15971,22.82048,23.15971
Sirt1,21.92343,21.09738,22.15558,21.92343,20.80782,21.5955,19.88332,20.80782
Trex1,22.46209,19.33529,19.84965,19.84965,18.82904,20.51874,17.17913,18.82904
Clec2d,,,,,,,21.12987,21.12987
Mgst1,30.92818,29.3987,30.03879,30.03879,23.26299,23.82503,22.1322,23.26299
Ino80,20.23573,18.9512,19.92932,19.92932,21.30919,20.08226,18.4974,20.08226
Stk10,23.0662,23.00091,22.52409,23.00091,22.44314,22.11775,21.87068,22.11775
Camk2n2,,,,,20.52334,19.99051,20.01835,20.01835
Tbc1d2b,24.45086,23.54416,23.36906,23.54416,19.08325,21.12553,18.92233,19.08325
Tubgcp5,19.83396,19.30779,19.2105,19.30779,21.06861,20.82423,19.48056,20.82423
Dram2,18.56127,,22.06766,20.314465,19.90925,20.60032,20.19328,20.19328
Clic5,26.65772,,,26.65772,,,,
Kdm5b,20.07796,20.6868,19.39929,20.07796,22.86457,22.57925,22.57874,22.57925
Xylt2,18.91625,19.56601,14.24785,18.91625,22.70383,22.86037,20.4341,22.70383
Ankrd12,,,,,18.45519,19.25082,19.4215,19.25082
Dusp14,23.75949,20.74214,23.49741,23.49741,17.29059,,,17.29059
Rnf146,21.84564,21.41962,21.13383,21.41962,20.38722,21.75544,21.21217,21.21217
Eed,22.9461,22.02201,22.62819,22.62819,22.96585,24.19408,21.85125,22.96585
Gemin2,23.09949,22.00402,20.59049,22.00402,22.26608,21.08297,20.8729,21.08297
Pnma3,,,,,19.24883,18.17431,17.87837,18.17431
Cep135,23.82104,23.22579,22.92848,23.22579,18.01231,18.58266,15.87404,18.01231
Zcchc11,23.92307,23.45576,22.94534,23.45576,21.79364,21.95681,21.48458,21.79364
Fhod1,24.48591,22.95764,22.55882,22.95764,18.24056,19.11703,18.14116,18.24056
Aox1,24.38647,23.78247,23.75532,23.78247,21.24934,18.36461,19.30499,19.30499
N4bp3,21.19683,19.75763,17.33473,19.75763,19.91566,,19.63734,19.7765
Znf385a,20.22612,,,20.22612,21.0553,,20.76717,20.911235
Cln5,23.76203,23.65709,23.68217,23.68217,19.80306,14.98103,18.27699,18.27699
Xrcc6bp1,21.65801,20.78931,20.47586,20.78931,21.31882,22.59165,21.06677,21.31882
Mcm4,23.19511,22.66499,22.52774,22.66499,23.80902,22.94117,22.11753,22.94117
Nol10,21.50901,20.06855,20.90404,20.90404,23.1923,23.09668,22.42824,23.09668
P2rx7,24.28447,23.89754,23.58864,23.89754,23.37106,19.2166,22.57948,22.57948
Ndst2,23.55063,,18.81341,21.18202,21.09242,15.0535,20.07156,20.07156
Igsf3,22.00192,22.13784,20.43847,22.00192,27.94324,27.91826,27.42998,27.91826
Abca9,22.22908,19.64234,20.75516,20.75516,16.96995,,21.05444,19.012195
Cyb5d2,25.12471,23.82716,24.39552,24.39552,24.28419,23.13774,22.25977,23.13774
Polr1a,22.40348,20.87897,20.48964,20.87897,21.72347,21.27577,20.12465,21.27577
Nckap1l,25.5983,23.69296,23.34042,23.69296,21.05358,21.55459,25.73823,21.55459
Ctdsp1,26.78992,24.2012,25.12076,25.12076,,,,
Ndor1,22.51581,20.42049,23.13287,22.51581,22.77435,22.43038,20.72142,22.43038
Tlk1,22.4139,22.79941,22.23891,22.4139,20.58344,20.04073,18.76943,20.04073
Smim20,26.84709,23.59252,26.23486,26.23486,,19.84367,19.03845,19.44106
B4galt3,,,,,21.73818,19.91197,18.17568,19.91197
Dlgap4,22.24235,20.00168,21.1841,21.1841,,18.8593,17.58915,18.224225
Mtf2,,16.2643,,16.2643,19.96339,19.05502,18.90116,19.05502
Thada,23.54581,23.21525,22.95576,23.21525,22.01553,21.9941,21.41931,21.9941
Fut9,18.43758,,15.85677,17.147175,24.26155,24.62778,23.79174,24.26155
Recql,22.87562,23.1414,23.22012,23.1414,24.73314,25.23889,24.75211,24.75211
Nphp4,21.69681,20.27287,20.72925,20.72925,21.24986,20.39812,21.05019,21.05019
Agpat2,23.04206,21.09217,22.42885,22.42885,,,,
Armcx4,19.43327,15.85664,16.6615,16.6615,23.52659,24.09555,22.56295,23.52659
Wdr26,,,,,14.6727,15.19426,,14.93348
Igfbp4,,,,,21.17499,22.18595,21.31578,21.31578
Ctcf,24.71984,23.09267,24.52361,24.52361,24.37716,24.68811,24.0011,24.37716
Rnasel,20.36944,22.3545,19.42185,20.36944,22.18247,21.26178,21.68192,21.68192
Osbpl5,24.35917,23.8098,23.12794,23.8098,22.57108,22.75892,23.05094,22.75892
Pkp4,,19.71601,,19.71601,,,,
Slc29a1,,17.45024,,17.45024,21.65031,22.25822,20.51989,21.65031
Trim25,25.51304,24.81885,23.77274,24.81885,20.00251,21.06999,19.65283,20.00251
Rbfa,22.11893,23.84105,20.16202,22.11893,19.28308,18.84821,,19.065645
Trim35,23.57184,23.85281,22.1527,23.57184,21.93341,22.82094,20.59021,21.93341
Sec24d,27.75793,27.61041,27.1813,27.61041,24.00127,23.71461,24.14608,24.00127
Kmt2d,18.3711,16.42815,20.00154,18.3711,19.89555,17.32553,20.28365,19.89555
Ahnak2,23.42867,21.77266,22.5958,22.5958,18.98582,,15.72957,17.357695
Kifc2,,,,,20.52602,20.92521,18.807,20.52602
Cck,22.65513,23.78736,21.7496,22.65513,,19.42058,21.79796,20.60927
Cstf2,,21.88058,,21.88058,22.32424,22.21505,22.42378,22.32424
Anapc10,24.53184,19.82596,,22.1789,20.79939,22.46556,20.25661,20.79939
Fam13b,17.22364,,,17.22364,18.82969,19.57371,18.53237,18.82969
Vangl1,20.25937,22.32229,19.51647,20.25937,21.56141,16.87915,17.36521,17.36521
Atxn7l3b,28.15253,26.76395,28.59921,28.15253,23.69996,24.92329,,24.311625
Art3,,,,,,,,
Gdpd5,22.74431,20.51922,20.01059,20.51922,23.78556,23.61695,23.36866,23.61695
Zfp384,21.68337,18.98223,21.58651,21.58651,20.61764,21.40473,21.39137,21.39137
Calcrl,,,,,,,21.88777,21.88777
Il18,25.17653,25.49799,21.89541,25.17653,22.89794,21.57006,18.54819,21.57006
Sphk1,,21.61594,,21.61594,,,,
Arhgef17,,,,,,,18.07264,18.07264
B4galnt4,16.41922,17.99739,17.37356,17.37356,20.73868,21.13533,20.10534,20.73868
Phykpl,23.4086,22.16782,22.56046,22.56046,,17.34386,20.89275,19.118305
Slc5a6,,20.24899,21.5683,20.908645,21.57066,,,21.57066
Gm16039,26.09166,25.54129,24.89601,25.54129,22.36744,22.48751,23.2754,22.48751
Uxt,24.52916,21.67599,24.98207,24.52916,21.11693,20.27355,,20.69524
Ppcdc,22.10728,19.88654,22.45212,22.10728,21.56987,21.46129,21.53938,21.53938
Spty2d1,20.66839,,19.04001,19.8542,15.49454,14.7772,,15.13587
Trmt2a,24.82454,23.50446,23.84976,23.84976,22.7649,23.64856,22.67784,22.7649
Nav3,,18.0419,18.92326,18.48258,21.39069,21.36906,21.3165,21.36906
Mcm3,23.52564,22.51251,21.83453,22.51251,23.95934,22.93767,22.14277,22.93767
Large,20.77973,20.14495,19.49974,20.14495,23.4929,23.15866,23.17685,23.17685
Igfbp6,,,,,,,22.67385,22.67385
Dhrs11,26.05608,26.10586,26.22843,26.10586,17.52589,21.5582,18.07305,18.07305
Tmem41b,24.04185,23.98181,22.0549,23.98181,22.15912,23.97255,23.99248,23.97255
Pdcd11,25.00547,25.11164,25.03565,25.03565,24.61144,25.31931,22.95553,24.61144
Pstpip2,,20.89371,,20.89371,17.49584,17.9266,,17.71122
Mpg,,20.27116,22.17057,21.220865,22.25848,21.90054,22.12647,22.12647
Cul7,22.72528,20.93222,20.66214,20.93222,21.48454,21.6611,20.24272,21.48454
L3mbtl3,18.28731,18.69323,17.97578,18.28731,21.29036,20.49414,20.73661,20.73661
Kcnj12,,,,,16.59253,,,16.59253
Ccdc40,24.95598,24.45945,23.91278,24.45945,24.63057,18.88712,18.7195,18.88712
Slc18a3,,,,,,,,
Snx29,22.43352,21.79396,21.72925,21.79396,21.69732,21.53535,21.68385,21.68385
Pdp2,24.94288,24.67605,24.2967,24.67605,24.71874,23.85272,23.89911,23.89911
Romo1,27.3424,26.40708,25.77573,26.40708,26.38108,27.39591,26.38947,26.38947
Ddx39a,21.15949,20.65473,19.65459,20.65473,26.12205,26.35488,25.90587,26.12205
Dock2,24.92665,22.85007,22.07264,22.85007,21.8759,21.61778,20.61684,21.61778
Phf20l1,18.05733,16.24033,17.97006,17.97006,21.87343,21.59905,20.76668,21.59905
Alg1,24.73107,23.73293,23.69583,23.73293,23.29123,23.64361,23.26928,23.29123
Cpsf3l,22.95637,22.20036,21.72746,22.20036,23.3648,22.75801,23.28037,23.28037
Yy1,24.91196,25.37016,25.5137,25.37016,21.26802,21.64773,25.14044,21.64773
,21.65294,21.13119,21.9036,21.65294,21.14656,20.6926,21.11965,21.11965
Ttc13,22.83314,20.84153,20.67116,20.84153,22.7141,22.67842,21.81714,22.67842
Raf1,24.73743,23.41506,23.87568,23.87568,24.84302,25.01572,24.56709,24.84302
Elmsan1,24.32553,21.47358,22.49697,22.49697,18.26275,17.06034,18.29545,18.26275
Celsr3,23.53279,22.85268,23.30841,23.30841,23.65862,23.77786,23.25695,23.65862
Chsy1,20.18386,20.04473,17.72287,20.04473,21.30157,21.59332,20.42562,21.30157
Rbm28,24.97229,23.94476,24.29151,24.29151,22.7525,22.19436,22.93101,22.7525
Rnd2,,18.33586,,18.33586,21.71385,22.23067,22.67715,22.23067
Cep120,21.8252,20.23339,21.70231,21.70231,19.11378,18.39427,18.36683,18.39427
Ndnf,17.75877,19.65868,18.46854,18.46854,26.51301,26.29955,26.39687,26.39687
Zcchc14,20.63227,,18.72574,19.679005,18.5726,17.91017,18.41761,18.41761
Bace1,16.74832,23.49997,19.78242,19.78242,25.64372,25.41751,25.42614,25.42614
Nop14,23.19304,22.91169,22.53566,22.91169,21.90478,20.53326,21.45116,21.45116
Mtfmt,21.53308,18.84426,,20.18867,22.98753,23.67917,22.17048,22.98753
Mbd1,,20.36741,24.94962,22.658515,20.63059,19.91682,20.76741,20.63059
Gpnmb,25.66186,24.15043,24.11617,24.15043,19.36369,17.00405,16.7129,17.00405
Fam219a,,,,,,,,
Lzts2,23.76618,21.72721,22.24211,22.24211,,,,
Utp14a,24.15019,23.36453,24.04976,24.04976,21.70379,21.84625,21.99731,21.84625
Wdr46,25.97786,25.82573,26.43609,25.97786,23.39441,22.82809,23.23986,23.23986
Atp9b,22.57904,23.35662,21.96951,22.57904,20.59814,20.96621,21.30285,20.96621
Zic2,,20.31551,,20.31551,,,,
Arg1,25.39931,20.12578,22.86215,22.86215,24.65491,23.40158,23.24285,23.40158
Fem1b,22.21697,22.56204,22.46971,22.46971,23.18026,23.00167,22.74275,23.00167
Dfnb31,17.13581,,,17.13581,,,,
Haghl,,,,,,,,
Dgcr2;Gm20518,19.11108,,,19.11108,20.99707,19.43262,20.92369,20.92369
Tmpo,22.2103,23.28856,22.45759,22.45759,18.65522,18.85014,19.25887,18.85014
Trpm7,22.6709,20.96091,20.84843,20.96091,17.50409,17.87718,17.05611,17.50409
Cry2,20.81495,,,20.81495,22.05874,21.93337,21.58054,21.93337
Psmb8,27.26455,26.62533,26.08168,26.62533,21.20514,21.82287,21.33462,21.33462
Leng8,23.52862,23.49777,23.77555,23.52862,22.20165,22.41408,22.07028,22.20165
Ttc28,24.40814,23.8589,23.76111,23.8589,22.63025,22.7208,22.01103,22.63025
Adipor1,24.60439,22.40145,21.43558,22.40145,19.05219,18.19378,19.35322,19.05219
Als2cl,20.68115,19.63697,17.81853,19.63697,18.73598,,18.22284,18.47941
Arap3,20.48355,20.24609,22.68168,20.48355,14.94384,,16.42284,15.68334
9230110C19Rik,26.81958,26.1223,25.81262,26.1223,21.54142,20.9268,19.56149,20.9268
Cacfd1,23.28602,23.97727,24.50972,23.97727,,,,
Nol11,23.39034,22.14625,22.63848,22.63848,22.74632,22.42127,21.42265,22.42127
Capg,30.89959,30.19425,30.4173,30.4173,22.56158,21.91805,22.13097,22.13097
Pno1,23.60501,24.44228,24.99027,24.44228,24.22685,23.99213,23.39349,23.99213
Pon3,25.76317,24.72041,25.05432,25.05432,,,,
Abtb2,22.87532,22.63907,20.9307,22.63907,20.95617,18.51926,16.33286,18.51926
Dera,25.02196,24.08018,24.11704,24.11704,21.98346,21.33941,18.77227,21.33941
Faxc,,,,,21.6333,21.73558,21.16435,21.6333
Sharpin,,,,,18.44111,,20.66631,19.55371
Lonrf3,,,17.37492,17.37492,16.19967,,,16.19967
Gas6,23.15018,22.82863,21.9844,22.82863,19.98676,21.7094,19.04073,19.98676
Ftsj3,25.328,24.78711,24.80577,24.80577,22.32836,22.59186,21.89486,22.32836
Shroom4,20.54378,17.90889,18.58809,18.58809,18.25488,,,18.25488
Eomes,,16.57184,,16.57184,,,,
Casq2,,22.16045,,22.16045,,,,
Tgfb1i1,24.52307,22.9412,23.01388,23.01388,18.21276,,17.81516,18.01396
Qsox1,21.06224,16.13019,18.31986,18.31986,18.48566,22.78544,17.0719,18.48566
Csl,21.07509,,,21.07509,19.98593,19.36765,,19.67679
Cct6b,23.91452,24.92696,25.38462,24.92696,25.40944,26.04864,21.59792,25.40944
Mcm7,23.70525,22.41232,21.3154,22.41232,23.85062,23.01968,22.92493,23.01968
Smpx,23.17682,,,23.17682,,,,
Znf22,26.34797,25.43892,26.17205,26.17205,22.74972,24.07227,23.37796,23.37796
Cybb,21.44288,22.27401,21.80998,21.80998,18.5813,19.78011,15.95044,18.5813
Fam163b,,,,,,,,
Nt5dc2,23.06676,22.63633,21.5559,22.63633,26.79166,26.9215,26.349,26.79166
Exosc9,22.6319,24.43676,24.51617,24.43676,23.66481,23.27455,23.58841,23.58841
Tifa,23.78497,23.59912,22.90358,23.59912,20.5955,17.88124,19.48876,19.48876
Abi3,22.12981,22.07744,22.68893,22.12981,,24.37842,,24.37842
Tmem151a,,,,,21.14886,20.72167,19.89278,20.72167
Lrrc14,23.08529,22.51152,20.69583,22.51152,22.0158,22.42347,21.22075,22.0158
Ddx58,26.71293,25.50709,25.83453,25.83453,19.68344,22.76662,20.25373,20.25373
Sema6a,22.17423,22.1724,20.97085,22.1724,18.87589,19.90395,20.61773,19.90395
Tut1,21.31136,18.82018,20.31141,20.31141,23.17397,23.42842,22.61252,23.17397
Lsg1,22.39286,22.32619,22.72428,22.39286,21.39613,21.5821,21.06618,21.39613
Rabac1,27.09285,25.84974,26.03461,26.03461,25.66533,24.73805,23.86844,24.73805
Tmem109,24.86226,24.19955,25.48222,24.86226,22.84038,20.60032,24.71025,22.84038
Zc3hav1,22.62107,21.97729,22.06289,22.06289,21.88342,20.45232,20.96395,20.96395
Fibcd1,,20.76174,19.31055,20.036145,22.78602,21.26728,23.17773,22.78602
Klhdc7a,19.5937,,18.09795,18.845825,16.08165,16.63396,15.44064,16.08165
Ptprc,24.9088,23.97378,23.83884,23.97378,22.1168,23.19385,21.50678,22.1168
Lsp1,26.28337,25.78786,25.59844,25.78786,18.80631,19.25454,20.66657,19.25454
Cc2d2a,23.8691,23.00374,22.81568,23.00374,20.30463,19.77242,18.80927,19.77242
Snx24,24.01308,21.06237,22.64172,22.64172,23.23234,22.86526,22.97029,22.97029
Otud3,,16.9807,15.97623,16.478465,,,,
Manba,24.57525,23.81245,23.60942,23.81245,21.82155,21.4889,21.30034,21.4889
Kiaa0226;1700021K19Rik,20.45041,20.88122,21.91339,20.88122,20.19039,20.11591,20.46453,20.19039
,18.94815,,23.74581,21.34698,24.83615,25.52241,24.09748,24.83615
Slc30a6,21.57699,23.81176,23.69424,23.69424,19.38831,21.17895,21.9001,21.17895
Upf3a,21.14215,20.55544,19.98078,20.55544,13.25457,,,13.25457
Camsap3,,,,,17.20199,17.29374,,17.247865
Cyp4f14,22.429,,,22.429,,,,
Tapbp,23.86212,24.33224,24.21201,24.21201,19.27196,17.4373,17.77809,17.77809
Hmgn3,19.3811,21.73314,25.82898,21.73314,,,,
Rnf135,22.98492,20.40291,18.58685,20.40291,19.49066,,,19.49066
,,,,,,,,
Klhdc4,24.09039,23.57485,23.19345,23.57485,24.95837,24.998,24.06677,24.95837
Zdhhc21,,,,,21.99417,21.57159,,21.78288
Pigm,20.94342,21.57879,20.9307,20.94342,21.5799,21.26408,20.90771,21.26408
Myh7b,,22.02709,22.35456,22.190825,20.00648,18.81728,18.11151,18.81728
Selh,28.58957,27.84152,29.44652,28.58957,25.95189,24.68795,24.91853,24.91853
Samd12,22.25165,,,22.25165,,,,
Kcnip1,,,,,22.46124,21.82528,20.05881,21.82528
Peli1,,19.6729,22.01852,20.84571,23.12057,22.12152,21.25523,22.12152
Parp9,23.94913,23.34706,22.57971,23.34706,,,21.05709,21.05709
Tbxas1,22.15845,20.50184,,21.330145,21.91525,21.96663,22.07447,21.96663
Fli1,,,,,,19.34158,18.94089,19.141235
Rpl7l1,23.56848,23.79867,25.18556,23.79867,25.16454,25.20056,24.2617,25.16454
Kdm5c,20.02756,22.08547,22.21336,22.08547,21.5751,21.98603,20.85612,21.5751
Ccdc102a,26.09088,25.27459,24.62399,25.27459,18.03757,17.83529,16.58392,17.83529
Ddx56,21.41978,24.61336,21.84717,21.84717,22.89173,22.71148,23.31161,22.89173
Pex7,23.87211,24.20165,23.54922,23.87211,21.14694,23.50422,22.71387,22.71387
Usp28,21.93535,19.98663,20.73165,20.73165,20.52583,20.5265,20.69124,20.5265
Tnfaip8l2,24.70799,19.99466,22.04367,22.04367,21.5231,16.87975,,19.201425
Mrps36,,24.81602,24.514,24.66501,19.06663,,,19.06663
Arid2,20.25327,21.10476,21.22193,21.10476,21.9018,22.12089,21.25188,21.9018
Shprh,19.94978,19.16145,17.71867,19.16145,22.81076,22.41645,22.17713,22.41645
Fcgr2,25.61425,24.34245,23.75471,24.34245,16.92799,20.13107,17.96364,17.96364
Med11,,20.79654,23.94324,22.36989,22.47001,23.64504,22.59284,22.59284
Hspb11,27.77944,27.66939,27.95155,27.77944,23.88772,24.79595,23.44164,23.88772
Rhebl1,,,,,,18.57766,,18.57766
Parp12,24.94257,23.36866,22.87427,23.36866,,16.70198,21.63931,19.170645
Hmha1,22.40668,22.40816,21.35987,22.40668,20.91583,20.10534,20.70041,20.70041
Malsu1,20.96317,19.21031,21.38137,20.96317,20.84015,21.76511,21.23585,21.23585
Cebpb,25.71563,22.5906,,24.153115,23.85529,,20.655,22.255145
Tm9sf1,24.16814,23.60026,23.7543,23.7543,22.573,23.61594,23.37478,23.37478
Unkl,21.30758,19.98579,19.1081,19.98579,20.72974,20.83113,20.86212,20.83113
Tvp23b,24.03591,23.37901,22.96644,23.37901,21.52931,16.3523,22.02786,21.52931
Klc3,25.36933,24.51376,23.60659,24.51376,17.9514,,18.96387,18.457635
Rnaseh2b,23.68817,21.01318,22.58327,22.58327,20.89667,,19.36703,20.13185
Gsdmdc1,23.46326,22.33691,17.92955,22.33691,20.85529,21.05199,23.41442,21.05199
Rangrf;Gm10355,,17.67549,,17.67549,19.60746,19.00182,20.42019,19.60746
Xkr7,17.95617,21.66275,20.79559,20.79559,21.77246,22.12921,21.98645,21.98645
Ifi47,24.69636,22.59231,23.42227,23.42227,17.91479,22.3493,17.61669,17.91479
Drc1,23.43593,23.0755,22.41258,23.0755,17.31787,23.4265,,20.372185
Krr1,25.59349,23.67788,23.89994,23.89994,23.15281,23.94592,22.90159,23.15281
Ift43,26.25634,25.64631,25.98668,25.98668,,20.4108,,20.4108
Phf21a,20.33571,19.23479,20.73546,20.33571,20.293,19.88853,18.82,19.88853
Zfp62,20.81104,20.91254,20.78963,20.81104,19.28048,18.48589,18.61094,18.61094
Cryba4,,,,,,,,
Rab3il1,25.0599,24.19596,23.46501,24.19596,21.55159,23.43593,22.24048,22.24048
Kif20b,16.9817,14.09457,,15.538135,17.21845,18.16786,17.12081,17.21845
Zcchc12,,,,,20.84015,20.43756,20.02864,20.43756
Gle1,24.00659,22.6338,23.0167,23.0167,21.06513,21.14258,19.05179,21.06513
Arl4c,25.69678,24.04743,24.4379,24.4379,25.19024,25.1292,24.76956,25.1292
Naglu,28.12011,27.37219,27.56885,27.56885,23.586,23.11428,22.74351,23.11428
Ptgfrn,22.81478,22.19475,23.20241,22.81478,24.80794,24.97985,24.70129,24.80794
Mcm2,25.82449,22.94015,22.2331,22.94015,22.27079,22.22211,22.59475,22.27079
Itga4,19.84749,,19.37573,19.61161,17.07012,18.21888,19.05227,18.21888
Omp,16.94969,,,16.94969,19.99576,,,19.99576
Cluap1,26.04239,24.58927,25.31486,25.31486,22.51157,21.6999,21.66241,21.6999
Bcl11b,,18.57839,20.06065,19.31952,24.75613,24.43237,24.23623,24.43237
Celf3,22.6143,,,22.6143,25.72824,26.19577,25.76585,25.76585
Tfap2a,,,,,16.53438,,,16.53438
Xpc,22.27022,22.22967,22.68752,22.27022,19.00152,18.67855,18.49166,18.67855
Edem2,21.74731,22.16306,18.39766,21.74731,18.42959,19.29612,19.70492,19.29612
Fnbp4,23.79778,22.27324,22.16033,22.27324,21.03825,20.59587,17.5383,20.59587
Itga5,26.37377,25.10125,25.56494,25.56494,20.22647,20.0988,19.33636,20.0988
Cald1,27.55025,27.36269,27.11038,27.36269,,,17.74149,17.74149
Rab32,26.61498,25.99479,25.73412,25.99479,23.31755,22.83569,23.46164,23.31755
Arhgap6,21.64011,16.57789,20.42327,20.42327,15.00396,16.62884,18.54872,16.62884
Sema3e,20.22635,17.74399,,18.98517,21.71011,20.78189,20.60639,20.78189
Trim24,19.54436,21.01862,18.7512,19.54436,21.95102,22.12114,21.24057,21.95102
Igf2bp2,26.34861,25.65198,25.29039,25.65198,24.75537,24.22773,23.09326,24.22773
,,,,,20.03483,21.3497,21.76454,21.3497
Soat1,24.33231,23.44481,23.82503,23.82503,22.66882,20.90345,21.20455,21.20455
Prkdc,20.12338,19.51753,19.44115,19.51753,19.04196,19.2096,19.36316,19.2096
Dcn,22.60089,20.45654,,21.528715,,,,
Apbb1ip,23.68795,22.5172,23.37398,23.37398,20.68594,22.26842,21.68611,21.68611
Ptpn13,26.1035,24.82808,24.63428,24.82808,17.98721,15.92453,19.39995,17.98721
Rrp1b,22.66917,24.32279,22.35984,22.66917,,19.59833,18.03042,18.814375
Zfpm2,,,16.45287,16.45287,18.02183,19.44022,18.08379,18.08379
Tap1,24.34618,23.70746,23.9619,23.9619,18.94424,17.55435,21.48974,18.94424
S100a5,,,,,15.92172,,,15.92172
AU019823,22.87723,19.93017,21.40276,21.40276,,,20.62596,20.62596
Tcirg1,27.26329,25.51785,25.96168,25.96168,19.74865,23.5821,19.8967,19.8967
Ifit1,27.94726,25.89636,25.95176,25.95176,22.56409,21.71678,21.21839,21.71678
Psmb10,24.78157,23.53481,25.50285,24.78157,20.82268,19.57561,20.72067,20.72067
Lgals9,25.3837,20.41782,17.7957,20.41782,23.2863,23.24931,19.95802,23.24931
Pyroxd2,27.93725,26.23145,25.75039,26.23145,23.45714,22.87542,22.14868,22.87542
Nop2,25.27828,25.49271,26.55089,25.49271,24.69546,24.23549,24.26349,24.26349
Pex10,23.47519,22.35791,22.08537,22.35791,21.68414,20.36922,22.41542,21.68414
Gpc2,,17.83806,,17.83806,29.91042,29.84122,29.63748,29.84122
Cd84,24.10797,21.60616,21.28382,21.60616,20.57607,20.79994,18.8412,20.57607
Ncapd2,21.62685,19.48302,19.86408,19.86408,22.63706,21.50363,21.37465,21.50363
Gpn1,26.16459,24.99749,25.70986,25.70986,22.3988,23.04181,21.38169,22.3988
Pphln1,,20.65395,23.83702,22.245485,18.58134,20.78628,20.61297,20.61297
Ap5z1,23.46463,22.6268,21.81902,22.6268,21.15709,21.63821,20.79424,21.15709
9930111J21Rik2,19.51663,21.2912,21.5221,21.2912,,19.33505,19.56796,19.451505
Gpalpp1,23.6525,23.40976,23.21045,23.40976,19.72845,,,19.72845
Ralgapb,19.37926,20.68346,18.36628,19.37926,19.74637,,16.82215,18.28426
Neurod1,,,,,19.41681,16.5376,19.93229,19.41681
Sipa1,22.87425,22.04197,21.24737,22.04197,16.37006,18.26137,17.08773,17.08773
Fyb,28.50321,25.85084,26.06231,26.06231,21.30558,14.27685,19.19924,19.19924
Clasp2,21.86556,18.48243,20.94692,20.94692,19.65148,18.56707,17.84812,18.56707
Obfc1,25.26385,24.99473,25.13355,25.13355,24.8867,25.06526,24.5044,24.8867
Thap11,24.37683,21.5344,21.34457,21.5344,22.73298,22.30686,21.97666,22.30686
Btk,22.82437,20.86423,20.55721,20.86423,24.02918,22.67411,22.45181,22.67411
Med23,23.2988,20.84245,21.37825,21.37825,23.28447,23.36653,23.12712,23.28447
Chd7,19.42675,19.8265,18.66823,19.42675,18.3792,19.62865,20.06158,19.62865
Cdkal1,23.69891,21.37231,21.71632,21.71632,21.86575,21.32658,20.90558,21.32658
Egr3,,,,,,,,
Narf,16.51109,16.00266,16.1604,16.1604,19.70421,19.91121,18.93143,19.70421
Stab1,22.1004,22.29687,22.06566,22.1004,20.70176,20.7395,19.94978,20.70176
Pold3,22.3869,23.79442,21.62524,22.3869,,20.76838,20.11528,20.44183
Was,23.23983,24.56279,,23.90131,19.87623,18.34469,,19.11046
Fzd2,20.90632,21.52148,20.64939,20.90632,,18.81872,17.90177,18.360245
Golm1,24.27874,24.22347,24.0264,24.22347,22.52853,21.92799,22.63542,22.52853
Zmat4,23.10375,23.60693,,23.35534,20.27901,,,20.27901
Ube2e2,,,,,,,,
Znf787,,,,,21.17194,19.98649,18.10784,19.98649
Chd3,19.99452,18.65819,19.08364,19.08364,25.46111,25.5378,25.0077,25.46111
Msr1,26.10921,25.21882,23.94512,25.21882,15.29225,20.99328,10.91438,15.29225
C3,28.29083,26.40142,27.30843,27.30843,21.92962,22.73923,22.20938,22.20938
Dtx3l,24.44815,23.33729,24.50761,24.44815,22.41338,20.49765,24.00307,22.41338
Tlr3,22.5472,20.81127,18.17104,20.81127,17.77732,18.12717,,17.952245
Yap1,28.06255,27.32346,27.0357,27.32346,,19.3806,,19.3806
Srxn1,25.48256,22.67133,24.90426,24.90426,22.44761,22.19208,18.79563,22.19208
Hrc,,,,,,,,
Oasl2,21.00861,18.59813,20.79582,20.79582,21.11369,16.59216,16.66414,16.66414
Smc2,24.01095,23.19215,22.88619,23.19215,24.22876,23.15746,24.82721,24.22876
Stat2,25.39604,24.1411,23.52265,24.1411,23.72046,23.86391,23.13384,23.72046
Ybx3,26.61583,27.3506,27.02179,27.02179,23.14367,22.10613,22.26388,22.26388
Pan2,21.44773,21.35402,21.24313,21.35402,22.7661,24.09981,21.86359,22.7661
Ripk1,26.02289,25.401,25.13375,25.401,20.96747,17.45635,19.91152,19.91152
Ikbip,27.22463,25.80757,26.16404,26.16404,22.10961,22.21472,17.14887,22.10961
Znf687,21.43878,20.04634,19.79574,20.04634,19.29246,19.44358,18.9533,19.29246
Wdr75,24.67007,23.7544,23.15392,23.7544,23.65644,23.68046,23.0281,23.65644
Parp4,23.81167,23.02874,23.74294,23.74294,16.48169,19.24163,18.59021,18.59021
Top2a,21.41648,20.44253,20.1881,20.44253,21.87192,20.88733,21.02357,21.02357
Sesn1,23.82211,23.9157,23.16708,23.82211,19.5329,18.12177,19.29455,19.29455
Ptpn6,26.457,26.26403,26.06809,26.26403,22.14211,20.65316,22.19433,22.14211
Sema3c,24.50609,24.22383,24.80666,24.50609,24.67066,24.65611,24.10621,24.65611
Trim67,21.07032,21.49184,22.74349,21.49184,26.45613,26.75315,25.99257,26.45613
Sash3,20.54783,21.86499,21.85715,21.85715,,,,
Pi4k2b,,19.17014,18.71943,18.944785,,17.93733,18.19609,18.06671
Ints2,22.36725,23.60365,21.77929,22.36725,22.81029,22.66373,21.48846,22.66373
Phf14,20.12149,23.27071,16.06521,20.12149,22.06437,22.25142,22.12679,22.12679
Vezf1,23.54085,23.44556,23.2015,23.44556,22.0628,22.04033,21.75311,22.04033
Wipf1,24.56296,23.53931,21.83919,23.53931,19.21302,,,19.21302
Galnt7,23.37504,22.97437,22.05553,22.97437,22.9812,21.06796,20.90228,21.06796
Atad2b,21.68927,22.15224,24.28419,22.15224,23.87586,23.75898,23.44872,23.75898
Tprn,22.76464,22.11864,22.38937,22.38937,19.76639,17.93618,18.02464,18.02464
Pik3ap1,22.28996,20.41442,21.42696,21.42696,18.11177,20.71188,18.36965,18.36965
Cnbp,28.46466,27.8055,28.09713,28.09713,26.66343,28.01829,27.05889,27.05889
Epha3,,19.13353,17.94889,18.54121,24.09168,24.10701,23.44063,24.09168
Gla,26.73609,26.04076,25.46301,26.04076,23.82987,24.66395,23.89412,23.89412
Znf521,18.36038,18.96361,22.21969,18.96361,23.79054,,20.56997,22.180255
Hk3,25.56941,22.22703,22.82658,22.82658,25.04448,22.7017,20.5499,22.7017
Icam1,27.54812,26.10534,26.24913,26.24913,22.37955,23.15842,22.15607,22.37955
Sgsh,25.9604,24.90076,26.19144,25.9604,21.02641,21.67284,20.9083,21.02641
Ifi30,20.92875,20.09648,21.29681,20.92875,23.6699,23.0935,21.42275,23.0935
Slit1,22.01492,19.70058,20.34408,20.34408,25.14492,25.23425,24.69885,25.14492
Lgals3,32.34114,32.07801,32.03784,32.07801,23.10712,23.81783,23.9198,23.81783
Lpxn,24.32821,21.73434,23.55215,23.55215,18.6329,,18.1563,18.3946
Afap1l2,28.40953,27.3396,27.35565,27.35565,17.60841,21.94892,21.18186,21.18186
Ing1,23.59889,22.57545,22.2424,22.57545,24.73428,24.19723,23.96719,24.19723
Xaf1,20.69676,21.20234,22.55239,21.20234,,,,
Fermt3,26.97782,25.84568,25.4432,25.84568,23.60569,23.12947,24.89828,23.60569
Rnf213,25.05163,24.23922,24.09023,24.23922,20.37124,21.79269,20.9583,20.9583
Acvr1c,,,,,15.75063,15.94574,16.01844,15.94574
Ugt1a7c,25.75009,25.72977,25.65198,25.72977,22.1201,18.03901,19.63112,19.63112
,,,,,20.36666,20.04913,18.01018,20.04913
Gtdc1,22.5647,20.9878,17.91514,20.9878,24.96327,24.94083,24.90265,24.94083
Stx3,21.98221,19.38724,19.95362,19.95362,20.65237,,20.29715,20.47476
Ucp3,,,,,,,,
Ncf2,24.89356,24.04785,23.99447,24.04785,19.52417,18.99153,19.89383,19.52417
Slc25a11,,,,,,,,
Adam9,24.21141,22.30675,22.62315,22.62315,21.14805,22.04674,21.32003,21.32003
Fam168a,26.62073,24.39008,24.48278,24.48278,24.8615,24.12888,24.75185,24.75185
Dysf,29.68495,28.83626,28.50518,28.83626,19.37901,17.95646,16.71934,17.95646
Fcrls,22.19794,20.79376,19.72186,20.79376,16.7032,17.8925,17.4005,17.4005
Zfp219,23.52576,23.19412,22.73754,23.19412,20.85125,20.878,20.61675,20.85125
Lrrc61,,,,,,,,
Ehbp1l1,22.43601,20.03617,20.73595,20.73595,22.53713,,19.79203,21.16458
Tgm1,27.82899,26.84566,26.32201,26.84566,19.05997,18.98546,19.15835,19.05997
Pold1,22.04323,21.1225,21.11674,21.1225,21.67379,22.08534,20.76012,21.67379
Tap2,25.0471,23.69008,24.37365,24.37365,16.71666,22.30438,16.34657,16.71666
Irf5,19.42606,22.20863,22.46201,22.20863,,18.71508,18.80272,18.7589
Pik3cd,19.81027,15.61956,18.86952,18.86952,21.1225,21.23275,20.33167,21.1225
Met,21.02486,20.06105,19.33257,20.06105,24.91766,24.84254,24.44702,24.84254
Dsp,25.40002,21.6759,23.6672,23.6672,19.47259,19.52713,19.11782,19.47259
Gvin1,22.53012,21.49047,23.56116,22.53012,20.30764,18.79611,18.92584,18.92584
Sh3bp4,25.95192,24.91962,24.83677,24.91962,23.8892,24.51129,23.98529,23.98529
Upp1,23.32375,22.90251,23.68859,23.32375,,,,
Mndal,22.51473,19.7377,19.5943,19.7377,20.6784,21.29771,23.75969,21.29771
Arhgap4,21.91148,19.53016,19.46106,19.53016,14.61126,19.13062,18.96556,18.96556
Rsph9,26.28382,25.82223,26.05951,26.05951,18.98643,20.12452,20.00045,20.00045
Trim30a,17.69927,16.72347,,17.21137,,,,
Dhx58,20.40624,21.30368,19.54699,20.40624,17.62664,17.41568,19.51893,17.62664
Tes,24.7686,24.30096,24.51605,24.51605,25.43936,25.9638,25.60558,25.60558
Lcp2,22.27188,24.77525,22.2064,22.27188,21.13075,20.79058,20.67866,20.79058
Fcgr1,25.02602,24.00556,20.97785,24.00556,,,23.81441,23.81441
Csf1r,24.34361,25.44597,25.41284,25.41284,15.77733,22.16374,22.05801,22.05801
Ccdc88b,21.66605,19.23505,21.38669,21.38669,18.78507,18.80445,16.82762,18.78507
Pld4,24.93944,24.01512,24.66931,24.66931,24.91063,23.92669,22.16429,23.92669
Parvg,,22.19412,21.89549,22.044805,20.53811,18.54276,18.28573,18.54276
Avil,24.1876,25.61411,26.45403,25.61411,18.08696,12.93151,,15.509235
Siglec1,23.96517,22.93537,23.28207,23.28207,24.08651,22.68149,23.58463,23.58463
Myo1f,23.3676,20.84184,22.93919,22.93919,20.37507,,19.8555,20.115285
Abcd1,24.565,22.66353,22.3095,22.66353,20.80923,20.9782,20.59632,20.80923
Man2b2,27.13809,27.04895,27.23489,27.13809,21.15616,21.8068,21.06664,21.15616
Rasal3,19.76306,19.48324,20.10776,19.76306,17.57134,19.20889,18.69944,18.69944
Nfatc2,23.04595,20.35068,19.8569,20.35068,,19.10952,19.17543,19.142475
Pawr,31.03085,30.13528,30.12706,30.13528,,18.14051,17.79741,17.96896
Krt33a,,19.05719,20.18095,19.61907,,,15.04422,15.04422
Ust,,18.95382,18.50425,18.729035,20.68569,21.58118,20.5418,20.68569
Stxbp2,26.72988,25.56055,25.17276,25.56055,22.09819,24.6075,21.21815,22.09819
Irg1,23.79729,22.55754,22.86641,22.86641,21.80428,22.45207,21.54585,21.80428
Cd109,29.90196,28.50446,27.91096,28.50446,18.96998,23.0202,21.21673,21.21673
Naip2,20.92412,18.7615,20.80876,20.80876,21.31849,20.74107,,21.02978
Mov10,25.19114,24.35777,24.12637,24.35777,17.24005,23.48935,20.4493,20.4493
Zdhhc2,,,,,19.62688,19.74545,,19.686165
Itgal,22.16828,18.00223,20.71649,20.71649,23.75073,19.29957,19.27196,19.29957
Rcsd1,24.87895,23.30424,21.92705,23.30424,,16.21117,,16.21117
Colec12,24.5405,22.50843,22.73789,22.73789,21.40078,21.444,16.36025,21.40078
Hck,22.46389,22.80729,23.64768,22.80729,19.54155,18.56044,19.97491,19.54155
Tmem29,25.6953,24.39382,25.03091,25.03091,17.50223,18.79424,16.29795,17.50223
Ikbke,21.07868,20.96423,19.73536,20.96423,,21.41142,,21.41142
Fmn1,20.57108,20.17072,19.36577,20.17072,,17.74202,,17.74202
Oas3,19.10792,22.14267,21.44708,21.44708,15.90893,15.31274,18.5582,15.90893
Lrp2,24.59343,23.60037,24.0035,24.0035,16.98226,15.73039,18.93396,16.98226
Scgn,,,18.68517,18.68517,20.62015,19.82513,19.74665,19.82513
Nfkb2,27.0185,27.5969,25.68014,27.0185,19.98801,19.35752,19.88437,19.88437
Stat6,23.03206,21.42946,22.47011,22.47011,13.85087,21.11235,21.40556,21.11235
Alox5,21.4766,21.6553,21.52272,21.52272,22.4805,22.87155,19.43278,22.4805
Satb2,20.44253,18.63112,,19.536825,25.24909,25.16573,24.51352,25.16573
Mocos,21.43553,19.02426,21.13389,21.13389,20.56141,,18.40914,19.485275
Myo1g,21.14102,20.37231,21.67327,21.14102,21.32394,20.96028,21.91368,21.32394
Ttc21a,25.99916,24.72375,24.62856,24.72375,,,15.09474,15.09474
Pde3a,22.19809,19.69015,20.16165,20.16165,19.4967,19.46463,19.04378,19.46463
Eif2ak2,25.95866,25.73957,24.81323,25.73957,20.62319,22.45901,18.79915,20.62319
Fbn1,27.37716,26.37951,26.51378,26.51378,15.8298,18.72284,,17.27632
Pard3b,26.08558,25.46308,25.6133,25.6133,16.74084,13.44954,17.07556,16.74084
Ncf4,24.59486,22.93898,21.05404,22.93898,22.11984,23.84441,20.39278,22.11984
Nbeal2,21.11934,20.66371,21.17992,21.11934,18.64178,18.80596,18.43172,18.64178
Slc16a3,22.72775,17.20438,21.88077,21.88077,22.13342,20.37825,20.56132,20.56132
Inpp5d,23.95695,22.18616,22.39147,22.39147,19.77481,20.96176,18.55041,19.77481
Sp100,15.79343,16.97589,20.78875,16.97589,20.87125,15.6803,20.04554,20.04554
Grn,28.90035,28.45117,28.49732,28.49732,24.03951,25.95502,24.63998,24.63998
Syk,24.5263,,20.92013,22.723215,19.96705,19.85211,21.12048,19.96705
Plcg2,24.77243,23.78067,23.41545,23.78067,18.64952,20.09262,19.23507,19.23507
Ncf1,25.12364,24.01844,23.56976,24.01844,22.40909,22.91649,21.01441,22.40909
Krt86,16.82625,16.24885,17.77153,16.82625,16.44642,17.08856,19.5438,17.08856
Mpeg1,23.55719,22.41067,21.54236,22.41067,20.44182,19.85544,22.14292,20.44182
Tlr7,22.23535,21.28489,22.05056,22.05056,20.09636,22.02378,18.59813,20.09636
Ifi204,23.71146,22.56281,23.85757,23.71146,22.46685,22.07669,22.32276,22.32276
Mmp12,22.20284,20.99673,22.46136,22.20284,23.19196,21.58036,22.50504,22.50504
Alox15,22.24815,20.45393,19.81724,20.45393,26.53839,26.34366,17.56063,26.34366
Pyhin1,21.64196,20.61162,,21.12679,23.91816,21.01665,22.26284,22.26284
Mcm5,24.79283,23.12318,23.20468,23.20468,23.92741,22.95697,22.12862,22.95697
Cd14,26.75735,25.92393,25.80198,25.92393,,20.1317,20.95433,20.543015
Ifi202,26.64883,26.56504,27.00817,26.64883,17.1948,18.1437,19.10641,18.1437
Gm5483,26.60258,20.75116,26.08554,26.08554,21.62015,21.22347,18.71773,21.22347
Cd36,22.71356,20.12528,16.62984,20.12528,17.55225,21.91273,20.36912,20.36912
Col11a1,22.16736,21.72105,21.35445,21.72105,20.72551,20.40322,22.56456,20.72551
RBM8;Rbm8a,,,,,22.47331,,21.21419,21.84375
2010012C16Rik,,,,,19.87623,19.88932,,19.882775
Igkv17-127;Igkv17-121,,,,,,,,
Igkv9-124,,,,,,,,
Igkv5-39,,,,,,,,
Igkc,,,,,,,,
Ighg2b,,,,,,,,
Ighg1,,,,,,,,
Ighv5-16,,,25.32749,25.32749,,,,
Ighv4-1,,,,,,,,
Ighv1-31,,,,,,,,
Trav12-1,,,,,,,,
Igha,,,,,,,,
,,,,,,,,
,,,,,27.67452,,,27.67452
Clec7a,,,,,,,,
Ly6e,22.45473,24.35971,,23.40722,24.42323,25.43342,24.64284,24.64284
,25.02441,22.57492,23.78497,23.78497,,,,
,26.55484,26.48147,26.20103,26.48147,,,,
Ly6c1;Ly6c2,,,,,,,22.59821,22.59821
Cd164,23.08648,23.55204,24.21252,23.55204,,,,
,22.44922,20.4492,21.1916,21.1916,19.78953,20.10098,19.20242,19.78953
Galntl6,,20.05801,19.27007,19.66404,17.45764,18.54457,18.00848,18.00848
,22.71217,,,22.71217,14.65715,15.85536,,15.256255
Auts2,,,,,17.5229,21.17396,21.06651,21.06651
,,,,,21.59017,22.20711,21.79273,21.79273
,,,,,,,,
,21.05986,19.39638,18.86563,19.39638,19.40643,19.30057,,19.3535
,21.94924,20.22329,20.69447,20.69447,20.57311,20.02594,20.77957,20.57311
,,,,,18.40997,18.25898,19.81875,18.40997
,18.3844,18.1562,17.54117,18.1562,16.90759,16.67162,16.36443,16.67162
,,,,,14.6201,17.24135,17.59507,17.24135
,,,,,15.67339,15.59158,,15.632485
Skp2,,22.3895,,22.3895,21.68123,22.41532,22.41421,22.41421
Msh3,16.83022,18.53822,19.50744,18.53822,20.70868,20.9583,21.16607,20.9583
,24.86372,,,24.86372,,,,
,,,,,,,,
,,,,,,,,
Traf3ip1,23.93472,22.71352,22.35197,22.71352,16.91765,15.41052,17.76027,16.91765
Gm21698;Gm10220;5031410I06Rik;Gm7347,,,,,,,,
,23.38561,22.35243,22.0867,22.35243,19.73471,18.84925,19.12697,19.12697
Atp5g2;Atp5g3,18.97992,19.0392,18.33542,18.97992,,15.75118,,15.75118
Casp8,24.79218,23.03976,22.91176,23.03976,,18.7936,22.07578,20.43469
Ly96,21.88387,19.89464,21.03181,21.03181,,,,
,,,,,,,,
,,,,,,,,
Clasp1,,,,,,,,
Mdfic,21.5134,,,21.5134,,,,
,,,,,17.8731,15.82675,19.1736,17.8731
,,21.41318,,21.41318,,,,
,22.33287,23.0379,23.47469,23.0379,21.50179,21.73851,21.86253,21.73851
,,22.21157,,22.21157,,,,
,,,,,,,,
,26.13966,,,26.13966,,,,
Col6a3,,,,,,,,
Fam46a,19.57213,,,19.57213,19.67872,,,19.67872
,,,,,,,,
Kcnma1,,,,,19.32098,19.38877,19.0547,19.32098
,,,,,22.79013,22.46448,23.55696,22.79013
,,,,,,23.27113,,23.27113
,,,,,,,,
Pigx,19.09571,21.45754,21.06289,21.06289,19.73754,22.87091,20.19244,20.19244
Fn1,23.75797,21.31163,17.22684,21.31163,,,,
,,,,,,,,
Nab1,22.50084,,20.014,21.25742,18.15071,19.1865,17.7936,18.15071
Ccdc173,21.93629,19.81649,21.0281,21.0281,,,,
Aspg,,,,,21.6001,20.31063,,20.955365
Zdhhc22,,,,,,,,
Veph1,,,,,16.48103,14.41389,15.39386,15.39386
Arhgef37,17.82034,16.66261,16.52394,16.66261,13.02547,,,13.02547
Mpeg1,,,,,,,,
Nlrp1b,20.44334,20.78867,18.82131,20.44334,25.00359,20.42358,18.44306,20.42358
Akap17b,,,14.4386,14.4386,19.12,17.8214,18.50059,18.50059
Zbtb33,20.53896,20.28715,18.24028,20.28715,20.692,20.6832,20.84598,20.692
Slc9a8,20.75898,21.0805,20.62239,20.75898,16.91322,20.14532,19.7281,19.7281
Ncoa3,21.38385,19.49539,20.97946,20.97946,18.8527,15.73762,17.65144,17.65144
Tox2,19.26064,22.21235,21.95971,21.95971,19.53262,20.37326,18.81725,19.53262
Lpin3,21.48242,15.97033,20.59067,20.59067,,,,
Gm11568;Krtap9-1;Gm11559;Gm11567,,,,,,,,
Gm11565,,,,,,,,
Pgap3,20.06855,20.36762,,20.218085,22.718,21.76426,21.46094,21.76426
Krtap3-1;Krtap3-2,,,,,,,,
Znf385c;Zfp385c,,,,,,,,
Kcnh4,22.16189,23.66568,25.24304,23.66568,,,,
Neurl2,,,18.95097,18.95097,17.6387,19.2663,19.44215,19.2663
Znf335;Zfp335,,15.96846,16.24485,16.106655,21.10156,20.72209,19.04102,20.72209
Stau1,,,15.44854,15.44854,20.49326,20.57884,19.41012,20.49326
Smurf2,23.21247,21.58311,20.57404,21.58311,18.88196,19.40717,17.85294,18.88196
Tanc2,,,,,,,,
Gpatch8,24.97128,21.14439,21.0625,21.14439,21.19893,20.75825,20.78843,20.78843
Lasp1,,,,,,,,
Fam104a,19.48562,,,19.48562,,21.41509,25.92531,23.6702
Cdc27,,16.05049,,16.05049,,17.05038,,17.05038
Tmem104,,,,,19.70868,18.89146,19.16076,19.16076
Cd300lf,,,,,22.22235,22.20108,,22.211715
Rlf,,,16.31853,16.31853,20.67857,21.14805,19.44944,20.67857
Fbxo44,,,,,,,,
Zfp691;Znf691,,,,,,16.49665,16.30837,16.40251
Ccdc23,23.54002,22.59648,22.63896,22.63896,23.79104,24.25508,23.15478,23.79104
Kiaa1522,18.52951,17.85209,17.05812,17.85209,,,,
Zmym1,,16.02987,,16.02987,,,,
Gm12942;Zmym6nb,,,,,18.87288,20.14121,,19.507045
Cd300lh;Gm11709,,,,,19.91599,23.05848,,21.487235
Epb4.1,,17.36504,,17.36504,,,,
Itgb4,23.65207,22.40689,22.5373,22.5373,17.97544,21.41028,20.52497,20.52497
Hivep3,,14.98864,,14.98864,,16.11573,,16.11573
Camta1,,19.9556,,19.9556,20.84805,21.16423,20.50378,20.84805
Camta1,,,,,,,,
Camta1,,,,,,,15.91548,15.91548
Gpr153,,,,,,,,
Gm13152,,,23.3123,23.3123,,,,
Gm13248;Gm13139;Gm13251,21.52009,,,21.52009,,17.95782,17.6506,17.80421
C8a,,,,,,,,
Cep85,19.35817,19.35178,18.80776,19.35178,23.06204,22.87435,18.35247,22.87435
,,,,,,18.57854,,18.57854
Tbkbp1,,,,,,20.19051,20.30017,20.24534
Kctd2,23.32196,,19.2107,21.26633,22.21386,21.64803,22.08223,22.08223
Dmd,,,21.33576,21.33576,18.66376,,18.31535,18.489555
Mettl23,,,,,21.50843,22.76543,20.05881,21.50843
Jade2,21.85506,20.60332,20.62203,20.62203,17.72,,,17.72
Sec24a,22.10374,18.70093,20.54369,20.54369,19.67038,19.37594,19.02851,19.37594
Klhl15,21.86922,,21.77221,21.820715,,,,
Arhgap27,,,,,,,,
Fmnl1,,,,,21.51147,20.86869,20.82042,20.86869
Tbc1d16,,,20.6197,20.6197,24.17691,23.1234,22.92078,23.1234
Axin2,,18.58806,,18.58806,20.26602,19.00566,18.31132,19.00566
Stra13,,,,,,,,
Suv39h1,,,,,17.73919,,,17.73919
Vstm2l,18.5092,,,18.5092,23.07297,22.64355,,22.85826
Faap100,20.49561,19.20194,16.35538,19.20194,24.39126,24.80144,24.4508,24.4508
Trim45,,,,,,,,
Dhx35,21.7091,22.92821,20.38015,21.7091,20.9693,21.78321,20.52784,20.9693
Col9a3,,17.37237,,17.37237,17.3569,18.15531,,17.756105
Frmd7,,,,,,,,
Mst4;2610018G03Rik,,,,,,,,
Pusl1,23.20729,22.15576,23.45839,23.20729,25.46889,24.88101,24.90399,24.90399
Spen,,18.52879,16.71612,17.622455,,,17.25026,17.25026
Slc25a34,,,,,,,,
Magt1,25.74594,24.94208,25.05689,25.05689,23.60975,23.55391,21.73314,23.55391
4932429P05Rik,,,,,19.73783,22.0731,22.27702,22.0731
Cyb561d1,,,,,,,,
Sypl2,,,,,,,,
Ofd1,21.83877,22.02039,21.63524,21.83877,16.33478,16.62557,,16.480175
Gpm6b,,25.76749,25.55546,25.661475,23.54227,23.56442,23.50349,23.54227
Cstf2,,,,,,,,
Obp1b;Gm14743,,,,,,20.31263,,20.31263
Slc35a2,26.4101,22.48557,22.27034,22.48557,21.81753,17.77565,,19.79659
Ccdc120,18.72451,,,18.72451,22.10229,22.25194,21.71875,22.10229
Gripap1,,,,,,,,
Fhl1,,,,,,,,
Slc25a53,22.5244,22.41057,21.93247,22.41057,18.90557,19.09432,18.42062,18.90557
Tmsb15b1,,,,,,,,
Dock11,,,,,22.47224,23.12056,20.25753,22.47224
Dock11,18.59965,18.49755,16.81115,18.49755,17.62442,16.45709,16.9465,16.9465
Mtg2,20.79289,22.62923,18.23013,20.79289,21.38769,22.29679,20.65255,21.38769
Gemin5,,,17.7343,17.7343,19.01288,18.60588,18.51795,18.60588
Pigo,21.22988,19.04894,19.11997,19.11997,21.6001,21.22264,21.65377,21.6001
,,19.00627,17.72787,18.36707,19.40177,20.26854,19.02443,19.40177
Wdr47,,,,,,,21.90757,21.90757
Tesk2,20.57395,19.54185,19.41216,19.54185,16.69016,,,16.69016
Gm20489;Il2rg,,,,,,,15.14263,15.14263
Ryr3,16.95515,,19.15795,18.05655,15.64709,15.31476,,15.480925
1700012B07Rik,,,,,,,,
Madd,,,,,,,,
Madd,18.36786,16.21977,17.89333,17.89333,,,,
Prdm11,,,,,14.69794,15.70288,19.83615,15.70288
Klhl8,19.73102,,18.00262,18.86682,20.3978,19.97897,19.71284,19.97897
Kif1b,18.24247,16.44364,,17.343055,,,,
Gyltl1b,23.1485,,18.61108,20.87979,22.38374,22.5715,22.62905,22.5715
Brwd3,20.58665,19.04583,16.59205,19.04583,17.85136,17.77847,19.08075,17.85136
Ano3,,,,,17.68941,,,17.68941
Gpr64,,,,,,,,
Id1,,,,,,,,
Grin1,,,,,,,,
Grin1,,,,,18.92059,18.17655,,18.54857
Cd72,22.62553,21.67344,22.4039,22.4039,,21.70028,20.64737,21.173825
Fam166b,20.77587,20.76879,20.19592,20.76879,,,,
Card9,23.19004,21.62819,20.52831,21.62819,21.00566,24.86036,23.6319,23.6319
Sdccag3,21.32405,,18.7704,20.047225,,,17.23771,17.23771
Fubp3,,,,,,,,
Tmem141,,,,,15.65366,,,15.65366
Bpifb9b,,,,,,,,
Rpp38,21.88833,22.89054,22.87959,22.87959,21.73587,22.20508,21.0482,21.73587
Fggy,24.96495,24.31762,24.72879,24.72879,19.21992,18.27962,18.92024,18.92024
Tmem67,22.94774,23.26299,23.21089,23.21089,19.33001,18.93531,20.29412,19.33001
Dpy19l4,20.66874,,21.00751,20.838125,20.0099,20.6479,21.01004,20.6479
Pnisr,,21.07555,20.9761,21.025825,22.71653,22.09071,21.46204,22.09071
Ralgds,20.5031,,,20.5031,21.89818,22.0714,21.26282,21.89818
Slc30a4,,,,,,,,
Gm13695;Gm13697,,,,,19.2516,19.0555,15.41452,19.0555
Dcaf10,20.13659,19.35526,,19.745925,22.47838,22.70757,18.71719,22.47838
Pxmp4,24.98577,22.62959,22.63697,22.63697,23.56546,22.98038,23.02234,23.02234
Focad,,,,,,,,
Ptplad2,21.05026,22.41725,18.79902,21.05026,,,,
Mup1;Mup6;Mup15;Mup4;Mup9;Mup8;Mup17;Mup14;Mup7;Mup19;Mup13;Mup11,,,,,,,,
Slc35d1,,,,,,,,
Atp5c1,26.54541,24.82041,,25.68291,22.24043,21.07757,21.03798,21.07757
Atp5c1,,,,,,,,
Setx,17.98337,,16.16534,17.074355,20.61153,19.52145,19.90987,19.90987
Cntrl,22.88069,21.31645,21.99566,21.99566,17.35277,14.64909,19.82302,17.35277
Asph,,,,,24.81147,24.86093,24.54239,24.81147
Rexo4,21.30145,,,21.30145,15.37307,20.80751,19.65807,19.65807
Dnajc25,24.76987,23.26184,24.02369,24.02369,21.81405,21.70523,22.18007,21.81405
Cntln,,17.95481,18.53355,18.24418,22.17682,,,22.17682
Mllt3,21.85635,21.25736,21.98176,21.85635,17.62521,,16.7936,17.209405
,,,22.8498,22.8498,,,,
Uck1,,,,,,,,
Ap5s1,,,,,,,,
Anks6,20.77901,19.9356,20.53269,20.53269,,16.56285,15.8201,16.191475
Znf711;Zfp711,,,,,20.37135,20.32828,19.61651,20.32828
Sptbn5,,,,,,,,
Taf9b,,23.26685,21.32575,22.2963,,,,
Tfap2c,,,,,,,,
Tpx2,20.88532,18.06113,21.05841,20.88532,17.64336,14.36105,18.89042,17.64336
Zbp1,22.519,21.85631,23.67595,22.519,,18.84319,20.28365,19.56342
Slc1a2,,,,,,,,
Nphp1,23.64669,22.49473,22.70898,22.70898,19.18991,18.86405,18.93678,18.93678
Fmnl2,,19.50001,16.74727,18.12364,,,,
Tubb1,21.36741,17.41328,19.37624,19.37624,23.02872,23.65305,23.30563,23.30563
Fnbp1,,20.83707,,20.83707,,,,
Fnbp1,19.31889,17.72827,,18.52358,,,,
Hipk3,19.90497,20.30263,19.26424,19.90497,,,,
Bcorl1,,,,,,10.42899,,10.42899
Epc2,,,,,19.90804,19.7318,19.63665,19.7318
Fmnl2,,,,,21.68209,22.3026,21.22028,21.68209
Tank,23.69147,21.94853,22.54066,22.54066,,,,
Itga8,,,,,,20.13508,,20.13508
Kynu,21.84644,20.37273,20.97652,20.97652,21.75589,22.08466,21.34001,21.75589
Lgr4,,22.9534,22.84778,22.90059,23.78716,21.77515,23.66936,23.66936
Helz2,20.28093,20.13408,19.59702,20.13408,18.879,16.02091,18.11507,18.11507
Fbxo18,21.89811,20.69736,18.62706,20.69736,20.69982,20.48099,21.04667,20.69982
Ankrd16,16.61296,,16.79487,16.703915,20.30062,19.80475,,20.052685
Mllt10,,,,,,,,
Itpripl1,,,,,,15.7462,16.73991,16.243055
Agrn,,,,,17.32983,19.30846,20.33963,19.30846
Slc25a25,,,,,19.76568,19.54117,18.36577,19.54117
Plcb4,,,,,,20.70514,20.32762,20.51638
Lamc3,,,,,,,,
Myef2,19.461,18.66591,,19.063455,22.0233,21.70839,19.43697,21.70839
Zbtb34,,16.44883,,16.44883,14.28055,17.9907,,16.135625
Tmem74b,,,,,22.36148,22.87341,22.36113,22.36148
Armc3,22.41023,20.85041,20.48758,20.85041,,16.98437,17.31946,17.151915
Trp53bp1,,,,,,,16.57412,16.57412
Bbs5,19.73016,,21.62422,20.67719,20.49267,18.52045,,19.50656
Tpd52l2,22.18326,,,22.18326,22.38343,22.14367,21.22028,22.14367
Fbxw2,20.05378,22.68286,20.73942,20.73942,22.41457,22.73781,21.82648,22.41457
Epb4.1l1,21.81722,18.78001,19.35005,19.35005,,,,
Cep152,22.42519,21.17597,20.93596,21.17597,14.61321,,13.69349,14.15335
Pfkfb3,20.10008,21.00881,,20.554445,19.45197,19.99189,19.30601,19.45197
Prr5l,,,,,,,,
Bcas1,,,,,,,,
Sema6d,,18.35947,,18.35947,,,,
Ly75,,21.90918,21.47576,21.69247,,,,
Gpr155,,13.5326,,13.5326,22.35687,20.31374,18.74577,20.31374
Atxn7l3,20.66353,21.05411,,20.85882,20.75107,20.83407,20.99272,20.83407
Ubtf,,,,,,,,
Mlx,21.71436,19.64621,19.47324,19.64621,,,14.16255,14.16255
Bpifb4,,,,,,,,
Lmo2,,,,,,,,
Lcn11,,,,,,,,
Qser1,20.228,17.05515,19.79203,19.79203,15.46314,18.97969,14.64346,15.46314
Mup2;Mup10,,,,,,,,
Zxdb,,,,,,,,
Rps6ka6,,,20.04647,20.04647,17.61705,17.21779,17.0365,17.21779
Clec10a,18.36457,,,18.36457,22.98696,16.6277,,19.80733
Kalrn,,,,,,16.38708,,16.38708
Chst10,,20.80593,20.23643,20.52118,22.76876,23.29922,22.63682,22.76876
Arfip1,17.20867,,,17.20867,19.33821,,,19.33821
Dennd3,19.21027,19.26107,17.65627,19.21027,18.42935,19.54076,18.4917,18.4917
Morn1,23.93751,22.94831,22.0448,22.94831,,,,
Chd6,22.27222,19.60982,22.62981,22.27222,21.63812,20.64869,22.00048,21.63812
G6pdx,,,,,,,,
Srsf12,,,,,24.50616,,22.97946,23.74281
Pm20d2,23.63356,22.54276,22.78875,22.78875,18.04761,18.96964,19.19253,18.96964
Mpdz,,,,,,,,
Tbc1d8b,21.90573,21.07209,22.31901,21.90573,21.86283,21.19634,20.2573,21.19634
Plcb2,22.84119,,17.4471,20.144145,17.8214,21.41349,21.40961,21.40961
Dhdds,,,,,22.042,21.76474,20.0794,21.76474
Hmgn2;Gm16494;Gm6594,32.03928,31.8186,31.94521,31.94521,27.08416,26.90942,26.46,26.90942
Cercam,,,,,,,,
Aff1,,,15.89344,15.89344,,,,
Nr3c2,,,,,,,,
Glt1d1,,,,,18.70927,,,18.70927
Cma1,,,,,24.28058,24.47128,24.62756,24.47128
Gbp4,22.05159,19.48901,20.45131,20.45131,,,,
Ppp1r11,,,,,,,,
Phf11,,,,,22.59762,22.24873,21.45674,22.24873
Nwd1,20.68594,20.0961,20.39613,20.39613,18.43323,17.2193,16.81741,17.2193
Nwd1,,,,,,,,
Phrf1,22.97698,20.52085,21.84215,21.84215,21.31529,21.55075,20.6015,21.31529
Gm266,,,,,,,,
Tcte1,22.49047,21.42629,21.08076,21.42629,,,,
Ppp1r12b,,,,,,,,
Sac3d1,21.15882,17.98638,22.16849,21.15882,24.25184,23.5335,20.93135,23.5335
Mmrn2,,,,,,,,
Ttc23l,22.38211,20.22364,21.63387,21.63387,21.20252,21.37013,19.60977,21.20252
Dennd4c,20.77604,17.5068,19.87215,19.87215,,,,
Kcnb2,,,,,17.07159,19.11034,18.21585,18.21585
Mapk8,21.03329,20.50833,20.59742,20.59742,19.30492,,19.60652,19.45572
Lepre1,25.32358,24.24256,24.26935,24.26935,25.13641,25.30744,16.25333,25.13641
Atrx,,,,,,,,
Usp43,,21.63489,23.10826,22.371575,22.20222,22.48249,21.78501,22.20222
Wdr76,,,20.81151,20.81151,,,25.62628,25.62628
Itih4,24.95149,25.00941,25.50072,25.00941,,,,
Fermt2,,,,,,,15.58467,15.58467
Aldoart1,,,,,,,,
Slc4a4,,,,,,,,
Hbz;Hba-x,,,,,22.20654,24.74067,23.7167,23.7167
Rnls,23.14898,,20.51085,21.829915,19.07522,,,19.07522
Gm8909,,,,,,,,
Rbbp4,,,,,,,,
Lsm10,,,,,,,,
Map7d1,,,,,,,,
Mgl2,,17.82296,,17.82296,,18.46826,,18.46826
Eno1,,,,,,,,
Slc45a1,,19.62164,,19.62164,21.35536,20.92723,20.88308,20.92723
Tmc8,19.32472,,,19.32472,21.87815,21.71041,22.1187,21.87815
Syngr2;Gm20708,29.96678,25.90196,26.42418,26.42418,23.38509,,23.9004,23.642745
Myt1,19.79489,,,19.79489,18.37967,19.75667,,19.06817
Scai,,,,,25.17782,24.28207,25.00002,25.00002
Sh3kbp1,,,,,,,,
Dmxl2,,,,,,,,
Zfp472,,,,,,,,
Atp7b,,,,,,,,
Krt36,,,,,,,,
Krtap4-9,,,,,,,,
Usp36,,17.81222,18.95651,18.384365,19.20877,19.16938,18.99637,19.16938
9/8/2015 0:00,,,,,,,,
Mllt6,,,,,,,,
Dlg4,,,,,,,,
Dnah9,22.20111,21.29832,20.45453,21.29832,18.75913,17.72201,17.80725,17.80725
Bcas3,,20.10687,20.55899,20.33293,,,,
Pecam1,,,,,,,,
Slfn9,,,,,16.42679,,13.47142,14.949105
Slfn8,,,,,21.6417,16.02618,17.8831,17.8831
Ssbp3,,,,,,,,
Zfp362,24.02301,19.53678,21.16245,21.16245,20.84805,21.86522,21.73347,21.73347
Ube2j2,23.13042,22.19994,21.94285,22.19994,20.58288,22.04437,20.98982,20.98982
Rasgef1c,,,,,,,,
Dus1l,,,18.88867,18.88867,15.96276,18.98426,17.58255,17.58255
Clcn5,20.98343,20.50436,19.65665,20.50436,21.46204,20.25937,21.53811,21.46204
Actg1,,,,,,,,
Adra1b,,,,,,,,
Mospd2,23.45839,22.1045,,22.781445,21.24673,17.57696,20.09133,20.09133
Nasp,,,,,,,,
Nfia,,,,,,,,
Ski,22.72157,19.56677,20.16999,20.16999,19.80426,20.58077,20.13157,20.13157
Ptpru,,17.49232,15.14792,16.32012,,,,
Cask,,,,,22.6098,,22.81962,22.71471
Mms22l,,15.85246,16.17968,16.01607,,,,
Mid1,24.03112,22.95934,22.1327,22.95934,20.54915,18.30675,20.05616,20.05616
Yipf6,24.60778,24.09055,23.36773,24.09055,23.11232,22.28314,22.25566,22.28314
Scml2,,,,,,,,
Mid2,21.72941,18.86154,19.61178,19.61178,,,,
Tbc1d2,19.1139,19.67002,19.98468,19.67002,14.96312,19.79842,15.35201,15.35201
Col4a6,22.81114,19.42407,22.03537,22.03537,,,,
5430402E10Rik;Gm14744,,,19.03106,19.03106,,,,
Kif16b,22.27355,19.95433,21.48846,21.48846,19.51728,22.21143,15.50566,19.51728
Pde4b,,,,,,,,
Tmem8b,,,,,20.88837,20.92013,19.16057,20.88837
Zfp462,19.78708,18.08576,19.34423,19.34423,22.78379,22.19147,21.19827,22.19147
Zfp462,,,,,,,,
Zfp462,,,,,,,16.77533,16.77533
Zcchc7,19.62489,20.23468,20.38385,20.23468,,18.0366,,18.0366
Akirin2,17.86894,,,17.86894,20.70312,20.18773,19.82679,20.18773
Runx1t1,17.5625,,,17.5625,22.50637,22.22223,20.89238,22.22223
Enthd2,21.62337,20.28376,,20.953565,19.73541,20.417,17.81685,19.73541
Nfx1,21.84376,21.55539,17.42292,21.55539,19.01411,20.47843,19.39559,19.39559
Plxdc2,,,,,,,,
Scn9a,,,,,17.89989,17.35724,17.62478,17.62478
Scn7a,20.44536,20.31407,18.59714,20.31407,20.54038,19.75734,,20.14886
Cobll1,18.13396,,,18.13396,,,,
Chmp6,,,,,,,,
Klhl4,24.83952,23.70134,23.56034,23.70134,19.94935,19.7719,16.25709,19.7719
Zrsr2,21.02621,20.83384,21.1047,21.02621,20.31959,19.31161,19.72657,19.72657
Oxr1,,,,,,,,
Triqk,,,,,,,,
Stat5a,20.49277,17.15808,22.6379,20.49277,,15.66661,,15.66661
Efhc1,24.18654,22.78473,23.19549,23.19549,,,,
Brpf3,18.92582,,,18.92582,,13.32811,,13.32811
Kctd20,,19.69456,,19.69456,20.58141,19.93474,19.78564,19.93474
Bcat1,,,,,,,,
Sox5,,,,,,,,
Sox5,20.07339,11.9394,15.02618,15.02618,20.23152,22.52413,21.00703,21.00703
Serinc2,,,,,21.89774,23.2165,21.38995,21.89774
Cpsf4,,,,,,,,
Cpsf4,,,,,,,,
Trpc1,,,,,20.90874,20.76093,18.81325,20.76093
Mdm1,,,,,,,,
Zbtb32,,,,,,,,
Usp42,18.92021,15.95005,18.18752,18.18752,17.12757,16.50883,,16.8182
Dip2b,,22.2725,21.05815,21.665325,21.61153,20.68423,20.74878,20.74878
Arhgap42,22.98372,21.51581,21.15703,21.51581,18.94381,,17.8734,18.408605
Ece2,,,,,,,,
Strn3,23.87221,23.23628,22.94222,23.23628,21.61167,21.53507,21.69226,21.61167
Slc6a5,,,,,,,,
Zfp236,,,,,,,,
Brpf1,,,18.55052,18.55052,19.12916,18.85453,21.12351,19.12916
Znf518b;Zfp518b,17.3795,,,17.3795,18.08374,17.50766,18.1016,18.08374
Jrkl,,,,,,,,
Rrn3,20.838,19.17407,19.64794,19.64794,19.82779,19.45577,19.1631,19.45577
Zfc3h1,16.78341,18.6934,17.07775,17.07775,21.23415,19.40906,19.10336,19.40906
Slc22a28;Slc22a30;Slc22a29,,,,,,,,
Tmem158,,,,,23.03113,22.71119,22.18662,22.71119
Prdm8,,17.69139,20.73091,19.21115,21.11318,21.07509,19.60223,21.07509
Ybx2,19.19506,,,19.19506,20.37486,,19.99424,20.18455
Unc13d,16.8881,,,16.8881,,,18.61007,18.61007
Trpm3,,,,,,,,
Gm5741,,,,,,,,
Zcchc24,25.06501,23.27185,24.49741,24.49741,,,,
Tagap,,,,,,,,
Abcc3,20.74796,20.78341,21.82143,20.78341,21.9556,21.81363,20.88867,21.81363
Zscan25,,,,,22.55492,22.41627,21.59473,22.41627
Ppp2r3a,24.19858,22.44609,22.22066,22.44609,17.61633,24.01018,22.31551,22.31551
Slc9a5,19.32045,21.00703,21.4803,21.00703,,,,
Sec14l5,,,,,,17.92213,17.81616,17.869145
Setdb2,,,,,,,,
Flvcr1,24.681,24.32862,23.81548,24.32862,18.03128,21.30969,21.01304,21.01304
Armc4,22.86053,22.28241,21.66101,22.28241,19.37694,18.96127,19.08291,19.08291
Wdr63,22.10457,20.5733,21.24945,21.24945,,,,
Pfkfb2,,20.28116,20.69404,20.4876,,,,
Phf11b,,,,,,,,
Nfatc1,22.41049,23.08982,22.32496,22.41049,17.23939,,16.66011,16.94975
Mgam,22.63369,19.67893,21.43979,21.43979,,,,
Ncoa5,17.96618,,,17.96618,,17.62235,17.83294,17.727645
9/8/2015 0:00,,,,,,,,
Tnrc6c,17.0295,,,17.0295,17.7264,17.48668,,17.60654
Stx16,,17.01378,19.93503,18.474405,,,,
Bpifa2,,,16.02332,16.02332,21.93618,19.70573,,20.820955
Tcea2,,18.82845,18.80537,18.81691,,,,
Abi1,,,,,20.51778,19.50331,19.7031,19.7031
Mlip,,,,,,,,
Dip2c,,,,,13.46608,17.59696,17.69839,17.59696
Tmprss5,,,,,,,16.99656,16.99656
Col14a1,21.81968,17.9208,18.59142,18.59142,19.93229,21.93844,17.62399,19.93229
Tatdn2,,,,,19.84282,20.38406,20.34863,20.34863
Cbfa2t3,,,,,,,,
Lst1,,,,,,,,
Cep57,21.05986,20.41039,19.93067,20.41039,,,,
Crebrf,24.22236,,19.76998,21.99617,,,,
Gm20547;Cfb,26.39764,24.44947,25.50522,25.50522,18.55262,19.53245,18.29701,18.55262
Zfp81,,,,,21.00731,20.18204,20.87027,20.87027
Hnrnpm,21.60241,20.56402,20.33309,20.56402,,18.48259,18.38659,18.43459
Itga9,15.07928,,18.11126,16.59527,20.66891,20.14457,,20.40674
Amotl2,22.57955,21.2535,22.36346,22.36346,,,,
Mettl20,22.02915,,,22.02915,,,,
Amn1,19.96127,20.88688,20.39268,20.39268,,23.15419,19.79398,21.474085
Zmat3,24.46214,24.11482,24.14903,24.14903,21.03046,21.90544,21.66358,21.66358
Dcp1b,23.75471,20.09494,,21.924825,21.76511,22.00463,21.49106,21.76511
Pms2,,17.11736,,17.11736,24.0231,23.38667,18.80259,23.38667
Vwa7,,18.67666,,18.67666,,,,
Tmem229a,,,,,20.34765,17.7407,19.51982,19.51982
S100z,,,,,,,,
Heatr2,26.39966,25.34702,25.14748,25.34702,21.22941,21.80164,20.94221,21.22941
Nhs,22.046,16.86605,17.47596,17.47596,19.23444,,,19.23444
Taf2,18.84117,19.08426,19.49318,19.08426,21.76203,19.96916,21.25298,21.25298
Krtap21-1,,,,,,,,
Tnik,21.38227,21.34949,21.68072,21.38227,,,,
Nlrc5,,18.37721,16.10187,17.23954,,,17.92978,17.92978
Thap1,,,,,,,,
Gimap4,,19.89617,19.29713,19.59665,,,,
Mbd3,,,,,,,,
Zzz3,,18.11248,20.95006,19.53127,,,,
Fzr1,19.82655,,,19.82655,21.78009,21.97736,21.62422,21.78009
Dhx34,,,16.68702,16.68702,19.20993,21.17475,18.23426,19.20993
Ric3,21.71398,21.03059,20.14208,21.03059,,,,
Celf6,,18.72544,17.72341,18.224425,24.02437,25.10641,24.87895,24.87895
Ncln,,,,,,,,
Asb10,,,,,,,,
Chpt1,22.5079,22.62109,22.33181,22.5079,,,,
Atp13a5,,,,,,,,
Fbxw7,,,,,19.60868,19.94249,19.41111,19.60868
Btbd8,20.1988,,,20.1988,,,,
1700026D08Rik,25.44114,23.24236,23.95065,23.95065,,,,
Msrb3,25.57063,26.04135,25.87816,25.87816,,,,
Mcf2l,,,,,18.72823,18.26508,,18.496655
Arhgap20,,,18.5867,18.5867,20.51229,20.91466,20.4868,20.51229
Inpp4a,,,19.64839,19.64839,19.17331,21.23058,,20.201945
Gm4950,,,,,,,17.60769,17.60769
Dgcr6,,,,,,17.26398,,17.26398
Tnni1,,,,,,,,
Rundc3b,,,,,,,,
Dpysl3,,,,,,,,
Mdfi,,,,,,,,
Ccdc13,,,,,,,,
Nell1,,,,,,,,
Chrdl2,,,,,,,,
Cops4,,,,,,,,
Cystm1,25.67783,27.89209,27.90081,27.89209,,24.92994,23.31479,24.122365
Kdm2b,16.59869,21.51143,23.86155,21.51143,20.59414,20.74345,19.64262,20.59414
Golim4,25.77984,25.22383,25.38268,25.38268,22.84265,23.39506,23.17484,23.17484
Trim56,,,,,,,,
Zfp963;Gm20422,,,,,,,,
3/1/2015 0:00,,,,,20.32036,20.9869,20.22553,20.32036
Dscc1;DSCC1,,18.26947,,18.26947,,18.25769,,18.25769
Ttll5,17.36256,19.65083,21.48463,19.65083,,11.85452,,11.85452
Tada2b,22.51463,21.16159,22.81012,22.51463,22.90354,21.97799,22.01601,22.01601
Capns1,,,,,20.56811,,,20.56811
Spsb3,,,,,,,,
Rps6kb2,21.22788,22.71961,22.64403,22.64403,22.50455,21.54985,21.92325,21.92325
Nell1,18.73991,,,18.73991,19.88338,19.44176,18.94298,19.44176
Mn1,,,,,,18.58435,,18.58435
Aldoa,,,,,,,,
Radil,24.2303,22.28385,23.41377,23.41377,21.2383,19.70624,20.7936,20.7936
Dgki,,,,,,,,
Blnk,,17.00383,17.82283,17.41333,19.55272,20.22729,20.45734,20.22729
Dlg2,,,,,21.06224,21.30408,,21.18316
Rasal2,,,,,,,17.97662,17.97662
Vsig10,23.0346,21.52124,21.71662,21.71662,,,,
Tm6sf1,,,,,,,,
Fanci,,,,,14.28569,14.66261,17.86266,14.66261
Skor1,,,,,,,,
Adamts17,,18.8752,18.96877,18.921985,21.86442,20.98405,19.11454,20.98405
Clec12a,,,,,,,,
Samd1,20.44567,,19.54589,19.99578,20.48168,20.32586,19.12434,20.32586
Ccdc170,21.54854,21.9251,21.26029,21.54854,,,,
Atp8b2,19.31807,,,19.31807,14.98611,15.34544,,15.165775
Polr3gl,,,,,,,,
Hyal1,22.77004,22.47058,20.14954,22.47058,21.78481,22.73117,20.80931,21.78481
Llph,24.60992,22.67517,23.8491,23.8491,17.33289,20.41152,19.01552,19.01552
Unc50,,,,,24.42182,23.53112,23.67573,23.67573
Slc35a3,18.89667,21.21359,22.97673,21.21359,,,,
Lonrf1,,,,,,,,
Ica;1300017J02Rik,,,,,,,,
Repin1,,18.45153,,18.45153,,,,
Lrr1,,,,,20.33451,19.79897,,20.06674
Disc1,19.14171,,19.88566,19.513685,18.02977,,17.58886,17.809315
Olfm4,,,22.5971,22.5971,,,,
Prdm10,20.38911,16.69982,18.0665,18.0665,21.86707,20.76644,20.8723,20.8723
Fam111a,21.85072,,,21.85072,,,,
Pex5l,,,,,,,,
Pex5l,,,,,,,,
Gm7293,,,,,,,,
Bcl7b,,22.86397,23.87933,23.37165,,,,
Iqck,24.24249,22.66575,22.92018,22.92018,,,,
Naa60,,,,,,,,
Smim14,,,,,22.77076,25.06431,23.67691,23.67691
Asic4,,,,,18.9764,,20.36826,19.67233
Obsl1,23.52755,22.86077,21.81628,22.86077,20.09648,21.7094,20.98787,20.98787
Znf32;Zfp637,,,,,19.70364,20.58344,,20.14354
Gm5239,23.60546,,,23.60546,16.34068,,18.51256,17.42662
Nfix,,,,,,,,
D430041D05Rik,,,,,14.02436,14.47915,13.20191,14.02436
Znhit1,,17.90136,18.38461,18.142985,,,22.09058,22.09058
Ucp2,,,,,,,,
Unc45a,,24.65807,24.54793,24.603,,,,
Tarbp2,23.3765,19.62341,,21.499955,23.02335,22.61009,22.14697,22.61009
Shank1,,,,,,,,
Shank1,,,,,,,,
Shc1,,,,,,20.56542,,20.56542
Lrrc16a,,18.07264,18.93856,18.5056,,,,
Sorbs2,,,,,,,,
Zc3h3;Gm7353,17.18979,,19.33617,18.26298,,,,
Aldh16a1,,,,,,,,
Trim59,22.21511,,20.01018,21.112645,16.07596,19.35184,18.16315,18.16315
Rsbn1l,18.34139,17.0116,,17.676495,20.97176,21.14158,20.84827,20.97176
Slc36a4,18.5616,,20.78692,19.67426,22.61248,22.72841,22.21128,22.61248
Actn4,,,,,,,22.12969,22.12969
1700009P17Rik,,,,,,,,
Tmem200b,,,,,,,,
Tgif1,21.3181,20.26109,20.7917,20.7917,,,,
Tpmt,,,,,,,,
Add1,,,,,,,,
Samsn1,20.1603,20.36901,20.42039,20.36901,20.35488,,14.72083,17.537855
Abcg3,,,,,,,,
Gm5069,,21.39686,23.80144,22.59915,,,,
Tmub1,23.84355,25.0503,24.02631,24.02631,25.08881,24.52856,24.99088,24.99088
Sec22c,,,,,,,18.81434,18.81434
Lgals7,,,,,,,,
Foxp2,,,,,,,,
Gm5519,,21.18507,,21.18507,,,,
Paqr3,23.61279,23.7292,22.50768,23.61279,,,,
Gm9847;Socs2,,,,,20.36848,19.87602,19.90547,19.90547
Gprin2,20.02526,20.26842,,20.14684,20.58141,23.20042,21.97102,21.97102
Mospd3,20.66726,,,20.66726,18.40133,21.07437,22.25595,21.07437
Cd209f,,,,,,,17.1336,17.1336
Trpv4,,18.61256,18.36427,18.488415,,,17.08825,17.08825
Git2,,,,,,18.98885,,18.98885
Ttc18,21.0071,18.87373,18.56819,18.87373,17.257,,,17.257
Mlec,,,,,,,,
Rnf10,,,,,21.47675,21.54764,21.45,21.47675
Gnb2,,,,,,,,
Cit,,,,,,,,
Nfu1,27.52522,26.19044,26.85626,26.85626,25.82119,25.79546,24.92551,25.79546
Shisa5,23.41222,,,23.41222,,,,
AI607873,19.97099,20.82687,18.07012,19.97099,18.58948,15.05676,,16.82312
Calhm2,20.01835,,18.02902,19.023685,,,,
Pard6a,,,,,22.38853,21.87328,21.66609,21.87328
Crem,22.99245,21.70375,,22.3481,,,24.80528,24.80528
Tnfaip8,,,,,,,,
Whsc1,,,,,,18.1996,,18.1996
Ino80e,24.16997,22.57057,24.21468,24.16997,,23.47098,20.13684,21.80391
Paip1,25.2549,24.30661,24.21319,24.30661,22.49902,21.81866,22.21632,22.21632
Clip1,,,,,,,,
Gm15440,,,,,,,,
9/1/2015 0:00,,,,,,,,
Bcl7c,,,,,,,,
Pira2,,18.2633,,18.2633,,,,
Lphn3,,,,,15.71304,16.11462,16.49004,16.11462
Sh2b3,19.59872,15.78167,,17.690195,,,,
Sh3bgr,,,,,,,,
Vat1l,,,,,,,,
Serpina3i,,20.74238,,20.74238,,,,
Ms4a15,,,,,,,,
Farp2,21.29154,20.4051,,20.84832,,,,
Celf5,,,,,24.61543,24.29446,23.381,24.29446
Rufy2,,,19.80916,19.80916,19.82611,19.2519,20.08434,19.82611
Il4i1,,17.84095,,17.84095,,,,
Tnfaip2,22.78111,22.92646,19.11535,22.78111,16.12533,,17.50758,16.816455
Prpf40b,,,,,,,,
Nkx6-2,,17.59288,,17.59288,,,,
Uox,,,,,,,,
Dlgap1,,,,,,,,
Eva1a,25.26628,24.88749,24.7517,24.88749,,,,
Dnase2;Dnase2a,23.98111,23.05089,23.55169,23.55169,,,,
Sgce,,,,,,,,
Kcnt2,,,,,19.87968,21.29547,12.81988,19.87968
Ltbp4,19.13538,,,19.13538,,,,
Ces1b,,,,,,,,
Rbm33,22.94219,22.1045,21.91762,22.1045,21.35864,21.38137,21.40671,21.38137
Plekhg2,21.86287,19.96944,20.63635,20.63635,19.39167,,17.44992,18.420795
Zfp740,,,19.56707,19.56707,,,,
Ighmbp2,20.60865,21.0879,21.39263,21.0879,21.68196,22.02709,21.61396,21.68196
Cpeb3,,,,,,,,
Fam124a,20.08913,,19.36053,19.72483,25.72174,25.82944,24.49954,25.72174
Gm15446;Zfp932,,,,,19.91614,20.64421,20.13684,20.13684
Mylk3,,,,,,,,
Iffo1,,,,,,,,
Tpd52,,,,,19.80922,20.49111,18.79921,19.80922
Gemin7,,22.59432,20.6784,21.63636,20.89519,21.30608,18.37467,20.89519
Adamtsl5,,,,,,,,
Dctn6,,,,,,,,
Dlgap1,,,,,,,,
Amd1;Amd2,22.53611,20.57782,,21.556965,20.53886,20.78469,20.49414,20.53886
Ctse,16.83984,,23.37292,20.10638,21.96162,22.42109,,22.191355
Iqsec2,,,,,,,,
Arhgdig,,,,,,19.74404,18.92709,19.335565
Gxylt1,20.41586,19.24839,20.11883,20.11883,21.12338,20.58334,20.14619,20.58334
Foxp4,,,,,19.26144,19.94292,19.65812,19.65812
Eif4e2,20.22282,17.58299,,18.902905,,,20.51152,20.51152
Boc,,,,,18.81143,18.87367,,18.84255
Mamld1,15.94112,,18.09342,17.01727,17.3075,,,17.3075
Lin37,,,,,,,,
Kiaa1524;C330027C09Rik,21.35219,19.13034,14.37972,19.13034,17.74787,19.24244,18.33272,18.33272
Eps8,,,,,,,,
Gsg1l,,,,,,,,
Paqr7,,,,,18.61953,19.09218,,18.855855
Igf1,,18.95328,,18.95328,,,,
Gls,21.55487,20.78852,21.64667,21.55487,22.12455,21.6853,21.26751,21.6853
Rad51,25.04914,14.79193,21.99061,21.99061,23.47988,21.38485,22.34085,22.34085
Slc16a11,,,,,,,,
Asxl2,,17.12354,17.82177,17.472655,,,,
Casp2,20.46433,,22.52791,21.49612,20.92687,20.20812,19.61321,20.20812
Pex11b,,,,,,,,
Mia;Gm21983,,,,,,,,
Manba,,,,,,,,
Wdr83,21.2447,20.83345,21.01584,21.01584,21.59277,22.00148,20.79186,21.59277
Ddhd1,,,,,,,,
Tmem50b,,,,,,,,
Dgkz,,,23.03979,23.03979,24.47686,24.46619,,24.471525
Iqsec3,,,,,,,,
Dirc2,25.30212,24.32079,24.70867,24.70867,23.24926,22.98765,23.77716,23.24926
Pttg1,,,,,,,,
Tmbim4,,,,,22.88202,23.34652,23.22631,23.22631
Flywch2,,,,,,,,
Ttc39b,,,,,,,,
Phkb,23.20646,19.17131,20.07692,20.07692,,,,
Psma3,,,,,,,,
Tmbim6,27.77329,27.37782,27.43762,27.43762,25.11989,23.45789,25.07419,25.07419
Ctnna2,,,,,24.22406,24.57196,23.35138,24.22406
Gm28043,,,14.79182,14.79182,,,,
Pcdh1,,,,,,,,
Eif2s2,21.96899,,,21.96899,,,,
Lypd1,,,,,,23.26198,,23.26198
Dnm3,,,,,19.43815,,18.65979,19.04897
Tmem167a;Tmem167,,,,,24.88893,25.37845,22.67101,24.88893
Pole4,,21.42039,,21.42039,,,,
Kctd17,19.67516,21.81636,,20.74576,21.6894,21.2972,20.85483,21.2972
Spef2,20.63547,18.42763,17.28202,18.42763,,,,
Filip1l,17.69873,19.58474,20.25407,19.58474,14.84769,19.90101,15.71269,15.71269
Desi2,21.42793,,22.75904,22.093485,23.05613,22.60668,22.26777,22.60668
Atrip,21.76328,,,21.76328,14.60241,13.64453,14.54061,14.54061
Vwa5b2,,,,,,,,
Kctd18,21.46673,,20.08187,20.7743,19.89944,20.66622,21.21815,20.66622
Nrxn1,16.72507,,15.70469,16.21488,,,,
Foxp1,,,,,,,19.2267,19.2267
Urb1,20.75581,19.57786,19.86679,19.86679,22.35958,22.50055,21.77109,22.35958
Kifc5b,19.88539,19.28428,21.00908,19.88539,15.53223,15.7711,17.24841,15.7711
Kctd9,21.87275,20.38205,22.68235,21.87275,21.19832,21.53678,21.45894,21.45894
Bri3,,,,,22.09526,,,22.09526
Fbrsl1,23.54898,22.34365,21.67422,22.34365,21.69893,21.66887,21.46787,21.66887
Zscan18,,,,,25.44228,25.66506,25.67069,25.66506
Ece2,20.64024,20.16668,,20.40346,16.14255,17.14011,20.85719,17.14011
Rbm26,,,,,,,,
Crls1,,,,,,20.682,21.2535,20.96775
Fnbp1l,,,,,,,,
Mycbp2,17.56689,15.17215,15.73251,15.73251,18.00146,18.25142,16.77172,18.00146
Cml1,,,,,,,,
Nrxn2,,,,,,,21.2287,21.2287
Ror2,20.73107,18.22562,,19.478345,19.83022,19.15887,17.51868,19.15887
Syde2,17.73608,,23.23983,20.487955,18.67242,,,18.67242
Btbd2,21.37311,,,21.37311,21.31689,,19.17319,20.24504
3110052M02Rik,,18.76205,18.71903,18.74054,18.43119,19.06705,,18.74912
Smim19,24.0535,24.02394,23.6084,24.02394,24.38936,21.84349,,23.116425
Fcgr3,,,,,,,,
Sox6,22.54571,20.6231,20.77322,20.77322,,18.35384,16.11093,17.232385
Mrps12,,23.37425,23.6193,23.496775,23.62366,24.67831,23.73397,23.73397
Pdzrn4,,,,,,,18.54815,18.54815
Fga,23.37478,21.33096,22.15755,22.15755,12.18134,,,12.18134
I830012O16Rik,21.70151,20.39927,21.56295,21.56295,,,,
Trim5,22.2383,23.49814,23.46026,23.46026,,,,
Ttc17,21.46946,22.74702,22.53675,22.53675,22.10098,21.65316,21.6413,21.65316
Akap13,20.62712,18.92966,19.59303,19.59303,18.71069,,,18.71069
Adcyap1r1,,,,,,,,
Gm9008;Rnf26,,,,,19.65762,,,19.65762
Map4k4,,,,,21.83792,,,21.83792
Aim1,24.6435,22.97801,21.29474,22.97801,18.54691,18.16212,17.91637,18.16212
Spats2l,25.15136,24.06702,23.70314,24.06702,21.97554,22.93812,21.35665,21.97554
Immt,,24.02191,24.29614,24.159025,,,,
Mki67,18.76377,16.8681,16.88846,16.88846,21.55609,20.57089,20.74698,20.74698
Trmt1,,,,,,,,
Tcf3,20.69328,,,20.69328,,,16.04371,16.04371
Myl1,29.71867,28.77906,29.73533,29.71867,25.95945,25.9691,25.66313,25.95945
Ncapg,,17.92143,16.47787,17.19965,22.31976,23.08195,21.1218,22.31976
Lmo3,,,,,21.39446,,,21.39446
Trim30d,20.55515,,,20.55515,,,,
4931408C20Rik,19.78726,17.32747,,18.557365,12.82241,12.30115,13.66156,12.82241
Evi5,18.3272,,,18.3272,,,,
BC052040,,17.53625,,17.53625,,,,
Adamtsl1,22.41627,21.437,20.57339,21.437,,,17.03896,17.03896
Zc3h7a,23.67573,21.1437,20.74616,21.1437,21.73446,21.54849,21.84311,21.73446
Mcph1,,,,,,,,
Krtap27-1,25.15031,,,25.15031,,,,
Kif6,24.51382,23.70757,22.88256,23.70757,,,,
Samd9l,21.4052,20.16091,19.70659,20.16091,20.8783,15.841,16.67576,16.67576
Hdac7,19.4867,21.85464,20.6543,20.6543,20.79994,18.47017,22.97493,20.79994
Nedd4l,22.50499,20.81237,,21.65868,21.71666,21.73335,22.02891,21.73335
Srp54c,20.66092,,20.22058,20.44075,,,19.95816,19.95816
Gm14446,21.64816,18.89377,21.22876,21.22876,,,16.90701,16.90701
Dlg4,,,,,,,,
Fam222b,,,,,,19.5031,,19.5031
Rab40c,20.33003,,20.31816,20.324095,24.55426,24.22413,22.73537,24.22413
Cul4b,,,,,,,,
Lcorl,,,,,,,,
Itga10,,,,,,,,
Tstd1,,,,,,,,
Erg,24.95003,24.63073,23.04001,24.63073,21.00895,,21.81726,21.413105
Erich1,,,,,,19.2215,,19.2215
Cntnap3,,,,,20.81621,21.10354,20.24144,20.81621
Ctage5,,,,,,,,
Lmo7,,,,,,,,
Pitpnm2,,,,,,,,
Ces1a,24.71329,22.16892,23.00684,23.00684,23.65392,24.69205,24.76253,24.69205
,23.27597,21.86684,21.76616,21.86684,20.27048,19.49088,20.71255,20.27048
Rsph10b,20.50727,18.26691,18.6245,18.6245,,19.45135,19.16842,19.309885
Chd5,,,,,15.32182,,15.82878,15.5753
Rnf168,20.1168,19.24681,18.8404,19.24681,18.35582,17.8388,18.11314,18.11314
Mark2,,,,,,,,
Wdr78,23.89532,21.16644,21.44577,21.44577,23.30911,,,23.30911
Trim34a,22.21074,19.26753,19.61346,19.61346,19.75944,17.83195,14.38707,17.83195
Zfp651,,,,,20.6971,20.94642,19.88931,20.6971
Rbms1,27.95975,26.39699,26.25514,26.39699,25.03091,26.77128,25.81091,25.81091
Brd1,19.9876,21.0561,20.57376,20.57376,20.1432,21.03355,20.68475,20.68475
Mitf,17.9117,18.78449,20.0125,18.78449,17.21712,17.60023,19.46734,17.60023
Tead1,22.25456,23.66416,23.59252,23.59252,20.20705,20.26717,19.76103,20.20705
Gm5093,,,,,17.36939,16.70482,,17.037105
Anp32e,,,,,,,,
Katna1,,,,,,,,
Irf9,23.13192,23.31631,22.35213,23.13192,,20.21122,17.35595,18.783585
Ndst3,,,,,22.03046,,,22.03046
Trim66,,22.17429,22.57589,22.37509,17.56443,,18.60005,18.08224
Papola,,,,,,,,
Gm4782,,,14.5107,14.5107,18.86185,,18.2091,18.535475
Fam196a,,,,,15.72361,14.81112,,15.267365
Myo9b,,,,,,,,
E2f5,23.02797,20.94664,20.83646,20.94664,18.05415,,,18.05415
Gm8730;Rplp0,21.55675,22.07848,21.59478,21.59478,26.64924,26.50705,26.28829,26.50705
Habp2,22.73151,22.38567,23.8101,22.73151,24.32732,23.9943,23.68228,23.9943
Arhgef11,21.72326,20.14196,20.97841,20.97841,,,,
Oxr1,17.23566,,15.26869,16.252175,,,,
,,,,,,,,
Hsp90ab1,,,,,,,,
Fuz,22.48478,18.99225,18.46873,18.99225,,,,
Neu2,,,,,,,,
Mx1,21.02134,24.27909,23.60919,23.60919,24.96825,24.71586,23.93903,24.71586
Samhd1,24.49283,,18.82342,21.658125,16.26092,,,16.26092
Araf,,,,,20.16276,21.52784,,20.8453
Pde7b,,,,,,,,
Anapc15,,,,,,,,
Abhd14a,19.22818,18.84132,,19.03475,21.03624,21.25286,21.15116,21.15116
Slc6a8,23.00541,21.86162,22.60175,22.60175,24.05225,18.63955,23.83036,23.83036
Fcf1,,21.96201,,21.96201,20.68859,22.53196,21.90984,21.90984
Hbp1,20.82718,21.03517,20.22952,20.82718,17.20734,19.25564,18.19969,18.19969
Sgk1,,,,,,,,
Ltbp2,19.62494,,,19.62494,,,,
Pdzd2,21.52258,19.62089,19.27876,19.62089,,16.88608,13.76715,15.326615
Rbak,13.33665,,,13.33665,14.4283,13.97969,,14.203995
Khk,24.85053,24.33395,24.86131,24.85053,19.82989,20.48148,,20.155685
Lrp3,,,,,23.63821,23.43873,24.26435,23.63821
Cpne5,,,,,,,,
4732456N10Rik,27.02549,24.9608,26.32965,26.32965,,18.84834,,18.84834
Gm14548,,,,,,,,
Dennd1b,20.3811,21.01733,21.23696,21.01733,15.93985,18.35582,20.813,18.35582
Ice1,17.81834,,16.90513,17.361735,16.1332,,17.50866,16.82093
Acbd4,21.61405,,,21.61405,,,,
Hrh3,,,,,,,,
Ncor1,17.65648,17.44249,,17.549485,,,,
Inpp4b,17.07243,,,17.07243,,,,
Rapgef3,23.74602,22.46473,22.90211,22.90211,,18.70742,18.00289,18.355155
Krtap11-1,,,,,,,,
Tanc2,,,,,22.11791,23.0496,23.78277,23.0496
Dlg2,21.9105,21.54778,22.03453,21.9105,,,,
Zfp867,,,,,19.58764,19.66518,19.28638,19.58764
Brwd1,,20.93531,20.84667,20.89099,17.12797,17.98437,16.78647,17.12797
Ulk4,24.71644,23.30062,21.08842,23.30062,,16.2303,,16.2303
Zfp266,22.44071,20.6465,,21.543605,20.44819,20.40447,20.09648,20.40447
Cecr2,19.23937,20.01563,21.27048,20.01563,,,,
Baz2a,19.74575,16.19725,19.87248,19.74575,18.30657,17.3099,21.65023,18.30657
Cd1d1,,,,,,,,
Cdh19,,,,,21.65115,15.2957,,18.473425
Pogk,,,,,,19.62257,19.63773,19.63015
Peg10,26.067,24.36513,24.76785,24.76785,19.61144,18.70408,20.15882,19.61144
Apopt1,21.54406,17.652,,19.59803,22.19063,21.92419,21.62952,21.92419
Spata13,25.51776,23.54168,23.16887,23.54168,21.82862,21.2596,21.60177,21.60177
Itsn1,,,,,,,13.27132,13.27132
Myo6,25.37527,22.26737,22.60892,22.60892,21.34933,20.88844,20.29289,20.88844
Zfp169,,,,,,,23.23374,23.23374
Gm10073,,,,,22.04677,23.07607,,22.56142
Kif14,13.42312,11.96733,13.23878,13.23878,15.46461,18.48782,16.98571,16.98571
Mvp,21.7383,20.84827,21.30101,21.30101,18.42874,,,18.42874
Dlg4,,,,,,,,
Apob,22.78772,18.94166,21.43471,21.43471,21.3399,18.68428,17.02724,18.68428
Klra2,,,,,,,,
Tpm1,,,,,,,,
Tpm1,28.50737,25.953,27.4311,27.4311,,23.18389,,23.18389
Zfp160,18.29545,,,18.29545,,18.51005,23.77505,21.14255
Akap13,23.88017,22.00241,22.52705,22.52705,20.15178,20.74246,19.15477,20.15178
Tfb2m;Gm1818,19.75992,21.41251,19.1966,19.75992,20.41978,20.39163,19.83569,20.39163
Sncaip,,,,,17.00536,19.44451,16.41662,17.00536
Dennd2c,,,,,,,,
Klhl18,,,,,22.06454,21.42614,21.6313,21.6313
Tmem44,,,,,,19.78746,19.92548,19.85647
Fam102b,22.36967,21.75152,24.7542,22.36967,23.02086,23.69424,23.11612,23.11612
Nin,19.70644,19.64491,18.7266,19.64491,23.56813,23.71146,22.3444,23.56813
Arhgap19,,,,,,,,
Ccdc71l,20.83043,20.408,19.30193,20.408,22.05321,,21.93826,21.995735
Eps8l1,,,,,,,,
Acacb,19.27328,20.31141,21.64724,20.31141,17.98588,18.39983,20.5574,18.39983
C2cd3,15.95805,19.00517,18.11426,18.11426,17.47556,17.15798,16.01611,17.15798
Uimc1,21.99662,,,21.99662,21.11858,20.8511,20.76822,20.8511
Hnrnpd,,,,,,,,
Actb,19.21364,,,19.21364,,,,
Pcdhb9,18.463,18.74258,,18.60279,21.74078,22.50455,22.04019,22.04019
Kif23,20.9534,18.36277,20.0979,20.0979,20.0125,18.54299,19.57156,19.57156
Zfp820,22.09857,23.57565,23.5087,23.5087,,,,
Eng,,19.38155,,19.38155,19.06844,,,19.06844
Tpm3,,,,,,,,
Cyp2c44,,,,,,,,
Glyatl3,29.24364,28.59185,,28.917745,,24.99882,24.65349,24.826155
Clk2,21.56342,19.78147,,20.672445,22.44892,22.07731,21.14656,22.07731
Reps1,,,,,,,,
Sema3a,,15.08742,,15.08742,21.51085,22.1029,20.61764,21.51085
Camk1g,,,,,19.4157,15.65846,18.9241,18.9241
Robo2,17.3169,,17.95032,17.63361,,,,
Prdm15,19.88682,20.99755,20.49277,20.49277,19.36472,18.19571,18.79817,18.79817
Bptf,,,16.5372,16.5372,18.37547,18.03993,18.38776,18.37547
C1s1,22.32504,19.6603,19.88812,19.88812,,,,
Ttll7,,,17.67666,17.67666,17.79189,18.50312,,18.147505
C6,20.05854,17.41518,17.94106,17.94106,16.60945,,,16.60945
Simc1,,,,,19.12795,18.76652,19.14753,19.12795
Il1rap,,,,,,,,
Tmem40,,,,,,,,
Pibf1,23.06822,22.89844,22.23704,22.89844,15.42407,,,15.42407
Btbd10,,19.37479,18.93356,19.154175,23.12106,22.68509,22.24664,22.68509
Lilra6,,,,,,,,
Rap1gds1,,,,,18.96677,21.18229,,20.07453
Zfp597,,,,,,,,
Mapre2,22.89898,23.74468,23.58887,23.58887,23.54321,23.2727,23.92497,23.54321
Cul5,,,,,,,,
Tmem194a;Tmem194,24.94717,22.62246,23.0477,23.0477,21.34061,20.74082,18.76108,20.74082
Pou2f1,24.40139,21.3424,,22.871895,,,,
Plod2,25.13136,23.80233,22.04843,23.80233,20.3581,19.67735,20.0961,20.0961
1700030K09Rik,21.33222,20.02486,21.46154,21.33222,21.01638,,,21.01638
G2e3,,18.72421,,18.72421,,,,
Prr14l,21.38031,21.17846,21.48227,21.38031,,18.50001,17.90425,18.20213
Rnf169,21.97498,20.32948,20.93553,20.93553,,,,
Bahcc1,,,,,,,,
Mettl17,,18.6664,19.10144,18.88392,22.11118,22.49197,21.912,22.11118
Gal3st4,,24.29565,23.74632,24.020985,19.98621,21.98277,,20.98449
Dnah11,25.44806,20.50019,20.29098,20.50019,17.25571,19.34019,18.31575,18.31575
Cacna1i,,19.47251,,19.47251,13.26427,16.56775,,14.91601
Rhpn1,25.98398,20.6054,20.82104,20.82104,,,,
Wdr96,18.14455,17.55427,18.51961,18.14455,,,,
Synj1,,,,,,,,
Zfp106;Znf106,19.24486,18.53131,18.6838,18.6838,18.93759,19.28627,17.80177,18.93759
Heg1,24.14903,23.68057,24.27569,24.14903,,15.50463,17.93664,16.720635
Foxm1,,,,,20.47803,18.24047,,19.35925
,,,,,,18.5962,19.80529,19.200745
Immt,,,,,,,,
Serhl,,,,,,,,
Zfp108,22.42627,21.89519,22.17868,22.17868,18.76649,,19.06055,18.91352
Nfxl1,23.97797,23.97518,24.03196,23.97797,22.1602,21.98322,21.24028,21.98322
Zfp358,,,,,21.88577,20.72775,17.84384,20.72775
Rgl1,20.89837,20.08031,18.81115,20.08031,20.48168,22.58845,19.56521,20.48168
Clasp2,22.97337,,21.91287,22.44312,20.67754,,,20.67754
Pdlim5,27.33509,26.74278,27.11008,27.11008,,,,
Zbtb10,21.25419,18.43559,20.68594,20.68594,15.84144,20.31893,,18.080185
Smim13,,24.90894,,24.90894,27.95199,27.77134,27.59442,27.77134
Cpeb2,,19.84261,,19.84261,,,,
Trim12c,25.02834,23.68827,23.63788,23.68827,,16.91823,17.6701,17.294165
Tcf7l2,,,,,,,,
Snap91,,,,,19.4187,,,19.4187
Oas2,21.39603,20.48286,20.42634,20.48286,,,,
Ablim1,22.72523,,22.17136,22.448295,,,,
Ablim1,,,,,,,,
Cd84,18.21091,,,18.21091,,,,
Kcnq5,22.58355,,18.90113,20.74234,21.28574,22.27088,20.71842,21.28574
Edrf1,19.45595,22.03204,,20.743995,20.06684,20.39467,19.47076,20.06684
Kif1a,,,,,,,,
Cep290,20.81049,22.5276,21.48114,21.48114,21.81581,21.41926,21.39,21.41926
Pwwp2b,,,,,,,,
Ino80d,20.01754,,17.65376,18.83565,24.5122,20.05999,18.19412,20.05999
Ddx55,22.45393,20.68774,22.31399,22.31399,21.70345,21.51234,21.13984,21.51234
Ccdc74a,24.25046,23.22854,22.57741,23.22854,21.11235,21.43644,18.83238,21.11235
Ms4a7,,,,,,,,
Rxrg,,,,,17.42669,16.51191,17.03338,17.03338
Slc27a6,,,,,19.74644,22.85937,22.17381,22.17381
Ncor1,,,,,,,,
Tacc2,21.4207,21.2397,,21.3302,18.29064,18.70873,16.42331,18.29064
Inpp4a,,,,,,,,
Ccdc93,,,,,,,,
Nckap5,20.41369,19.65634,19.43196,19.65634,18.86538,17.2905,,18.07794
Rad51d,,,,,17.692,16.69629,,17.194145
Golgb1,21.20335,19.51264,19.38243,19.51264,,,,
Arhgap17,22.51441,20.13696,,21.325685,,18.28306,,18.28306
Pik3c2b,19.93919,17.90036,,18.919775,21.70978,21.83314,21.3257,21.70978
Ifi203,,,18.9119,18.9119,,,,
Taf4a,23.07145,21.86563,21.30279,21.86563,20.17536,17.07211,19.3472,19.3472
Oprm1,22.44372,,21.36062,21.90217,,,,
Naf1,24.92841,22.24484,21.89527,22.24484,20.57478,19.79163,19.61849,19.79163
Sft2d3,21.09016,21.71226,20.72825,21.09016,,,,
Papd5,19.61856,,18.211,18.91478,19.82893,19.79022,20.3444,19.82893
Sh3bp2,,,,,,,,
Ablim1,,,,,,,17.07043,17.07043
Mpz,,,,,,,,
Mdc1,23.60003,22.07421,21.56876,22.07421,21.42363,20.28715,20.87162,20.87162
Cux1,19.60502,16.3341,,17.96956,18.51661,17.51515,18.63392,18.51661
Katna1,20.55018,19.70259,19.1513,19.70259,21.28506,20.95511,20.77644,20.95511
Cenpe,14.15118,18.1433,,16.14724,,,13.05452,13.05452
Rad54l2,22.21747,23.11951,24.76405,23.11951,20.30251,20.16411,19.91669,20.16411
Knop1,21.26333,17.56003,18.40108,18.40108,,,,
Enah,,,,,,,,
Ttc23,22.92423,20.43064,21.10175,21.10175,19.02923,,17.81722,18.423225
Fgd5,20.36185,19.75532,,20.058585,17.0295,17.27912,17.31823,17.27912
Nupl2,24.59349,22.73347,23.21789,23.21789,18.94829,19.61031,19.71719,19.61031
Nalcn,,,,,,,,
Trim9,19.43669,,18.52997,18.98333,20.15462,,20.20538,20.18
D8Ertd82e,23.44493,21.96144,22.38553,22.38553,,18.46706,18.58773,18.527395
Med13l,15.1709,,,15.1709,20.82772,20.33789,20.64957,20.64957
Trim39,,18.40736,,18.40736,20.02378,19.85808,20.86318,20.02378
Rnaseh1,,,,,,,,
Pde3b,21.22688,19.97491,20.14544,20.14544,21.82349,22.63735,22.56892,22.56892
Rab29,24.88358,23.70366,24.44752,24.44752,21.87901,23.09031,,22.48466
Igf2,23.56929,22.81683,20.2798,22.81683,,,,
Enah,,,,,,,,
Bak1,24.39342,23.7214,24.36379,24.36379,21.50644,23.0193,21.01801,21.50644
Ube2ql1,,,,,,,,
Zfhx3,,16.69697,,16.69697,15.61137,17.80278,15.90846,15.90846
Nsl1,17.93715,,,17.93715,,,,
Osgep,,,,,,,,
Apobec3,12.76767,19.49356,20.82408,19.49356,19.77539,,,19.77539
Ikbip,25.69583,23.89338,23.53184,23.89338,,14.77777,15.56947,15.17362
Dock9,,,,,,15.64106,,15.64106
Kif7,20.05351,17.22628,,18.639895,18.91759,,,18.91759
Shroom3,26.79774,25.97861,25.97496,25.97861,17.2336,,19.18959,18.211595
Srgap3,,,,,,,,
Lhx6,,,,,,,,
Pcnxl4,16.38349,,19.07488,17.729185,19.58397,17.62071,18.60758,18.60758
Setd8,,,,,,,,
Lrrcc1,19.37802,20.05046,20.58279,20.05046,16.08655,16.34691,,16.21673
Pi16,,,,,,,,
Sult1a1,,,,,,,,
Macf1,19.19564,16.2602,17.92625,17.92625,18.89217,18.71652,17.97807,18.71652
Hrnr,,22.34817,21.32828,21.838225,16.86846,18.70364,,17.78605
Myl10,,,,,,,,
Cic,,,,,,,,
Gadl1,,,,,,,,
Apoc3,,,,,,,,
Tmem132c,19.14156,,,19.14156,,,,
Med16,24.03271,20.47269,21.8108,21.8108,22.79911,21.9518,22.88675,22.79911
Kiaa1432;C030046E11Rik,21.0833,20.28387,20.06316,20.28387,21.26934,21.26619,21.4866,21.26934
Cct6a,,,,,,,,
Wdhd1,13.87978,18.91584,,16.39781,21.3783,19.71337,21.49082,21.3783
Znf664;Zfp664,,,,,,,,
Kiaa0232;D5Ertd579e,17.66018,17.74754,19.64246,17.74754,,,16.29519,16.29519
Cgref1,24.66123,21.41916,,23.040195,21.11439,21.84571,21.73678,21.73678
Atr,18.3393,17.7512,16.70144,17.7512,19.09936,17.48133,18.26696,18.26696
Ccdc106,,,,,18.72364,21.61576,19.42337,19.42337
Peli2,21.83946,20.43543,,21.137445,20.88859,21.16895,20.48306,20.88859
Mrpl48,,,,,,,,
Dscaml1,20.45181,19.02402,19.56464,19.56464,19.61721,17.91754,19.30345,19.30345
Zcchc9,21.32207,,25.20419,23.26313,18.75525,,,18.75525
Eif2ak3,22.74653,19.48925,20.92318,20.92318,19.98468,20.2227,19.34798,19.98468
Prx,,,,,19.02953,18.67666,18.58277,18.67666
Sorcs1,,,,,,,,
Tcf7l2,22.26379,21.57782,20.67263,21.57782,,,18.62607,18.62607
Setbp1,,,,,17.30394,16.87867,,17.091305
Chodl,,,,,,,,
Serpina3g,,,,,,,,
Vma21,,,,,,,,
Herc6,25.98683,25.22288,22.36762,25.22288,25.27149,23.55848,23.30229,23.55848
Raph1,,,,,18.92781,19.38349,19.20567,19.20567
Usf2,22.7555,22.58596,22.98739,22.7555,23.72036,23.75888,24.23133,23.75888
Klhl5,,,,,,,,
Jmjd8,22.71925,,21.50974,22.114495,21.47368,22.21312,22.3374,22.21312
Macf1,21.43293,20.18423,19.60259,20.18423,19.50829,19.29578,18.70266,19.29578
Mthfs,,,,,,,,
Rps6ka1,,15.34921,14.58754,14.968375,,,,
Ubr3,19.57095,17.04676,,18.308855,19.12472,19.22046,18.62064,19.12472
Nap1;5830415F09Rik,,,,,,17.95106,,17.95106
BC007180,21.31307,20.61558,20.4342,20.61558,,,,
Zcchc10,25.86134,25.52064,25.64537,25.64537,,,25.75865,25.75865
Plec,19.98301,18.53928,,19.261145,,,,
Nr4a3,,20.5468,,20.5468,20.90338,20.98676,20.88569,20.90338
Slc35a1,24.81318,24.10789,23.96895,24.10789,,,,
Ep400,22.46301,,22.86529,22.66415,,,,
Gm340,18.18156,,17.00657,17.594065,,,,
Ndfip2,21.58706,,,21.58706,23.32828,23.87211,23.42573,23.42573
Ankhd1,22.99341,22.97619,22.86022,22.97619,,,,
Ppp2r2d,,,,,,,,
Atraid,,,,,,21.73173,21.94535,21.83854
Galntl6,,20.64033,21.93106,21.285695,18.45687,18.36875,,18.41281
Pik3ip1,26.57615,24.28107,24.52169,24.52169,22.16815,21.97067,,22.06941
3010026O09Rik,,,,,17.15956,,20.20144,18.6805
Sik3,,,,,,,,
Pdcd2l,23.16955,,21.87429,22.52192,,20.48689,,20.48689
Ncor2,,,,,19.21174,,17.50269,18.357215
Mycbp2,,,,,,,,
Sf1,22.97799,16.3233,22.99246,22.97799,17.53344,18.30781,16.93076,17.53344
H2-T22;H2-T10;Gm11127,,,,,,,,
Fbxo11,,,,,,,,
Mtmr1,21.45939,,18.95003,20.20471,19.57825,,,19.57825
Lmo7,19.76756,18.72604,18.30296,18.72604,,,,
Cript,,,,,,,,
Ighg2c,,,,,,,,
Maml2,21.90146,17.33228,,19.61687,,,,
Atxn2,,,,,18.24465,,,18.24465
Mfsd6,,,,,,,20.7021,20.7021
Rreb1,,,,,,,,
Kcnq2,,,,,,,,
Col20a1,20.94785,21.22723,19.91246,20.94785,22.06207,,17.86617,19.96412
4933403O08Rik,,20.38216,20.81621,20.599185,,,,
Maml1,19.91678,,,19.91678,16.26638,22.29516,22.61259,22.29516
Klc1,21.05338,18.07316,,19.56327,,,,
Atg2a,,,,,,,,
Atf6,19.1287,17.48251,,18.305605,,,,
Mus81,,21.1622,21.94732,21.55476,16.43018,,,16.43018
Bcas3,,,,,,,,
Sgip1,,,,,,,,
Hnrnpdl,,,,,,,,
Lgals3bp,24.66378,25.57404,25.97631,25.57404,,20.45714,19.08364,19.77039
C030048H21Rik,22.09664,,,22.09664,,,,
Chd8,22.65809,21.8562,21.26493,21.8562,,,21.8321,21.8321
Ighe,24.83528,28.50085,,26.668065,,,,
Dnm1,,,,,,,,
Pvrl4,,,,,,,,
Gstm1,,20.71146,20.12022,20.41584,,,,
Lphn3,,,,,17.28292,,,17.28292
Git2,,,,,19.1696,19.00405,19.35419,19.1696
Epha10,,,,,,,,
Macf1,,20.40374,20.01781,20.210775,,,,
Synj1,,,,,,,,
E030010N08Rik,25.92549,24.88283,24.66476,24.88283,,,,
Zfp827,,,,,,,,
Ppp1r12c,,,,,,,,
Gm21970,21.95826,21.47442,18.39611,21.47442,,17.67066,,17.67066
Impdh1,,,,,,,,
Ppp1r35,25.02433,28.84341,28.71509,28.71509,,21.99845,29.79445,25.89645
Tbp;Tbpl2,,,,,19.32586,19.32509,18.22256,19.32509
Srebf1,22.25508,20.91057,19.52151,20.91057,,,,
Nrxn2,,,,,21.61966,21.45899,22.10197,21.61966
Ptprf,,,,,19.99852,19.86384,18.76289,19.86384
Vstm2a,16.93802,,,16.93802,,,,
Ctsd,,,,,,,,
Macf1,,,21.1278,21.1278,,,,
Dzip3,23.59798,22.10165,22.04883,22.10165,22.37629,17.84291,21.69,21.69
Strn,,,,,,,,
Senp6,21.62484,19.19825,20.53725,20.53725,19.09684,19.49523,19.13441,19.13441
Wiz,20.33156,16.31189,,18.321725,,,20.08797,20.08797
Myo18a,,,,,,,,
Tnrc6a,22.91643,22.80014,,22.858285,20.45714,18.08654,18.3803,18.3803
Numa1,22.18532,20.67934,22.09755,22.09755,18.26838,19.81315,,19.040765
Mtdh,21.26408,,,21.26408,,19.33162,,19.33162
Slc1a2,,,,,,,,
Dync1h1,,,,,,,,
Atp2b4,,,,,,,,
Zfp433,,16.28766,,16.28766,23.57288,23.09997,22.35375,23.09997
Phrf1,,,,,17.45266,17.11929,,17.285975
Nkain4,,24.93012,25.95998,25.44505,,,,
Slc45a4,,,18.58027,18.58027,18.36786,17.10922,15.6865,17.10922
Mier3,21.42522,,18.60625,20.015735,20.42562,,18.78363,19.604625
Morc3,22.43832,24.30389,24.40536,24.30389,23.38706,22.91993,22.92171,22.92171
Tspan15,23.35488,24.01563,24.32547,24.01563,18.80669,17.70516,15.31107,17.70516
Glud1,,22.40671,22.36808,22.387395,,,,
Ahnak2,23.40406,22.37058,22.345,22.37058,,,,
Plaa,21.38785,20.72034,20.99652,20.99652,,,,
Mtss1l,,,20.06224,20.06224,,,,
Atp5o,,,,,,,,
Slain1,,,16.03523,16.03523,22.14532,21.85453,17.55734,21.85453
Rfxap,23.07163,,18.87108,20.971355,,,,
Wdr26,,,,,,,,
Rfx7,,,,,,,13.56605,13.56605
Hivep1,18.64192,16.63027,17.94335,17.94335,17.20189,16.18313,13.24812,16.18313
Lmod1,26.23169,23.90527,24.37252,24.37252,18.35294,,21.74804,20.05049
Fbxw9,25.52809,24.79452,24.38588,24.79452,24.81958,25.27909,24.88707,24.88707
Taf5,22.43543,19.42908,19.1802,19.42908,22.02154,21.32548,21.59623,21.59623
Ercc6,17.88953,16.47164,21.14327,17.88953,20.03497,20.37677,18.60603,20.03497
Gltscr1,20.18338,,18.28044,19.23191,17.62107,17.88947,16.62728,17.62107
Ltbp3,21.57196,21.18277,19.19347,21.18277,15.93933,15.43411,15.8357,15.8357
Iqgap3,17.83929,,,17.83929,17.05325,10.37101,17.46858,17.05325
Krtap19-5,,,,,,,,
Map3k1,18.44253,,,18.44253,18.61594,18.66899,17.99026,18.61594
Npas3,25.54236,22.95138,23.15677,23.15677,21.75951,21.72092,21.44678,21.72092
Npcd,21.14283,17.5657,17.44135,17.5657,21.35364,20.37156,20.39665,20.39665
Kif21b,,,,,18.08892,17.94781,20.39467,18.08892
H2-T24,25.5228,24.35521,25.41889,25.41889,17.9138,18.50936,18.04035,18.04035
Trpc2,18.3688,,,18.3688,,,,
Nek3,23.82619,22.94762,23.13793,23.13793,20.54038,19.07025,19.41468,19.41468
Slc35b3,,,,,,,,
Abca8a,,,,,19.13024,21.16552,19.87093,19.87093
Phf21b,24.68598,24.56686,24.879,24.68598,,,,
Stxbp2,,17.86018,18.12151,17.990845,,,,
Igfbp7,24.80877,22.96088,22.59439,22.96088,,,,
C1qtnf5,27.93927,27.61884,27.19385,27.61884,24.53588,24.65845,18.60422,24.53588
Stag1,,,,,,,,
Ecm1,22.90019,23.21976,23.11633,23.11633,,18.0442,18.59874,18.32147
Bclaf1,,20.86075,,20.86075,18.50378,18.75942,19.1613,18.75942
Kmt2c,18.64407,20.89319,22.08317,20.89319,13.77602,14.90835,14.09135,14.09135
Ak7,24.4025,24.41848,23.91132,24.4025,18.58244,13.23761,,15.910025
Spp1,23.58932,19.67523,20.48277,20.48277,18.98262,18.08244,18.59827,18.59827
Itih1,26.91775,25.34093,26.73531,26.73531,19.41545,18.59288,15.7406,18.59288
Kmt2b,17.35784,13.79938,17.18263,17.18263,18.5442,18.37873,17.76617,18.37873
Cdc45,,17.09032,18.07812,17.58422,,,,
3/3/2015 0:00,20.93611,20.86401,20.26086,20.86401,20.84353,,20.22647,20.535
Mex3b,18.08062,,,18.08062,17.39933,,19.60805,18.50369
Samhd1,,,,,,,,
Cd300lb,,,,,,,,
Elk3,18.47195,,,18.47195,,,,
Nol4,,,,,,,,
Cdadc1,21.21401,18.80713,19.84863,19.84863,19.79804,20.414,,20.10602
Mcc,,,,,,,,
Zbtb25,24.14422,23.04392,23.0756,23.0756,,,,
A230065H16Rik,24.00213,21.06019,20.90734,21.06019,,,,
,,,,,,,,
Susd5,,,,,,17.51753,,17.51753
Insc,,,,,,18.89386,18.37067,18.632265
Cyp4f17,22.23967,21.10438,19.50392,21.10438,,,,
Myh2,,20.3626,,20.3626,,,,
Tonsl,19.27501,,,19.27501,18.71035,16.48445,18.85562,18.71035
Erh,,,,,20.69592,,18.77285,19.734385
Gm17455,24.91438,24.16622,24.52666,24.52666,,,,
Znf423;Zfp423,20.17646,20.44162,18.59252,20.17646,,,,
Trps1,21.61549,20.00154,19.20161,20.00154,,,,
Tmem255b,,,,,,,,
Naalad2,,14.84294,19.73438,17.28866,16.33134,,16.79601,16.563675
Runx1,21.53136,21.37183,21.80377,21.53136,19.12371,17.69486,,18.409285
Bdh2,28.30413,26.97651,27.26437,27.26437,,23.78856,,23.78856
A330050F15Rik,,,,,,,,
Fam168b,,,,,24.76071,24.19761,,24.47916
Sumo3,28.2575,27.87713,27.86272,27.87713,25.4829,,25.41393,25.448415
Icam2,,,,,21.71523,22.29033,,22.00278
Ppp2r1a,,,,,,,,
Abl2,,,,,,,,
Map2,,,,,,,,
Baz1a,20.78141,20.03617,20.59487,20.59487,17.77146,17.53085,15.28331,17.53085
Smarca4,,,20.21193,20.21193,19.22055,19.16207,18.86248,19.16207
Adamtsl3,21.1237,22.28127,22.75371,22.28127,16.15415,15.03995,15.13475,15.13475
Tmcc1,,,,,,,,
Tmem127,,,,,23.70967,24.21586,23.73985,23.73985
Fap,15.52922,,,15.52922,19.40663,21.69362,18.94647,19.40663
Lgr5,,20.10508,19.50036,19.80272,19.88044,14.76539,13.61586,14.76539
Gypc,27.77769,25.79273,25.6887,25.79273,,,,
Pabpn1,26.71319,25.99673,25.82866,25.99673,24.16062,23.65567,24.93997,24.16062
Usp9x,22.84347,,,22.84347,,22.96054,,22.96054
Ccnb1,20.22976,19.60223,18.69999,19.60223,,19.28093,18.26756,18.774245
Ptprd,20.27821,18.81503,17.55742,18.81503,15.874,16.2994,16.55382,16.2994
Erich3,20.4173,18.33084,,19.37407,18.49732,17.69656,,18.09694
Chek1,,16.80398,,16.80398,18.35888,,,18.35888
Xbp1,,,,,,,,
Serpinb10,23.23169,21.31921,19.37816,21.31921,21.98822,19.9912,20.64808,20.64808
Prrx1;Prrx2,,,,,,,,
Map2,,,,,,,,
Map2,,,,,,,22.89863,22.89863
Brsk2,,,,,19.16204,,,19.16204
Tubb5,,,,,,23.72318,21.47645,22.599815
Slc5a5,,,,,,,,
Sp1,25.72964,24.69636,25.1372,25.1372,22.42232,,,22.42232
Cabin1,21.54647,20.07835,20.02648,20.07835,20.28613,19.00533,19.65272,19.65272
Cp,27.58162,24.44443,23.75032,24.44443,,,,
Pax2,,,,,,,,
Rrnad1,,,,,14.83467,13.85643,,14.34555
Brf1,,,17.70131,17.70131,21.25505,21.40598,21.47115,21.40598
Tsen15,,,,,,,,
Serpina3n,,,,,,,,
Rnf219,,19.15882,,19.15882,,,,
Osmr,26.10384,25.34096,25.28944,25.34096,18.91105,16.94729,18.25082,18.25082
Slc27a3,,,,,23.40119,23.50978,23.65196,23.50978
Tlr2,25.00355,23.89763,23.02288,23.89763,19.48393,15.69297,16.7478,16.7478
Arhgap39,20.68175,19.00119,19.01111,19.01111,,,,
Wdr70,23.55368,20.48493,21.32152,21.32152,22.21356,23.17473,23.21199,23.17473
Kat6a,20.18556,18.39393,,19.289745,22.35078,20.17451,19.76956,20.17451
Galnt9,,,,,,,,
Ccdc151,20.29816,21.85175,22.26711,21.85175,18.20046,18.14773,,18.174095
Pphln1,,,,,,,,
Itih2,24.00479,23.74499,24.93031,24.00479,20.62114,20.13996,20.44597,20.44597
Aox3,23.69083,18.68295,21.32444,21.32444,,,,
Tcaim;TCAIM,21.45934,,,21.45934,22.69198,,19.51191,21.101945
Nccrp1,,,,,,,,
Gpr22,,,,,,,,
Lix1l,24.5686,23.68217,23.87314,23.87314,23.21694,22.3854,21.67668,22.3854
Adamts3,,,,,20.86128,20.27105,19.91322,20.27105
Ankrd45,,21.71934,21.41178,21.56556,,,,
Tll1,19.41417,18.32272,22.35243,19.41417,19.98565,20.36378,18.88447,19.98565
Sh3tc1,19.10779,18.32083,17.31637,18.32083,,17.59878,18.43074,18.01476
Zfp809,19.82319,,,19.82319,14.82982,15.04644,,14.93813
Alyref2,21.89019,21.14127,,21.51573,22.42701,22.05692,21.56867,22.05692
Zc3h12b,,,,,16.42535,16.3629,15.77944,16.3629
Slc8a1,20.36068,,,20.36068,,,,
2310035C23Rik,,,,,,,,
Asb1,,,,,18.94409,19.5192,18.76794,18.94409
Arhgap24,19.84673,15.2572,,17.551965,19.04586,19.30632,,19.17609
Zbtb43,24.69328,25.74188,25.2804,25.2804,19.35468,17.10677,,18.230725
Nxph4,,,,,,,,
Lrif1,,,,,,,,
Zfp715,,,,,20.14457,18.81716,18.57282,18.81716
Zfp619,,,,,,,,
Mgarp,20.04953,,,20.04953,,,,
Ttc14,18.88706,,16.05956,17.47331,19.87012,19.20134,17.79125,19.20134
Def8,21.28873,22.06319,20.84053,21.28873,21.02364,20.72559,19.65008,20.72559
Psme2,,,,,,,,
Rhod,24.41351,21.19502,22.40979,22.40979,,,,
Zwilch,23.13127,22.71936,22.46653,22.71936,18.66313,17.06886,15.05363,17.06886
Tmem219,,,21.51518,21.51518,,,,
5730559C18Rik,,20.60368,23.18532,21.8945,19.81149,20.01141,17.04655,19.81149
Kxd1,,,,,17.84034,16.78213,16.81816,16.81816
Zfp26,,,,,,,,
Nsmce4a,19.39098,22.1915,19.81881,19.81881,21.20024,20.70438,19.73461,20.70438
Znf316;Zfp316,,21.40296,,21.40296,21.38105,21.10649,20.48217,21.10649
Lrrc10b,,,,,,,,
Mtx1,,,,,,,,
Rnpepl1,19.45786,19.90864,,19.68325,,,19.8662,19.8662
Lca5,21.18785,20.01495,17.31973,20.01495,19.77995,,,19.77995
Rfx3,,,,,,,,
Ppl,22.46565,20.95553,21.84219,21.84219,,16.58264,17.74852,17.16558
Mmp1b,,,,,,,,
Zbtb11,18.38123,17.88017,18.18054,18.18054,19.62072,,19.9999,19.81031
Zfp612,,,19.77551,19.77551,,,,
Efemp2,24.39401,23.90353,23.07173,23.90353,,,,
Mlxip,20.89948,,19.0551,19.97729,18.09466,18.46953,18.41278,18.41278
2310022A10Rik,21.32141,15.81143,21.33145,21.32141,21.8485,21.95546,20.73975,21.8485
Zmat1,,,,,,,,
Fpgt,24.9562,22.9547,23.09329,23.09329,22.13705,22.35429,22.79342,22.35429
Hnrnpd,25.39457,24.33552,25.42339,25.39457,,,,
Gria2,17.0963,,,17.0963,20.23853,20.2528,15.57935,20.23853
Ikzf1,,21.50218,18.21234,19.85726,,,,
Notch2,23.52121,22.0157,19.57675,22.0157,15.85686,14.85584,16.45076,15.85686
Scyl2,,,,,,,,
Ank3,,,,,,,,
Ahnak,24.61515,,,24.61515,,,,
Klrg2,,18.46236,,18.46236,,,,
Map3k2,23.48075,22.91619,22.37767,22.91619,22.23128,22.11343,22.22114,22.22114
Gstm6,,,,,20.09016,,,20.09016
Brd1,,19.65395,,19.65395,,,,
Gpr116,,,,,,,,
Ppp6r3,,,,,,,,
Lrrc49,,20.88844,20.13446,20.51145,21.56904,20.41576,20.76085,20.76085
Znf827;Zfp827,23.04654,17.20209,17.26105,17.26105,18.74294,17.69159,16.88453,17.69159
Cox18,20.48591,18.3535,20.83646,20.48591,23.59776,23.68742,22.14833,23.59776
Zfp185;Znf185,26.7226,25.85322,25.96647,25.96647,16.56391,19.76711,18.05976,18.05976
Dhrs3,23.34259,22.95072,23.43212,23.34259,,,,
Chst3,20.97323,,,20.97323,,19.73404,19.98273,19.858385
Ube2m,,,,,,,,
Tmub2,23.72806,23.33074,23.09541,23.33074,22.69666,22.59919,22.15906,22.59919
Ptbp3,,,,,17.45988,15.15058,19.92352,17.45988
Anapc15,,,,,,,,
Cyhr1,24.7399,,,24.7399,21.54354,21.94006,21.73244,21.73244
Mta3,,,,,18.52955,18.55951,17.3051,18.52955
Arhgef6,21.45478,,,21.45478,,,,
Gm7120,,,,,18.57592,20.04993,26.87326,20.04993
Ppp1r3e,,,,,17.72281,19.17568,18.04041,18.04041
Gmnn,,,,,23.23112,24.13516,24.52229,24.13516
Cux1,22.15211,21.31534,20.59941,21.31534,19.64347,20.1657,21.26991,20.1657
Gpc5,,,,,22.06943,20.28534,21.74661,21.74661
Lekr1,29.18009,28.20149,28.58742,28.58742,,,,
Ctage5,21.6297,,,21.6297,,,,
Cdhr4,23.01171,19.50372,19.8674,19.8674,19.78336,,19.51661,19.649985
Taf6l,23.1298,,20.72293,21.926365,22.99208,23.33047,22.95479,22.99208
Dbndd1,,,,,23.52588,23.16754,22.09767,23.16754
Pou6f1,26.31493,24.36713,24.63406,24.63406,,,21.7369,21.7369
Pou2f2,,,,,,,,
Lsm5,25.01039,23.21589,24.46775,24.46775,,,,
Dusp3,22.25523,21.22329,21.66601,21.66601,20.84245,19.067,19.44433,19.44433
Tirap,21.45834,21.33571,21.1242,21.33571,,16.78226,,16.78226
Hmbox1,22.40088,22.65988,20.5976,22.40088,22.17191,22.32182,21.24806,22.17191
Hmox1,,,,,,,,
9930021J03Rik,17.86894,16.94341,18.22265,17.86894,17.75271,,,17.75271
Otud7a,,,,,,,,
Znf428;Zfp428,28.42938,27.23279,27.1547,27.23279,25.57741,26.23816,26.07128,26.07128
Cers6,24.24409,19.34035,,21.79222,25.00376,25.31534,25.12341,25.12341
9930021J03Rik,,,,,12.70988,12.76352,,12.7367
Eps15,,21.78584,,21.78584,,,,
Cux1,19.463,,18.72926,19.09613,,,,
Gm20695,,,19.73075,19.73075,,,20.25246,20.25246
Agxt2,23.58417,,24.20859,23.89638,24.59991,,23.38324,23.991575
Dlg1,,,,,,,,
Rbp4,,,,,,,,
Tsr2,,,,,,,19.81193,19.81193
P4ha3,22.86461,18.59467,,20.72964,18.03521,16.94467,16.61856,16.94467
Cxcl12,,,,,20.81699,21.4269,20.85521,20.85521
Wdr90,21.86571,21.22993,21.1598,21.22993,13.67882,19.73618,15.91174,15.91174
Pot1b,19.91605,,19.36696,19.641505,19.28311,17.08742,18.47631,18.47631
Zbtb18,17.73787,,,17.73787,21.77262,21.09533,21.4,21.4
Rbm48,22.3009,20.29905,19.92236,20.29905,20.09687,19.9192,22.03258,20.09687
Bdnf,,,,,,,,
Rbm11,,,,,,,,
Son,,,,,17.75551,17.09774,17.68332,17.68332
Tmem150c,,,,,24.31029,,24.54957,24.42993
Hist1h1t,,24.87727,26.23167,25.55447,,,,
Snap47,,,,,,,,
Tp53;Trp53,,18.30301,21.10751,19.70526,21.9797,21.9836,20.12022,21.9797
Ubxn11,22.08427,20.73843,20.7905,20.7905,,,,
Taz,22.05388,21.57432,21.3393,21.57432,21.48242,21.86416,18.46256,21.48242
Mpdz,26.35478,24.72015,24.89772,24.89772,18.6988,,16.99225,17.845525
Fam3a,,,,,19.60987,22.08229,20.15746,20.15746
Gprc5c,,,,,19.58208,,,19.58208
Wnt9a,21.90954,22.06786,22.20529,22.06786,,,17.07253,17.07253
Mia3,16.74741,20.21939,20.6796,20.21939,,,,
Taf1a,,,,,16.78277,,18.2081,17.495435
Hbs1l;Gm9923,22.29726,18.67142,19.8642,19.8642,18.47971,17.25137,,17.86554
Tfdp2,23.7543,22.27131,20.48866,22.27131,21.23567,21.58578,20.946,21.23567
Tmem200c,,,,,,,,
Gm4944,,,,,,,,
Mink1,,,,,,,,
Lmbr1,,,,,19.57387,19.34013,19.3763,19.3763
Ankzf1,23.63821,23.56465,22.14021,23.56465,22.7189,22.68177,22.14995,22.68177
Zfp799,,,,,16.59852,,17.79836,17.19844
Bbip1,23.98945,,,23.98945,,22.68878,22.14703,22.417905
Carkd,25.57874,26.20641,25.59178,25.59178,25.50749,25.05171,24.99002,25.05171
Fmo6,,,,,,,,
Gm7694,25.82525,23.99032,23.82454,23.99032,,,17.49005,17.49005
Ankrd44,,,,,,18.82227,,18.82227
Dnmt1,,,,,,,,
AI848285,,,,,,,,
Krtap22-2,,,,,,,,
Gm9242;Hnrnpa3;Gm6793,29.62894,28.96917,29.36396,29.36396,27.3333,27.4523,27.56107,27.4523
Abcb11,,,,,18.89327,20.2267,23.7043,20.2267
Mrfap1;Gm5814,27.6173,26.52843,26.56555,26.56555,,,24.22832,24.22832
Spata18,22.08385,19.20846,19.31139,19.31139,,,,
Mplkip;Gm7102,,,,,,,,
Sh3gl3,,,,,,,,
Gm4845,,,,,,,,
Nbr1,22.27384,22.35186,22.13261,22.27384,21.06079,21.32965,21.59273,21.32965
Immp2l,,,,,,,,
Creg1,,,,,,,,
Cirbp,,,,,,,,
Ncapd3,19.36489,18.48581,18.54461,18.54461,17.27066,19.43133,19.16735,19.16735
Rnf121,,,,,,,,
Zfp825,,,,,,,,
Sirpb1c,18.02551,,20.13984,19.082675,,,,
Ugt1a6b,20.11845,,18.93704,19.527745,19.10431,,,19.10431
Tet3,19.23594,,,19.23594,16.93905,,,16.93905
Mthfsl,25.34547,23.90701,24.43237,24.43237,20.81816,19.51231,20.85795,20.81816
Metap2,22.0912,,22.54776,22.31948,,,,
Gm27021,,,,,,,,
Gm2042,,,,,,,,
Senp1,20.81855,19.47044,19.83209,19.83209,20.87778,21.15777,20.03376,20.87778
Sema3b,20.38364,20.46244,22.1757,20.46244,,,,
Cacna2d1,,,,,,18.42049,,18.42049
Angpt1,,,,,,,,
Efna5,,,,,20.03617,20.9402,,20.488185
Kcnk1,22.17655,18.28455,,20.23055,,21.95177,,21.95177
Klf6,,,,,22.63591,21.69268,,22.164295
Myh11,,,,,,,,
Krtap14,,,,,,,,
Sh3yl1,,,,,21.35434,21.35907,19.782,21.35434
Bcl7c,23.77425,22.46346,22.71337,22.71337,,,,
Kng1,,,,,16.21864,,,16.21864
Kng1,,,,,16.6781,17.72354,,17.20082
Barx2,,,,,,,,
Mstn,,,15.50121,15.50121,18.35548,17.31407,,17.834775
Arg2,18.4612,17.76759,,18.114395,26.76775,27.63941,27.31424,27.31424
Ngp,,,,,,,,
Casp12,24.21423,23.22066,22.67758,23.22066,,17.60596,,17.60596
Matn2,24.3995,22.54762,22.76828,22.76828,21.22305,21.41245,21.11038,21.22305
Ogg1,,21.69273,25.81705,23.75489,,,,
Prss12,,18.57204,19.14447,18.858255,22.18156,21.96582,21.31374,21.96582
Clock,21.75071,20.7107,20.63068,20.7107,16.2625,16.10007,,16.181285
Mnt,20.28082,21.33718,18.61942,20.28082,15.57116,11.73877,18.93157,15.57116
Ebf3,16.61741,19.26116,,17.939285,,18.01558,20.1322,19.07389
Galnt4,22.5275,21.44688,,21.98719,,15.36765,,15.36765
Pkd1,14.73466,,,14.73466,,,,
Mapk12,24.04877,21.85373,22.41046,22.41046,,18.17937,,18.17937
Uncx,,,,,,,,
Slc22a1,,,,,25.10849,25.79107,24.159,25.10849
Tuft1,20.93984,,19.3156,20.12772,19.28034,18.74554,,19.01294
Hps1,,,,,,,,
Rfng,,,,,21.64834,22.57175,20.96296,21.64834
Lfng,,,,,,,,
Pex5,21.85159,,20.49599,21.17379,20.70193,20.37252,19.25799,20.37252
Il13ra1,,,,,,14.78013,14.63742,14.708775
Napsa,,,,,,,,
C3ar1,,,22.44983,22.44983,,,20.12893,20.12893
Krtap6-1;Krtap6-5;Gm10229,,,,,,,,
Wrn,19.40016,19.83663,,19.618395,18.12369,17.8176,,17.970645
Dusp8,,,,,20.3218,21.0462,,20.684
Epha8,,15.93431,,15.93431,,,,
Nfatc2ip,20.98412,19.9333,19.37186,19.9333,24.13602,22.82468,22.58907,22.82468
Casq1,24.56657,,21.58637,23.07647,27.95876,27.30008,27.19545,27.30008
Psmc3ip,,,,,,,,
Arx,22.78654,21.86344,20.29524,21.86344,21.11388,22.23628,21.72501,21.72501
Cnih2,,,,,,,,
Lrrc23,23.16443,22.00857,21.4764,22.00857,16.97332,21.05039,15.31426,16.97332
Emg1,27.48447,23.0326,26.6983,26.6983,23.98789,24.10221,23.4946,23.98789
Terf2,,,,,,,,
Bet1l,23.86948,24.99386,25.39071,24.99386,,,,
Celsr1,13.80675,18.98537,17.28473,17.28473,18.60975,17.29132,16.61727,17.29132
Nedd9,,18.47207,18.67066,18.571365,20.78772,,,20.78772
Cdk2ap1,21.69778,,,21.69778,,,,
Cenpa,,21.41033,,21.41033,,21.27555,,21.27555
Kcnh2,,,,,16.5936,,,16.5936
Psmd4,26.7465,25.04631,24.95167,25.04631,25.55754,25.25958,25.354,25.354
Ebi3,,,,,,,,
Kifc3,24.40574,23.23844,23.3041,23.3041,21.88476,22.32677,21.22111,21.88476
Smad7,,,,,,,,
E2f3,,,,,,,18.68801,18.68801
Batf,21.03046,,,21.03046,,,16.64442,16.64442
Aoah,17.55592,,19.13819,18.347055,,,21.43837,21.43837
Tnfrsf11a,,,,,,,,
Nmi,26.57293,24.65845,24.60207,24.65845,18.68134,17.57555,18.30408,18.30408
Hs3st1,,20.27935,,20.27935,24.88222,23.85481,23.60851,23.85481
Pbx3,24.28736,22.96737,23.62823,23.62823,24.25068,24.11791,24.18185,24.18185
Bok,,,,,20.48866,18.78711,16.82724,18.78711
Crcp,24.97496,22.50492,25.30769,24.97496,23.9453,23.49534,23.75481,23.75481
Rnf5,25.02196,23.89458,24.34624,24.34624,22.5155,21.7402,21.62006,21.7402
Atf6b,,,,,,,,
C1d,20.6398,,,20.6398,,,19.70273,19.70273
Crygs,27.54045,27.1033,27.44648,27.44648,,,16.42733,16.42733
Bhmt,18.69456,,,18.69456,20.93251,,,20.93251
Clk4,18.10139,,,18.10139,23.0222,22.89595,23.14165,23.0222
Zfpm1,,,,,,,,
Hyal2,21.04153,21.07868,20.94614,21.04153,24.31278,23.82231,23.58898,23.82231
Stag2,,,,,,,,
Anxa8,22.566,21.49424,22.15638,22.15638,,,,
Capn6,,18.33525,,18.33525,,,13.49611,13.49611
Neu1,24.17211,23.30577,23.05975,23.30577,22.98517,22.8948,22.7702,22.8948
Hap1,,,,,,,,
Ndufa1,29.19667,29.01983,28.64337,29.01983,29.25714,27.36378,28.42081,28.42081
St8sia2,19.96155,21.01638,17.47175,19.96155,24.68603,24.87797,24.39355,24.68603
Rad51b,,,17.84739,17.84739,,,,
Cflar,21.77141,19.71213,19.98649,19.98649,,,,
Klf12,24.18359,22.81925,22.821,22.821,20.7563,20.08835,20.90463,20.7563
Klf9,,,,,,,,
Cited2,,,,,,,,
Chil3,,,,,,,,
Emp3,,20.02891,,20.02891,,,,
Ctnnd2,,,,,20.19893,20.52908,19.28857,20.19893
Aldh1a7,,20.29165,20.52898,20.410315,22.42265,23.80784,20.77282,22.42265
Per1,18.77575,19.88532,17.68641,18.77575,20.52296,20.74526,17.6918,20.52296
Nthl1,23.92931,21.50901,17.89071,21.50901,20.76418,19.51463,19.83884,19.83884
Pbx2,21.01202,,18.69619,19.854105,,,18.57389,18.57389
Pias3,,,,,19.4306,20.71364,20.26522,20.26522
Mmp15,17.96984,18.97821,21.79166,18.97821,,20.30229,19.73985,20.02107
Cyp2j6,16.62827,,,16.62827,,,,
Dffa,,,,,,,,
Dffb,,20.56263,,20.56263,19.94006,20.71632,19.2702,19.94006
Mafg,23.52564,21.85049,22.15369,22.15369,22.66893,22.88288,22.98353,22.88288
Maff,24.58652,21.73896,23.28588,23.28588,,,,
Gjd2,,,,,,,14.25473,14.25473
Tyrobp,,,,,,,,
Itgb3,16.24329,16.28802,,16.265655,14.264,18.80974,19.77338,18.80974
B3galt1,,,,,21.1114,20.74706,20.74862,20.74862
B3galt2,19.27294,21.21472,20.80373,20.80373,24.29474,23.63356,24.10037,24.10037
Nfkbie,24.42188,18.4184,22.27904,22.27904,17.46873,,,17.46873
Bcl2l11,20.79931,18.11421,23.17356,20.79931,,,16.88632,16.88632
Wsb1,15.42289,14.35913,14.5254,14.5254,17.43151,13.10447,,15.26799
Akap2,22.92691,20.05099,21.47179,21.47179,,,,
Akap2,20.49453,21.25994,21.18942,21.18942,,,,
Sema6b,,,,,19.66414,21.71749,19.13573,19.66414
Pole2,,,,,18.82926,18.43766,16.21202,18.43766
Mapkapk5,24.03095,21.48846,23.26871,23.26871,21.98888,22.98378,21.86053,21.98888
Trdmt1,20.53108,,19.93848,20.23478,17.13641,18.679,,17.907705
Syngr1,,,,,,,,
9/7/2015 0:00,,,,,,19.51705,,19.51705
Atp2a2,,,18.43315,18.43315,,,,
Cbx4,21.52688,20.66674,20.6206,20.66674,21.22894,20.50242,19.97897,20.50242
Slc6a2,,,,,,,,
Ldb2,,,,,23.68239,24.53243,24.44695,24.44695
Sigmar1,22.84472,24.61818,25.09507,24.61818,24.75817,25.62145,25.76045,25.62145
Aurkb,21.03012,20.58976,22.24493,21.03012,17.71994,,17.49123,17.605585
Ninj1,23.02913,21.07881,22.99812,22.99812,,19.26687,,19.26687
Fcn1,,,,,,,20.1673,20.1673
Adcyap1,,,,,,,,
Birc5,,,,,,,,
Atp9a,,,,,18.98654,18.61763,,18.802085
Tpst1,21.52578,20.2903,21.52128,21.52128,21.45974,21.16766,21.2719,21.2719
Grem1;Grem2,,,,,20.81049,22.02871,21.79986,21.79986
Dxo,20.68731,22.34981,20.39027,20.68731,20.79432,20.25638,20.62703,20.62703
Ca11,,,,,20.88174,20.36698,20.02066,20.36698
Cbfa2t2,,,,,17.37186,19.21494,17.5966,17.5966
Tspan6,25.10937,26.32267,26.27886,26.27886,24.69014,25.6445,24.54646,24.69014
Gtf2h4,,21.12275,22.48466,21.803705,21.83838,22.52793,21.51143,21.83838
Bard1,,,,,,,,
Dok2,21.17913,20.06276,21.05993,21.05993,19.24195,,14.5417,16.891825
Tmem131,20.93077,18.13771,20.56188,20.56188,21.05603,20.79456,19.26835,20.79456
Pknox1,23.9004,21.1767,21.12029,21.1767,22.20072,,,22.20072
Tnfaip1,22.74552,19.52782,19.92085,19.92085,19.77523,19.40195,19.76474,19.76474
Stra6,21.51051,,,21.51051,,,,
Hsd17b12,,,,,,,,
Kdm6a,21.04747,20.5264,20.45192,20.5264,20.28399,20.99002,20.10201,20.28399
Pdk4,23.81627,22.68365,22.25254,22.68365,,,,
Slc25a17,23.17191,20.23608,,21.703995,25.24909,24.39904,24.83668,24.83668
Cask,,,19.66884,19.66884,,,,
Myoc,22.44715,22.45836,22.41095,22.44715,21.05219,20.92484,20.29749,20.92484
Ly86,,,,,24.64218,24.13673,23.70134,24.13673
Ttc3,,,,,19.23215,17.38776,17.95855,17.95855
Ttc3,18.59518,,,18.59518,19.26522,17.63651,17.73919,17.73919
Col5a1,19.01756,15.84336,,17.43046,19.0495,18.16138,,18.60544
Wiz,23.3098,21.93589,20.46004,21.93589,20.2939,20.21146,19.95816,20.21146
Agr2,,,,,,,,
Ntsr1,,19.78389,,19.78389,25.07896,25.84522,24.9077,25.07896
Cd83,,,,,,,,
Tgfbr3,20.35132,,,20.35132,,,19.48458,19.48458
Grpel2,23.82279,24.37338,25.22634,24.37338,24.12731,23.91114,23.05217,23.91114
Nme6,23.72224,24.33538,23.52217,23.72224,,21.8506,21.62903,21.739815
Igf2bp1,21.96776,19.17882,20.29435,20.29435,25.78047,25.74566,25.5684,25.74566
Plin4,22.94555,22.82893,22.75845,22.82893,,16.5782,19.70029,18.139245
Gpr50,24.20255,,,24.20255,,,,
Ap1g2,22.06392,19.76392,21.65368,21.65368,20.21786,,,20.21786
Dll3,,,,,,,,
Fpr2,,,,,,,15.73352,15.73352
Parp2,20.12402,19.8692,21.56309,20.12402,22.11286,18.94858,21.13508,21.13508
Hnrnpa2b1,,,,,,,,
Lrp6,19.0758,18.77427,18.18015,18.77427,17.45675,18.64906,19.36877,18.64906
Sap30,21.2815,19.91636,18.81156,19.91636,20.71188,22.67855,21.98857,21.98857
Pglyrp1,,,,,,,,
Usp2,21.77656,20.70109,22.17228,21.77656,18.13396,17.30777,17.9333,17.9333
Slc28a2,,,,,18.51237,18.3247,,18.418535
Emp2,26.70359,27.82905,27.95388,27.82905,,,,
Rrad,23.89328,22.56107,23.35421,23.35421,20.01495,,19.56227,19.78861
Dgka,22.08219,20.50436,20.92948,20.92948,19.02042,22.6136,18.5315,19.02042
Stk16,23.51977,22.09407,21.90286,22.09407,20.66891,22.13927,21.36046,21.36046
Blm,,,,,17.64808,,17.50471,17.576395
Orc4,23.30341,21.54858,21.30536,21.54858,24.24053,24.18276,22.79011,24.18276
Map7,22.55309,19.50907,20.26224,20.26224,,,,
F11r,,,,,,,,
Lect2,,,,,,,,
Sc5d,,,21.40307,21.40307,22.91818,21.34792,18.21272,21.34792
Jtb,,,,,,,21.1855,21.1855
Spsb2,23.28023,22.551,21.94321,22.551,,19.00673,20.92267,19.9647
Adam15,18.34069,21.98012,,20.160405,18.852,18.45008,18.6266,18.6266
Fgd3,21.49868,19.22757,18.78947,19.22757,,,,
Cradd,,,,,24.57744,24.08618,23.31783,24.08618
Tspyl1,,18.28609,,18.28609,19.05269,21.35746,20.52468,20.52468
Tpst2,20.16987,,,20.16987,18.44726,18.49451,17.89557,18.44726
Hunk,19.31174,23.0231,14.45424,19.31174,21.00984,20.87665,20.69098,20.87665
Ccnk,23.38232,22.44137,20.49541,22.44137,22.13217,21.2781,20.48099,21.2781
Zfand5,,,,,,19.83612,,19.83612
Apba3,24.25046,21.69676,22.81476,22.81476,16.83343,17.16722,,17.000325
Hipk1,,18.80993,19.77502,19.292475,20.02985,20.50106,,20.265455
Pias1,24.6796,22.70681,22.62337,22.70681,22.77595,22.52179,22.32841,22.52179
F10,,20.52172,,20.52172,,,16.01424,16.01424
Tcn2,,,20.77314,20.77314,,,,
Actn3,,,,,,19.44028,,19.44028
C1ql1,21.49911,,,21.49911,,,,
Abcd4,23.76274,21.08382,21.71486,21.71486,20.82096,20.86778,20.43563,20.82096
Afm,,,,,,,,
Pde4a,,,,,,,,
Pde4a,,,,,,,,
Fgf14,,,,,,,,
Cst7,17.48204,,,17.48204,21.24905,18.69805,17.94929,18.69805
Fgf18,,,,,,,,
Cd93,,,20.4403,20.4403,,,,
Adh1,21.81917,20.80381,20.57681,20.80381,,,,
Amy1,,,,,,,,
Odc1,21.71645,18.84956,20.51884,20.51884,,26.90701,,26.90701
C4b,26.63048,24.82459,24.99257,24.99257,21.50819,21.04587,20.54151,21.04587
Fos,21.93715,18.40087,18.01023,18.40087,,,,
Pomc,,,,,,,,
Ins1,,,,,26.61175,26.60116,26.36923,26.60116
Il1a,20.99335,,,20.99335,,,,
,25.18003,23.31783,25.08225,25.08225,,,,
Ighm,,,,,,,15.9827,15.9827
H2-L,25.19254,24.68517,25.06903,25.06903,17.60719,17.56704,17.68716,17.60719
H2-Q10,,,,,,,,
H2-D1,23.16054,23.12829,21.82625,23.12829,19.01302,21.07444,21.54213,21.07444
H2-K1,24.87469,25.07218,24.33224,24.87469,21.55506,22.1527,20.2207,21.55506
Hbb-b1,18.86698,,,18.86698,26.96455,27.84242,27.18367,27.18367
Hbb-b2,,,,,25.08046,26.95038,25.31627,25.31627
Hbb-y,22.14395,,,22.14395,24.25039,23.64361,24.69035,24.25039
Afp,18.33682,,,18.33682,24.13438,24.58915,23.79432,24.13438
Mt2,32.43246,30.90369,29.92705,30.90369,24.01316,26.2475,21.9893,24.01316
Mt1,32.23181,31.67051,30.98278,31.67051,24.72728,26.94581,24.73825,24.73825
mt-Nd3;Mtnd3,,,24.61437,24.61437,23.82706,24.30654,23.96102,23.96102
mt-Nd4l;Mtnd4l,,,,,,,,
Cfd,,,,,,,,
Iap,22.09861,21.02242,20.45483,21.02242,20.87957,21.29064,18.49985,20.87957
H2-K1,21.90797,22.93085,18.90651,21.90797,,,,
Gfap,21.30864,,,21.30864,18.22854,18.01138,19.34365,18.22854
Krt1,21.07848,,,21.07848,23.0613,,22.94999,23.005645
Fabp4,28.18343,27.72994,27.98076,27.98076,20.81956,22.33889,18.04057,20.81956
Tk1,,,,,18.86157,18.39816,,18.629865
H2-K1,,,,,,,,
Mb,,,,,,,,
Mbp,,22.67642,22.20923,22.442825,20.89711,20.93207,19.85442,20.89711
Mbp,,,,,,,,
Cd74,,,,,,,,
Cd74,,,,,,,21.0208,21.0208
Hbb-bh1,,20.11248,,20.11248,21.58072,22.99656,22.44182,22.44182
Saa3,25.16377,22.93074,24.46039,24.46039,,,,
Slc4a1,,20.09016,22.08031,21.085235,19.23979,19.11258,20.30797,19.23979
Tuba3a,,21.72293,,21.72293,,,,
Xlr,,,,,,,,
Ly6a,,,,,,,,
Jun,22.80662,21.74587,23.31741,22.80662,22.48851,22.42744,21.81182,22.42744
H2-T23,,14.29139,,14.29139,,,19.76082,19.76082
H2-Ab1,,,23.38864,23.38864,,,14.1986,14.1986
H2-Ab1,,,,,,,,
C9,,,,,,,,
Apoa4,19.82836,,,19.82836,,18.05515,17.25359,17.65437
Abcb1b,21.27503,20.90463,19.45674,20.90463,18.63517,17.41163,18.16712,18.16712
Plau,,19.38724,,19.38724,,,,
Prl,,,,,,,,
Csf1,19.96888,19.391,20.1756,19.96888,,,,
Tyms,24.49832,25.67303,23.47172,24.49832,20.99307,21.79317,21.0233,21.0233
Spta1,20.48089,21.45217,,20.96653,,,,
Egr1,,,,,,,,
Ltf,,,18.74662,18.74662,21.06375,,,21.06375
Cbr2,,,,,21.31645,23.97404,,22.645245
Fcgr2;Fcgr2b,,,,,,,,
Fcgr3,23.92588,21.3714,22.99281,22.99281,,,,
Lyz2,25.0203,24.20978,24.10797,24.20978,19.74315,20.31672,18.70293,19.74315
Hoxa5,,,,,,,,
Pgk2,,22.59742,22.47415,22.535785,,,,
En1,,,,,,,,
En2,,,,,,,,
Junb,24.03867,18.84107,18.84626,18.84626,,,,
Cdh1,,,,,,,,
Apoa2,,,,,,,,
Pde11a,,,,,,,,
Gpr52,,,,,,,,
Atxn1l,21.90522,,,21.90522,20.8108,19.91121,19.39571,19.91121
Gm20604;Gm28051;AK010878,28.23434,26.40433,27.05517,27.05517,22.78459,23.94762,22.25793,22.78459
Smim1,27.06425,26.3245,26.20492,26.3245,,,,
Alkbh1,22.21345,26.79687,27.02105,26.79687,21.82159,20.27036,20.29109,20.29109
Chtf8,21.19532,,,21.19532,,,,
Znf703,,18.03392,15.97701,17.005465,,,,
Nrxn1,,,,,,,,
Pet117,24.28023,22.14684,,23.213535,,,,
Bcl2,23.69562,23.88241,24.52361,23.88241,21.54076,21.16226,21.82279,21.54076
Eif4a2,,,,,,,,
Mapt,,,,,,,,
Tcea1,,,,,,,,
Hist1h2bf;Hist1h2bb,27.30783,28.30443,28.41712,28.30443,26.42956,25.41161,26.43652,26.42956
Parp1,,,,,20.72334,16.54811,18.6492,18.6492
Lpl,24.88586,21.20705,19.11322,21.20705,23.94396,24.07839,23.83355,23.94396
Rrm2,22.8578,17.81215,,20.334975,18.93583,22.14588,20.51547,20.51547
Plat,26.22558,25.6272,25.74776,25.74776,24.16231,24.96402,24.29817,24.29817
Mpo,,,,,,,17.31416,17.31416
Fn1,,21.45829,21.92445,21.69137,,,,
Fv4,,,,,,,,
Cdk1,23.27042,23.00177,22.71037,23.00177,23.52253,22.974,22.05029,22.974
Cd1d1;Cd1d2,20.16263,,21.96183,21.06223,21.07738,21.28382,,21.1806
Lcn2,,,,,,,,
Cfp,22.17749,,,22.17749,,,,
Otc,22.23605,22.13849,21.30117,22.13849,24.0181,24.69838,26.17171,24.69838
Gas2,,,17.64688,17.64688,,,,
,,,,,,,,
,,,,,,,,
,,,,,,,,
Oas1a,21.19695,,16.06731,18.63213,15.3811,,,15.3811
App,,,,,21.07084,20.9226,19.11627,20.9226
Mdk,23.28235,20.73488,22.0351,22.0351,19.48006,22.09934,20.44536,20.44536
Apcs,20.87125,,22.17658,21.523915,,20.73173,21.30296,21.017345
Serpinb2,23.92778,22.36914,19.02996,22.36914,21.70936,21.74041,21.88878,21.74041
Ctla2b,,,,,,,,
Fabp1,,,,,,,,
Fgl2,19.80199,18.17182,25.53653,19.80199,,,,
Gsn,,,,,,,,
Rb1,21.84782,20.79106,20.01073,20.79106,21.11159,20.12881,23.68357,21.11159
Scd1,,,,,,,,
Myh3,,15.52231,,15.52231,,,,
Myh8,,,,,,,,
Srgn,21.37782,,,21.37782,,,,
Ca1,,,,,22.8389,,,22.8389
Ccl4,,,,,,,,
Slc2a4,,,,,,,,
Gypa,,,,,,,,
Fgr,,,,,,,,
Il1rl1,,,,,24.39983,23.89264,,24.146235
Anxa6,,,,,,,,
Ets2,,,,,,,,
Jund,25.98253,24.79585,23.63533,24.79585,,21.64531,,21.64531
Cpa3,,,,,,,,
Ifi204,,,,,,,,
Ifngr1,21.26825,20.28331,20.50891,20.50891,20.25673,,,20.25673
Thbd,,,,,,,,
Irf1,,,,,,,,
Prph,,,,,,,,
B4galt1,23.60863,20.6136,,22.111115,14.29498,19.99962,13.63061,14.29498
Znf271,,,,,19.18889,,,19.18889
Fgf2,24.93733,24.84355,24.45951,24.84355,24.0912,24.38278,24.32793,24.32793
Klk1b11,,,,,,,,
Klk1,,,,,,,,
Klk1b9,,,,,21.00409,22.01862,,21.511355
Usp53,23.80863,22.48903,22.57219,22.57219,16.20191,15.72627,16.7276,16.20191
Il4r,20.14358,,,20.14358,,,,
Sptan1,21.4705,21.18265,20.06723,21.18265,,,,
Hspa1l,20.1801,,22.61823,21.399165,20.24783,,,20.24783
Fes,19.95773,18.83898,21.37528,19.95773,,17.80656,,17.80656
Zfx,23.05356,24.08286,21.74057,23.05356,20.51701,20.06618,20.04473,20.06618
Hmga1,29.351,29.51563,29.29097,29.351,23.3652,19.73096,22.2826,22.2826
Spi1,,,21.50349,21.50349,,,,
Hk1,,,,,,,,
Hspa1b,,,,,,,,
Lyz1,27.72702,26.50259,25.26166,26.50259,22.13006,24.07668,21.33598,22.13006
Mthfd2,27.14472,28.28727,28.50359,28.28727,26.15157,26.52036,25.79375,26.15157
Cd48,,18.60545,,18.60545,,,,
Npr1,21.3611,21.46274,,21.41192,,19.30846,,19.30846
Sell,,,,,,,,
Cyr61,25.02403,24.37411,25.09957,25.02403,21.41163,16.13354,17.26957,17.26957
Ighv5-2;Ighv5-9,24.82002,,,24.82002,,,,
Hmgn1,32.29151,31.05038,31.127,31.127,26.36856,24.93058,24.84652,24.93058
Rps6ka1,,,,,,,,
Sdc1,,,21.0308,21.0308,18.54223,17.54984,18.48664,18.48664
Ifrd1,24.2627,23.11497,22.90494,23.11497,23.20329,23.42803,23.51159,23.42803
F2,24.16415,23.50494,23.71502,23.71502,16.65704,17.17543,,16.916235
Mgp,,,,,,,,
Lsp1,21.10476,19.6185,18.2928,19.6185,,,,
Sag,,,,,,18.75871,18.13981,18.44926
Fcer1g,,,,,,,,
Prim1,21.56635,18.72131,20.7708,20.7708,20.56598,18.20065,20.49062,20.49062
Bmp6,21.69396,,,21.69396,,,,
Mag,,,,,,,,
Plg,25.76929,23.57439,23.92561,23.92561,20.94642,21.99006,21.2828,21.2828
Evi2a,21.21851,,20.02864,20.623575,,,,
C2,,,,,,,,
Bmp4,22.63768,20.84621,24.34286,22.63768,16.67893,,,16.67893
Akr1b7,,23.61975,23.55906,23.589405,,16.84941,19.91026,18.379835
Abcb4,,,,,,,,
Gc,,,,,,,,
Penk,,18.40079,,18.40079,23.3577,22.98285,21.07751,22.98285
Il6ra,,,,,,,,
Wnt5a,24.76456,23.18132,17.75812,23.18132,20.85597,22.64223,20.64966,20.85597
Serpine1,,20.21975,21.31413,20.76694,21.16705,21.23707,20.97967,21.16705
Zfp36,20.69804,,,20.69804,,,,
Furin,18.34767,18.26582,18.38961,18.34767,19.65517,19.23421,17.4069,19.23421
Prkch,18.27858,20.04873,,19.163655,19.94735,18.21243,20.78596,19.94735
Ggta1,22.66075,20.56458,20.64033,20.64033,14.636,,,14.636
Pcgf2,,24.95229,24.63245,24.79237,24.45757,24.14701,23.20471,24.14701
Mdm2,18.21134,17.61518,,17.91326,,,14.38316,14.38316
Gria2,,,,,,,,
Irf2,,,19.38669,19.38669,,,,
Zfp36l2,25.21756,24.70641,23.72733,24.70641,,18.3792,20.62703,19.503115
Zfp36l1,22.71226,22.79031,22.77878,22.77878,,,,
Ces1c,22.83854,23.22783,23.28193,23.22783,,19.25569,,19.25569
Wnt7a,,20.31617,21.41354,20.864855,19.00903,,19.26591,19.13747
Pmp2,,,,,,,,
Tec,18.51526,,18.93667,18.725965,16.2895,19.29123,,17.790365
Il1rn,20.45643,22.68834,20.26579,20.45643,22.72939,14.8452,,18.787295
Tnfrsf1a,,17.79221,,17.79221,,,14.35094,14.35094
Tnfrsf1b,,,,,19.53395,,19.60449,19.56922
Col8a2,,,,,,,,
Ccnd1,25.36115,24.60014,23.15043,24.60014,,19.38968,,19.38968
Fas,26.91022,26.38995,26.38153,26.38995,19.22647,18.36474,16.8109,18.36474
Lyn,22.80002,22.07744,22.01495,22.07744,,,,
Mgmt,25.41438,24.94512,24.70909,24.94512,19.55182,,22.99897,21.275395
Klkb1,24.656,22.54125,23.54628,23.54628,,,,
Sars,,,,,22.09639,21.64262,22.41251,22.09639
Il3ra,,,,,,,,
Csf2rb2,18.37318,,,18.37318,,,,
Csf2rb,,21.3181,21.89984,21.60897,18.68322,,13.76249,16.222855
Tgfb2,22.36533,22.61977,22.54307,22.54307,19.47336,19.15699,21.57607,19.47336
Cd40,,,,,,20.42859,,20.42859
H2afx,29.40544,28.49396,29.21558,29.21558,25.61018,23.85557,23.67185,23.85557
Ccl6,21.14631,21.09539,,21.12085,,,,
Cenpb,,,,,18.66577,,,18.66577
Mgat1,23.60275,21.04133,21.30346,21.30346,20.35359,19.15011,19.18306,19.18306
Cebpb,21.18035,20.69404,21.03731,21.03731,,,,
Wnt7b,,,,,18.98951,20.98933,18.84876,18.98951
Psmb9,24.41338,22.68558,23.07204,23.07204,22.03392,23.1178,22.37547,22.37547
Mt3,30.72972,31.33208,29.97937,30.72972,26.92807,26.82929,26.56446,26.82929
Gjc1,,23.64295,24.15892,23.900935,23.48824,23.6413,23.64867,23.6413
Ctsg,,,,,,,,
Lox,21.85552,,,21.85552,,,,
Htr1b,,,,,,,,
Hoxd10,,,,,,,,
Ipp,19.26323,19.1694,18.9533,19.1694,18.45691,19.94235,19.33741,19.33741
9/4/2015 0:00,,,,,,,,
Mug1,23.57831,22.4146,23.14323,23.14323,17.09228,17.83109,18.32865,17.83109
Mug2,,,,,,,,
Rxra,20.16398,20.5882,21.8233,20.5882,19.53454,15.5371,18.95103,18.95103
Kif2a,19.02348,,,19.02348,20.14358,20.15091,20.0551,20.14358
Prkcd,,,,,,,,
Ctgf,21.74616,21.4094,20.9008,21.4094,,,,
Nos2,,,,,,,,
Ahsg,,,,,23.14746,,20.92781,22.037635
Vtn,,18.40445,27.17312,22.788785,21.80093,21.87669,22.12616,21.87669
Dct,,,19.42898,19.42898,19.84593,,20.97841,20.41217
Gsta3,,,22.03255,22.03255,,,,
Ccnb2,,,21.69485,21.69485,18.01193,,,18.01193
Ccnd2,23.40769,22.38448,23.29852,23.29852,22.42645,,,22.42645
Ccnd3,,,,,,,,
Cdk4,27.44277,26.64595,26.69232,26.69232,24.42995,24.25126,24.12345,24.25126
Alox5ap,27.22223,25.88542,26.2786,26.2786,24.43205,,23.88483,24.15844
Ppic,26.38497,24.55356,25.38126,25.38126,22.8429,20.03805,19.11825,20.03805
Nktr,17.49357,19.2303,18.18954,18.18954,18.47469,12.39167,19.78646,18.47469
Tacr1,21.02911,,,21.02911,20.68106,22.04407,21.91116,21.91116
Cbx2,,,,,,,,
Gna14,25.21015,24.02361,23.35622,24.02361,,17.4298,14.5224,15.9761
Gna15,,,,,20.7032,23.34787,17.7962,20.7032
Sstr2,,,,,21.70835,22.28554,,21.996945
Ctnnd1,,,,,,,,
Pdgfb,,,,,,,,
Uba1y,,,,,,,,
Rbpj,25.43648,24.30793,24.87253,24.87253,21.71247,22.60205,22.13053,22.13053
Saa4,,,,,,,,
Slc6a13,23.74489,22.40385,22.66047,22.66047,,,,
S100a9,,,,,,,,
Ceacam1,,,,,,,,
Cd68,24.89689,24.11862,24.92751,24.89689,22.07114,20.60386,20.84827,20.84827
Ghrhr,,,,,,,,
Chrm4,,,,,,,,
Serpinc1,26.75901,26.13848,26.7637,26.75901,20.79202,19.53009,18.4523,19.53009
Oprd1,,,,,,,,
Pvrl2,,21.09552,,21.09552,20.04767,17.52619,18.49631,18.49631
Vip,,,21.08667,21.08667,,23.20086,19.95589,21.578375
Kif4,17.80474,18.96742,16.93675,17.80474,19.33453,17.83059,18.31252,18.31252
Nedd1,25.15244,23.62912,23.7602,23.7602,14.71323,18.63013,20.34505,18.63013
Cyp2f2,,,,,,,,
Mmp13,,18.19138,,18.19138,15.42269,,17.60661,16.51465
Proc,21.81026,20.44324,20.95411,20.95411,,,,
Pola1,25.73218,20.56365,20.21727,20.56365,20.49999,19.59144,17.79087,19.59144
Prim2,21.96198,22.97141,23.33906,22.97141,25.94398,21.51677,20.98141,21.51677
Pola2,21.36148,20.41493,19.79878,20.41493,20.00347,18.88896,19.98482,19.98482
Fpr1,,19.40699,,19.40699,,,,
Ifnar1,16.33558,,,16.33558,19.7946,20.53507,17.26765,19.7946
Apoc1,,,,,,,,
Stfa3,23.48136,23.91689,20.53079,23.48136,18.0134,20.41535,20.40676,20.40676
Stfa2,,,,,,,,
Stfa1,,,,,,,,
Rab12,24.28235,23.40445,23.23389,23.40445,,22.02803,,22.02803
Rab17,,,,,,,,
Rab19,,,,,,,15.89498,15.89498
Crhr1,,17.53609,17.94106,17.738575,,,,
Htr2a,26.16315,22.57191,24.95362,24.95362,,15.33933,,15.33933
Hspb7,,,,,,19.19357,19.79298,19.493275
Ppard,,,,,,,,
Thbs1,22.13684,22.32075,22.44995,22.32075,,16.74281,15.38704,16.064925
Avp,,,,,,,,
Plaur,20.50669,21.79689,21.24208,21.24208,,21.41787,,21.41787
Hal,29.09063,19.49535,18.93359,19.49535,,17.50572,,17.50572
Ercc5,20.58637,,,20.58637,20.16202,19.69922,19.26357,19.69922
Ttk,18.12631,,,18.12631,17.96747,,16.8472,17.407335
Folr1,28.42282,26.94145,27.61463,27.61463,,,20.01345,20.01345
Fmr1,21.78584,18.85145,21.38869,21.38869,22.37074,22.24627,21.98607,22.24627
Egfbp2;Klk1b26,,,,,,,,
Bmpr1b,,,,,,,,
Ppm1b,21.48493,19.3152,19.58545,19.58545,20.36292,20.10853,19.99217,20.10853
Acvr1,22.36239,20.95319,18.11939,20.95319,23.69721,23.67196,23.69147,23.69147
Cd69,,18.56811,17.89475,18.23143,,,,
Fbln2,26.21621,24.61515,24.73469,24.73469,16.52499,16.08146,16.3295,16.3295
Lig1,,,,,,,,
Hsf1,22.98014,,20.77668,21.87841,21.00216,21.74251,19.06413,21.00216
Hsf2,,,,,20.2049,,,20.2049
Cdh4,23.64196,23.47803,22.67444,23.47803,22.9136,22.71486,22.1855,22.71486
Mbl1,,,,,,,,
Dnm2,21.65727,21.27555,19.35643,21.27555,,,17.71451,17.71451
Dnm2,22.62812,15.10942,22.37178,22.37178,19.04863,,,19.04863
Traf1,24.8208,22.89613,23.16242,23.16242,21.43827,20.51249,20.10674,20.51249
Traf2,26.24587,25.25115,25.0029,25.25115,22.4423,22.93941,22.64218,22.64218
Alox12,,,,,,,,
Fyn,20.1047,,20.66969,20.387195,,16.85842,,16.85842
Cdkn1a,18.06097,,,18.06097,17.74819,16.88846,,17.318325
Timp3,27.12544,25.34959,26.13667,26.13667,20.35982,,19.19012,19.77497
Csf3r,,,,,,,19.24205,19.24205
Sox6,,,,,,,,
Syt4,16.14466,,,16.14466,21.06079,21.93801,21.39477,21.39477
Id4,,,,,,,,
Bcl6,19.46675,18.73115,19.64246,19.46675,,20.59742,,20.59742
Mmp9,,,13.26286,13.26286,,,20.87125,20.87125
Slc11a1,24.04218,,19.53629,21.789235,19.20433,18.91476,20.10008,19.20433
Tnfsf9,,,,,18.05854,16.63368,17.94427,17.94427
Mbl2,,,,,,,,
Tac1,,18.53176,,18.53176,,,,
Vipr2,,,,,,,,
Cd63,27.14151,29.13411,29.38632,29.13411,25.865,25.67751,16.02222,25.67751
Elk1,18.58926,,,18.58926,19.75214,18.09326,,18.9227
Cd86,,23.16596,19.25202,21.20899,,,,
Stat3,22.22164,20.92723,20.63883,20.92723,,,14.41976,14.41976
Nkx2-2,,,,,,,,
Dpagt1,20.06737,,,20.06737,21.29995,22.11883,19.84485,21.29995
Clec3b,,,,,,,,
Hhex,20.74403,,,20.74403,21.52664,20.3849,20.41627,20.41627
Nr2f2,,,,,21.24226,22.65692,22.01679,22.01679
Nr2f6,20.94414,,,20.94414,21.47724,19.75333,,20.615285
Sdc2,26.23738,24.70651,24.73619,24.73619,22.69979,21.99428,21.56565,21.99428
Plin2,21.88896,20.74427,22.64513,21.88896,19.22734,20.88211,20.45994,20.45994
Akr1b8,26.94134,25.23019,26.65772,26.65772,,18.82467,21.64469,20.23468
Man1a1,24.80538,24.78696,23.69975,24.78696,21.03664,19.19837,19.64862,19.64862
Fdx1,24.49002,23.91315,25.31558,24.49002,,19.61585,24.10957,21.86271
Zic1,,,,,,,,
Myo1b,,,,,21.10796,21.39231,20.61459,21.10796
Gal,22.08115,,,22.08115,,19.74662,21.69621,20.721415
Ccr7,,,,,,,,
Gsr,,,,,,,,
Wee1,,15.76352,17.79329,16.778405,,,,
Mapk14,,20.62925,20.95922,20.794235,20.88629,,20.84789,20.86709
Igfbp2,26.9862,25.81069,26.68726,26.68726,22.23999,21.96751,22.12202,22.12202
Igfbp3,25.67791,24.20963,25.64946,25.64946,12.9908,20.88024,18.99935,18.99935
Fosl2,23.15954,22.91517,21.83368,22.91517,22.7275,14.13683,20.66492,20.66492
Epb41;Epb4.1,,,19.12813,19.12813,,,,
Ednrb,22.05782,22.96667,22.79674,22.79674,,,15.00013,15.00013
Il15,,,,,,,,
Rfx1,23.99516,23.58187,23.63733,23.63733,21.70244,21.06362,21.28828,21.28828
Rfx2,24.67314,23.37822,23.15516,23.37822,14.08098,,,14.08098
Prox1,20.73455,,22.90921,21.82188,20.56421,21.74053,20.05775,20.56421
Idua,22.39312,21.49062,21.85939,21.85939,18.24358,19.87659,,19.060085
Fosl1,,,,,,,,
Ptx3,22.37023,,,22.37023,,,,
Neurod6,,,,,21.26945,21.16109,20.90154,21.16109
Ivl,17.78309,20.00826,17.57089,17.78309,,,,
Bmp5,,,,,,,18.3964,18.3964
Serpind1,24.71408,22.67543,23.52049,23.52049,19.55039,19.78392,16.81077,19.55039
Epb42;Epb4.2,21.37013,17.60733,17.61382,17.61382,,22.58385,,22.58385
Slc11a2,23.70809,25.86155,26.45256,25.86155,23.06344,23.25048,22.48284,23.06344
Slc11a2,20.16607,,,20.16607,22.06349,22.55939,21.7685,22.06349
Epx,,,19.47625,19.47625,,,,
Cenpc,20.72184,19.05624,20.71791,20.71791,17.02605,16.97466,23.93661,17.02605
Cdkn1c,,20.41782,18.20122,19.30952,,,,
Ltbr,,,,,19.97001,17.57511,,18.77256
Nat1,,,,,,,,
Nat2,25.80213,25.00282,24.95305,25.00282,20.30897,17.93882,20.40468,20.30897
Shmt1,20.60286,,,20.60286,,,,
Csrp3,21.47293,17.36273,19.13791,19.13791,,,,
S100a11,28.00608,28.57084,27.50885,28.00608,19.18503,20.68517,20.49843,20.49843
Tspo,21.06329,19.83997,24.90169,21.06329,20.07822,,,20.07822
Camp,,,,,,,,
Rora,,,21.23386,21.23386,,,,
Cntf,30.66391,28.68986,28.99591,28.99591,22.57207,,22.52924,22.550655
Hsd11b2,,,,,,,,
Ccl9,,,,,,,,
Ccr1,,20.0671,19.49639,19.781745,,16.60755,,16.60755
Adcy7,21.41947,21.85897,23.11011,21.85897,20.06999,20.58178,15.79984,20.06999
Ocm,,,,,,,,
Apobec1,,,22.97891,22.97891,,,19.16497,19.16497
Ccna2,19.21883,,,19.21883,16.7563,16.50809,,16.632195
Sqle,24.68459,23.91388,23.31755,23.91388,25.35579,24.60829,23.55169,24.60829
Pon1,,,20.91845,20.91845,20.59396,19.8233,19.69734,19.8233
Usp10,,,,,,,,
Ube2e1,23.79035,,23.08997,23.44016,23.56162,22.92196,22.6285,22.92196
S1pr2,,,25.33385,25.33385,,,22.29866,22.29866
Efna2,,,,,21.24702,20.28568,,20.76635
Hmga2,26.81507,27.16959,26.46375,26.81507,21.72092,,22.03513,21.878025
Epb41l4a,23.51605,23.06059,23.06617,23.06617,22.02307,20.5966,19.32021,20.5966
Rpl10a,,,,,,,,
Map3k1,,,,,,,14.14617,14.14617
Plk2,,,,,21.95195,20.88785,21.15369,21.15369
Nudt1,21.06809,,21.59072,21.329405,,,,
Cux1,,18.59758,,18.59758,,,,
Cebpa,,,21.89408,21.89408,,,21.78736,21.78736
Cebpg,26.69232,26.31698,26.85519,26.69232,,,,
Pklr,,,,,,,18.86771,18.86771
Arnt,21.25407,22.33772,20.42849,21.25407,20.80041,20.66145,,20.73093
Sox1,,22.22267,,22.22267,,20.18604,19.57113,19.878585
Sox3,,,,,21.18912,,,21.18912
Pctp,22.85483,,,22.85483,21.93582,,,21.93582
Cnbp,25.71474,24.99865,24.26098,24.99865,23.91907,25.01304,23.98737,23.98737
Eln,23.48959,22.71737,23.01488,23.01488,20.94428,21.3444,20.01182,20.94428
St3gal1,21.82745,21.91273,21.75263,21.82745,21.46996,21.89227,21.92274,21.89227
Ephb4,20.4914,19.05142,18.88507,19.05142,17.73351,18.27808,,18.005795
Mafb,,,,,,,,
Maf,,,,,,,,
Mfap2,,,,,,,,
Gcg,,,,,23.5451,21.72866,23.03137,23.03137
Adk,,,,,,,,
Cdkn2b,20.65814,,17.48786,19.073,15.8119,,,15.8119
Dsc2,23.22292,22.73076,23.39885,23.22292,21.9491,21.68037,21.29726,21.68037
Golga3,20.86673,22.66018,21.4066,21.4066,18.7282,18.81934,19.13974,18.81934
Cks2,19.09086,19.74792,19.36592,19.36592,22.75693,21.47853,22.25301,22.25301
Cox7b,30.95144,31.38869,30.94119,30.95144,28.53092,29.28405,29.06296,29.06296
Cckbr,,,,,,,,
Csta,,,,,,,,
St14,,,16.83541,16.83541,21.42941,21.42019,,21.4248
Evc,22.99843,19.8372,21.60132,21.60132,13.45263,,,13.45263
Pcbp3,22.72825,,,22.72825,22.81507,22.63673,22.59211,22.63673
Pcbp4,25.73573,24.51719,23.5775,24.51719,25.44376,26.08211,25.09346,25.44376
Rce1,22.45503,,18.73747,20.59625,22.9732,23.57738,18.62988,22.9732
Loxl2,22.46605,21.72067,21.57478,21.72067,,,18.35836,18.35836
Sesn2,24.67401,23.16892,23.36359,23.36359,22.46645,22.41965,21.64895,22.41965
Plscr4,24.47643,,,24.47643,,,16.7176,16.7176
Rnf216,21.27281,20.27185,20.03952,20.27185,19.38446,18.08851,19.26215,19.26215
Kcnn3,21.27634,20.02432,20.41152,20.41152,,,,
Fam207a,,21.07627,21.34614,21.211205,19.88377,19.03478,17.86985,19.03478
Btbd3,,,,,,,,
Tlr8,,18.65334,19.78192,19.21763,,,13.70412,13.70412
,,,,,23.69466,,22.56614,23.1304
Tpm2,27.00657,26.11613,25.67368,26.11613,19.27157,,,19.27157
Ripk2,23.82949,22.35504,22.31257,22.35504,20.79883,,,20.79883
Lrrc3,,,,,,,,
Pdrg1,25.08631,23.71743,25.14211,25.08631,,,22.60664,22.60664
Csrnp3,,,,,21.03127,22.39545,19.87807,21.03127
L3mbtl2,,,,,,,,
Scarf2,21.85616,18.57714,,20.21665,,,,
Fitm2,24.51665,,,24.51665,,,23.24266,23.24266
Zdhhc9,,,,,,,,
B3gat2,,,,,20.36442,,18.23159,19.298005
Adamts15,,20.70986,,20.70986,19.95376,20.22317,18.04905,19.95376
Asxl1,,,,,17.58908,,17.21134,17.40021
Fxyd7,,,,,,,,
Anks1a,22.06989,20.01264,21.50213,21.50213,17.42677,18.41026,19.48168,18.41026
Rin3,19.526,18.77468,18.62532,18.77468,,20.27719,,20.27719
Sirt6,,,,,22.17609,21.21229,21.39702,21.39702
Elof1,28.09189,26.83074,28.34036,28.09189,26.00652,25.74193,25.9183,25.9183
Sst,,,,,25.74191,26.46112,26.17999,26.17999
Cks1b;Cks1brt,,,,,,,,
Ube2d1,,,26.42792,26.42792,27.69763,27.86361,27.55896,27.69763
Tmem258,24.1255,23.25537,23.44607,23.44607,23.85662,24.2558,23.63677,23.85662
Drd2,,,,,,,,
Cops2,,,,,,,,
Arf3,,,,,21.4497,20.96557,20.0494,20.96557
Arl4a,19.61872,21.09758,,20.35815,20.92223,20.56197,,20.7421
Taf13,,,,,22.21027,21.45834,20.4139,21.45834
Polr2f,26.14346,,,26.14346,,,24.16607,24.16607
Ypel3,,,,,,,,
Gal3st3,,,,,19.65139,17.3705,18.71954,18.71954
Fgf12,,,,,,,,
Lhx5,,,,,17.21086,,16.11831,16.664585
Smg6,23.0444,21.43853,21.59122,21.59122,19.77275,21.49546,20.94206,20.94206
Rnd3,22.12676,18.81806,,20.47241,21.89944,20.38553,20.75287,20.75287
Itga11,18.45314,,,18.45314,19.44437,16.66108,,18.052725
Lmo4,22.44144,20.93164,20.04046,20.93164,24.05953,24.56349,24.48235,24.48235
Tspan5,22.45048,21.76693,21.58971,21.76693,20.60386,21.77197,21.87972,21.77197
Btg1,,,,,22.63856,,,22.63856
Rab11a,,,,,,,,
Tsc22d1,,,,,24.24757,25.50413,24.94962,24.94962
Esrrg,19.93977,19.52747,19.41557,19.52747,,19.32797,,19.32797
Pou3f4,,20.63325,23.52217,22.07771,22.62388,22.42511,20.8148,22.42511
S100a3,,,,,,,,
Rab1A,,,,,,19.612,,19.612
Ube2d2,20.03617,23.84891,24.73805,23.84891,,,,
Rpl39,29.53036,30.30932,29.05985,29.53036,29.24459,27.90931,28.74666,28.74666
Cacng7,19.07368,,,19.07368,15.39393,20.59432,,17.994125
Pax6,24.66541,24.28277,25.21508,24.66541,,,,
Pax6,,,,,,,,
Hspd1,,,,,,,,
Gng8,,,,,,21.96965,,21.96965
Nfyb,24.42956,24.53154,25.36953,24.53154,22.75293,22.4366,22.36592,22.4366
Barhl1,17.98354,,,17.98354,,,,
Sepw1,,,,,,,,
Acta1,,,,,,,,
Prkacb,,,,,,,,
Tuba1c,24.07904,24.84101,23.68485,24.07904,24.68806,24.74417,22.97225,24.68806
Prkcb,,,,,,,,
Hist1h3a,,,,,,,,
Serpinb5,23.28348,18.8906,17.21029,18.8906,20.9549,20.1795,19.15393,20.1795
Cpeb1,,,,,,15.51508,,15.51508
Pip5k1a,22.01594,20.7628,20.65036,20.7628,,,,
Hiat1,,,,,,,,
Traf5,20.47189,,17.84616,19.159025,18.26723,,20.01264,19.139935
Map4k1,,14.0574,19.4536,16.7555,19.74585,,,19.74585
Gimap1,,,,,,,,
Nfix,24.32086,23.29292,21.77471,23.29292,,17.41005,,17.41005
Sepp1,,19.93171,20.74821,20.33996,,,,
Cux2,,,,,17.719,,15.41495,16.566975
Ntsr2,,,,,18.64945,,19.10365,18.87655
Nos3,,19.28281,,19.28281,19.00963,,,19.00963
Rock2,22.35383,22.34589,21.95798,22.34589,20.74534,,,20.74534
Smad1,19.54495,,21.31136,20.428155,23.35326,24.44316,24.00076,24.00076
Casp4,,20.76943,,20.76943,,,,
Ezh1,18.71018,17.3067,,18.00844,20.01373,18.92335,18.94392,18.94392
Ncoa1,,,,,15.64909,14.60044,14.32734,14.60044
Terf1,,,18.82321,18.82321,,,,
Igfals,,,,,,,,
Dlx5,,,,,21.36762,18.59936,19.47398,19.47398
Tp53bp1,22.20344,19.8747,,21.03907,20.84437,20.4865,20.09777,20.4865
Galnt3,22.42877,,,22.42877,,,,
Erbb2,22.00185,21.68312,19.14957,21.68312,18.6792,,17.07525,17.877225
Irf7,,,,,,,,
Fer,,,,,,,,
Pde7a,22.00247,19.52116,21.57764,21.57764,21.49121,21.00922,20.72351,21.00922
Cxcr4,,,,,15.53303,15.70076,22.09429,15.70076
Ldb1,,23.50773,22.1084,22.808065,26.09561,26.07786,24.84115,26.07786
Fbp2,,,,,,,,
Polr1b,21.00374,18.72996,20.4079,20.4079,20.85003,21.4027,19.75112,20.85003
Atp8a1,19.39174,19.53366,18.41522,19.39174,22.20675,21.01352,21.97918,21.97918
Gabpb2,22.55651,19.87938,16.82376,19.87938,17.46746,,,17.46746
Atf1,23.26385,23.01163,21.83101,23.01163,,,23.10885,23.10885
Tgfbi,21.39095,20.28613,19.82935,20.28613,,15.6586,,15.6586
Sgcd,23.52886,22.88642,20.85491,22.88642,18.07195,,19.39303,18.73249
Sgcb,21.94771,,,21.94771,19.53746,,20.64834,20.0929
Tnfrsf26,,,,,,,,
Serf2;Serf1,27.88227,27.45732,27.15596,27.45732,22.94296,24.01878,23.48272,23.48272
Kcnj13,,,,,,,,
Bend4,,,,,22.98485,24.11791,22.88138,22.98485
Mcl1,24.30452,23.17729,22.37348,23.17729,20.27025,15.27917,20.88725,20.27025
Serping1,22.86238,20.82089,20.92636,20.92636,,,,
Bach1,22.10165,21.25638,20.64711,21.25638,19.11543,20.38248,16.51246,19.11543
Polr1d,26.49033,24.97329,25.64174,25.64174,22.45949,23.09819,23.11044,23.09819
Csrp2,29.44898,29.33811,29.06935,29.33811,25.85754,25.58646,25.35491,25.58646
Dab1,21.85076,20.66544,,21.2581,22.55157,21.48025,22.79555,22.55157
Kif20a,,,,,,,,
Uhmk1,,,,,,,,
Pkp1,23.0946,20.81769,21.35976,21.35976,16.34447,16.50227,,16.42337
Taf1b,,18.65526,,18.65526,19.10375,18.66664,18.02036,18.66664
Etv6,21.32444,20.51538,17.68866,20.51538,19.46519,19.63858,17.27467,19.46519
Bpifa1,,,,,25.9675,,22.35127,24.159385
Cdk2,21.14675,20.91218,21.28065,21.14675,22.45866,22.09133,21.35445,22.09133
G3bp2,,,,,,,,
Lyst,21.40691,,,21.40691,,,,
Ear2;Ear3,,,,,,,,
Ear1;Ear10,,19.63014,18.82656,19.22835,,,,
Rgs16,,,,,,,,
Mprip,25.10229,24.5134,25.05602,25.05602,18.54215,17.84506,,18.193605
Slbp,,,,,,,,
Mylpf,,,,,,,,
Npas1,,,18.97693,18.97693,18.43803,18.05743,18.95617,18.43803
Ext1,21.53692,16.19094,,18.86393,22.6445,23.75032,22.3792,22.6445
Dok1,23.62109,21.43084,23.31852,23.31852,17.61022,17.49935,,17.554785
Nog,,,,,,,,
Cmklr1,,,,,,,,
Aurka,,,,,18.61313,17.23173,16.82811,17.23173
Lilrb3,,17.25396,,17.25396,24.35857,,22.6929,23.525735
Tep1,22.21996,21.10572,22.45613,22.21996,19.28374,19.71109,20.32619,19.71109
Nkx3-2,,,22.22414,22.22414,,,,
Adra1a,,,,,19.65505,21.80274,,20.728895
Gdf10,,,16.00527,16.00527,23.71051,24.12353,23.15604,23.71051
rp9,19.30817,,20.60223,19.9552,21.01767,21.04827,20.92839,21.01767
Grm1,,,,,,,,
Mllt11,21.78772,,,21.78772,25.84391,25.30375,24.60688,25.30375
Cry1,20.47289,,19.36771,19.9203,19.39192,17.88608,20.09042,19.39192
Gfra1,22.17023,20.37422,,21.272225,18.70978,,17.98904,18.34941
Gfra1,,,,,,,,
Sirpa,,,,,,,,
Smn1,22.83852,19.78831,,21.313415,26.27556,26.12648,25.49433,26.12648
Fxyd5,25.04889,,,25.04889,,,,
Pstpip1,19.54875,19.89401,19.86697,19.86697,20.62801,,21.34001,20.98401
Pla2g6,20.94335,,18.9812,19.962275,,,,
Ctsc,28.40251,27.01691,27.58233,27.58233,23.18742,22.4679,21.28071,22.4679
Adamts1,20.12212,18.24047,20.28433,20.12212,18.94278,17.6473,19.1804,18.94278
Slc35b1,22.11997,22.18032,21.16429,22.11997,23.97701,24.43962,23.59218,23.97701
Nfib,,,,,,,,
Casp7,25.04972,23.62143,24.28489,24.28489,23.31838,23.22401,22.48139,23.22401
Loxl1,21.56551,22.54971,18.00196,21.56551,,,,
Bmp1,21.30441,17.5268,20.59969,20.59969,18.02869,19.37301,17.62835,18.02869
Masp1,,,,,,,17.57637,17.57637
Gchfr,26.11362,,26.0982,26.10591,20.3848,,21.72476,21.05478
Cebpd,25.28281,24.27035,24.35138,24.35138,,,,
Gabpb1,23.92868,,,23.92868,22.77842,20.59532,21.09359,21.09359
Hmmr,,,16.90736,16.90736,,,,
Cd80,18.60989,,,18.60989,17.27294,16.84843,,17.060685
Col8a1,26.00367,24.60003,24.80833,24.80833,,,14.48142,14.48142
Serpina1c,,,,,,,,
Serpina1d,,24.11211,24.41216,24.262135,,,27.84524,27.84524
Csf2ra,20.97484,,,20.97484,21.19478,,20.68851,20.941645
Gjb2,,,,,,,,
Axl,21.11521,,20.16251,20.63886,18.39058,,15.07548,16.73303
Pde4d,,,,,,,,
Hmgcr,22.76927,20.16153,20.01045,20.16153,22.46869,22.97181,21.92969,22.46869
Adra2a,22.03641,19.89487,,20.96564,22.46941,22.11124,21.48724,22.11124
Apoh,,,,,,,,
Notch1,22.31027,21.73074,21.05649,21.73074,14.66911,19.4529,14.49835,14.66911
Gas1,25.31157,24.15538,24.75364,24.75364,24.73221,24.96996,,24.851085
Ly9,15.52699,18.21613,20.26957,18.21613,19.63752,14.60432,,17.12092
Aqp1,,,,,,,,
Ascl1,,,,,,,,
Zfp39,,,,,11.98142,12.42022,20.99811,12.42022
Zfp41,,,,,21.82275,20.02391,,20.92333
Sap30bp,22.75256,22.07025,22.49302,22.49302,21.85331,21.6699,21.40883,21.6699
Epha2,23.91907,24.15576,24.36933,24.15576,15.89536,15.01968,,15.45752
Ddr1,24.40373,24.19678,23.28207,24.19678,21.08479,20.29771,20.5242,20.5242
Bche,,15.88658,17.66192,16.77425,,,,
Grin2d,20.35982,18.27235,,19.316085,17.93128,18.70229,18.8665,18.70229
Crisp3,,,,,19.26728,20.72376,19.02033,19.26728
Serpina3m,,,,,,,,
Npy1r,,,,,20.52593,20.34635,19.92476,20.34635
Emx1,,,,,21.31943,19.45184,20.87192,20.87192
Pkib,,,18.43864,18.43864,,19.98412,,19.98412
Sox8,,23.21189,,23.21189,,,,
Sox9,26.4095,25.47141,25.11502,25.47141,18.39507,,,18.39507
Sox13,,17.12656,,17.12656,18.53366,,18.10221,18.317935
Sox14,,,,,,,,
Inhba,,,,,17.01476,18.07828,18.2945,18.07828
Acp5,,,,,20.12326,20.72442,,20.42384
Rac2,27.02886,25.75921,25.07521,25.75921,,,21.66726,21.66726
Folr2,,,,,16.0799,16.50465,15.85199,16.0799
Col9a1,17.52803,17.31875,,17.42339,,,20.04767,20.04767
Sry,,,,,,,,
Ptgs2,,16.88691,19.99686,18.441885,,18.61018,,18.61018
Hspg2,24.12313,23.05831,23.1123,23.1123,19.1696,18.60041,18.27585,18.60041
Adam8,18.74014,20.20204,19.91189,19.91189,18.85833,19.074,20.39352,19.074
Gch1,23.87258,21.11636,21.71217,21.71217,,21.45543,,21.45543
Intu,21.62395,21.45423,21.08719,21.45423,15.10803,15.73121,,15.41962
Intu,21.6823,,,21.6823,,,,
Mex3c,,21.96937,21.95823,21.9638,22.44104,21.33358,21.57094,21.57094
,,20.00703,20.0422,20.024615,18.54601,18.55112,,18.548565
Eml1,22.18556,20.84827,20.40208,20.84827,,20.71448,20.58353,20.649005
Fam89b,23.45475,24.27006,23.5813,23.5813,24.4084,24.58761,24.33974,24.4084
Hbegf,25.8779,24.72567,24.80538,24.80538,23.15485,21.85761,22.34646,22.34646
Aplp2,,,,,19.5382,,18.80373,19.170965
Serpina6,,,,,,,,
Sox4,21.63923,,,21.63923,21.24522,20.97001,20.53535,20.97001
Ect2,,,,,,,,
Map3k8,,,,,,,,
Zscan21,16.5904,19.81333,21.27986,19.81333,,,19.72798,19.72798
Mtf1,,,19.9245,19.9245,23.37451,23.01441,22.58873,23.01441
Ambp,26.16854,23.49057,26.51766,26.16854,19.63142,19.6076,,19.61951
Cd244,,17.6513,,17.6513,21.07581,,,21.07581
Ebf1,,,,,,,,
Plk1,20.4499,,,20.4499,,,,
F13b,21.52224,19.56292,18.75841,19.56292,17.01672,15.38542,19.60174,17.01672
Cbfb,,24.29495,,24.29495,22.15001,,19.78208,20.966045
Tle3,,,,,19.85223,,,19.85223
Tgm3,,,,,,16.78724,,16.78724
Zbtb14,,18.65784,,18.65784,,17.93962,,17.93962
Kcnma1,,,,,16.87364,16.95821,,16.915925
Ifi205b,23.49668,20.69294,,22.09481,21.8187,,,21.8187
Tfdp1,24.80474,22.58422,21.46573,22.58422,23.62834,21.67172,21.37571,21.67172
Rbp2,24.66101,26.29065,26.35899,26.29065,,,,
,19.99645,20.18471,18.2813,19.99645,,,,
Galnt14,,,,,18.15872,18.69193,,18.425325
Gcnt1,,,,,,,,
Asprv1,,,,,,,,
Inf2,,19.69546,,19.69546,,,,
Fam184b,17.64653,,,17.64653,18.31004,20.71045,19.44271,19.44271
Neurl1b,,,,,,,,
Eif4e2,,,23.32636,23.32636,,21.23128,,21.23128
Cntnap5c,17.47144,,,17.47144,14.13723,18.46639,,16.30181
Cntnap5b,22.17326,24.93409,26.18238,24.93409,20.13934,19.57034,20.4496,20.13934
Exph5,,,,,,,,
Tigd2,,,,,,,,
Ppapdc1a,,,,,,,,
Rundc1,23.13317,20.14071,19.91523,20.14071,,14.6967,18.96107,16.828885
Znf800;Zfp800,22.97074,21.65853,21.92474,21.92474,23.00337,17.10973,19.14549,19.14549
,,,,,21.51321,,,21.51321
Mgat3,,,,,18.73922,,,18.73922
Fut4,,,,,,,,
St3gal2,,20.00388,,20.00388,18.69193,20.72949,20.35649,20.35649
Ppp1r32,21.86272,22.5322,21.6368,21.86272,18.46152,20.62435,18.5521,18.5521
Fam83h,20.42429,18.85808,21.11763,20.42429,,16.3707,16.4742,16.42245
Perm1,,,,,,,,
Tekt4,20.62774,18.24372,16.44952,18.24372,,,,
Ppm1j,,,,,19.21464,,,19.21464
Cenpl,,,,,,,,
Rpusd3,20.92245,21.74139,20.99921,20.99921,22.95349,22.90239,22.4197,22.90239
,,19.76693,,19.76693,,18.38334,,18.38334
Cdk12,21.41183,21.02776,21.21353,21.21353,20.06526,19.52507,18.62628,19.52507
Cep95,21.28212,20.93927,21.03939,21.03939,21.40831,21.18773,13.17814,21.18773
Cdca2,,,,,,,15.00062,15.00062
Kif9,20.17694,20.43929,20.17463,20.17694,,,,
,22.6474,20.99162,21.30708,21.30708,,,,
Zfp935,,,,,13.09731,,,13.09731
Fam219b,,,,,20.14345,18.48373,,19.31359
Dok7,20.51432,,,20.51432,,,,
Zbtb48,,21.20741,18.80659,20.007,,,17.34013,17.34013
Map3k13,,,,,20.1488,18.09342,19.6386,19.6386
Slc35f3,27.66024,27.56652,27.60922,27.60922,25.12041,25.33691,25.30574,25.30574
Trim72,,,,,,,,
Dok6,,20.27378,,20.27378,18.14554,17.84224,,17.99389
Tctn2,22.93179,22.64513,21.92644,22.64513,,,19.25772,19.25772
Vax1,,,,,19.33313,19.76715,18.98771,19.33313
Malt1,,,,,,,,
Malt1,22.41625,21.53744,22.2928,22.2928,16.32589,18.10973,16.71773,16.71773
Ms4a6d,,,,,,,,
Col28a1,,,,,,,,
Gbp8,18.67996,,,18.67996,,,,
Cd163,,,,,,21.33511,,21.33511
Helq,18.81212,17.59368,,18.2029,15.20086,16.12995,15.00825,15.20086
Pilra,,,,,,,,
H2-M3,,,21.39189,21.39189,,,21.87965,21.87965
H2-DMb1;H2-DMb2,,,,,,19.03864,18.82115,18.929895
Slc39a7,23.58829,23.80666,23.44531,23.58829,22.2633,20.84827,22.39908,22.2633
H2-DMa,,,,,,,,
Ak8,21.78576,20.41204,19.82861,20.41204,,18.82243,,18.82243
Dus4l,,,21.65119,21.65119,,,18.66112,18.66112
,,,,,,,,
Acot6,20.26224,,,20.26224,,19.14213,18.29244,18.717285
Pdss1,,17.90325,,17.90325,19.8662,19.20036,23.38192,19.8662
Pdss2,20.52755,21.38084,19.46062,20.52755,20.74411,20.97274,20.90969,20.90969
Nhej1,20.28647,,22.03426,21.160365,,,,
Cyb5r2,24.94423,26.02701,25.59243,25.59243,,,,
Tmem69,,,,,,,20.80041,20.80041
Zbtb38,17.8317,,,17.8317,19.49561,19.85524,18.94252,19.49561
Ccbe1,,23.99903,24.40041,24.19972,25.9877,,18.98022,22.48396
Tnip3,,,,,,,,
Slc2a9,,,,,,,19.78035,19.78035
Tmem120b,,,,,,18.79192,18.55839,18.675155
Selplg,,,,,22.61304,,,22.61304
Alg6,,16.15312,,16.15312,20.57348,20.31926,,20.44637
Ap5b1,,19.21831,,19.21831,19.31922,21.1384,20.18604,20.18604
Milr1,21.01604,,18.53104,19.77354,,,,
Tnfaip8l3,,,,,,,21.82198,21.82198
Tmem248,,,,,,,,
Tmem173,23.31063,21.4287,,22.369665,14.94814,,20.00333,17.475735
Kcnk6,,20.42132,,20.42132,,,,
Il1rn,,,,,,,,
Dnm2,21.58059,19.80063,19.74914,19.80063,,,,
Entpd7,18.61949,17.68968,,18.154585,19.83336,19.2444,19.3125,19.3125
Gsap,16.22639,,19.07564,17.651015,,,,
Pigq,,18.85547,21.25413,20.0548,16.60367,20.69124,22.45721,20.69124
Sppl2b,19.34726,21.34186,21.6539,21.34186,22.83076,23.31907,22.41364,22.83076
Zfp444,17.65655,,,17.65655,21.05132,16.45885,,18.755085
Mpzl1,23.0267,22.53457,23.37239,23.0267,23.98468,24.34103,24.24887,24.24887
Gpatch4,21.31678,21.68368,21.74283,21.68368,17.00624,16.83294,18.29158,17.00624
Atxn2l,,,,,,,,
H2-K1,,,,,,,,
Ttyh2,16.76215,19.85644,,18.309295,,,,
Schip1,,,,,,18.53799,,18.53799
Slc37a3,,,,,,,,
Fubp3,,18.12192,,18.12192,,,,
Llgl2,22.74314,20.44395,,21.593545,,17.33743,,17.33743
Pdlim7,29.8284,28.93157,28.92213,28.93157,19.95589,,17.85172,18.903805
Cenpt,,,,,,,,
Uba3,20.1657,19.8311,,19.9984,,19.46842,18.7761,19.12226
Prrc2c,,,,,,17.59572,,17.59572
Dtl,,,,,,,,
Smox,19.34815,20.45663,21.73389,20.45663,19.40047,18.75009,18.50475,18.75009
Micall2,25.74607,24.39159,24.14227,24.39159,,,19.96127,19.96127
Xylb,27.36444,25.83195,26.37327,26.37327,17.96882,21.91317,,19.940995
Fgd3,25.53686,25.04331,23.82124,25.04331,22.85835,22.01747,20.63812,22.01747
Itprip,20.09029,21.82334,16.8364,20.09029,18.28243,21.62663,17.63055,18.28243
Adamts4,20.35735,17.8558,19.5599,19.5599,18.72321,16.29582,18.94097,18.72321
Ctdnep1,22.40218,,22.16579,22.283985,24.21482,22.94185,23.75908,23.75908
Tmem184c,22.52023,20.39236,,21.456295,22.055,,20.1603,21.10765
Fbxo31,,19.33926,22.59026,20.96476,21.58339,21.36693,20.76879,21.36693
Zfp607,,,,,,,,
Calr4,20.0478,21.55412,21.61486,21.55412,,,,
Orc6,,,22.61749,22.61749,,,,
Gm1604A,,,,,27.14598,26.83978,25.78214,26.83978
Alkbh5,25.65485,24.36766,23.95216,24.36766,24.19746,23.67142,23.00818,23.67142
Ubxn8,21.3648,20.99307,,21.178935,20.00525,18.81312,18.52669,18.81312
,22.80574,19.40085,21.42655,21.42655,24.43606,20.79567,20.50359,20.79567
Yeats2,22.18852,19.43047,21.42834,21.42834,20.80475,16.36979,16.56689,16.56689
Dcaf17,19.62083,19.45427,19.54793,19.54793,19.38427,21.56295,20.63626,20.63626
Tex30,20.449,19.52822,,19.98861,22.28314,23.03834,22.04933,22.28314
Nr2c2ap,24.52325,24.00041,24.61493,24.52325,23.89855,23.52636,23.34557,23.52636
Ccndbp1,20.91232,,,20.91232,,,,
Hexim2,16.79741,,,16.79741,,,18.4473,18.4473
Fam105a,20.94685,20.52535,,20.7361,,,,
Tchp,,,,,,16.50201,,16.50201
Pnrc1,,,,,17.28762,15.20922,16.74123,16.74123
Gabbr1,,,,,,,,
Ap2m1,,,,,,,,
Inip,,,,,,,,
Zfyve27,,,,,22.13113,23.10207,19.78663,22.13113
Aox4,,,,,,,,
C5ar1,23.29179,,,23.29179,22.90716,22.08372,,22.49544
Slc25a33,,21.24138,,21.24138,,,,
Hbq1b;Hbq1a,,,,,,,,
Trappc9,,,,,,,,
Il1f9;Il36g,,,,,,,,
Rasip1,,,,,18.42829,17.35759,,17.89294
Zfp277,,21.06072,21.30986,21.18529,17.43852,17.24915,18.46675,17.43852
Zfp217,18.54231,16.69234,,17.617325,22.61079,22.3103,19.17048,22.3103
B3gntl1,21.5435,,,21.5435,,18.69364,,18.69364
Znf746,21.06553,,20.26614,20.665835,20.90566,,19.68295,20.294305
Cables1,21.78521,20.6172,20.26888,20.6172,18.52444,,,18.52444
Ccdc174,20.61009,20.18083,18.96149,20.18083,17.81222,16.15502,16.07946,16.15502
Crtc2,23.56116,23.09703,22.59735,23.09703,17.22138,17.99706,,17.60922
Secisbp2,,19.37033,20.71741,20.04387,18.08265,19.2668,19.85424,19.2668
Tatdn3,24.13391,22.04003,22.97895,22.97895,21.19448,21.73335,20.05325,21.19448
Lins,22.83981,15.83474,,19.337275,20.10917,20.90859,20.06815,20.10917
,20.8292,23.58898,,22.20909,,,,
Isg20l2,25.04502,22.40083,22.56521,22.56521,23.06704,22.47452,20.46144,22.47452
Slc38a5,,,,,,,,
Tfpt,17.26691,21.21009,,19.2385,,,,
Zmynd8,,,,,,,,
Srebf2,21.95589,19.73362,20.49707,20.49707,18.91319,19.47631,17.97354,18.91319
Brms1l,,,20.38205,20.38205,24.50221,23.9679,24.14562,24.14562
Map3k9,,,20.13069,20.13069,,20.24725,17.70678,18.977015
Gpsm3,22.75273,23.20459,23.59673,23.20459,24.43822,,23.14979,23.794005
Tstd2,20.70514,21.159,19.92495,20.70514,19.11271,18.81212,17.76344,18.81212
Sdhaf1,,,,,,,,
Tmem231,24.41035,24.59747,24.33552,24.41035,,,,
Lcorl,20.73438,,28.29136,24.51287,20.71515,21.03966,14.15537,20.71515
D030056L22Rik,,,,,18.5503,,,18.5503
Rnf149,,,18.9725,18.9725,21.0482,20.40624,20.49365,20.49365
Zmym5,12.85656,,18.90442,15.88049,,,,
Camkmt,,23.02489,23.24793,23.13641,,18.02751,21.47487,19.75119
Fam193b,,22.89341,21.54713,22.22027,20.88889,19.48821,19.96818,19.96818
Hvcn1,,24.43505,24.59531,24.51518,17.08057,,,17.08057
Pdcd7,20.75955,,,20.75955,20.68646,19.64153,20.22423,20.22423
Kiaa0922,19.66105,17.84095,17.78174,17.84095,20.53251,20.69396,20.12578,20.53251
Znf865;Zfp865,20.24226,,18.08223,19.162245,18.12772,20.74485,20.5148,20.5148
Clec4n;Clec6a,,20.75605,,20.75605,,,18.47338,18.47338
Mier2,,,,,,20.01318,,20.01318
Wdr62,18.8498,20.57579,19.65494,19.65494,19.58637,14.48092,17.33726,17.33726
Mxi1,,,,,,,,
Cd37,,,,,,,,
Cln6,24.90963,24.97732,24.89231,24.90963,22.10076,21.52807,22.46082,22.10076
Mfsd12,,,,,,,,
Ssbp4,,,,,,,,
Icmt,20.47971,22.51807,23.13685,22.51807,22.75847,22.3283,18.01851,22.3283
Psen2,21.19442,,,21.19442,20.82353,21.02222,20.97547,20.97547
Lig1,22.50106,15.14011,22.14482,22.14482,22.71448,22.33903,22.02591,22.33903
Yrdc,24.07022,24.92402,24.69769,24.69769,24.48462,24.48148,23.66319,24.48148
Stx11,22.01311,21.17445,22.36102,22.01311,,,,
Spata6,23.91643,23.45362,23.04133,23.45362,18.66484,15.7184,,17.19162
,23.42956,23.66644,22.6636,23.42956,,,,
Pik3r6,,,19.77079,19.77079,19.6447,,,19.6447
Gtpbp6,24.19535,22.13802,22.91227,22.91227,23.53184,23.37491,23.6672,23.53184
Rnf180,23.82978,22.75163,23.29362,23.29362,21.14233,22.32693,20.80892,21.14233
Arhgap26,,,,,,,,
Myeov2,,,,,,,,
Suv420h1,,,,,,18.76429,17.37941,18.07185
Col5a2,22.02059,18.55315,18.34776,18.55315,22.3778,21.46224,21.20586,21.46224
Rnf166,,20.88673,21.81069,21.34871,20.77724,21.37539,21.5106,21.37539
Bad,,,,,,,,
Slc16a10,,,,,21.91422,20.66631,,21.290265
Trip13,19.95929,19.83342,19.87722,19.87722,21.82516,21.47254,22.34749,21.82516
Spc25,,,,,,21.98151,,21.98151
Tbrg1,,22.63081,20.21419,21.4225,22.42419,21.98381,,22.204
Rsrp1,,,,,,,,
Rffl,,20.86393,20.89119,20.87756,20.06197,,,20.06197
Foxk2,,,,,,,,
Poldip3,,,,,,,,
Mob1b,22.83061,24.00076,24.68405,24.00076,21.19827,22.90696,18.97715,21.19827
Hgsnat,25.22258,,22.88224,24.05241,21.62382,19.37558,19.30466,19.37558
Puf60,,,,,,,,
Gm4951,21.05212,18.25705,20.28963,20.28963,,17.34326,,17.34326
Uroc1,,19.80002,21.0749,20.43746,22.45516,20.28173,19.25606,20.28173
Rnft2,,,,,20.05523,18.99181,20.34093,20.05523
Bag6,,,,,19.75326,,20.54943,20.151345
Nom1,19.95929,18.04729,19.9369,19.9369,20.47981,20.99106,20.46802,20.47981
Dgcr14,21.68046,22.3978,20.35348,21.68046,22.35566,21.22612,21.75996,21.75996
Gpatch11,23.84537,23.96111,,23.90324,23.04223,21.29367,23.23343,23.04223
Rrp36,,,20.38184,20.38184,,26.30701,,26.30701
Rsph3a;Rsph3b,21.04933,18.90245,,19.97589,,,,
Kmt2e,18.59011,20.77145,22.29922,20.77145,19.22769,14.9805,19.24878,19.22769
Nat9,24.61588,24.37637,24.72114,24.61588,22.38722,23.85586,22.21519,22.38722
Rreb1,19.26082,18.41572,18.30621,18.41572,17.806,16.50865,16.13419,16.50865
Sdk1,18.78839,16.61942,16.25508,16.61942,17.51568,,16.728,17.12184
Limch1,,,,,,,,
Lrrk1,21.99886,19.31959,19.99686,19.99686,,16.43736,14.90745,15.672405
Ndst1,23.13673,21.67896,21.48935,21.67896,23.55508,22.62228,21.97004,22.62228
D2Wsu81e,19.55579,19.96367,21.63139,19.96367,,,,
Prmt2,21.11661,20.26499,20.43329,20.43329,22.95587,23.33579,23.23393,23.23393
Cnep1r1,23.62277,,,23.62277,,19.93171,19.69156,19.811635
Ccdc61,21.34386,21.2227,19.24435,21.2227,,,17.76273,17.76273
Armc7,,,,,,,,
B9d2,22.65665,25.51776,24.25415,24.25415,23.09442,21.17731,23.04534,23.04534
Pcgf5,21.75792,21.00347,21.43802,21.43802,15.92831,,,15.92831
Ell2,,21.40348,21.36496,21.38422,21.51215,22.24551,19.36147,21.51215
Btrc,,,,,,,,
Pin1rt1,,,,,,,,
Cdk10,,,,,,,,
Mapkapk3,19.92048,18.49518,20.71515,19.92048,18.02886,14.74231,,16.385585
Eml4,,,17.5092,17.5092,,,16.79981,16.79981
Mcpt4,,,,,,,,
Nxt2,22.38261,23.81274,24.40866,23.81274,21.59131,21.35687,22.57858,21.59131
Skap2,24.11854,23.44038,21.89767,23.44038,19.57626,19.0813,21.30647,19.57626
Nlrc4,14.44553,,,14.44553,16.63098,,,16.63098
Cd22,,,17.64054,17.64054,,,15.20105,15.20105
Cracr2a,,,,,,21.50329,22.07401,21.78865
Elane,,,,,,,,
,18.71179,17.09332,,17.902555,16.33176,15.18096,20.04807,16.33176
Arhgef40,,,,,,,,
Fam198b,,,,,,,,
Cep63,21.07176,19.31068,18.34914,19.31068,23.69254,18.98812,22.2678,22.2678
Shisa3,,,,,,,,
Kcnab2,,,,,,,18.94389,18.94389
Zfp953;Gm28044,20.04287,,19.2126,19.627735,,,,
Elf3,,20.55206,,20.55206,,14.96916,15.05579,15.012475
Sema5a,,,20.44627,20.44627,14.60328,18.56268,,16.58298
Zbtb16,,,,,18.52214,20.00429,,19.263215
Pxdn,16.22504,20.61288,21.03127,20.61288,19.61358,20.33429,19.96522,19.96522
Fam188b,25.02428,23.04096,22.16928,23.04096,21.33811,19.87421,14.66955,19.87421
Kbtbd8,17.40083,,15.28941,16.34512,23.74991,22.22538,,22.987645
Gm1673,,,,,,,,
Myrf,16.57431,24.2553,24.67406,24.2553,,,,
Snx21,23.87361,22.54326,22.21181,22.54326,14.06474,,14.13451,14.099625
Slmap,,,,,,,,
Nkain3,,,,,,,,
Mthfsd,21.6829,19.19181,,20.437355,23.0549,22.95372,20.82229,22.95372
Tbc1d32,22.83152,21.32877,21.3356,21.3356,17.80606,17.70259,18.8684,17.80606
R3hdm1,,,,,,,,
Znf48,,17.18311,,17.18311,16.6918,15.87558,,16.28369
Fchsd2,,,,,,,,
Klhdc9,,21.94349,20.78269,21.36309,,21.74008,22.94947,22.344775
Foxred2,,17.31928,18.25921,17.789245,21.67676,20.58426,20.74501,20.74501
Lipo1;Lipo2,,,20.95731,20.95731,19.55067,,,19.55067
A630001G21Rik,,,20.21573,20.21573,15.99539,16.00303,,15.99921
Mdm4,17.32096,17.67342,,17.49719,18.53408,19.658,15.66864,18.53408
Smim15,,,,,,,,
Zfp868,,22.91869,18.5806,20.749645,,,,
Thsd4,20.72551,19.40688,19.71569,19.71569,,,,
Scimp,,,,,,,,
Chpf2,24.38159,16.69588,17.75649,17.75649,20.3208,19.69212,19.77881,19.77881
Cdc42bpa,,,,,,,,
Ciz1,23.9402,21.31556,22.43578,22.43578,22.66622,22.47662,20.49042,22.47662
Itpripl2,18.69734,19.47868,18.06902,18.69734,,,,
Krt76,25.93724,25.26163,26.14013,25.93724,17.94889,,,17.94889
Nr1d1,20.22717,,,20.22717,,,,
Tmtc1,12.50921,,18.61043,15.55982,17.5743,16.09873,,16.836515
Tlr6,19.13355,14.72126,,16.927405,,,,
Lgr6,,,,,,,,
Slc30a10,,,,,19.13566,22.028,19.49652,19.49652
Dlgap1,,18.87918,18.93462,18.9069,,,,
Gpr149,16.4439,,,16.4439,18.78896,18.95552,20.37962,18.95552
Kdm7a,19.71058,15.56837,,17.639475,16.69057,18.82423,,17.7574
Gas2l3,,,,,13.27692,,,13.27692
Tubal3,22.47249,24.19753,23.88418,23.88418,24.24402,24.42406,24.54032,24.42406
Ccdc114,23.13449,21.54118,21.11515,21.54118,,,,
Pecr,24.58755,23.29418,23.1169,23.29418,22.78778,21.93391,19.58391,21.93391
Kiz,22.44116,21.51975,21.70028,21.70028,,20.73967,,20.73967
Ccnc,,17.88041,,17.88041,,,,
Fdxacb1,,24.31368,,24.31368,,,20.85946,20.85946
Atrx,,,,,,,,
Lrrc55,,,,,,,,
Dnaaf3,24.65736,24.348,24.415,24.415,22.58671,21.66917,,22.12794
Rnpc3,20.71331,18.20529,21.04046,20.71331,21.20938,20.26511,20.33919,20.33919
Nfatc3,20.67357,19.83522,20.57117,20.57117,,16.46076,,16.46076
Fam86a;Fam86,24.27519,24.0676,23.06235,24.0676,20.8711,,,20.8711
Sult1d1,,18.16226,,18.16226,,,,
Usp48,16.49425,15.83484,15.58505,15.83484,16.15326,,16.05831,16.105785
Prr7,20.58399,21.68063,,21.13231,22.68097,22.17268,22.05205,22.17268
Tmem237,27.0477,26.11817,26.19852,26.19852,20.83082,17.27676,21.29154,20.83082
Spag8,23.42739,21.5147,21.72966,21.72966,,,,
Prr3,,,,,22.09713,22.91771,22.08138,22.09713
Phc1,20.45443,,,20.45443,20.21691,21.52865,21.26344,21.26344
Olfml2b,,,,,17.59951,17.72767,16.38499,17.59951
Ckap2,21.81108,21.32647,22.55023,21.81108,20.52267,20.47536,19.0081,20.47536
Slco2b1,17.58432,16.0671,17.22336,17.22336,19.24447,19.55992,20.0426,19.55992
Igsf10,20.89948,17.40241,17.90042,17.90042,,,,
Mfhas1,,16.75486,,16.75486,20.91371,20.79337,19.89112,20.79337
Rusc2,20.27059,,16.1219,18.196245,19.64375,21.32108,21.15943,21.15943
Rps4l,19.78759,20.02648,16.81378,19.78759,21.26539,21.61477,20.38848,21.26539
N4bp2l1,20.77282,19.75558,21.25327,20.77282,19.34339,,17.47833,18.41086
Kif22,,,,,19.47507,17.41262,20.00484,19.47507
Gpr165,,,,,,,,
Zbtb2,20.62908,21.32014,21.14271,21.14271,21.15376,21.59864,16.86375,21.15376
,25.65878,,,25.65878,,,,
Gm561,24.81289,26.37668,22.61935,24.81289,22.41784,22.53155,22.65851,22.53155
Krtap4-6,,,,,,,,
Naa10,23.66601,23.36212,23.61975,23.61975,,21.31274,21.52602,21.41938
Vezt,,,,,,20.17255,,20.17255
Zfand3,,21.73066,22.8491,22.28988,19.9583,19.8103,,19.8843
BC100530,,17.4708,18.49791,17.984355,,,,
Bahd1,,,,,,,,
Foxn3,,,,,16.96285,17.07138,21.36094,17.07138
,23.52886,23.4706,21.68355,23.4706,21.84995,21.32762,21.47492,21.47492
Shank3,,,,,,,,
Ddx49,21.89453,21.12931,22.6988,21.89453,21.07874,21.99866,20.41369,21.07874
Ndufa4l2,,,,,,,,
Ubn1,15.43765,,20.64667,18.04216,18.61795,,17.30626,17.962105
Tet2,,15.89683,16.75016,16.323495,16.80019,17.72674,17.47239,17.47239
Oxr1,,16.9418,,16.9418,21.03302,,17.47263,19.252825
Unc13a,,,,,21.15171,20.60991,19.42984,20.60991
Sema3g,,,,,,,,
Nkain2,,,,,,,,
A530054K11Rik,19.66192,,,19.66192,16.91555,19.4132,16.34776,16.91555
Atad5,24.74924,24.73014,24.24619,24.73014,16.27511,19.14435,20.00648,19.14435
Srek1ip1,,,,,21.4405,20.9851,21.27253,21.27253
Sez6l2,,19.59696,,19.59696,,,20.48621,20.48621
Ccdc84,,18.73803,,18.73803,,,,
,,,15.69264,15.69264,22.41266,22.5605,21.37119,22.41266
Plekhg3,23.03865,21.39158,21.06763,21.39158,,,,
Gzf1,22.10188,19.78253,19.91535,19.91535,18.34694,17.41856,17.31981,17.41856
Egflam,,,,,15.43648,15.64569,15.39238,15.43648
R3hdm4,22.22105,18.86544,22.73271,22.22105,22.21558,22.30739,18.13781,22.21558
Fam173a,22.85201,,22.71362,22.782815,20.31019,14.46678,22.72119,20.31019
Ddx17,,,,,,,,
Phactr4,,17.82184,21.41421,19.618025,,,,
Nr2c1,22.11601,,20.43359,21.2748,18.56466,,18.97953,18.772095
Ldoc1l,,,,,,,,
Six3,21.58385,,,21.58385,19.12442,,19.77491,19.449665
Ccnl1,22.59512,,21.11032,21.85272,21.29905,22.43331,21.07881,21.29905
Dlg3,,,,,,,,
Magee2,,,,,22.24835,21.52912,21.99407,21.99407
Zbtb45,,,,,,,,
Kif26a,26.8417,25.22395,26.98392,26.8417,19.5816,20.1673,19.42933,19.5816
OTTMUSG00000017677,16.93917,,,16.93917,21.12041,18.4228,19.3073,19.3073
Nxpe4,,,17.75708,17.75708,,,,
Lrig2,19.29302,14.59076,17.86997,17.86997,19.70779,19.84023,20.58279,19.84023
Prune2,,,,,,,,
Cenpj,,,18.86614,18.86614,12.5762,13.97163,,13.273915
Tmtc2,,15.2884,14.40374,14.84607,17.94552,17.92596,19.36937,17.94552
Znf608,21.02188,,19.72624,20.37406,16.54872,,16.94786,16.74829
Bdp1,16.8652,16.56562,15.9702,16.56562,14.32383,11.4491,14.7079,14.32383
Lin54,21.37257,20.7704,19.96367,20.7704,,,19.31221,19.31221
Sgk223,20.94271,20.00017,,20.47144,,,,
Znf354c,19.44621,,18.41001,18.92811,20.47447,20.01604,18.93385,20.01604
Spag9,19.73708,19.87069,19.25686,19.73708,16.20995,15.71414,16.19443,16.19443
Eapp,22.028,22.43532,22.38235,22.38235,22.57015,21.73107,19.52633,21.73107
Pxmp2,,,,,,,,
Zc3h12a,,,,,,,,
Tshz1,,,,,,,,
Kiaa2022,16.16137,,,16.16137,20.25649,20.1107,19.59829,20.1107
Psd,,,,,,,,
Fam208b,19.80418,18.70479,19.49553,19.49553,18.20953,17.98982,17.38978,17.98982
Zc3h12c,16.63906,20.42101,18.3873,18.3873,19.07796,17.45193,17.11573,17.45193
Kiaa1551,24.50845,24.37345,23.26112,24.37345,18.8516,18.98095,,18.916275
Nynrin,20.7729,17.94678,17.40449,17.94678,17.86647,18.25907,18.03123,18.03123
Dcdc2;Dcdc2a,24.51623,25.87209,25.92999,25.87209,24.75226,,19.77692,22.26459
Cep164,18.37615,,,18.37615,14.75645,14.08912,13.95991,14.08912
Znf652;Zfp652,20.17121,19.9798,20.14768,20.14768,16.98804,22.41759,16.55573,16.98804
Ehmt1,21.72721,21.28698,22.05182,21.72721,22.67062,22.7602,22.37069,22.67062
Hspb6,27.63069,27.68083,27.18367,27.63069,,21.83549,,21.83549
Rassf5,,17.36085,16.8646,17.112725,,,,
Armc5,,19.83758,,19.83758,19.9032,20.17439,18.16207,19.9032
Acd,22.63533,21.96895,22.35722,22.35722,21.41276,21.60286,19.94963,21.41276
Kctd14,,,,,,,,
Wdr16,22.65298,23.03389,21.30168,22.65298,,,,
Mdh1b,21.33783,19.70548,20.09133,20.09133,,,,
Git1,,,,,,,,
Ankrd13b,,,,,21.17846,21.27906,20.93733,21.17846
Zbtb4,21.80247,18.27344,18.86523,18.86523,,,,
Abhd15,23.14464,21.13063,,22.137635,,15.37344,,15.37344
Fut10,,,,,15.9269,19.28417,16.89758,16.89758
Mup20,,,,,,,,
Ecm2,19.83237,,,19.83237,13.40288,15.43957,15.45337,15.43957
Tmem2,21.68115,20.16005,19.77012,20.16005,22.71314,22.36159,22.52114,22.52114
Arhgap1,,,,,,,,
Taf3,19.6253,19.75742,19.1704,19.6253,,,,
Znf488,,18.19523,,18.19523,,,,
Tsr3,21.83919,21.92394,22.59471,21.92394,23.3181,22.75089,22.77664,22.77664
Mtus1,20.01822,19.48225,18.4115,19.48225,,18.67807,,18.67807
Drosha,20.75467,18.9339,19.76811,19.76811,21.74209,22.00553,22.23468,22.00553
Cep44,19.7991,18.92231,,19.360705,,,17.89741,17.89741
Ppp1r13l,24.07316,23.10274,21.72305,23.10274,,,,
Serpina3g,21.78528,18.81328,18.92694,18.92694,19.10587,15.58822,21.29995,19.10587
Odf3b,24.82687,23.60003,23.5093,23.60003,,,,
Fam20c,21.1835,20.838,18.67749,20.838,22.89356,22.56314,21.61621,22.56314
Patz1,19.58919,19.44611,18.25507,19.44611,21.03999,21.226,22.094,21.226
Gm5431,,16.941,,16.941,,,,
Trim7,,19.5767,,19.5767,,,,
Trim41,20.58426,20.47675,21.36089,20.58426,21.08693,19.97407,20.40083,20.40083
Polm,,,,,,,,
Mief2,,,18.2553,18.2553,20.55065,20.10712,18.0776,20.10712
Kdm6b,,,,,21.6667,22.5736,13.94618,21.6667
Rilp,25.34218,24.89199,24.61807,24.89199,23.06627,22.67252,22.16843,22.67252
Rnmtl1,22.99191,22.79731,22.63522,22.79731,22.23658,22.90921,22.76602,22.76602
Cep112,27.056,27.44419,30.08119,27.44419,,,,
Proser1,19.80441,,,19.80441,20.71222,19.90902,21.64002,20.71222
Slc10a7,,,,,,21.18241,18.84135,20.01188
Fam64a,,,,,,,,
Zscan26,,17.60321,,17.60321,,,,
Slc44a5,,,,,20.3186,20.522,19.24507,20.3186
Capza1,25.4158,24.65867,24.61319,24.65867,23.14678,23.58864,22.40681,23.14678
Mocs1,22.64493,20.42399,20.67306,20.67306,19.92138,19.57023,18.47394,19.57023
Gstcd,22.44892,21.35359,21.30991,21.35359,19.85887,19.03096,19.92557,19.85887
Krtcap2,,,,,24.20948,24.52898,24.68298,24.52898
4930438A08Rik,,,,,,,,
Phf12,,,,,18.79513,,,18.79513
Vps54,22.54915,18.13796,17.42349,18.13796,16.02564,18.81863,19.70447,18.81863
Sec14l3,,,,,17.80707,17.86484,17.01857,17.80707
Sap30l,,,,,18.0164,17.93974,,17.97807
Tom1l2,26.79253,25.07627,25.05776,25.07627,20.78037,22.82586,22.63695,22.63695
Zdbf2,21.1442,19.42608,19.01146,19.42608,20.66952,19.81403,20.51432,20.51432
Ehbp1,,,,,,,,
Gm11992,26.58578,26.66071,26.1845,26.58578,,,,
Gas2l2,21.46374,21.85064,21.41941,21.46374,,,19.7083,19.7083
Wfdc17,,,,,,,,
Abr,,,,,,,,
Sft2d1,,,,,,,,
Tns3,26.33977,24.38574,24.46756,24.46756,20.52028,20.85399,,20.687135
Fstl4,,,,,20.77973,20.84238,20.81878,20.81878
E130309D14Rik,,,,,21.4998,20.94092,21.04039,21.04039
Ankrd40,26.12694,24.87361,24.05871,24.87361,19.22343,18.55127,22.37573,19.22343
Cacna1g,17.15482,18.48448,19.22178,18.48448,17.24998,18.10804,16.90642,17.24998
Clint1,,,,,18.62988,,,18.62988
Ctc1,21.57561,,20.6321,21.103855,20.29165,19.04388,19.6714,19.6714
Ggnbp2,22.81435,21.60318,18.21646,21.60318,18.77533,19.70634,19.09636,19.09636
Synrg,,,,,18.96065,,18.3623,18.661475
Fam101b,25.67223,23.65949,22.26891,23.65949,,,,
9930111J21Rik1,,,,,,,,
Mks1,24.91611,23.1604,23.59229,23.59229,17.06118,15.77597,,16.418575
Lpo,,,,,17.07148,,,17.07148
Tsr1,24.24322,23.72869,23.55999,23.72869,24.33599,24.28341,24.25551,24.28341
Ebf1,,,,,,,,
Rnf145,,,,,,,,
Slc25a35,24.79719,22.27193,23.44683,23.44683,19.66233,,16.12376,17.893045
Ikzf1,,,,,,,,
Med13,21.75344,19.00963,14.44741,19.00963,20.39174,20.92376,20.38606,20.39174
Myh4,,,,,,,,
Myh1,20.89401,22.50213,21.84556,21.84556,20.29715,19.34315,19.52818,19.52818
P4ha2,24.61223,22.17249,20.81597,22.17249,19.86816,,16.42177,18.144965
Shroom1,19.00566,,,19.00566,,,16.24275,16.24275
Vmo1,,,,,,,,
Znf496,,,,,,,,
Brip1,,,20.51778,20.51778,,,,
Specc1,21.94081,22.28814,22.03245,22.03245,,,,
Tmem199,,,,,20.69489,21.63165,20.72767,20.72767
Nf1,23.14546,19.94949,20.75833,20.75833,19.40433,19.00925,19.52669,19.40433
Zkscan4,,,,,,,,
Kiaa0319;D130043K22Rik,15.38104,,,15.38104,20.66362,21.74813,19.06142,20.66362
Sh3bp2,,18.16835,21.88755,20.02795,22.4978,22.85816,22.43693,22.4978
Mfsd3,,,,,,21.92922,21.08174,21.50548
Asap3,23.09241,21.20955,21.4835,21.4835,20.59131,20.17133,17.42579,20.17133
Dpp6,,,,,,,,
Dyrk2,,18.18959,,18.18959,19.92036,20.18942,21.04247,20.18942
Pou6f1,23.71314,22.97698,22.92671,22.97698,22.49045,21.90165,21.81449,21.90165
Ncoa4;Gm6768,16.06084,22.10415,21.70337,21.70337,,,16.95401,16.95401
Mrps18a,27.86124,26.52001,24.0451,26.52001,,23.61829,22.86812,23.243205
Slc25a26,19.41359,,,19.41359,21.65075,21.45403,20.69149,21.45403
Mier1,22.4541,22.40169,22.55215,22.4541,20.10942,19.5242,19.59452,19.59452
Klc1,,,,,19.22696,19.03947,19.00075,19.03947
Atp13a3,21.20824,19.65861,19.74993,19.74993,21.21353,21.41627,18.64192,21.21353
Ncoa6,22.06082,20.31959,19.79337,20.31959,18.99725,23.22344,17.1448,18.99725
Setd5,,,,,21.92038,23.16232,18.55345,21.92038
Jagn1,22.66599,23.40341,23.41854,23.40341,23.02746,27.40211,25.93988,25.93988
Zdhhc20,23.9294,,19.52673,21.728065,20.809,20.08044,17.40275,20.08044
Zdhhc18,22.72184,21.23298,22.22185,22.22185,19.4563,,,19.4563
Zdhhc8,20.85095,19.82047,17.7811,19.82047,20.38848,20.59978,20.61387,20.59978
Sema5b,,,,,19.68118,18.49623,18.36162,18.49623
Orm1,,,,,,16.8505,,16.8505
Ogdh,,,,,,,,
Scin,,20.21845,,20.21845,21.8795,20.98628,20.97295,20.98628
Adora2a,,,,,,,,
Nr1h4,,,,,,,,
Nr1h2,,,22.06671,22.06671,18.66615,18.39079,,18.52847
Klra2,21.78057,,,21.78057,,,,
Lrmp,21.05973,17.056,19.51426,19.51426,,,,
Skil,15.72411,,,15.72411,16.22068,15.76012,15.15236,15.76012
P4ha1,22.64379,,,22.64379,,,,
Cyb561,,,,,,,,
Tcf4,,,,,,,,
Ctf1,21.08874,,,21.08874,,,,
Mkrn3,23.85291,,22.51234,23.182625,23.76608,18.70114,24.23601,23.76608
Atf3,,,,,,,,
Irgm1,,,,,,,,
Tnfaip3,20.86906,20.59641,,20.732735,16.93698,19.60275,17.5706,17.5706
Cdkn2c,24.30124,24.38271,25.58374,24.38271,,15.06874,,15.06874
Cdkn2d,,19.9648,,19.9648,,,,
Elf1,22.60103,22.37459,23.03656,22.60103,,,,
Gas8,20.96494,20.31761,20.86906,20.86906,,24.07561,13.8396,18.957605
Zbtb17,,,,,,,,
Dvl2,25.16473,24.02943,23.57184,24.02943,18.28722,20.01141,20.30251,20.01141
Klf2,,,,,,,,
Hells,21.64482,,22.20168,21.92325,19.98871,,12.29336,16.141035
Ltc4s,,,20.16509,20.16509,,,,
Orc2,18.81475,20.61621,19.24556,19.24556,20.62391,19.85436,19.60243,19.85436
Eif4ebp1,30.58361,30.37171,29.77598,30.37171,26.66302,24.61762,26.17043,26.17043
Sla,18.52539,,,18.52539,22.65316,21.08323,22.13129,22.13129
Dbp,23.62689,,,23.62689,,,,
Mef2a,25.76056,25.61765,,25.689105,21.32003,24.50422,19.12093,21.32003
Mef2a,,19.18619,,19.18619,18.19677,17.65417,17.46969,17.65417
Styx,20.15413,18.97902,,19.566575,20.1493,19.59738,18.91456,19.59738
Klf3,23.53955,20.16779,20.58242,20.58242,,,,
Foxg1,25.30354,21.88766,,23.5956,23.25465,23.34571,21.94188,23.25465
Vav2,22.37968,21.37321,21.64434,21.64434,22.12569,22.91121,21.88487,22.12569
Adipoq,28.28233,26.74085,27.84876,27.84876,21.189,22.22853,20.48454,21.189
Scarb1,,,,,,20.07561,,20.07561
Dtx1,22.76913,16.77738,,19.773255,22.14585,20.65465,19.29773,20.65465
Gnb3,,,,,15.39814,,,15.39814
Gngt2,,,,,19.98899,,,19.98899
Tmpo,19.71403,20.85772,21.07424,20.85772,,,,
Tmpo,,,,,,,,
Pak3,,19.39622,,19.39622,,,,
Tsc2,,,,,19.44972,19.53765,18.94946,19.44972
Usf1,,,,,22.38435,22.29835,21.77945,22.29835
Ei24,23.72119,23.58589,23.19567,23.58589,24.73511,24.66319,24.64207,24.66319
Map3k3,19.81788,18.73188,,19.27488,,,,
Fzd3,23.55473,21.05331,19.6404,21.05331,22.68769,22.54988,22.52181,22.54988
Fzd8,20.26899,21.17579,,20.72239,,,,
Prtn3,,,,,,,,
Ksr1,,,,,15.9448,19.05139,18.7603,18.7603
Ptch1,17.88399,21.57478,17.43176,17.88399,15.81983,15.64456,,15.732195
Cln3,23.14433,22.9671,18.09774,22.9671,19.9113,22.29905,20.73851,20.73851
Cfi,,,,,20.82641,21.15283,20.05696,20.82641
Ocln,22.62232,22.53875,22.42882,22.53875,19.31526,18.99292,,19.15409
Ptpn18,15.89465,,,15.89465,,,20.90918,20.90918
Laptm5,,,,,,,,
Ezh2,,,,,21.50683,22.14607,20.63635,21.50683
Nxph1,,,19.31765,19.31765,24.21519,23.54793,23.31948,23.54793
Hif1a,19.78072,24.52031,24.76835,24.52031,20.10546,,,20.10546
Serpinf2,,,,,,,,
Tcf12,21.83109,17.88095,15.47839,17.88095,17.32105,,,17.32105
Acvrl1,,20.4501,,20.4501,18.26031,18.42608,17.29652,18.26031
,,20.30117,,20.30117,,,19.7085,19.7085
Tfap2b,,,15.43892,15.43892,,,,
Apc,,,,,,,,
Traf4,21.8651,20.49434,21.39645,21.39645,20.25707,21.94385,21.11356,21.11356
Mme,23.82939,22.52497,22.26496,22.52497,20.62239,20.70961,19.10354,20.62239
Pcolce,23.09697,,19.26247,21.17972,25.21427,24.30668,,24.760475
Gp49a,,,,,,,,
Ccne1,,,,,20.31628,19.87596,18.90419,19.87596
Cyba,32.43082,30.757,31.26869,31.26869,,,,
Znf638;Zfml,,,,,,,,
Tob1,21.99921,,,21.99921,,,,
Cd55,,,,,,,,
Dll1,,,,,18.6454,,,18.6454
Rev3l,,,,,19.70634,18.62542,18.76072,18.76072
Dsg1a;Dsg1b,22.17301,,21.08421,21.62861,,,,
Itm2a,,,,,,,,
Erbb3,,,,,16.84635,16.6967,,16.771525
Mapk6,19.79836,18.24009,18.55454,18.55454,,,,
Stard3,23.81039,22.75605,22.61897,22.75605,22.82999,22.57279,23.11786,22.82999
Fbn2,27.06897,23.60851,25.01653,25.01653,14.03205,16.36271,17.65571,16.36271
Fxr1,,,,,,,,
Ktn1,19.0691,19.52384,,19.29647,,,,
Slc20a1,21.31429,21.12212,22.02208,21.31429,18.01884,17.11685,17.1726,17.1726
Drd1,,,,,,,,
Grik5,,,,,20.77427,21.50455,18.12953,20.77427
Hp,29.66794,28.19601,29.49949,29.49949,,,,
Foxj1,23.15219,23.02149,23.02687,23.02687,,,,
Hira,21.36522,21.99386,22.80079,21.99386,22.68157,23.89023,22.75695,22.75695
Hira,,,,,16.43881,15.34013,15.08439,15.34013
Hira,,,,,,,,
Hlx,,,,,,,,
Slc29a2,21.3829,,22.556,21.96945,23.29404,23.37557,23.98928,23.37557
Dnajc1,26.00971,22.36073,22.61351,22.61351,18.75075,16.77172,13.49673,16.77172
Itga7,,,,,,,,
Itga6,,,,,15.50392,,,15.50392
Kcnj11,,,,,,,,
Klk1b21,,,,,,,,
Kcna5,,,,,16.42726,16.27164,17.05653,16.42726
Epha7,,,,,19.66924,19.3837,19.31566,19.3837
Lag3,,19.99162,,19.99162,18.72401,,19.82467,19.27434
Lbp,25.86957,24.0041,24.33299,24.33299,17.59237,21.01427,15.08435,17.59237
Mafk,,,21.1606,21.1606,,,,
Meig1,25.76309,25.44218,26.98566,25.76309,,,,
Melk,,,,,16.97298,16.05839,12.17826,16.05839
Prg2,,,,,,,,
Mns1,23.86372,22.90931,22.67999,22.90931,,,,
Cmc4,28.55065,26.28517,26.85293,26.85293,22.96943,21.31948,22.6237,22.6237
Zfp90,,,,,18.90051,,17.75936,18.329935
Notch3,21.75148,22.08599,19.44117,21.75148,,21.93463,22.26055,22.09759
Pcbp2,25.65434,24.24532,23.44847,24.24532,21.72949,25.84802,25.38281,25.38281
Ogn,,,19.29574,19.29574,,,,
Postn,22.16106,21.77455,21.55455,21.77455,21.49096,21.00134,,21.24615
Pdpn,26.26324,24.55807,24.47698,24.55807,,,,
Ptafr,,,,,,,,
Ppp1r14b,27.5288,26.98196,27.09376,27.09376,25.24343,25.26574,24.89389,25.24343
Prkd1,23.96402,23.14333,22.85673,23.14333,19.30055,20.52908,19.29177,19.30055
Ptpn14,22.52516,20.77233,,21.648745,,17.42103,17.55615,17.48859
Ptpn21,22.6197,21.49955,21.59386,21.59386,19.79445,16.58967,19.58553,19.58553
Jak3,20.5326,20.06723,,20.299915,,,,
Rhoc,29.17207,28.96953,28.86115,28.96953,23.86872,24.00992,23.54132,23.86872
Rbm38,22.8434,21.07248,22.52229,22.52229,20.43258,,,20.43258
Ttf1,20.5197,21.07267,20.26717,20.5197,18.50483,14.09721,15.22521,15.22521
Kdm5d,20.03053,18.93194,18.64033,18.93194,,,13.3461,13.3461
Spa17,27.75557,27.06106,26.52515,27.06106,,,,
Sall3,25.92232,26.1971,26.4182,26.1971,21.04173,,,21.04173
Sptbn1,18.55648,18.5757,19.07496,18.5757,,,,
Thrsp,18.07968,,,18.07968,22.39746,21.70058,21.97572,21.97572
Sprr1a,,,,,,,,
Slc26a2,,,19.60176,19.60176,,,,
Med22,22.33336,20.95716,22.73523,22.33336,24.17592,24.29852,23.92669,24.17592
Ss18,,21.99366,,21.99366,,,,
Ifggb5,20.32564,20.33832,,20.33198,21.24858,19.91551,21.25315,21.24858
Tgfbr2,20.53535,22.59364,17.78507,20.53535,19.69712,20.44121,17.36316,19.69712
Jarid2,23.73903,21.80538,21.39367,21.80538,12.97937,16.04533,18.89537,16.04533
Fstl1,25.328,23.54722,23.26957,23.54722,20.3688,19.77915,19.63527,19.77915
Ddr2,21.20854,,20.83623,21.022385,18.92277,18.88116,,18.901965
Phlda1,20.33451,21.69549,,21.015,19.76613,,,19.76613
Cnga2,17.77745,,,17.77745,,,,
Sorbs1,24.49838,24.96468,23.50579,24.49838,,,,
Sorbs1,21.07352,20.11845,,20.595985,,,19.26534,19.26534
Arid3a,,,19.17577,19.17577,,19.83695,19.77551,19.80623
Tle4,,,,,,,,
Eif4g2,22.696,21.45834,21.73888,21.73888,20.55394,20.20502,19.91272,20.20502
Vil1,22.61652,22.62386,,22.62019,21.37624,,21.50586,21.44105
Itga2,25.06308,24.67444,27.25431,25.06308,,,,
Vps72,19.16654,22.46792,22.89391,22.46792,23.74078,23.04589,21.77712,23.04589
Coch,19.51761,,,19.51761,18.81168,19.65549,,19.233585
Zfp91,15.36454,20.02418,22.26069,20.02418,15.62268,17.72647,13.93802,15.62268
Znf260,,,,,19.56677,20.86808,18.02778,19.56677
Ift52,25.40409,25.07333,24.82924,25.07333,,18.12465,,18.12465
Polr2k,,22.00837,,22.00837,19.87902,20.84,20.40862,20.40862
Ces3a,,,,,,,,
Ifngr2,,,,,21.95216,21.71473,21.48267,21.71473
Insm1,,,,,,,,
Col4a5,24.39996,21.25759,21.40421,21.40421,,18.05383,19.23648,18.645155
Phc1,,,,,,,,
Ccpg1,24.67519,22.85702,23.51412,23.51412,20.93402,20.42645,20.74977,20.74977
Aebp1,23.96058,21.36624,23.19194,23.19194,19.56752,,20.03106,19.79929
Arl13b,23.83461,22.5069,22.69302,22.69302,19.09239,19.60948,18.73556,19.09239
Nr2e1,21.82369,,,21.82369,19.44127,19.20686,20.0442,19.44127
Runx3,19.73047,,,19.73047,21.05112,20.50145,18.17655,20.50145
Pik3r3,,16.96387,16.20373,16.5838,18.49009,18.47168,,18.480885
Sema4c,22.03483,21.68517,19.7346,21.68517,23.54934,24.11004,23.65185,23.65185
Btf3,23.42137,,22.87243,23.1469,,,,
Nhlh2;Nhlh1,,,,,,,,
Cdk6,24.30689,22.85171,22.95363,22.95363,20.64201,19.91149,19.30202,19.91149
Htr1a,,,,,20.87635,20.46254,20.16497,20.46254
Xpa,23.71523,23.99335,20.28704,23.71523,22.04926,22.00124,22.58332,22.04926
Bst1,,,,,,,,
Lilrb4,,22.64143,21.35821,21.99982,,,22.73298,22.73298
Nov,,,,,19.83351,21.37687,,20.60519
Fau,,,,,,,,
Ntan1,24.12605,23.67368,23.95216,23.95216,23.83016,23.90976,23.21288,23.83016
Cd34,,,,,,,,
Dlx1,,,,,18.63934,18.24493,17.45354,18.24493
Zeb1,24.26148,20.61108,22.568,22.568,16.92868,,,16.92868
Zbtb7b,,,19.26669,19.26669,,,,
Piga,,,,,18.80839,18.2459,,18.527145
Mea1,28.0041,27.48439,26.87033,27.48439,24.63367,24.31022,24.72926,24.63367
Sqstm1,,,,,,,,
Efs,,,,,,,,
Rgn,20.0084,20.90375,21.19027,20.90375,19.65313,17.286,23.78636,19.65313
Pnoc,,,,,22.60279,23.09883,22.17228,22.60279
Cyp1b1,21.15505,18.43294,17.47904,18.43294,,,19.41024,19.41024
Ugt1a6,24.44234,25.24227,24.31631,24.44234,20.7778,20.6856,18.3497,20.6856
Adh7,,,,,,,,
Cox8a,,,,,,,17.63424,17.63424
Mrc2,23.11908,21.60639,19.29769,21.60639,18.17334,17.95054,,18.06194
Tpp2,20.51432,21.17188,,20.8431,,,17.92665,17.92665
Guk1,26.66058,26.40925,,26.534915,25.16189,25.20434,25.84048,25.20434
St6gal1,,,,,23.03324,,,23.03324
St8sia1,,22.46351,23.31852,22.891015,22.64243,25.75438,24.65152,24.65152
St8sia4,,22.76569,23.45563,23.11066,23.86929,23.91506,22.84011,23.86929
Procr,,,,,,,,
Rbl2,22.74475,22.50773,22.47303,22.50773,20.09558,19.45884,19.03397,19.45884
Rbl1,,19.98148,20.15623,20.068855,16.15519,17.0069,16.76604,16.76604
Azgp1,,,,,,,,
Tgfbr1,20.45111,20.53735,,20.49423,21.00799,20.19604,,20.602015
Col11a2,20.95638,20.28093,,20.618655,12.08779,18.97163,,15.52971
Sp9,,,,,20.60531,19.21298,18.86284,19.21298
Ypel4,,,,,,,,
Tox,,,,,20.33995,20.00525,20.1182,20.1182
Fgfr1op,25.46747,25.30459,24.34042,25.30459,,22.48072,,22.48072
Cilp,,,,,,,,
Zfp945,15.65217,18.22124,,16.936705,,,,
Scube3,18.93925,17.997,18.46256,18.46256,20.66405,21.65997,20.85316,20.85316
Tusc1,22.20827,22.54371,23.02474,22.54371,28.49876,28.58255,27.82941,28.49876
Nlrp1a,20.0355,20.1728,19.1449,20.0355,,,16.98215,16.98215
Bcl9l,22.07777,19.997,20.07705,20.07705,21.33336,18.19974,,19.76655
Fnip1,17.01976,17.30028,18.21613,17.30028,18.06975,18.7127,18.31101,18.31101
Tmem151b,,,20.82571,20.82571,22.80475,22.73876,22.03312,22.73876
Slain1,22.21006,21.78648,20.05272,21.78648,21.57704,21.15567,,21.366355
Zc4h2,23.33743,21.81738,,22.577405,21.25546,20.6631,19.55996,20.6631
Pwwp2a,,,,,,,,
Mysm1,,22.11283,21.08809,21.60046,18.68723,17.3026,18.45539,18.45539
Esco1,,,,,,,,
Brsk2,,,,,,,,
Brsk2,,,,,18.32316,,,18.32316
Brsk2,,,,,22.04877,21.6281,22.06924,22.04877
Tspyl5,,,19.21838,19.21838,21.97397,22.34887,20.62854,21.97397
Zcchc2,19.55628,15.88953,,17.722905,17.47445,17.52436,27.49899,17.52436
Msl2,21.96621,20.81574,20.68629,20.81574,21.68799,19.73326,21.10993,21.10993
Klhl14,,,,,22.43433,22.05963,21.47487,22.05963
Stk36,22.46054,21.60091,21.69188,21.69188,,,,
Pnkd,23.7381,,23.89948,23.81879,,,,
Fan1,18.2314,16.65187,17.06676,17.06676,,,,
Tbc1d30,,,,,20.89089,19.45216,20.40821,20.40821
Kiaa0754,21.78257,,19.98036,20.881465,23.62031,,,23.62031
Kiaa0753;4933427D14Rik,12.48374,,,12.48374,16.16493,,15.4219,15.793415
Fam179b,21.98235,21.1574,20.78931,21.1574,16.8919,17.25128,16.31503,16.8919
Znf629,24.6156,20.05682,20.80073,20.80073,22.91061,23.86637,21.81609,22.91061
Ddx11,,,,,16.12012,15.84171,15.95889,15.95889
Pram1,17.74675,19.62149,18.06403,18.06403,15.88066,12.98014,,14.4304
Zfp948,,,,,18.04655,17.60726,,17.826905
Ncapg2,20.37719,20.2214,19.75396,20.2214,19.214,18.86039,18.6889,18.86039
Arhgap21,22.63659,21.20341,21.0621,21.20341,20.94192,19.91238,19.98593,19.98593
Antxr2,23.01235,22.37055,21.16484,22.37055,16.96691,16.84156,,16.904235
Syne2,19.05947,18.30742,,18.683445,18.07963,17.96189,17.91333,17.96189
Churc1,24.1529,23.45438,23.75603,23.75603,23.1986,22.59152,23.14647,23.14647
Fastkd1,18.51645,20.14233,18.31721,18.51645,21.6796,21.77491,21.56723,21.6796
,,,,,18.77407,18.90771,17.59434,18.77407
Exoc3l4,18.36999,17.5771,16.41278,17.5771,19.05881,18.66778,19.64463,19.05881
Megf10,22.66399,21.64768,22.6242,22.6242,17.47215,,,17.47215
Tro,,,,,18.40678,15.48749,16.09011,16.09011
Mum1,19.92254,,,19.92254,21.08537,20.85331,21.43089,21.08537
Nrg1,23.08218,22.63624,22.88232,22.88232,,,,
Enpp3,,,,,,18.28559,,18.28559
Utp14b,,,,,25.1139,25.07615,24.36513,25.07615
SIRP-beta,,,,,,,,
Znf329,,16.56039,17.7184,17.139395,20.58399,18.86644,,19.725215
,22.19587,19.0533,21.021,21.021,,,,
Nckap5l,20.8353,19.01925,,19.927275,18.6048,17.92596,18.51036,18.51036
St6galnac5,,,,,23.30313,23.09168,22.82054,23.09168
Islr,26.004,25.94136,24.70203,25.94136,23.80813,22.85749,22.65825,22.85749
Gm5416,23.27199,,,23.27199,,22.63569,,22.63569
Jade3,20.78005,,,20.78005,17.8964,18.45631,,18.176355
Krt83,,,,,,,,
Cep70,22.86948,23.37292,22.80258,22.86948,16.728,,16.15622,16.44211
Cep78,20.87688,17.27376,21.09777,20.87688,18.63414,20.20252,20.18628,20.18628
Atg16l2,,,,,19.88136,,,19.88136
Nipbl,,,,,15.56054,15.11215,15.74389,15.56054
Ccdc66,,19.65786,16.42121,18.039535,,,,
Dgkb,20.83129,,,20.83129,20.59996,20.02107,19.89734,20.02107
Amer3,,,,,,,,
Sp140,20.06368,,20.75344,20.40856,,,21.64974,21.64974
Ltv1,19.73157,22.48146,22.95704,22.48146,20.25292,,19.33608,19.7945
Adck2,18.65306,21.18894,20.98642,20.98642,20.34549,20.15289,19.70595,20.15289
Glt8d1,24.40892,23.05492,23.13384,23.13384,22.68475,23.35178,21.14215,22.68475
Tacc3,20.66787,18.62307,18.37751,18.62307,19.80206,19.12913,18.43274,19.12913
Zfp646,15.30958,16.10734,19.62728,16.10734,17.20905,17.44653,17.09362,17.20905
,20.05272,20.94142,20.95127,20.94142,17.99595,17.68339,19.95148,17.99595
Haus6,23.78576,22.66733,22.34416,22.66733,18.00646,19.00031,,18.503385
Frem2,19.03193,15.13995,,17.08594,17.31867,16.60619,15.94638,16.60619
Bfsp2,,17.33272,,17.33272,,17.20381,,17.20381
Spin2c,,,,,21.20687,21.08486,15.48457,21.08486
Colgalt2,16.88679,16.13392,16.0679,16.13392,19.64762,17.98543,17.68175,17.98543
Kif24,19.55416,,,19.55416,,,,
Fndc3b,24.1206,22.66188,22.75375,22.75375,19.72318,19.99604,18.97595,19.72318
Manea,23.49192,23.14168,23.81245,23.49192,19.50804,19.08065,15.11069,19.08065
Mettl25,18.70577,,,18.70577,,,,
Dusp11,,22.54338,18.95906,20.75122,,19.62339,18.88834,19.255865
Man1c1,25.87945,24.27462,24.13438,24.27462,19.14271,,16.89652,18.019615
Rad17,,,,,16.88226,22.0312,16.81178,16.88226
Tbc1d31,21.79598,20.56477,23.59206,21.79598,22.44794,22.41975,22.33789,22.41975
Polr3g,,,,,,24.83384,,24.83384
Arl5b,,,,,20.67822,20.71465,19.03408,20.67822
Tsga10,23.09112,23.03098,22.04557,23.03098,15.90956,19.54796,,17.72876
Prmt6,,,,,22.06174,21.92231,19.16519,21.92231
Fam122b,,,,,,,,
Rasgrp3,,,,,,,,
Zfp180,,,,,16.08084,14.23766,20.6383,16.08084
Eif4g1,,,19.98371,19.98371,17.78558,18.2082,,17.99689
Eif4g1,,,,,,,,
Dhx37,22.17127,21.32564,22.08958,22.08958,19.81244,21.30658,20.87267,20.87267
Hdac4,18.0316,18.11726,18.70354,18.11726,20.99693,20.11261,21.31413,20.99693
Rbm26,25.6265,23.57473,24.1848,24.1848,22.61574,22.24847,22.62002,22.61574
Zranb3,21.7523,18.45832,20.43247,20.43247,19.61536,16.35078,,17.98307
Gpbp1l1,21.26785,,,21.26785,,,,
Zfp943,,,,,18.33044,,17.89581,18.113125
Ddx31,20.9047,21.0654,21.90753,21.0654,22.48308,22.2837,22.13652,22.2837
Paxip1,19.54911,19.45732,19.74452,19.54911,18.1449,18.5951,18.44859,18.44859
Znf740;Zfp740,22.56463,22.1294,22.51632,22.51632,20.69379,21.72101,,21.2074
Msantd2,,20.11782,20.32937,20.223595,21.71854,21.14843,20.52497,21.14843
Arl5c,,,,,,,,
Znf511,21.30891,23.06961,23.58532,23.06961,22.71041,22.19466,21.45327,22.19466
Pianp,,,,,22.47502,18.59197,21.7035,21.7035
Bin1,,,,,,,,
Ippk,18.689,,24.02064,21.35482,12.97823,,,12.97823
Lrig3,,20.04153,,20.04153,15.71185,15.03179,15.76049,15.71185
Slx4,,,,,22.78682,22.61749,21.41121,22.61749
Fam167a,,,,,,,,
BC048403,18.71257,18.01067,16.08672,18.01067,20.36025,19.55577,19.45756,19.55577
Maneal,26.02829,26.20385,24.53884,26.02829,22.91397,22.97621,22.81108,22.91397
Whsc1l1,19.89708,19.924,20.30106,19.924,,,,
Vsig8,,,,,,,,
Arl11,22.6156,20.84291,21.52411,21.52411,,20.57496,,20.57496
Ubald1,,,,,22.25168,,,22.25168
Hdac10,22.12247,19.05264,,20.587555,22.19286,21.93726,20.1029,21.93726
Znf280c,22.36752,21.75022,21.32575,21.75022,19.18947,20.5062,19.95262,19.95262
Thap4,,,,,19.81774,19.74363,18.04937,19.74363
Kat2a,,,,,18.89903,21.667,20.55759,20.55759
Sik3,,,,,,,,
Eya3,22.40133,21.77953,21.71532,21.77953,19.32882,20.8292,20.26144,20.26144
Thsd7b,,,,,,20.33462,19.67054,20.00258
Lix1,24.02005,23.68987,23.92098,23.92098,23.88064,,20.69651,22.288575
Mtmr2,,19.78756,,19.78756,,,,
Sall1,21.78309,21.29103,20.1317,21.29103,18.43074,17.72833,18.89116,18.43074
Mapk4,,,,,17.01204,,,17.01204
Mbtd1,20.08706,21.4287,22.42913,21.4287,22.28543,23.0837,21.91893,22.28543
Ubxn7,20.96367,17.70705,20.4712,20.4712,,,,
Polr2m,23.6811,23.25436,22.65777,23.25436,16.50386,16.82153,,16.662695
Alkbh2,,,,,,,,
Serpinb6c,,,,,,,,
Shkbp1,,16.96002,,16.96002,,,,
Tsen2,19.98746,,21.05384,20.52065,20.94228,20.82935,21.15542,20.94228
Alg8,,,,,21.3932,20.63768,18.70688,20.63768
Cox11,,,,,24.15468,24.12621,24.08756,24.12621
Ckmt2,,19.93215,19.52009,19.72612,,,,
Clpx,,,,,,,,
Capsl,,,,,,,,
Caskin1,,,,,,,,
Kif15,26.66519,18.91178,20.7882,20.7882,19.31174,18.98276,19.53678,19.31174
Kif11,17.7995,,,17.7995,18.87252,20.28996,22.81638,20.28996
Zbtb26,,,,,,,,
Ddx51,23.30257,20.99314,22.45365,22.45365,23.2524,23.31257,22.60368,23.2524
Galnt10,,,,,,,,
Gareml,21.88989,17.42169,15.30603,17.42169,21.02025,21.60535,19.40091,21.02025
Bend3,17.58424,20.87147,21.45332,20.87147,,,11.53916,11.53916
Draxin,,,,,20.02472,19.42534,18.22006,19.42534
Prr18,,,,,,19.35234,17.92781,18.640075
Prrg3,,,,,,,,
Klhdc10,,17.02486,17.56971,17.297285,23.88082,24.01784,23.45475,23.88082
Adat3,22.01195,22.44458,22.51752,22.44458,22.76377,20.87568,21.50775,21.50775
Ccdc117,,,,,,19.88072,,19.88072
Bhlhb9,22.90639,21.09352,21.84007,21.84007,21.7786,21.62337,19.99921,21.62337
Adarb2,19.96747,,,19.96747,20.89304,20.6515,19.38984,20.6515
Pcdhb14,,,,,18.82373,17.13019,17.55375,17.55375
Fbxl19,21.64297,17.79874,,19.720855,23.34908,24.23213,23.15037,23.34908
Papolg,,,,,18.48915,19.40904,20.08913,19.40904
Kdm3a,21.07012,19.91101,19.70317,19.91101,19.7057,19.32668,19.01887,19.32668
Hltf,21.44445,20.51171,22.84774,21.44445,19.50411,20.06408,19.88651,19.88651
Dusp16,21.35993,,20.21667,20.7883,,,,
Mff,,,,,23.69083,22.26439,22.15128,22.26439
Mff,,,,,,,,
Efcab14,23.65207,22.37255,22.46946,22.46946,20.02526,19.92535,16.69084,19.92535
Trim37,,,,,17.02356,17.94094,19.2243,17.94094
Znf821,,,,,17.89089,15.22023,13.68639,15.22023
Shb,,19.6059,19.44362,19.52476,20.02769,21.51523,18.26769,20.02769
Znf513,20.6999,21.41988,23.95917,21.41988,,,,
Ces2b;Ces2c;Ces2g,,20.63032,18.0002,19.31526,,,,
Ugt2a2,,,,,,,,
Zbtb39,,,,,,22.26221,,22.26221
Dtx4,21.87215,19.72715,,20.79965,19.31478,17.70164,19.16035,19.16035
Msl1,22.11705,22.30162,19.88742,22.11705,22.76596,22.97738,22.77233,22.77233
Rnf220,22.14037,20.33593,21.86476,21.86476,,19.65262,20.19928,19.92595
Taf1c,,,,,18.3513,19.145,,18.74815
Dhx40,27.43149,26.07619,17.77764,26.07619,21.75185,25.0044,25.24136,25.0044
Gpatch2l,,,,,,,,
Osgepl1,,,23.64702,23.64702,,,20.87395,20.87395
Ctif,,,,,19.04415,,,19.04415
Slc46a1,24.82309,20.17182,20.84873,20.84873,18.7637,22.25736,22.03265,22.03265
Kif18b,,,,,,,,
Tmeff1,,,,,21.12143,21.29311,20.6903,21.12143
Dcaf15,16.32924,,16.49561,16.412425,,19.42912,,19.42912
Rasa4,23.38153,22.72301,21.8562,22.72301,21.52172,20.34722,18.15763,20.34722
Tra2a,,,16.9043,16.9043,18.82789,18.53693,18.80606,18.80606
Cdh24,,,,,,,,
Nyap1,21.7102,21.53136,23.94494,21.7102,23.45488,23.61538,22.9876,23.45488
Rimkla,20.73074,,,20.73074,19.91466,,19.49127,19.702965
Tnks,21.03624,18.91512,20.77338,20.77338,23.08698,22.56249,22.27122,22.56249
Fchsd1,23.93607,23.08903,23.22052,23.22052,21.74517,22.08112,22.35756,22.08112
Cramp1l,,16.9633,,16.9633,16.69452,19.95305,18.38279,18.38279
Rcor3,,17.32395,17.47809,17.40102,23.12304,,,23.12304
Rcor3,,,,,,,,
Zfp866,,,,,19.22593,,,19.22593
Gmip,23.04782,22.83192,22.53882,22.83192,23.16826,22.7318,23.27256,23.16826
Dcx,,,,,,,,
Dclk2,,,,,,,,
Dclk2,,,,,18.85218,17.50487,,18.178525
Erc2,,17.95844,,17.95844,17.08119,19.70983,18.7273,18.7273
Tmem164,,,,,,,,
Lrrn2,17.82811,20.61576,21.93937,20.61576,21.24179,20.8759,19.45308,20.8759
Cacna2d2,,,,,,,,
Cacna2d2,,,,,,,,
Camk2d,,,,,,20.3567,,20.3567
Camk2d,,,,,,,,
B3gat1,20.2596,17.98382,,19.12171,22.50961,21.65145,21.9607,21.9607
Nfrkb,21.85939,18.19244,20.08278,20.08278,19.42919,18.68278,18.59241,18.68278
D11Wsu47e,23.47308,22.94111,22.23891,22.94111,19.22445,20.68398,19.54736,19.54736
Dalrd3,23.50191,20.82563,21.64983,21.64983,19.29019,18.75124,14.00475,18.75124
Atp2b4,,,,,,,,
Suv420h2,20.78125,,17.40665,19.09395,21.78692,22.06947,20.9194,21.78692
B430306N03Rik,,,,,,,,
Neil2,20.02594,,22.07558,21.05076,,,,
Poli,21.88409,20.92194,18.0302,20.92194,20.55459,20.56356,20.73826,20.56356
Tlr13,23.48185,20.09197,20.65395,20.65395,22.48055,22.75674,22.91674,22.75674
Rxfp1,,,,,,,,
Magi1,,,,,,,,
Cd300a,19.17536,,20.16889,19.672125,18.56908,17.49052,,18.0298
Paqr9,,,,,23.50736,23.06978,18.76215,23.06978
Klhl17,21.74053,20.07992,20.09042,20.09042,19.98926,20.46274,19.0569,19.98926
Fez2,,,,,,20.67245,,20.67245
Ccdc135,23.45186,22.24609,21.46498,22.24609,12.85083,,17.40041,15.12562
Tardbp,,,,,,,,
H2-M2,,,,,,,,
Nostrin,17.15472,,,17.15472,,19.67223,,19.67223
Eid2,21.69536,20.47941,20.33549,20.47941,17.78296,19.5168,19.49482,19.49482
Dot1l,,,,,,16.87819,18.15684,17.517515
Arhgap10,18.99479,,,18.99479,17.85909,19.21269,19.08701,19.08701
Hpse,18.08275,,19.4435,18.763125,21.02066,19.26245,19.4752,19.4752
Fetub,,,,,,,,
Sbf1,,,,,19.92994,,19.58626,19.7581
Tiam2,,,,,,,,
Fmnl3,21.77052,20.51403,17.51622,20.51403,16.05327,16.06474,13.93765,16.05327
Jade1,,,,,,13.0992,,13.0992
Pitpnm2,,,,,16.30371,15.95529,,16.1295
Smpd4,16.76189,20.26671,19.2231,19.2231,,20.26396,,20.26396
Ibtk,20.67409,19.75253,18.67321,19.75253,21.14923,21.34841,20.85984,21.14923
Zc3h4,,,,,,,,
Cep162,18.94838,16.22818,,17.58828,18.04062,16.98582,,17.51322
Cnot1,19.09288,,,19.09288,19.04129,19.17214,19.03658,19.04129
Ppip5k2,,,17.85209,17.85209,,,,
Topbp1,20.70632,20.27116,20.31717,20.31717,18.14241,16.99943,17.57289,17.57289
Dna2,,18.96691,25.24413,22.10552,,,17.81109,17.81109
Syne1,22.21883,21.99841,21.19208,21.99841,,,,
Syne1,,,,,,,,
Spop,20.74608,19.49428,,20.12018,,,,
Akap9,19.08747,20.3689,19.74153,19.74153,19.03066,18.75313,19.52631,19.03066
Synm,23.86079,21.45166,21.98593,21.98593,,,,
Foxo6,,,,,13.07798,13.11263,,13.095305
Dpy19l3,23.76101,21.45473,22.4181,22.4181,23.53445,23.5354,23.55567,23.5354
Fblim1,26.06009,24.34001,23.76921,24.34001,22.73461,26.23436,22.74989,22.74989
Tm7sf2,23.70166,23.09252,22.88435,23.09252,24.00676,23.80676,24.26778,24.00676
Slc39a14,,,,,17.82569,20.02715,,18.92642
Recql4,,24.98268,24.90095,24.941815,,23.31769,,23.31769
Hide1;AB124611,,,,,,,,
Polg,21.74673,21.06881,20.53422,21.06881,20.41936,19.75422,20.08913,20.08913
Slc35d2,,,20.63564,20.63564,20.87695,,,20.87695
Mgat5b,,,,,21.10008,20.87313,20.7862,20.87313
Tmem132d,,,,,,,,
St6gal2,,,,,23.19564,23.65502,22.69313,23.19564
Sema6d,,,,,,,,
Cd3eap,24.50609,23.35111,23.03041,23.35111,,,20.67943,20.67943
Tmed3,26.25204,25.259,25.06571,25.259,24.58118,23.79511,23.0875,23.79511
Haao,,,,,,,,
Slc22a18,21.27082,,20.24156,20.75619,,,,
Smim12,,,,,,,,
Vma21,,25.99177,,25.99177,,20.65727,23.25309,21.95518
Map4,,,,,,,,
Twistnb,23.2487,,21.47269,22.360695,20.92477,,20.71347,20.81912
Ostc,27.69922,27.76344,27.67869,27.69922,28.14734,28.67061,28.05357,28.14734
Trappc6a,22.59989,24.40899,25.1934,24.40899,,21.17518,20.4289,20.80204
Dnajc15,,,,,17.7613,23.78477,,20.773035
Znrd1,24.93979,23.79907,24.58187,24.58187,,,22.15851,22.15851
Try10,,,,,,,,
Nap1l3,,16.01844,16.9259,16.47217,18.25691,17.92202,,18.089465
Zfp874b;Zfp874a,,,,,18.03047,17.97197,17.98654,17.98654
Zfp759,23.27398,,20.6611,21.96754,,17.37551,15.07898,16.227245
Sox11,,,,,20.35348,21.36693,20.4703,20.4703
Kif27,26.08379,25.37687,26.48627,26.08379,19.75957,18.99653,,19.37805
Rtl1,,,,,,,15.02419,15.02419
Zranb1,,,17.82768,17.82768,17.89936,17.96426,17.33508,17.89936
Tigd3,,,,,17.27185,,,17.27185
Cyfip1,,,,,20.39759,20.35917,18.79058,20.35917
Dsg4,27.29675,25.20146,26.10191,26.10191,19.22216,19.86455,20.04193,19.86455
Eri1,23.82658,22.84366,22.51143,22.84366,22.19604,22.5216,22.37199,22.37199
Syncrip,22.05884,22.76282,22.12597,22.12597,22.60064,22.44033,22.17066,22.44033
Slc35f2,,,19.28225,19.28225,21.17213,21.1756,21.09925,21.17213
Parp16,,19.12144,,19.12144,19.0312,18.19321,18.21935,18.21935
Zfp420,,,,,17.80719,,17.18747,17.49733
Rnf139,22.7731,19.96155,,21.367325,22.98097,19.93015,18.13175,19.93015
Shq1,22.46983,22.0098,22.62571,22.46983,22.06609,21.2027,20.40541,21.2027
Med26,19.49344,19.64711,18.95714,19.49344,18.88804,18.63364,19.2519,18.88804
Ap1s3,,,,,,,,
Hhip,,18.78969,,18.78969,,,17.0323,17.0323
Txndc16,21.88069,21.30368,21.21288,21.30368,23.51545,23.13756,22.61574,23.13756
Aggf1,21.68188,,18.34495,20.013415,16.13713,17.53814,18.61328,17.53814
Tmc6,19.17285,16.77146,16.54661,16.77146,,,13.32896,13.32896
Syt16,,,,,17.67252,19.75605,18.08794,18.08794
Eras,,,,,,,,
Gria1,,,,,20.47734,20.38532,,20.43133
Sbno2,,,15.2944,15.2944,,,15.66311,15.66311
Glra2,22.29058,,,22.29058,17.95054,18.61551,18.7813,18.61551
Rpf1,21.73736,22.8432,21.28687,21.73736,19.71403,20.12237,19.15684,19.71403
Nphp3,21.55098,22.99302,22.75197,22.75197,24.65152,20.4287,18.50955,20.4287
Tmem59l,,,,,22.17179,22.7144,,22.443095
Rfx4,19.50969,20.55768,19.33438,19.50969,,,,
Zfp397,,,,,,17.75818,18.98315,18.370665
Dusp9,,,,,,,,
Minos1,26.95394,24.71539,25.72093,25.72093,26.57115,27.25142,26.70951,26.70951
Far2,,,,,,,,
Zfp954,,,,,19.72221,18.86354,18.88629,18.88629
Znf250,,,,,,,,
Cdsn,19.21703,,,19.21703,,,16.2629,16.2629
Robo2,,,,,21.17828,21.15653,18.377,21.15653
Raver2,24.09007,22.89901,22.75428,22.89901,,,,
Slc7a6os,27.45544,22.52318,21.86605,22.52318,21.15326,23.2988,21.58123,21.58123
Fam19a2,,,,,23.56546,23.8624,21.25615,23.56546
Fam19a1,,,,,25.77636,,,25.77636
Prrc2b,,,,,,,,
C2cd5,,,,,,,,
Dzip3,22.60264,20.12098,,21.36181,,,15.68338,15.68338
AI987944,,,,,,20.51547,,20.51547
Rgmb,,,,,21.55567,,,21.55567
Zic5,,,,,19.31595,,20.15388,19.734915
Srl,22.64066,20.63361,19.36707,20.63361,,,,
Aptx,22.79198,22.47189,22.77147,22.77147,22.19893,22.5297,21.80943,22.19893
Gpatch2,21.75013,18.66976,19.73233,19.73233,,,15.96864,15.96864
Tmem57,22.32202,20.16509,18.7476,20.16509,20.75955,19.93589,19.79878,19.93589
Fbxo10,22.49033,21.04387,21.33353,21.33353,22.09045,22.51039,21.98353,22.09045
Zbtb5,,,,,,16.38271,,16.38271
Atxn2l,21.95347,,19.4434,20.698435,,,,
Lrp10,22.82687,,,22.82687,,,19.37305,19.37305
Tspyl2,17.44176,,,17.44176,18.43856,17.69118,16.92393,17.69118
Wtip,18.74669,,,18.74669,,16.70712,15.97011,16.338615
Ccnt2,22.50538,,20.55927,21.532325,21.13019,20.08602,21.35542,21.13019
Olfr309,,,,,,,,
Nsun6,24.06258,22.55995,21.82186,22.55995,20.07457,19.45643,20.35907,20.07457
Itpkc,25.28542,24.62081,24.61201,24.62081,21.80207,21.52621,21.12029,21.52621
Fam101a,22.46276,,,22.46276,,,,
Ckap2l,,,,,18.13225,17.61152,,17.871885
Amer1,18.00306,,17.90666,17.95486,14.06668,14.73508,,14.40088
Proser3,20.95426,,19.45185,20.203055,24.09499,,,24.09499
Znf516,20.45543,13.33413,,16.89478,17.60176,17.22185,17.2616,17.2616
Map6,25.48686,23.98807,24.32155,24.32155,,,,
Lats2,20.57838,17.40599,19.29311,19.29311,,,,
Sez6,,,,,,,,
Gpr151,,,,,,,,
Samd10,,,,,21.97813,20.57838,22.07549,21.97813
Kirrel2,,,,,,,,
Zfp606,,,,,19.55084,17.90272,17.33447,17.90272
Enkd1,22.35019,19.56679,19.98787,19.98787,22.14746,21.98902,21.53976,21.98902
Sgol2,,,,,,,21.804,21.804
Supt20h,22.30458,19.55858,,20.93158,20.66223,21.40811,20.239,20.66223
Rexo1,,,,,17.7544,15.065,17.73932,17.73932
Gpr125,20.73991,18.76497,18.84843,18.84843,18.80552,17.59994,18.23566,18.23566
Gvin1,,,,,,,,
Stard4,,19.43072,,19.43072,,,,
Otop2,,,,,,,,
Atp6v0d2,18.94172,,,18.94172,17.06466,,14.35301,15.708835
Eef1d,28.87135,27.39215,27.85347,27.85347,,24.82862,24.62973,24.729175
Adamtsl4,21.93891,20.27571,,21.10731,,,,
Rsbn1,19.4973,16.58033,21.71406,19.4973,21.96243,22.49541,21.06118,21.96243
Klhl29,20.65578,,18.72374,19.68976,,22.97441,,22.97441
Zswim6,18.56417,,,18.56417,19.34618,15.29989,,17.323035
Klhl13,19.12933,22.97748,18.98998,19.12933,22.33789,19.23881,17.91666,19.23881
Kansl1,21.19232,,16.699,18.94566,15.94455,19.98649,19.05357,19.05357
Plekhh1,,,17.98749,17.98749,,,,
Mon2,,,,,,,,
Lphn1,,,,,,,,
Ddn,,,,,18.68041,18.08908,16.50093,18.08908
Fnbp1,19.13348,,,19.13348,14.17687,,,14.17687
St18,,20.95227,15.22818,18.090225,,,,
Dnajc6,,,,,20.63865,20.19412,19.8355,20.19412
Dnajc6,,,,,,,,
Rere,20.44546,19.89497,,20.170215,21.31396,21.08667,20.26465,21.08667
Clec16a,,,,,,,,
Pum2,,,,,16.4539,,,16.4539
Pum1,19.72762,,,19.72762,21.07862,21.71339,21.82073,21.71339
Sdccag8,19.08187,,21.74579,20.41383,16.79652,,16.22244,16.50948
Ticam1,,,,,,,,
Fads6,,,,,,,,
9/9/2015 0:00,22.51785,,,22.51785,,,,
Clec4a1,,,,,,,20.6728,20.6728
Slc22a20,,,,,,,,
Sass6,24.92583,25.88033,26.14983,25.88033,,,,
Trit1,20.89807,21.01808,22.10719,21.01808,20.50339,21.38632,20.81722,20.81722
Prss34,,,,,,,,
Actr5,23.34827,21.92767,21.80747,21.92767,23.20781,23.10266,21.92187,23.10266
Taf1,20.18556,20.2513,20.33963,20.2513,20.50213,19.99258,20.00635,20.00635
Hs6st2,,,,,21.51109,22.71971,21.00127,21.51109
Cdc42bpg,24.92863,24.13532,24.00556,24.13532,21.9079,22.95831,17.92138,21.9079
Abhd13,,,,,23.71377,23.28517,23.07243,23.28517
,24.44664,23.05828,24.02724,24.02724,20.81488,22.13828,20.70767,20.81488
Fgd5,,,,,17.38507,17.75192,16.77931,17.38507
Sdad1,20.71415,21.78141,19.13175,20.71415,21.29491,21.53217,21.30897,21.30897
Vgll4,24.01878,23.18616,22.99021,23.18616,17.34863,16.61267,,16.98065
Cep104,21.64099,19.74719,17.91584,19.74719,16.36702,,,16.36702
Chst14,21.34354,,,21.34354,,22.13179,21.67172,21.901755
Fancd2,16.31228,17.70826,15.81978,16.31228,17.59885,17.1336,16.43391,17.1336
Megf6,19.82755,21.18677,20.48954,20.48954,,,,
Ip6k2,,16.88369,,16.88369,20.07143,19.96691,,20.01917
Pygo2,24.86226,22.71037,22.58793,22.71037,22.13336,22.84351,22.13163,22.13336
Trim62,20.98384,21.2573,20.39425,20.98384,22.01352,20.082,19.44658,20.082
Ints8,23.88166,22.0496,22.52929,22.52929,23.44164,22.63052,22.21863,22.63052
Dclk1,,24.05664,20.78357,22.420105,20.49453,,,20.49453
Trnau1ap,17.88596,21.90099,20.38501,20.38501,,13.11063,16.02667,14.56865
Fam181b,,,,,,,,
Trim56,25.74896,24.81807,24.68346,24.81807,21.16386,19.00017,18.30501,19.00017
Dnph1,26.28516,26.32215,25.78534,26.28516,26.01331,25.95358,24.1741,25.95358
Arhgef38,,21.37714,,21.37714,,,,
Znf579,,,,,17.03885,22.17118,19.58826,19.58826
Dpp6,,,,,,,18.75356,18.75356
Ankrd24,,20.61576,20.22623,20.420995,19.44421,23.46762,23.25883,23.25883
Pnmal1,,,,,,,,
AA987161,,,,,,,,
Epn1,,,,,,,,
Spata7,20.47675,,,20.47675,17.8469,18.02275,17.1332,17.8469
,23.59628,24.46787,23.79808,23.79808,21.58761,,,21.58761
Tmem106c,,20.16779,19.50607,19.83693,22.23137,20.83098,18.53309,20.83098
Sult1c1,,,,,,,,
Akna,19.55942,18.2007,19.57594,19.55942,19.02326,19.19528,15.05964,19.02326
Dhx33,20.26201,22.99378,23.80774,22.99378,21.22193,19.98718,19.90522,19.98718
Igfbpl1,21.05583,,,21.05583,24.21512,24.06677,23.11334,24.06677
Chil6,,,,,27.94319,28.01249,27.80501,27.94319
Znf569,,17.72773,,17.72773,,,,
Acsm4,,,,,,,,
Kirrel,25.01231,24.66563,24.66774,24.66774,20.23199,19.75058,19.45874,19.75058
Plekha8,20.10393,,,20.10393,16.84684,,,16.84684
Homez,,,,,18.00179,17.94226,17.9375,17.94226
Ubn2,21.25142,22.88446,22.6893,22.6893,18.96714,13.92806,18.46028,18.46028
Tnrc18,18.77497,18.53518,17.95191,18.53518,17.56963,16.45469,15.0723,16.45469
Hapln3,,,,,,,,
Tnfrsf14,,,,,,,,
Kiaa1456,,,,,,,,
Rhbdf2,20.39812,,18.79265,19.595385,,16.56479,15.96925,16.26702
Tspan18,23.38416,22.54503,22.1317,22.54503,24.24598,22.15246,24.12762,24.12762
A430005L14Rik,24.3161,22.99743,21.05457,22.99743,,,,
Rimklb,,,,,20.33919,19.96169,,20.15044
Nanos1,,,,,18.29091,,,18.29091
,24.42085,23.90885,22.75615,23.90885,20.0692,19.33014,,19.69967
Ubap2l,18.05859,17.35484,19.11586,18.05859,19.86753,19.76563,19.20154,19.76563
Ubap2l,,,,,,,,
Lrrc15,,,,,,,,
Acat3,23.6904,18.83346,,21.26193,,,,
Ugt2a1,,,,,,,,
Nrde2,20.23351,24.41448,24.14102,24.14102,20.6305,20.69345,19.22898,20.6305
Chn2,,,,,,,,
Wscd1,19.34785,,,19.34785,19.59583,18.40483,18.32545,18.40483
Eif4g3,,18.96178,,18.96178,,,,
Map3k11,19.9851,,18.26572,19.12541,,,,
,,,19.81742,19.81742,18.21821,,17.90865,18.06343
Mppe1,,,,,17.20314,20.41411,18.57592,18.57592
Pqlc1,,,,,,,,
Fam76b,22.39945,21.86231,,22.13088,23.53683,22.00823,23.07754,23.07754
Git2,,,,,,,,
Arhgap11a,,18.33551,18.85669,18.5961,,,,
Alkbh8,23.66698,23.0806,23.04564,23.0806,23.99645,24.04285,23.91278,23.99645
Zfp454,,,,,,,,
Ddx10,21.92387,22.32246,23.91306,22.32246,22.16002,21.04613,20.47961,21.04613
Camta2,20.48827,,,20.48827,17.54736,21.34976,,19.44856
Baiap2l2,,,,,,,20.13696,20.13696
Dnajb13,25.02787,25.14091,24.62945,25.02787,22.60682,,,22.60682
Crb2,26.93775,25.55172,25.80418,25.80418,,,14.41012,14.41012
F12,,,,,,,,
Pde4dip,22.02989,20.90903,20.60693,20.90903,20.66066,21.97509,19.57076,20.66066
Cyth4,21.69324,22.22432,20.99624,21.69324,,,15.46741,15.46741
Tnc,18.55577,,17.79182,18.173795,,,,
Znf618;Zfp618,19.776,,,19.776,15.7754,21.02432,20.08939,20.08939
Astn2,,,,,,19.05107,,19.05107
Topors,,,,,16.28318,16.21407,15.23197,16.21407
Shank2,,,,,,,,
Shank2,,,,,,,16.838,16.838
Ece2,,,,,,,,
Slc26a11,28.4668,27.15054,27.36995,27.36995,19.36429,18.67045,18.63527,18.67045
Amigo2,,,18.18423,18.18423,18.9046,20.14146,,19.52303
Paqr8,21.91349,,,21.91349,18.43392,19.40108,,18.9175
Rtp2,,,,,,,,
Mrps10,,,,,22.50172,21.89626,22.259,22.259
Gtf2a2,22.00409,,,22.00409,24.18026,24.9839,,24.58208
Jazf1,21.06513,20.51634,20.54821,20.54821,22.18858,21.34354,,21.76606
Stk35,21.22052,20.22635,,20.723435,,,,
Tia1,,,,,,18.64248,,18.64248
Kiaa0895l,,19.76845,18.82084,19.294645,23.96252,23.67595,23.67508,23.67595
Vps37d,,,,,23.33238,21.68834,22.30198,22.30198
Gxylt2,,,,,,,,
Chfr,19.12422,17.84684,,18.48553,21.16601,20.47348,19.82018,20.47348
Tmem39b,,,,,,,,
Nmes1;AA467197,,22.6003,21.18283,21.891565,,,,
Nrcam,,,,,19.92405,18.898,18.91047,18.91047
Xylt1,,19.45288,16.13186,17.79237,19.25811,19.68548,18.35883,19.25811
Dlg1,23.96341,22.87785,22.03184,22.87785,17.77764,17.1321,17.20991,17.20991
Arhgap15,,,,,18.30176,19.10516,,18.70346
Sox21,22.94576,21.22341,21.84858,21.84858,,,,
Cyp26b1,,,,,,,,
Prr5,22.99569,22.16389,20.70902,22.16389,21.78724,21.86725,20.59596,21.78724
Mgat4b,,18.85966,17.90877,18.384215,22.99557,20.90647,22.7961,22.7961
Mgat4a,22.40445,,19.79283,21.09864,21.12041,20.09442,21.15301,21.12041
Gpr68,,,,,,,,
Zc3hav1l,,,,,19.74209,20.39299,18.99667,19.74209
Fstl5,,18.61816,19.63688,19.12752,19.58095,20.12578,20.89807,20.12578
Asnsd1,20.31495,21.5603,22.02958,21.5603,18.53054,18.48211,20.12717,18.53054
Haus4,17.38515,,17.85453,17.61984,18.5173,16.15656,15.47107,16.15656
Jmjd4,,19.211,,19.211,,18.18379,,18.18379
Slc39a9,,,,,18.84684,,,18.84684
Rnf214,,,,,,,,
Slc17a8,,,,,,,,
Slc2a12,,19.7651,,19.7651,,,,
Rnf187,23.68024,22.21448,,22.94736,,,,
Lppr1,17.99987,16.70225,18.5908,17.99987,25.55643,25.80929,25.34364,25.55643
Rbm3,25.06369,25.27884,,25.171265,,19.92238,,19.92238
Nol12,22.29485,21.17463,21.08128,21.17463,21.3029,,21.82186,21.56238
Tmtc4,,,,,22.67457,23.2286,22.9278,22.9278
Rusc1,20.47576,,17.36572,18.92074,21.00113,18.42562,19.84612,19.84612
,,,,,,,,
Prdx6b,,22.85962,23.09191,22.975765,,,,
Stk17b,22.31951,23.59229,23.65971,23.59229,,,,
Tmem169,19.60996,,,19.60996,15.08614,14.99325,,15.039695
Rhot1,21.53284,,,21.53284,18.80747,16.4869,16.70563,16.70563
Rhot1,,,,,15.39513,15.6036,15.42233,15.42233
Txnip,23.34422,23.82571,23.62545,23.62545,20.65342,21.28636,20.87523,20.87523
Tmem198,,,,,17.95498,17.75792,16.81491,17.75792
Cwf19l2,25.41135,24.77047,25.31579,25.31579,25.0035,24.43835,23.67217,24.43835
Fbxo46,20.50164,,,20.50164,19.07143,,19.17097,19.1212
Lair1,,,,,,21.52109,,21.52109
Pknox2,21.05504,,,21.05504,22.55845,22.07826,21.21537,22.07826
Lhfpl2,,,21.68701,21.68701,21.61356,22.71837,20.94492,21.61356
,21.17029,20.45312,16.95163,20.45312,18.19123,21.34299,21.11299,21.11299
Ttc7a;Ttc7,22.43766,20.2,18.02826,20.2,13.02671,,,13.02671
Slc38a9,23.67906,,21.68517,22.682115,22.50235,23.38851,22.12647,22.50235
Npas4,,,,,,,,
Coa6,27.43698,25.85897,27.36478,27.36478,22.83078,22.68588,22.17393,22.68588
4933426M11Rik,25.50549,22.93727,21.97092,22.93727,23.63245,23.85984,,23.746145
Wdr92,25.94706,23.31174,24.05664,24.05664,21.80333,21.33565,21.95127,21.80333
Slc35d3,,,,,,,,
Rnf24,,,,,22.3921,23.4367,,22.9144
Fam13a,,,,,15.75277,18.82932,,17.291045
Pex26,21.49062,22.25716,22.23652,22.23652,22.05755,22.08719,23.62678,22.08719
U2af1l4,,20.0414,19.23774,19.63957,22.58729,24.03599,23.92913,23.92913
Slc7a6,24.59702,21.08673,21.19994,21.19994,24.44316,24.27078,22.89075,24.27078
Csrnp2,,20.40093,,20.40093,17.08784,,,17.08784
Pomt2,21.37804,18.50032,17.53298,18.50032,21.83715,21.49306,21.72559,21.72559
Gskip,25.25032,,,25.25032,23.25609,23.70904,22.242,23.25609
Mak16,20.35499,24.12155,23.95837,23.95837,21.52502,21.95692,22.39255,21.95692
Cept1,27.09003,26.27856,26.38275,26.38275,24.37345,24.59776,23.84038,24.37345
Ostm1,,24.00505,23.29151,23.64828,,22.83586,,22.83586
Galnt12,18.10513,18.10257,18.62292,18.10513,,,,
Tti2,22.6046,21.99096,21.00017,21.99096,20.61962,20.7478,21.21365,20.7478
Zfp128,,,18.60542,18.60542,,17.31256,,17.31256
Themis,22.48697,21.56286,20.77724,21.56286,19.50549,19.4943,19.36451,19.4943
Wbp1l,,,,,19.99051,18.60628,19.54223,19.54223
Nabp1,,,21.07927,21.07927,,,,
Stk32a,19.55749,17.66004,,18.608765,,,,
Spidr,19.51895,18.61411,18.22147,18.61411,,,,
Eif5a2,25.31804,24.05755,23.70799,24.05755,21.40868,,,21.40868
Luzp2,20.90029,,21.44536,21.172825,21.64112,21.47951,21.70843,21.64112
Klhl26,20.7185,21.2415,24.50616,21.2415,21.06763,20.049,20.45463,20.45463
Dcaf12,,,,,18.83201,15.28482,15.09992,15.28482
Aldh8a1,,,,,23.4737,23.52564,23.44884,23.4737
Tor4a,23.35797,21.68607,,22.52202,18.10958,19.29235,18.93362,18.93362
Arl6ip6,24.81627,23.86618,24.18828,24.18828,,20.86476,,20.86476
Orai2,23.95952,,,23.95952,22.36274,22.79784,,22.58029
Fbxl2,17.91625,,17.32113,17.61869,20.89423,20.45583,17.82842,20.45583
Tmem117,19.88029,,19.31134,19.595815,,,,
Tmem251,,,,,,,,
Mfsd8,21.22653,18.45294,,19.839735,23.70208,23.31631,23.40406,23.40406
Sema3d,21.29832,21.19069,,21.244505,,18.18151,,18.18151
C8b,17.06844,16.11431,15.64371,16.11431,,,,
Sec22a,25.58852,23.43632,24.85657,24.85657,23.89477,24.15939,23.88213,23.89477
Fam109a,22.43982,,19.54469,20.992255,23.28701,23.4051,23.33374,23.33374
Creb3l2,,,,,,,,
Fbxl4,20.65465,,22.47746,21.566055,20.68097,19.6432,18.95069,19.6432
Qpctl,,,,,19.97729,21.59154,,20.784415
Rnf41,20.95419,21.3405,19.08659,20.95419,22.87603,22.82943,23.05943,22.87603
Rtn4,,,,,17.16634,,,17.16634
Mapk1ip1l,27.16327,24.73045,24.90192,24.90192,,24.89994,22.73934,23.81964
Ino80c,21.37756,19.46509,21.13702,21.13702,,,20.3053,20.3053
Lrrc24,28.41199,,,28.41199,17.60342,18.7703,17.97012,17.97012
Acpl2;Pxylp1,,,,,18.15556,18.33355,,18.244555
Nod1,20.2976,18.91149,17.71122,18.91149,,,,
Lyve1,,,,,,,,
Rhbdd1,27.10819,25.70256,25.76415,25.76415,21.26029,20.39592,20.45583,20.45583
Rab39a,,,18.76966,18.76966,21.96818,19.67661,16.09783,19.67661
Frmd3,18.81572,17.22741,20.05112,18.81572,14.02851,15.28688,,14.657695
Pcmtd2,25.72484,26.01546,25.40558,25.72484,23.13267,23.80735,23.74222,23.74222
Prr11,,,,,,,,
Gemin8,,21.68402,22.66884,22.17643,,20.20443,,20.20443
Tmem108,22.43687,21.44253,20.03255,21.44253,,,,
Bmp3,,,,,18.53366,21.69375,20.2143,20.2143
Aqp11,,,,,,,,
Tmem179,,,,,23.79035,21.5121,,22.651225
Elovl5,23.03894,,19.793,21.41597,23.39663,23.72067,,23.55865
Nim1k,20.19893,19.03365,20.0592,20.0592,20.37645,,20.78867,20.58256
Gabra5,17.26765,,,17.26765,24.35266,24.82915,24.25904,24.35266
Pnma2,,,,,20.11337,21.5956,20.89984,20.89984
Slc36a2,,,,,,,,
Ercc6l,,18.08592,,18.08592,,17.24859,20.31252,18.780555
Elmo2,23.08257,21.45317,20.88829,21.45317,,,21.22152,21.22152
Cdc42se1,,,,,,,,
Ganab,25.56485,24.57917,23.56813,24.57917,20.04447,20.70388,19.4875,20.04447
Ganab,,,,,,,,
Enox1,,,,,20.90661,15.407,20.33145,20.33145
Rgp1,25.31133,,,25.31133,21.62649,21.86348,20.55441,21.62649
Haus1,,18.2605,17.75042,18.00546,15.67403,16.61353,14.78208,15.67403
Cdca8,,20.07783,20.84957,20.4637,,,,
Noc4l,22.34749,22.25142,22.35845,22.34749,23.45914,23.05069,22.80479,23.05069
Mri,,,,,,,,
Cemip,20.89689,20.90874,20.78891,20.89689,22.96367,22.53101,21.68406,22.53101
Sarg,,,,,,,,
Znf526,,,,,,18.54502,,18.54502
Fbxw8,20.80112,22.34997,20.29502,20.80112,21.48837,22.08109,21.13383,21.48837
Zfp763,,17.01476,18.5016,17.75818,17.12596,17.19412,,17.16004
Fbxl14,22.10834,,,22.10834,21.44718,20.4706,21.61194,21.44718
Fbxo28,22.56204,22.25865,22.10034,22.25865,21.76915,21.60205,20.45944,21.60205
Dock9,,,,,,,,
Msantd1,,,24.28044,24.28044,,,,
Zfp947,,,,,21.30022,,21.04527,21.172745
Zfp9,,,,,15.39694,14.6101,19.64871,15.39694
Ccdc126,24.50361,22.25704,21.69859,22.25704,,,,
Chtf18,22.10929,,,22.10929,16.73317,,15.06243,15.8978
Arl14ep,21.82827,23.05717,22.76856,22.76856,23.27199,23.45312,23.33197,23.33197
Gpatch3,,,,,,,,
Pcdh20,20.61396,,19.75945,20.186705,21.57145,19.8283,18.66525,19.8283
Anks1b,,,,,,,,
Snip1,18.68387,20.00648,,19.345175,21.79237,21.74139,,21.76688
Zc3h14,,,,,,,,
Marf1,19.98774,21.12736,21.04827,21.04827,20.64121,21.43583,19.86661,20.64121
Nagpa,22.97085,19.59916,,21.285005,16.55932,13.31217,,14.935745
Mfsd11,19.03666,,,19.03666,,,,
Lppr5,,,,,23.49521,22.90639,23.8906,23.49521
Pnpla2,23.9393,23.42278,23.28757,23.42278,19.25038,18.91096,,19.08067
Ap5m1,21.75054,21.61266,21.33484,21.61266,20.69744,21.30519,20.20156,20.69744
Chdh,,22.33495,21.20156,21.768255,,,,
Tm2d3,,,,,18.09934,13.82675,19.74003,18.09934
Znf771,20.80223,19.63373,22.50841,20.80223,23.23169,22.68949,22.47697,22.68949
Slc41a1,,,,,,,,
Mob3c,,19.97701,,19.97701,,,,
Kctd7,,,,,20.043,21.25373,,20.648365
R3hcc1l,22.30608,21.06559,20.05059,21.06559,,19.28417,20.21833,19.75125
Usp1,,16.24074,16.94855,16.594645,17.88083,15.54194,14.79619,15.54194
Ticam2,22.44476,17.63644,21.38785,21.38785,,,,
Csgalnact1,20.56635,,,20.56635,,,,
Sgta,24.10334,22.73316,23.56034,23.56034,22.20526,21.51865,22.07532,22.07532
Ndufv3,25.92418,20.06973,24.1991,24.1991,24.53053,23.6633,24.43365,24.43365
Gltscr2,21.44622,21.0627,21.18961,21.18961,19.88994,19.06516,21.80869,19.88994
Olfml3,,,,,,,,
Csnk1a1,,21.90076,21.18785,21.544305,,,,
Srrm4,,,,,,,18.7563,18.7563
Polrmt,18.78398,19.38505,,19.084515,20.51884,22.11267,18.97802,20.51884
Sirt7,21.57459,19.64275,19.70519,19.70519,21.52874,23.89837,19.18258,21.52874
Ppp1r1c,,,,,,,,
Zfp189,,,,,,,,
Spock1,,,,,17.80221,18.04857,18.04894,18.04857
Kiaa0020,24.48487,24.12928,23.7959,24.12928,22.75179,23.72661,22.44273,22.75179
Haus7,22.9439,19.48135,22.62531,22.62531,20.11617,19.40539,17.88101,19.40539
Zcchc4,21.04414,,,21.04414,16.74741,19.16096,19.07436,19.07436
Slc25a29,19.21428,,,19.21428,23.25796,23.13163,23.15507,23.15507
Rassf10,,,,,19.19403,18.68229,18.59631,18.68229
Ablim2,,,,,,,,
Ablim2,,,,,,,,
Gtf3c2,,,,,,,,
Arhgap22,23.37557,23.0769,22.54552,23.0769,26.78457,19.77164,23.70852,23.70852
Zfp3,,,,,17.81234,17.82047,,17.816405
Ankrd34c,,,,,19.90292,19.96593,19.34035,19.90292
Tardbp,,,21.76842,21.76842,21.23034,,20.2454,20.73787
Phf20,16.98993,,,16.98993,14.65234,15.24228,16.20846,15.24228
Lpar4,22.6872,,,22.6872,,,,
Dse,20.16153,,,20.16153,15.86962,22.41795,15.97782,15.97782
Slc7a4,,,,,22.90967,,,22.90967
Psd4,16.503,20.43359,20.81581,20.43359,17.22053,15.8362,13.85048,15.8362
Sowaha,,,18.34152,18.34152,,,,
Slc35c1,,19.42066,19.11304,19.26685,,,20.40041,20.40041
Col16a1,,,,,18.30706,,18.76746,18.53726
Smoc1,21.34754,19.10973,19.90104,19.90104,20.71917,20.19544,19.18819,20.19544
Hps6,23.34381,22.10466,21.59323,22.10466,16.27325,19.29372,20.42696,19.29372
Lsm14b,,,,,,,,
Plekhm3,21.26574,,,21.26574,,,,
Arid5b,19.79668,17.5548,18.38541,18.38541,21.92868,21.84426,19.17475,21.84426
Ctso,24.07104,23.73727,24.75588,24.07104,,,,
Cnksr3,23.05953,20.77201,20.6329,20.77201,,15.87652,,15.87652
Npat,19.0302,17.9677,16.46738,17.9677,,,,
Emsy,25.95808,25.04135,25.68696,25.68696,22.34708,21.39613,21.61863,21.61863
Lpar6,,21.73037,,21.73037,,,,
Shc2,,,,,16.94169,16.67797,,16.80983
Nop9,23.03039,23.66926,22.67325,23.03039,23.28306,23.78077,23.13173,23.28306
Dzip1;Syce3,21.28692,17.31363,19.22154,19.22154,18.5912,18.45728,18.98529,18.5912
Slc25a32,23.77696,23.83923,23.71785,23.77696,25.42198,24.50227,23.77122,24.50227
Gen1,,,,,,,,
Cgrrf1,,,,,,,,
Sp8,,,,,,,,
Mettl2,22.02783,22.48638,15.38104,22.02783,21.86529,21.98047,21.17213,21.86529
Ccdc184,,,,,,21.26539,21.33467,21.30003
Nrros,,,,,20.70514,,,20.70514
Znf76;Zfp523,,,,,,,,
Vrk2,24.43638,22.54913,22.52461,22.54913,,19.45236,19.28288,19.36762
,23.70028,22.37023,22.47818,22.47818,22.09803,21.6865,21.85673,21.85673
Arhgap28,,,,,18.46391,20.06065,20.00113,20.00113
Slc17a5,24.06365,21.38706,22.37316,22.37316,18.86789,20.34808,19.90407,19.90407
Ddx26b,19.282,18.80467,,19.043335,,12.77046,,12.77046
Derl2,24.70556,25.30156,25.61203,25.30156,19.81367,,,19.81367
Gpr137b,,,,,,,,
Sp2,23.88846,21.88077,22.25225,22.25225,,,,
Vmac,22.67483,23.41274,22.32691,22.67483,,21.90643,21.76777,21.8371
Zfp101,,,,,16.27542,15.33682,15.62131,15.62131
Tpm1,28.26915,26.87713,25.89581,26.87713,22.56377,22.07091,21.62082,22.07091
Athl1,28.11376,27.41957,27.26419,27.41957,23.56128,21.45603,20.72318,21.45603
Pstk,22.15971,21.27816,22.56316,22.15971,21.43888,21.68055,21.25315,21.43888
Rhbdd3,22.95141,,,22.95141,21.03113,21.11191,20.00539,21.03113
Efemp1,24.59457,21.66978,22.1731,22.1731,,,,
Dnaaf2,23.68014,22.76422,22.46438,22.76422,,,,
Zcchc3,,,,,,16.82898,,16.82898
Gpr180,22.65438,21.50237,21.30736,21.50237,22.74318,22.95996,20.888,22.74318
Slc15a3,19.39146,17.87921,16.78507,17.87921,20.77563,21.15524,24.42015,21.15524
Fam175a,,,,,19.59552,,,19.59552
Fjx1,,,,,22.86678,22.45259,22.19665,22.45259
Smco3,,,,,,,,
Eml5,,14.66489,,14.66489,19.96084,21.28636,18.6968,19.96084
Znf146,,,,,,,18.69422,18.69422
Rab11fip4,,,,,,,,
Zdhhc14,,,,,,,17.33429,17.33429
Kansl2,,19.84809,,19.84809,,,,
Adipor2,,,,,19.40129,,19.12853,19.26491
Fam69c,23.84546,19.61159,,21.728525,25.2844,22.67941,24.14639,24.14639
Acn9,,,,,,,,
Gjc2,20.2543,21.99338,20.14694,20.2543,,,16.1323,16.1323
Rab37,,,,,,,,
Tmco6,,20.55703,,20.55703,,,,
Hus1,22.86818,18.40649,21.5514,21.5514,,19.47322,22.75782,21.11552
Nhlrc1,,18.25636,18.00952,18.13294,20.51941,19.88557,19.75237,19.88557
Kat6b,18.5403,,14.54267,16.541485,19.76239,19.43151,19.01225,19.43151
Maats1,23.28221,23.37769,22.53986,23.28221,22.54543,21.01209,19.28776,21.01209
Gorab,24.87797,24.08902,24.8812,24.87797,23.77826,22.11598,22.29499,22.29499
Pi15,,,,,,,,
Zmym6,18.4897,,16.19216,17.34093,20.66327,21.10949,17.84886,20.66327
Gpr89a,22.74636,21.24592,22.21815,22.21815,22.41604,22.85095,21.70738,22.41604
Tyw3,19.3057,21.47531,21.18126,21.18126,19.03604,18.90242,18.88002,18.90242
Zkscan8,,,,,15.55477,,14.8496,15.202185
Arf2,19.20158,26.18705,26.97378,26.18705,26.13285,26.6618,26.26803,26.26803
Phf23,22.70533,22.35794,22.08018,22.35794,17.86423,,16.64174,17.252985
Ncaph2,,,,,16.65004,,13.74882,15.19943
Mob3a,,19.07616,17.14878,18.11247,21.97869,21.91903,22.30316,21.97869
COA4,,,,,,,,
Cebpzos,,,,,25.10125,25.00363,,25.05244
Lig4,,15.12481,20.70261,17.91371,21.59778,21.7423,20.85422,21.59778
,20.63014,,,20.63014,20.01618,21.00997,18.41596,20.01618
Ndrg4,,,,,,,,
Scrt2,,,,,,,19.05936,19.05936
Pigz,,,,,,18.72277,,18.72277
Cd200r5,,,,,,,,
PcgF3,,,,,14.65257,20.29356,,17.473065
Rccd1,,19.47114,,19.47114,,,,
Cdk5rap1,21.40816,20.18132,20.67616,20.67616,20.13458,21.02073,22.93409,21.02073
Pak4,26.61961,25.21234,25.4288,25.4288,22.72467,22.50001,21.49453,22.50001
Slc4a7,,19.59923,20.19111,19.89517,18.21039,,19.36001,18.7852
Ikzf5,21.83225,,,21.83225,19.4145,17.47287,16.62899,17.47287
Pwp2,23.43007,22.61241,22.32866,22.61241,24.4008,24.28122,23.53659,24.28122
Pamr1,,,,,,18.2793,,18.2793
Aifm2,22.27031,23.38837,22.70618,22.70618,21.0414,20.45111,20.33778,20.45111
Txnl4b,,21.90139,,21.90139,,,,
Nme7,,,,,21.021,21.54307,21.1218,21.1218
LRWD1,22.90969,22.22179,22.34413,22.34413,20.77925,21.53773,20.84153,20.84153
Lrp12,,17.60682,,17.60682,21.4493,20.64992,17.55315,20.64992
Ptpn7,,20.23234,21.19442,20.71338,,19.35574,22.24039,20.798065
Slc24a2,,,,,20.68748,19.96296,18.69129,19.96296
Fam43a,,,,,16.81077,21.37226,,19.091515
Zfp788,20.95766,,,20.95766,20.68046,19.52449,17.28311,19.52449
Foxj3,23.06393,22.08579,21.12824,22.08579,20.66882,21.92281,21.46379,21.46379
Gphn,,,,,,,,
Lsm11,17.92497,19.03832,,18.481645,22.46324,22.07169,21.43502,22.07169
Kcnk10,21.19003,17.62521,,19.40762,20.63777,21.48134,21.84199,21.48134
Pla2g3,,,,,,,,
Ifi44,,,,,,,,
Aph1a,23.23739,,,23.23739,,,,
Mettl6,23.34895,22.68667,22.93166,22.93166,21.12143,20.58729,21.27475,21.12143
Trip11,,,,,,,,
Sp110,21.52148,19.87307,20.03268,20.03268,18.24195,,19.81124,19.026595
Jakmip1,,,,,,,,
Azin2,21.041,21.35213,19.66131,21.041,,21.72,22.30983,22.014915
Phf11a,,,,,,,,
Mterf4;Mterfd2,23.94092,24.66996,24.49704,24.49704,26.60456,26.61512,20.4172,26.60456
Rspry1,21.06178,22.40356,22.56635,22.40356,23.12539,22.90536,22.28348,22.90536
Trim14,22.37406,17.08928,,19.73167,21.40458,21.99721,17.09743,21.40458
Supt3,,,,,21.408,20.63334,19.95858,20.63334
Plin5,20.37624,,,20.37624,24.7179,24.31472,16.34641,24.31472
Il33,,,,,,,,
Ptrh1,22.69925,23.50458,23.73882,23.50458,20.53716,20.94956,19.89012,20.53716
Nob1,23.81059,22.28833,24.11997,23.81059,24.17211,23.82571,24.02344,24.02344
Ttc12,22.96215,22.63469,21.92854,22.63469,20.74222,23.30257,20.2383,20.74222
Ap1s2,20.78899,,19.98022,20.384605,,17.97584,,17.97584
Camk1d,,,,,,,,
Steap2,21.66575,21.10329,20.13609,21.10329,,,18.77204,18.77204
Tpcn2,20.90683,18.68558,21.45378,20.90683,21.58527,,20.8946,21.239935
Arrb1,,21.82606,18.52784,20.17695,,,,
Orai1,24.46389,25.85871,22.54151,24.46389,21.96106,21.30034,,21.6307
Slc38a7,24.18699,23.154,23.69975,23.69975,21.06467,21.51239,19.89029,21.06467
Ldlrad4,,,,,,,,
Rbms3,,22.79844,,22.79844,,,,
Stfa2l1,,23.29572,,23.29572,,18.84797,,18.84797
Ttpa,,,,,,,,
Rhpn2,23.76,21.88885,21.44374,21.88885,,,,
Dip2a,,18.685,18.23187,18.458435,,,,
Sprn,,,,,,,,
Fam131a,,17.24813,,17.24813,,,,
Slc39a11,24.25083,23.81402,23.7006,23.81402,23.28982,24.04034,22.67159,23.28982
Gk5,,19.48127,19.49044,19.485855,,,,
Pgam5,21.92133,21.39629,,21.65881,23.85833,24.02834,23.80902,23.85833
Ube3d;Ube2cbp,,,,,,,,
Eda2r,,,21.15616,21.15616,,,,
Relt,,,19.02063,19.02063,,,,
Vps13c,,,,,,,,
Trerf1,19.54744,,,19.54744,18.22331,,16.85404,17.538675
,21.0466,18.51476,,19.78068,21.77848,21.52435,18.24284,21.52435
Ppm1k,20.83815,21.27901,,21.05858,20.18156,,,20.18156
Stard7,,,,,,,,
Fam53c,22.84126,18.02405,20.59905,20.59905,20.97288,20.85612,20.8112,20.85612
Osbpl6,20.96473,,,20.96473,,21.07835,19.85469,20.46652
Fgd2,20.29513,20.2976,20.99245,20.2976,17.01171,13.63424,20.52009,17.01171
Znf574,22.46101,20.55609,20.53886,20.55609,13.50556,,,13.50556
Usp47,,,,,,,,
Epha10,,,,,19.36662,,,19.36662
Trmt13,19.34523,,,19.34523,,17.68736,15.97632,16.83184
Chd9,16.26118,16.71693,,16.489055,18.79313,19.01596,18.95691,18.95691
Rsph4a,25.64069,25.55938,25.21889,25.55938,,15.26529,,15.26529
Slc41a2,,,,,20.03792,19.51131,,19.774615
Arhgap25,,,,,,,,
Elmo3,24.5338,18.86036,17.82028,18.86036,22.25649,,20.30129,21.27889
Slc9a9,24.37079,18.82087,20.53412,20.53412,18.29513,21.347,22.15379,21.347
Prkd2,23.41209,22.74606,23.77776,23.41209,20.27492,19.93131,19.69697,19.93131
Slc25a21,26.58348,24.65753,26.03326,26.03326,,,,
Znf609,21.90647,20.48188,,21.194175,20.97946,20.18107,17.29248,20.18107
Tctn1,24.09668,22.68919,22.52497,22.68919,19.97575,,18.49178,19.233765
Slc13a4,,,,,,18.29616,,18.29616
Dnm3,,,,,,,,
Gpr26,,,,,20.36975,21.72322,21.57985,21.57985
Nipal4,19.51757,19.47704,,19.497305,,,,
Afap1l1,,,,,,,,
Slc35f4,,,,,,,,
Neu4,,,,,,,,
Klhl12,21.53251,18.87361,19.56507,19.56507,20.95893,21.25511,20.55497,20.95893
Kcnv1,,,,,21.52353,17.58005,,19.55179
Nuak2,,,,,,,,
Dhx32,23.05441,21.55065,21.06592,21.55065,,,,
Lacc1,22.81681,20.59067,17.35501,20.59067,17.48864,,19.83627,18.662455
Sowahb,,,,,,,,
Tpbgl,,,,,,,,
Chpt1,28.81684,24.52618,24.69556,24.69556,19.67026,,,19.67026
Eno4,,,,,17.46953,18.89475,17.70286,17.70286
Camkk2,,,,,20.72384,19.7937,19.3398,19.7937
Ccser1,19.65906,18.34945,17.1632,18.34945,21.94614,23.81987,21.46777,21.94614
Trub1,21.06592,19.87382,20.27378,20.27378,21.53687,21.46324,22.86013,21.53687
Ing4,23.36986,,,23.36986,19.59671,,22.17992,20.888315
Trim47,24.08869,23.81607,23.47346,23.81607,16.55139,,19.65425,18.10282
Trim47,,,,,,,,
Prss35,21.52888,,,21.52888,,,,
Traf3ip3,,15.07402,,15.07402,19.48176,19.07509,19.29057,19.29057
Epc2,20.19976,20.45764,18.18742,20.19976,20.97001,20.69396,20.86333,20.86333
Atg16l1,,,,,,,,
Dnai1,22.27816,21.87275,21.36474,21.87275,,,,
Agpat9,23.71083,23.34503,23.46476,23.46476,23.52049,23.7103,,23.615395
Mastl,,19.32087,,19.32087,,14.91821,,14.91821
Znf451,,,,,18.97264,16.93168,16.73991,16.93168
Ttc34,,19.99466,,19.99466,20.89334,,,20.89334
Zfp317,,18.14086,,18.14086,16.66511,15.93724,,16.301175
Dis3l,20.53971,20.08187,20.38058,20.38058,20.55065,18.58053,20.00374,20.00374
Mfsd9,21.1379,,,21.1379,,,19.47148,19.47148
Frmd6,23.24461,22.02563,21.5499,22.02563,20.45453,,,20.45453
Slitrk6,,,,,,,,
Sh3rf3,,23.2953,20.30408,21.79969,22.54569,23.20784,22.56419,22.56419
Ldlrap1,24.04902,24.3995,22.41491,24.04902,,,20.37337,20.37337
Mslnl,,,,,,,,
Mbnl2,25.99854,22.87192,23.63312,23.63312,21.79035,,,21.79035
Cps1,18.78005,18.67435,18.89395,18.78005,23.62522,23.84384,23.63367,23.63367
Mtrr,20.46752,21.04226,21.08907,21.04226,17.23397,20.23725,20.53687,20.23725
,,,,,18.41146,18.1246,,18.26803
Iws1,24.15931,23.63012,23.90399,23.90399,24.45205,24.2027,24.10653,24.2027
Csgalnact2,21.839,19.63488,20.08252,20.08252,20.12553,20.17426,20.64632,20.17426
Krtap16-3,,,,,23.66709,,,23.66709
Smim4,,,,,,,,
Bbs4,25.86266,24.70804,22.79358,24.70804,21.75193,21.88584,22.3844,21.88584
Trmt10a,,21.4498,22.88041,22.165105,21.97025,21.12389,20.54009,21.12389
Ikzf4,,,,,,,,
Dpep2,,,,,17.26929,20.50756,,18.888425
Pqlc3,21.718,21.4399,20.35875,21.4399,,,,
Ska3,,,,,18.07796,17.08286,,17.58041
Tsen54,22.73215,22.03245,23.27042,22.73215,20.52219,18.88128,19.29309,19.29309
Suco,22.25459,21.11687,20.4207,21.11687,21.05099,20.69702,20.57099,20.69702
Layn,22.81223,22.72536,21.72409,22.72536,,,,
Rft1,,,,,20.97014,18.1138,18.11787,18.11787
St6galnac4,,,17.25313,17.25313,,,,
Tango6,21.07424,19.384,20.01917,20.01917,21.24574,21.53431,20.59787,21.24574
Zbtb37,,19.47439,19.50885,19.49162,19.98426,21.11623,21.46867,21.11623
Kntc1,19.62785,17.87406,17.72733,17.87406,19.87746,18.04825,18.60096,18.60096
Yipf4,26.02466,21.50077,21.01693,21.50077,22.25035,22.31788,21.07731,22.25035
Wdpcp,21.41075,21.30519,25.4768,21.41075,17.16172,,18.11294,17.63733
Cenpu,,17.39305,17.06434,17.228695,,,,
Herpud1,21.24962,20.14046,22.93763,21.24962,22.0234,21.96642,20.49463,21.96642
,,,,,,,,
Tmem154,,,,,,,,
Tmem145,,,,,16.7276,17.65774,18.19701,17.65774
Sfrp1,27.15721,26.41135,26.20019,26.41135,28.05631,28.68187,27.4906,28.05631
Fbxl3,21.73128,22.81689,21.88289,21.88289,20.52755,17.08317,18.12364,18.12364
Nrn1l,,,,,,,,
A730017C20Rik,,,,,19.08525,19.47483,20.5925,19.47483
Max,24.7189,24.34293,24.3476,24.3476,16.39208,19.82875,18.97239,18.97239
Rad51ap1,,,,,,,,
Fam78a,,,,,,,19.13408,19.13408
Pias2,,17.78545,,17.78545,20.90176,22.10454,19.71972,20.90176
Vash2,,,,,22.33914,22.71408,20.84766,22.33914
,23.21058,19.97014,23.48775,23.21058,21.42091,20.59596,21.08894,21.08894
Nt5dc1,18.67135,,16.62013,17.64574,,,,
Dcun1d4,22.6156,21.80045,,22.208025,19.67558,16.8764,17.27858,17.27858
Rtkn,,,,,,,,
Rps19bp1,26.36743,22.79291,25.2084,25.2084,20.07366,20.30797,20.02553,20.07366
Fam204a,,,,,,,,
Bend5,,,,,18.90853,,18.17045,18.53949
Mb21d1,22.20884,,21.3133,21.76107,20.5417,22.11807,21.47586,21.47586
Zfp57,,18.62335,,18.62335,22.41243,22.6988,22.23693,22.41243
,,,20.43949,20.43949,,,,
Lin9,21.54656,20.61027,20.2383,20.61027,17.68968,20.76028,19.97771,19.97771
,20.24771,17.10072,15.19117,17.10072,,,15.06154,15.06154
Fam221a,22.32655,22.67868,22.07336,22.32655,19.39605,,,19.39605
Stbd1,,,,,17.85769,,,17.85769
Trim9,,,,,,,,
Galnt6,,,18.81691,18.81691,,,,
Emc1,,,15.23246,15.23246,23.94333,22.96853,22.98675,22.98675
Spice1,24.37139,22.98115,22.42816,22.98115,18.42382,19.27367,18.61698,18.61698
Slc35e2,,,,,18.01443,17.60675,,17.81059
Tusc5,,,,,,,,
Scara3,,,,,,,,
Zfp202,,,,,,,,
Rtp1,,,,,,,,
Fam60a,,,,,,,,
Vwc2,,,,,,,,
,,,,,,,,
Nrxn3,,,,,,,,
Fam26f,,,,,,16.41899,,16.41899
Zfp446,,,,,19.33523,,,19.33523
Atg4a,21.67068,21.50698,19.3894,21.50698,17.12848,,19.59769,18.363085
Epc1,22.01954,17.15581,19.49223,19.49223,19.02726,19.58094,20.16974,19.58094
Atp5sl,,,,,20.14793,22.35931,19.9655,20.14793
Shisa4,23.72453,24.35884,23.56151,23.72453,,,18.04559,18.04559
Araf,19.79886,21.59304,22.27648,21.59304,23.38245,23.91095,24.18382,23.91095
Nhsl1,,,,,,,,
Rab36,22.8468,22.32658,20.93718,22.32658,21.65277,23.09181,21.20126,21.65277
Rad23a,,,,,,,,
Immt,,,,,,,,
Parp9,,,,,,,,
Ybey,,,,,24.08554,23.96798,22.07048,23.96798
Tmem194b,21.89541,23.44708,23.03619,23.03619,,18.24005,18.15185,18.19595
Lrp11,,,,,,,,
Rassf4,24.09426,21.64939,22.15866,22.15866,18.25243,19.82201,,19.03722
Rsad2,20.70269,,19.96226,20.332475,18.09027,17.6692,17.71398,17.71398
Lrrn3,,,,,20.25661,20.85643,20.49726,20.49726
Nrip1,15.81318,,,15.81318,18.06339,18.62492,,18.344155
Rnf170,,,,,23.13615,23.2487,23.20817,23.20817
Tsku,23.41918,22.09291,22.07862,22.09291,,,,
Dcaf12l1,,,,,,,,
Bivm,,,,,20.77668,21.20461,20.73223,20.77668
Gatc,,22.84841,22.22249,22.53545,21.90415,22.25153,21.93665,21.93665
Cdan1,21.15332,21.09365,17.5723,21.09365,20.92165,19.21193,17.99551,19.21193
,,,,,,,,
Rybp,23.31562,22.68014,23.51965,23.31562,,21.15863,20.32367,20.74115
Amer2,23.15345,21.57131,21.09288,21.57131,23.41867,22.85793,22.81163,22.85793
Slc35e1,22.63192,23.18565,22.10929,22.63192,22.50899,21.83634,22.85641,22.50899
,,,,,,,,
Zbtb9,20.15795,18.32232,17.85404,18.32232,17.60328,16.82401,,17.213645
Lrif1,,20.65045,21.30541,20.97793,,,,
Ston1,25.3759,24.79986,24.03002,24.79986,18.98754,17.82128,18.03607,18.03607
Iqub,,,21.02486,21.02486,18.36926,,17.74583,18.057545
Dnal4,,,,,22.22329,22.7728,23.04891,22.7728
Dmtf1,17.33473,15.88011,18.81594,17.33473,21.95294,21.94009,17.19653,21.94009
Pramef8,,,,,17.77886,18.95188,,18.36537
Znf276,21.5602,19.7796,19.99728,19.99728,20.02837,20.70278,19.31261,20.02837
Pask,19.89837,,17.8734,18.885885,,16.95753,16.95106,16.954295
Fem1c,,13.73661,,13.73661,19.91459,19.91421,19.36767,19.91421
Ccdc28b,23.91825,22.98992,,23.454085,23.06174,22.65964,,22.86069
Usp27,,,,,19.23173,18.76163,17.7743,18.76163
Smco1,,,,,,,,
Zfp263,,,,,,,18.03987,18.03987
Lamtor4,26.99615,26.00515,26.59306,26.59306,,,24.74996,24.74996
Irak2,19.27403,20.41627,,19.84515,,21.45714,21.31518,21.38616
Ercc8,,,,,18.54879,18.38675,17.70056,18.38675
Btbd7,17.62984,19.55562,,18.59273,,16.02484,,16.02484
Sulf2,24.06579,22.96693,24.80558,24.06579,20.09713,21.3443,17.45033,20.09713
Dmrta1,,,,,,,,
Slc25a45,21.24818,20.96585,20.83731,20.96585,,,,
Dennd1c,19.72252,18.02237,20.87523,19.72252,,,,
Zswim3,,,,,17.6918,16.93064,17.59222,17.59222
Mef2c,22.092,,,22.092,,,,
Setd1b,19.84367,18.87264,16.93997,18.87264,21.32499,24.23922,20.40499,21.32499
Ngfr,,,,,21.07477,20.87733,16.73026,20.87733
Tp53inp2,,,,,,,,
Ano2,,,,,16.51898,,16.55451,16.536745
Cox10,21.80534,,,21.80534,23.42227,22.095,22.05073,22.095
Gpc3,,,,,23.18233,22.2159,21.95699,22.2159
Ltbp1,24.49911,23.03026,23.24644,23.24644,,17.11756,,17.11756
Smc5,23.48517,21.53388,22.08654,22.08654,21.42808,23.93301,23.68325,23.68325
Rab43,30.49515,29.57474,30.45474,30.45474,20.91116,20.37592,20.9679,20.91116
Fkrp,24.55104,23.29334,21.94432,23.29334,23.73304,20.26602,19.44795,20.26602
Leprel2,19.07616,20.43553,,19.755845,,,,
Rpgrip1l,19.52227,19.46673,20.03241,19.52227,18.5723,18.52749,18.1206,18.52749
Mamdc2,22.83492,21.44121,21.32674,21.44121,16.81603,16.457,16.91684,16.81603
Uaca,24.63666,23.53943,23.23644,23.53943,19.10049,16.69547,17.87322,17.87322
Ifi205a,21.28399,20.63298,20.61531,20.63298,,,19.55437,19.55437
Arhgap29,22.43644,18.88471,26.43293,22.43644,23.54428,23.2863,22.78159,23.2863
Bcor,17.12343,17.31708,,17.220255,20.37624,20.7144,16.09754,20.37624
Tshz3,19.3605,21.56151,21.21638,21.21638,19.49058,19.30748,19.8042,19.49058
Oraov1,,,21.06881,21.06881,20.28816,21.36624,20.98545,20.98545
Nav1,,,,,19.10789,19.51559,19.0107,19.10789
Adnp2,19.68694,,17.52045,18.603695,19.7637,17.13561,18.55266,18.55266
Gltscr1l,,,,,18.02718,19.46443,17.24776,18.02718
Rln3,,,,,,,,
Epn2,,,,,,,,
Epn2,,,,,,,,
Tada2a,,,,,,,,
Mbtps2,,,,,,,,
Slain2,24.5998,22.28681,24.14507,24.14507,21.18507,19.64105,18.67221,19.64105
Pdgfc,,,19.82833,19.82833,19.53035,19.58802,19.38703,19.53035
Stoml1,,,,,25.87166,25.5257,22.09742,25.5257
Dis3l2,,18.17202,18.26376,18.21789,,,,
Slc35b4,,22.17621,,22.17621,,,22.95559,22.95559
Hiatl1,,,,,,,,
Esco2,,,,,,,,
Csrp2bp,20.014,,,20.014,,18.99697,19.05783,19.0274
Fam20a,,,,,,,,
Zmiz2,,,,,22.54007,22.46966,22.32276,22.46966
Btd,25.46485,22.86081,23.54392,23.54392,21.1254,,,21.1254
Sidt2,23.81548,21.96698,22.10348,22.10348,22.37904,22.62384,21.22729,22.37904
Kdm1b,26.02115,25.50476,26.56036,26.02115,23.20698,22.3648,23.13602,23.13602
Crlf2,,18.84095,,18.84095,,,19.79335,19.79335
Rfwd3,,,,,,,,
Lrrc45,21.72862,21.25574,20.36922,21.25574,21.53834,,17.60942,19.57388
D2hgdh,27.71679,25.79313,24.8606,25.79313,24.99123,25.45839,24.29467,24.99123
Gpr84,,,,,,20.43939,,20.43939
Card11,,,,,,,,
Crh,,,,,,,,
Peo1,20.37188,17.9851,20.73752,20.37188,22.15258,21.53041,20.01577,21.53041
Crocc,,,,,,,,
Neurl3,,,,,,,,
Ago4,,,,,17.29455,16.38217,15.69857,16.38217
Mr1,,,,,,,,
Znf467,,,,,,,,
Rasgef1b,16.80587,,,16.80587,,17.20218,,17.20218
Tifab,,,,,,,,
Klhl2,,18.26164,15.45459,16.858115,20.17439,21.5491,22.25217,21.5491
Crk,19.67442,21.04667,21.9124,21.04667,23.63456,22.76725,22.28529,22.76725
N4bp2l2,19.75104,20.30184,19.63932,19.75104,17.80971,16.92799,18.22732,17.80971
Hmgcll1,,,,,,,,
Nudt13,25.33221,24.02471,23.95082,24.02471,19.52296,15.61672,,17.56984
Pxdc1,22.12808,21.862,22.61538,22.12808,24.47172,23.67077,16.997,23.67077
Poc1a,20.58013,19.08921,,19.83467,,,,
Clec4a3,22.32454,19.31332,,20.81893,,17.85726,,17.85726
Ammecr1l,19.5721,,20.28376,19.92793,21.27736,20.69592,21.23859,21.23859
Tma7,28.78628,29.19423,29.68127,29.19423,24.90215,23.92922,21.90591,23.92922
Sulf1,21.95738,18.51665,19.72738,19.72738,,,,
Gtpbp10,21.66397,23.28701,22.40878,22.40878,23.01264,23.66936,19.86713,23.01264
Cenpo,,,,,,,,
Akr1c18,,,,,,,,
Stard8,,,,,,,17.17612,17.17612
,22.42191,22.91095,22.93059,22.91095,17.63275,,,17.63275
Ift80,25.24692,24.6274,24.37928,24.6274,21.11807,21.24493,20.10367,21.11807
Reep4,20.50949,20.71616,22.36046,20.71616,,,,
Lmbrd1,26.01861,25.84129,25.51554,25.84129,24.5686,24.43078,24.62801,24.5686
Osbp2,,,,,,,,
Cox19,23.20966,20.7086,,21.95913,,,,
Zfp60,,,,,17.57843,18.18331,,17.88087
Fgb,,,,,,,15.95946,15.95946
Slc47a1,,,,,,,,
Taf10;Gm4799,25.35572,24.81568,23.73727,24.81568,,22.84451,17.15066,19.997585
Erich5,,,,,,,,
Snapc1,,,,,,,,
Tmem17,21.23111,22.62379,19.33715,21.23111,20.34571,,21.76967,21.05769
Dph3,24.79605,25.21897,24.52319,24.79605,22.12117,,,22.12117
,21.11826,20.10418,20.58141,20.58141,,18.68459,17.12424,17.904415
Pms1,22.23789,20.85848,21.42183,21.42183,18.49744,13.88216,,16.1898
Mtrf1,22.86814,,23.17135,23.019745,23.13648,23.13597,17.19844,23.13597
Scnm1,,,,,,,,
Saysd1,,,,,,17.23472,,17.23472
Rnase2a,,,,,,16.08061,,16.08061
Krtap13-1,,,,,,,,
Mettl5,23.09862,23.27668,22.5487,23.09862,22.77901,22.29944,21.86578,22.29944
Angel2,,,,,,,,
Slc16a14,,,,,22.15019,21.86544,21.53422,21.86544
Lrrc41,23.07596,22.00093,21.91086,22.00093,23.86325,24.13923,23.04795,23.86325
Evc2,20.10418,22.91669,22.86442,22.86442,,,,
Tcp11l2,25.13786,23.09737,22.22988,23.09737,17.68811,19.00939,,18.34875
Obp2a,,23.30452,,23.30452,,20.62391,,20.62391
Spp2,,20.98099,21.29737,21.13918,,,,
Sde2,23.33088,20.58756,20.88807,20.88807,20.55815,17.94146,,19.249805
Cenpi,,,,,,,,
Serpinb10,,,,,,,,
Creb5,21.40987,20.60041,21.72155,21.40987,,,,
Phldb2,21.50276,19.37346,20.79329,20.79329,,,15.54578,15.54578
Unc5d,,18.83658,,18.83658,21.50077,20.64386,20.5346,20.64386
Unc5b,,,,,19.86206,18.80281,19.06655,19.06655
Lrrc25,21.89774,20.49404,21.90511,21.89774,,19.1487,18.6314,18.89005
Kct2,24.41777,25.69014,24.12888,24.41777,21.77242,22.77652,21.58454,21.77242
Polr1e,21.32997,21.78843,17.18001,21.32997,18.08566,20.58921,19.61626,19.61626
,23.95314,22.65018,21.26556,22.65018,21.80912,22.1691,22.30627,22.1691
Slc31a1,29.32837,28.52197,28.69062,28.69062,26.63506,27.54444,27.01201,27.01201
Relb,23.91989,19.8273,20.6784,20.6784,22.19135,22.31191,18.07316,22.19135
Hpdl,23.14959,19.36125,,21.25542,18.95731,18.96894,18.52118,18.95731
Mtmr3,,,,,,,,
Gulp1,26.38837,25.91134,26.15232,26.15232,21.7915,22.60402,21.39153,21.7915
Alg3,23.8892,23.73665,,23.812925,,21.04647,18.40237,19.72442
Leprel4,24.11712,23.15443,23.23784,23.23784,17.28437,15.13815,,16.21126
Os9,,,,,,18.38961,,18.38961
Plcd3,23.92931,22.83438,22.45418,22.83438,20.44152,19.81151,19.25121,19.81151
Rell1,26.45562,25.91595,26.16025,26.16025,21.49872,21.38216,20.55328,21.38216
Agfg1,21.06822,,20.87995,20.974085,21.69748,,,21.69748
Srrd,21.98763,,,21.98763,,,,
Lurap1l,,,,,20.38785,,20.47298,20.430415
Rfesd,,,,,22.60567,21.44844,19.81581,21.44844
Chchd7,23.76061,22.84234,,23.301475,,,,
Znf668,,,18.83849,18.83849,20.09378,20.10457,19.81619,20.09378
,,,,,,,,
Txndc11,,18.63329,19.45041,19.04185,19.06865,18.85121,19.14123,19.06865
Atp10d,,,,,22.61556,20.53317,23.34584,22.61556
Gtf2h5,,,,,,,,
Eva1b,,23.934,21.92955,22.931775,,,,
Ddx52,20.31783,,21.52741,20.92262,22.06924,22.70809,21.84521,22.06924
Tmem129,24.17371,24.16108,24.55104,24.17371,17.27912,20.67245,,18.975785
FRRS1,22.91649,21.80916,21.28404,21.80916,,18.98415,,18.98415
Usp45,,,,,20.09905,20.05801,19.44336,20.05801
Cdk5rap2,22.93979,23.24323,22.07477,22.93979,18.4435,19.60243,19.68752,19.60243
Mnd1,,,,,,,,
Trpt1,23.02247,20.50523,20.82431,20.82431,,,,
Swi5,,,,,,,,
Znf131,,20.40406,18.9822,19.69313,20.63609,20.31462,20.68312,20.63609
Cables2,19.09316,,,19.09316,20.99776,20.67676,,20.83726
Cnot6,,,,,19.64827,18.44071,20.0258,19.64827
Plcd4,27.32053,26.78681,26.16781,26.78681,17.29733,20.20096,17.60971,17.60971
Kiaa1024,18.13661,17.24961,,17.69311,25.7712,,19.71358,22.74239
Casc3,21.75324,18.72004,19.0547,19.0547,19.15776,18.01841,,18.588085
Retnlg,,,,,,,,
Emilin2,21.68872,,,21.68872,,23.62109,23.634,23.627545
Mta1,21.38047,,,21.38047,22.1418,22.37682,21.70594,22.1418
Irak3,19.74363,18.91252,18.29858,18.91252,17.2393,20.34028,21.37023,20.34028
Slc36a1,19.58639,,20.43441,20.0104,22.61329,22.53711,22.29777,22.53711
Alms1,18.90189,15.1766,15.46199,15.46199,14.0977,19.25622,19.13295,19.13295
Mkl1,18.46064,,18.87331,18.666975,,,,
Cetn4,26.45356,22.9167,18.86861,22.9167,,,,
Pank1,21.73958,20.90566,20.34516,20.90566,22.57143,22.79487,21.20932,22.57143
Ddx54,21.93373,22.40408,20.97547,21.93373,21.8155,22.12398,20.68149,21.8155
Pof1b,22.89923,,20.16374,21.531485,,,,
St7l,,,,,18.75978,19.01737,,18.888575
Neil1,,20.45674,21.48611,20.971425,19.0329,,,19.0329
Pitpnc1,23.48456,22.95164,,23.2181,,,,
Dlgap5,21.03678,20.94442,19.08727,20.94442,15.64047,,,15.64047
Plce1,25.13884,23.74355,23.4864,23.74355,15.78141,16.04506,14.36236,15.78141
Stradb,22.10885,21.84621,21.60752,21.84621,22.10476,22.34914,20.37581,22.10476
Clcn3,,,,,,,,
Treml1,,,,,,,,
Mcoln2,,,,,17.43819,19.42177,22.88206,19.42177
Mcoln2,,,,,,18.0474,18.16177,18.104585
Mcfd2,27.45897,26.68632,27.08416,27.08416,24.33286,24.1149,,24.22388
Traf3ip2,,,,,,,,
Tram1l1,,,,,20.86665,21.02513,20.8662,20.86665
Oaf,23.10228,20.64711,21.2588,21.2588,,,,
Fam58b,21.23824,,20.55918,20.89871,,18.68709,19.1865,18.936795
Flcn,23.97666,20.3538,,22.16523,21.75821,21.67094,23.40185,21.75821
Arhgap9,17.22976,,14.93134,16.08055,18.6358,19.47888,18.84058,18.84058
Sbk1,24.98355,21.67047,16.11649,21.67047,23.15252,22.67368,23.31202,23.15252
Glyctk,22.95026,,20.22858,21.58942,21.66891,21.04206,20.08187,21.04206
Bloc1s5,30.52038,29.84848,30.82699,30.52038,26.34912,26.7618,25.40181,26.34912
Pcgf1,21.29485,,21.9234,21.609125,22.69789,22.45714,22.03966,22.45714
Lyrm2,,20.9939,,20.9939,21.6348,21.85977,,21.747285
Rpp21,,,,,,,20.76296,20.76296
Bfar,26.68859,20.88829,22.46291,22.46291,23.12532,23.1453,22.18979,23.12532
Gtse1,,,,,,,,
Hnrnpl,,,,,21.60508,22.3141,19.77038,21.60508
Fbrs,,19.46226,18.85526,19.15876,18.28451,17.39046,18.69517,18.28451
Zbtb44,,,,,,,,
Otx2,,,,,,,,
Sumf1,25.19186,25.14453,25.26585,25.19186,,19.46521,20.01645,19.74083
Rbmx2,23.37053,21.31041,23.09455,23.09455,23.09987,23.43148,23.05798,23.09987
Sec14l4,,,,,,,,
Tm2d2,,,,,,22.87288,,22.87288
Tmem134,21.92343,21.72787,,21.82565,15.20762,,,15.20762
Ccdc137,23.66471,21.9043,22.75295,22.75295,,,19.03601,19.03601
E2f4,23.74725,22.75316,24.54321,23.74725,14.79452,20.00141,19.70462,19.70462
Znf768,,,,,,,,
Eppk1,19.8548,21.223,,20.5389,,,15.96844,15.96844
Ndfip1,23.35461,22.14557,21.90705,22.14557,21.15721,24.07235,16.4812,21.15721
Enox2,,,,,,,,
Enox2,21.70763,17.60407,17.62892,17.62892,19.19003,21.66462,19.91341,19.91341
Prelid1,21.02012,24.20284,,22.61148,,,,
Serpina10,,,,,,17.74695,,17.74695
Klhl36,,,18.89125,18.89125,19.62228,16.0454,20.20084,19.62228
Tmem119,,,,,,,,
Slc29a4,,,,,20.29939,22.44816,20.38321,20.38321
Pttg1ip,26.64719,26.38301,26.74253,26.64719,,19.79527,,19.79527
Fam110a,22.86117,21.76239,22.39621,22.39621,21.5588,21.43064,,21.49472
Mmd2,,,,,,,,
Dock7,,,,,19.60435,19.74972,19.87691,19.74972
Rorb,20.61036,19.43488,,20.02262,,,,
Kcnc4,,,,,,,,
Vopp1,,,,,,20.30307,19.22322,19.763145
Mettl22,,20.15252,,20.15252,22.1479,23.12296,22.95853,22.95853
Apbb3,,,,,17.14221,,,17.14221
D8Ertd738e,25.46889,24.50803,24.45501,24.50803,25.05763,24.30131,22.49787,24.30131
Hyi,27.26329,26.48508,26.99895,26.99895,24.78965,23.29908,23.85196,23.85196
Rpp40,23.13516,22.32202,22.43153,22.43153,20.08512,21.17457,19.07533,20.08512
Tasp1,,21.66705,,21.66705,21.46433,21.2083,,21.336315
Pdlim2,30.0271,28.51092,28.71057,28.71057,20.22235,16.27549,22.74768,20.22235
Ubac2,25.80341,22.33615,24.08075,24.08075,23.41209,24.03305,21.44617,23.41209
Kdelr3,,,,,,,,
Hmces,,,,,20.6313,22.19256,20.72259,20.72259
H2afj,26.14932,26.18694,26.54535,26.18694,,,,
Atg10,22.73202,21.043,20.43979,21.043,20.10162,20.65997,19.23874,20.10162
Il34,,,,,,,,
Rnf121,21.95365,15.29372,,18.623685,,21.08809,21.0673,21.077695
Zc3h10,18.17738,18.81488,18.7411,18.7411,20.98252,18.61213,19.90497,19.90497
6330416G13Rik,,,,,,,,
Ero1lb,22.87079,22.07738,21.61005,22.07738,18.45238,17.62107,17.92474,17.92474
Ccdc80,21.92868,21.29866,21.25765,21.29866,16.81428,,,16.81428
Tceanc2,21.4227,,,21.4227,,,,
Ccdc59,21.17846,21.84701,21.96102,21.84701,17.68058,,,17.68058
Cirh1a,22.41318,23.00422,22.48653,22.48653,22.01621,21.76259,22.06586,22.01621
Klhl25,,19.64354,22.67526,21.1594,19.92167,20.36035,20.16595,20.16595
Zfp940,17.89042,,,17.89042,,,,
Tctn3,23.08669,20.1447,20.55964,20.55964,,19.9002,,19.9002
Bst2,26.72936,24.49625,25.82878,25.82878,21.28167,21.97004,22.61746,21.97004
Pomt1,18.66369,16.57576,,17.619725,22.4551,21.38516,20.82376,21.38516
Cd177,,,19.62678,19.62678,,,,
Actr8,21.93117,22.15125,21.38653,21.93117,22.69375,23.02645,22.82367,22.82367
BC027231,,,,,16.81077,17.24887,,17.02982
Lrrc42,,,,,,,,
Adap2,,15.11967,19.10572,17.112695,21.63609,22.03046,21.52071,21.63609
Pank3,21.67926,23.41751,17.05854,21.67926,23.39663,22.96964,22.48672,22.96964
Blzf1,20.62149,21.97081,,21.29615,21.47907,19.48267,21.11133,21.11133
Dolk,21.51581,,20.43715,20.97648,,,19.85032,19.85032
Nabp2,,23.72442,24.25299,23.988705,22.23681,22.50654,22.56291,22.50654
Slc26a7,,,,,,,,
Tmcc3,,,,,,,,
Slc35f5,,,,,,,,
Ubqln1,25.9035,,22.00192,23.95271,24.33204,22.68179,23.2939,23.2939
Rerg,,,18.04926,18.04926,17.71472,,,17.71472
Clmp,,,,,24.45425,24.69748,24.71916,24.69748
Larp1b,,18.68442,,18.68442,18.88849,18.77436,,18.831425
Mterf3;Mterfd1,,20.3014,,20.3014,21.00512,21.58774,19.78184,21.00512
Chac1,,,,,18.51599,18.48797,19.19797,18.51599
Mmgt2,,,21.225,21.225,21.33118,,,21.33118
Tcf25,,22.74757,23.08973,22.91865,18.19051,,,18.19051
Tcf25,,,,,,,,
Slco3a1,,,,,23.4979,22.57041,20.43665,22.57041
Slco3a1,21.60598,,,21.60598,,,17.4888,17.4888
Cdk8,,,,,19.37655,18.60968,19.0758,19.0758
Dtx2,21.2,,19.43369,20.316845,19.00292,,20.41658,19.70975
Rnf113a1,,,,,,,,
Tspan33,,,,,,,,
Aimp2,23.71639,19.36711,,21.54175,22.05308,22.63099,22.72109,22.63099
Sh3glb2,25.56903,23.38745,22.76166,23.38745,,,,
Cuedc1,18.62246,23.47073,22.51434,22.51434,23.17604,23.17531,22.3514,23.17531
0610009B22Rik,,,,,,,,
Atp2a1,,15.3861,,15.3861,,,,
Nlrp3,,,16.9938,16.9938,14.41098,15.88927,14.12759,14.41098
Cdt1,,,19.06145,19.06145,18.62067,,13.03762,15.829145
Ntng2,,,,,,,,
Arhgef12,22.32748,20.55319,20.71975,20.71975,20.86635,20.29255,19.97631,20.29255
Slc30a5,22.67932,22.82753,22.62663,22.67932,22.96395,22.72345,23.62288,22.96395
Atxn7,17.1894,16.91788,17.65655,17.1894,15.28265,15.02618,14.74152,15.02618
Pappa,19.42923,,,19.42923,,,,
Abcc10,22.14386,20.77096,21.52936,21.52936,20.20275,19.28197,18.49833,19.28197
Cys1,,,,,,,,
Mypop,22.45033,19.85915,20.37305,20.37305,18.58439,17.08877,,17.83658
Nfam1,,24.71225,24.71329,24.71277,,19.91663,19.42524,19.670935
Etv3,,,18.53739,18.53739,16.94444,17.2692,18.3247,17.2692
Fktn,,20.67444,,20.67444,22.57147,21.61634,21.89855,21.89855
Rhoq,20.45764,,,20.45764,19.54674,19.21338,18.20929,19.21338
Sh3kbp1,,,,,,,,
Gipc3,,,,,,,,
Cadm1,,,,,19.61744,18.69221,17.27412,18.69221
Txlnb,22.7563,20.54633,19.391,20.54633,19.3919,20.13458,,19.76324
Apobr,23.16642,22.2181,22.86531,22.86531,20.21644,20.46074,20.46114,20.46074
Banp,,,,,19.58173,19.08195,19.86042,19.58173
Bbx,22.37106,21.07894,21.95426,21.95426,15.01385,15.70881,14.0754,15.01385
Asb13,22.50405,,,22.50405,,,,
Dhrsx,20.3274,19.85579,18.67618,19.85579,21.7162,21.80239,21.81968,21.80239
Akr1c13,22.91468,21.33789,20.72584,21.33789,22.07927,21.05834,19.15845,21.05834
Rpap2,20.3657,20.66075,20.69081,20.66075,18.61328,,17.50928,18.06128
Pex12,24.65354,23.72203,22.72474,23.72203,23.08839,23.11883,23.58256,23.11883
Wrap53,23.26614,21.95546,22.94346,22.94346,20.23011,20.10738,20.9643,20.23011
Rbpms2,22.40421,21.83557,20.68183,21.83557,,,,
Kctd5,24.09957,22.74028,19.92859,22.74028,24.28546,24.55485,23.60093,24.28546
Glb1l,23.84814,22.9643,22.91818,22.9643,17.20008,22.80845,24.44847,22.80845
Nrm,,22.34792,22.42931,22.388615,20.35434,24.23929,23.35205,23.35205
Ssx2ip,,,,,18.21599,19.18343,22.71919,19.18343
Slc22a6,,,,,,,,
Rbms2,25.95846,24.26098,24.34361,24.34361,,,,
Akr1c20,,,,,,,,
Cyp4f15,,,,,17.64019,18.54431,,18.09225
Tmem161a,23.61178,22.37015,23.30131,23.30131,18.98089,20.60223,19.78405,19.78405
Med25,25.35568,23.79313,23.77404,23.79313,23.18813,23.3159,23.17469,23.18813
Hpgd,,17.40383,20.61234,19.008085,21.22958,20.72559,,20.977585
Ces1,28.86918,27.18035,28.56278,28.56278,19.72763,,19.69552,19.711575
Kdm4c,22.18238,21.45272,22.78009,22.18238,18.76234,19.49005,18.80448,18.80448
Plekhh3,23.58222,21.83861,21.66596,21.83861,21.95077,19.14353,21.2387,21.2387
Cant1,23.92533,23.00196,23.58921,23.58921,23.55555,22.86098,22.56542,22.86098
Dhcr24,24.81314,23.43593,24.00316,24.00316,24.85733,24.37066,24.01376,24.37066
Rdh10,25.42982,24.43186,23.49363,24.43186,21.36922,21.90878,20.86922,21.36922
Lrrc3b,,19.3563,,19.3563,,,,
Plbd1,24.10502,17.5563,17.14858,17.5563,19.28385,19.764,,19.523925
Swsap1,,,,,23.26814,22.18517,22.49409,22.49409
Tubg2,,,,,21.09674,20.86982,21.11623,21.09674
Klhl20,21.77587,21.0252,20.59896,21.0252,20.19244,20.12123,19.02494,20.12123
Zfp451,,,,,19.62876,19.38408,17.2713,19.38408
Zfyve21,24.45601,22.79249,23.30201,23.30201,21.45362,20.97994,,21.21678
Fgg,,,,,,,,
Ak6,23.849,22.89049,22.67515,22.89049,23.31879,21.67569,23.41983,23.31879
Nrbf2,22.23345,21.20824,19.43249,21.20824,15.69098,20.91203,20.81018,20.81018
Sgms1,23.22526,20.21205,21.36656,21.36656,,,,
Tmem242,22.68307,22.90001,21.22629,22.68307,,,,
Abhd14b,27.28736,25.89597,27.28551,27.28551,17.64118,,19.1747,18.40794
Med9,21.373,22.26914,20.32213,21.373,25.7312,24.97845,23.34881,24.97845
Ces1d,,,,,,,,
Angel1,,,,,16.1961,16.70509,,16.450595
Ces3b,,21.56272,25.44408,23.5034,,20.07156,21.61243,20.841995
Ndrg3,,,,,,,,
Unc93b1,24.0083,21.55487,23.47581,23.47581,16.51222,15.1007,15.41782,15.41782
Slc35c2,,,,,,,,
Rpusd1,,,,,,,,
Tmem97,,,14.21629,14.21629,24.36773,25.4438,23.46625,24.36773
Gripap1,22.05255,,,22.05255,,,,
Tapbpl,22.11067,19.5441,22.18304,22.11067,21.54783,20.15264,20.52229,20.52229
Sgip1,,,,,,,,
Sgip1,22.03705,22.02938,20.75923,22.02938,,,,
Sft2d2,20.89393,20.20395,21.35272,20.89393,,,,
Evi2b,26.51806,24.87591,23.95793,24.87591,,22.00494,,22.00494
Gtf2h3,18.50479,,,18.50479,19.38534,20.8053,,20.09532
Alg12,20.31849,22.81716,22.54399,22.54399,21.87144,20.63635,19.80848,20.63635
Uhrf1,16.79551,18.83325,15.46719,16.79551,19.7604,18.56685,17.22232,18.56685
Dapk2,24.38785,,24.84048,24.614165,,,,
Epsti1,,,,,,,,
Alg9,25.47008,20.96176,23.68656,23.68656,22.72299,23.71471,23.7291,23.71471
Glis2,22.54873,22.21694,,22.382835,,,,
Sirt2,22.01093,23.66481,22.64403,22.64403,16.33668,,,16.33668
Apol9a,,,,,,,,
Mitd1,22.93467,,23.17918,23.056925,,22.16082,,22.16082
Ube2w,24.4902,,24.1386,24.3144,20.23549,24.2068,20.59914,20.59914
Tmem5,19.98092,21.0142,22.64537,21.0142,16.3224,16.75186,,16.53713
Efcab7,22.3493,21.31113,23.05487,22.3493,19.59754,23.52492,22.47993,22.47993
Caap1,22.85897,22.82995,21.83094,22.82995,18.9508,20.29726,17.11563,18.9508
Mob3b,23.95234,22.73374,23.33361,23.33361,,,,
Fbxo33,,,,,20.02472,18.98128,18.84736,18.98128
Naa40,23.93157,22.34365,19.14156,22.34365,23.22897,23.32745,22.84776,23.22897
Nkd2,,,,,15.24626,15.7559,14.69664,15.24626
Ankrd49,,,,,21.98774,21.51941,,21.753575
Paip1,,,22.78369,22.78369,,,,
Taf12,,19.04676,,19.04676,17.55869,16.73661,21.73847,17.55869
Rbm4b;Rbm4,23.04452,22.30894,22.76024,22.76024,23.70599,23.28743,24.38495,23.70599
Slc35f6,,20.54397,25.36423,22.9541,21.96874,22.77246,21.90529,21.96874
Cd276,24.07047,23.92416,23.80114,23.92416,24.44411,24.60037,24.28814,24.44411
Rab7b;5430435G22Rik,21.30184,21.17542,17.47461,21.17542,16.06131,16.31842,22.82542,16.31842
Sav1,23.32375,22.09761,22.52612,22.52612,17.23949,16.86641,17.81059,17.23949
Ccdc71,16.80763,,,16.80763,,18.88685,,18.88685
Rhbdd2,,,19.27515,19.27515,23.40341,24.0141,22.68252,23.40341
Ing3,20.7532,,20.80869,20.780945,21.11991,20.76069,21.31777,21.11991
Mospd1,23.23045,21.9043,22.60845,22.60845,23.05151,22.24235,22.26979,22.26979
Klhdc3,20.27287,,,20.27287,18.45647,20.15091,21.70586,20.15091
Olfr284,24.38982,24.86131,26.58892,24.86131,23.58405,,,23.58405
Olfr1184,,22.83938,22.04427,22.441825,18.88223,18.85538,19.75153,18.88223
Ca9,,,,,,,,
Dnah5,22.07042,21.60259,21.43792,21.60259,20.43349,19.33243,,19.88296
Agap3,,,,,,,,
Ccdc65,21.60205,20.6383,21.06973,21.06973,,,,
Crygn,,,,,,,,
Cdhr1,,,,,,,,
Socs7,,,,,,,13.51558,13.51558
Cacng5,,20.32092,20.2061,20.26351,19.0418,19.54231,19.7956,19.54231
Imp4,23.18189,23.97491,23.18341,23.18341,23.41867,23.31396,23.26699,23.31396
Gbgt1,,,,,,,,
Noc3l,20.51528,20.88002,24.81558,20.88002,20.73057,20.7185,20.80176,20.73057
Oasl1,20.96607,19.07961,21.59345,20.96607,17.98948,21.40764,16.23444,17.98948
St3gal6,23.77122,,21.90852,22.83987,,,,
Barhl2,,,,,24.78127,22.66277,21.90551,22.66277
Recql5,24.73805,19.83983,20.17804,20.17804,,,,
Mpv17l2,23.96058,23.31962,23.3656,23.3656,,21.05046,21.29972,21.17509
Havcr2,23.10386,,,23.10386,,,,
Impa2,22.15629,21.32003,21.90573,21.90573,22.47709,19.94364,21.73934,21.73934
Tram1,22.19334,21.58935,22.53853,22.19334,21.37788,22.93645,22.701,22.701
Slc12a5,,,,,,,18.57655,18.57655
Lyrm5,,,,,,22.23669,,22.23669
Chn1,,,,,,,,
Rbm42,21.91357,,,21.91357,,,,
Fgfrl1,22.54194,21.31147,19.00127,21.31147,18.51044,18.12923,17.80095,18.12923
Npnt,21.20084,20.59823,21.95886,21.20084,18.58773,19.41559,19.32799,19.32799
Hps3,23.35097,21.36784,21.77282,21.77282,16.43671,17.00821,19.77203,17.00821
Pcdhb17,19.75436,,19.34722,19.55079,19.07744,21.02256,18.77632,19.07744
Col26a1,22.76363,,,22.76363,23.17904,20.82252,,22.00078
Eef1d,,,,,22.48035,,,22.48035
Zbtb1,19.84261,18.68164,17.81685,18.68164,19.42741,18.74199,15.69936,18.74199
Lrp5,15.73524,17.08182,,16.40853,15.19583,,,15.19583
Farp2,24.41216,22.87955,22.75305,22.87955,19.25105,17.5109,17.42718,17.5109
Nsmce2,24.88679,24.33101,23.57911,24.33101,22.08761,,18.92048,20.504045
Ptov1,21.50378,,20.05484,20.77931,21.77937,22.73542,21.8606,21.8606
Dennd2d,,,,,,,17.7088,17.7088
Zkscan3,19.21188,18.3865,17.41856,18.3865,19.99175,18.51538,19.0507,19.0507
Nxph3,,,,,,,,
Tmem168,22.15277,24.16821,23.16516,23.16516,22.71064,22.99852,21.96028,22.71064
Kdm4b,24.06571,22.99835,25.15341,24.06571,24.25212,24.19746,23.56395,24.19746
Znf622,24.69917,23.62165,24.70097,24.69917,23.75807,23.85243,23.56267,23.75807
Cox4i2,24.21741,,,24.21741,20.7107,,20.08161,20.396155
Usp3,22.85279,22.82052,22.73502,22.82052,20.74501,22.25055,21.38459,21.38459
Paip2b,23.11444,,,23.11444,,,,
Tmem19,26.67707,26.10019,26.21369,26.21369,24.05606,23.81656,24.21941,24.05606
Nmrk1,,,20.32652,20.32652,,,,
Usb1,17.5912,,18.0228,17.807,21.14923,20.90698,21.15456,21.14923
Slc15a4,23.17336,22.79952,22.47043,22.79952,20.15993,21.03885,20.30508,20.30508
Tipin,,,,,,15.27616,13.28184,14.279
Cxxc5,,,,,,,,
Ppapdc3,,,20.42481,20.42481,,,,
Plekhf2,24.15977,23.35421,23.22998,23.35421,22.24609,22.7726,21.64077,22.24609
Ubtd1,,24.08026,24.93921,24.509735,,,,
Pot1,21.54439,19.99424,20.96317,20.96317,19.69678,,,19.69678
Gpr108,24.83889,18.56856,18.51738,18.56856,21.54519,20.61926,20.2049,20.61926
,21.2967,22.74267,18.50707,21.2967,21.61396,21.85525,21.51494,21.61396
Rpp25,20.01509,18.33839,18.63633,18.63633,21.76967,21.69511,21.63019,21.69511
Trub2,21.1483,16.75225,21.89478,21.1483,18.55165,19.24556,18.99697,18.99697
Fubp1,,,,,,,,
Fubp1,,,,,,,,
Ankrd54,,,18.86432,18.86432,23.86825,22.96017,22.45448,22.96017
Zfp617,,,,,,,,
Tmem150a,24.15376,,,24.15376,,,,
Calml4,25.79253,24.15638,23.12482,24.15638,,18.41138,,18.41138
Gpx6,,,,,,,,
Dnajc17,23.86797,22.80564,23.33606,23.33606,22.56883,23.87136,22.03039,22.56883
Akr1c14,29.41236,27.41836,27.90913,27.90913,21.36068,20.48709,22.41199,21.36068
Rbm47,20.54312,,22.35509,21.449105,,,19.42718,19.42718
Tmco4,21.55389,,17.93192,19.742905,19.67005,16.77507,20.18241,19.67005
Zdhhc7,,,19.81055,19.81055,,18.73688,,18.73688
Dtnbp1,25.28493,24.92778,23.94673,24.92778,22.62167,22.58144,21.71297,22.58144
Kiaa2013,,17.42316,16.07901,16.751085,22.01747,22.1142,21.34706,22.01747
Baat,,,,,,,,
Zbtb3,19.09001,,,19.09001,,18.08649,18.49833,18.29241
Arhgef3,,,,,,,,
S1pr5,,,,,,,,
Cyp2a5,,,,,,,,
Flvcr2,,,,,,,,
Tmem98,,,,,,,,
Qprt,23.8148,22.08213,19.86759,22.08213,,19.33566,,19.33566
Snapc2,,,,,17.10534,19.58417,19.19147,19.19147
Klhdc8a,19.69644,20.04767,19.84866,19.84866,19.29887,,,19.29887
Ajuba,22.12906,20.43512,21.41535,21.41535,,,,
Dap,27.6679,26.66112,27.08253,27.08253,19.42649,20.60657,,20.01653
Slc25a38,20.73628,,,20.73628,18.63839,,,18.63839
Atp6v0e2,,,,,,,,
Tmem205,26.05347,25.06048,25.83057,25.83057,22.74557,24.66639,22.67023,22.74557
Rnf167,,,,,20.9058,18.25391,18.32711,18.32711
Lrg1,,,,,,,,
Lnx2,,,,,,,,
Dlg2,,,,,16.25261,16.35485,13.86341,16.25261
Chst15,,,,,18.93131,16.39435,,17.66283
Mtmr4,19.77473,14.43346,18.9807,18.9807,20.05139,19.57618,19.8999,19.8999
Pcdhgc4,,20.41431,20.71431,20.56431,22.49731,21.86416,21.92448,21.92448
Pcdhga4,22.307,20.30797,21.8617,21.8617,22.5355,21.8642,22.33456,22.33456
Pcdhgb6,,20.13057,,20.13057,17.68647,15.91506,20.50019,17.68647
Pcdhb8,,,,,,,,
Pcdhb5,,,,,18.73215,18.93163,16.50857,18.73215
Pcdhb4,,,,,19.471,19.14878,,19.30989
Pcdhb3,,,,,21.43705,20.65465,20.52774,20.65465
Pcdhb2,,,,,19.67494,17.96607,17.93145,17.96607
Pcdhb19,,,,,15.58411,18.13526,19.29437,18.13526
Pcdhb18,,19.34869,,19.34869,19.64695,,,19.64695
Pcdhb16,24.77931,18.60856,23.58187,23.58187,19.04289,19.73339,20.76377,19.73339
Pcdhb15,,18.71075,20.66562,19.688185,18.21333,17.97673,19.18592,18.21333
Pcdhb1,,,,,,,,
Pcdha9,,,,,20.46463,20.09146,19.88749,20.09146
Pcdha9,,,,,20.24272,21.15518,20.61126,20.61126
Pcdha9,,,,,19.4614,20.18289,19.61515,19.61515
Pcdha9,,,19.54774,19.54774,21.64606,21.87519,,21.760625
Siglec12,,,,,,,,
St3gal4,20.44304,18.53936,17.45169,18.53936,18.14937,16.79424,18.84763,18.14937
Klk6,,,,,,15.39074,15.92084,15.65579
Aldob,,,,,21.87316,,,21.87316
Egln1,23.52922,21.81116,,22.67019,20.6435,20.82749,21.46034,20.82749
Synpo2,,,,,,,,
Papd4,20.98231,18.08747,19.95134,19.95134,18.04174,,,18.04174
Fam118a,21.45709,21.99659,22.26359,21.99659,21.51123,22.32334,20.50232,21.51123
Bcdin3d,,,20.40894,20.40894,21.16177,,,21.16177
Msantd4,,,,,,,,
Ppan,24.12163,23.79084,23.66145,23.79084,22.65914,22.37965,20.71984,22.37965
Themis2,19.60966,20.12553,20.70616,20.12553,,19.68859,,19.68859
Pex2,22.58655,18.90774,19.32281,19.32281,,,,
Tmem123,26.66139,26.08574,26.5942,26.5942,,,,
Dusp7,19.32898,,,19.32898,18.62003,20.38753,19.67392,19.67392
Myh7,,,17.53913,17.53913,16.63609,,15.49364,16.064865
Emr4,,,,,,,,
Mpped1,19.20893,,,19.20893,21.76409,20.26431,22.32092,21.76409
Ugp2,,,,,,,,
Tfap2d,22.42242,22.82771,19.20782,22.42242,24.97482,22.51263,22.00285,22.51263
Sh2b1,,,,,,,,
Dok5,,,,,20.25084,22.42629,21.52473,21.52473
Nek8,21.14942,,,21.14942,,,24.04477,24.04477
Dst,,,,,,,,
Dcbld2,20.94049,18.90824,19.07549,19.07549,17.93261,17.58197,16.94112,17.58197
Gpr124,20.15078,,,20.15078,19.63174,19.08623,19.03325,19.08623
Senp2,21.32531,19.55568,20.18398,20.18398,20.66588,20.77957,20.83175,20.77957
Med28,24.47692,,19.87935,22.178135,24.55789,24.01529,24.80297,24.55789
Smc1b,21.69047,20.94999,22.69324,21.69047,19.07141,14.40215,17.48613,17.48613
Gmcl1,,,,,21.52803,21.51345,19.71171,21.51345
Elovl6,,,,,22.08229,22.07692,17.54306,22.07692
Coro6,,,,,,,,
B3galnt1,21.11388,21.49047,21.39817,21.39817,21.04033,21.54019,22.30822,21.54019
Med6,,,,,23.69572,23.01125,22.19967,23.01125
Lrch4,,,,,,,,
Ube2s,,,21.34489,21.34489,17.97969,21.83607,22.14557,21.83607
Fam115c,20.96804,22.34177,21.26814,21.26814,,,16.02337,16.02337
Hemk1,22.71568,22.67747,23.33265,22.71568,22.14046,22.11168,18.03467,22.11168
Galnt11,18.97777,19.59337,20.07222,19.59337,18.31756,19.77974,19.52388,19.52388
Gps2,,,,,,,,
Tceal1,,,,,,,,
Dnajc14,,19.66162,19.62639,19.644005,17.32166,,16.59735,16.959505
Tor1aip1,,,,,,,,
Smtn,18.952,,,18.952,,,,
Tial1,,,,,22.51684,23.42905,21.82314,22.51684
Polr3f,22.89202,19.33758,21.45558,21.45558,24.57317,21.02614,,22.799655
Imp3,23.23748,22.98165,23.63688,23.23748,24.85984,24.48228,24.48745,24.48745
Mfsd5,,,19.56822,19.56822,21.45347,21.42737,19.20929,21.42737
Fam76a,23.81538,22.51328,23.24039,23.24039,19.9282,21.50242,17.84739,19.9282
Znf330,26.045,25.02213,25.30987,25.30987,22.70811,23.12939,23.34611,23.12939
Clip1,17.79481,,,17.79481,,,,
Cdca7l,,,,,,,,
Prkx,18.6921,19.54217,19.74471,19.54217,21.62006,21.90356,19.58776,21.62006
Kif2c,,20.15832,19.64054,19.89943,,,,
Mfap3,,,,,,,,
Pycr1,28.09788,27.59698,27.91787,27.91787,27.21271,27.6363,27.13594,27.21271
Ddo,22.69793,23.94118,23.81235,23.81235,17.30305,19.09401,17.40898,17.40898
Tmem159,,20.87215,20.86265,20.8674,19.56963,,,19.56963
Map3k7,,,,,,,,
Nrif1,,,,,,,,
Steap4,25.06878,24.07267,22.72551,24.07267,22.65755,24.68992,23.11679,23.11679
Clec4a;Clec4a2,,,,,,,,
Parm1,,,,,,,,
Gtpbp3,23.1843,21.60644,20.93575,21.60644,,20.52248,16.90994,18.71621
Ear6,,,,,,,,
Camk2g,,,,,,,,
Camk2g,22.03896,22.31194,21.80337,22.03896,20.27923,20.35046,20.5173,20.35046
Rad51c,,18.73909,18.83152,18.785305,,19.34908,,19.34908
Xrcc4,21.82869,20.87725,21.08018,21.08018,17.33307,,16.97444,17.153755
Smc6,20.03591,18.7011,16.65662,18.7011,21.78995,21.93744,20.85476,21.78995
St5,24.24938,23.44152,22.35248,23.44152,14.86622,,19.40794,17.13708
Lmo1;Lmo3,,20.44071,,20.44071,24.05507,24.24605,22.85652,24.05507
Cpt1b,,,,,,,,
Tram2,19.11533,17.29041,17.5947,17.5947,,,17.8764,17.8764
Cybrd1,29.64654,28.43209,28.24495,28.43209,23.98251,23.85823,23.39231,23.85823
Asic2,,,,,,,,
Krtap19-2,,,,,,,,
Sfxn4,,,,,,20.88532,21.94024,21.41278
Sfxn2,24.64785,24.35097,22.70206,24.35097,20.99659,20.92911,21.48015,20.99659
Ceacam2,,,,,,,,
Slc8b1,,,,,,,,
Dach2,,,,,,,,
Plagl2,,,,,,,,
Grip1,,17.74524,,17.74524,18.87769,22.56795,21.03409,21.03409
Edem1,19.89501,21.29564,21.24417,21.24417,21.79329,23.05553,21.46034,21.79329
Myo5a,15.33004,,,15.33004,,,,
Csprs,,18.13481,,18.13481,,,,
Ctu1,22.94417,25.65851,22.0021,22.94417,24.50978,24.8479,24.86773,24.8479
Smim11,,,,,,,,
Mcoln1,,15.74982,21.01339,18.381605,21.70763,21.68804,20.77346,21.68804
Ghdc,24.61386,23.12117,23.46151,23.46151,21.76745,20.94371,21.42291,21.42291
Mrm1,23.48235,21.912,23.12929,23.12929,21.73929,12.66407,20.64394,20.64394
Ttc30a1,,,,,16.80423,15.95288,18.41245,16.80423
Rbm43,23.17556,21.51706,21.42152,21.51706,,,,
Ifitm2,26.32241,24.58055,24.07977,24.58055,,,19.92595,19.92595
Calca,,,,,,,,
Klf7,,,,,22.15567,19.77187,20.36003,20.36003
Tnip2,15.92161,16.48419,14.48085,15.92161,,13.58155,,13.58155
Rpp25l,,,,,24.27092,23.54616,23.19463,23.54616
Kdelr1,,,,,,,,
Mustn1,24.25904,,,24.25904,,,,
Spef1,,,,,,,,
Krcc1,,,,,,,,
Tlcd1,,,,,,,,
Epcam,,,,,,,,
Taf11,,,,,,19.80452,,19.80452
Pdxdc1,21.33685,22.1242,20.93682,21.33685,,,,
Nrf1,22.99883,21.34262,23.20119,22.99883,21.87953,21.77161,22.24406,21.87953
Med24,,,,,19.21658,18.586,17.98937,18.586
Tab2,27.98945,22.38466,28.84332,27.98945,22.79834,22.77479,18.80149,22.77479
Stat1,,,,,,,,
,,,,,19.81447,20.20824,21.01679,20.20824
Hagh,,,,,,,,
Smagp,,,,,,,,
Dok4,,,,,25.31517,25.60933,24.00761,25.31517
Lsr,15.29142,,14.51705,14.904235,,,,
Hps4,21.17487,,,21.17487,,17.70873,,17.70873
Arrdc1,,,18.13109,18.13109,22.07264,22.09091,22.01403,22.07264
Rnf34,23.72993,23.03795,22.97575,23.03795,21.4289,22.6011,21.35612,21.4289
Ngrn,23.7603,22.47803,22.69925,22.69925,20.78189,,21.64579,21.21384
,22.0313,20.59104,20.95191,20.95191,23.3453,23.09611,22.18229,23.09611
Triobp,23.7417,22.74146,21.42291,22.74146,,,,
Znf639,,,,,,,,
Haus8,23.78427,22.83738,22.58518,22.83738,22.48451,22.2596,22.46389,22.46389
PAGR1;Pagr1b,21.91772,,20.07561,20.996665,,,20.25707,20.25707
Gstt3,24.77193,20.95084,24.00196,24.00196,,18.28184,,18.28184
Rsl24d1,26.66194,26.13587,25.86335,26.13587,,,,
Pdgfa,,,,,18.40495,21.08401,,19.74448
Dnttip1,21.51672,22.3431,20.13571,21.51672,20.14021,16.2989,20.35089,20.14021
Rilpl2,23.63123,24.22575,20.56104,23.63123,22.54198,22.58765,23.1137,22.58765
Lysmd3,,,,,,,,
Dcaf4,,21.4708,22.65318,22.06199,18.87811,20.61863,18.95651,18.95651
Gnl2,23.92225,21.90632,23.65283,23.65283,23.02433,21.51778,22.93695,22.93695
Clp1,20.94842,,,20.94842,21.33941,22.72918,16.6358,21.33941
Cmtm3,23.75715,21.78145,19.84717,21.78145,21.48797,,,21.48797
Nus1,21.45091,,,21.45091,20.10149,20.44758,20.97267,20.44758
Chst12,,22.35751,21.7946,22.076055,20.7432,18.83741,19.96607,19.96607
Yipf2,,,,,,,,
Mbip,,,19.02459,19.02459,,,,
Mmadhc,21.44288,,,21.44288,21.27048,,,21.27048
Ankrd10,,,,,22.08722,21.69387,16.15478,21.69387
Mmtag2,21.97253,18.75012,,20.361325,,17.35139,19.20848,18.279935
Gins4,16.64146,18.4805,20.74098,18.4805,19.9113,19.44174,19.57522,19.57522
Rwdd2b,22.26616,19.43862,19.20863,19.43862,20.18447,18.79519,21.58265,20.18447
,27.8044,27.58456,28.28908,27.8044,23.84316,24.20486,23.48653,23.84316
Cdca3,20.87485,,20.46374,20.669295,19.90695,18.60932,19.9648,19.90695
Krt84,18.9769,22.59598,23.10244,22.59598,,,,
Scrt1,,,,,,,,
Dnaja3,24.13171,21.57325,23.317,23.317,21.08395,20.4287,20.67668,20.67668
St7,,15.35339,,15.35339,22.47048,22.34746,21.73368,22.34746
Mtfr1,21.27133,22.31542,21.6906,21.6906,17.84995,,,17.84995
Nme5,22.75554,21.64134,21.22146,21.64134,,,,
Erc1,,,,,18.57865,17.82817,18.70188,18.57865
Rassf1,21.45934,,,21.45934,,,,
Zmynd10,23.54828,20.51162,20.41803,20.51162,,,,
Bbc3,22.98971,21.80377,22.66134,22.66134,21.41302,22.3909,22.96031,22.3909
Rnf111,,,,,,,,
Bicc1,22.49741,20.5265,21.04507,21.04507,,,,
Pink1,21.61288,,,21.61288,,,,
Aspn,19.50298,19.38968,,19.44633,22.19009,,,22.19009
Col25a1,14.53534,19.28354,,16.90944,,,,
Mpv17l,,,,,,,,
Ehbp1l1,,17.96905,18.29925,18.13415,,,,
Tpra1,,20.83892,,20.83892,,,,
Adar,,,,,,,,
Mlxipl,,,,,,,,
Ms4a6c,,,,,,,,
Ms4a6b,,,,,,,,
Dusp22,22.75625,21.69922,22.0425,22.0425,,,20.90316,20.90316
Hdac9,,16.86496,,16.86496,22.41297,21.51927,21.6859,21.6859
Cyp4f3,,,,,,,,
Cyp4f13,17.86852,,,17.86852,,,,
Brms1,,,,,,,,
Mrpl34,,,,,,22.27827,,22.27827
Srd5a2,,,,,20.54764,18.73092,,19.63928
Pcgf6,,,18.58545,18.58545,19.99686,20.33516,,20.16601
Bco2,,,,,,,,
Ranbp17,21.57662,21.14495,19.0453,21.14495,,16.26186,,16.26186
Trem2,,22.2526,21.94628,22.09944,,,,
Gtf2ird2,,,,,17.56778,18.01835,17.10421,17.56778
Rassf3,,,,,,,,
Slc29a3,24.70646,20.78269,23.33456,23.33456,,21.34922,19.03963,20.194425
Nuf2,,,,,,,,
Rtn4,,,,,20.61117,20.64051,20.40987,20.61117
Slc24a3,,,,,,,,
Cdh23,,,,,17.4386,17.10072,16.89475,17.10072
Rgs18,23.94931,23.6584,23.25652,23.6584,22.40439,22.28059,21.7936,22.28059
Lrrc4,,,,,20.40499,20.66622,19.91583,20.40499
Rtn4r,,,,,19.53014,,20.60838,20.06926
Pcdh15,,,13.98273,13.98273,17.89581,15.90113,15.49192,15.90113
Trim8,,,17.76759,17.76759,16.77854,17.00481,15.88929,16.77854
Trim26,22.44927,22.20559,21.63148,22.20559,22.96563,22.69,21.56593,22.69
Trim11,,,,,18.43986,18.04137,16.0897,18.04137
Ino80b,,,,,19.62779,19.76998,,19.698885
Kif19;Kif19a,,,,,,,21.99797,21.99797
Bap1,16.74911,19.73385,21.79915,19.73385,18.78043,15.07727,21.89807,18.78043
Bhlhe41,20.52793,19.06321,17.69785,19.06321,,,,
2210010C04Rik,21.05292,,,21.05292,18.90169,,19.62235,19.26202
Npm3,23.79124,25.27817,26.85614,25.27817,26.97487,25.0578,26.31766,26.31766
Cenpq,21.63312,,,21.63312,,,19.01922,19.01922
,,,22.99068,22.99068,21.75079,21.27668,21.1389,21.27668
Slc31a2,25.82469,,,25.82469,,,,
Anapc16,22.20174,23.22594,22.5692,22.5692,,20.35035,20.09893,20.22464
Pmf1,,,,,,,,
Cntnap2,,,,,21.53379,21.31008,21.26035,21.31008
Cntnap2,,,,,,,,
Ssr2,,25.13485,25.54542,25.340135,,,,
Metap1d,24.89273,,23.69869,24.29571,21.51263,21.59651,21.41437,21.51263
Uqcr11,,,,,26.25162,27.66153,25.70023,26.25162
Anapc11,24.48922,,,24.48922,24.43224,25.9313,24.25407,24.43224
Ftsj2,,,,,22.00463,21.13665,18.99128,21.13665
Mrpl51,23.95136,23.73387,23.25364,23.73387,25.06139,24.33688,25.0859,25.06139
Ormdl3,25.85743,24.3946,25.01218,25.01218,22.89968,23.48775,23.79996,23.48775
Tmem261,26.60527,26.83641,26.99313,26.83641,25.83882,25.78414,25.7893,25.7893
Ogfod2,,,,,,16.6095,18.82324,17.71637
Coprs,26.16006,25.63782,25.06698,25.63782,24.66427,24.7741,24.46345,24.66427
Mcts2,23.3105,,,23.3105,20.24447,20.78365,19.29069,20.24447
Fbxo36,,,,,,,,
Ube2t,19.59674,,,19.59674,,,17.61576,17.61576
Med21,23.70007,21.92445,22.63039,22.63039,,24.01759,22.71131,23.36445
Dut,,,,,22.11025,21.82135,22.24447,22.11025
Efcab2,25.08707,25.20199,24.77701,25.08707,,,,
Tctex1d2,26.5862,26.35114,26.053,26.35114,23.08971,22.57519,21.97939,22.57519
Leprotl1,,,,,,24.88353,23.78387,24.3337
Itgb3bp,,,,,24.51845,,,24.51845
Tspan31,23.54109,23.56605,22.6268,23.54109,21.90298,24.85975,24.85852,24.85852
,,21.1638,,21.1638,,19.04006,20.08148,19.56077
Cenpm,,,,,,,,
Cep19,,,,,,19.62242,,19.62242
Fam195a,23.97823,22.99229,22.80426,22.99229,18.3949,17.43372,21.29625,18.3949
Lyrm1,24.18556,23.3152,22.5714,23.3152,20.69897,,21.97484,21.336905
Cdc42ep3,,,21.5595,21.5595,17.40191,,17.7674,17.584655
Chmp1b2,25.23052,,24.09628,24.6634,25.65363,25.3394,22.39373,25.3394
Rnf138,20.70176,18.93367,,19.817715,18.13561,17.3954,17.0635,17.3954
Tmem147,,,,,21.03899,21.65687,20.83028,21.03899
Tmem100,,,,,,,,
Rpp14,19.36344,,,19.36344,21.73583,22.56728,21.46951,21.73583
Nwc;B230118H07Rik,27.31242,26.19295,26.19543,26.19543,22.12003,21.78568,22.09126,22.09126
Med30,,,,,19.34104,19.42821,22.95711,19.42821
Higd2a,,,,,,,,
Mettl21A,24.18865,23.65633,25.09293,24.18865,,,18.84989,18.84989
Mrpl18,25.71277,25.4887,24.14235,25.4887,26.20927,24.44815,25.75911,25.75911
Nicn1,22.90056,,15.81258,19.35657,20.78859,22.00997,23.3648,22.00997
Kdelr2,,,,,,,,
Tmem14c,29.13927,25.75685,25.35404,25.75685,26.6656,26.50197,25.66882,26.50197
Chchd5,25.34591,24.72463,25.53428,25.34591,,,18.76289,18.76289
Riok2,22.67064,21.33342,22.15131,22.15131,21.9774,21.63334,20.61603,21.63334
Haus2,,,20.03926,20.03926,18.24716,18.42681,,18.336985
Pomp,21.15376,22.76083,21.94006,21.94006,20.30184,24.77545,18.02296,20.30184
,24.05242,24.93441,24.58061,24.58061,23.27498,22.49962,,22.8873
Immp1l,,,20.70548,20.70548,21.0256,21.13508,,21.08034
Ywhab,,,,,22.48584,,,22.48584
Emc6,,,,,,,,
Ifitm3,30.69087,29.72912,30.78449,30.69087,,22.30466,20.08369,21.194175
Paf,21.16797,18.99535,17.47025,18.99535,,,,
Ndufc1,24.90348,,,24.90348,,,,
Ormdl2,25.3379,,,25.3379,,18.55157,,18.55157
Hsbp1,27.5862,23.72661,25.38545,25.38545,25.47423,28.69926,25.8753,25.8753
Polr3k,,20.85384,21.81394,21.33389,22.16892,22.68333,17.36939,22.16892
Pop4,18.16717,19.67948,20.23865,19.67948,19.95858,20.49238,18.46786,19.95858
Oxld1,25.03107,25.42175,24.30257,25.03107,23.19975,23.23549,23.06806,23.19975
,26.23473,25.16504,,25.699885,23.61728,23.5844,24.04218,23.61728
Fancl,,,,,,,,
Tmem42,,,,,,,,
Ppdpf,26.31257,23.04315,24.69083,24.69083,22.70782,22.656,24.09321,22.70782
Klhl28,,,,,18.67083,,,18.67083
Ska2,23.81323,,,23.81323,,,,
Hbb-y,,,,,17.6499,,,17.6499
Rchy1,22.06102,22.71364,22.12978,22.12978,21.39566,19.20299,19.32098,19.32098
,,,,,,20.49755,19.6516,20.074575
Slc25a30,23.11256,,20.92636,22.01946,22.17822,19.03591,,20.607065
Gadd45gip1,26.44627,25.71492,25.67745,25.71492,25.69906,25.4214,24.23015,25.4214
Tmem186,24.31119,23.22638,21.69473,23.22638,24.28609,24.22251,24.87338,24.28609
Msantd3,,,,,19.62564,,,19.62564
Fam32a,27.02665,25.44335,25.60944,25.60944,21.29524,22.04737,22.28354,22.04737
Rbm18,,22.65027,22.08239,22.36633,,,,
Ccdc96,22.50976,21.88453,18.79354,21.88453,,,,
Tmem208,,,,,,,,
Golph3,25.94013,24.64444,24.97242,24.97242,25.17927,24.84953,24.03473,24.84953
Vkorc1;Gm21974,26.15296,,26.99032,26.57164,23.45701,26.71555,24.27796,24.27796
Ociad1,21.57764,24.28235,25.39392,24.28235,23.17921,22.6058,22.89887,22.89887
Ociad1,,,,,23.85034,23.12893,23.57242,23.57242
Dbndd2,26.26885,26.52467,24.71141,26.26885,,,,
Tm7sf3,21.80625,21.19003,,21.49814,18.94658,18.93991,,18.943245
Ecd,21.69319,20.0478,18.24637,20.0478,19.70357,19.70742,19.20946,19.70357
Atp13a2,20.45252,20.23701,20.43023,20.43023,21.16809,20.76943,19.09213,20.76943
Rhobtb3,23.49765,22.29832,21.6888,22.29832,17.48141,15.57893,19.401,17.48141
Lhfpl3,,,,,,,,
Otud1,21.10508,,,21.10508,21.97474,20.25857,,21.116655
Sppl3,,,,,,22.65428,,22.65428
Prkrir,20.57367,21.37055,20.11566,20.57367,21.1168,20.9796,19.32103,20.9796
Fam133b,21.29013,20.71515,22.29715,21.29013,21.28472,21.66497,22.62366,21.66497
,22.53395,21.14345,20.79962,21.14345,23.17948,20.44101,22.59525,22.59525
Nudt17,22.33585,,,22.33585,19.60252,20.48089,21.06631,20.48089
Glipr1,,,21.603,21.603,19.65559,,,19.65559
Bloc1s2,24.7679,22.50993,23.52803,23.52803,23.84871,24.93279,24.19317,24.19317
Katnbl1,20.58719,20.34191,20.16411,20.34191,19.60165,21.03859,18.82879,19.60165
Mospd2,,,,,,,,
Pold4,,,,,21.18429,,,21.18429
Gatsl3,22.27276,,21.41282,21.84279,,,,
Bex4,,19.43302,19.55495,19.493985,20.28229,20.51307,20.14669,20.28229
Ddx28,23.93319,22.55119,23.20353,23.20353,22.36201,22.6709,21.65399,22.36201
Zdhhc13,22.05195,23.5552,23.42111,23.42111,22.46695,22.96828,20.59941,22.46695
Mcm8,,,,,,,,
Prkrip1,22.8111,23.18277,23.26842,23.18277,21.22606,20.5904,22.01311,21.22606
Zswim1,19.62619,,,19.62619,19.66464,19.45986,19.46637,19.46637
Rpusd4,23.33933,21.87346,22.26528,22.26528,22.6804,22.84978,22.69776,22.69776
Setd6,21.74788,21.9043,21.89441,21.89441,22.48358,21.32542,21.22847,21.32542
Rpain,,23.23919,,23.23919,,19.50533,,19.50533
Utp23,25.23889,,23.69232,24.465605,20.03577,20.92673,,20.48125
Cnih4,27.77838,27.91148,27.56238,27.77838,28.82523,28.51164,28.88501,28.82523
Lbh,26.03057,24.82779,23.51605,24.82779,22.36967,23.9411,23.87699,23.87699
D10Wsu102e,,,,,20.71163,21.58573,22.54411,21.58573
Cyp2u1,,,,,18.41113,15.78862,,17.099875
Grap,,,,,,,,
L3hypdh,28.26642,26.23338,26.44995,26.44995,,16.11523,,16.11523
Mgme1,23.26685,22.41491,22.09107,22.41491,21.58261,21.1582,20.2143,21.1582
Bcl7a,24.45394,23.37822,23.22639,23.37822,24.00607,23.00866,20.824,23.00866
Chd1l,24.47438,19.44465,20.99431,20.99431,,18.10631,18.87802,18.492165
Tmem50a,22.03942,22.1316,,22.08551,24.55585,24.56483,23.82852,24.55585
Dcx,,,,,,,,
Pbld2;Pbld1,22.23538,,18.58747,20.411425,17.01911,16.42993,16.17948,16.42993
Exo5,,16.05972,,16.05972,,,,
Kdm8,19.89395,19.11637,20.787,19.89395,,,,
Tmem192,21.34316,21.13057,19.76497,21.13057,22.21827,22.52729,22.80469,22.52729
Wbscr22,25.65108,23.47482,24.35131,24.35131,21.65731,21.26012,22.16294,21.65731
Tmem179b,24.93058,24.32196,24.06677,24.32196,21.28308,22.61171,21.23433,21.28308
Mis12,18.42337,,,18.42337,,,,
Gins3,,,17.00985,17.00985,18.63644,22.74464,21.41736,21.41736
Trim13,22.76955,,22.3332,22.551375,21.54948,20.36357,21.49746,21.49746
Dsn1,,,20.39864,20.39864,,,,
Crtap,24.58812,22.73672,22.72492,22.73672,,17.91181,19.12843,18.52012
Tomm34,,,,,,,,
Gfod2,24.30222,22.94798,23.09179,23.09179,24.46942,24.55614,23.82211,24.46942
Qpct,,,,,22.40179,22.41227,21.64033,22.40179
Sesn3,20.80601,22.81972,21.82236,21.82236,20.99948,19.70761,18.43274,19.70761
,,,,,,,,
Dph7,24.76491,20.64544,19.8698,20.64544,22.03785,21.79058,21.53269,21.79058
Tmem135,21.77278,,17.49529,19.634035,20.40447,19.78074,19.43306,19.78074
Rrp15,,23.1822,22.36776,22.77498,,20.48404,,20.48404
Slmo2,,,18.39414,18.39414,22.33571,21.9561,21.46149,21.9561
2810428I15Rik,26.42512,26.38476,26.51567,26.42512,24.51785,25.25245,23.49875,24.51785
Mettl18,21.99542,,,21.99542,17.53617,17.98893,,17.76255
Gins1,,,23.1144,23.1144,,,,
Nsfl1c,23.04525,24.05656,21.43619,23.04525,21.3665,19.78123,20.16938,20.16938
St3gal3,,,,,,,,
Nsun4,23.78187,20.36709,20.47615,20.47615,23.31852,23.5438,21.75463,23.31852
Cmtm6,22.47303,25.38686,21.36357,22.47303,,,,
Med18,,,,,22.43331,,,22.43331
Srfbp1,23.42008,21.61063,22.45754,22.45754,14.01498,,19.26119,16.638085
Cenpp,22.82466,17.41485,,20.119755,19.7494,18.28667,15.67904,18.28667
Zcrb1,,18.8848,19.57862,19.23171,21.3297,19.908,21.0428,21.0428
Nde1,24.34881,24.21475,23.27569,24.21475,17.72594,19.34884,18.82246,18.82246
Thumpd2,20.29379,,,20.29379,19.32573,18.23252,18.00799,18.23252
Med7,20.7733,,22.29533,21.534315,19.82563,,19.06418,19.444905
Tmem128,25.51204,24.33722,24.52367,24.52367,,,,
Mmachc,,,,,,,,
Ccdc77,,,,,,,,
Aen,24.14383,22.49629,25.58012,24.14383,20.00977,22.97194,,21.490855
Utp11l,25.08282,24.40484,24.4592,24.4592,24.00573,24.09861,23.8641,24.00573
Anks3,21.43731,20.01781,20.51557,20.51557,18.88142,18.88831,18.40976,18.88142
,,,,,22.75805,23.20172,21.4801,22.75805
Fopnl,,,,,,,,
Vasn,24.4946,24.0496,23.56337,24.0496,19.90256,19.73909,,19.820825
Cmss1,24.22516,23.84929,24.42124,24.22516,18.5916,21.62051,21.06151,21.06151
Eral1,25.26685,23.67487,23.73985,23.73985,24.47308,24.85847,23.82668,24.47308
Cenpn,,,,,,,,
Elp3,,,,,,,,
Cep89,20.13057,18.08067,,19.10562,,,,
Pinx1,,,,,19.91048,28.31142,,24.11095
Ube2v1,22.79681,,,22.79681,23.87446,14.01097,21.97656,21.97656
Lipt2,22.28633,20.42818,21.71854,21.71854,22.03507,23.47023,22.36153,22.36153
Nt5c3a,25.41963,22.09281,22.45367,22.45367,22.11842,18.79563,20.87049,20.87049
Nkain1,,,21.45056,21.45056,22.45149,24.83836,24.05705,24.05705
Mgrn1,,,,,19.67311,,19.42446,19.548785
Alg14,18.18054,22.36533,22.2526,22.2526,21.39341,22.32765,20.96416,21.39341
Spc24,,,,,,,,
Apitd1,,,,,,,,
Acer3,,,,,,,,
Det1,,,17.06002,17.06002,,,17.81341,17.81341
Rnf115,24.04293,22.44698,22.92624,22.92624,21.40088,20.6709,21.16208,21.16208
Dimt1,24.69434,24.53605,24.23528,24.53605,24.00222,23.90435,23.32649,23.90435
Ndc80,24.08156,21.2061,23.13229,23.13229,,,,
Zbed3,23.39297,,20.28241,21.83769,18.0418,17.31115,,17.676475
Cdca7,,,,,21.60752,,,21.60752
Chaf1b,17.38903,18.21826,19.23599,18.21826,,18.56752,,18.56752
Pygo1,,,,,,,,
Psrc1,,16.33193,,16.33193,,,,
Wdr89,20.90536,22.09039,23.43301,22.09039,21.68932,19.85,22.77521,21.68932
Ebag9,24.86561,,24.52773,24.69667,22.78063,21.57676,21.75691,21.75691
Cinp,23.16054,22.70597,21.53806,22.70597,22.60055,21.31612,20.28421,21.31612
Mrpl52,,,,,22.56579,,,22.56579
Mthfs,,,,,,,,
Dnlz,23.99593,23.61156,23.77686,23.77686,24.85067,24.90431,24.67729,24.85067
Znf706,26.50587,25.98822,26.30116,26.30116,24.19287,27.43944,23.56442,24.19287
Ints12,23.37729,22.92113,22.8365,22.92113,20.72949,20.51874,22.44753,20.72949
Tomm7,,,,,22.23614,23.73024,22.51246,22.51246
Ss18l2,,,,,,,,
Wdr65,24.89421,20.31959,19.81467,20.31959,,,17.09228,17.09228
Aaed1,21.23397,19.28243,20.34104,20.34104,,,,
Ube2c,24.52785,,14.81308,19.670465,20.77901,16.44124,19.86783,19.86783
Cby1,21.29227,23.34652,23.7681,23.34652,22.66136,21.77455,,22.217955
Cthrc1,22.72939,21.47783,20.53203,21.47783,,,,
,,,,,,21.58678,20.87807,21.232425
Slc37a4,20.55955,23.4386,23.99774,23.4386,,,,
Rita1,21.29704,21.00237,,21.149705,,,,
Mfap4,,,,,,,,
Polr1d,,,,,,,,
Fkbp11,25.30716,25.40539,25.70417,25.40539,20.03725,21.24162,,20.639435
Mphosph6,25.12822,23.23059,24.78412,24.78412,,,,
Dpm3,21.34608,23.81529,27.04145,23.81529,22.94038,25.11779,24.07611,24.07611
Prr15,,,,,,,,
Fam173b,,,,,18.73642,17.8629,18.66428,18.66428
Cdkn2aipnl,,,,,,23.75756,21.69613,22.726845
Bcl9,19.993,17.39272,,18.69286,18.75955,18.45972,20.06395,18.75955
Plekhj1,21.37337,,,21.37337,22.03587,21.70417,21.85316,21.85316
Acbd7,,,,,19.067,18.42366,,18.74533
Snapc3,,,,,17.39297,19.22612,,18.309545
Klhdc8b,23.58761,22.49514,22.47524,22.49514,22.05315,21.87151,21.88342,21.88342
Dnaaf1,20.77354,,,20.77354,,,,
Arsk,24.00821,23.24854,23.61482,23.61482,,21.01332,20.40291,20.708115
Cpxm2,19.78596,,,19.78596,,,,
Trmt44,22.26055,21.32937,20.85483,21.32937,21.17646,18.17612,20.84284,20.84284
S100a14,24.7755,,22.2633,23.5194,20.96621,21.06461,20.56309,20.96621
Naa38,20.62364,23.68528,22.22412,22.22412,24.16515,24.0535,23.80449,24.0535
Gramd3,,22.45096,21.63068,22.04082,17.55824,18.51918,18.04708,18.04708
Ankrd39,21.43502,22.97328,22.15943,22.15943,,,,
Mau2,,,,,,18.88274,20.0212,19.45197
9130401M01Rik,,20.55272,20.29603,20.424375,18.93385,20.69727,20.73422,20.69727
Mlkl,,20.34484,,20.34484,22.2676,,21.32306,21.79533
Snx20,,,,,,,,
Fbxo25,,17.4084,,17.4084,22.11607,21.64112,21.01195,21.64112
Elovl7,,,,,,,,
Rnf128,25.07504,,25.67527,25.375155,,17.62185,,17.62185
Mgat4c,,,,,,,,
Snrnp48,,,,,20.05205,18.96502,18.80395,18.96502
Snrnp35,22.80039,24.644,24.40334,24.40334,24.82895,22.75019,24.49528,24.49528
Rufy3,,,,,17.75081,,,17.75081
Rufy3,13.37721,,,13.37721,,,,
Rhoh,,,,,,,,
Obp1a,20.71549,,,20.71549,,,,
Krtap7-1,,,,,,,,
,21.5588,,,21.5588,,,,
Tchhl1,,,,,,,19.63996,19.63996
Nts,,,,,,,,
Fsip1,20.95901,21.70788,22.00707,21.70788,16.6569,,,16.6569
Gpn3,20.9379,,,20.9379,22.70502,22.10572,,22.40537
Pacrgl,20.90272,,19.77613,20.339425,17.46372,,20.39989,18.931805
Mfap3l,24.41635,21.668,22.37178,22.37178,,20.32191,17.60769,18.9648
Dlgap1,,,20.60196,20.60196,,,,
Uvssa,20.83807,,19.06524,19.951655,19.05243,18.12212,,18.587275
Sgms2,19.43561,19.94049,20.64518,19.94049,,,19.08447,19.08447
Ttc25,24.1744,24.15646,24.04535,24.15646,,,20.22764,20.22764
Eaf1,22.42949,20.0551,21.5185,21.5185,18.52256,,,18.52256
Rmi1,,,17.3123,17.3123,,,18.08254,18.08254
Amotl1,24.69402,23.90178,23.56116,23.90178,19.53744,,,19.53744
Dcbld1,,,,,,,,
Ccdc130,,,,,20.3756,18.68216,18.66042,18.68216
Cdyl2,,,,,23.24542,22.3806,18.86762,22.3806
S100pbp,22.68271,,20.88024,21.781475,20.34039,,,20.34039
Gins2,20.89534,19.5708,,20.23307,21.24394,,19.94692,20.59543
Fam84a,23.52528,21.37098,21.47936,21.47936,17.49576,20.43532,18.29199,18.29199
Zfp84,21.6756,,,21.6756,,20.60775,20.61333,20.61054
4632428N05Rik,19.5635,20.32466,19.3234,19.5635,12.05728,17.9686,19.08874,17.9686
Sun1,,,,,,,,
Sun1,,,,,,,,
Rin2,22.85468,20.93531,21.17968,21.17968,19.97631,,,19.97631
Zdhhc4,,,20.96303,20.96303,,20.75987,,20.75987
Cxx1c,,,,,,,,
Fam69a,23.15218,21.8066,21.17597,21.8066,23.12902,22.58964,22.18776,22.58964
Cers4,23.93003,23.22086,23.03202,23.22086,,,,
Cers5,22.57025,,22.10159,22.33592,14.50786,19.98092,19.65763,19.65763
Calml3,,,,,,,,
Paip2,,,,,,,,
Nsmce1,21.05517,23.65425,21.90918,21.90918,23.86174,22.47425,23.14157,23.14157
,,,,,,,,
Tmem206,22.19048,,20.79519,21.492835,23.65742,23.51557,23.42982,23.51557
Haus5,26.71319,26.48307,27.60052,26.71319,21.55726,22.43163,23.51929,22.43163
Gpx8,26.66248,25.31032,25.35525,25.35525,,,,
Ly6g6e,,,,,,,,
Fam83d,,,,,,,,
Dnase1l1,,20.14992,20.17377,20.161845,17.22666,,18.53092,17.87879
Serpinb12,,,,,,,,
Med8,22.14373,22.089,20.38627,22.089,23.0487,22.68414,21.51831,22.68414
Slx4ip,,,18.58589,18.58589,18.03456,18.57792,19.02718,18.57792
2200002D01Rik,24.98729,23.3181,23.17402,23.3181,,,,
Sapcd2,,,,,,,,
Pipox,27.21743,26.12615,25.66674,26.12615,20.37008,19.78312,19.94864,19.94864
Aplf,21.29541,20.75573,18.16433,20.75573,19.48416,20.88524,20.7536,20.7536
Tex9,,,,,,,,
Actr6,18.24195,21.02823,21.22917,21.02823,21.89,22.05533,22.12446,22.05533
Tmem254b;Tmem254,,,,,22.01366,21.47531,20.6971,21.47531
Aig1,23.95207,22.76286,23.1356,23.1356,19.80887,,20.07209,19.94048
Fam210b,22.63432,,,22.63432,21.82015,21.91371,21.98332,21.91371
Tspan13,,,,,21.95727,23.20353,,22.5804
Alg13,16.83738,16.94672,,16.89205,20.16079,19.93776,19.03128,19.93776
Pnp2,,,,,17.02626,,,17.02626
2010005H15Rik,24.95589,24.01835,,24.48712,,23.28419,20.96077,22.12248
Alkbh4,,18.45077,,18.45077,,,,
Oma1,23.65119,20.31816,17.28166,20.31816,,,,
P2yr13,,,,,,,,
Gtf3c6,20.87755,20.75189,,20.81472,22.02948,21.43781,21.53398,21.53398
Ifrd2,19.76782,18.31234,19.72996,19.72996,18.92741,19.23355,,19.08048
Tmem41a,,,,,,,,
Mcemp1,,,,,,,,
Dtwd1,,,,,21.36981,20.28184,21.41705,21.36981
Manbal,,,,,,,,
Ing5,,,,,,,,
1700112E06Rik,,,,,,,21.47353,21.47353
Slc22a17,,,,,24.52886,23.01686,23.44556,23.44556
Chic2,,,,,21.53559,21.74911,21.93998,21.74911
Tbc1d20,23.39021,19.34544,21.33631,21.33631,21.81948,19.41549,20.01604,20.01604
Usp12,20.01944,,,20.01944,20.88494,22.08213,21.93955,21.93955
Phospho2,24.57514,23.85348,23.36653,23.85348,24.11981,23.32279,22.52059,23.32279
Pradc1,,,,,,,,
Ccdc19,22.0889,17.10083,21.74981,21.74981,,,,
Dennd6b,,,,,23.0912,22.98054,22.46787,22.98054
Knstrn,,,,,21.99421,21.38811,20.17889,21.38811
Cir1,23.18292,20.64377,23.27085,23.18292,20.6832,19.2622,19.87009,19.87009
Mfsd2a,22.6428,22.49865,,22.570725,,,18.95835,18.95835
Exosc1,25.79107,24.84943,25.2329,25.2329,24.32841,24.59275,24.00256,24.32841
Ttc32,19.95802,,,19.95802,,,,
Pfn3,,,,,,,,
Tekt1,20.99693,19.22774,21.20186,20.99693,,,,
Dynlrb2,27.26033,27.00346,27.2691,27.26033,,,,
Pacrg,23.03177,21.92734,21.5715,21.92734,,,,
Rhobtb1,,,,,,,,
Fank1,22.87495,22.24818,22.21715,22.24818,19.37579,17.77559,17.75851,17.77559
Lrrc46,,22.87826,18.99686,20.93756,,,,
Asf1b,,,24.66117,24.66117,,,,
Cklf,,24.29481,,24.29481,,24.21593,,24.21593
Mrgbp,23.81284,20.92034,22.53331,22.53331,22.86454,23.26542,22.8013,22.86454
Znf654,,,18.57482,18.57482,17.10401,16.30651,15.88651,16.30651
Tmem38b,,20.8271,21.83858,21.33284,20.8735,21.08874,21.42378,21.08874
,,,,,21.7967,,,21.7967
Yae1d1;Gm6505,,,21.41483,21.41483,19.31933,17.52719,19.32125,19.31933
Ift46,25.00445,24.74663,24.83045,24.83045,21.56165,21.04013,21.27787,21.27787
Smdt1,,,,,,20.87155,15.42715,18.14935
Pop5,,,,,22.37745,23.39192,,22.884685
Znf580,,,,,,,,
Med27,23.55298,23.59184,22.68624,23.55298,23.48013,23.46576,23.79005,23.48013
Znf593,24.66763,24.58365,24.93423,24.66763,17.73284,18.24563,18.86629,18.24563
Ap1s2,,,,,23.67756,23.33197,23.2548,23.33197
Fam216a,21.44824,,,21.44824,,25.23144,,25.23144
Emc9,20.93294,,,20.93294,21.98092,21.42501,20.62631,21.42501
Rrp8,21.57533,18.52845,17.80429,18.52845,23.89745,23.50531,23.35272,23.50531
Med29,21.92796,,20.84007,21.384015,20.62703,20.42818,,20.527605
Wdr53,22.0921,22.68891,21.71875,22.0921,21.40966,22.13968,21.6957,21.6957
Leng1,23.24902,22.32614,23.86127,23.24902,,,,
Tysnd1,22.46144,20.65962,19.5553,20.65962,22.28695,22.3921,21.93848,22.28695
Amdhd1,,,,,,,,
Dusp6,,,19.52005,19.52005,19.80281,19.80426,,19.803535
Eif4e3,,20.82881,,20.82881,17.27876,,,17.27876
Cpn2,,,,,,,,
3/8/2015 0:00,,,,,19.81388,,,19.81388
Cwc25,21.92915,15.93134,,18.930245,18.64709,,18.33071,18.4889
Cyp27a1,,19.4327,21.08089,20.256795,,18.82395,17.14181,17.98288
Rpn2,,,,,,,19.02131,19.02131
Baiap2l1,,,,,,,,
Josd1,,,17.32668,17.32668,21.63803,20.82236,21.09841,21.09841
Ddx59,18.3931,25.50094,24.73578,24.73578,22.28557,20.76773,22.9283,22.28557
Scyl3,22.42178,20.52172,20.91064,20.91064,24.21134,21.81139,21.03234,21.81139
Armc8,22.31177,21.26172,22.30753,22.30753,19.66534,20.12136,20.34484,20.12136
Apbb2,22.2604,20.59195,21.54802,21.54802,21.15357,21.43028,20.08667,21.15357
Poc5,26.36931,19.18534,24.74335,24.74335,19.21807,19.1579,15.44404,19.1579
Osbpl3,22.51244,,,22.51244,,,,
Entpd4,,,,,20.69498,19.86042,19.87927,19.87927
Dmgdh,,18.9085,17.03617,17.972335,20.12868,20.23245,19.95248,20.12868
Riok3,22.75654,21.83634,20.84337,21.83634,21.33287,23.45951,22.3377,22.3377
Rnf6,20.47665,,19.43914,19.957895,15.34023,14.549,14.64239,14.64239
Dhx34,19.6619,18.98657,19.15803,19.15803,,16.02477,15.64214,15.833455
Mxra8,25.69487,24.3658,24.48425,24.48425,20.97379,20.96698,19.66525,20.96698
Cyp4v2,22.75467,22.36266,22.65746,22.65746,18.93526,18.01476,19.37118,18.93526
Natd1,21.78069,,,21.78069,25.18117,25.09192,23.91607,25.09192
Tril,,,,,,,,
Plxdc2,26.21743,23.90766,23.2042,23.90766,23.29488,23.1986,22.92888,23.1986
Slc46a3,,,,,,,,
Mfsd1,25.77846,24.66861,25.36212,25.36212,20.64667,15.80055,16.677,16.677
Zfp869,,18.27985,,18.27985,19.33932,19.37159,19.81225,19.37159
Dram1,,,,,,,,
Caly,,,,,24.31734,24.07088,24.3931,24.31734
Arpp21,,,,,,,,
Gabarap,27.02528,27.90104,27.56565,27.56565,25.56133,24.81455,24.4367,24.81455
Cd302,,,,,,,,
Pop7,,25.18741,,25.18741,21.05742,22.6919,21.80104,21.80104
Zfand6,25.59932,24.5679,24.5675,24.5679,,22.82726,21.92908,22.37817
Stard3nl,,22.71018,23.19117,22.950675,22.54484,22.53374,21.65814,22.53374
Aurkaip1,,,,,,,,
Znf414;Zfp414,,,,,,21.1404,20.46633,20.803365
Mettl15,22.31728,15.8475,20.85087,20.85087,19.04375,19.26325,18.64005,19.04375
Nudt12,21.43007,21.45558,23.30591,21.45558,21.51258,21.05252,22.27943,21.51258
Rnft1,,,17.86695,17.86695,,,,
Dazap2,,,,,23.56151,23.63998,,23.600745
Eid1,,,,,,,19.05865,19.05865
Tmem176a,,20.48424,19.92125,20.202745,,,,
Bap18;0610010K14Rik,21.79527,,,21.79527,20.02594,,,20.02594
Dgat2,23.33197,,,23.33197,16.9138,20.09352,22.55992,20.09352
Rab13,27.58312,25.2383,25.53943,25.53943,19.86084,,18.87316,19.367
Rarres2,,,,,,19.84756,,19.84756
Nudt22,,,19.40771,19.40771,19.90602,,,19.90602
Wbp5,,,,,,,16.33114,16.33114
Twsg1,25.10502,23.87211,23.52277,23.87211,19.72101,20.2635,,19.992255
Tsc1,,,,,19.27141,18.57215,18.72231,18.72231
Hcar2,,,,,19.17324,,,19.17324
Cd274,16.51001,,,16.51001,,,,
Chst7,,,,,,,,
Slco1a4,25.06694,23.22585,23.03263,23.22585,,,,
Gpr88,,,,,22.02648,21.18283,21.42383,21.42383
Wwtr1,24.08156,24.58537,24.9554,24.58537,,,,
Mettl9,25.58967,24.28764,24.34218,24.34218,23.68955,22.62988,22.55663,22.62988
Tlr1,20.35853,19.30113,20.3705,20.35853,22.88112,,22.82712,22.85412
Pla2g12a,25.62,25.43039,25.70546,25.62,20.55581,20.90492,21.55726,20.90492
Glce,21.34922,21.6398,19.69641,21.34922,21.86872,22.45521,22.19337,22.19337
Vmn1r171,,,,,,,,
Inpp4a,,,,,,20.56774,20.49989,20.533815
Ropn1l,25.34462,22.69332,22.30368,22.69332,,,19.03888,19.03888
Chst1,,,,,17.97768,20.84222,17.31778,17.97768
Hsd3b7,22.37568,20.5032,20.38258,20.5032,,,,
Elovl4,,,,,23.85624,23.61549,22.39016,23.61549
Dpys,,20.84345,,20.84345,24.58772,24.5354,24.71382,24.58772
Taf8,,15.9728,,15.9728,,,19.93154,19.93154
Tpcn1,23.68891,20.8723,21.07143,21.07143,20.54378,20.25592,,20.39985
Tsc22d4,26.25052,25.46914,25.23903,25.46914,21.60797,20.73843,19.91215,20.73843
Slc19a2,24.00505,23.88213,23.75532,23.88213,,19.8693,21.26339,20.566345
Suv39h2,,,19.47245,19.47245,18.98604,,20.13834,19.56219
Kcnn1,,,,,21.4442,14.7235,20.61576,20.61576
Igdcc4,23.53848,21.28551,21.07123,21.28551,20.07104,19.94063,20.00003,20.00003
Rhou,18.23771,21.05358,21.40645,21.05358,23.4924,21.5559,21.42101,21.5559
Tlr9,,18.21457,16.63863,17.4266,20.05205,20.35132,19.05706,20.05205
Set,28.86364,27.74233,28.40454,28.40454,21.4708,16.70793,,19.089365
Olig2,22.57805,,21.22252,21.900285,,,,
Ern1,20.22187,18.32562,18.24368,18.32562,13.49035,,,13.49035
Tor3a,25.03292,24.55485,24.4288,24.55485,21.06828,15.99976,16.74649,16.74649
Wtap,,,,,,,,
Rhoj,20.46852,,,20.46852,,,,
Rtp4,,,,,,,,
Tor1aip2,,,,,21.61333,23.18438,21.39446,21.61333
Rsc1a1,,,,,18.01089,17.84665,,17.92877
Dscam,,,15.2197,15.2197,16.95878,17.3538,16.74215,16.95878
Krt81,,,,,,,,
Sgk3,19.66063,17.36453,18.97259,18.97259,19.65025,15.92662,,17.788435
Mesdc1,,,,,20.61423,20.25211,17.5849,20.25211
Nusap1,,,22.09323,22.09323,,,,
Moap1,,,,,18.53894,17.85026,17.34195,17.85026
Chrnb2,,,15.67032,15.67032,18.84537,18.9711,17.04399,18.84537
P2ry6,20.20693,,,20.20693,21.95262,,20.15549,21.054055
Mllt1,22.53524,20.87725,22.33301,22.33301,19.10229,20.05099,20.27606,20.05099
Gmfg,24.65031,21.41126,22.72463,22.72463,,,22.27273,22.27273
Znf319,28.16289,28.28978,29.31151,28.28978,,,,
Chrm3,18.58857,,,18.58857,22.32353,21.16772,21.98141,21.98141
Chrm2,,,,,,,19.53721,19.53721
Foxj2,,,,,18.37318,,,18.37318
Arhgef7,22.5166,21.5121,22.25857,22.25857,,,,
Arhgef7,,,,,,,,
Arhgef7,,,15.90917,15.90917,,,,
Inpp5d,,,,,,,,
Cd200r1,24.18941,,21.25298,22.721195,,18.02589,,18.02589
Rtn3,,,,,,,,
Hrg,,,,,,,,
Ypel1,,,,,18.23818,,,18.23818
Cmtm7,,22.85358,,22.85358,,,,
Dysf,22.9372,22.79305,22.36658,22.79305,,,,
Zdhhc16,,,,,15.98375,,,15.98375
Irak1bp1,21.88703,19.2046,,20.545815,20.95539,21.29642,17.53579,20.95539
Capn10,20.65709,,18.24102,19.449055,18.85863,19.63304,21.36357,19.63304
Ing2,22.62605,22.08421,17.87273,22.08421,21.13264,20.44395,20.28557,20.44395
Zak,23.14085,21.2794,23.79798,23.14085,19.69251,19.54849,17.21902,19.54849
Gdpd2,26.24612,25.47346,25.76322,25.76322,21.73727,20.65097,20.95227,20.95227
Doc2g,,,,,,,,
Cenpk,,,,,,,,
Mapk8ip3,,,,,,17.82762,18.58344,18.20553
Mapk8ip3,,,,,,,,
Dusp10,,16.34554,20.0258,18.18567,,17.56985,18.765,18.167425
Gsdma,,,,,,,,
Eif4enif1,,,,,,,,
Nfkbiz,16.43318,,,16.43318,16.85611,,18.22637,17.54124
Slc1a5,26.36281,24.97229,25.62856,25.62856,22.10252,20.43888,22.05778,22.05778
Cldn12,24.56779,22.67297,23.41171,23.41171,21.78684,22.32235,19.45322,21.78684
Palld,24.71764,23.3656,22.61,23.3656,,,,
Palld,25.47785,24.80892,24.78925,24.80892,16.31863,,,16.31863
Timp4,,,,,,,,
Elf2,,,,,,,,
Elf2,22.89778,21.50901,20.14706,21.50901,21.26585,19.37647,20.68893,20.68893
Kat2b,,,,,,,,
Asah2,18.91026,20.55656,15.03823,18.91026,20.31429,,20.43919,20.37674
Gal3st1,,,,,,,,
Hpgds,24.09015,19.719,22.82755,22.82755,,20.87117,22.90025,21.88571
Pik3cg,19.69523,18.57067,19.82349,19.69523,15.68738,18.45623,18.79065,18.45623
Copz2,28.62108,26.9266,26.86018,26.9266,19.66148,24.13923,18.40757,19.66148
Mmp19,21.75365,,25.73149,23.74257,21.53867,,,21.53867
Adat1,22.44952,,21.26218,21.85585,21.03952,20.60485,20.6747,20.6747
Slc40a1,,,,,,,,
0610031J06Rik,26.56587,25.39715,25.47816,25.47816,21.64399,21.21733,23.92606,21.64399
Icoslg,21.1695,20.79154,20.15128,20.79154,,,,
Lat2,,,,,,,,
Stk19,18.79931,20.14457,19.9248,19.9248,20.79313,20.15734,18.05595,20.15734
Kdelc1,23.42008,22.33298,22.07454,22.33298,22.27088,21.7275,22.24821,22.24821
Ammecr1,,,,,,,,
Cdk20,22.26654,22.24577,20.88069,22.24577,18.29041,16.91917,20.51961,18.29041
Aldh1a3,,16.53303,,16.53303,22.60576,22.58893,22.41725,22.58893
Bin3,21.30112,20.45202,,20.87657,20.66145,20.20967,19.99314,20.20967
Ntn4,23.06064,22.08151,22.59478,22.59478,,,,
Pus3,21.69034,,20.67107,21.180705,,16.14025,15.75978,15.950015
Gtf2ird1,,,,,20.86801,17.4244,15.34228,17.4244
B3galt5,,,,,,,,
Sgpp1,23.52049,23.00225,22.01001,23.00225,21.91787,23.17413,22.12041,22.12041
Sh2b2,21.31545,21.97928,21.84433,21.84433,22.73721,22.67025,22.29165,22.67025
Prmt1,,,,,,,,
Slc2a8,,,,,19.07992,18.20376,18.69653,18.69653
Zfand2a,,20.91079,23.08294,21.996865,23.33006,,,23.33006
Kcnmb4,,,,,22.61097,23.37398,20.84384,22.61097
Panx1,19.22762,19.66953,18.58758,19.22762,26.87385,26.63478,26.39308,26.63478
Smad9,19.7088,,,19.7088,,,,
Cbll1,,,,,18.27485,18.07243,18.78663,18.27485
Tfap4,,,,,,,,
Plscr3,24.62405,23.02158,23.54298,23.54298,25.21523,24.75083,24.8101,24.8101
Plscr1,,,,,13.36126,,,13.36126
C1galt1,25.66658,20.1598,21.56927,21.56927,22.23952,21.40904,16.79601,21.40904
Rbfox1,,,,,,,,
Zc3h8,,,,,,,,
Cdc20,,,,,,,,
Pbk,23.35716,22.44895,22.49214,22.49214,21.49785,20.46483,19.34432,20.46483
Ccdc86,22.44789,23.29418,24.41912,23.29418,,,,
Ssna1,23.74827,22.7544,22.57909,22.7544,21.2324,21.79578,22.6629,21.79578
Ccnl2,20.44111,,20.96986,20.705485,21.65766,22.82949,19.41316,21.65766
Grasp,20.03443,22.74888,24.20337,22.74888,21.1979,20.87927,19.33128,20.87927
Nipa2;Nipal1,,,,,,,,
Fads3,24.71712,24.79976,19.56811,24.71712,22.27133,22.17785,22.0233,22.17785
Sppl2a,23.11159,23.22407,23.73665,23.22407,21.66323,22.43487,16.09148,21.66323
Tacc2,,,,,,,,
Tmem47,24.21349,25.35043,26.24198,25.35043,,20.38184,18.81315,19.597495
Caln1,,,,,16.37433,17.97298,15.1437,16.37433
Pigb,23.29039,21.85514,24.07463,23.29039,21.49497,20.88517,21.87508,21.49497
Cacng4,20.5197,,,20.5197,23.58875,23.10247,23.14968,23.14968
,,,,,,,,
Tdp2,,21.932,21.50227,21.717135,23.35555,22.93625,22.91954,22.93625
Ube2j1,,,,,,,,
Klf13,,,,,,20.38922,,20.38922
Ppp2r3c,19.99659,16.70658,18.99783,18.99783,18.09584,17.36735,,17.731595
Orc3,21.23163,20.77917,20.54783,20.77917,20.47783,20.58701,20.6435,20.58701
Sh3glb1,,,,,,,,
Pard6g,,21.82279,22.42273,22.12276,,19.94192,,19.94192
Mlh1,21.89019,20.40135,20.97582,20.97582,17.7204,19.03604,18.69197,18.69197
Hspb8,29.35876,28.47282,27.82996,28.47282,,17.81297,,17.81297
Ybx3,,,,,,,,
Tbx21,,,,,,,14.33588,14.33588
Cyp39a1,22.14308,,20.51345,21.328265,18.21632,,,18.21632
Rcan3,,21.65905,,21.65905,22.3033,23.06554,22.54517,22.54517
Slc30a7,25.53181,22.68842,24.62695,24.62695,24.04552,24.63129,23.46264,24.04552
Olig1,18.25718,,,18.25718,,,,
Pole3,25.50291,24.50767,20.90411,24.50767,22.09748,20.97358,22.1496,22.09748
Chrac1,24.83388,22.96095,24.46849,24.46849,21.66154,,20.8205,21.24102
Ldb3,,,,,20.93402,20.85331,19.54907,20.85331
Ick,21.08193,,19.93919,20.51056,20.56458,20.62827,20.26224,20.56458
Arl6ip1,24.18986,,23.74929,23.969575,25.12558,26.9526,18.66917,25.12558
Lgals8,24.15846,23.13973,22.46279,23.13973,,19.36897,22.91973,21.14435
Isg20,20.99134,19.5845,17.47398,19.5845,,16.05977,,16.05977
Bace2,26.59335,24.15584,20.78692,24.15584,,17.48628,23.31838,20.40233
Rgs1,,,,,,,,
Gmeb1,21.26172,23.55731,16.32105,21.26172,21.07222,20.71574,23.18417,21.07222
Rfx5,,,,,17.43884,,16.68634,17.06259
Fanca,,18.67459,,18.67459,19.46208,,,19.46208
Mpp6,23.80705,23.25145,22.70656,23.25145,24.14616,23.49741,23.58337,23.58337
Pvrl3,22.90738,22.08011,21.58957,22.08011,,,,
Capn15,17.73826,18.44674,18.02415,18.02415,,18.8659,,18.8659
Capn15,,18.85705,19.30144,19.079245,,,,
Akr1c12,,,,,,,,
Col5a3,,,,,18.45125,17.63211,,18.04168
Spag6;BC061194,22.54602,18.13551,17.8304,18.13551,,16.61094,,16.61094
Selk,20.80554,,,20.80554,,,,
Elovl2,,,,,,21.05,,21.05
Elovl1,23.3415,22.72499,,23.033245,,,,
Tnfrsf19,,,,,,20.05378,19.92706,19.99042
Git2,21.581,19.4531,20.63883,20.63883,,,,
Sec61a2,,,,,25.30368,26.1671,25.23582,25.30368
Socs6,20.75287,19.06597,17.90266,19.06597,17.63091,17.61662,17.66615,17.63091
Hic2,21.58706,19.06957,,20.328315,21.0807,20.44455,,20.762625
Sigirr,,,,,,,,
Pias4,19.97113,20.03066,20.00854,20.00854,20.30129,20.82586,21.22629,20.82586
Mink1,,,,,,,,
Tob2,,,,,,,,
Crlf1,22.29362,20.12123,18.74708,20.12123,19.17998,19.25822,18.33678,19.17998
Reep6,,17.98593,,17.98593,,18.45165,,18.45165
Srf,,,,,,,16.82115,16.82115
Stap1,23.35595,22.68799,22.34324,22.68799,14.13338,19.31582,22.72565,19.31582
Wrap73,21.65836,19.42064,,20.5395,19.39672,19.11627,20.20096,19.39672
Prg4,16.64132,,15.82608,16.2337,,,,
Znf207,,,,,,,,
Sfmbt1,22.10008,21.89404,21.2143,21.89404,20.47803,19.56261,20.08887,20.08887
Chst11,22.966,,,22.966,17.26517,19.83612,22.1316,19.83612
Vstm2b,18.80964,18.12172,,18.46568,,19.60023,,19.60023
Dolpp1,,,,,23.51557,22.5077,23.80233,23.51557
C1galt1c1,22.88228,21.91327,21.01304,21.91327,21.52836,20.84713,,21.187745
Neu3,23.71597,22.58038,22.38116,22.58038,18.26169,18.09697,17.85562,18.09697
Fbxw4,,,,,,,,
B4galt5,17.90677,20.60711,18.00711,18.00711,20.75849,20.79265,18.75251,20.75849
Mageh1,,,23.10966,23.10966,,,,
Polk,20.54548,19.0158,,19.78064,13.987,,15.71773,14.852365
Cln8,24.50349,24.08164,24.73578,24.50349,25.26528,25.95956,25.31264,25.31264
Tlr4,20.12326,17.75395,19.89815,19.89815,21.8212,22.74076,16.18063,21.8212
Try4;Try5,,24.64367,24.25422,24.448945,21.91346,22.78067,20.71549,21.91346
Itga2b,,,,,,,,
Tlr2,,,,,,,,
Ptk2b,,,,,17.38978,17.78162,16.6454,17.38978
Rai2,18.86045,,16.49168,17.676065,,,,
Chaf1a,18.0828,,,18.0828,19.24247,19.59862,,19.420545
Kifc1,,,,,,,,
Mlf1,19.42062,,20.78588,20.10325,,,,
Rad1,22.05102,21.05927,21.89301,21.89301,,18.24934,,18.24934
Clca1,21.66388,19.39035,20.17146,20.17146,,19.65116,18.16663,18.908895
Son,21.37039,20.04059,19.89574,20.04059,,,15.99309,15.99309
Dpf1,,,,,,,,
Cyhr1,,,,,26.02578,26.11692,25.87722,26.02578
Acox2,24.38943,24.83947,25.15182,24.83947,19.53277,19.50114,,19.516955
Fbp1,17.91538,17.68593,18.27125,17.91538,,,,
Limd1,26.07934,25.06858,25.03716,25.06858,,20.6256,20.18773,20.406665
Poll,20.25753,,19.70339,19.98046,,16.00786,15.51961,15.763735
Itgax,20.49931,18.15773,18.41415,18.41415,18.93194,16.20287,,17.567405
Rad18,,19.46836,19.57758,19.52297,,17.81778,20.30597,19.061875
Kif21a,,14.17617,14.8359,14.506035,19.76341,18.62966,19.32461,19.32461
Kif21a,,,,,,20.13871,20.0351,20.086905
Abhd2,21.06881,16.1072,20.53136,20.53136,19.97743,18.59179,19.38718,19.38718
Mkrn1,,,,,17.89261,17.25322,,17.572915
Plec,,,,,,,,
Plec,,,,,,,,
Plec,19.65368,,19.03429,19.343985,,,,
Dbn1,,,,,24.02047,23.36078,23.6309,23.6309
Dapp1,20.87132,,21.8836,21.37746,16.1326,,,16.1326
Cbx8,22.97271,21.65565,21.47313,21.65565,23.85671,23.68024,23.43007,23.68024
Spry2,22.55789,23.08876,22.79861,22.79861,20.80278,19.3089,22.43081,20.80278
Fbxl6,19.79659,,19.50174,19.649165,18.48856,20.00374,19.40083,19.40083
Nufip1,,,,,,,,
Xk,,,,,,,,
Macf1,20.40062,20.70134,20.0036,20.40062,18.03633,17.23734,17.61956,17.61956
Pkp3,22.45,20.80317,,21.626585,,,,
Zbp1,,,,,,,,
Tspan3,25.34286,24.86136,24.59861,24.86136,22.7223,22.98223,23.51833,22.98223
Pdzd4,21.53498,,,21.53498,18.97958,22.1903,21.63737,21.63737
Gpr37,,,,,,,,
Tmem59,23.35286,22.85639,22.1884,22.85639,22.30028,22.26502,22.52678,22.30028
Dctpp1,,22.67579,22.14833,22.41206,23.31354,23.36813,23.54545,23.36813
Casr,,,,,,,,
Dach1,21.55319,,20.86355,21.20837,17.12928,,,17.12928
Add3,,,,,,,,
Add2,15.29906,14.81122,,15.05514,,,,
Add1,21.95056,23.52958,22.99497,22.99497,,,,
Bcl11a,,,,,,,,
Bcl11a,,,,,,21.5363,,21.5363
Bcl11a,,,,,,,,
Bcl11a,,,,,,,,
Jag2,,,,,20.18641,20.52678,19.98649,20.18641
Dnajb9,25.04185,25.227,25.52076,25.227,,22.33928,20.27446,21.30687
Hs6st1,23.35407,23.71461,24.09321,23.71461,21.81108,21.72372,21.73413,21.73413
Abt1,,19.79627,20.07051,19.93339,21.61216,20.36367,20.7737,20.7737
Cenph,,,,,,19.0961,,19.0961
Tmeff2,21.58334,15.56671,22.03952,21.58334,23.53053,25.09277,23.68603,23.68603
Azi2,21.19905,,,21.19905,,18.67831,,18.67831
Map1a,,,,,,,,
Qki,22.45981,,,22.45981,,17.48958,19.64614,18.56786
Ppm1d,20.76975,,17.30287,19.03631,18.94083,19.84731,19.32021,19.32021
Iigp1,20.53725,23.2277,22.89639,22.89639,24.14686,23.79273,23.82716,23.82716
Plekhb2,24.17326,21.14264,21.6835,21.6835,23.39937,23.565,23.22949,23.39937
Abhd1,25.31025,23.53742,23.56663,23.56663,20.9583,19.44587,19.00306,19.44587
Chml,23.28348,21.40338,21.03631,21.40338,19.63749,19.8951,22.67217,19.8951
Serinc3,23.50325,22.0486,23.24867,23.24867,21.90356,23.45086,21.69634,21.90356
Ripk3,21.47492,20.51874,21.59509,21.47492,17.95498,21.06763,18.86384,18.86384
Usp21,,20.94785,18.16654,19.557195,19.30497,19.14093,18.28722,19.14093
Polg2,20.33625,22.39145,,21.36385,21.17597,18.97623,20.56495,20.56495
Mllt4,,,,,,,,
Mllt4,21.73492,20.6734,20.88807,20.88807,,,,
H2afy,,,,,22.7768,22.03127,,22.404035
Hipk2,22.54715,19.3853,19.7689,19.7689,21.30775,21.67788,16.19297,21.30775
Numb,,,,,,,,
Sgk2,,,,,,,15.26657,15.26657
Krtap15-1,,,,,,,,
Ube2l6,19.44678,23.08182,,21.2643,,,,
Nxt1,,,,,25.19472,22.81617,22.18029,22.81617
Dpt,,,,,,,,
Adamts5,,15.32189,,15.32189,19.69829,19.536,14.00992,19.536
Naip5,18.65102,18.6246,18.76199,18.65102,,,21.05019,21.05019
Dnajc12,,,,,,,,
Angptl2,21.10904,,,21.10904,,,,
Amfr,,,,,,,,
Fhl3,26.22566,25.36088,25.18941,25.36088,,19.33787,18.17816,18.758015
Hgfac,,,,,,,,
Znf346;Zfp346,22.90054,22.74483,22.89147,22.89147,22.66241,22.04407,21.82408,22.04407
Bloc1s6,,,,,,,,
Acox1,,,,,,,,
Emcn,,,,,,,,
Syt10,,,,,21.01896,21.98263,17.80902,21.01896
Syt9,20.49395,18.54212,16.62685,18.54212,,,13.59561,13.59561
Clec4e,,,,,,,,
Mfi2,23.07024,21.99431,22.07195,22.07195,20.777,20.04247,20.8906,20.777
Mmp24,,19.30392,19.02275,19.163335,21.58724,24.27085,23.87774,23.87774
Mmp17,,,,,20.25084,19.99217,17.80738,19.99217
Srsf10,24.4899,,25.31759,24.903745,,,,
Med20,23.92615,24.73862,24.42976,24.42976,23.70324,22.29583,23.8839,23.70324
Gabrg1,,,,,22.69999,19.86977,22.59202,22.59202
Nat6,21.44294,19.80953,18.65095,19.80953,21.18004,19.43882,21.84483,21.18004
Rfwd2,23.70419,20.87448,20.51509,20.87448,21.11191,21.66271,20.13345,21.11191
Taf7,18.96132,21.66557,21.00724,21.00724,19.63164,21.97446,20.23199,20.23199
Foxo1,21.78505,20.40135,19.88771,20.40135,,13.00662,17.90242,15.45452
Tmem176b,25.24434,23.27881,22.7613,23.27881,23.4491,22.00908,19.58888,22.00908
Plp2,24.80754,26.61709,24.90605,24.90605,16.16418,15.20377,15.77702,15.77702
B9d1,24.59918,23.81088,24.70425,24.59918,,,,
Pign,,,,,,,16.56613,16.56613
Timeless,,16.18061,,16.18061,16.5684,19.97071,15.35235,16.5684
Abcc5,16.63877,16.06565,19.07697,16.63877,22.61773,21.05782,20.58013,21.05782
Myo1c,,,,,,,,
Myo1c,19.63556,21.38638,21.72055,21.38638,24.13774,,,24.13774
Fiz1,22.92517,21.75222,21.85255,21.85255,22.21101,22.83648,21.66462,22.21101
Ramp1,,,,,,,,
Sema6c,18.55386,16.38342,,17.46864,18.45141,19.15632,18.61547,18.61547
Nfe2l3,,,,,,,,
Spry4,,,21.51668,21.51668,,,,
Mmp16,18.2275,,,18.2275,19.78195,,19.2081,19.495025
Mapk9,,,,,,,,
Usp18,16.8423,21.1359,,18.9891,,,22.7688,22.7688
Rlim,,19.19318,,19.19318,,17.62035,16.81703,17.21869
Slc22a3,,,,,,,,
Mbtps1,,,,,20.17487,20.64509,19.45691,20.17487
Bex2;Bex1,,,,,19.2087,18.89359,,19.051145
Pdcd6ip,24.93355,23.68078,23.23494,23.68078,,,19.54083,19.54083
Slc37a2,23.45061,21.92122,22.90446,22.90446,18.01111,,16.3904,17.200755
Cyb561d2,,24.18314,22.33851,23.260825,,23.18195,,23.18195
Tmem115,22.85943,23.53065,24.45726,23.53065,22.18782,23.12756,21.13934,22.18782
Sema4g,,,,,20.83946,21.16208,19.91014,20.83946
Rfc2,24.13234,22.49543,22.5153,22.5153,23.31976,22.99412,22.46906,22.99412
Srd5a3,,,,,19.10116,19.61682,,19.35899
Uchl5,,,20.79408,20.79408,20.42337,20.60395,22.18556,20.60395
Cxcl14,,,,,22.08261,20.90918,22.24876,22.08261
St6galnac3,,,,,19.23909,19.801,19.21703,19.23909
Cyp2g1,,,,,,,14.3436,14.3436
Atp1a4,23.62868,22.27827,21.83152,22.27827,13.70552,18.1253,18.68839,18.1253
Mpp2,,,,,,,,
Apobec2,,,,,,,,
3/7/2015 0:00,21.50727,18.38005,18.4594,18.4594,17.83966,,16.60192,17.22079
Decr2,25.56576,24.10334,,24.83455,24.06225,21.94131,21.15715,21.94131
Dmtn,,,,,,,,
Noc2l,,,19.07656,19.07656,20.8527,21.51273,17.08348,20.8527
Asb3,,,,,22.57452,22.47791,21.75091,22.47791
Stxbp4,28.69538,27.72605,27.71391,27.72605,19.77386,20.54793,17.18553,19.77386
Epb41l3,,,,,20.18641,19.79268,20.25119,20.18641
Epb41l3,,,,,,,,
Peg12,,,,,,,,
Slit3,20.34614,24.18805,24.08408,24.08408,24.23279,24.19468,24.13469,24.19468
Pole,,,17.695,17.695,15.5864,15.19967,15.12856,15.19967
Msl3,,,21.39817,21.39817,19.83918,20.22835,18.56298,19.83918
Agtrap,,,,,,,,
B4galt6,,,,,,16.7129,19.09939,17.906145
Slc12a7,26.73221,25.70219,26.56433,26.56433,23.11883,22.3626,21.5804,22.3626
Racgap1,18.75052,,,18.75052,20.84491,18.82115,18.79344,18.82115
Ap1m2,,,,,,,,
Park2,22.69861,20.98203,21.16858,21.16858,21.5866,18.49299,19.06768,19.06768
Cx3cr1,,,,,,,,
Ncdn,,,,,23.64878,23.63323,22.34541,23.63323
B3galt4,20.2619,,18.68938,19.47564,18.35311,17.97371,17.01683,17.97371
Cib1,,,,,,,,
Rad9a,23.10356,22.71576,22.96254,22.96254,18.92963,18.46292,,18.696275
Zbtb22,,,,,,16.88679,16.89143,16.88911
Cdc7,,,19.12194,19.12194,16.50654,,16.05706,16.2818
Smarcb1,18.75228,,,18.75228,21.08583,20.66787,21.44157,21.08583
Celf2,,,,,,,,
Clip2,17.33682,17.01062,18.56529,17.33682,,,,
Slfn3,,,,,,,,
Slfn2,,18.09677,19.97771,19.03724,,,,
Slfn1,,,18.8296,18.8296,,,,
Reck,21.05986,,,21.05986,,,,
Vnn1,24.22949,23.13912,24.70583,24.22949,,,,
Il18bp,21.96349,,,21.96349,,17.7282,,17.7282
Eif2s3y,23.79452,23.25407,23.78217,23.78217,22.57307,20.12881,23.32759,22.57307
Sufu,23.16829,22.63425,22.87772,22.87772,21.50664,19.9189,21.68962,21.50664
Gsg2,,,,,,,,
Itsn1,,,,,,,,
Lhx2,20.01427,20.64174,20.30263,20.30263,20.76377,18.23977,18.60023,18.60023
Cldn14,,,,,,,,
S1pr3,21.71482,20.22647,24.00958,21.71482,,,,
Hmg20b,18.60049,20.68389,21.50271,20.68389,21.54623,21.10636,20.77451,21.10636
Aldh18a1,,,,,21.22806,21.36041,20.64148,21.22806
Pf4,,24.11696,23.00861,23.562785,,23.66579,22.36816,23.016975
Sh3bp5,19.5813,13.34513,,16.463215,,,,
Ror1,20.57395,,,20.57395,,,,
Loxl3,21.57898,21.38585,23.29698,21.57898,,,,
Shcbp1,18.7177,16.71599,18.89971,18.7177,,17.90059,,17.90059
Padi4,,,,,,,,
Phf1,22.1868,19.98871,22.05907,22.05907,21.6525,20.87635,18.12969,20.87635
Nfkbia,23.99524,23.63777,23.3644,23.63777,,,,
Slc7a7,24.66449,,,24.66449,,,21.23725,21.23725
Irgm2,,18.51734,,18.51734,,,,
Orc1,14.14553,,,14.14553,19.72396,,18.28726,19.00561
Bub1b,,,,,13.35796,,,13.35796
Deaf1,26.26093,24.79283,26.25823,26.25823,21.3756,17.69234,17.60001,17.69234
Pikfyve,18.38326,16.85575,17.88798,17.88798,17.54977,17.42431,17.84457,17.54977
Trip6,28.1684,27.33586,27.07755,27.33586,20.51326,20.30251,20.02364,20.30251
Hnrnpc,,,,,,,,
Rfxank,,,,,19.57406,18.78373,18.92645,18.92645
Diaph3;Diap3,14.09028,20.24249,,17.166385,,14.53187,20.91159,17.72173
Pex11a,,,,,,,,
Dpp6,,,,,,,,
Fxyd1,30.29877,29.8859,29.52778,29.8859,25.06225,23.98798,23.75369,23.98798
Aebp2,,,,,17.92613,17.96093,17.36897,17.92613
P2rx4,23.90647,22.62734,23.08763,23.08763,,,18.51056,18.51056
Chek2,22.85559,,21.11382,21.984705,17.46276,,,17.46276
Ate1,22.90056,21.97589,21.00395,21.97589,,20.70126,,20.70126
Dgat1,24.18828,20.74238,21.70889,21.70889,21.91145,20.92803,19.97477,20.92803
Ggt5,21.36506,18.58119,,19.973125,18.66428,19.31875,20.34061,19.31875
Sel1l,,,,,,,,
Epb41l1,22.81767,20.78572,17.96246,20.78572,25.44012,25.74204,25.3665,25.44012
Gipc2,,,,,,17.59032,,17.59032
Fkbp1b,24.98663,,,24.98663,25.53656,25.53528,24.68833,25.53528
Vamp5,27.89579,,24.04185,25.96882,,,,
Tsc22d3,,,,,,,,
Tsc22d3,22.31127,22.27361,23.68432,22.31127,,22.14513,19.52468,20.834905
Krt85,25.0876,,21.25649,23.172045,,,,
Zfp292,17.34326,19.55227,19.71082,19.55227,20.34733,20.21288,20.55936,20.34733
Elf4,,,,,,,,
Gria4,,,,,,,,
B4galt2,,,,,20.16803,21.48998,20.62498,20.62498
Homer1,,,,,,,,
Gfpt2,23.18731,22.0746,20.52095,22.0746,19.79193,19.84558,19.15946,19.79193
Snph,,,,,,,,
Plekha7,24.99131,24.16546,23.67777,24.16546,,,,
Ppfia1,,,,,,,,
Birc6,,,,,16.9124,,15.41854,16.16547
Ank2,,,,,,,,
Ank3,,,,,20.05907,,,20.05907
Gm3839,24.63931,24.39192,24.96451,24.63931,21.56964,23.00898,23.46563,23.00898
Arhgap12,22.4381,21.04946,,21.74378,,,,
Prrc2c,19.41838,,,19.41838,,,,
Ank2,,,,,17.47524,18.4933,18.5178,18.4933
Sipa1l3,,,,,,,,
Tbc1d25,,,,,,,21.60878,21.60878
Ank2,22.67051,22.07715,20.96247,22.07715,,16.15454,16.38198,16.26826
Gyg,,,,,,,,
Gm17190,,,,,,,,
Celf2,,,19.0323,19.0323,22.94242,22.33971,22.64511,22.64511
Mlip,,,,,,,,
1110065P20Rik,,,22.26187,22.26187,20.84858,21.18283,,21.015705
Gm5269,,,,,,,,
Erc1,,,,,21.94878,21.48832,21.2674,21.48832
Gm12117,,,,,,,,
Ccpg1os,23.74878,23.24673,22.34868,23.24673,,,,
Gm17087,,,16.59344,16.59344,,22.72113,,22.72113
Nav2,21.67676,20.71289,19.92579,20.71289,20.96289,18.38739,24.53825,20.96289
Ogdh,,,,,,,,
Cluh,21.60933,20.43837,20.99824,20.99824,17.68818,,16.42982,17.059
