gene_name,Neurons div15 1,Neurons div15 2,Neurons div15 3,neuron_div15_log2_median
Sptan1,30.16123,29.94336,29.5888,29.94336
Tubb4b,35.99997,36.13042,35.60054,35.99997
Tuba1b,35.41693,35.5256,35.10677,35.41693
Actb,35.44459,35.2885,35.34328,35.34328
Ckb,32.83934,32.84052,32.37327,32.83934
Cltc,31.34393,31.37493,30.77596,31.34393
Pkm,32.29723,32.11688,31.86201,32.11688
Sptbn1,29.79141,29.52739,29.20583,29.52739
Atp5a1,32.87267,32.78883,32.77087,32.78883
Hspa8,32.8597,32.77962,32.68706,32.77962
Eno1,32.46088,32.46655,32.0442,32.46088
Atp5b,33.34043,33.20442,32.87738,33.20442
Gapdh,33.75215,33.80155,33.3701,33.75215
Aco2,31.60611,31.47431,31.25062,31.47431
Atp1a2,30.90613,30.94321,30.63556,30.90613
Aldoa,31.39831,31.3198,31.18447,31.3198
Ywhae,33.6547,33.44209,33.35547,33.44209
Dpysl2,32.9973,32.82182,32.69281,32.82182
Dync1h1,30.66577,30.6327,30.32109,30.6327
Tubb2b,34.4916,34.56717,34.19432,34.4916
Mdh2,32.68211,32.73747,32.44327,32.68211
Hsp90ab1,32.66829,32.64652,32.4185,32.64652
Map1b,30.51258,30.56928,30.25507,30.51258
Dnm1,30.32603,30.21002,29.7674,30.21002
Stxbp1,31.49018,31.32163,31.2259,31.32163
Cnp,24.93988,24.7638,24.79442,24.79442
Vdac1,32.6468,32.5155,32.30854,32.5155
Syn1,29.99321,30.01824,29.70822,29.99321
Map2,28.83813,28.69209,28.75545,28.75545
Nefm,27.25961,27.38788,27.42966,27.38788
Atp1a3,31.15195,31.09585,30.6976,31.09585
Map1a,27.39092,27.3292,27.05848,27.3292
Mbp,23.81402,22.03523,21.5435,22.03523
Nsf,29.66438,29.63718,29.2197,29.63718
Plp1,22.69859,23.28658,23.02085,23.02085
Ppia;Gm5160,33.72202,33.6501,33.50675,33.6501
Crmp1,32.73219,32.75496,32.5162,32.73219
Gpi,30.67278,30.5,29.85478,30.5
Pgk1,31.37405,31.49715,31.20845,31.37405
Hk1,29.98454,29.90397,29.51693,29.90397
Nefl,26.68833,25.98133,25.69748,25.98133
Pgam1,32.26741,31.93203,31.85233,31.93203
Eef1a1,33.04866,33.25476,32.96201,33.04866
Aldoc,30.25755,29.85564,29.36139,29.85564
Atp6v1a,30.87716,30.87225,30.51813,30.87225
Gnao1,32.83966,32.90153,32.54966,32.83966
Got2,31.22032,31.34488,30.81864,31.22032
Hsp90aa1,31.58741,31.51348,31.40588,31.51348
Got1,29.9603,29.90009,29.57265,29.90009
Eno2,30.07227,29.73447,30.29318,30.07227
Tubb3,33.38651,33.65181,33.1102,33.38651
Hspa4,30.16399,30.23009,29.88797,30.16399
Vcp,31.25974,31.15273,30.67034,31.15273
Tpi1,30.57588,31.0412,30.60435,30.60435
Ap2b1,30.48481,30.44904,30.04869,30.44904
Slc25a5,32.43753,32.53855,31.96079,32.43753
Ywhaz,32.86824,33.10367,32.53591,32.86824
Myh10,30.51202,30.32882,30.12522,30.32882
Hspd1,31.51564,31.44756,31.18807,31.44756
Cfl1,33.3811,33.32335,33.25687,33.32335
Ncam1,31.97114,31.85942,31.68662,31.85942
Mdh1,31.67737,31.42097,31.32839,31.42097
Gdi2,31.22688,31.30378,30.78737,31.22688
Ina,28.96386,28.78731,28.68016,28.78731
Idh3b,30.87049,30.66467,30.44045,30.66467
Syt1,30.69428,30.63079,29.86231,30.63079
Atp5h;Gm10250,31.64642,31.56092,31.36693,31.56092
Sptbn2,27.60795,27.61491,27.2497,27.60795
Gdi1,30.80116,30.77596,30.0966,30.77596
Ank2,27.65185,27.6277,27.26168,27.6277
Atp1b1,32.22337,32.25056,31.96513,32.22337
Glul,29.50841,29.3554,28.76116,29.3554
Uba1,31.37259,31.36479,31.12528,31.36479
Glud1,29.63825,29.48637,29.26653,29.48637
Ldhb,30.69395,30.5871,30.1886,30.5871
Atp6v1b2,30.25011,30.58047,30.24536,30.25011
Camk2a,27.89122,28.06265,26.81029,27.89122
Kxd1;Uba52,32.07909,32.18863,32.07317,32.07909
Camk2b,31.22113,31.21071,30.75724,31.21071
Prdx6,30.52188,30.05801,29.6545,30.05801
Myh9,28.14453,28.26056,27.99664,28.14453
Atp1a1,28.91308,28.73593,28.303,28.73593
Tubb5,32.52176,32.41365,32.31689,32.41365
Hspa9,30.92896,30.73627,30.70231,30.73627
Slc25a4,31.66662,31.13093,31.28273,31.28273
Vim,29.88713,29.78419,29.6387,29.78419
Gfap,29.8187,29.83074,29.41155,29.8187
Canx,29.91613,29.9538,29.59804,29.91613
Abat,29.48853,29.33862,28.74191,29.33862
Ppp2r1a,30.90139,31.01578,30.69012,30.90139
Uqcrc2,31.3931,31.2466,31.19055,31.2466
Slc1a2,26.06827,26.27837,25.77693,26.06827
Pygb,29.51192,29.20616,29.05087,29.20616
Ndufs1,29.39903,29.41143,29.25395,29.39903
Atp5o,32.10378,32.07744,31.59335,32.07744
Gstm1,31.4897,30.96354,30.41589,30.96354
Cntn1,29.06497,28.77002,28.86207,28.86207
Tubb4a,30.60426,30.8846,30.79196,30.79196
Plec,25.59067,23.99196,23.65862,23.99196
Vsnl1,30.23945,30.27575,29.81282,30.23945
Pebp1,32.32501,32.32839,32.37233,32.32839
Ckmt1,28.48704,28.47958,28.27217,28.47958
Actn4,28.56067,28.36081,28.16375,28.36081
Ca2,23.9974,24.70957,24.75057,24.70957
Gstp1,30.85438,30.32023,30.87012,30.85438
Wdr1,30.33873,30.36045,30.08664,30.33873
Prdx2,31.68236,31.68064,31.41049,31.68064
Pdhb,30.88744,30.95248,30.4186,30.88744
Ogdh,29.04786,29.04077,28.67922,29.04077
Hspa5,30.92839,30.66772,30.59966,30.66772
Hist1h2af;Hist1h2ab;Hist1h2ak;Hist1h2ah,35.3479,35.07718,34.91777,35.07718
Hnrnpk;Gm7964,31.2911,31.41493,31.12399,31.2911
Hsp90b1,30.47179,30.13308,29.85966,30.13308
Calr,30.04231,29.78662,29.70953,29.78662
Ywhah,31.39785,31.36562,31.15454,31.36562
Dpysl3,32.65459,32.67905,32.45897,32.65459
Tnr,24.24147,23.95562,23.46014,23.95562
Prdx5,31.26198,31.1853,30.58352,31.1853
Dlat,29.62026,29.68259,29.38967,29.62026
Uchl1,33.12843,32.93256,32.87045,32.93256
Immt,29.27267,29.06366,29.13568,29.13568
Tuba4a,28.0019,27.98913,27.58764,27.98913
Eef2,31.33575,31.50966,31.00751,31.33575
Gnb2,32.23489,32.47771,31.95816,32.23489
Hnrnpa2b1,31.19988,31.24332,31.11873,31.19988
Cs,31.20402,30.99058,30.65198,30.99058
Ldha,30.52999,30.54527,30.33777,30.52999
Myo5a,29.50144,29.51584,29.40115,29.50144
Hist1h4a,35.98214,35.7477,35.51891,35.7477
Syn2,29.15494,29.03483,28.62944,29.03483
Atp6v0a1,29.77925,29.74954,29.22412,29.74954
Arf1,32.49895,32.41097,32.19912,32.41097
Uqcrc1,30.89569,31.08036,30.78916,30.89569
Slc25a12,29.78191,29.76405,29.40702,29.76405
Hnrnpa3,31.72663,31.82574,31.5766,31.72663
Hist1h2bc;Hist1h2bh;Hist1h2bm;Hist2h2bb,34.02993,33.56547,34.34605,34.02993
Slc1a3,28.51841,28.18248,27.86885,28.18248
Actc1,31.74483,31.6895,31.69432,31.69432
Tuba1a,32.49643,33.11819,32.19002,32.49643
Atp6v1c1,29.10577,28.94938,28.71601,28.94938
Gm20390;Nme2,31.13541,31.15702,30.76975,31.13541
Sh3gl2,28.81903,28.88349,28.62289,28.81903
Tkt,31.38566,31.36562,30.98482,31.36562
Aldh2,30.01571,29.96003,29.48002,29.96003
Snap91,30.21489,30.07699,29.59461,30.07699
Ap2a1,29.33249,29.6201,29.03325,29.33249
Cct3,31.33431,31.40644,31.07763,31.33431
Atp2b2,28.8688,28.83509,28.29859,28.83509
Sucla2,30.17546,30.0855,29.59818,30.0855
Acat1,31.44095,31.19066,31.091,31.19066
Nefh,20.87628,21.70371,19.57598,20.87628
Ncl,29.54571,28.95441,29.03596,29.03596
Rtn4,29.10127,29.1726,28.35746,29.10127
Actn1,26.71476,26.51446,26.2823,26.51446
Ppp3ca,29.97295,29.74986,29.64188,29.74986
Npepps,29.99105,29.9709,29.73596,29.9709
Atp6v0d1,29.61328,29.71581,29.24957,29.61328
Gda,28.69229,28.39999,28.15156,28.39999
Gpd2,29.41468,29.46342,29.351,29.41468
Stx1b,30.59744,30.24422,30.30334,30.30334
Pacsin1,27.52813,27.52343,26.98066,27.52343
Epb41l3,27.75181,27.60414,27.53949,27.60414
Snap25,30.28383,30.13198,29.79871,30.13198
Bsn,23.60671,23.42406,23.44152,23.44152
Arpc2,29.91056,29.82051,29.58671,29.82051
Fscn1,31.585,31.81627,31.355,31.585
Atp6v1e1,30.57804,30.45572,30.47943,30.47943
Atp2a2,29.32298,29.20182,28.89926,29.20182
Dpysl5,32.45469,32.55099,32.1929,32.45469
Tufm;Gm9755,30.55764,30.49677,30.22159,30.49677
Map6,26.59292,26.40435,26.1524,26.40435
Matr3,30.36244,30.37358,30.15991,30.36244
Calb1,28.5189,28.00892,28.12327,28.12327
Ndrg2,27.7016,27.42998,26.40853,27.42998
Dpp6,28.00838,27.86679,27.52873,27.86679
Arhgdia,31.22331,31.28162,30.94308,31.22331
Idh3a,30.58441,31.00457,30.07814,30.58441
9/7/2015 0:00,29.91014,29.82177,29.65315,29.82177
Ncdn,29.01757,29.40141,28.51525,29.01757
Anxa6,27.24154,26.83135,26.37019,26.83135
Calb2,28.63114,28.52932,28.20951,28.52932
Hnrnpa1,31.77203,31.67552,31.46718,31.67552
Vdac3,31.90189,31.93185,31.58866,31.90189
Sdha,29.58267,29.75964,29.41748,29.58267
Stip1,30.01996,30.19835,29.99307,30.01996
Cadps,28.91977,28.8353,28.45682,28.8353
Cct2,31.22285,31.16722,30.98019,31.16722
9/5/2015 0:00,29.80518,30.04362,29.68241,29.80518
Uqcrb,31.50942,31.23432,31.17599,31.23432
Kpnb1,29.51085,29.41933,29.02641,29.41933
Fasn,30.23009,30.43579,30.02036,30.23009
Vdac2,31.21894,30.95927,30.78675,30.95927
Amph,28.84826,28.71263,28.6121,28.71263
Fh,29.92139,29.77313,29.37592,29.77313
Dlg4,26.69006,26.43307,26.27101,26.43307
Hspa12a,28.48151,28.35905,27.99253,28.35905
Oxct1,30.67993,30.80778,30.42412,30.67993
Bin1,28.50199,28.36795,27.95449,28.36795
Pdia3,30.16997,29.89705,29.54654,29.89705
Usp5,29.29977,29.12102,28.89908,29.12102
,24.18971,24.01725,23.6887,24.01725
Otub1,29.96719,30.00249,29.7499,29.96719
Dpysl4,30.1757,30.01956,29.74746,30.01956
9/11/2015 0:00,29.89187,29.94377,29.55804,29.89187
Eef1b,30.04166,29.93649,29.831,29.93649
Pfkm,29.57915,29.53291,29.20224,29.53291
Pfkp,28.276,28.25196,27.7018,28.25196
Capza2,30.79436,30.50294,30.23569,30.50294
Mapt,29.15796,29.13252,29.04859,29.13252
Slc12a5,27.22011,27.31967,26.58864,27.22011
Prdx1,30.68871,30.89446,30.38885,30.68871
Stx1a,30.07979,29.6636,29.53332,29.6636
Pclo,23.75847,23.90711,23.46675,23.75847
Plcb1,28.10259,28.10939,27.66411,28.10259
Gap43,29.55197,29.41488,29.40987,29.41488
Cand1,29.49711,29.59007,29.24805,29.49711
Atp2b1,29.21123,29.27822,28.95994,29.21123
Gls,29.26419,29.3607,29.05251,29.26419
Ywhab,31.67842,31.51982,31.49857,31.51982
Anxa5,27.04593,26.48534,26.32354,26.48534
Dnm1l,29.01167,28.97697,28.60311,28.97697
Pdha1,30.26137,30.4941,30.0029,30.26137
Pcx;Pc,27.38706,27.36453,26.8441,27.36453
Cox4i1,31.27292,31.01345,31.11253,31.11253
Dlg2,27.04739,26.98577,26.74381,26.98577
Eef1a2,29.54176,29.95074,29.39589,29.54176
Phb,31.01797,30.88889,30.70751,30.88889
Rab3a,30.61316,30.53927,30.24127,30.53927
Ppp1ca,30.32335,30.68353,29.88384,30.32335
Ndufs2,28.75452,28.66438,28.37136,28.66438
Sod2,30.16639,29.82705,29.81675,29.82705
Tpm3-rs7,30.71972,30.50493,30.22986,30.50493
Basp1,31.65228,31.34366,31.56547,31.56547
Sirt2,27.1454,26.68632,26.35778,26.68632
Synj1,27.71214,27.61175,27.33731,27.61175
Acly,29.48008,29.45744,29.2417,29.45744
Ndufv1,29.54457,29.62821,29.26982,29.54457
Macf1,27.15112,26.96686,26.79476,26.96686
Actr1b,30.91221,31.14236,30.72297,30.91221
Acot7,31.10081,30.91364,30.71334,30.91364
Gnb1,31.48764,31.77992,31.56874,31.56874
Opa1,28.54252,28.39313,28.07933,28.39313
Ywhag,31.72639,31.70689,31.52762,31.70689
Txn,30.59317,30.62471,30.37223,30.59317
Napb,29.59698,29.59584,28.96132,29.59584
Dld,30.3453,30.22009,29.98726,30.22009
Crym,28.30939,27.70193,28.16686,28.16686
Hsph1,28.68117,29.22952,28.43944,28.68117
Snca,29.69714,29.7432,29.52017,29.69714
Dmxl2,27.41248,27.42126,26.77869,27.41248
Tcp1,31.16507,31.29855,30.98264,31.16507
Vps35,30.17319,30.07559,29.89089,30.07559
Hadha,28.29592,28.22504,27.88995,28.22504
Cox5a,29.76958,29.48526,30.09597,29.76958
Srcin1,27.3157,27.17331,27.00389,27.17331
Slc4a4,25.64493,25.73733,25.33967,25.64493
Rap1gds1,28.614,28.75986,28.24186,28.614
Rtn1,29.13053,29.73035,29.26179,29.26179
Atp5c1,31.34541,31.50394,31.0683,31.34541
Ndufa10,29.13665,28.89773,28.6194,28.89773
Ap2a2,29.19359,29.32217,28.76961,29.19359
Ndufa9,28.73676,28.77106,28.24432,28.73676
Hist1h3b,34.26752,34.07591,34.0544,34.07591
Atp6v1h,29.66173,29.50531,29.03483,29.50531
Ndufs3,29.17403,29.34482,28.64931,29.17403
Syngap1,26.10669,26.1524,25.89865,26.10669
Cct8,30.97206,31.03924,30.86563,30.97206
Eif4a1,31.62549,31.769,31.70384,31.70384
Mif,32.14133,32.54931,31.95858,32.14133
Hpca,28.99372,28.77819,28.27573,28.77819
Hpcal1,28.5796,28.46502,28.2305,28.46502
Ran,31.18518,31.36833,30.98373,31.18518
Atp5f1,30.52599,30.36484,29.99051,30.36484
Pitpna,29.24959,29.08489,28.55215,29.08489
Dctn2,30.25597,29.93227,29.87404,29.93227
Sod1,31.1175,30.83266,30.7207,30.83266
Hspa4l,26.6432,26.36761,25.72297,26.36761
,26.14996,26.13449,25.6226,26.13449
P4hb,29.71638,29.44802,29.22559,29.44802
Hnrnph2,31.37026,31.29,31.09773,31.29
Cap1,29.19796,29.00496,29.03604,29.03604
Prkcg,26.75977,27.1736,26.2699,26.75977
Lmnb1,28.80769,28.36386,28.20313,28.36386
Pgm1;Pgm2,27.47352,27.24871,27.0661,27.24871
Ppp2ca,30.7094,30.77667,30.35005,30.7094
Aldh1l1,27.7921,27.45348,27.09969,27.45348
Gpm6a,31.59259,31.78698,32.00655,31.78698
Arpc1a,30.2922,30.41387,29.94294,30.2922
Gnaq,30.69453,30.85088,30.67607,30.69453
Cct5,31.00618,30.95414,30.84655,30.95414
Pfn1,31.54968,31.34144,31.04759,31.34144
Dctn1,29.00102,28.83253,28.75948,28.83253
Mapk1,29.37747,29.71301,29.34769,29.37747
Hnrnpu,30.60231,30.86894,30.40172,30.60231
Ola1,28.88134,28.89273,28.30482,28.88134
Idh3g,29.44283,29.53319,29.08091,29.44283
Dnm3,28.54023,28.34143,28.12519,28.34143
Cct4,30.76525,30.93537,30.391,30.76525
Hnrnpl,31.26696,31.53148,31.3117,31.3117
Cycs;Gm10108,30.37327,29.95906,29.72792,29.95906
Rab1,31.72578,31.53478,31.1313,31.53478
Epb41l2,25.58669,25.58775,25.08197,25.58669
Bdh1,31.17141,31.21865,30.75899,31.17141
Mtco2;mt-Co2,31.71645,31.58253,31.30231,31.58253
Lrpprc,28.48385,28.62328,28.03522,28.48385
Dclk1,30.87533,30.89222,30.69495,30.87533
Rph3a,26.00054,25.69888,25.50258,25.69888
Cyfip2,28.66746,28.75748,28.3575,28.66746
Prdx3,29.29579,29.11153,28.72952,29.11153
Dstn,31.73816,31.90372,31.4701,31.73816
Pygm,21.63045,21.88662,22.65093,21.88662
Prkar2b,30.3687,30.41054,30.03381,30.3687
Dbn1,30.39744,30.51305,30.26539,30.39744
D10Jhu81e,29.30709,29.11905,28.99593,29.11905
9/3/2015 0:00,29.76055,29.69646,29.43667,29.69646
Qdpr,28.98512,28.92286,28.71342,28.92286
Mog,18.16039,18.27844,22.27671,18.27844
Aldh5a1,28.58423,28.4449,28.29408,28.4449
Myl6,30.38185,30.21905,29.93452,30.21905
Rab2a,31.17801,31.19167,30.83319,31.17801
Ak1,29.92139,29.62725,29.86731,29.86731
Ywhaq,30.93656,31.01132,30.71563,30.93656
Ogdhl,27.12139,27.10649,26.87654,27.10649
Napa,29.23961,29.17109,28.58649,29.17109
Hint1,31.98227,32.2074,31.71694,31.98227
Oxr1,26.23008,25.50364,25.38765,25.50364
Tppp,26.59463,25.71059,23.86985,25.71059
Marcks,31.55705,31.27825,31.38113,31.38113
Hnrnpr,29.75592,29.88528,29.52404,29.75592
Psma7,30.27963,30.19543,29.76994,30.19543
Uqcrfs1,30.11558,29.96086,29.57328,29.96086
Rab10,30.34435,30.26618,29.99981,30.26618
Map2k1,28.66204,28.39767,28.40304,28.40304
Calm1,33.59746,33.5824,33.16502,33.5824
Gnai2,30.22837,30.25045,29.63384,30.22837
9/8/2015 0:00,25.59665,26.24158,25.29218,25.59665
Ddah1,29.3545,29.41512,29.23583,29.3545
Bcan,22.93258,22.67465,22.22291,22.67465
Rab14,30.77706,30.76596,30.46431,30.76596
Park7,30.07546,30.07954,29.81996,30.07546
,28.99574,28.94338,28.51848,28.94338
Cct6a,30.83808,30.75215,30.47102,30.75215
Slc3a2,29.52677,29.57573,29.60389,29.57573
Atp1b2,28.30029,28.30713,28.03821,28.30029
Ap2m1,29.79979,30.01358,29.24284,29.79979
Psd3,27.7855,27.69604,27.43603,27.69604
Actr2,31.26047,31.0416,30.61289,31.0416
Slc25a3,30.97014,30.87694,30.74551,30.87694
Nckap1,28.80766,28.95049,28.39002,28.80766
Add1,28.98163,28.79625,28.56136,28.79625
Ddx5,30.21836,30.31354,30.05323,30.21836
Cadm2,28.86251,29.21174,28.75334,28.86251
Actr3,30.24275,30.62122,30.12053,30.24275
Cct7,30.24139,30.25935,29.96527,30.24139
Pgd,29.14974,29.05183,28.7022,29.05183
Cadm3,28.91872,28.66922,28.32389,28.66922
Aldoa,26.818,26.29327,26.64856,26.64856
Add2,28.5269,28.54477,28.1039,28.5269
Mag,17.6937,17.25488,,17.47429
Eef1g,30.44134,30.67985,30.349,30.44134
Tagln3,28.87736,29.05667,28.69309,28.87736
Gnai1,29.46428,29.69271,29.22301,29.46428
Pvalb,21.67288,22.63956,20.89252,21.67288
Capzb,29.70968,29.81369,29.562,29.70968
Cbr1,30.72102,30.5837,30.43231,30.5837
Pabpc1,29.64727,29.69853,29.34898,29.64727
Pafah1b1,30.4715,30.58271,30.1332,30.4715
Camk2a,26.36908,25.42861,25.60464,25.60464
Epb4.1l1,28.58949,28.46533,28.15668,28.46533
Dnajc6,26.86738,27.34984,26.47754,26.86738
Cndp2,28.26464,27.94033,27.94101,27.94101
Vat1l,27.80489,27.486,26.99766,27.486
Ap1b1,27.04698,27.25205,26.90644,27.04698
Phb2,30.67346,30.45728,30.47663,30.47663
Nbea,28.60106,28.75274,28.3295,28.60106
Slc17a7,23.91707,23.34854,24.04918,23.91707
Dlst,29.31462,29.10415,29.18412,29.18412
Rtn3,27.67896,27.62533,27.3682,27.62533
Csnk2a1,30.52664,30.40598,30.45032,30.45032
Phyhipl,28.70283,28.99167,28.65458,28.70283
Ndufa8,29.9467,29.53875,30.00531,29.9467
Letm1,28.4969,28.46774,28.22343,28.46774
Ppa1,30.45679,30.44589,30.13001,30.44589
Aars,29.81003,29.84476,29.50232,29.81003
Ndufa13,29.6442,29.57199,29.02586,29.57199
Ahcyl1,28.17355,28.39791,27.87713,28.17355
Lap3,27.76636,27.66397,27.46941,27.66397
Ube2n,30.10312,30.15919,29.8429,30.10312
Baiap2,25.95247,25.89041,25.37282,25.89041
Nap1l1,30.50701,30.53353,30.24683,30.50701
Pdxk,29.45097,29.13641,28.94089,29.13641
Sv2b,24.13053,25.35188,25.08586,25.08586
Vamp2,31.53936,31.70545,31.48121,31.53936
Nptn,29.43575,29.20867,28.9213,29.20867
Pak1,28.56515,28.61765,28.29999,28.56515
Rab7a,30.68754,30.66119,30.17081,30.66119
Ppp3r1,30.9016,30.85735,30.71563,30.85735
Atp1b3,28.65407,28.50775,28.23343,28.50775
Cyc1,30.10375,30.01412,29.8481,30.01412
Ehd1,29.47104,29.39856,29.2791,29.39856
Tmod2,28.64808,28.62467,28.39149,28.62467
Rpl23a,30.08499,29.96513,30.04336,30.04336
Ndufa4,30.66653,30.71522,30.09283,30.66653
Gad2,26.59705,26.51637,26.39526,26.51637
Mpp2,27.08801,26.94659,26.71057,26.94659
Efhd2,26.95138,26.23929,26.04568,26.23929
Napg,28.63537,28.46225,28.19498,28.46225
Idh1,31.20694,31.03013,30.81902,31.03013
Sfpq,30.17331,29.89286,29.95671,29.95671
Aldh1a1,25.24311,24.97889,24.58961,24.97889
Aqp4,23.55075,22.14358,17.72959,22.14358
Etfa,29.83068,29.5904,29.37977,29.5904
Syne1,23.35246,23.22219,23.4462,23.35246
Rpn1,29.79467,29.85712,29.58733,29.79467
Gstm5,28.57149,28.42974,27.93871,28.42974
Atp5i,31.13742,31.50644,31.12977,31.13742
Rab11b;Rab11a,30.67733,30.40923,30.38844,30.40923
Tpp2,28.3919,28.42966,27.82432,28.3919
Sncb,30.05232,29.8441,29.29879,29.8441
Ndufb10,29.38113,29.24229,29.20308,29.24229
Pgrmc1,31.86846,31.44855,31.64392,31.64392
Ddx39b,30.32571,30.42092,30.19648,30.32571
Sv2a,28.17026,28.17451,27.73117,28.17026
Lrp1,26.82772,26.97804,26.42167,26.82772
Rps3,31.31111,31.31003,31.04915,31.31003
Psap,28.94349,29.1776,28.69388,28.94349
Mapre2,30.25811,29.91826,30.05155,30.05155
Psmc3,29.75774,29.77798,29.33362,29.75774
Nipsnap1,30.35699,30.1343,29.72394,30.1343
Ryr2,22.09841,21.72484,22.79513,22.09841
Pfkl,28.69574,28.57845,28.21951,28.57845
2010300C02Rik,25.64221,26.19434,25.55397,25.64221
Sh3glb2,27.92581,27.85579,27.39051,27.85579
Kif5b,29.33826,29.02506,29.04158,29.04158
Tln1,24.07725,24.46775,23.8768,24.07725
Sars,28.91177,28.9469,28.25584,28.91177
Rpsa,31.47349,31.5997,31.21083,31.47349
Ncam2,27.07551,26.97147,27.02443,27.02443
Ndufs4,28.43909,27.22702,27.89758,27.89758
Actg1,30.17593,29.99105,29.97131,29.99105
Sptb,21.69281,21.37178,20.84789,21.37178
Ndufv2,28.95096,29.03944,28.88815,28.95096
Ptprz1,23.22089,23.0124,22.46119,23.0124
Lmna,25.65706,25.79519,25.77784,25.77784
Gnb2l1,30.52953,30.83733,30.45797,30.52953
Hspe1,31.08442,30.64804,30.08246,30.64804
St13,30.07061,30.02446,29.85938,30.02446
9/4/2015 0:00,21.4247,22.97488,20.12174,21.4247
Slc25a11,30.39999,30.05685,29.59612,30.05685
Hdgf,28.51552,28.04895,27.4438,28.04895
Psmd2,29.35767,29.1525,29.10237,29.1525
Rplp2,32.22018,31.96237,31.29789,31.96237
Map1lc3a,31.14449,31.13388,31.45297,31.14449
Aak1,26.47232,26.76192,26.36434,26.47232
Sfxn3,29.68796,29.65547,29.47414,29.65547
Ank1,23.03594,22.21312,22.05298,22.21312
Cse1l,27.60675,27.75545,27.25169,27.60675
Cotl1,30.2793,30.25642,29.99631,30.25642
Cbx3,30.67202,30.44134,30.4008,30.44134
Thy1,30.16615,30.13406,29.63888,30.13406
Sdhb,29.70803,29.71712,29.2595,29.70803
Skp1,29.2695,29.08342,28.77065,29.08342
Ctnnb1,28.62174,28.60442,28.21665,28.60442
Ctbp1,29.05282,28.99591,28.6231,28.99591
Klc1,29.27919,29.25302,28.86561,29.25302
Pcmt1,28.26696,28.17731,27.92332,28.17731
Hadhb,27.58728,27.32852,26.79662,27.32852
Shank1,23.49351,23.6796,23.02513,23.49351
Pafah1b2,31.64684,31.45601,30.58656,31.45601
Ap3b2,28.93069,28.79011,28.45901,28.79011
Psmd11,30.00397,29.7764,29.63594,29.7764
Psma5,30.55928,30.4961,30.21697,30.4961
L1cam,28.29737,28.23165,28.02163,28.23165
Msn,27.14161,27.04999,26.85472,27.04999
Ddx3y,29.06951,29.15354,28.94416,29.06951
Tomm70a,28.85165,28.85264,28.56808,28.85165
Coro1a,29.10767,29.04794,28.94134,29.04794
Nrcam,25.50516,25.46939,25.31212,25.46939
Acat2,31.17397,31.02888,30.47237,31.02888
Dst,23.74725,23.719,23.37729,23.719
Ptma,30.94852,30.16279,30.46334,30.46334
Rps8,31.60933,31.44884,31.42472,31.44884
Gm20431;Ube2v1,29.42538,29.26848,29.28434,29.28434
Ncald,29.06196,28.84709,28.59089,28.84709
Uchl3,29.74044,29.63256,29.39909,29.63256
Ctsd,29.17436,29.15784,28.86458,29.15784
Camkv,29.3956,29.42742,28.92241,29.3956
Atp2b3,25.48815,25.44664,25.06044,25.44664
Psmc4,29.19312,29.27473,29.08912,29.19312
Gdap1l1,29.47719,29.12337,28.99696,29.12337
Flna,26.36663,26.20475,25.7465,26.20475
Fam49b,29.47433,29.3937,29.17859,29.3937
Akap5,26.80427,26.22714,26.20857,26.22714
Eif3a,28.31734,28.37948,28.26414,28.31734
Aldh6a1,27.83135,27.4255,27.3304,27.4255
Dnaja2,28.49819,28.60869,28.48439,28.49819
Atp5l,30.36703,31.37865,29.95518,30.36703
Arpc5,29.88597,29.83287,29.7466,29.83287
Dhx9,29.46494,29.46151,29.2602,29.46151
Cox6c,28.87742,29.85902,28.70487,28.87742
Anp32a,30.8467,30.77949,30.45317,30.77949
Hpcal4,28.34308,27.96262,27.45568,27.96262
Hnrnpd,30.4827,30.37161,30.38463,30.38463
Wars,28.76218,28.72166,28.71882,28.72166
Prkacb,29.99968,30.00919,29.63428,29.99968
Glod4,28.78669,28.4261,28.15025,28.4261
Cacna2d1,28.35926,28.40726,28.11739,28.35926
Syt2,22.2515,22.2207,19.77277,22.2207
Osbpl1a,26.45359,26.56605,26.12228,26.45359
Cap2,24.7144,24.87984,24.66427,24.7144
Hnrnpa0,30.29417,30.41246,30.51831,30.41246
Lta4h,27.2674,27.09225,26.89504,27.09225
Trio,27.44419,27.34249,26.93607,27.34249
Gria2,28.18054,28.15117,27.78126,28.15117
Ganab,28.70144,28.59028,28.13472,28.59028
Dync1li1,29.83864,29.6688,29.44415,29.6688
Ppp2r2a,29.16892,28.92306,28.68522,28.92306
Hyou1,28.52399,28.37741,28.09315,28.37741
Cab39,28.25854,28.11714,27.81482,28.11714
Hnrnpm,29.43126,29.57949,29.34526,29.43126
Ube2l3,29.31344,29.53001,29.11508,29.31344
Ppp1r11,29.56573,29.39147,29.02797,29.39147
Leprel1,18.44964,25.45814,18.68497,18.68497
Scrn1,29.4702,29.39528,28.98041,29.39528
Ap3d1,28.65096,28.95135,28.31683,28.65096
Tln2,24.91762,24.88362,24.20859,24.88362
Rab5c,30.51333,30.59379,30.14625,30.51333
Pdia6,29.86611,29.75567,29.29931,29.75567
Snd1,28.53986,28.4283,28.18192,28.4283
Prep,28.85884,28.96061,28.67398,28.85884
Lonp1,28.97016,28.68207,28.31212,28.68207
Hnrnpc,29.36653,29.49534,29.30291,29.36653
Rock2,25.7683,25.76694,25.66481,25.76694
Cntnap1,22.42345,23.35622,21.8044,22.42345
Cox6a1,28.84455,28.43372,26.53875,28.43372
Arpc4,30.90512,31.23244,30.63729,30.90512
Gphn,27.65588,27.58276,27.30008,27.58276
S100b,23.78297,26.22138,22.91401,23.78297
Acsl6,26.78132,26.82104,26.25863,26.78132
Ipo5,28.71358,28.80301,28.3871,28.71358
Usp9x,27.57058,27.57319,27.31095,27.57058
Myo18a,27.29413,27.17826,27.34849,27.29413
Usp48,26.39275,26.27492,26.35042,26.35042
Ppid,28.71214,29.00459,28.58398,28.71214
Ndufa12,28.84607,28.76926,28.62115,28.76926
Rab6a,31.60814,31.34064,31.20839,31.34064
Taldo1,28.40418,28.68248,28.44581,28.44581
Hist1h1e,32.42019,31.90767,32.00825,32.00825
Eprs,28.01547,28.11431,27.62282,28.01547
Uqcrq,29.58601,30.02459,29.84627,29.84627
Atl1,28.45721,28.39485,28.11153,28.39485
Ddb1,27.71313,27.61435,27.06989,27.61435
,23.10217,22.51152,21.44799,22.51152
Grb2,28.7025,28.62401,28.36194,28.62401
Akr1a1,29.08487,29.2483,28.698,29.08487
Hmgb1,31.54139,31.61864,31.39243,31.54139
Copa,28.37455,28.3857,28.09879,28.37455
Prkar2a,28.29189,28.22908,28.15122,28.22908
Gpd1,27.23954,27.12119,26.14328,27.12119
Eif5a,30.75597,30.99213,30.41448,30.75597
Mtch2,29.40724,29.46552,28.97585,29.40724
Psmd3,29.49083,29.50389,29.18253,29.49083
Ckap5,27.74304,27.6654,27.21234,27.6654
Rpl17,31.16201,31.31678,31.25023,31.25023
Cox6b1,29.37215,29.98658,29.18825,29.37215
Psat1,30.07572,30.02749,29.3521,30.02749
Sirpa,27.02749,26.58262,26.04614,26.58262
Map4,27.38088,27.0803,27.03999,27.0803
Iars2,27.52156,27.44798,27.08952,27.44798
Myl12b,29.35473,29.12709,28.87065,29.12709
Rps3a,30.35437,30.70463,30.106,30.35437
Ank3,25.77693,25.73162,25.32766,25.73162
Kiaa0513;6430548M08Rik,27.53252,26.64581,26.66234,26.66234
9/6/2015 0:00,28.89392,29.05486,28.61684,28.89392
Stmn1,30.87855,31.134,31.25062,31.134
Trim28,30.07112,29.8142,29.5403,29.8142
Pde2a,26.83461,26.95759,26.62031,26.83461
Gars,29.72748,29.8356,29.66046,29.72748
Homer1,27.36503,26.91171,26.53918,26.91171
Kif5c,29.543,29.52507,29.20494,29.52507
Pcbp2,29.65364,29.93537,29.31199,29.65364
Actn2,22.98019,22.3909,20.76806,22.3909
Idh2,29.7473,29.6483,29.26667,29.6483
Ogt,27.89781,28.18154,27.63132,27.89781
Samm50,28.0723,28.08451,28.22578,28.08451
Usp7,27.03423,27.13555,26.66641,27.03423
Gmps,28.47309,28.34418,27.9948,28.34418
Kiaa1671,26.91559,27.5526,27.00207,27.00207
Nsfl1c,28.53326,28.17083,28.06379,28.17083
Mapre3,28.74108,28.45674,27.93275,28.45674
C1qbp,30.40396,30.19894,29.62188,30.19894
Gsn,25.58698,25.43043,25.39129,25.43043
Akap12,25.16668,24.48763,24.62411,24.62411
Cisd1,30.55463,30.48606,30.2762,30.48606
Dync1i2,29.35574,29.49888,29.07437,29.35574
Acsbg1,26.6764,26.80095,26.52965,26.6764
Syncrip,29.0853,29.06412,28.90271,29.06412
Csnk2a2,28.57467,28.75672,28.37061,28.57467
Pgm2l1,27.89689,27.76167,27.64671,27.76167
Myh14,22.98631,22.67855,22.62908,22.67855
Hprt1,29.39981,28.85531,28.6814,28.85531
Cd47,28.67707,28.33799,28.30029,28.33799
Ahsa1,29.19108,29.08195,28.68325,29.08195
Dlg1,25.02026,24.68282,24.16722,24.68282
Cacybp,29.40268,29.45819,29.43119,29.43119
Add3,26.42549,26.00986,25.59901,26.00986
Dars,29.21796,29.10144,28.81546,29.10144
Cox5b,29.86149,29.58047,29.70494,29.70494
Prps1;Prps1l3,29.47758,29.8854,29.30396,29.47758
Cfl2,28.7835,28.69588,28.48405,28.69588
Ppp5c,28.28965,28.01329,27.89406,28.01329
Lsamp,29.2564,29.04189,28.59925,29.04189
G6pdx,28.48953,28.45525,28.09336,28.45525
Mpp6,26.68806,26.9901,26.62324,26.68806
Wdr7,27.40381,27.63547,27.2179,27.40381
Fkbp1a,30.98536,31.29302,30.31236,30.98536
Arpc5l,28.00314,28.05098,27.9684,28.00314
Psmc6,29.94196,29.80447,29.35557,29.80447
Asrgl1,27.25692,27.32826,26.89273,27.25692
Eif4a2,28.74942,28.94246,27.93927,28.74942
Pura,28.93244,29.16171,28.70951,28.93244
Psip1,28.37061,28.14389,28.23635,28.23635
Atp5j2,31.08106,31.7937,31.22561,31.22561
Hnrnpul2,29.27164,29.24075,29.02673,29.24075
Cmpk1,29.77861,30.00504,29.79338,29.79338
Eif1,28.8752,29.20074,29.34801,29.20074
Psmd6,29.53412,29.46764,29.17688,29.46764
Gnas,29.38185,29.25613,28.90104,29.25613
Sptbn4,24.60201,24.56197,23.73397,24.56197
Itpa,30.19671,30.07495,29.85604,30.07495
Psmc2,29.26517,29.36399,28.95124,29.26517
Hsd17b10,30.17653,30.34668,29.89908,30.17653
Echs1,29.60615,29.67795,29.04383,29.60615
Lasp1,28.47962,28.3724,27.89626,28.3724
Blmh,28.62101,28.65287,27.97689,28.62101
Psma6,29.40576,29.46842,28.88687,29.40576
Cops2,28.34702,28.14788,28.24676,28.24676
Ndufc2,27.79841,28.67765,28.11018,28.11018
Shank3,21.13276,21.07261,20.31683,21.07261
Vat1,29.84214,29.67832,29.13594,29.67832
Vcl,25.13544,25.06948,24.7124,25.06948
Set,28.99321,28.67637,29.12591,28.99321
Apoe,30.5495,30.67422,30.41266,30.5495
Sgip1,26.00541,25.77871,25.62687,25.77871
G3bp2,28.96174,28.81806,28.51938,28.81806
Nono,30.27197,30.25968,30.13308,30.25968
Atp6v1d,28.47297,28.38385,27.90139,28.38385
Rtcb,29.27779,29.12815,29.022,29.12815
Strap,29.70113,29.17446,29.34526,29.34526
Rtn1,30.06227,30.77831,30.55846,30.55846
Tubb2a,30.16651,30.12065,29.89879,30.12065
Pkm,28.61894,28.51837,27.75219,28.51837
Mapre1,29.84464,30.1278,29.69028,29.84464
Hnrnph1,30.41094,30.5819,30.31062,30.41094
Ggt7,28.05569,27.20219,26.64554,27.20219
Vapa,29.96609,29.99752,29.98346,29.98346
Clta,29.91071,29.60599,28.88881,29.60599
Psmd1,29.21426,29.31713,28.86139,29.21426
Me1,27.34155,26.88169,26.64691,26.88169
Khdrbs1,30.19835,30.07368,29.94615,30.07368
Cnrip1,30.12115,30.17807,29.99914,30.12115
Phgdh,29.54639,29.47661,29.18293,29.47661
Actbl2,23.4706,23.66123,22.62914,23.4706
Syp,30.00892,30.24411,29.5979,30.00892
Pea15;Pea15a,29.58536,29.38435,29.33368,29.38435
Npm1;Gm5611,30.57741,30.80162,30.54637,30.57741
Atp6v1g2,29.04448,29.34117,29.05597,29.05597
Trim2,28.96378,29.01916,28.61147,28.96378
Nars,30.36963,30.57975,29.98332,30.36963
Aldh7a1,26.68057,26.30751,26.00217,26.30751
Eif4g1,26.78057,26.80304,26.46056,26.78057
Pcca,27.64258,27.56151,27.10829,27.56151
Slc25a22,29.38274,29.59108,29.10162,29.38274
Phyhip,26.14729,26.19524,25.25523,26.14729
Erlin2,29.06371,28.96631,28.76992,28.96631
Pdxp,28.36026,28.19315,27.57845,28.19315
Slc8a2,26.28544,26.06322,25.93333,26.06322
Ddx1,28.93236,28.91684,28.39652,28.91684
Rpl6,30.67506,30.52589,30.73441,30.67506
Ermn,,,,
Psmc5,29.92903,29.85457,29.58783,29.85457
Ahnak,22.15277,21.36608,21.55117,21.55117
Pi4ka,24.71419,25.24187,24.6397,24.71419
ptplad1,29.74195,29.34942,29.10417,29.34942
Stxbp1,26.28946,26.65867,25.41345,26.28946
Dnm1,25.14934,25.16791,24.95469,25.14934
Ap2s1,29.70218,29.68614,29.44281,29.68614
Ehd3,25.94329,25.54363,25.86868,25.86868
Kif21a,26.50747,26.68271,26.03618,26.50747
Rpl9,30.84528,31.03006,30.4826,30.84528
Rpl4,31.27142,31.52402,31.04583,31.27142
Oat,29.82731,29.61674,29.29645,29.61674
Yars,29.1438,29.31881,28.82651,29.1438
Eps15l1,26.76749,26.4118,26.16762,26.4118
Rab1b,29.60703,29.61514,29.18886,29.60703
Suclg1,29.47208,29.83784,29.54898,29.54898
Pdcd6ip,27.37989,27.34647,26.85887,27.34647
Fkbp3,29.31229,28.98096,28.6237,28.98096
Iars,28.69826,28.67384,28.32517,28.67384
Nrxn1,27.12898,27.14938,26.74586,27.12898
Rplp0,30.85638,30.95394,30.77596,30.85638
Pip5k1c,26.88192,26.95382,26.0475,26.88192
Impa1,28.80178,28.75783,28.25435,28.75783
Pcbp1,30.04427,30.09911,29.95421,30.04427
Ppp1r9a,25.28648,25.15016,24.8226,25.15016
Palm,28.16658,28.0661,27.8052,28.0661
Ppfia3,27.87068,27.79879,27.65908,27.79879
Pdia4,28.16461,27.96306,27.62317,27.96306
Cdh13,28.81571,28.6489,28.33326,28.6489
Cltb,28.835,28.81589,28.87279,28.835
Tppp3,23.24725,24.32499,25.4684,24.32499
Nrxn3,26.32886,26.08886,25.99108,26.08886
Clasp2,27.22977,27.27506,26.71686,27.22977
Pip4k2b,28.93061,29.02123,28.83361,28.93061
Gad1,26.33404,26.16888,25.42499,26.16888
H1f0,31.57745,30.75326,30.79838,30.79838
Clip2,27.33151,27.10809,27.02981,27.10809
Epn1,27.42438,26.8028,26.99237,26.99237
Flot1,27.41788,27.66214,27.53297,27.53297
Scn2a1,25.08221,25.03044,25.04993,25.04993
Akr1b1,29.07038,29.39391,28.74304,29.07038
Sirpa,25.38795,26.22527,24.9322,25.38795
Actr1a,29.65118,29.42192,29.3699,29.42192
Cplx2,28.13863,28.86762,27.66919,28.13863
Rgs6,26.77906,27.0221,26.59847,26.77906
Txnl1,28.48247,28.50226,28.43416,28.48247
Sh3glb1,28.51024,28.35064,28.18158,28.35064
Snrnp200,27.54444,27.56202,27.10669,27.54444
Dbnl,28.1205,27.79079,27.53512,27.79079
Mgll,25.84254,26.2776,25.34001,25.84254
Fkbp4,29.29099,29.49783,29.09643,29.29099
Negr1,29.57863,29.29977,29.12709,29.29977
Acadl,27.69219,27.2871,27.1055,27.2871
Gucy1b3,28.34346,28.32655,27.83473,28.32655
Unc13a,25.07492,25.0701,24.32759,25.0701
Slc6a11,26.65554,26.60668,26.04539,26.60668
Nceh1,27.18669,26.4642,26.13669,26.4642
Cdc42,30.40842,30.48049,29.71633,30.40842
Fam213a,28.3509,28.05165,27.87256,28.05165
Psmd13,29.1895,29.36876,28.67263,29.1895
Wdr37,28.5733,28.81415,28.17083,28.5733
Rpn2,29.53866,29.62277,29.00169,29.53866
Ahcy,29.12719,28.95671,28.76689,28.95671
Eif4h,28.55047,28.26298,28.05066,28.26298
Fabp5,31.99419,32.24198,31.94949,31.99419
Gprin1,26.88693,26.81982,26.68003,26.81982
Xpo1,28.2006,28.42662,28.02306,28.2006
Atp5d,30.11719,30.07482,29.93916,30.07482
Prkca,28.4235,28.65222,27.99048,28.4235
Ctsb,28.30717,28.29417,28.05931,28.29417
Alcam,28.66255,28.55582,28.13443,28.55582
Ube2o,27.96047,28.03286,27.7128,27.96047
Ca8,20.78517,21.66596,17.32922,20.78517
Camk2d,27.01574,26.91923,26.84972,26.91923
Huwe1,26.49995,26.72845,26.28907,26.49995
Rpl5,31.24689,31.46207,31.16453,31.24689
Glo1,28.69109,28.69461,28.10219,28.69109
Wasf1,27.82171,27.67331,27.02052,27.67331
Acaa2,28.41659,28.08005,27.97869,28.08005
Mtmr12,19.92262,20.51826,19.13288,19.92262
Prepl,27.02633,26.8839,26.24898,26.8839
Mtnd1,28.58509,28.57178,27.84529,28.57178
Vps29,29.47185,29.72478,28.97443,29.47185
Alb,25.34864,25.6967,25.3097,25.34864
Abr,27.31734,27.30991,26.79402,27.30991
Slc2a1,25.77781,24.83644,23.73128,24.83644
Cadm1,26.84494,26.94156,26.20075,26.84494
Adap1,28.03538,28.4862,27.89597,28.03538
Rad23b,28.69548,28.52556,28.18532,28.52556
Myh11,23.34286,22.88718,23.5373,23.34286
9/2/2015 0:00,28.28635,27.95787,27.73169,27.95787
Rasal1,23.52492,23.07444,21.91769,23.07444
Rpl15;Gm10020,30.66008,30.73635,30.45787,30.66008
Eif2s1,29.05258,28.72997,28.57218,28.72997
Psma3,29.97227,29.59987,29.36227,29.59987
Dpp10,24.26234,24.50936,24.26112,24.26234
Psma1,29.27977,29.24086,29.02784,29.24086
Prkce,27.29369,27.53779,26.94101,27.29369
Cyb5r3,29.86437,29.70306,29.48051,29.70306
Cpne6,24.88567,24.69392,25.00372,24.88567
Ppp1r7,28.80523,28.50139,28.01207,28.50139
Rap1gap,25.84632,25.84938,25.61136,25.84632
Cask,28.37547,28.11818,27.86991,28.11818
Prkar1a,27.36753,27.2999,27.14014,27.2999
Eif3b,28.64928,28.61168,28.41893,28.61168
Gna11,29.47605,29.31229,28.80363,29.31229
Atxn10,28.66122,28.50574,28.05077,28.50574
Mthfd1,27.49274,27.46778,26.92863,27.46778
Cryab,21.96074,19.35389,16.85599,19.35389
Sacm1l,27.91125,27.86496,27.38014,27.86496
Rap2a,28.39481,28.19761,27.90627,28.19761
Pa2g4,29.48863,29.73681,29.23375,29.48863
Nudc,28.40337,28.05517,27.94576,28.05517
Crip2,30.25912,30.55252,30.29209,30.29209
Acta2;Actg2,21.16429,19.26405,15.62725,19.26405
Lgi1,24.63694,24.66752,24.27874,24.63694
Arpc3,29.98223,30.06664,29.80444,29.98223
Thop1,27.32389,27.24173,26.95027,27.24173
Enpp6,21.75882,17.97348,22.38745,21.75882
Dbt,27.25674,27.17245,26.81824,27.17245
Thrap3,27.40162,26.78057,26.80943,26.80943
Itsn1,26.7888,26.67465,26.47084,26.67465
Arhgap1,28.3198,28.23402,27.88977,28.23402
Vps13c,23.61605,23.33851,23.2617,23.33851
Map2k4,27.64251,27.72306,27.23462,27.64251
Rpl7,31.20548,31.05232,30.70619,31.05232
Prpf8,27.49358,27.58771,27.29877,27.49358
Mtor,26.29827,26.22562,25.82304,26.22562
Cpe,28.70691,28.97364,28.73354,28.73354
Prmt1,29.81984,30.14479,29.67074,29.81984
Kcnab2,26.54832,26.42331,25.78703,26.42331
Erc2,24.38034,24.67686,23.96737,24.38034
H2afy,30.75502,30.36588,30.1587,30.36588
Dlg3,26.14628,26.13018,25.48916,26.13018
Cntnap2,24.8074,24.59565,24.24002,24.59565
Rps2;Gm5786;Gm18025;Gm6576;Gm8225,30.37348,30.39652,30.304,30.37348
Pin1,29.36315,29.407,28.81818,29.36315
Gpm6b,29.8998,29.60998,29.61726,29.61726
Fabp3,29.14319,29.15192,28.76243,29.14319
Ubr4,26.33373,26.60611,25.95591,26.33373
Igsf5;Pcp4,28.42822,28.55965,28.38952,28.42822
Gnaz,28.68676,28.80002,28.49907,28.68676
Banf1,29.49604,30.87372,29.93284,29.93284
Arhgef7,27.74362,27.77775,27.38212,27.74362
Psmb5,29.53174,29.44295,29.22262,29.44295
Adssl1,23.71408,23.93328,22.64628,23.71408
Myo6,25.34011,24.9033,24.0912,24.9033
Coro2b,27.34807,27.25296,26.6006,27.25296
Vcan,22.22043,21.3899,21.58128,21.58128
Hsd17b4,28.57996,28.39905,27.89828,28.39905
Rps9,31.39958,31.36087,31.2374,31.36087
Kif1a,27.36661,27.49816,27.14034,27.36661
Atic,28.36753,28.23457,27.87719,28.23457
Uggt1,27.24898,27.25422,26.78905,27.24898
Pls3,25.42034,25.09277,24.83586,25.09277
Ncan,24.96248,24.32944,24.10286,24.32944
Plcb4,21.94102,21.74735,19.33119,21.74735
Aifm1,27.49968,27.38985,27.46084,27.46084
Inpp5a,25.27099,24.82313,24.21497,24.82313
Aco1,26.99583,27.1546,26.73531,26.99583
Fbxo2,25.15275,25.30236,24.23345,25.15275
Tpt1,32.04814,31.69938,31.03761,31.69938
9/9/2015 0:00,27.2724,27.36778,26.71646,27.2724
Agk,29.43209,29.44421,28.95341,29.43209
Rap1b,29.26551,29.88088,29.5224,29.5224
Myef2,29.45967,29.55536,29.29347,29.45967
Sfxn5,27.09617,27.3697,26.50426,27.09617
Asah1,26.08034,26.04024,24.98919,26.04024
Adh5,29.12588,29.29457,28.84778,29.12588
Sec22b,29.71211,29.65947,29.15161,29.65947
Pfn2,30.59344,30.57118,30.47499,30.57118
Nudt3,28.85757,29.05786,28.44802,28.85757
Madd,26.55972,26.32459,26.25866,26.32459
Usp14,28.53731,28.65625,28.49305,28.53731
Qil1,29.46061,29.16421,28.23352,29.16421
Srgap3,27.54274,27.39893,27.1034,27.39893
Ppp2r4,27.69192,27.93241,27.39297,27.69192
Shank2,22.56162,22.46421,23.48861,22.56162
Rps12,30.15279,30.76999,29.87594,30.15279
Hadh,27.46076,27.31251,26.29829,27.31251
Ssb,29.40852,29.30099,29.07393,29.30099
Nt5c,29.38185,29.29942,28.92493,29.29942
Ndufa5,28.69235,29.17524,28.24989,28.69235
Ptprd,26.49337,26.54785,26.19206,26.49337
Anxa2,25.51938,25.32488,25.2071,25.32488
Tardbp,30.60955,30.55408,30.4182,30.55408
Pcyox1,28.58384,28.45869,28.05124,28.45869
Rapgef2,26.02779,25.97819,25.61293,25.97819
Ppp1r9b,26.80637,26.06042,25.99772,26.06042
Ilf3,28.17855,27.83147,27.68773,27.83147
Agl,24.99714,25.08545,24.70625,24.99714
Snap47,27.82098,27.67277,27.17522,27.67277
Paics,28.55629,28.33492,27.95399,28.33492
2310035C23Rik;Kiaa1468,26.97038,27.24182,26.76269,26.97038
Plxna4,28.03622,28.23457,27.62143,28.03622
Hmox2,27.86697,27.74137,27.89724,27.86697
Nnt,27.46459,27.2488,26.9927,27.2488
Srsf1,30.1973,30.34837,30.08601,30.1973
Kalrn,25.78619,25.75644,25.3481,25.75644
Rab3d,29.20578,29.24148,28.83232,29.20578
Ak3,28.26096,28.35372,27.71352,28.26096
Gapdh,,,21.12364,21.12364
Hdhd2,26.10839,26.14326,25.76828,26.10839
Sf3b2,26.05703,25.70234,25.99088,25.99088
Rpl3,30.36515,30.353,30.17081,30.353
Rap2b,28.30504,27.87038,27.5687,27.87038
Rufy3,28.58057,28.32757,28.20476,28.32757
Rdx,26.99302,26.42651,25.66755,26.42651
Gdap1,29.34251,29.36225,29.16751,29.34251
Arl8a,29.68135,29.99752,29.5194,29.68135
Ndufb8,28.52854,28.02173,28.04812,28.04812
Myo1d,19.88999,18.70796,20.07222,19.88999
Sugt1,26.71489,26.54916,26.67842,26.67842
Ddx6,29.32103,29.30604,29.12455,29.30604
Hspa2,26.01967,25.80875,24.77022,25.80875
Lcp1,23.51557,23.40328,23.18221,23.40328
Por,28.67219,28.45183,28.43317,28.45183
Slc12a2,24.97657,24.53475,23.7601,24.53475
Igsf8,27.78992,27.43627,27.0403,27.43627
Gm10704,28.6655,28.75589,28.38776,28.6655
Tjp1,23.79362,23.9419,23.4821,23.79362
Fus,28.38969,27.9875,28.45093,28.38969
Cep170,26.75264,26.5545,26.20279,26.5545
Clip1,25.67074,25.07133,25.30831,25.30831
Capza1,29.84266,29.22295,29.14577,29.22295
Prkcb,26.66939,27.16365,26.49767,26.66939
Hbbt1;Hbb-bs,29.83927,30.20897,29.69097,29.83927
Rplp1,31.70364,31.79025,31.64272,31.70364
Eif3m,28.71103,28.67781,28.40219,28.67781
Cttn,26.61597,26.2776,26.47403,26.47403
Cd81,29.00638,29.97869,28.23622,29.00638
Gps1,28.88853,29.06474,28.65133,28.88853
Atp8a1,26.8328,26.60851,26.36745,26.60851
Dnaja1,29.18201,29.33371,28.84422,29.18201
Exoc4,27.40665,27.32328,27.06917,27.32328
Cdh2,27.79396,27.48024,27.17398,27.48024
Twf2,26.17423,26.6502,26.44233,26.44233
Dcps,27.45057,27.13575,27.06023,27.13575
Dnajc5,29.76234,29.18603,29.18527,29.18603
Ndufs8,28.03905,27.84733,27.54392,27.84733
Hdlbp,26.23945,26.08588,26.26335,26.23945
Tagln,23.49008,23.26112,23.38416,23.38416
Palm2Akap2;Akap2,22.2209,21.96335,21.62199,21.96335
Ak4,24.29936,24.5611,24.15368,24.29936
Plcxd3,27.24009,27.0503,26.60329,27.0503
Slk,24.49656,25.11358,25.24492,25.11358
Pex5l,23.37026,23.76527,23.07676,23.37026
Copb2,27.97842,28.14516,27.97295,27.97842
Chchd3,28.03113,27.69624,27.63982,27.69624
Cops4,28.79857,28.62774,28.42938,28.62774
Slc4a10,24.68019,24.36011,24.43644,24.43644
Atad3,27.78569,27.53949,27.39795,27.53949
Mapk10,28.63924,28.97328,28.41812,28.63924
Flot2,27.90466,27.76591,27.25449,27.76591
Ctnnd2,26.5207,26.81078,26.10669,26.5207
Ppa2,27.02844,27.02855,26.60102,27.02844
Kctd12,29.1227,29.04445,28.86956,29.04445
Sf3b1,26.44968,26.36828,26.25807,26.36828
Lancl2,29.06425,29.20807,28.79194,29.06425
Mtx2,29.51726,28.94701,28.96315,28.96315
Ppm1h,27.26446,26.79278,26.93112,26.93112
Ddx17,29.07485,28.69478,28.47181,28.69478
Rab35,29.11736,28.96925,28.53853,28.96925
Gna13,28.25115,28.00651,27.44884,28.00651
Khsrp,28.31069,28.15282,28.25588,28.25588
Nt5dc3,28.3277,28.29789,27.80999,28.29789
Cul3,27.53949,27.49717,27.05155,27.49717
Mpst,29.8046,29.91399,29.28191,29.8046
Elavl4,29.41518,29.42101,29.22722,29.41518
Tsn,29.2407,28.8263,28.8662,28.8662
Csde1,27.79414,27.77241,27.80021,27.79414
Tbcb,27.26749,27.51443,27.44608,27.44608
Calu,28.81894,28.19075,28.25845,28.25845
Rpl18,31.20734,31.05989,31.28505,31.20734
Lars,28.56001,28.75379,28.34524,28.56001
Hapln1,24.38093,23.66362,23.25624,23.66362
Osbp,27.30678,27.245,26.80698,27.245
Timm44,27.23444,27.1052,27.05165,27.1052
Esd,28.83945,29.20445,28.53901,28.83945
Scamp5,30.23854,30.14771,29.9407,30.14771
Pdgfrb,25.3003,25.1462,24.60048,25.1462
Psmd12,29.66816,29.53631,29.56051,29.56051
Bpnt1,27.2571,26.93022,26.92173,26.93022
Tollip,27.23736,27.056,26.54143,27.056
Caskin1,24.67568,24.71246,24.70303,24.70303
Capn2,27.30374,27.17931,26.67587,27.17931
Hspa1a,26.78457,26.07092,25.74222,26.07092
Epb4.1l1,26.55763,26.52013,26.47143,26.52013
Arhgef2,27.18971,26.92468,26.09007,26.92468
Tceal5,26.56732,26.84625,26.06823,26.56732
Uqcr10,29.73797,29.80398,29.39999,29.73797
Strn,26.97793,27.17207,26.67357,26.97793
Serbp1,27.56376,26.93393,26.98598,26.98598
Map4,25.23469,24.66129,24.38462,24.66129
Lrpap1,27.57874,27.16701,26.80575,27.16701
Camk4,26.85638,27.04874,26.35417,26.85638
Sorbs2,24.68164,24.42771,24.07112,24.42771
Ndufs6,28.9469,28.86638,28.59328,28.86638
Ptbp2,28.61824,28.36582,28.01824,28.36582
Ndufb6,28.18617,27.70734,28.26365,28.18617
Farsb,28.41474,28.49884,28.1548,28.41474
Cdk5,28.58169,28.88466,28.08035,28.58169
Mgea5,28.13055,28.13848,27.87596,28.13055
Vps26b,29.43704,29.23046,29.14044,29.23046
Srgap2,28.16447,28.39709,27.85739,28.16447
Snx2,27.04989,26.79439,26.84733,26.84733
Anks1b,24.21379,23.50373,23.23444,23.50373
Gm20425,25.3656,25.35656,25.23272,25.35656
Cdc37,28.04067,27.8613,28.00249,28.00249
Purb,30.00624,29.23533,29.33699,29.33699
Rac1,31.67316,31.92256,31.38304,31.67316
Sbf1,26.28697,26.07676,25.91118,26.07676
Top2b,28.07816,27.93691,27.70339,27.93691
Cops5,28.44352,28.5297,28.17174,28.44352
Dynlrb1,30.98285,30.78761,30.40192,30.78761
Setd7,25.89756,25.62906,24.94771,25.62906
Necap1,27.8499,27.70938,27.49228,27.70938
Hrsp12,27.7668,27.31993,26.50031,27.31993
Trnt1,26.99938,26.31998,26.6224,26.6224
Ndrg1,29.2677,29.53312,29.30785,29.30785
Mecp2,27.30182,26.86183,26.89574,26.89574
Psmc1,29.03748,29.33486,28.64684,29.03748
Cyb5a,29.57011,29.19053,29.36135,29.36135
Rars,28.30008,28.42045,27.81091,28.30008
Rab3c,27.93843,27.58714,27.76167,27.76167
Ezr,25.73073,25.16599,25.33749,25.33749
Ugp2,27.40916,27.39272,26.89597,27.39272
Acot9,27.8742,27.81446,27.49106,27.81446
Tst,26.28104,26.40539,25.1352,26.28104
Rpl7a,31.2998,31.36729,31.47798,31.36729
Acaca,27.08628,27.02242,26.52564,27.02242
Cacna2d2,25.91422,26.22836,25.89622,25.91422
Gpd1l,28.2957,28.5494,28.01153,28.2957
Epm2aip1,28.64914,28.70794,28.40007,28.64914
Dynll1,31.85367,32.68539,32.22078,32.22078
Pacs1,27.65342,27.37882,27.37576,27.37882
Ppp3cb,28.86874,28.83479,28.17745,28.83479
Gnb5,27.61393,27.7357,27.4342,27.61393
Ndufs5,27.08446,27.06301,26.62324,27.06301
Ctnnd1,26.8125,27.09959,26.42795,26.8125
Adprh,28.71371,28.69876,28.23968,28.69876
Ubqln2,28.32225,28.15137,27.85775,28.15137
Ptk2b,23.35016,23.98485,23.61234,23.61234
Ntm,28.20359,28.32513,27.90093,28.20359
Htt,24.43345,24.42835,24.26735,24.42835
Ndufa6,28.85151,28.71924,28.80563,28.80563
Atcay,28.18187,27.80544,27.69869,27.80544
Upf1,27.82299,27.87602,27.64588,27.82299
Farp1,27.93854,27.90839,27.62694,27.90839
Lrrc7,24.02259,23.90931,23.18021,23.90931
Pdhx,27.85893,27.85721,27.30391,27.85721
Rbm25,27.02253,26.71188,27.01159,27.01159
Pck2,27.44332,27.12119,27.02528,27.12119
Farsa,29.22887,29.56238,28.53827,29.22887
Ilf2,29.47925,29.26979,29.35077,29.35077
Nipsnap3b,29.16686,28.99264,28.39366,28.99264
Hnrnpab,29.81852,29.59827,29.44744,29.59827
Kctd16,26.80391,26.6454,25.99363,26.6454
Aspa,,,17.27276,17.27276
Adk,26.36246,27.06003,26.91216,26.91216
Picalm,27.3407,27.11128,26.55649,27.11128
Slc17a6,23.12674,23.45976,22.02052,23.12674
Me3,26.13022,26.08734,25.27024,26.08734
Btf3l4,28.92465,28.5323,28.39202,28.5323
Sec31a,27.71286,27.79681,27.35926,27.71286
Aldh1b1,28.10804,27.68104,27.44395,27.68104
Clasp1,28.11178,26.8977,27.63097,27.63097
Erp29,28.48949,28.35771,28.30761,28.35771
Clu,26.74663,26.47593,26.37275,26.47593
Itpka,22.18746,22.25254,21.86094,22.18746
Pspc1,28.70005,28.56674,28.20499,28.56674
Acad9,28.10944,27.93966,27.20228,27.93966
Adam22,25.65775,25.73789,25.03251,25.65775
Tars,28.24545,27.98158,27.67445,27.98158
Slc6a17,26.30304,25.46939,24.95947,25.46939
App,27.73725,27.77744,27.2999,27.73725
Dync1i1,27.2957,27.88443,27.09979,27.2957
Bphl,26.93213,26.77693,26.83762,26.83762
Maob,,20.64403,20.0547,20.349365
Rala,30.78402,30.62958,30.67548,30.67548
Nae1,27.72579,28.16949,27.55047,27.72579
Kiaa1045,26.46218,27.02781,26.18162,26.46218
Anxa3,23.66308,24.2548,23.89208,23.89208
Lamb2,21.43354,20.36975,20.5545,20.5545
Vars,28.06204,28.00437,27.67277,28.00437
Iqsec1,25.59132,25.35161,24.93944,25.35161
Syn3,28.16514,28.00812,27.90185,28.00812
Ppib,29.46262,28.5695,29.08664,29.08664
Stam,27.27364,27.04885,26.59634,27.04885
Eea1,24.50045,24.36098,24.5981,24.50045
Gja1,21.34202,20.80286,20.19988,20.80286
Carkd,29.24885,29.10457,28.19573,29.10457
Wdr47,27.95848,28.03769,27.70273,27.95848
Cnksr2,25.56874,25.23885,25.13457,25.23885
Syt7,25.62252,25.61184,25.17489,25.61184
Ptpn11,26.59662,26.67196,26.75837,26.67196
Opcml,29.98046,29.00392,28.82714,29.00392
Fdps,29.29667,29.11523,28.77263,29.11523
Ipo7,28.55881,28.87502,28.33501,28.55881
Arfgef1,25.40289,25.6726,25.09507,25.40289
Gripap1,25.50999,25.29295,25.31986,25.31986
Inpp4a,27.83316,27.81097,27.3789,27.81097
Hnrnpll,29.01025,29.18064,28.94319,29.01025
Dynll2,29.44904,30.08613,29.34657,29.44904
,27.86154,27.88605,27.28348,27.86154
Ykt6,28.92688,28.90236,28.57459,28.90236
Rbbp7,28.93862,28.97087,28.40202,28.93862
Mat2a,28.66156,28.63803,27.92722,28.63803
Ngef,26.65745,27.1044,26.03967,26.65745
Grin2b,24.56924,24.37192,23.58967,24.37192
Gria3,24.09088,23.90912,23.5087,23.90912
Arhgap35,26.9354,26.67949,26.48693,26.67949
Ppp2r5d,28.52186,28.50085,28.09073,28.50085
Dync1li2,27.92524,27.7304,27.21327,27.7304
Rgs7,26.26983,26.16534,25.6678,26.16534
Tnc,21.16423,20.73273,21.09068,21.09068
Hexb,24.67476,23.91944,24.80882,24.67476
Ktn1,25.29981,24.66622,25.07092,25.07092
Hibch,26.35304,26.25609,26.05374,26.25609
Dock9,24.15715,23.99861,23.05165,23.99861
Dpp3,27.17607,27.17855,26.86903,27.17607
Cldn11,,16.12194,,16.12194
Vps13a,23.04717,23.70366,22.79295,23.04717
Ranbp1,30.18648,29.6358,28.56205,29.6358
U2af2,28.93526,29.32328,28.92003,28.93526
Nomo1,27.26006,27.38418,27.16988,27.26006
Dlgap3,21.48581,20.89416,21.47724,21.47724
Stxbp5l,24.16,24.07839,23.55941,24.07839
Rnpep,26.9673,26.72689,26.77392,26.77392
Lphn1,25.24336,25.12605,24.40041,25.12605
Cit,19.86034,20.38416,19.7177,19.86034
Kars,27.57246,27.45709,27.11605,27.45709
Srsf3;Gm12355,30.73594,30.62532,30.30639,30.62532
Sgta,29.37464,29.23576,29.15204,29.23576
Abi1,27.19901,26.98414,26.59021,26.98414
Hagh,27.08375,26.46983,26.23319,26.46983
Tceb2,29.24885,29.52718,29.29483,29.29483
Ndufb11,29.25762,28.94966,28.91963,28.94966
Pnp,26.80673,26.01789,25.11283,26.01789
Prkcsh,27.98506,27.73931,27.52559,27.73931
Alyref,27.5937,27.09758,27.05848,27.09758
Omg,23.01725,22.3905,22.78227,22.78227
Mapk3,28.31575,28.1042,27.94793,28.1042
Psma2,29.37292,29.33882,29.01874,29.33882
Abhd12,27.91599,27.50764,26.9438,27.50764
Aldh18a1,29.57723,29.63796,29.18952,29.57723
Spr,28.88358,28.96251,28.39092,28.88358
Sec14l2,22.04989,22.18873,21.63671,22.04989
Slc9a3r1,25.35803,24.45538,24.6818,24.6818
Gmfb,29.25647,29.38125,28.99024,29.25647
Blvra,26.70925,26.78519,26.96047,26.78519
Ndufb9,29.30719,29.43058,28.5861,29.30719
Gsk3b,29.66019,29.87751,29.27327,29.66019
Src,28.46221,28.39795,27.75066,28.39795
Sfxn1,28.86859,28.64883,28.27195,28.64883
Glrx3,29.72019,29.21069,28.93789,29.21069
Rps4x;Gm15013,30.47063,30.61395,30.33767,30.47063
Dhx15,28.85192,28.81369,28.82802,28.82802
Sfn,28.88934,28.62892,28.61912,28.62892
Adsl,27.42878,27.35136,26.77618,27.35136
Twf1,27.72293,27.38303,27.33782,27.38303
Psmb7,28.83843,28.61063,28.19042,28.61063
Ubxn6,26.65185,26.47502,26.27528,26.47502
Maoa,27.02591,26.86891,27.19667,27.02591
Rps15a,31.19419,31.034,30.90146,31.034
Mpp3,25.30793,25.05424,24.69906,25.05424
Asna1,29.48784,29.26006,29.28348,29.28348
Rps13,30.30334,30.33298,30.30171,30.30334
Rabgap1,27.16768,27.18471,26.86915,27.16768
Apoo,28.08076,27.83521,26.9516,27.83521
Slc8a1,27.66207,27.64155,27.41869,27.64155
Tpr,24.77264,24.25811,24.51515,24.51515
Asns,28.9901,29.09605,28.33858,28.9901
Dgkb,22.80943,22.11127,21.12729,22.11127
Apoa1bp,28.46291,27.97312,28.27137,28.27137
Acsl1,26.87994,26.95038,26.31209,26.87994
Ass1;Gm5424,23.18823,24.53053,21.51951,23.18823
Puf60,27.69438,27.35161,27.04156,27.35161
Copb1,28.01521,28.16058,27.84936,28.01521
Hars,27.30574,26.87912,26.66601,26.87912
Rpl10a,30.62471,30.51662,30.21153,30.51662
Atp2b4,24.22656,24.36413,23.57819,24.22656
Slc32a1,27.9961,28.21618,27.68739,27.9961
Appl1,27.69876,27.74554,27.13673,27.69876
Ivd,28.06984,27.85353,27.71999,27.85353
Atpif1,30.14297,29.34047,29.92635,29.92635
Cops3,28.29614,28.38439,28.00147,28.29614
Snx5,26.00933,26.1716,25.21974,26.00933
Pak2,28.20308,27.82299,27.58355,27.82299
Etfb,29.03779,29.13134,28.77216,29.03779
Rbmxl1,27.91325,27.6762,27.64058,27.6762
Eif5,28.11242,28.03528,27.45497,28.03528
Lphn3,25.91855,25.6416,25.63303,25.6416
Suclg2,26.03444,25.81091,25.52073,25.81091
Tom1l2,27.36536,27.27062,26.43646,27.27062
Nos1,25.2116,25.24659,24.30779,25.2116
Rps10,29.89908,30.11098,29.94098,29.94098
Ephx1,26.42923,25.91251,25.56912,25.91251
Nampt,26.17613,25.67023,26.14579,26.14579
Ide,27.19451,26.91536,26.63076,26.91536
Ntrk2,28.09048,28.0336,27.55742,28.0336
Chordc1,27.72553,28.44873,27.9948,27.9948
Nisch,25.35814,25.30389,24.83812,25.30389
Dmtn,23.6279,23.52157,23.28546,23.52157
Rpl23,30.51822,30.60823,30.3592,30.51822
Akr7a2,28.35216,28.09728,28.01701,28.09728
Rps6ka1,26.13208,25.88323,25.64372,25.88323
Eif4b,25.63309,25.40191,25.37786,25.40191
Pcdh1,26.23608,26.05047,25.41509,26.05047
Ndrg3,28.67929,28.79758,28.18792,28.67929
Atp6v1f,29.75315,29.59845,28.88172,29.59845
Srrt,27.24173,27.37127,27.00806,27.24173
Soga3,27.20135,26.6224,26.09065,26.6224
Git1,27.59726,27.3533,27.23133,27.3533
Nrbp1,28.11872,28.1715,27.86302,28.11872
Hnrnpdl,29.10986,28.94637,28.84984,28.94637
Elavl1,29.98454,29.61295,29.8732,29.8732
Sipa1l1,22.52974,22.67131,22.12098,22.52974
Psma4,29.20469,29.39297,28.842,29.20469
Rpl31,30.40639,30.26908,29.98046,30.26908
Prex1,24.78766,24.78297,24.02724,24.78297
Camkk2,26.12361,26.05318,25.61997,26.05318
Cul5,27.57766,27.47065,27.17274,27.47065
Hspg2,21.79887,21.60128,21.59751,21.60128
Rps7;Gm9493,29.86924,29.86009,29.70174,29.86009
Fuk,28.50915,28.34668,23.24747,28.34668
Syt1,23.83576,23.40302,22.89639,23.40302
Hba-a2;Hba,28.99626,30.1262,29.21422,29.21422
Rims1,24.88022,24.44866,23.90729,24.44866
Sub1,29.53733,29.17281,29.45213,29.45213
Auh,27.38887,27.52582,27.50998,27.50998
Gk,25.35901,25.30689,24.98906,25.30689
Ap1m1,27.78257,27.65322,27.48876,27.65322
Gcn1l1,26.641,26.73905,26.18164,26.641
Psmb3,29.58611,29.68433,29.30147,29.58611
Ranbp2,24.64927,24.66433,24.47457,24.64927
Pdzrn3,25.87603,26.24762,24.43492,25.87603
Pde1b,25.656,25.29221,25.04239,25.29221
Chl1,26.96917,27.05848,26.9345,26.96917
Grm3,24.94024,24.85481,24.96477,24.94024
S100a1,27.06928,26.18777,25.8818,26.18777
Prkaca,28.31233,28.12549,27.76995,28.12549
Gart,27.58585,27.47018,27.19423,27.47018
Gsr,27.74394,27.36545,26.94078,27.36545
Grin1,24.89989,24.70967,24.33313,24.70967
Rnh1,26.41377,26.93416,26.22674,26.41377
Serpinb1a,18.62235,15.3713,18.51526,18.51526
Ndufb4,29.52423,29.79959,29.74079,29.74079
Gm15800,25.89539,26.12349,25.67767,25.89539
Scai,26.51971,26.58964,25.91928,26.51971
Pgp,27.36995,27.60371,26.41914,27.36995
Csrp1,26.34267,25.55101,25.10494,25.55101
Mpi,27.05393,26.91946,26.21924,26.91946
Eif3c,28.18966,28.04411,27.81653,28.04411
Pccb,26.95394,26.86325,26.93719,26.93719
Cep170b,22.82879,22.26788,22.0458,22.26788
Ablim2,23.35984,24.25169,23.56326,23.56326
Nln,28.34291,28.1756,27.8871,28.1756
Iqgap1,24.44544,24.26033,23.80774,24.26033
Uso1,27.36411,27.26347,27.01956,27.26347
Elmo1,25.59511,25.71937,25.36155,25.59511
Etf1,28.47499,28.40454,28.50673,28.47499
Ndufa2,27.71725,27.903,27.79086,27.79086
Sh3gl1,26.59106,26.59149,26.51964,26.59106
Arcn1,27.79141,27.7795,27.57391,27.7795
Ptprs,26.82736,26.53324,26.41503,26.53324
Copg1,27.74143,28.02078,27.42662,27.74143
Acyp1,26.68819,26.39248,26.309,26.39248
Rabep1,26.15516,25.6329,26.03702,26.03702
Coro7,26.27842,26.31166,25.94637,26.27842
Erc1,26.97388,26.73738,26.53234,26.73738
Nudt21,28.07322,28.04098,27.87531,28.04098
Trap1,27.60534,27.64389,27.241,27.60534
Lamc1,21.23333,21.68123,21.62404,21.62404
Nf1,25.65193,25.6317,25.33091,25.6317
Pdcd6,28.05956,27.76275,27.62268,27.76275
Ncs1,28.34477,28.14258,27.14598,28.14258
Rpl12,30.45523,30.57561,30.231,30.45523
Alg2,29.4396,30.01199,29.21009,29.4396
Pitpnm2,25.07985,25.30337,24.76557,25.07985
Rps16,31.02907,30.77541,30.71865,30.77541
Hgs,27.46108,27.44679,27.1546,27.44679
Gbas,27.25196,26.98218,26.84888,26.98218
Actr3b,26.12116,26.87162,25.92388,26.12116
Pitrm1,26.40149,26.47976,26.08533,26.40149
Abi2,26.66628,26.26232,26.41854,26.41854
Rcn2,28.22545,27.97684,27.66418,27.97684
Kcna1,23.58623,23.90821,23.19396,23.58623
Them4,27.54716,27.06569,26.6381,27.06569
Adrbk1,26.86479,26.94089,26.65308,26.86479
Hcn2,20.655,21.4766,20.32861,20.655
Naca,25.81194,25.66696,25.26145,25.66696
Erh,29.87128,29.86372,29.86106,29.86372
Tbca,29.94782,29.10988,28.65427,29.10988
Rogdi,27.18509,27.2129,26.93461,27.18509
Srm,29.75519,29.64969,29.30315,29.64969
Apex1,29.15076,29.40631,29.16663,29.16663
Ppp6r3,27.10029,27.17236,26.34731,27.10029
Prnp,25.60113,26.31945,24.83316,25.60113
Srr,27.33125,27.80993,27.40031,27.40031
Ablim1,24.65578,24.97321,24.81861,24.81861
Ndufb5,28.13506,28.13477,27.97147,28.13477
Ptges2,27.36127,27.41369,26.90024,27.36127
Grhpr,26.45599,26.33076,25.50297,26.33076
Homer3,24.10406,23.44455,23.34584,23.44455
Tmx3,26.83232,26.98685,26.86432,26.86432
Numa1,24.40126,24.0535,24.25731,24.25731
Grpel1,28.41345,27.89163,27.80575,27.89163
Etfdh,26.62171,26.44017,26.10516,26.44017
Rps18;Gm10260,30.66314,30.59815,30.24479,30.59815
Smarcc2,27.22748,26.88239,26.92603,26.92603
Grid2,20.5827,20.77008,19.34197,20.5827
Psmb2,28.73725,28.73505,28.83289,28.73725
Bsg,27.787,27.71057,27.45348,27.71057
Psmb4,29.49817,29.36676,29.10022,29.36676
Grin2a,19.45326,18.57323,18.26788,18.57323
H2afy2,30.59682,30.58504,30.40781,30.58504
Mars,28.46322,28.67526,28.26293,28.46322
Nans,29.28129,29.40682,28.97651,29.28129
Nedd4,28.06948,28.02089,27.69896,28.02089
Acss1,26.44266,25.72533,25.22475,25.72533
Anxa7,26.75379,27.13975,26.44071,26.75379
Pnpo,26.08978,25.96996,25.45547,25.96996
Txnrd1,27.73143,27.80901,27.58405,27.73143
Fis1,28.10704,28.60159,28.08274,28.10704
Sparcl1,24.22737,23.51581,23.47085,23.51581
Dnpep,28.72796,28.67647,27.98761,28.67647
Srsf7,29.92776,29.67669,29.68838,29.68838
Mprip,22.00949,22.37806,22.07917,22.07917
Rps19,29.12758,29.13136,29.02374,29.12758
Osbpl8,27.63381,27.66506,27.55003,27.63381
Prune,28.38397,28.07577,28.04463,28.07577
Serpinb6;Serpinb6a,25.43186,25.66755,25.16844,25.43186
Snx4,27.053,27.01945,26.69631,27.01945
Acsf2,26.09138,25.23874,24.70456,25.23874
Timm10,28.20261,28.22931,27.77543,28.20261
Slc39a10,26.5402,26.6476,26.25021,26.5402
Mthfd1l,27.38171,27.2525,26.88611,27.2525
Phactr1,23.61526,23.8145,23.51605,23.61526
Stk39,26.21397,26.26508,25.27117,26.21397
Rps14,31.64642,31.57849,31.80463,31.64642
Capn5,26.5374,26.92116,26.46225,26.5374
Flnb,24.96921,24.50124,24.10454,24.50124
Abcd3,27.48693,27.37119,26.95438,27.37119
Aimp1,28.0683,27.69152,27.65322,27.69152
Fth1,28.07842,27.68372,27.509,27.68372
Bcas1,19.54552,19.41181,20.19184,19.54552
Ipo9,27.92587,27.85798,27.58613,27.85798
Hibadh,27.94559,27.88629,26.82189,27.88629
Arfgef3,25.03959,25.40211,25.02369,25.03959
Uqcrh,26.27302,24.9327,25.00877,25.00877
Ppp1r1b,27.79699,27.20088,26.59335,27.20088
Gm20441,27.03433,27.12888,26.8023,27.03433
Asap1,24.20479,23.95447,23.57045,23.95447
Uba2,27.96554,28.25498,27.40422,27.96554
Clic4,27.43046,27.19826,27.06579,27.19826
Cyfip1,24.6904,24.76835,24.05457,24.6904
Slc44a1,23.5451,23.51809,22.2383,23.51809
Eps15,22.81192,22.9304,22.47467,22.81192
Gsto1,27.52679,27.64471,27.07887,27.52679
Bcat1,28.38162,28.26504,27.99172,28.26504
Nap1l4,29.19896,29.10622,28.98411,29.10622
Dclk2,27.73499,27.80772,27.5755,27.73499
Map1lc3b,30.50142,30.52897,30.29143,30.50142
Ruvbl1,29.30817,29.19446,29.06407,29.19446
Rbm8a,28.79362,28.02786,28.04547,28.04547
Eif4g3,25.23103,25.38683,25.08323,25.23103
Cacna2d3,25.42454,25.21745,23.96499,25.21745
Tfrc,28.28021,28.22651,28.10355,28.22651
Kbtbd11,25.39103,25.40558,24.3868,25.39103
Prdx4,28.64798,28.61803,28.13785,28.61803
Sh3bgrl,29.27275,29.65251,29.24318,29.27275
Vps45,27.21438,27.08881,26.65554,27.08881
Prpsap2,28.38208,28.37028,27.7415,28.37028
Ptges3,30.10149,30.6837,29.88062,30.10149
Camk2g,28.09331,28.0574,27.73027,28.0574
Rhoa,30.45748,30.63616,30.63409,30.63409
Trove2,27.54473,27.75882,27.85424,27.75882
Nedd4l,27.4247,27.22738,27.05238,27.22738
Rbbp4,28.65479,28.49895,28.08279,28.49895
Ube3a,27.29737,27.76414,27.12317,27.29737
Lgalsl,28.04166,27.86738,26.70359,27.86738
Ppp2r5e,28.83277,28.80101,27.98555,28.80101
Sorbs1,23.32965,23.51893,23.65009,23.51893
Exoc2,27.08649,27.28047,26.91775,27.08649
Arhgap44,23.9722,24.49644,24.11561,24.11561
Cadps2,23.16073,22.77784,22.35703,22.77784
Mcu,28.03606,27.97946,27.32251,27.97946
Ccdc132,26.81763,26.8776,26.3869,26.81763
Scg2,24.98425,24.58228,24.25516,24.58228
Scrn3,22.73544,22.91136,21.51321,22.73544
Cdc42bpb,26.66452,26.67842,26.36075,26.66452
Hdgfrp2,26.79971,26.32816,26.14816,26.32816
Rps6,31.1531,31.12448,30.82449,31.12448
Cars,27.53653,27.26338,27.15557,27.26338
Bclaf1,26.69922,25.94918,25.80831,25.94918
Hmgcs1,29.12861,29.2841,28.95013,29.12861
Crk,28.22669,27.72358,27.60604,27.72358
Safb,26.60767,26.36092,26.45976,26.45976
Ddost,28.79113,29.05992,28.69166,28.79113
Arhgap5,24.63583,24.46114,24.4665,24.4665
Ap3m2,28.11744,28.34189,27.64993,28.11744
Lin7a,27.71614,27.35926,27.8499,27.71614
Capns1,26.97946,26.76142,26.2279,26.76142
Exoc1,26.9968,26.99021,26.67922,26.99021
Tpd52l2,26.56152,26.98294,26.81348,26.81348
Gabbr1,26.66384,26.74894,26.2549,26.66384
Cul2,27.75704,27.93117,27.70431,27.75704
Kif2a,28.69939,29.09622,28.77455,28.77455
Olfm1,23.56221,23.92705,24.04568,23.92705
Chchd6,27.80372,28.053,27.64306,27.80372
Rab5a,28.87871,28.91439,28.43524,28.87871
Lmnb2,26.53364,26.47706,25.95653,26.47706
Dbi,30.50484,30.10999,30.27231,30.27231
Eif3f,29.06723,28.95953,28.68539,28.95953
Hint2,28.09793,27.59953,26.45855,27.59953
Ppfia2,26.2611,26.57436,26.48672,26.48672
Fsd1,28.6552,28.64344,28.26696,28.64344
mt-Co1;Mtco1,28.31601,28.40015,28.45666,28.40015
Ttc7b,24.88916,24.87933,25.51896,24.88916
Ensa,25.23294,24.12471,22.63467,24.12471
Scp2,27.39803,27.50612,27.21558,27.39803
Rasgrf2,24.25176,24.48351,24.2379,24.25176
Pip4k2c,25.70359,25.63851,25.67463,25.67463
Nras,29.11634,28.9643,28.31562,28.9643
Hnrnpf,29.44253,29.51271,29.35531,29.44253
Mccc1,26.08357,27.1519,26.96124,26.96124
Rpl13,30.70099,30.6186,30.42902,30.6186
Acot13,27.94431,27.30295,27.80655,27.80655
Cenpv,29.74913,29.9474,29.2059,29.74913
Pde1a,23.98033,23.04915,23.80882,23.80882
Hsd17b12,29.47267,29.43008,29.2624,29.43008
H2afv;H2afz,31.55215,31.08493,30.8067,31.08493
Gspt1,28.60431,28.58778,28.31536,28.58778
Tpm1,26.61709,25.99772,26.05194,26.05194
Iqsec2,23.60885,23.45839,23.31562,23.45839
Lrrc47,27.81635,27.61477,27.27195,27.61477
Sf3a1,26.54943,25.66622,25.31776,25.66622
Eif2s2,27.95149,27.97574,27.32937,27.95149
Dip2b,26.95903,27.05144,26.51034,26.95903
Vps26a,27.24717,27.3726,26.72715,27.24717
Efr3b,25.53273,25.44518,24.74607,25.44518
Slc25a18,26.94134,26.79117,27.77065,26.94134
Rps11,30.2474,30.47305,30.10162,30.2474
Rapgef4,24.73092,24.84542,24.51334,24.73092
Arl6ip5,28.71732,28.72104,28.29675,28.71732
Sacs,22.82114,23.27654,23.0375,23.0375
Slc6a1,28.2454,28.1882,27.04667,28.1882
Snx3,28.50877,28.09159,27.77518,28.09159
Hip1r,26.06778,25.99912,25.83769,25.99912
Arl3,30.08929,29.87665,29.45317,29.87665
Kpna3,28.98872,28.93559,28.40129,28.93559
Ache,26.68525,22.36335,26.53373,26.53373
Fabp7,31.62662,31.27492,31.03682,31.27492
Arhgap32,23.7063,23.84766,23.40106,23.7063
Nucb1,27.72149,27.22398,27.35422,27.35422
Ccar2,27.02528,27.06969,27.23133,27.06969
Snrnp70,27.99432,27.56318,27.35347,27.56318
Snrk,22.93747,23.57554,23.43161,23.43161
Gltp,22.21318,22.25396,21.36746,22.21318
Gpr158,23.33593,20.0125,19.05051,20.0125
Agap2,25.04748,25.07173,24.66177,25.04748
Tnpo2,28.02855,28.03847,27.54532,28.02855
Tubb6,26.32917,23.66014,25.46292,25.46292
Rras2,28.61824,28.63592,28.81302,28.63592
Pdk2,25.51072,25.25634,24.42924,25.25634
Atp5j,31.08151,30.62645,30.39499,30.62645
Pgls,29.62909,29.60302,29.23633,29.60302
Cryz,26.61695,26.27892,26.60654,26.60654
Ndrg4,28.84428,28.62568,28.56474,28.62568
Sar1a,29.05946,29.0516,28.97517,29.0516
Rrbp1,24.35904,23.61223,22.9945,23.61223
Acadvl,26.81115,26.75723,26.38977,26.75723
Astn1,25.46719,25.13731,24.98898,25.13731
Rhob,29.69315,30.12534,29.49977,29.69315
Eftud2,27.74188,27.77756,27.27071,27.74188
Dlgap2,20.42665,20.74944,16.73542,20.42665
Arfgap1,24.94971,24.80218,24.67098,24.80218
Atad1,27.69744,27.88449,27.55179,27.69744
Nid1,21.13896,21.10303,20.50494,21.10303
Gfm1,26.54075,26.07386,26.24164,26.24164
Emc1,28.13472,27.97607,27.68043,27.97607
Eci1,26.49049,25.99669,25.30247,25.99669
Msra,27.04375,26.61947,26.17604,26.61947
Lama5,19.33787,20.38343,19.75789,19.75789
Ftl1,29.93185,29.73929,29.86582,29.86582
Cald1,22.53146,21.29002,20.69277,21.29002
Gsta4,26.26576,25.53291,25.40545,25.53291
Mpp1,23.9604,23.16153,23.17055,23.17055
Ccdc136,23.3415,23.0466,22.88815,23.0466
Esyt1,23.20029,22.75855,22.031,22.75855
Gng13,,16.61554,,16.61554
Gas7,27.23571,27.07867,26.35153,27.07867
Rps28,30.89302,30.72996,30.4745,30.72996
Arrb1,27.29465,27.15219,26.95271,27.15219
Btbd17,25.55625,25.2314,18.54461,25.2314
Syngr3,28.785,28.91442,28.73612,28.785
Psmd4,29.53834,29.5675,28.76582,29.53834
Acot1,27.46139,27.35674,25.50124,27.35674
Cds2,27.47367,27.49052,27.09738,27.47367
Lamtor1,28.69073,28.73509,28.53653,28.69073
Eif4a3;Gm8994,28.35637,28.66133,28.82948,28.66133
Dnm2,27.17636,26.77744,26.55119,26.77744
Cend1,27.44845,27.99701,27.67007,27.67007
Plxnb2,26.51829,26.50012,26.22558,26.50012
Acot11,21.31484,21.50169,21.08213,21.31484
Ubap2l,25.96873,25.68939,25.77698,25.77698
Rbbp9,28.00496,27.46505,27.45411,27.46505
Map4k4,27.56718,27.62547,27.28551,27.56718
Mpc2,29.21011,29.18419,28.72241,29.18419
Rps5,29.98699,30.43698,29.8826,29.98699
Hp1bp3,29.63462,29.31557,29.56378,29.56378
Txndc5,26.61133,26.21605,26.092,26.21605
Xpnpep1,28.03967,28.12898,27.6107,28.03967
Ptprn2,24.0814,24.05109,23.43936,24.05109
Grm1,21.72263,21.62029,21.00956,21.62029
Mgst3,29.63429,29.93832,29.34251,29.63429
Psmb1,29.11798,29.75251,29.7591,29.75251
Slc25a25,25.28171,25.11227,24.87164,25.11227
Tenm4,24.5764,24.37723,24.02547,24.37723
Ppp1r12a,27.00796,27.14909,26.83087,27.00796
Ephx2,21.68898,21.33979,20.25557,21.33979
Snx27,27.18035,27.37923,27.08598,27.18035
Inpp1,27.13271,26.85186,26.31088,26.85186
Clint1,26.495,25.60218,25.48646,25.60218
Dlgap1,24.8005,24.72546,23.99032,24.72546
Hapln4,22.70003,21.99324,17.5092,21.99324
Me2,25.96195,26.27112,25.61167,25.96195
Spag9,25.6209,25.40607,25.2442,25.40607
Rps25,30.8886,30.64263,30.78097,30.78097
Sae1,28.57423,28.21919,28.11267,28.21919
Psmd14,29.58486,29.3919,29.05809,29.3919
Mcts1,28.73638,29.15776,28.44114,28.73638
Vwa5a,23.86136,24.16346,23.0955,23.86136
Ak5,25.98843,25.8469,24.78611,25.8469
Etl4;Skt,21.84938,22.06444,21.43349,21.84938
Scfd1,26.36505,26.27028,26.24963,26.27028
Qars,26.80501,26.65281,26.48573,26.65281
Prkcd,24.22568,24.81264,23.57704,24.22568
Eif3d,27.97285,28.12544,27.72481,27.97285
Vapb,27.9077,27.84254,27.5634,27.84254
Mtpn,30.68746,30.72809,30.7643,30.72809
Eif3l,27.7483,27.45089,27.44884,27.45089
Tceb1,29.87732,29.68679,29.62975,29.68679
Gpx1,27.70655,27.12001,27.12672,27.12672
Exoc7,27.24735,27.1716,27.21456,27.21456
Eif3j1;Eif3j2,24.73536,25.59181,25.1575,25.1575
Sult4a1,26.95382,27.04687,26.46973,26.95382
Fgf12,25.39071,24.93197,23.47964,24.93197
Sf3a3,26.85174,26.89111,26.68003,26.85174
Ppp1r21,26.82917,26.76332,26.73092,26.76332
Mical3,25.18044,25.26821,24.54156,25.18044
Dusp3,27.1032,27.49343,27.20238,27.20238
Tsfm,28.34929,28.52597,27.96791,28.34929
Ppm1a,26.92976,27.01478,26.72573,26.92976
Txnrd2,26.64361,26.41846,25.36973,26.41846
Icam5,22.32232,21.79388,22.3365,22.32232
Exog,26.98923,27.1992,27.486,27.1992
Tpd52,27.08821,26.76269,26.41971,26.76269
Cbx5,29.91413,29.42486,29.7991,29.7991
Mark2,26.85234,27.04166,25.98596,26.85234
Cyp46a1,26.24204,25.93238,25.35148,25.93238
Psmd7,29.67403,29.61423,28.89519,29.61423
Pmpca,27.13448,27.14822,26.78556,27.13448
Idi1,28.4635,28.40466,27.92937,28.40466
Snx1,27.58169,27.09909,27.53245,27.53245
Tssc1,28.35477,28.15267,27.3262,28.15267
Ppme1,28.16485,28.5226,28.13085,28.16485
Enoph1,26.66153,26.53958,25.27021,26.53958
Bag6,27.36753,27.31544,26.99658,27.31544
Ppp1cb,28.8759,29.23777,28.37571,28.8759
Lingo1,25.45995,25.55215,25.42368,25.45995
Sec23a,27.67034,27.57008,27.37235,27.57008
Nlgn3,26.73156,26.95038,26.04831,26.73156
Afg3l2,26.60795,26.79922,26.73363,26.73363
Igsf8,,,,
Vcpip1,26.22207,26.17379,26.57629,26.22207
Epdr1,26.09471,26.17037,25.74853,26.09471
Cyb5b,30.39591,30.1671,29.99456,30.1671
Eml1,26.70925,26.92037,26.31879,26.70925
Rpl8,30.61456,30.94468,30.02644,30.61456
Fxr1,27.53423,27.26446,26.62868,27.26446
Snrpd2;Gm5449,28.23023,27.98446,27.97147,27.98446
Nadk2,26.60555,26.68779,26.54907,26.60555
Cnot1,26.50992,26.54276,26.22812,26.50992
Inf2,22.16549,22.18891,21.23666,22.16549
Ttll12,28.10034,28.22743,28.03831,28.10034
Aldh9a1,26.01704,25.7436,25.71994,25.7436
Ptpn23,26.0224,25.42541,25.39937,25.42541
Cacnb4,25.19554,25.14005,25.20512,25.19554
Ssbp1,28.7592,28.18966,28.14783,28.18966
Fnbp1,23.05049,22.66594,23.25854,23.05049
Pcsk1n,25.99229,26.00089,25.09092,25.99229
Ociad1,27.88879,27.80236,27.22371,27.80236
Gria1,26.009,26.08815,25.16492,26.009
Gstz1,26.91479,26.65526,25.66411,26.65526
Nlgn2,26.8688,26.9266,26.66614,26.8688
Bcs1l,26.50132,26.8642,26.46203,26.50132
Nptx1,21.43461,21.79412,21.49882,21.49882
Ruvbl2,28.88539,28.74191,28.49903,28.74191
Agrn,26.01986,26.30977,25.59394,26.01986
Diras2,27.37567,27.55691,26.81336,27.37567
Oxsr1,27.50105,27.70589,27.00078,27.50105
Slc38a3,22.50385,24.0899,22.74037,22.74037
Sf3b3,27.76863,27.63381,27.51036,27.63381
Plch2,24.82571,24.32347,23.58003,24.32347
Fam49a,29.60844,29.60588,29.24352,29.60588
Ubqln1,28.15711,28.19648,27.69179,28.15711
Pitpnm1,25.85348,25.68024,25.28757,25.68024
Fech,26.70491,26.34706,26.09444,26.34706
Wdr44,25.76631,25.63356,25.39414,25.63356
Csnk2b,29.90985,30.26383,29.7351,29.90985
Epha4,26.81446,26.14833,25.5934,26.14833
Clpp,28.41909,28.38299,28.00753,28.38299
Acaa1a,27.73195,27.796,27.61295,27.73195
Lcmt1,27.89227,28.05605,27.69205,27.89227
Dazap1,29.82681,30.42912,29.61043,29.82681
Snph,23.21365,23.15589,23.20426,23.20426
Coro1b,27.86449,27.39877,27.20723,27.39877
Pkp4,24.02293,24.00975,23.98815,24.00975
Rps21,29.23706,29.36173,29.42408,29.36173
Slc25a23,25.00526,24.92502,24.91875,24.92502
Map7d2,21.74456,21.93995,21.9502,21.93995
Acadm,27.44229,27.45325,27.1977,27.44229
Mccc2,26.87537,26.78681,26.54095,26.78681
Rabggta,26.43436,26.50685,25.95863,26.43436
,22.92345,22.2105,22.2029,22.2105
Wdr48,26.58449,26.58764,26.43204,26.58449
Tomm34,27.45552,27.37509,27.26069,27.37509
Ptms,29.95809,29.49473,29.98956,29.95809
Sh3kbp1,24.84742,24.51971,24.72083,24.72083
Myl6b,28.07821,27.95931,27.97268,27.97268
Tjp2,22.8027,22.73134,22.45423,22.73134
Isyna1,26.30368,25.95892,25.31046,25.95892
Pde4b,24.85015,24.9317,24.50088,24.85015
Gabrb2,27.2893,27.4415,27.12524,27.2893
Dlgap4,26.36212,26.32053,25.61964,26.32053
Pld3,28.16437,28.08537,27.95449,28.08537
Cope,28.49381,28.58499,28.20695,28.49381
Ndufa11,28.96003,29.17596,28.31993,28.96003
Dhrs1,27.23068,27.47584,27.06538,27.23068
Mllt4,26.17242,26.45122,26.03865,26.17242
Hook3,27.13673,26.63187,26.02929,26.63187
Pdpk1,26.15244,26.25234,25.81367,26.15244
Llgl1,27.0337,26.89897,26.37748,26.89897
Pmm1,27.06497,27.02411,26.80008,27.02411
Ctbp2,27.94609,27.97071,27.69525,27.94609
Tomm40,29.90785,29.84788,28.86853,29.84788
Vta1,28.75478,28.67422,28.51664,28.67422
Prmt5,28.03606,28.128,27.3784,28.03606
Prpf19,29.33085,29.53202,29.33616,29.33616
Nmral1,28.90452,28.70971,28.28357,28.70971
Ppm1g,27.61933,26.94994,27.15132,27.15132
Hebp1,25.6124,25.40344,24.32752,25.40344
Nrd1,26.99151,26.95482,26.51959,26.95482
Ecm29;AI314180,26.71411,26.71004,26.13604,26.71004
Cntn2,25.04439,24.72442,24.69779,24.72442
Arhgap26,25.00659,25.30034,24.74796,25.00659
Cplx1,28.40373,28.27453,26.6432,28.27453
Erp44,27.90225,28.0019,27.25566,27.90225
Ralgapa1,25.18401,25.13222,25.06472,25.13222
Hist1h1b,30.70989,30.23375,30.18494,30.23375
Larp1,25.16273,24.2887,23.76172,24.2887
Trim3,27.96648,28.10009,27.85198,27.96648
Gnl1,27.04895,27.37741,26.94503,27.04895
Hdac2,28.62188,28.39893,28.21044,28.39893
Eif5b,26.63312,26.6637,26.26941,26.63312
Pfas,25.9476,25.71586,25.58092,25.71586
Coro1c,29.72626,29.6029,29.14217,29.6029
Pip4k2a,26.13577,26.0704,25.38509,26.0704
Tnpo3,26.5734,26.54554,26.21982,26.54554
Pcyt2,27.05683,27.00646,26.65363,27.00646
Cat,28.24549,28.18504,28.12785,28.18504
Gon4l,17.40333,21.28895,21.35078,21.28895
Tcp11l1,27.09285,26.96124,26.5717,26.96124
Mtch1,28.36236,28.45337,27.93854,28.36236
Prrt2,27.83262,27.08172,26.95027,27.08172
Bcr,26.26397,26.09607,25.83783,26.09607
Cd9,23.2781,25.84151,15.81153,23.2781
Clmn,21.84816,21.898,22.21241,21.898
Tenm2,26.43651,26.17984,25.87755,26.17984
Pdap1,28.56023,28.19737,28.20862,28.20862
Rps20,30.03249,30.172,30.12509,30.12509
Tnks1bp1,22.62865,23.95748,22.21071,22.62865
Itgav,24.72848,23.91907,23.76446,23.91907
Nptxr,23.00684,22.76626,22.56848,22.76626
Psmd5,27.3746,27.24427,26.71686,27.24427
Rabl6,25.43161,25.21738,24.86745,25.21738
Fbxo41,25.97014,26.60922,25.6011,25.97014
Mfn2,26.61905,26.4355,25.82644,26.4355
,23.6221,23.55649,23.50142,23.55649
Cpne5,24.97123,24.71487,24.36373,24.71487
Hist3h2bb;Hist3h2ba,29.6349,28.99167,29.00319,29.00319
Plcl1,24.39362,24.62361,24.06915,24.39362
Brsk1,26.38299,26.37836,26.11295,26.37836
Mut,26.38561,26.41566,26.12847,26.38561
Uba6,26.60823,26.6454,26.02739,26.60823
Cdc42ep4,24.99675,24.47822,24.81069,24.81069
Cdc42bpa,25.30445,24.9697,24.56825,24.9697
Exoc5,26.73815,27.0276,26.90724,26.90724
Rab3gap1,25.4222,25.65524,25.10161,25.4222
Wdfy3,25.1817,25.00217,24.85105,25.00217
Cstb,29.34372,28.73121,28.94899,28.94899
Ndufs7,28.30186,27.57167,27.45576,27.57167
Ckap4,28.77769,28.57996,28.51175,28.57996
Stx12,28.6978,28.32753,28.53764,28.53764
Nop56,28.57091,28.72855,28.42886,28.57091
Ccdc6,26.504,25.92454,25.73753,25.92454
Nme1,27.97126,28.10794,27.238,27.97126
Chmp4b,27.98093,27.84583,27.87408,27.87408
Slc2a3,27.35917,26.87807,26.96862,26.96862
Cul1,26.95782,26.77643,26.33906,26.77643
Specc1,22.3,22.65783,21.92049,22.3
Uba5,28.24934,28.78425,27.79668,28.24934
Slc27a4,27.20807,27.37973,26.65281,27.20807
Akr1b10,25.38156,27.06054,24.92329,25.38156
Glg1,26.4702,26.71686,26.26576,26.4702
Mapk8ip3,26.85234,26.48213,26.32649,26.48213
Dag1,25.1663,24.95096,24.81392,24.95096
Rpl19,30.11731,30.32956,30.835,30.32956
Ap1g1,27.22545,27.37708,26.6133,27.22545
Tprg1l;Tprgl,25.27206,24.93026,24.63788,24.93026
Usp24,25.97064,25.86382,24.95877,25.86382
Bcl2l13,26.34227,26.0618,26.00159,26.0618
Srsf2,30.02314,29.8904,29.95019,29.95019
Pacsin2,24.82138,24.50658,23.53148,24.50658
Camsap2,24.9968,24.80543,24.62689,24.80543
Osbpl2,27.11267,26.99938,26.3604,26.99938
Plxna1,26.97924,27.27719,26.94123,26.97924
Naa15,27.01563,27.09567,26.80304,27.01563
Map2k2,27.02105,27.21623,27.01903,27.02105
Usp47,26.20423,25.98246,25.83461,25.98246
Rap1gap2,24.24902,24.54928,24.30543,24.30543
Actr10,27.52163,28.05186,27.51991,27.52163
Gga3,25.62391,25.22255,25.13053,25.22255
Ogdh,24.15491,22.96983,21.17944,22.96983
Bag5,26.08703,26.06827,25.66365,26.06827
Epb41,25.77455,25.72874,25.49531,25.72874
Cdc5l,26.49587,25.96682,25.97356,25.97356
Rpl11;Gm10036,29.82112,30.13834,29.84125,29.84125
Fxyd6,30.21755,30.0922,30.12078,30.12078
Tmx4,28.96516,28.80511,28.66794,28.80511
Pds5b,26.35037,26.03,25.98767,26.03
Fyn,27.89064,27.90931,27.22876,27.89064
Cacna1a,18.85675,19.60074,19.91644,19.60074
Klc2,27.33943,27.11833,26.7291,27.11833
Trim9,24.24249,24.86387,24.00864,24.24249
Dock3,25.9814,25.99753,25.73286,25.9814
Cul4b,25.56599,25.67082,25.21007,25.56599
Pfdn5,26.36103,28.36035,26.71607,26.71607
Flii,25.88213,25.9718,25.58397,25.88213
Sec24c,26.81665,27.03276,26.57039,26.81665
Rnmt,28.0748,28.01153,28.04718,28.04718
Agap3,28.28776,28.20686,27.90805,28.20686
Pnn,26.90081,26.88972,27.01755,26.90081
Fmnl1,22.06431,21.79182,21.42854,21.79182
Selenbp1,23.87652,23.30048,22.52612,23.30048
Lrrc59,29.42192,29.17217,28.68341,29.17217
Chd4,26.59861,26.369,25.95786,26.369
Eif2s3x,29.0143,29.21801,28.70444,29.0143
Endod1,26.15761,25.63749,25.17341,25.63749
Cox7a2,28.78226,29.1518,28.37716,28.78226
Edc4,26.91878,27.24645,26.80649,26.91878
Wnk1,23.58383,24.10005,23.41777,23.58383
Sec23ip,27.00207,26.60074,26.80181,26.80181
Snx6,27.13555,27.12001,26.66763,27.12001
Ptgds,21.5346,21.38522,,21.45991
Sccpdh,27.13868,27.34232,26.334,27.13868
Katnb1,24.85005,25.20056,25.0599,25.0599
Celf2,29.56584,29.80531,29.55662,29.56584
Tmx2,26.15455,26.35683,25.42053,26.15455
Cst3,24.68233,25.20646,24.50537,24.68233
Ndufa7,27.76427,27.98267,28.15465,27.98267
Stim1,24.27718,24.03154,24.55585,24.27718
Nutf2,29.60964,29.85204,28.96455,29.60964
Nit2,27.62087,27.53979,27.56034,27.56034
Pabpc4;Gm10110,26.96961,26.67155,26.9007,26.9007
Sh3bgrl3,29.35323,29.34591,28.88556,29.34591
Ergic1,28.43821,28.53323,29.03845,28.53323
Usp15,26.55306,26.28221,26.02011,26.28221
Sart1,26.49054,23.6841,23.29572,23.6841
Wbp2,27.38772,27.35876,27.51683,27.38772
Rpl27a,30.68495,30.61123,30.46597,30.61123
Dnajc11,27.09114,27.19761,26.34902,27.09114
Adam23,24.66498,24.62595,23.35124,24.62595
Uba3,26.95172,27.28516,26.7103,26.95172
Timm8a1,27.35674,28.27555,25.71607,27.35674
Cltb,24.26119,25.0109,23.14691,24.26119
Fam21,24.3345,22.30276,22.88618,22.88618
FAM120A,25.1806,25.02107,24.57311,25.02107
Dnajc3,25.30424,23.98242,24.51677,24.51677
Mff,27.02918,27.03139,26.12788,27.02918
Sec13,28.39243,28.50711,27.8846,28.39243
Gng2,26.16521,28.84658,26.52855,26.52855
Taok1,26.7183,26.40157,26.19257,26.40157
Kif3b,26.47859,26.80796,26.33661,26.47859
Epn2,24.02631,23.67325,23.84527,23.84527
Gclc,25.7965,25.58081,24.96552,25.58081
Echdc1,25.05714,24.64998,24.09168,24.64998
Mvp,23.60705,21.1893,21.59682,21.59682
Eif3h,27.07908,26.93899,26.61569,26.93899
Rpl24,30.25856,30.48501,30.07814,30.25856
Cirbp,27.54635,26.85828,27.02009,27.02009
Trim32,26.45197,27.15393,26.42265,26.45197
Vamp1,24.85339,25.70388,23.80912,24.85339
Rasgrf1,21.58582,21.60711,21.17493,21.58582
Ncaph,26.05171,21.32954,23.83355,23.83355
Hmgn5,24.09989,23.51917,23.13402,23.51917
Cspg5,26.1764,25.63204,25.47076,25.63204
Brsk2,25.72005,25.60221,25.6205,25.6205
Bckdha,27.11575,26.55716,26.72624,26.72624
Acox1,27.81072,27.85686,27.71037,27.81072
Nploc4,26.73092,26.90035,26.39189,26.73092
Smap;1110004F10Rik,27.78319,27.0802,27.27444,27.27444
Strn3,26.58434,26.98794,26.98566,26.98566
Vwa8,23.65458,25.30838,23.65785,23.65785
Mtap,26.60315,26.14392,25.36776,26.14392
Rab3gap2,25.42928,25.4075,24.75236,25.4075
Atg3,27.41191,27.09567,26.93044,27.09567
Cadm4,26.9546,26.85698,26.95571,26.9546
Fermt2,26.09148,25.66774,25.2484,25.66774
Rbm39,28.2062,28.31225,27.87168,28.2062
Smc1a,25.91388,25.60981,25.27459,25.60981
Psme1,28.68552,28.26092,28.40819,28.40819
Znf207;Zfp207,25.98553,25.10366,25.63193,25.63193
Fmnl2,26.72975,26.52419,26.27821,26.52419
Arf6,29.02438,29.16339,28.41728,29.02438
G3bp1,28.33573,28.26575,28.07301,28.26575
Kras,28.78263,28.65884,28.53967,28.65884
Rbm3,27.60378,27.37476,27.66628,27.60378
Serpinh1,28.05719,27.46045,27.04822,27.46045
Ndufb7,28.72468,28.71316,28.43197,28.71316
Grm5,24.48019,24.3394,23.99706,24.3394
Tsg101,27.6764,27.30217,27.13634,27.30217
Sh3gl3,24.07202,24.25997,24.32224,24.25997
Caprin1,27.70695,27.30287,27.33577,27.33577
Snta1,23.79035,23.67282,23.12147,23.67282
Rmdn3,26.16139,25.8463,25.72853,25.8463
Psmb6,28.92411,29.16133,28.43396,28.92411
Ralgapb,26.65513,25.45438,26.2903,26.2903
Kcnma1,23.35864,23.48579,22.34803,23.35864
Gabbr2,24.31513,24.53118,24.02808,24.31513
Syap1,24.34415,25.02973,24.99843,24.99843
Rhog,26.5278,23.43733,23.16046,23.43733
Magi2,23.42752,24.24278,23.50082,23.50082
Rpl30,30.57037,31.42882,30.64272,30.64272
Ddah2,29.97076,29.88298,29.80395,29.88298
Atp6ap1,27.78025,27.58871,28.12001,27.78025
Eif3i,28.02892,28.00833,27.8438,28.00833
Phpt1,28.56009,28.35683,28.08628,28.35683
Alad,27.84308,27.6013,27.55837,27.6013
Dock4,23.819,23.81294,23.58463,23.81294
Camk1d,26.37809,26.83726,26.94235,26.83726
1700037H04Rik,26.6071,26.1331,25.63677,26.1331
Gnpda1,25.97007,25.70567,24.94806,25.70567
Eif4g2,27.14773,27.12238,26.7497,27.12238
Ptrf,20.56542,20.19629,,20.380855
Irgq,27.80778,27.79786,27.42093,27.79786
Riok1,21.18229,21.59682,21.86827,21.59682
Sri,25.99987,26.05459,26.51612,26.05459
Fahd1,26.86231,26.92252,26.17104,26.86231
Cops6,28.78971,28.95119,28.19136,28.78971
Fry,23.9805,24.20165,23.4491,23.9805
Slc25a13,26.50945,25.80112,25.79476,25.80112
Usp4,26.19957,26.30112,25.8326,26.19957
Rpl13a,30.59424,30.82388,30.37679,30.59424
Nebl,24.7751,24.40633,24.70846,24.70846
Tsnax,28.13462,27.73905,27.09003,27.73905
Tuba8,19.25038,19.17119,13.87267,19.17119
Aldh3a2,27.49732,27.41917,26.93168,27.41917
Smc3,26.2432,25.75251,25.79546,25.79546
Padi2,21.96575,22.64293,19.5594,21.96575
Kbp;2510003E04Rik,26.7585,27.02665,26.39316,26.7585
Gpsm1,28.13663,28.15687,27.4708,28.13663
Gak,25.44834,25.82936,25.15341,25.44834
Pepd,26.87115,26.45819,26.07441,26.45819
Adss,28.21336,27.98142,27.87391,27.98142
Ikbkap,26.47857,26.72442,26.60442,26.60442
Mrps23,27.38055,27.68097,27.61632,27.61632
Plbd2,25.23371,26.05548,25.2996,25.2996
Shmt2,29.38679,29.30639,29.01073,29.30639
Gapvd1,26.87455,27.24916,26.56931,26.87455
Birc6,25.10518,25.1312,24.87441,25.10518
Tcerg1,26.54797,26.0843,26.27453,26.27453
Sf1,26.81336,26.44971,26.10372,26.44971
Krt82,22.93079,21.31058,23.33347,22.93079
Mia3,24.8243,24.28249,24.40594,24.40594
Armc6,28.33884,28.50964,28.06034,28.33884
Pfdn6,25.72845,27.87824,26.84685,26.84685
Thnsl1,25.47113,25.51506,24.95722,25.47113
Pdcd5,27.47437,28.04171,27.48715,27.48715
Tbc1d10b,26.53958,26.47857,26.3441,26.47857
Psmd8,28.79579,28.46513,28.14331,28.46513
Cttnbp2,25.13363,24.75246,24.34618,24.75246
Ube2m,28.56678,28.57661,28.32757,28.56678
Eml2,24.4771,24.60008,23.87267,24.4771
Ctnna1,25.83142,26.19686,25.72775,25.83142
Vps4a,26.97257,27.18679,26.44708,26.97257
Apmap,27.1794,26.89389,26.7474,26.89389
Decr1,24.62494,24.9729,24.86036,24.86036
Plcg1,26.91331,26.9292,26.34198,26.91331
Smap1,28.4088,28.1049,27.90455,28.1049
Fahd2,26.56451,26.56523,26.21908,26.56451
Rab5b,28.52973,28.78338,28.00523,28.52973
Asap2,25.9175,25.96179,25.56564,25.9175
Wnk2,24.04252,24.0597,24.13289,24.0597
Slc25a1,28.51638,28.37065,27.68137,28.37065
Hist1h1d,30.41034,29.65038,30.10762,30.10762
Scamp1,27.84912,27.62003,27.41119,27.62003
Syt12,21.63245,20.70481,19.83297,20.70481
Eif4e,28.66139,28.6982,28.52578,28.66139
Golgb1,22.25796,21.27668,23.23225,22.25796
Rangap1,26.96411,27.58721,27.25737,27.25737
Mtdh,26.2878,26.47472,26.48613,26.47472
Eif3g,27.07979,26.95172,27.02094,27.02094
Ahi1,23.29614,23.34082,23.42675,23.34082
Atp6v0c,32.46351,32.0898,32.57269,32.46351
Bola2,29.08078,29.45191,28.6698,29.08078
Dnajc13,26.02732,25.94304,25.18824,25.94304
Atp2a3,20.90536,21.00182,,20.95359
Kif3a,27.24036,27.20032,26.92739,27.20032
Gnpda2,25.26757,25.13242,25.21945,25.21945
Nrgn,24.96622,24.01171,24.14717,24.14717
Sh3bgrl2,26.12469,26.58291,25.36202,26.12469
Prkar1b,25.94902,25.94889,25.69535,25.94889
Nup98,25.13938,24.9558,24.90504,24.9558
Sema7a,23.86778,23.57265,22.58758,23.57265
Cmas,28.18792,27.96163,27.97935,27.97935
Api5,27.04135,26.93719,26.49169,26.93719
Acss2,25.02196,24.9839,25.04026,25.02196
Dctn4,28.01239,28.24866,27.61323,28.01239
Atox1,28.82636,28.97804,28.38607,28.82636
Tmed10,29.75159,29.75047,29.53358,29.75047
Snrpf,28.90575,29.23603,28.92238,28.92238
Rab21,27.30051,27.56435,27.65915,27.56435
Arhgap21,23.50918,23.30675,23.12052,23.30675
Mapt,21.89067,21.89697,21.77088,21.89067
Coasy,27.65274,27.31095,26.90219,27.31095
Vps16,26.84733,26.80255,26.58133,26.80255
Trappc8,25.36212,25.44177,25.05138,25.36212
Tomm22,27.94509,29.33739,27.61512,27.94509
Tanc2,24.66237,24.72843,24.12534,24.66237
Msmo1,28.48865,28.55859,28.28277,28.48865
Hip1,26.25113,26.2668,25.80139,26.25113
Prodh,21.85704,21.09204,21.13777,21.13777
Nck2,25.74376,26.35181,26.21056,26.21056
Gpr37l1,,,18.10518,18.10518
Nova2,28.41006,28.6729,28.56863,28.56863
Hepacam,22.05752,22.48966,20.99182,22.05752
Eri3,27.53882,28.11322,27.29123,27.53882
Ppm1e,27.26874,27.43825,27.1898,27.26874
Ogfod1,21.81671,21.70252,22.01944,21.81671
Rpl27,31.21135,31.09723,30.71579,31.09723
Prosc,27.22085,27.30374,27.29973,27.29973
Abcf2,26.68579,26.49456,26.51327,26.51327
Mobp,,,,
Cryl1,23.18485,22.21012,22.52901,22.52901
Htatsf1,26.68151,26.1557,25.98694,26.1557
Synrg,23.45701,23.3656,23.1534,23.3656
Plcl2,25.89169,25.96805,25.59722,25.89169
Abce1,27.41208,27.49579,27.37044,27.41208
Aacs,27.67378,27.8546,27.16413,27.67378
Gucy1a2,24.35743,24.45494,23.5932,24.35743
Pitpnb,27.93038,27.33977,26.96565,27.33977
Srp72,28.32371,28.24486,27.11991,28.24486
Drg2,27.75735,27.88034,27.44016,27.75735
Plaa,27.2699,27.21521,27.06836,27.21521
Cdv3,25.32151,24.98659,25.70155,25.32151
Rps17,30.61877,30.95227,30.5037,30.61877
Trappc10,24.90885,24.95514,24.23367,24.90885
Nfasc,23.77122,23.46688,23.39702,23.46688
Ehd4,23.31091,25.4924,23.55039,23.55039
Nucks1,27.65116,26.22358,26.85079,26.85079
Vps33b,26.53044,26.52837,26.31067,26.52837
Elmo2,26.24362,26.0008,25.64537,26.0008
,27.60788,27.39869,27.1849,27.39869
Gm996,20.56523,21.15307,20.82306,20.82306
Brk1,23.02366,28.48896,23.28757,23.28757
Rab31,28.10144,28.59452,27.61077,28.10144
Cyb5r1,27.68144,27.48401,26.95338,27.48401
Ylpm1,23.48259,23.86495,23.01156,23.48259
Oscp1,25.78047,25.14771,25.07227,25.14771
Ccdc88a,25.72866,25.36236,25.34076,25.36236
Dis3l2,25.61986,25.88535,25.12892,25.61986
Impact,27.54112,27.31354,27.13252,27.31354
,23.82172,23.90104,23.86202,23.86202
Parp1,26.93888,26.63284,26.68565,26.68565
Utrn,21.10604,20.92303,20.42275,20.92303
Clic1,26.96411,26.63506,25.96974,26.63506
Anxa11,23.45601,24.05598,22.59842,23.45601
Tra2b,29.3935,29.5026,29.03732,29.3935
Sec24b,26.9752,27.14957,26.58449,26.9752
Rbp1,28.47537,27.61379,27.7431,27.7431
Ppp1cc,27.08578,27.18149,27.16241,27.16241
Vipas39,25.68429,25.66736,25.37255,25.66736
Ndufb3,28.86862,28.84521,28.70041,28.84521
Setd3,25.91278,26.10901,25.5118,25.91278
Stxbp5,26.11971,26.29976,25.93652,26.11971
Lactb,25.56555,25.9844,25.49491,25.56555
Vps52,26.90965,26.78444,26.61625,26.78444
Chn2,24.97544,24.95544,24.89449,24.95544
Pitpnc1,25.54424,25.96957,25.32591,25.54424
Cd200,30.16674,30.20081,29.55943,30.16674
Fkbp2,27.56877,27.50105,25.8998,27.50105
Vac14,26.59363,26.77819,26.23312,26.59363
Rpl35a,30.41377,30.30802,30.31268,30.31268
Rpl10;Rpl10l,30.99395,31.12762,30.74927,30.99395
Mtmr7,25.78094,25.97253,25.37971,25.78094
Gpx4,26.90541,27.4708,26.94179,26.94179
Dnm1l,22.44377,21.59291,21.63325,21.63325
Osbpl6,24.57121,24.80553,24.48757,24.57121
Pdxdc1,25.7476,25.93744,25.3688,25.7476
Stk32c,26.2522,25.72377,25.19408,25.72377
Srp54,27.34172,27.38558,26.75532,27.34172
Lama2,18.95421,18.37058,20.17353,18.95421
Rab3b,26.4495,26.02846,25.92207,26.02846
Hdgfrp3,28.79039,28.29347,27.82869,28.29347
Tfam,27.00496,26.8783,26.70899,26.8783
Lmtk3,24.86089,24.39643,24.5405,24.5405
Ncln,27.88908,27.9034,27.83617,27.88908
Sugp2,26.19753,26.65935,25.9362,26.19753
Hsdl1,28.33368,28.49888,28.51631,28.49888
Ube2i,28.81225,29.77448,29.65492,29.65492
Itm2c,26.91969,26.64141,26.30899,26.64141
Sdr39u1,24.97408,24.3887,24.69339,24.69339
Lgi3,18.1749,18.75773,18.69422,18.69422
Tom1,24.23666,24.70972,23.28701,24.23666
Bai1,24.63915,23.82445,21.85821,23.82445
Capn1,23.0653,22.85633,23.63034,23.0653
Ptk2,25.15804,25.74011,25.37322,25.37322
Rasa1,26.6088,26.45312,26.26308,26.45312
Fam177a1,24.6006,23.82929,23.75471,23.82929
Nmt1,27.15885,27.1025,26.752,27.1025
Apeh,26.00949,26.23087,26.02907,26.02907
Ciao1,26.48613,26.5705,26.52876,26.52876
Apbb1,25.65373,25.834,25.34979,25.65373
Cyld,25.31824,22.65622,22.73016,22.73016
Camk1,27.05538,27.11942,26.76294,27.05538
Apc,24.4698,24.60942,24.64477,24.60942
Dock1,21.15388,21.02905,21.6601,21.15388
Arpp19,26.0046,20.68115,24.89703,24.89703
Brinp1,24.23345,23.03852,22.68378,23.03852
Arhgef9,23.92615,23.45098,24.40093,23.92615
Dnajb1,27.92841,27.00892,26.6432,27.00892
Tmem11,28.11857,28.11719,27.7082,28.11719
Cops8,28.40337,28.36732,28.29868,28.36732
Rnf14,28.61277,27.22343,27.04093,27.22343
Ak2,27.90248,27.95405,26.74201,27.90248
Rnf214,26.37758,26.48482,26.04777,26.37758
Nid2,19.02497,19.35357,18.53632,19.02497
Rpl21,30.53083,30.75478,30.43788,30.53083
Mlec,27.94799,28.14734,26.95294,27.94799
Tecr,28.43928,27.95077,27.93764,27.95077
Adcy9,22.70843,21.87856,21.73277,21.87856
Ahcyl2,24.8674,25.38696,24.86235,24.8674
Fuom,21.87391,23.15586,22.10447,22.10447
Lamtor3,28.86068,28.68529,28.30969,28.68529
Crbn,24.93121,25.33477,24.75822,24.93121
Rpl26,30.32367,30.16639,30.03852,30.16639
Hsdl2,24.61414,24.00247,23.92967,24.00247
Hectd1,24.66438,24.73205,24.25811,24.66438
Plxnb1,24.08489,23.87895,23.22105,23.87895
Cad,26.75455,26.68177,26.91411,26.75455
Arfgef2,24.01197,23.95695,23.24699,23.95695
Trappc4,26.94637,26.94927,26.62115,26.94637
Mast1,25.39976,25.27767,24.67901,25.27767
Gtpbp1,27.32526,27.53341,27.08071,27.32526
Pgam5,27.76913,27.9457,27.66479,27.76913
Cetn2,26.02642,23.96393,24.99714,24.99714
Ddx23,26.24062,26.22821,26.24701,26.24062
Hn1,27.70015,27.6071,27.16519,27.6071
Dgkg,22.56697,21.8101,22.514,22.514
Gtf2i,26.25018,26.44523,26.3767,26.3767
Srpk2,26.22968,26.13692,25.65201,26.13692
Tpm1,26.15254,26.01765,24.71811,26.01765
Tbc1d24,27.8597,28.30326,27.54922,27.8597
Ppm1f,25.33698,24.80971,24.79561,24.80971
Pcyox1l,27.59719,27.60682,27.07429,27.59719
Stk24,26.34138,26.33603,26.53395,26.34138
Umps,26.49866,26.73583,26.25232,26.49866
Dab2ip,24.74817,25.02196,24.76749,24.76749
Sgtb,26.58835,26.83038,25.51093,26.58835
Fnta,25.90557,25.75259,26.31562,25.90557
Mtfp1,24.7225,25.90727,24.14048,24.7225
Ptpra,25.74471,25.33269,24.69748,25.33269
Lxn,28.32139,27.84194,27.1052,27.84194
Tnik,25.41764,25.38354,25.22953,25.38354
Fam126b,23.48062,23.66709,23.33674,23.48062
Sorl1,22.18238,22.48628,21.85848,22.18238
Daam1,26.03261,25.9449,25.36416,25.9449
Gcc2,22.81742,26.30269,21.67569,22.81742
Pef1,27.16643,27.12879,26.25861,27.12879
Map1s,27.28842,27.2116,26.92626,27.2116
Lrrc57,26.34474,26.41592,25.5721,26.34474
Vps53,26.39324,26.53179,26.0475,26.39324
Abcb7,26.67344,26.53594,25.96144,26.53594
Pdp1,26.45111,26.2078,26.10302,26.2078
Txn2,27.04489,26.06694,25.96926,26.06694
Ufm1,29.36277,29.04659,28.84077,29.04659
Lman2,27.30138,27.33185,26.76951,27.30138
Magi1,24.57854,24.53765,24.30758,24.53765
Itfg1,27.75532,28.18509,27.47057,27.75532
Agpat3,26.8114,26.96939,26.64774,26.8114
Snx12,27.5852,27.89753,27.88588,27.88588
Copz1,28.5974,28.63834,27.90144,28.5974
Sort1,24.97845,24.65971,24.7239,24.7239
Acadsb,28.56536,28.70859,28.1694,28.56536
Fbxl16,25.74545,26.0227,25.67887,25.74545
Fam169a,25.28894,25.05159,24.65141,25.05159
Abcb1a,19.9082,20.4913,21.13715,20.4913
Dgkz,24.43517,24.23703,23.96508,24.23703
Lsm2,28.23183,28.02348,27.88268,28.02348
Snap29,26.94268,26.39953,25.95411,26.39953
Fah,21.79982,22.67556,22.03466,22.03466
Eci2,27.05321,26.66601,26.7604,26.7604
Rimbp2,23.11267,21.92713,22.27014,22.27014
Rab8a,27.56282,27.40617,26.84086,27.40617
Rab15,24.0411,24.39715,23.93346,24.0411
Nfs1,26.83882,26.54784,26.22372,26.54784
Map7d1,24.75062,24.735,25.06246,24.75062
Rpl14,31.37083,31.35195,30.93769,31.35195
Golga3,24.85747,24.95234,24.65758,24.85747
Ndufaf4,27.58764,25.74065,25.59061,25.74065
Ciapin1,27.08314,26.9069,26.31491,26.9069
Sgsm1,23.60513,23.23804,22.92532,23.23804
Gaa,26.47692,26.32249,25.62324,26.32249
Stt3a,27.24463,27.04156,27.09396,27.09396
Cygb,24.66031,24.47896,23.41209,24.47896
Kiaa0196,25.20903,25.38926,24.97303,25.20903
Uchl5,27.06054,27.05548,26.46346,27.05548
Hcfc1,25.6036,25.73934,25.41613,25.6036
Pick1,26.04887,26.15933,25.61327,26.04887
Coq9,27.58556,27.07449,26.92445,27.07449
Tfg,27.51028,27.41538,27.14783,27.41538
Chp1,27.01744,26.72195,27.27968,27.01744
Ddt,26.60724,26.32473,26.18391,26.32473
Dnajb4,26.62324,26.32447,26.03301,26.32447
Snrpd3,30.63919,30.40629,30.26718,30.40629
Lgals1,26.63478,27.17997,26.24425,26.63478
Ddx19a,27.35901,27.38294,27.07796,27.35901
Ppt1,27.19385,27.20341,26.59064,27.19385
Sos1,24.57051,24.2446,24.9589,24.57051
Neo1,26.65363,26.4595,26.5145,26.5145
Tecpr1,25.09269,25.46205,24.79595,25.09269
Stoml2,27.84464,27.87842,27.56602,27.84464
Kpna6,26.54187,27.06157,26.68859,26.68859
Rps27l,30.47904,30.64719,30.39407,30.47904
Rab11fip5,24.57433,25.00984,25.10522,25.00984
Qki,26.59178,26.27617,24.96274,26.27617
Ube2k,27.63623,28.10525,27.60067,27.63623
Necab1,25.84766,25.8333,25.54972,25.8333
Rps6ka2,23.63334,23.38047,22.81237,23.38047
Cmpk2,25.26012,25.71942,24.91045,25.26012
Arl8b,27.8387,27.98452,27.75691,27.8387
Rab39b,27.3692,27.34976,26.91559,27.34976
Ampd2,25.09414,25.06233,24.93715,25.06233
Atg7,25.61902,25.67266,25.46771,25.61902
Necab2,24.59889,23.83865,23.42944,23.83865
Dbi,25.20445,,24.97946,25.091955
Ccar1,26.53902,26.47622,26.34888,26.47622
Atrx,26.16269,26.23708,25.91639,26.16269
Vcam1,21.19274,20.98148,18.9691,20.98148
Atg2b,23.94387,23.83297,23.66427,23.83297
RtcA,27.76091,27.88873,27.39133,27.76091
Ube3c,26.57467,26.13258,25.87427,26.13258
Fam162a,27.72949,27.50915,27.44261,27.50915
Mesdc2,27.99389,27.45442,27.09013,27.45442
Mrps9,26.82092,26.60116,26.39315,26.60116
Pycr2,28.25232,28.62582,28.14637,28.25232
Ehbp1,24.67514,24.63799,24.70187,24.67514
Wdr26,25.96104,26.37191,25.91614,25.96104
3/2/2015 0:00,25.45551,25.19246,24.66644,25.19246
Stmn2,28.78054,27.93292,28.93764,28.78054
Ero1l,25.58918,25.48475,25.22861,25.48475
Mcf2l,24.45017,24.31652,23.79778,24.31652
Acsf3,25.47618,25.05519,24.45387,25.05519
Atl3,25.23158,24.76248,25.04897,25.04897
Arhgap23,24.37577,24.27689,23.95527,24.27689
Dctn3,27.21327,28.22959,27.25773,27.25773
Slc16a1,24.97211,24.02124,24.06571,24.06571
Sarm1,28.25038,28.09305,27.7656,28.09305
Glyr1,27.14763,27.02369,26.48213,27.02369
Cntfr,26.53156,27.26544,26.46697,26.53156
Ranbp3,26.04939,25.71767,25.43081,25.71767
Cnn3,26.70425,27.04082,26.66343,26.70425
Ndrg2,23.10165,23.2637,21.59701,23.10165
Pam,23.30952,23.39061,22.6946,23.30952
Acin1,26.12631,26.27904,25.88481,26.12631
Atp9a,26.31748,26.32034,26.02147,26.31748
Ttyh1,26.23798,25.5086,25.56761,25.56761
Tmod1,23.24589,24.23264,22.30563,23.24589
Arfip2,26.68043,26.58377,26.55198,26.58377
Ptgr2,25.76519,25.26252,23.88762,25.26252
Daam2,24.41203,24.21638,23.01108,24.21638
Vps51,26.70187,27.19901,26.82481,26.82481
Hras,27.2615,27.61779,26.96895,27.2615
Ocrl,25.4921,25.29372,25.04856,25.29372
Fubp1,26.46012,26.27668,26.58635,26.46012
Sdhc,27.97345,28.38311,27.60449,27.97345
Spock2,27.52545,27.28621,27.30843,27.30843
Sncg,24.90412,21.6039,,23.25401
Limch1,23.65895,23.64526,23.16746,23.64526
Slc1a4,27.77712,27.74714,27.7805,27.77712
Exoc6b,25.81563,25.91056,25.79756,25.81563
Pdk1,25.67185,24.99335,24.73474,24.99335
Hnrnph3,28.54422,28.16485,28.00174,28.16485
Prrc2c,23.05245,22.45771,22.38682,22.45771
Gss,25.51512,25.51289,25.07259,25.51289
Grm2,23.79471,23.28037,22.89082,23.28037
Gnai3,28.71637,28.50968,28.15509,28.50968
Fn3krp,24.98037,25.07378,26.10875,25.07378
Arhgef11,23.86306,23.88539,23.0481,23.86306
Ppm1b,26.70226,26.92728,26.89227,26.89227
C2cd2l,26.03456,25.70068,25.72273,25.72273
Rnps1;Gm9825,28.56551,28.23704,28.15682,28.23704
Hmgcl,27.24118,27.5708,26.98294,27.24118
Prom1,22.79832,22.62914,21.23216,22.62914
Nif3l1,27.55772,27.79489,27.09748,27.55772
Arfip1,24.26992,23.77032,23.72015,23.77032
Bub3,28.02126,27.76477,27.77335,27.77335
Trappc3,27.55238,27.58212,27.55223,27.55238
Urod,26.83388,26.76028,26.24958,26.76028
Nudt11;Nudt10,27.49014,27.68063,27.04416,27.49014
Ptpn5,24.52409,24.56912,25.77153,24.56912
Gcsh,25.49604,26.13142,22.6657,25.49604
Pde10a,26.23019,26.35637,25.61015,26.23019
Crkl,27.82614,27.48708,27.5695,27.5695
Cmtr1,25.60229,25.52743,24.71728,25.52743
Ccdc47,27.73286,27.72436,27.17893,27.72436
Shroom2,23.76334,22.76154,22.76375,22.76375
Rab12,27.59306,27.48393,27.0749,27.48393
Arih1,26.36112,26.51688,25.83142,26.36112
Metap2,26.82966,27.33083,26.3551,26.82966
Kcnab2,24.20165,23.94351,,24.07258
Mat2b,26.99755,27.03391,26.91422,26.99755
Lnpep,24.87,24.52618,24.65682,24.65682
Ccdc22,25.88749,25.86858,25.94165,25.88749
Rragc,27.19554,26.74881,26.42224,26.74881
Ubfd1,27.07714,26.26762,26.79303,26.79303
Dmd,21.26241,21.07783,20.92868,21.07783
Gpc1,28.40381,28.30108,28.21595,28.30108
Wasl,24.15599,24.84886,24.01979,24.15599
Trp53bp1,26.45648,26.37776,26.29248,26.37776
Ociad2,23.87858,25.21004,23.97027,23.97027
Sqstm1,25.21434,26.10392,25.58497,25.58497
Mink1,20.96698,22.05484,21.48168,21.48168
Wasf3,23.12514,23.92841,23.00989,23.12514
Micu3,26.44242,25.57808,25.15619,25.57808
Hectd3,25.42069,25.49969,24.93225,25.42069
Drg1,27.26866,27.4739,26.96257,27.26866
Rbm14,27.59477,27.54259,27.38805,27.54259
Arhgdib,26.39486,25.6355,24.90035,25.6355
Ago1,24.89564,24.81309,24.50882,24.81309
Fkbp8,26.70701,26.1579,26.22083,26.22083
Dock7,27.105,26.83388,25.96992,26.83388
Tial1,27.308,27.17465,27.17455,27.17465
Rps27,27.1883,26.70398,27.2833,27.1883
Cbl,24.67266,24.31886,24.03263,24.31886
Trp53i11,29.13836,27.64623,27.31907,27.64623
Ddx42,25.15549,24.60145,24.49473,24.60145
Chmp2a,27.4603,27.06054,27.07806,27.07806
Lmo7,20.21276,19.57356,21.80191,20.21276
Naa10,27.87303,27.62352,27.31553,27.62352
Gmpr,25.0375,25.44028,24.41538,25.0375
Hnrnpk;Gm7964,26.28238,26.55145,26.1036,26.28238
Exoc8,26.10843,26.06585,26.52301,26.10843
Nck1,25.42733,24.79283,24.97001,24.97001
Lztfl1,26.40618,26.52962,26.20765,26.40618
Hecw2,23.5285,23.49521,23.35917,23.49521
Srrm2,24.58199,24.34976,24.56668,24.56668
Nudcd3,25.73995,25.54975,24.89606,25.54975
Magoh;Magohb,28.50707,28.40868,28.03564,28.40868
Supt6h,23.998,24.64124,24.05184,24.05184
Eif3e,27.33219,27.63554,27.07551,27.33219
Prrc2a,23.25059,22.78586,22.63121,22.78586
Pdk3,25.4665,25.63303,24.91274,25.4665
Top1,28.08482,27.63969,27.74214,27.74214
Cdc16,26.23338,26.84218,26.15358,26.23338
Srp68,26.92909,27.15528,26.97312,26.97312
Dtna,24.76901,24.78387,24.13359,24.76901
Braf,25.62959,25.39382,25.00779,25.39382
Nt5c3a,26.66492,26.48262,25.97909,26.48262
Nova1,27.13359,27.13006,27.23809,27.13359
Gng3,23.15323,28.51405,25.06353,25.06353
Lypla2,28.34697,28.65826,28.39509,28.39509
Slc9a6,26.06279,25.93692,25.77349,25.93692
Rps6ka5,26.71004,26.63132,26.25222,26.63132
Zfr,25.59221,25.4996,25.27046,25.4996
Fam129b,25.25803,25.90129,25.30911,25.30911
Dnaja4,22.92765,22.10597,22.94088,22.92765
Nup155,26.38998,26.44552,26.20695,26.38998
Atp5e,29.87668,29.92762,29.48853,29.87668
Syn1,20.94428,19.90432,20.02823,20.02823
Snrpa;Gm5145,27.00378,27.90993,27.07327,27.07327
Ankfy1,27.43006,27.46855,26.97989,27.43006
Cdh11,21.6891,22.6616,20.80412,21.6891
Pmpcb,27.07255,27.18338,26.7934,27.07255
Habp4,22.30226,22.63713,22.23307,22.30226
Manf,27.93613,26.65335,26.15767,26.65335
Trappc11,25.55028,25.50776,25.05978,25.50776
Ccdc104,24.64823,24.19993,23.78606,24.19993
Msi2,26.48004,26.26783,26.40775,26.40775
Arvcf,25.71707,25.5936,25.30229,25.5936
Cdc26,26.65826,26.36603,26.22909,26.36603
Atp13a1,26.18745,26.91513,25.63744,26.18745
Folh1,15.49323,20.92796,13.22355,15.49323
Vps28,28.34384,27.76275,27.8484,27.8484
Sall2,29.28034,29.26448,29.60428,29.28034
Coro2a,21.93923,22.40919,21.08109,21.93923
Mast2,21.8858,21.68735,21.4765,21.68735
Plxnd1,24.73268,24.9852,24.25061,24.73268
Gabarapl2,26.68083,27.36052,26.58018,26.68083
Dnajc8,26.11299,24.87343,24.77957,24.87343
Rps23,30.25732,30.31192,30.14139,30.25732
Dnaja3,25.86036,25.8659,25.46731,25.86036
Rasa3,23.95269,23.43314,23.43708,23.43708
Fam114a2,25.49558,25.64491,24.98763,25.49558
Lin7c,26.6363,27.4255,27.5244,27.4255
Ptrh2,28.65253,28.29758,28.29413,28.29758
Usp8,25.55792,23.15973,22.56943,23.15973
Sik3,23.90976,24.37756,23.55871,23.90976
Wdr11,25.80314,25.76,25.52841,25.76
Tpm1,26.964,26.12224,25.87138,26.12224
Arhgef12,25.00894,25.19133,25.19152,25.19133
Exoc3,26.64609,26.47282,26.58806,26.58806
Ppp6r2,25.67718,25.81248,25.14071,25.67718
Prickle2,23.93157,23.95056,23.34327,23.93157
Arf5,28.88393,29.2643,28.17508,28.88393
Lancl1,26.49402,26.84062,26.22092,26.49402
Slc6a9,25.50179,25.38044,25.48496,25.48496
Gamt,26.53026,26.14725,25.60532,26.14725
Gbf1,25.12388,25.04939,24.30487,25.04939
Scyl1,25.45851,25.36866,25.14523,25.36866
Svop,25.31077,24.47141,25.04364,25.04364
Plrg1,25.80629,25.42406,25.43946,25.43946
Dgki,25.50112,25.37126,25.08123,25.37126
Luc7l2,26.92059,26.92581,26.79501,26.92059
Rims2,22.31976,21.81941,21.96902,21.96902
Ate1,26.46222,26.1802,25.45557,26.1802
Arsb,23.626,23.92823,24.34482,23.92823
Pik3r4,24.79198,24.94333,24.32093,24.79198
Akap9,23.60264,23.20329,23.35394,23.35394
Rpl38,30.33437,30.48827,30.08942,30.33437
Slc1a6,18.6453,,,18.6453
Impdh2,29.43796,29.72022,29.0155,29.43796
Cstf2,26.14009,26.2486,26.35788,26.2486
Gcdh,26.37996,26.22175,25.73859,26.22175
Pgm3,26.5044,26.6302,26.27421,26.5044
Pgap1,28.10534,28.43734,27.83008,28.10534
Cacna1e,23.26699,22.97926,22.50286,22.97926
Pafah1b3,29.96513,30.20676,29.71895,29.96513
Dcaf7,28.22357,28.03323,27.55186,28.03323
Numbl,25.03141,25.3455,25.04914,25.04914
Gclm,27.49496,27.45685,25.87239,27.45685
Agfg1,26.23659,26.26746,25.52438,26.23659
U2af1,28.31077,29.42017,28.31246,28.31246
Cyp2d22,19.69444,20.30006,19.21012,19.69444
Rptor,25.71211,25.59602,25.56819,25.59602
Sephs1,26.83665,26.95848,26.41582,26.83665
Mark1,26.14455,26.3227,25.61555,26.14455
Ssrp1,27.66492,27.50309,27.3741,27.50309
Rps6kc1,22.49821,21.84743,22.01536,22.01536
D430041D05Rik,24.39499,24.85486,24.18563,24.39499
M6pr,24.45017,25.3123,24.56639,24.56639
Lrrc40,26.40204,26.55774,25.95214,26.40204
Pddc1,28.38336,27.83232,27.92388,27.92388
Rgs10,24.33736,24.61386,24.3682,24.3682
Gm20521,27.30843,27.28189,27.08942,27.28189
Agpat4,27.53319,27.40625,26.96157,27.40625
Dmxl1,23.26728,23.52946,23.04186,23.26728
Mapk8,27.62638,27.56674,26.99959,27.56674
Ddhd1,23.89551,24.06604,23.05857,23.89551
Gabra1,24.72343,24.30389,24.16192,24.30389
Smcr8,24.64504,24.51099,24.2553,24.51099
Plcb3,22.11082,22.12452,17.91468,22.11082
Mob4,28.55072,29.00606,28.03234,28.55072
Appl2,24.21,24.26849,23.75634,24.21
Tbcel,24.14872,24.30194,24.0757,24.14872
Wdr77,28.59374,28.46108,28.32911,28.46108
Atxn2l,24.93647,26.73622,24.8667,24.93647
Ctps1,27.61569,27.99053,27.54392,27.61569
Elavl3,29.60012,29.68114,29.34896,29.60012
Fsd1l,28.00582,28.03128,27.71614,28.00582
Commd9,26.96565,26.68752,25.30497,26.68752
Pign,27.24916,26.7082,25.80796,26.7082
Evi5l,25.6689,25.57045,25.30977,25.57045
Acy1,24.57375,24.46681,24.46719,24.46719
Xpo7,26.52019,27.2007,26.67331,26.67331
Pak3,26.68833,25.85859,26.08195,26.08195
Aimp2,27.55779,27.83533,27.57967,27.57967
Scn1b,19.71023,19.62975,,19.66999
Armc1,26.23325,26.33084,25.62876,26.23325
Ndufab1,29.94657,29.76354,29.68494,29.76354
Crat,25.92911,26.1707,25.67487,25.92911
Rcc2,27.86195,28.26705,27.90242,27.90242
Tmpo,24.96252,24.56151,24.62025,24.62025
Gorasp2,27.18914,27.90397,27.4549,27.4549
Atl2,27.04906,26.87185,27.18773,27.04906
Memo1,26.37945,25.99164,25.62288,25.99164
Ahnak2,21.16981,19.81711,19.58804,19.81711
Son,24.74571,24.57986,24.46955,24.57986
Tsr2,23.89994,23.92624,22.61261,23.89994
Zfyve1,24.54557,24.44209,24.25314,24.44209
Smarca5,26.1117,26.07089,25.70422,26.07089
Rab6b,29.07974,28.98202,28.63416,28.98202
Lnp,26.53413,26.06883,25.85633,26.06883
Atp6ap2,27.5847,27.59199,26.78681,27.5847
Cops7a,25.99097,25.54212,26.13153,25.99097
Acyp2,24.62856,24.8998,24.37868,24.62856
Lzic,27.68899,27.9907,27.56173,27.68899
Dip2c,26.39823,26.61203,26.1168,26.39823
Rprd1a,27.29955,27.2379,26.59989,27.2379
Igsf21,25.16385,24.9668,25.09245,25.09245
Ppp1r2,25.62165,26.00118,25.80489,25.80489
Tmsb4x,31.12836,30.79103,31.36677,31.12836
Cdk16,25.72299,25.93979,25.64389,25.72299
Eps8,25.08974,24.76916,24.584,24.76916
Slc9a1,22.91103,21.6457,21.94321,21.94321
Slc24a2,22.12231,22.41872,21.87452,22.12231
Isoc2a,25.43489,26.46944,25.58703,25.58703
Tmem65,27.22122,27.15345,27.21484,27.21484
Cul4a,25.34042,25.52076,24.99339,25.34042
Tubgcp2,24.68982,24.63256,23.92125,24.63256
Rbfox2,27.72221,27.67949,27.57391,27.67949
Tpm4,26.24476,26.26234,25.8925,26.24476
Aldh4a1,25.19487,25.67847,25.27562,25.27562
Scarb2,28.15919,28.90441,27.55508,28.15919
Nav1,26.02819,25.07504,25.58806,25.58806
Reep5,28.94983,29.70251,28.90441,28.94983
Nacad,25.47125,25.18609,23.87098,25.18609
Eef1e1,27.31467,27.20564,26.97651,27.20564
Psd,25.89064,25.73733,25.4177,25.73733
Atpaf1,25.82888,25.98913,25.22328,25.82888
Scn2b,25.53878,25.14091,24.98533,25.14091
Eps8l2,19.04017,,,19.04017
Ppfia4,22.08057,20.70252,20.91539,20.91539
Rcn1,26.49005,26.09927,25.91882,26.09927
Timm50,27.81946,27.65082,27.2787,27.65082
Amer2,25.14597,24.39519,24.97819,24.97819
Ppif,25.77799,25.71652,24.53967,25.71652
Prpsap1,27.47676,27.18357,26.7898,27.18357
Grk6,28.71879,25.56014,25.83603,25.83603
Cyth2,27.12623,27.1278,26.36551,27.12623
Zc3h15,25.22336,24.64785,24.88479,24.88479
Prkra,28.68742,28.74874,28.16202,28.68742
Hdhd3,26.82457,27.15904,26.75455,26.82457
Smchd1,25.54866,25.36383,24.95624,25.36383
Akt3,26.26969,26.29414,25.65674,26.26969
Hspb1,20.72384,20.71708,18.56982,20.71708
Ddc,22.82524,22.84529,21.78393,22.82524
Zmpste24,26.29207,25.98796,26.08424,26.08424
Tpp1,25.60961,24.24402,24.62059,24.62059
Ptbp1,26.56497,26.7107,26.02699,26.56497
Tiprl,27.92513,28.06286,27.93151,27.93151
Xpo5,26.29653,26.58047,25.95547,26.29653
Grcc10,25.61526,28.27017,26.06242,26.06242
Srsf11,28.2006,28.10395,28.21336,28.2006
Kcna2,23.03991,22.3657,21.23935,22.3657
Ago2,25.90949,25.95764,25.63059,25.90949
Serpinb1b,,,,
Nagk,27.20163,27.04187,27.06085,27.06085
Mon2,25.25079,25.50476,25.26001,25.26001
Dkc1,26.39072,26.43725,25.91623,26.39072
Pigs,26.79017,26.98989,26.78144,26.79017
Timm13,26.93089,27.85103,26.99021,26.99021
Vbp1,27.22591,26.98794,27.00217,27.00217
Ilk,25.37594,24.62037,24.30096,24.62037
Cluh,25.10566,24.91666,25.48965,25.10566
Mrps36,29.25645,28.57863,28.36114,28.57863
Creld1,26.2865,25.94,24.85476,25.94
Fam213b,27.02083,26.84793,26.59747,26.84793
Fnbp1l,26.68552,26.55764,26.29896,26.55764
Stub1,27.84344,28.09124,27.48155,27.84344
Ube4b,26.26401,26.65472,26.07449,26.26401
Sec16a,23.96005,24.00161,23.62031,23.96005
Ablim3,22.53526,22.798,21.98109,22.53526
A830010M20Rik;Kiaa1107,21.57501,21.38874,21.4108,21.4108
Flad1,24.98307,25.21605,24.73428,24.98307
Smap2,26.30543,26.25688,25.85369,26.25688
Tor1aip1,23.97788,23.63854,23.92588,23.92588
Nt5c2,26.96356,27.29378,26.47267,26.96356
Clpb,25.34482,25.47048,24.98898,25.34482
Pdlim5,23.20647,23.42291,23.99464,23.42291
Eif2b2,27.74432,27.50105,27.21863,27.50105
Palm,24.52671,23.40639,24.12471,24.12471
Tiam2,22.08382,21.34462,20.40052,21.34462
Lamp1,26.91205,27.2488,26.98392,26.98392
Cdipt,27.89012,27.99776,27.59392,27.89012
Gbe1,24.18616,24.03381,23.20792,24.03381
Mpdz,21.7647,21.12092,20.69464,21.12092
Uap1l1,24.28553,24.57467,24.21778,24.28553
Tbcd,26.46789,26.71096,26.04741,26.46789
Fam120c,26.40222,26.31361,25.82452,26.31361
Ethe1,27.11615,27.70207,26.46424,27.11615
Ddi2,25.06899,24.67341,23.67519,24.67341
Nckipsd,22.65559,22.79616,22.7324,22.7324
Cdc42,26.72091,27.79377,26.94268,26.94268
Mtatp8;mt-Atp8,26.36888,25.68838,26.89758,26.36888
Ppp2r2d,27.12209,26.97454,26.83352,26.97454
Dnajb11,27.43404,27.03097,27.39125,27.39125
Arhgap39,24.5852,24.69057,24.17242,24.5852
Crocc,19.39371,19.66101,20.32652,19.66101
Atxn2,24.17158,23.97474,24.07822,24.07822
Ubl4a,27.97131,27.34655,26.93764,27.34655
Hap1,23.53908,23.63478,23.35676,23.53908
Scn1a,20.56523,19.62667,18.47275,19.62667
Tpm3,27.51616,27.39901,27.25205,27.39901
Zfml;Znf638,24.27291,24.25364,24.0209,24.25364
Hint3,26.95038,26.99906,25.28866,26.95038
AI837181;Bles03,24.95744,25.6829,25.81734,25.6829
Anp32b,28.74657,28.85766,28.57503,28.74657
Acad10,23.39585,24.23454,20.47001,23.39585
Seh1l,26.91262,27.02422,26.42923,26.91262
Ufd1l,26.84566,27.19779,26.6284,26.84566
Fam98b,27.28012,27.50325,27.49473,27.49473
Acsl3,27.36302,27.22793,27.0086,27.22793
Pik3r1,25.6221,25.37571,25.73203,25.6221
Ostf1,24.07651,23.83277,22.78949,23.83277
Camsap3,25.35212,25.19095,25.4265,25.35212
Copg2,25.6949,26.07604,25.79885,25.79885
Nup205,24.67745,25.15031,24.44991,24.67745
Adam11,21.34419,21.52291,22.86325,21.52291
Snap25,27.86779,27.54995,27.409,27.54995
Ddx3x,26.47128,27.24336,26.4338,26.47128
Ythdf3,25.6876,25.64282,24.81441,25.64282
Hdac4,24.67584,24.42976,24.308,24.42976
Vps39,25.22858,25.15592,24.7634,25.15592
Aip,26.03676,26.43436,25.80282,26.03676
Pdpr,25.59722,25.50845,25.3537,25.50845
Ubtf,26.50123,26.1239,26.06046,26.1239
Nrxn2,25.66552,25.64262,25.05772,25.64262
C1qb,23.90729,22.73911,22.59694,22.73911
Arfgap2,24.74817,24.63721,24.19821,24.63721
Smarca4,27.06938,26.8853,26.38795,26.8853
Vps41,25.73291,25.58666,25.23564,25.58666
Pgm2,25.35064,25.3267,24.92493,25.3267
Etnppl,,,,
Lrrc8a,25.55663,25.4656,24.87933,25.4656
Spg7,25.08424,25.10129,24.2422,25.08424
Clstn1,24.27888,24.45613,24.20217,24.27888
Enah,26.17621,26.25337,25.5648,26.17621
Fam131b,24.02259,23.84785,23.60082,23.84785
Mlycd,25.89118,25.73164,25.29,25.73164
Asl,25.83788,25.42822,25.30894,25.42822
Ncor2,20.99369,20.8738,20.92071,20.92071
Bola1,26.17011,25.84422,25.98585,25.98585
,22.97923,22.93749,21.70514,22.93749
Cdkl5,21.94885,22.33759,21.22623,21.94885
Als2,24.60716,24.52301,24.16154,24.52301
Rab24,27.02242,27.03528,26.48932,27.02242
Nsun2,26.48815,26.67909,26.43686,26.48815
Adcy5,23.91898,23.45776,23.50494,23.50494
Ppp2r5c,26.79216,26.71148,26.11446,26.71148
Rpl22,30.509,30.20116,30.17748,30.20116
Isoc1,27.81696,27.72553,27.56362,27.72553
Itih3,,18.98799,18.59805,18.79302
Kcnj10,21.50911,21.54028,20.60449,21.50911
Ndel1,25.44916,25.39725,25.33006,25.39725
Emc8,27.35473,27.48808,27.51698,27.48808
Gucy1a3,27.62331,27.98229,27.41353,27.62331
Ppp2r5a,25.64136,25.61737,24.59719,25.61737
Sart3,26.24456,26.35064,26.05036,26.24456
Pithd1,25.23637,24.76426,24.86623,24.86623
,24.28256,24.32354,22.6667,24.28256
Plin3,25.07993,22.07366,19.96099,22.07366
Znfx1,23.2141,22.80813,22.63341,22.80813
Tagln2,27.00892,27.01287,26.49208,27.00892
Rab18,29.52423,29.55239,28.87651,29.52423
Camsap1,24.1848,24.33231,23.85785,24.1848
Lgi2,24.11442,23.86448,23.58199,23.86448
Pde4d,24.04768,24.28968,22.64709,24.04768
Ddhd2,22.75258,22.25225,22.64852,22.64852
Tceal3,24.86821,23.61941,24.04151,24.04151
Ca4,18.33132,,19.05611,18.693715
Rhot1,27.08284,27.1044,26.80292,27.08284
Abhd16a,25.43329,25.64254,25.14063,25.43329
Ttr,25.07108,24.45595,24.11839,24.45595
Cbr3,24.62929,24.12337,24.33067,24.33067
Mtfr1l,25.81512,26.365,25.55774,25.81512
Tmem163,24.16783,22.51085,24.23652,24.16783
Prune2,20.22282,19.403,20.71775,20.22282
Rasal2,22.5292,22.67431,22.65334,22.65334
Itga6,25.67804,25.85272,25.09071,25.67804
Micu1,24.67783,24.30862,24.09676,24.30862
Diras1,26.89897,26.73415,26.17638,26.73415
Acads,25.6627,26.27281,24.78576,25.6627
Rpl28,29.85426,29.84781,29.73261,29.84781
Ksr1,22.80416,23.11081,23.027,23.027
Tcea1,27.4303,27.03244,27.14317,27.14317
Samhd1,22.47271,24.0535,22.89746,22.89746
Sdcbp,28.7836,28.75028,28.81069,28.7836
Itgb1,26.3919,26.0155,25.70168,26.0155
Nt5c3b,26.42077,26.32543,25.97526,26.32543
Diap2;Diaph2,22.99146,22.79636,22.29429,22.79636
Hnrnpul1,26.64636,27.1044,26.91342,26.91342
Rps24,29.72376,29.35666,28.81146,29.35666
Hist1h1a,30.31095,29.62675,29.48531,29.62675
Pmm2,26.98663,26.95804,26.59833,26.95804
Nup62,27.39656,27.02306,27.27906,27.27906
Sltm,25.38169,25.03481,24.83624,25.03481
Tdrkh,26.41254,26.17226,26.01548,26.17226
Cpne2,26.78019,26.62506,26.37071,26.62506
Man2c1,25.63782,25.34918,24.60801,25.34918
Gga1,26.01333,25.92857,25.77816,25.92857
Gabrg2,25.92676,25.84031,25.66479,25.84031
Kiaa1033,25.04385,25.17104,25.09965,25.09965
Acot2,23.11661,23.79064,23.50385,23.50385
Kif21b,28.47267,28.61779,28.26365,28.47267
Map4k3,25.10161,24.59092,24.00282,24.59092
Rilpl1,22.36709,22.01727,20.90823,22.01727
Heatr5b,24.38364,24.23973,24.26571,24.26571
Rtn3,29.14385,30.09648,29.22034,29.22034
Cplx3,,,,
Ppp2r2c,22.68983,23.58646,22.49962,22.68983
Paip1,26.34259,26.42605,25.92323,26.34259
Ric8a,26.97443,27.50809,27.39002,27.39002
Tarsl2,25.78711,25.58804,25.76101,25.76101
Oplah,23.94905,24.3538,22.92457,23.94905
Pgrmc2,29.20951,28.49259,28.90251,28.90251
Diap1;Diaph1,24.78357,24.82619,24.70525,24.78357
Mrpl1,26.92298,26.8846,26.28856,26.8846
Baiap3,17.91742,17.63969,16.83442,17.63969
Dnajc16,23.94226,23.48075,23.35394,23.48075
Wipi2,25.90353,25.98787,25.9859,25.9859
Camkk1,23.85576,24.00847,23.56837,23.85576
Rab9b,24.68907,25.23305,26.15341,25.23305
Nwd2,25.37815,25.6209,25.65026,25.6209
Bcar1,24.81714,24.41873,24.27767,24.41873
Palm2;Palm2Akap2,22.2678,20.89881,21.553,21.553
Ica1,24.7454,25.3838,25.01137,25.01137
Actn1,23.24121,23.51845,18.94051,23.24121
Pten,27.15238,26.87865,26.47754,26.87865
Rpl18a,30.0855,30.19202,29.99335,30.0855
Vps4b,25.41448,25.62377,25.52758,25.52758
Rab4a,27.78538,27.67094,26.81299,27.67094
Tra2a,28.10854,28.12539,27.70015,28.10854
Mtmr1,25.41777,25.03674,24.73521,25.03674
Csnk1d,27.18319,27.22793,27.03737,27.18319
Chmp7,25.78766,25.32649,24.91488,25.32649
Guk1,26.69988,26.68846,26.48623,26.68846
Dynlt1,30.34202,30.58585,29.86338,30.34202
Ufsp2,25.77989,25.49121,25.17188,25.49121
Wdfy1,27.19178,27.4307,26.79699,27.19178
Gipc1,26.48994,26.07531,26.2367,26.2367
Mtx1,25.63412,25.55265,25.90578,25.63412
Adi1,26.67317,25.75139,26.40532,26.40532
,26.73867,26.78207,26.72936,26.73867
Npl,24.62511,24.26949,24.04059,24.26949
Vps33a,26.43194,26.01871,25.80794,26.01871
Mrpl12,29.12881,28.74381,28.65918,28.74381
Mblac2,27.66391,27.34571,27.39428,27.39428
Pde6d,29.32101,28.9791,28.87511,28.9791
Ncoa7,23.26184,24.19378,23.71072,23.71072
Csk,27.67512,27.79458,27.306,27.67512
Itsn2,22.98897,21.38116,21.88062,21.88062
D17Wsu104e,27.13065,26.93089,27.03716,27.03716
Supt5h,26.53295,26.57001,26.4302,26.53295
Yars2,26.32706,26.66574,26.31183,26.32706
Lama4,18.826,18.71927,24.10117,18.826
Phkb,23.12972,22.09003,22.69279,22.69279
Mtnd5;mt-Nd5,24.61476,25.1961,24.6402,24.6402
Gid8,26.14211,26.85721,26.04329,26.14211
Lsm4,27.51209,27.31164,27.18971,27.31164
Gria4,22.62569,23.01308,21.9011,22.62569
Serpina1a,13.88969,17.64273,,15.76621
Tubg1,26.11928,26.05994,25.55113,26.05994
Dopey2,23.93301,23.3041,22.66592,23.3041
Pex19,25.87,25.77218,24.88567,25.77218
Fn3k,24.3763,23.75593,22.86682,23.75593
Serpine2,25.49595,26.06143,25.0687,25.49595
Chd2,24.17058,26.83882,26.65526,26.65526
Cpne4,26.48735,26.60003,26.19704,26.48735
Strbp,26.29271,26.3312,25.85683,26.29271
Wdr61,26.92366,27.21743,26.92196,26.92366
Znf326;Zfp326,27.37691,27.59648,27.40072,27.40072
,16.26466,17.14221,,16.703435
Ccsap,19.69173,21.06197,21.50601,21.06197
Gba,27.09104,27.62247,26.9476,27.09104
Herc4,25.30793,25.65837,25.20064,25.30793
Snrpc,26.61541,27.43825,26.09321,26.61541
Zadh2,23.68848,24.34591,23.25854,23.68848
Hspa12b,22.82505,23.00165,22.67642,22.82505
Fmr1,26.5203,26.52136,26.27046,26.5203
Arhgef33,,,18.22284,18.22284
Fbl,28.45595,28.26387,28.06728,28.26387
Sez6l2,26.0037,25.91513,25.33142,25.91513
Pank4,25.08046,25.07145,24.04535,25.07145
Cryzl1,26.90461,26.67236,26.43611,26.67236
Eef1d,21.12054,19.91554,19.55787,19.91554
Elp2,26.17705,26.61639,25.87329,26.17705
Fibp,26.03873,25.7434,25.65548,25.7434
Tsc2,24.72702,24.56459,24.07349,24.56459
Rheb,28.99515,28.37638,28.74201,28.74201
Wdr13,26.54382,26.38681,25.67882,26.38681
Pls1,23.11788,21.13784,21.32383,21.32383
Gng12,22.48134,25.1341,20.74534,22.48134
Nup133,25.50385,25.75205,25.01167,25.50385
Pik3c3,24.37451,24.1206,25.62293,24.37451
Acp1,27.51668,28.06363,28.1954,28.06363
Ctnnbl1,25.82255,25.41716,25.15012,25.41716
Mtx3,23.99006,23.83769,23.25465,23.83769
Map9,23.91598,23.79333,23.89458,23.89458
Prmt8,25.52674,25.61389,24.8436,25.52674
Nol3,24.37637,24.37405,23.66047,24.37405
Mecr,27.38969,27.525,26.98989,27.38969
Comt,25.19959,26.64787,25.38054,25.38054
Igbp1,25.11418,24.77811,25.81546,25.11418
Faf2,26.60964,26.18194,26.08324,26.18194
Fkbp15,23.89661,23.70366,23.12786,23.70366
Prkab2,26.06717,25.93521,25.7483,25.93521
Gstm7,25.40626,24.85081,25.0945,25.0945
Ccdc93,25.87404,25.74466,25.37677,25.74466
Th,22.38044,22.93623,,22.658335
Khdrbs3,27.48961,27.17693,27.39624,27.39624
Usp10,25.93652,26.0678,25.89097,25.93652
Stam2,26.1715,26.28327,26.09442,26.1715
Abcb8,24.27313,23.77917,23.40263,23.77917
Acbd3,26.75187,26.63865,26.24641,26.63865
Lypla1,25.27064,25.70366,25.6167,25.6167
Commd8,26.87197,27.22186,26.55312,26.87197
Dhx30,26.55114,26.55356,26.33964,26.55114
Syt3,23.47568,23.92805,23.77455,23.77455
Ptpn1,26.95826,27.21503,27.02189,27.02189
Zzef1,23.78207,23.82823,23.57126,23.78207
Mcee,25.37309,25.24369,24.80563,25.24369
Fxr2,26.07788,25.90564,25.98646,25.98646
Tgm2,23.649,23.22581,20.44769,23.22581
Nrbp2,26.37554,26.76787,25.62037,26.37554
Anpep,20.64165,21.78137,18.92986,20.64165
Papss1,25.44761,25.07997,25.04394,25.07997
Timm9,26.72416,28.74938,27.40755,27.40755
Rftn2,22.76107,22.26127,21.7536,22.26127
Mrps5,25.13806,25.54778,24.96182,25.13806
Arhgef1,23.45989,23.70999,24.06044,23.70999
Snrnp40,27.68799,27.76021,27.63464,27.68799
Ppp1r12c,22.97067,22.97013,21.55717,22.97013
Itgb8,21.29883,21.82811,21.12035,21.29883
Tacc2,22.86068,22.48094,22.59601,22.59601
Sphkap,22.12443,21.88855,21.87493,21.88855
Myg1,26.10482,25.88052,25.92438,25.92438
Ppp1r17,,,,
Avl9,26.26037,25.15472,26.08323,26.08323
Ddx46,25.8877,25.89032,25.69819,25.8877
Lman1,27.01712,26.78606,26.69909,26.78606
Pvrl1,26.16687,26.02039,25.76319,26.02039
Iqsec3,22.1781,22.11172,22.09213,22.11172
Srpk1,25.51256,25.5231,25.21271,25.51256
Snx7,25.15383,24.9958,24.46076,24.9958
Supt16;Supt16h,27.12751,27.36302,27.18319,27.18319
Clybl,23.93688,23.28348,21.48148,23.28348
Abhd11,24.24931,24.23783,24.23958,24.23958
Thumpd1,25.2995,26.35683,25.64606,25.64606
Denr,27.88652,27.12711,27.55998,27.55998
Rpa1,25.43524,25.32014,24.46283,25.32014
Rexo2,24.19175,22.94901,23.19776,23.19776
Abcb9,21.97827,21.05,21.8977,21.8977
Cpt1a,24.29053,24.02293,23.68325,24.02293
Akt1,26.57687,26.45659,26.17887,26.45659
Sbds,26.32026,26.18811,25.15329,26.18811
Ubp1,26.2018,25.49433,25.65856,25.65856
Rsu1,26.48919,25.71495,25.68931,25.71495
Cdyl,22.74018,19.06973,,20.904955
Pcsk2,23.82289,23.35407,23.38745,23.38745
Abcf1,25.89122,25.88707,25.88788,25.88788
Usmg5,30.08093,30.55316,29.71062,30.08093
Cacng8,25.89694,25.29674,25.09652,25.29674
Mcam,21.80943,22.32655,22.01689,22.01689
,24.32334,24.39852,23.99688,24.32334
Wdr54,26.75735,26.62101,26.12489,26.62101
Nudt2,27.7368,27.7105,27.21808,27.7105
Tbce,25.62998,25.61543,25.6699,25.62998
Pla2g7,25.54954,24.88744,24.73583,24.88744
Clvs1,26.46572,26.49488,26.03842,26.46572
Slc25a42,22.0175,21.87923,21.62952,21.87923
Txndc17,27.97065,27.78132,27.51968,27.78132
Mien1,25.19727,25.51256,25.96838,25.51256
Gcat,26.94123,26.64471,26.19503,26.64471
Pcp2,,,,
Gdpd1,29.10737,28.96306,28.82529,28.96306
Extl2,26.15991,26.55286,25.93015,26.15991
Map6d1,22.47593,22.72582,22.77991,22.72582
Sparc,23.59241,24.51244,23.15724,23.59241
Cpt2,24.96367,24.7474,24.55526,24.7474
Map2k6,26.83014,26.86985,26.52746,26.83014
Cpd,25.27281,25.34489,25.32992,25.32992
Ccdc177,25.16974,23.16114,23.04287,23.16114
Ampd3,23.90591,23.3002,21.66861,23.3002
Nup93,25.77362,25.82622,25.31133,25.77362
Ap3m1,27.60618,27.96439,27.5253,27.60618
Tmem9b,26.20482,25.77987,25.39499,25.77987
Abhd6,27.58506,27.35506,26.71004,27.35506
Aarsd1,27.1736,27.58928,27.29457,27.29457
Sel1l,26.92479,27.09698,26.39821,26.92479
Chmp5,27.23004,27.28674,27.67216,27.28674
Brox,27.66905,28.24898,27.68852,27.68852
Pfdn2,28.21794,27.8773,28.11729,28.11729
Smarce1,27.07602,26.40866,26.6013,26.6013
Plxnc1,23.46351,23.33429,22.71871,23.33429
Casp3,30.28571,30.51803,30.21766,30.28571
Gbp9,21.41493,21.41818,22.00216,21.41818
Mrps25,27.01755,27.11714,26.37716,27.01755
Tax1bp1,22.5988,21.22641,20.61018,21.22641
Gfpt1,26.04045,26.03888,25.64174,26.03888
Naga,24.45243,24.31969,23.79541,24.31969
Usp11,25.81123,25.31347,25.40243,25.40243
Fam91a1,24.89938,25.22243,24.77027,24.89938
Anp32e,28.89203,28.89325,27.95466,28.89203
Glrx,27.17265,27.30652,26.77756,27.17265
Carm1,27.60357,27.53148,27.2116,27.53148
Stxbp3,23.58864,22.9733,23.19025,23.19025
Robo2,25.12195,24.86938,24.57865,24.86938
Tspan2,20.79899,,,20.79899
Ppp1r1a,25.6294,25.25328,25.42381,25.42381
Dgkh,25.35998,25.62553,25.44702,25.44702
Inpp5j,22.13668,22.0597,20.91452,22.0597
Usp32,23.40886,23.18066,22.86656,23.18066
Erlec1,25.76691,26.24144,25.64911,25.76691
Dtd1,24.92003,25.01882,25.95802,25.01882
Cnnm1,21.45593,22.32092,19.67059,21.45593
Lsm14a,24.24967,24.16829,23.20376,24.16829
Nudt5,26.05794,25.83415,24.90821,25.83415
Slc30a3,17.07043,,18.81284,17.941635
mt-Nd4;Mtnd4,26.14909,25.92563,26.83473,26.14909
Luzp1,19.28816,18.90366,18.69033,18.90366
Pnpla8,25.63193,25.39673,25.10538,25.39673
Iqgap2,23.46775,23.57045,23.46051,23.46775
Cmbl,,,17.88286,17.88286
Tmem43,28.62763,28.7181,28.09109,28.62763
Snrpa1,27.66207,27.33509,27.36328,27.36328
Tsta3,27.23809,26.99248,27.04854,27.04854
Chm,26.04899,25.90683,25.95387,25.95387
,25.90129,25.73449,25.12656,25.73449
Smu1,27.30678,27.40827,27.209,27.30678
Fez1,24.58405,23.84479,24.23637,24.23637
Raly,27.3827,27.48554,27.62171,27.48554
Trmt10c,25.54324,25.93053,25.46145,25.54324
Jup,25.86257,26.29385,25.4772,25.86257
Gramd1b,22.36485,22.0592,21.26608,22.0592
Lamb1,21.02682,21.24377,21.36693,21.24377
Cpne1,25.63045,25.64993,25.69112,25.64993
Slc9a3r2,23.70599,23.60162,25.90949,23.70599
Slc25a46,25.80826,25.50464,25.33262,25.50464
Mycbp2,25.09523,25.29404,24.92034,25.09523
Abhd10,25.04639,24.89268,25.1059,25.04639
Bai3,22.42499,22.5363,22.56446,22.5363
Dhx36,25.98917,26.24623,26.09112,26.09112
Fmn2,20.75401,25.12711,20.64535,20.75401
Pfdn1,27.06928,27.44624,27.76642,27.44624
Spire1,24.50767,24.20053,23.76901,24.20053
Mrps27,26.7753,26.86396,26.15408,26.7753
Prkag2,25.6624,25.64334,24.88428,25.64334
Tamm41,26.21469,26.37766,26.50992,26.37766
C2cd5,24.51725,24.31098,24.00582,24.31098
Cacnb3,25.47578,24.95007,24.74381,24.95007
Gm20498,25.25418,25.04268,24.36513,25.04268
Enpp5,25.80154,25.38798,24.76987,25.38798
Dcun1d1,26.10859,26.51961,25.66405,26.10859
Strn4,26.95848,27.0041,26.4954,26.95848
Ipo11,24.38785,24.86122,24.12218,24.38785
Dnajc7,26.40018,26.6979,26.42222,26.42222
Cdkn1b,25.6471,25.12719,25.21627,25.21627
Gbp5,23.31493,23.12918,23.3656,23.31493
Epn3,24.30027,24.01827,23.44253,24.01827
Tacc1,21.30408,21.90976,21.4027,21.4027
Ik,25.30288,24.24394,24.63948,24.63948
Zc2hc1a,26.83966,26.55843,26.49628,26.55843
Psme3,26.69922,26.19584,25.78414,26.19584
Polr2a,24.87652,24.49222,24.25645,24.49222
Ranbp9,25.63619,25.56369,25.62252,25.62252
Msi1,25.97261,25.65924,25.62293,25.65924
Cdc23,26.95682,27.15923,26.66384,26.95682
Clptm1,26.99712,26.98359,26.73299,26.98359
Nop58,28.22352,28.47611,28.08957,28.22352
0610011F06Rik,25.76334,25.06624,25.23122,25.23122
Bri3bp,27.93168,28.12504,27.83786,27.93168
Golga4,21.99566,21.95319,21.24261,21.95319
Pcdh7,24.85205,24.68153,23.98076,24.68153
Aplp2,26.16549,26.34065,25.45673,26.16549
Dynlt3,25.8758,26.7893,26.42039,26.42039
Tmem256,27.43722,27.32303,26.65322,27.32303
Amacr,22.78684,23.84153,24.65174,23.84153
Crot,25.03779,24.54439,23.07104,24.54439
Gstk1,22.07146,23.16971,22.7184,22.7184
Bzw1,27.58799,27.62958,27.6478,27.62958
Vps11,26.19498,26.19972,25.92162,26.19498
Gsk3a,28.01441,28.24817,27.73892,28.01441
Eif3k,28.32907,28.31739,27.90862,28.31739
Eftud1,25.08513,25.10486,24.60733,25.08513
Plcd1,23.51497,22.89562,23.04729,23.04729
Immt,22.8906,21.25032,22.5405,22.5405
Dgke,26.87888,27.16385,26.61569,26.87888
Arl6,27.60229,27.37235,26.91923,27.37235
Col6a3,14.96416,18.34117,16.18735,16.18735
Rgs8,,21.32564,20.1946,20.76012
Fam160b1,25.18854,25.67796,24.74062,25.18854
Rps26,30.45366,30.57208,30.11756,30.45366
Mipep,24.88129,24.67847,24.36453,24.67847
Ankmy2,26.96873,27.66932,26.53767,26.96873
Tmed4,26.85222,26.8375,26.23369,26.8375
Fto,25.39859,24.7752,24.77032,24.7752
Stk38l,23.46886,23.25162,22.18779,23.25162
Rltpr,22.91836,22.32116,21.97638,22.32116
Aprt,27.49732,27.62129,27.65451,27.62129
Ech1,26.0008,25.45729,24.70403,25.45729
Pnpt1,25.7177,25.52734,24.99006,25.52734
Naa35,26.65185,26.62185,26.09533,26.62185
Mpc1,24.64361,27.14967,25.77944,25.77944
Becn1,23.23812,23.91807,24.79397,23.91807
Ythdf1,25.75323,25.30567,25.37561,25.37561
Zc3h7b,25.07606,24.92732,25.40682,25.07606
Sash1,19.96296,19.09288,18.55153,19.09288
Prkaa1,25.60727,25.73895,25.73694,25.73694
Bre,26.55983,26.53626,25.98533,26.53626
Plgrkt,28.39092,28.63914,28.15378,28.39092
Vps13d,21.59067,21.81366,21.1374,21.59067
Blvrb,24.83817,24.07871,23.79094,24.07871
Tsc1,24.77836,24.51008,24.31534,24.51008
Kif5a,24.84599,24.50276,23.89984,24.50276
Golga2,24.86339,25.75957,25.42355,25.42355
Ybx1,28.5396,27.95399,28.00394,28.00394
Ppap2b,24.58841,23.30313,23.70915,23.70915
Pfkfb2,25.00915,24.58543,24.6174,24.6174
Spryd4,25.20628,25.25212,25.43495,25.25212
Arhgap12,23.33388,23.29908,23.04332,23.29908
Rps15,27.80008,28.11506,27.54119,27.80008
Scyl2,25.8085,26.0332,25.67387,25.8085
Ulk1,21.37156,23.57865,24.2953,23.57865
Klhl22,25.35296,25.14262,25.13042,25.14262
Glrx5,28.67293,28.66641,28.15383,28.66641
Suox,23.56779,23.16171,23.16363,23.16363
Snx30,25.15769,25.2214,24.76501,25.15769
Mrpl39,26.50608,26.71385,26.17221,26.50608
Chd1,25.45663,23.64933,27.13673,25.45663
Gmds,26.26381,26.26351,25.70751,26.26351
Atxn1,29.22534,23.2974,23.2368,23.2974
Mtss1l,23.63622,23.52241,23.20255,23.52241
Cc2d1a,25.27661,25.02644,24.78492,25.02644
Tnpo1,26.34838,26.49957,25.58635,26.34838
Coa7,25.94764,26.24523,25.92187,25.94764
Pdzd8,24.32944,23.66915,23.23817,23.66915
,22.14979,21.92005,20.5499,21.92005
Sms,27.08456,27.71823,27.21429,27.21429
Snrpb;Snrpn,27.10829,27.43277,26.82517,27.10829
Cspg4,21.24203,18.65568,21.26745,21.24203
Mrps34,27.39428,26.74227,26.89897,26.89897
Lpgat1,23.86259,23.87324,22.95992,23.86259
Nexn,21.90146,19.89782,21.58578,21.58578
Enpp2,16.02159,14.21728,15.2004,15.2004
Lppr4,25.60987,25.73047,25.75944,25.73047
Pbdc1,26.28047,26.41443,25.40604,26.28047
Stt3b,27.37981,27.28577,26.83268,27.28577
Hcn1,24.2371,23.55098,20.43685,23.55098
Abracl,29.75411,30.00865,28.69684,29.75411
C530008M17Rik;Kiaa1211,25.04231,24.61206,24.14305,24.61206
Smad4,25.27263,25.83685,24.93701,25.27263
Sestd1,26.63962,26.72234,26.5842,26.63962
Nfu1,27.06322,27.29544,26.79328,27.06322
Kcna4,22.65633,22.53654,22.13326,22.53654
Bcap31,26.77656,25.99151,25.97077,25.99151
Gmppa,24.67643,25.32306,24.72203,24.72203
Pon2,23.54062,22.86136,23.11559,23.11559
Pip5k1b,22.17188,21.31495,20.71599,21.31495
Anln,19.29578,19.48958,16.57038,19.29578
Dek,27.93134,27.60463,27.75691,27.75691
Nsdhl,28.25921,28.11113,27.72358,28.11113
Prps1l1,25.03309,26.17585,25.83803,25.83803
Reep2,25.16369,25.08805,25.15163,25.15163
Glb1,25.01682,25.47964,25.44493,25.44493
Ccny,25.89171,26.08201,25.95868,25.95868
Lace1,23.53065,23.78077,23.49302,23.53065
S100a13,21.82594,21.5435,25.46061,21.82594
Acan,19.78793,17.20428,19.95575,19.78793
Homer2,22.11229,22.40458,22.00751,22.11229
Adnp,25.70881,25.89627,25.71043,25.71043
Dtymk,24.90348,24.83528,24.71256,24.83528
Atp6v1g1,29.40149,28.91761,28.98791,28.98791
Slc2a13,24.37458,24.03515,24.40918,24.37458
Wfs1,22.0671,20.32652,20.49707,20.49707
Jcad,21.19412,21.11965,17.04324,21.11965
Pptc7,23.74314,23.79769,23.96869,23.79769
Trpv2,22.35361,23.45061,21.54095,22.35361
Cpne3,24.89217,24.73562,24.52809,24.73562
Scn8a,18.12268,19.98245,19.36402,19.36402
Kiaa1549;D630045J12Rik,24.54433,24.39904,24.1888,24.39904
Evl,27.71424,27.50446,27.3731,27.50446
Gstm2,22.25352,21.78193,21.84609,21.84609
Gmppb,26.30014,26.31953,25.981,26.30014
Mtmr2,24.85942,25.06151,24.7191,24.85942
Scamp3,26.40767,26.00672,26.3962,26.3962
Dao,,,,
Cd82,23.31479,,,23.31479
Ppp6c,27.34291,27.49205,26.70028,27.34291
Srsf6,28.1969,28.2641,27.72676,28.1969
Lpcat4,24.40328,24.35857,23.60332,24.35857
Nudcd1,25.79313,25.40158,25.35528,25.40158
Dpp9,24.60411,24.55286,23.92732,24.55286
Osbpl3,23.50603,23.00455,22.41116,23.00455
Hnmt,24.17623,24.16139,23.7083,24.16139
Pcbd1,22.49887,21.85726,17.97208,21.85726
Tbk1,23.85148,24.00239,23.61515,23.85148
Dusp15,22.99129,23.00309,21.87079,22.99129
Trip12,24.94597,24.83384,24.5341,24.83384
Mkl2,24.05887,23.64724,23.39532,23.64724
Tmem30a,26.48524,26.48933,25.82646,26.48524
Mogs,26.52096,26.37031,26.17936,26.37031
Prph,21.78943,21.43944,21.91178,21.78943
Tgfbrap1,25.19813,25.11601,24.87624,25.11601
Dap3,26.01517,26.05012,25.81027,26.01517
Coq6,25.54038,24.31555,23.93274,24.31555
Gldc,24.55022,24.4386,23.57854,24.4386
Acad8,26.55243,26.93753,26.1824,26.55243
Pcp4l1,26.88809,26.02208,25.77321,26.02208
Tmem132a,25.83759,25.64177,25.35579,25.64177
Ugt8,23.84479,23.19268,23.37544,23.37544
Cbr4,27.04145,27.10169,26.9901,27.04145
Tmed7,28.06502,28.67384,28.6585,28.6585
Kcnc3,,,,
Mavs,21.33756,22.20452,22.28557,22.20452
Slc25a51,26.1959,26.61274,25.62185,26.1959
Marcksl1,31.57768,31.16423,31.29176,31.29176
Elfn2,22.05976,22.57228,21.9155,22.05976
Tmed2,27.85031,28.13399,28.30356,28.13399
Akap8l,24.76663,24.84081,24.35037,24.76663
Tanc1,16.63962,17.57681,17.9841,17.57681
Hax1,24.15669,23.76769,23.89975,23.89975
Zranb2,26.20314,25.67015,25.879,25.879
Zfyve20,23.8348,23.85529,23.87727,23.85529
Hecw1,25.97079,25.82153,25.54289,25.82153
Sar1b,27.36545,27.70451,26.87842,27.36545
Dhrs4,26.2641,26.57759,25.81683,26.2641
Apool,26.3724,25.8399,25.506,25.8399
Ccdc92,24.59963,24.50312,23.80863,24.50312
Alg11,23.25624,23.99955,23.54227,23.54227
Znf512,28.03323,28.19479,27.57852,28.03323
Gyg1;Gyg,25.74018,25.39712,25.29288,25.39712
Map3k5,22.02276,21.45202,22.04186,22.02276
Fam135b,23.66947,23.76436,23.22171,23.66947
Slc30a9,24.54616,24.64113,24.35003,24.54616
Atg16l1,23.96217,23.64504,23.39074,23.64504
Mob2,24.25155,23.41377,24.10637,24.10637
Lrrc4b,25.94757,25.94436,25.62673,25.94436
Nup85,24.84594,25.18082,24.74776,24.84594
Fhit,17.86236,21.61275,21.18519,21.18519
Slc27a1,24.78117,24.18805,24.10181,24.18805
Gigyf1,20.32279,19.86697,20.06434,20.06434
Syt6,24.52624,24.2123,23.94646,24.2123
Ewsr1,26.12981,25.99613,26.13891,26.12981
Usp39,26.69445,26.52809,26.29193,26.52809
Snw1,24.80946,24.54215,24.95536,24.80946
U2surp,25.54716,25.74142,25.92232,25.74142
Cdk18,21.43609,15.24161,14.98997,15.24161
Cep76,,20.88926,,20.88926
Ncbp1,26.85745,26.94871,26.5106,26.85745
Slmap,24.28553,24.25551,23.11848,24.25551
Cox7a2l,29.19108,28.81394,28.80329,28.81394
Cpm,19.02226,17.3544,19.02961,19.02226
Dip2a,23.65764,23.82765,23.91169,23.82765
Prrc2b,22.45979,21.8584,21.60372,21.8584
Ndufv3,24.74827,24.75934,23.98346,24.74827
Ufl1,24.8761,24.82503,24.13782,24.82503
Rabgef1,24.73681,25.00415,24.61324,24.73681
Armc8,25.0304,25.17691,24.90729,25.0304
Ctsa,25.62522,26.20613,24.84685,25.62522
Mras,26.83099,26.22542,25.75223,26.22542
Apip,24.91223,25.21148,25.19287,25.19287
Bcas3,21.85852,25.01218,22.6688,22.6688
Lmtk2,22.17609,21.79903,21.65587,21.79903
Osbp2,22.24557,22.18749,22.09738,22.18749
Kpna4,26.43087,27.4267,26.46214,26.46214
Tenm1,24.3455,24.41183,24.1164,24.3455
Pacsin3,22.09655,21.8939,21.53393,21.8939
Dnajb2,25.03158,24.62103,24.1418,24.62103
Thyn1,25.55289,25.12837,24.05515,25.12837
Hdac6,25.54804,25.97323,25.57946,25.57946
Ptprj,24.19551,23.84374,23.78117,23.84374
Mta1,25.4011,25.39976,25.63157,25.4011
Luc7l3,27.45646,26.22273,26.168,26.22273
Pts,23.15139,22.11959,22.56488,22.56488
Kctd13,21.49829,22.9574,21.16956,21.49829
Nt5m,24.67039,23.66817,22.7533,23.66817
Tpm2,16.21549,23.26284,24.15754,23.26284
Pdcd10,26.39991,26.11303,26.20473,26.20473
Abca5,23.93499,23.69816,22.96686,23.69816
Htra2,26.27492,25.91246,25.34979,25.91246
Atg4b,26.27491,26.06301,25.87837,26.06301
Gstm3,24.46532,24.48124,24.5538,24.48124
Ntrk3,24.29691,24.89643,24.26671,24.29691
Cpsf6,25.38403,26.20579,26.46094,26.20579
Mdp1,25.92123,25.89083,24.71225,25.89083
Numb,20.96226,21.6641,22.50874,21.6641
Prex2,19.22595,17.63566,17.87748,17.87748
Grsf1,25.36276,25.19798,24.7263,25.19798
Usp19,24.61082,24.16039,23.97614,24.16039
Tns1,19.66537,19.27399,21.18095,19.66537
Nrip2,,,,
Ildr2,21.59291,20.28195,20.56188,20.56188
Wdr82,27.42158,27.45372,27.32174,27.42158
Pcyt1a,26.78594,26.85911,26.70754,26.78594
Osbpl11,26.10596,26.12135,25.49299,26.10596
Ublcp1,23.78885,23.69965,22.91643,23.69965
Pik3cb,23.06041,23.88976,22.96675,23.06041
Rap1a,26.43168,26.32822,26.87138,26.43168
Acbd6,26.13905,26.10109,25.98072,26.10109
Gabrb3,26.25672,25.47624,26.11581,26.11581
Agps,26.9061,26.89643,26.02221,26.89643
Ap1s1,26.74957,27.26222,26.60399,26.74957
Baz1b,25.54601,25.60659,25.16388,25.54601
Gstt1,19.98912,,22.54597,21.267545
Mcat,26.78119,26.71227,26.28238,26.71227
Purg,27.32869,27.07959,26.80538,27.07959
Hspa13,26.54141,26.94011,26.03034,26.54141
Rnf20,24.99356,24.74822,24.66411,24.74822
Gab1,22.78117,23.09624,21.8674,22.78117
Dscr3,26.98425,27.0336,26.58219,26.98425
Celf4,27.59882,27.78138,27.26696,27.59882
Cpox,24.06546,24.10238,24.2527,24.10238
Sirt5,26.57917,26.78107,26.55552,26.57917
Uap1,24.88101,24.48148,24.12581,24.48148
Gabarapl1,27.15817,26.78319,26.94592,26.94592
Ube2d3,29.62392,30.21847,29.91613,29.91613
Gprasp1,24.15105,24.47636,24.51196,24.47636
Stat3,23.63887,23.08042,23.1193,23.1193
Ranbp6,24.3656,25.16764,24.41693,24.41693
Spata5,26.42381,26.32519,26.03928,26.32519
Grm7,23.55086,23.65218,23.58095,23.58095
Cuta,25.77113,26.77153,26.70477,26.70477
Zwint,25.75142,25.5225,25.38555,25.5225
Serpinb9,21.86876,21.88189,21.85259,21.86876
Cnpy3,25.40002,25.51971,25.50154,25.50154
Dagla,21.82792,21.94228,21.24226,21.82792
Reps1,23.49216,23.78017,22.44587,23.49216
Gnb4,27.5979,27.90006,27.43014,27.5979
Cnpy2,26.53974,26.04685,24.97189,26.04685
Emd,25.52901,25.48763,25.31941,25.48763
Igsf9b,23.20296,21.14874,24.18056,23.20296
Nup210,26.41474,26.54799,26.23621,26.41474
Rmnd1,23.76486,24.43466,24.16092,24.16092
Nlgn4l,24.83302,24.70086,24.08481,24.70086
Wipf2,24.15429,24.57715,22.87744,24.15429
Nit1,24.92388,24.94967,24.86524,24.92388
Sdf4,24.82012,24.45262,24.30626,24.45262
Uhrf1bp1l,23.66199,23.28926,22.99592,23.28926
Cspg5,26.44417,26.03938,26.06958,26.06958
Rab23,27.14657,27.03223,26.58291,27.03223
Commd2,26.10348,26.15702,26.0151,26.10348
Nup214,22.69681,23.0638,22.79269,22.79269
Arl1,28.58939,28.65619,28.47626,28.58939
Ubr1,24.07912,24.45488,23.95278,24.07912
Atp5s,26.05585,26.35562,25.80809,26.05585
Kidins220,25.82614,25.60549,25.23699,25.60549
Gpc4,27.30973,27.44766,27.17512,27.30973
Ttc37,23.58463,23.43339,22.56737,23.43339
Trim46,26.57802,26.95726,26.58319,26.58319
Prps2,25.55707,25.51177,25.32076,25.51177
Ca14,,13.39781,,13.39781
Mtmr9,25.59167,25.87893,25.13712,25.59167
Traf3,21.82788,22.09607,21.86374,21.86374
Acap2,24.28193,23.75338,23.05925,23.75338
Jam3,22.56337,22.51015,19.90993,22.51015
Ube2e3,25.35703,25.24978,26.46733,25.35703
Prpf40a,26.46048,26.40918,25.79764,26.40918
Srgap1,25.38561,25.5979,25.2557,25.38561
Ptcd3,25.88862,25.79402,25.98774,25.88862
Unc45b,20.73694,,,20.73694
Uckl1,25.38943,25.09237,24.8986,25.09237
Ubac1,25.2322,25.19761,24.91063,25.19761
Rab9a;Rab9,27.33586,27.31346,26.74188,27.31346
Ppie,22.79313,23.04557,22.16693,22.79313
Txndc12,27.09597,26.48789,26.46006,26.48789
Supv3l1,25.19475,25.93364,25.12888,25.19475
Xrn2,25.72531,26.15781,25.94662,25.94662
Kiaa1467,25.52966,25.34851,25.0653,25.34851
Clic6,17.78315,20.85605,19.45882,19.45882
Vps25,27.10669,27.16394,26.80587,27.10669
Srsf5,28.86192,28.51315,28.78722,28.78722
Dzank1,22.43946,22.03076,21.32405,22.03076
Timm23,27.67074,27.15364,26.89966,27.15364
Rras,24.40009,23.42573,22.6657,23.42573
Cpne9,,,,
,26.19191,26.5241,26.25647,26.25647
Fcho2,23.58623,23.15522,22.22491,23.15522
Pum1,26.36349,26.06842,25.81809,26.06842
Naa25,25.488,25.36976,24.88721,25.36976
Cyp51a1,26.94525,26.94414,26.72975,26.94414
Vps8,25.41635,25.18382,24.9376,25.18382
Nudcd2,26.58018,26.95837,26.10474,26.58018
Hexa,24.58532,23.99654,23.52229,23.99654
Erbb2ip,23.46089,23.32292,23.16907,23.32292
Faah,24.2071,24.61846,23.93697,24.2071
Atg9a,23.99757,24.60179,23.97649,23.99757
Vps36,26.21475,26.16498,25.48022,26.16498
Pikfyve,23.06375,23.11929,23.29165,23.11929
Prdm16,25.5754,25.74373,25.89308,25.74373
Mrpl40,26.29099,25.65105,24.82483,25.65105
Vps18,25.47302,25.50588,25.27615,25.47302
Nbas,23.86505,23.96526,23.75817,23.86505
Fgf1,24.45325,23.78506,20.50349,23.78506
Prpf6,26.30105,26.18115,26.23949,26.23949
Adrm1;Gm9774,27.94129,27.96637,27.3726,27.94129
Dfna5,25.82464,25.71581,25.53148,25.71581
Tpm3,21.59805,20.91561,18.8087,20.91561
Zw10,25.19114,24.8321,24.01945,24.8321
Ccdc90b,24.89162,24.9771,24.37232,24.89162
Zyg11b,25.45312,25.63326,25.03192,25.45312
Trmt112,27.89122,27.69325,27.64458,27.69325
Rps6ka3,24.8683,24.44979,24.5027,24.5027
Sec63,25.8642,26.17531,25.97237,25.97237
Eif1a;Gm8300;Gm2016;Gm21936;Gm2035,28.19943,28.11297,28.02892,28.11297
Trappc12,25.61555,25.30062,25.31831,25.31831
Apba1,25.19727,24.83576,25.08986,25.08986
Atg5,25.32667,25.68453,24.54963,25.32667
Srsf10,27.62561,27.30138,26.64664,27.30138
Atat1,28.23059,28.08015,27.82669,28.08015
Dnajb6,25.63395,25.42191,25.45522,25.45522
Ncstn,25.54893,25.04126,25.19299,25.19299
Metap1,26.80193,27.19056,26.58964,26.80193
Ubxn2b,24.18246,24.2006,23.61257,24.18246
Rpap3,24.79902,24.36693,24.2333,24.36693
Mrps22,26.09079,26.3688,26.21453,26.21453
Mta2,26.50415,26.23186,26.43875,26.43875
Lrrc16a,23.37265,23.16805,22.45616,23.16805
Mvb12b,26.92309,26.79897,26.11144,26.79897
Ggps1,25.2617,25.03196,25.50349,25.2617
Zbtb8os,25.05833,24.76486,24.00684,24.76486
Tm9sf2,27.68959,27.93196,27.21873,27.68959
Kcnc1,20.73132,19.53627,20.99348,20.73132
Adcy2,20.62006,22.28501,21.39357,21.39357
Acox3,24.66639,23.61941,23.21166,23.61941
Sdk2,20.65692,20.52793,21.0452,20.65692
Pin4,26.62812,26.02806,25.59611,26.02806
Wdr41,25.21082,25.4339,24.63317,25.21082
Drap1,29.03517,28.62708,25.08253,28.62708
Synpr,25.64513,23.8931,24.3837,24.3837
Akap10,24.35198,24.24895,24.05829,24.24895
Commd4,26.37187,26.38415,25.70941,26.37187
Stat1,25.84984,25.65783,24.60975,25.65783
Tiam1,20.93395,21.6321,21.6894,21.6321
Calcoco1,22.29387,23.02251,21.47497,22.29387
Hist1h1c,28.44904,28.90899,27.99243,28.44904
Eny2,27.56209,27.9941,27.32817,27.56209
Poldip2,26.56168,26.54008,26.30619,26.54008
Prrc1,24.9822,24.85234,24.39754,24.85234
Shisa7,22.4957,21.90786,19.04065,21.90786
Fxn,24.9313,25.47324,24.75776,24.9313
Smarca2,24.46139,24.08197,24.08934,24.08934
Ttl,26.92173,26.79414,26.78357,26.79414
Inadl,19.02958,,,19.02958
C1qa,23.3692,21.02195,16.74004,21.02195
Dctn5,27.61751,27.18433,27.34249,27.34249
Cpsf7,26.28664,26.01958,26.05159,26.05159
Dhx29,25.0106,25.1404,24.7145,25.0106
Aida,26.05501,25.92592,25.66338,25.92592
Wipf3,22.45048,23.11143,21.99262,22.45048
Ggct,23.86344,23.35259,23.35313,23.35313
Snrpg,29.18137,29.49137,29.12908,29.18137
Gpcpd1,21.08784,21.83611,21.46638,21.46638
Cbx1,26.85079,26.4895,26.4646,26.4895
Shisa6,18.56915,20.48611,17.32843,18.56915
Lrsam1,25.34035,25.34526,25.05325,25.34035
Mospd2,24.69906,23.89032,23.80095,23.89032
Sars2,25.91978,25.69853,24.52301,25.69853
Nxf1,26.55164,26.80907,25.86889,26.55164
Dhrs7,24.31001,24.1997,23.55824,24.1997
Cacna1b,21.33167,21.95013,21.53867,21.53867
Znhit6,21.10111,20.94942,21.10572,21.10111
9/3/2015 0:00,,24.83803,24.61504,24.726535
Ccbl1,22.7604,23.41351,22.50707,22.7604
Adar,24.88078,24.74776,24.43543,24.74776
Crmp1,26.73982,26.99442,27.26329,26.99442
Trappc9,24.74904,25.26485,24.94042,24.94042
Lars2,25.02884,24.97719,24.6726,24.97719
Il1rapl1,22.71835,22.52636,22.90296,22.71835
Prpf4,25.25598,25.74083,25.22714,25.25598
Clstn3,25.10105,25.25688,24.34035,25.10105
Slc4a7,24.72671,24.61386,23.86127,24.61386
Fads2,27.53103,27.09184,27.16701,27.16701
Cstf3,24.68057,24.54593,24.48087,24.54593
Mapk9,24.45463,24.37749,24.31555,24.37749
Get4,27.03633,27.04604,26.89389,27.03633
Eif2b3,27.10629,26.95371,26.64279,26.95371
Rbm10,23.46762,23.35084,23.51929,23.46762
Kifap3,26.86726,26.75494,26.49421,26.75494
Bcl2l1,25.54218,25.47516,25.22634,25.47516
Fryl,23.24645,23.21704,22.51836,23.21704
Gatm,25.12159,25.21048,24.87436,25.12159
Ift22,27.42374,27.3652,26.88542,27.3652
Esyt2,24.29915,24.0426,24.06661,24.06661
Synm,21.59901,19.23587,21.1414,21.1414
Safb2,22.47823,21.82656,22.40652,22.40652
Pfdn4,29.40736,29.05346,28.87347,29.05346
Mtcl1,19.6292,21.27373,21.02432,21.02432
Dpp8,25.56381,25.26528,24.95349,25.26528
Mp68,29.00919,28.9718,28.63256,28.9718
Rin1,19.57247,14.18069,17.30269,17.30269
Pgs1,24.74458,24.72234,23.51364,24.72234
Anapc1,25.83137,25.61782,24.92805,25.61782
Adhfe1,23.09091,21.45212,21.54232,21.54232
Slc6a3,22.38464,24.67082,22.62752,22.62752
Nmt2,27.08081,27.19676,26.8839,27.08081
Dnmt1,24.55462,24.45607,24.16653,24.45607
Lin7b,22.33949,22.08974,21.21424,22.08974
Sord,23.53801,23.72546,23.98598,23.72546
Gnao1,26.24336,27.4174,25.31427,26.24336
Magi3,24.11965,23.81176,22.96897,23.81176
Mal2,27.87121,27.022,27.46389,27.46389
Aspscr1,25.3805,25.61577,24.99317,25.3805
Skiv2l,23.39126,23.37026,22.94997,23.37026
Tmem33,26.57759,27.6095,26.20313,26.57759
Actl6b,27.44664,27.53014,26.91934,27.44664
Pak7,25.76035,25.93995,25.3041,25.76035
Ecsit,24.65294,24.97044,24.54522,24.65294
Syngr1,27.86726,28.0211,27.43968,27.86726
Cntn4,21.52602,20.24237,20.45372,20.45372
Stk4,24.43103,23.76759,24.76896,24.43103
Celf1,28.19878,28.57967,27.73847,28.19878
Cd99l2,25.84917,25.71146,25.29869,25.71146
Pigk,26.56545,26.11991,26.29723,26.29723
Fundc2,25.59007,25.79749,24.89966,25.59007
Ubash3b,24.04252,25.08489,23.69424,24.04252
Ap3b1,24.30925,23.93535,23.80351,23.93535
Rab4b,26.34684,26.30205,25.65908,26.30205
Mrpl13,26.97847,29.36129,29.10182,29.10182
Smpd1,24.89125,24.95265,23.81675,24.89125
Bcap29,23.00517,22.87661,23.33756,23.00517
Prkab1,25.89275,25.74024,24.86971,25.74024
Pde4a,19.24741,20.841,17.78622,19.24741
Faf1,25.51072,25.65927,25.38499,25.51072
Ttc9,24.78492,26.28704,25.65875,25.65875
Lamp2,25.65351,25.34218,25.23524,25.34218
Ogfrl1,22.51065,22.01049,22.14551,22.14551
Begain,18.23776,17.92515,17.41328,17.92515
Ctsl,25.9237,24.84412,24.5604,24.84412
Rmdn1,26.2438,25.58586,24.93607,25.58586
Ipo4,26.72676,26.82226,26.36995,26.72676
Hsd17b11,24.54345,23.88101,23.63567,23.88101
As3mt,22.99891,21.65478,19.98676,21.65478
mt-Cytb;Mt-Cyb,24.61049,24.78526,24.30222,24.61049
Macrod1,26.35872,26.71096,25.65824,26.35872
Myo1c,23.88893,23.46501,23.87399,23.87399
Rpa3,27.23891,26.62478,26.23341,26.62478
Edil3,29.02197,28.9073,28.68214,28.9073
Ube2z,26.41772,26.64609,26.81458,26.64609
Gopc,25.67042,25.75931,24.66606,25.67042
Akr1e2;Akr1e1,24.25731,23.99757,23.36413,23.99757
Them6,25.83485,26.12437,23.37186,25.83485
Strip1,26.20682,26.52914,26.00067,26.20682
Sympk,24.79104,24.68843,24.49467,24.68843
Rb1cc1,22.86321,23.27668,22.28059,22.86321
Agap1,26.18813,26.4284,25.49338,26.18813
Ulk3,22.73504,24.70614,22.0891,22.73504
Lsm14b,26.32131,26.8098,26.62798,26.62798
Tm9sf4,26.67034,26.98098,26.58133,26.67034
Eml4,25.49802,25.85954,25.60385,25.60385
Cnnm2,22.48072,22.30159,22.88991,22.48072
Ndufa3,,24.56686,,24.56686
Cnot7,26.96113,27.09708,26.48441,26.96113
Ufc1,26.29469,25.81892,25.61734,25.81892
Ccdc50,23.11164,23.62344,22.33287,23.11164
Stim2,21.2454,21.79114,21.93157,21.79114
Herc2,24.07659,24.03473,23.61919,24.03473
Ptprn,20.25257,19.67682,16.79462,19.67682
Ace,20.03684,20.01577,19.55791,20.01577
Nudt9,26.33812,25.84592,25.5864,25.84592
Nenf,26.05068,25.67527,25.77661,25.77661
Rpl32,29.80541,30.22228,29.5745,29.80541
Nhlrc2,25.7986,24.35991,23.62756,24.35991
Rdh14,25.64138,26.36357,26.01744,26.01744
Mfge8,28.4219,27.41006,27.27311,27.41006
Zyx,22.21875,24.11402,22.6289,22.6289
Ccbl2,23.43797,23.12084,21.18095,23.12084
Clcn6,25.9697,25.89101,25.59784,25.89101
Ccz1,26.02924,25.22667,25.0178,25.22667
Eif2b4,26.90173,26.97946,26.87736,26.90173
Osbpl9,25.71578,26.15464,25.82784,25.82784
Mrpl37,26.29249,26.1848,25.47008,26.1848
Plekha5,22.06812,21.62458,21.50572,21.62458
Herc1,23.85681,24.30194,23.70925,23.85681
Eif4e2,25.82277,25.6279,25.35043,25.6279
Adprhl2,26.05314,25.68116,25.69102,25.69102
Reps2,23.40989,22.76415,22.70757,22.76415
Ilkap,25.45356,25.48889,25.15839,25.45356
Slc25a20,26.86891,27.11168,26.67371,26.86891
Zer1,25.02445,24.78511,24.33334,24.78511
Tigar,26.10063,26.05594,26.17056,26.10063
Spcs2,28.01356,27.70523,27.77323,27.77323
Map3k19,23.24926,23.94074,22.16619,23.24926
Acsl4,27.49587,27.75805,27.40397,27.49587
Frmd4a,26.46184,26.33826,25.92384,26.33826
Elp3,26.66912,26.6071,26.27238,26.6071
Ubr3,23.92262,23.78367,23.41467,23.78367
Gatsl2,26.02722,26.11172,25.66253,26.02722
D6Wsu163e,25.38472,25.7033,25.06632,25.38472
Rgs14,19.10395,17.24535,14.45879,17.24535
Tm9sf3,27.68144,27.78375,27.43682,27.68144
Dyrk1a,25.77165,25.27533,25.29299,25.29299
Isca2,25.54731,25.10358,24.69631,25.10358
Ist1,26.96631,26.66492,26.2321,26.66492
Ltn1,23.81656,24.18238,23.1628,23.81656
Dos,23.59991,23.54404,23.22185,23.54404
Skiv2l2,25.35548,25.36873,24.89208,25.35548
Gdpgp1,24.71968,24.42797,24.10246,24.42797
Chid1,24.78197,24.77796,24.35286,24.77796
Fubp3,24.61941,24.16592,23.86221,24.16592
Ppp4r2,25.22549,25.17851,25.08857,25.17851
Uck1,25.59747,25.30041,24.82313,25.30041
Rad21,23.86439,24.22207,23.6811,23.86439
Gigyf2,23.47085,23.30661,22.90544,23.30661
Anapc5,25.30501,25.70073,25.36246,25.36246
Uqcc2,27.24952,27.32526,26.01952,27.24952
Nemf,24.18412,24.17097,24.124,24.17097
Sorcs2,24.24699,23.74694,23.60048,23.74694
Rhot2;Gm20683,24.14289,25.42768,24.50288,24.50288
Prpf31,26.01924,25.76474,25.85738,25.85738
Fam171a2,26.50966,26.52489,26.30262,26.50966
Ubap1,23.07017,23.75634,23.05297,23.07017
Tmsb15l;Tmsb15b2,27.4893,26.9486,26.89481,26.9486
Ppp2r5b,26.77165,25.97218,26.31044,26.31044
Dak,27.11744,27.17588,26.15111,27.11744
Anxa1,20.85871,23.33497,25.83171,23.33497
Ube2h,26.39349,25.56892,26.22192,26.22192
Arhgef17,23.2764,22.64121,21.98555,22.64121
Col4a3bp,24.44683,23.97036,24.28093,24.28093
Galk1,28.22972,27.22931,26.90862,27.22931
Tbc1d17,25.7586,25.14903,25.10157,25.14903
Zc3h4,23.13483,22.975,22.86595,22.975
Nqo2,22.28156,18.51572,22.45894,22.28156
Cdk14,20.88643,21.55244,20.65788,20.88643
Mtr,22.60729,23.99593,22.51773,22.60729
6330403A02Rik,25.99419,26.64334,26.40454,26.40454
Abca2,22.61914,22.24853,22.17764,22.24853
Smarcd1,25.54486,25.61175,25.34932,25.54486
Serpina3k,14.11553,,,14.11553
Ppp6r1,25.73727,25.74737,24.93161,25.73727
Ralb,26.29983,25.75379,26.59719,26.29983
Armc10,28.2415,28.41603,27.86821,28.2415
Anks1b,20.56532,21.35202,19.67414,20.56532
Arpin,24.52001,23.62678,22.91714,23.62678
Ubl7,26.06755,25.14818,26.2778,26.06755
Ncoa5,26.83135,27.13839,26.89643,26.89643
Gns,24.13046,24.71482,24.61969,24.61969
Slc20a2,20.62346,21.63001,19.62416,20.62346
Map4k5,26.19003,26.17347,25.98553,26.17347
Arf4,29.04539,28.99402,29.29152,29.04539
Mark3,25.46986,25.41287,25.15491,25.41287
Tesc,19.92607,21.49194,19.29556,19.92607
Lrp1b,21.46608,20.89371,21.45247,21.45247
Sfr1,25.08898,24.23118,23.49644,24.23118
Xpnpep3,24.01086,23.99049,23.51232,23.99049
Aftph,22.1408,21.47442,21.69604,21.69604
Emc2,27.52783,27.04802,26.96091,27.04802
Tdrp,,21.239,,21.239
Mms19,25.25115,25.6147,25.05399,25.25115
Crtc1,24.64905,23.62511,22.69954,23.62511
Kcnip4,23.42008,23.68913,23.10369,23.42008
Bax,27.98397,27.95516,28.10864,27.98397
Tmco1,28.16816,28.22016,27.53438,28.16816
Eif2a,25.60241,25.79206,25.26685,25.60241
Ctage5,22.74337,23.27142,23.17922,23.17922
Mgrn1,24.70409,24.8044,23.95925,24.70409
Cops7b,26.20296,27.26508,26.71122,26.71122
Lrba,21.03355,21.0745,20.4709,21.03355
Ogfr,26.56253,26.19749,25.86122,26.19749
Prrt3,20.645,21.49028,20.41803,20.645
Tex2,22.39511,21.373,21.15524,21.373
Mylk,21.351,23.14849,22.34741,22.34741
Pi4k2a,25.46167,25.17908,25.28796,25.28796
Nup107,24.38844,24.70688,24.08724,24.38844
Tnxb,23.12291,23.16817,19.21608,23.12291
Uprt,25.43832,25.44834,23.91251,25.43832
Nhp2,26.25286,25.97537,25.79466,25.97537
Dguok,25.53181,24.94015,25.58138,25.53181
Spg20,21.00003,20.51826,20.86408,20.86408
Psmd9,26.01827,26.49265,26.19348,26.19348
Cpeb4,25.41287,25.46529,25.56596,25.46529
Taok2,25.4646,25.6782,25.38265,25.4646
Mrpl44,26.71869,26.89308,26.47361,26.71869
Pik3r2,23.35703,23.47482,22.01825,23.35703
Myo1b,26.93663,26.71895,26.15308,26.71895
Kiaa1109,21.34635,21.82981,21.49799,21.49799
Grip1,25.1514,25.01534,24.99542,25.01534
Hdac11,22.40831,22.87266,22.80753,22.80753
Emc3,27.21965,26.97115,26.63506,26.97115
Iscu,25.28517,25.01695,23.69317,25.01695
Lamp5,18.507,,18.55169,18.529345
Ube2g1,26.35973,26.48585,26.0677,26.35973
Sf3b5,27.21595,26.62729,27.09497,27.09497
Csdc2,26.58319,25.53582,25.09188,25.53582
Fntb,24.01035,24.70872,24.92913,24.70872
Wbp11,24.02597,23.21433,23.54816,23.54816
Ado,26.1151,25.99734,25.54819,25.99734
Rab22a,26.23195,26.36726,25.75797,26.23195
Stat5b,21.00422,21.63072,20.93438,21.00422
Cdk17,24.40834,24.53843,24.12392,24.40834
Grid1,24.24336,24.13218,23.54934,24.13218
Slc7a2,25.02593,25.31762,24.84168,25.02593
Fam98a,25.48272,25.21941,25.50758,25.48272
Rabgap1l,25.7934,25.30348,25.50151,25.50151
Ephb2,26.42021,26.4474,25.86927,26.42021
Fam175b,25.86179,26.23142,26.806,26.23142
Dars2,25.2738,24.93899,24.74294,24.93899
Lima1,22.79766,21.77656,22.78995,22.78995
Dtx3,25.681,25.71434,24.46008,25.681
Tbr1,23.96631,24.02952,24.35313,24.02952
Ftsj1,24.33838,24.29425,24.37504,24.33838
Dhdh,18.90604,16.7378,21.21892,18.90604
Pcdh17,23.06242,23.89624,24.16791,23.89624
Csad,22.03123,22.05026,21.56025,22.03123
Clec16a,23.91889,23.65294,23.10669,23.65294
Pdia6,18.24377,,,18.24377
Gcfc2,19.97729,21.28387,21.6838,21.28387
Scg3,24.88479,24.68105,25.16269,24.88479
Spred1,20.89356,19.28591,22.09003,20.89356
Kcnj6,26.58921,22.11009,21.99462,22.11009
Wdr12,25.16707,24.93396,25.14965,25.14965
Mrps31,25.66338,25.16787,25.20937,25.20937
Mpp5,22.26388,21.80286,21.67689,21.80286
Tenm3,25.04706,24.89018,24.43886,24.89018
Pam16,25.95779,25.83627,25.69357,25.83627
Rgs12,23.9974,23.70936,22.63407,23.70936
Wdr91,24.30334,24.60445,23.71492,24.30334
Srp9,26.99776,27.18433,26.35026,26.99776
Coq5,25.06032,24.77092,24.24844,24.77092
Chga,23.56639,22.27429,22.48886,22.48886
Srsf4,26.62255,26.21727,26.21043,26.21727
Mrpl45,26.41698,26.57975,25.41658,26.41698
Podxl,24.64807,24.37882,24.24394,24.37882
Psme2,27.88122,27.58018,27.79501,27.79501
Tpmt,25.17272,25.2103,24.7959,25.17272
Lppr3,26.70293,26.61723,26.34206,26.61723
Ttyh3,25.20348,25.22376,25.50413,25.22376
Fbxo21,25.61122,25.24956,25.03251,25.24956
Impdh1,27.12337,26.85305,26.51569,26.85305
Chmp6,26.91582,26.78955,26.03834,26.78955
Sec61b,28.33879,27.70813,27.99178,27.99178
Mlf2,24.81934,24.88999,25.48514,24.88999
Tmem132b,22.86908,22.1022,20.92085,22.1022
Prkag1,25.24808,25.02555,24.03414,25.02555
Rpl36,30.17057,29.49947,30.99766,30.17057
Dnajb5,25.37069,25.24394,24.82934,25.24394
Sema4b,23.06334,22.17804,21.34954,22.17804
Paox,24.93634,25.01321,24.4256,24.93634
Pomgnt2,25.46563,25.45504,25.16346,25.45504
Hdac5,23.20589,23.12424,22.29337,23.12424
Hscb,24.21549,24.94521,24.12581,24.21549
Acp1,24.04343,24.48155,,24.26249
Tapt1,25.45413,25.57882,24.93067,25.45413
Cpne7,22.54168,22.00556,22.08323,22.08323
Grik2,25.22681,24.03699,23.43262,24.03699
Scrg1,21.36746,20.0486,21.89829,21.36746
Pxk,24.22486,23.07915,23.20474,23.20474
Cpt1c,24.2781,24.94655,24.3672,24.3672
Dhodh,26.08186,26.15489,25.38772,26.08186
Ptprt,21.67741,21.3005,21.36367,21.36367
Tubgcp3,23.97806,24.35911,23.34313,23.97806
Agbl4,,,,
Lamtor5,27.94352,28.11634,28.40207,28.11634
Phax,22.3493,21.8245,21.43538,21.8245
Grid2ip,18.04878,13.7752,,15.91199
Ccm2,24.10238,23.80646,23.6826,23.80646
Ttc38,18.73003,18.70745,20.05907,18.73003
Ilvbl,26.4968,26.37948,26.08669,26.37948
Polr2c,26.49376,26.06741,26.55681,26.49376
Ctps2,24.83224,25.12676,24.89611,24.89611
Vwa1,20.40717,,,20.40717
Psmg1,27.22306,27.24771,26.74906,27.22306
Sema4a,24.39682,18.50125,19.77382,19.77382
Tomm20,28.52096,28.22283,28.01169,28.22283
Lpin2,22.09491,22.1688,21.87,22.09491
Swap70,23.60365,22.29981,22.54642,22.54642
Surf4,26.30765,26.66085,26.26302,26.30765
Slc39a12,17.25451,19.58716,16.1512,17.25451
Coa3,,27.30617,23.88455,25.59536
Dock10,18.39586,19.6837,17.94289,18.39586
Phka1,19.35804,20.14743,18.68291,19.35804
Xpot,26.325,26.55544,26.0422,26.325
Pvrl3,23.65611,22.84458,22.81816,22.84458
Katnal1,25.58308,25.44111,25.12317,25.44111
Dpp7,23.01206,22.50407,21.81241,22.50407
Slc12a9,25.03255,24.41751,23.98893,24.41751
Nptn,,,,
Necap2,22.09452,23.01517,20.05682,22.09452
Pter,24.72993,24.8347,23.64427,24.72993
2210016F16Rik,24.02141,24.25789,23.13643,24.02141
Fhl1,27.69757,28.25647,27.42262,27.69757
Carhsp1,28.46404,28.30413,28.2833,28.30413
Raph1,24.01478,23.37199,23.54191,23.54191
Nek9,23.97719,25.22369,24.37955,24.37955
Ankrd28,25.50009,25.40071,24.89384,25.40071
0610037L13Rik,26.70094,26.13377,25.68209,26.13377
Commd10,26.32857,26.07759,26.14715,26.14715
Golt1b,26.37011,26.49531,26.37994,26.37994
Lrrc8c,22.40296,23.16045,22.66902,22.66902
Tmem35,28.33441,28.10495,28.25894,28.25894
Selm,19.9631,23.64042,20.60775,20.60775
Wash1,24.76501,24.97329,22.03204,24.76501
Stx7,27.43547,27.52418,27.42518,27.43547
Nme3,26.94369,27.37294,26.91707,26.94369
Efnb3,26.41743,25.9655,26.10512,26.10512
Mrpl49,25.99604,26.04473,25.61383,25.99604
Rapgef5,23.24952,23.05729,23.11932,23.11932
Marco,18.18974,15.34638,18.48188,18.18974
Cfdp1,24.91889,24.81343,24.78796,24.81343
Psd2,25.95963,25.6462,25.43635,25.6462
Haghl,25.06172,26.90828,24.94494,25.06172
Ptprf,24.29677,24.55807,23.98381,24.29677
Slc4a3,20.39414,18.38174,17.45169,18.38174
Rae1,28.00758,27.86278,27.53378,27.86278
Hexdc,22.32375,22.80195,22.11604,22.32375
Trappc6b,25.49054,26.10524,25.11601,25.49054
Otud7b,20.43125,21.21774,19.30839,20.43125
Pag1,24.10653,23.41957,23.40665,23.41957
Elp4,24.34415,24.19468,23.17014,24.19468
Arpp21,24.48597,23.2025,23.5438,23.5438
Commd3,25.5754,25.85688,26.3735,25.85688
Slc7a14,22.96533,23.73138,23.91798,23.73138
Dnal1,26.70701,26.4748,26.23433,26.4748
Chn1,25.73047,25.82866,25.55628,25.73047
Hars2,26.26053,26.34121,25.23513,26.26053
Emc7,26.77518,26.87397,26.59278,26.77518
Mvd,28.10184,27.7986,27.81097,27.81097
Pycrl,27.82517,27.86443,27.13975,27.82517
Rwdd1,26.56033,25.30476,25.3435,25.3435
Fip1l1,24.32759,24.04335,22.70087,24.04335
Txndc9,26.24018,25.8084,25.32663,25.8084
Efr3a,20.83599,19.21854,20.30808,20.30808
Arl2,27.23882,27.59434,26.87853,27.23882
Nos1ap,22.89008,21.40759,20.72501,21.40759
Cbln1,22.23023,19.68844,23.09685,22.23023
Ube2v2,26.98403,26.42664,26.88145,26.88145
Pcbp3,26.61526,26.12605,25.97452,26.12605
Abcg2,23.25246,22.91702,22.90008,22.91702
Ctdp1,24.19701,23.68228,23.52325,23.68228
Clgn,21.27287,19.00794,19.48856,19.48856
Map4k2,19.49264,19.55474,15.98186,19.49264
Ttc1,25.40536,25.38047,25.12971,25.38047
Sh2b1,24.44809,24.85134,24.60077,24.60077
Rwdd2a,19.84459,20.08226,19.83841,19.84459
Dctn1,18.53321,,19.91503,19.22412
Crnkl1,25.46389,24.38397,24.87497,24.87497
Stx16,25.0914,24.54038,24.48401,24.54038
Pde12,26.25488,26.53211,26.19689,26.25488
Rbm15,24.55292,24.20933,23.99723,24.20933
Ssr4,30.29088,30.18719,29.69954,30.18719
Ptpn9,25.38564,25.26438,25.19854,25.26438
Dnajc9,24.14118,23.25289,22.58194,23.25289
Napepld,20.10252,18.59536,19.29849,19.29849
Rprd2,23.37398,23.2981,22.18728,23.2981
Gmpr2,26.47246,26.3928,25.35488,26.3928
Ctbp1,,,,
9030617O03Rik,23.85091,24.11521,22.68609,23.85091
Hspbp1,26.04402,26.76648,25.8148,26.04402
Arhgap25,20.17998,16.89427,22.03009,20.17998
Pex14,26.06089,26.02488,25.83668,26.02488
Vti1b,25.57288,25.52229,25.75692,25.57288
Cacnb1,25.4425,25.65111,25.18892,25.4425
Ppp3r1,16.1113,18.0234,17.88292,17.88292
Grik3,22.53303,22.57404,21.82602,22.53303
Rprd1b,25.90196,25.29035,25.63945,25.63945
Ap3s1,27.53445,27.70583,27.49663,27.53445
Mybbp1a,26.54025,26.60159,26.22138,26.54025
Psip1,24.67169,24.39408,23.58566,24.39408
L2hgdh,25.41548,25.45535,24.83562,25.41548
Scrn2,24.50039,24.52277,24.24285,24.50039
Agpat1,27.13359,27.28595,27.01393,27.13359
Brcc3,25.43625,25.92264,25.75103,25.75103
Cadps,18.00135,17.79373,,17.89754
Btf3,27.63962,27.33952,27.22389,27.33952
Kcnd2,25.39758,24.89555,24.45344,24.89555
Gprc5b,22.84562,22.95308,22.39553,22.84562
Ntng1,21.05112,20.97001,20.9512,20.97001
Pitpnm3,18.15135,20.23245,21.68915,20.23245
Rab11fip2,23.27441,23.27355,22.92738,23.27355
Cpped1,25.65742,25.34723,26.36205,25.65742
Tbc1d15,23.26442,22.34989,23.07645,23.07645
Slirp,26.44755,26.37916,24.91027,26.37916
Rabggtb,25.46799,25.85491,24.75807,25.46799
Rp2,24.48505,24.8146,23.79679,24.48505
Cc2d1b,21.92358,21.24702,21.39822,21.39822
Polr2b,25.7518,25.86143,25.96376,25.86143
Agpat5,24.70641,24.9693,23.64801,24.70641
Rundc3a,26.28107,26.53767,25.91513,26.28107
Ube4a,25.52692,25.73743,24.69365,25.52692
Vgf,26.46064,20.81597,22.26339,22.26339
Cd38,,,,
Slc12a6,21.36885,20.30886,20.3144,20.3144
Rnf123,23.80872,24.02715,23.15823,23.80872
Nasp,26.24085,25.09567,25.89504,25.89504
Bckdhb,25.79489,26.48815,25.15368,25.79489
Ccrn4l,24.43199,24.94775,24.45432,24.45432
Hmga1,27.08639,25.91762,26.75621,26.75621
Pacs2,25.19103,25.77334,24.89684,25.19103
Tbrg4,25.64952,25.819,25.18616,25.64952
Fam195b,26.2126,26.23226,25.92275,26.2126
Ccdc124,24.98081,24.01818,24.22066,24.22066
Rpl34,30.13651,30.13919,29.91613,30.13651
Ncbp2,25.96338,26.22221,26.19203,26.19203
Tmx1,28.37997,28.4885,27.40007,28.37997
Hmgb3;Gm6104,29.03031,28.71983,29.08101,29.03031
Il1rap,21.35466,23.18309,19.19456,21.35466
Nrn1,,,,
Itch,24.55039,23.98676,24.3841,24.3841
Soga1,24.75302,23.92551,24.75083,24.75083
Tstd3,25.50042,25.30163,25.14402,25.30163
Gprin3,21.7248,19.55152,21.66027,21.66027
Phf6,26.11178,25.7889,25.80723,25.80723
Ndufaf2,26.66777,26.80427,26.92241,26.80427
Slc23a2,24.4729,24.38364,23.95163,24.38364
Fam151b,23.16457,23.13644,23.20686,23.16457
Ndufaf1,23.88855,23.7318,24.31285,23.88855
Clec2l,23.36119,23.69636,21.2092,23.36119
Prpf3,25.1658,24.78412,24.50154,24.78412
Sarnp,26.59235,25.90653,26.10973,26.10973
Tango2,25.377,25.4921,24.93755,25.377
Psd3,21.75593,19.34979,21.32152,21.32152
Wfs1,,,23.98251,23.98251
Insr,23.62868,23.27853,23.0022,23.27853
Fam63a,25.26589,25.38505,24.37046,25.26589
Ttc39c,22.58091,22.25191,22.67355,22.58091
Csnk1g2,25.13163,25.47837,25.13258,25.13258
Taco1,26.557,26.75277,26.20981,26.557
Prkg1,21.94557,15.39851,17.21,17.21
Nup37,24.29831,24.56987,24.04385,24.29831
Spin1,26.77605,26.66696,26.84936,26.77605
Ttc3,25.16166,25.1303,24.81856,25.1303
Cpsf3,25.13352,25.43781,24.76218,25.13352
Sardh,18.10983,20.53374,18.89608,18.89608
Nhp2l1,28.03276,28.56315,27.87888,28.03276
Minpp1,24.46899,24.74227,22.94714,24.46899
Tmed9,28.13085,28.29855,28.03727,28.13085
Mtss1,24.67309,24.39643,24.42579,24.42579
Tph2,,17.1332,,17.1332
Porcn,25.02077,25.3676,24.74026,25.02077
Tmcc2,23.91998,23.56139,23.06181,23.56139
Hid1,24.91948,24.96468,24.24887,24.91948
Gspt2,24.89282,24.67422,23.34841,24.67422
Ankrd46,26.6443,26.60003,26.33538,26.60003
Map2k7,23.44101,23.23501,23.44278,23.44101
Cntnap4,22.22515,22.4094,22.28193,22.28193
Tbc1d13,25.5899,25.91757,25.34015,25.5899
Gale,24.49808,24.29116,24.27831,24.29116
Vars2,22.92991,22.86699,22.2951,22.86699
Vldlr,24.14787,24.09997,23.49717,24.09997
Zfyve9,23.01403,23.18988,22.83337,23.01403
Pcdhgc5,20.90954,20.17658,19.4246,20.17658
Mark4,24.76091,24.8491,24.33804,24.76091
Fam136a,26.94971,27.06846,26.42541,26.94971
Nlgn1,22.91692,22.70944,22.08677,22.70944
Opa3,26.40111,26.32181,25.69692,26.32181
Dad1,26.24947,27.43936,26.22861,26.24947
Ubap2,24.12353,24.04469,23.99619,24.04469
Tbc1d9b,23.48161,23.61336,22.57462,23.48161
Zmat2,24.18775,23.94494,24.31077,24.18775
Mta3,24.26807,24.09965,24.18003,24.18003
Agfg2,23.9331,23.83904,23.01492,23.83904
Hcfc2,22.17795,21.95971,23.43301,22.17795
Pygl,25.2394,25.4248,24.85239,25.2394
F3,23.14714,21.86869,21.06197,21.86869
Upf3b,24.44506,23.69275,23.61818,23.69275
Trip11,22.11308,22.57057,21.97691,22.11308
Vhl,26.66343,25.26148,26.19779,26.19779
Limk1,23.41931,23.0931,22.12348,23.0931
Cmtm5,,,,
Bcat2,24.7759,24.80961,24.44107,24.7759
Nanp,25.47147,25.65597,25.01967,25.47147
Gabra4,18.90045,19.38661,19.55927,19.38661
Wapal,21.47996,21.66904,22.06161,21.66904
Bcas2,26.82566,26.45345,26.42702,26.45345
Kit,24.70081,24.8291,24.34279,24.70081
Rnf141,23.56256,23.80243,24.18336,23.80243
Smpd3,26.5979,26.37809,25.73314,26.37809
Ganc,20.78397,17.2379,20.92296,20.78397
5730455P16Rik,24.99787,24.92583,24.77384,24.92583
Mrps10,26.54086,26.76053,26.39594,26.54086
Mars2,24.82731,25.158,24.1191,24.82731
S100a10,24.48198,24.46133,20.67237,24.46133
Ppp1r16b,17.23323,15.5849,16.31681,16.31681
Rgs7bp,25.07218,25.259,24.09241,25.07218
Kif3c,22.59719,22.70531,21.51441,22.59719
,26.56869,26.77969,26.41418,26.56869
Aplp1,24.12029,24.58084,24.23623,24.23623
Prorsd1,22.6907,22.0033,20.77201,22.0033
Stambp,25.34293,25.55004,25.48873,25.48873
Cpsf2,24.22118,24.83639,24.29873,24.29873
Pbrm1,24.77163,24.65726,24.29292,24.65726
Stx4,19.90073,22.75593,20.59614,20.59614
Slc4a8,24.26592,23.91607,23.01531,23.91607
Lzts3,,,,
Ptrhd1,23.92769,25.46871,23.92949,23.92949
Mdga2,23.29558,22.51771,22.85654,22.85654
Fam65a,24.63395,24.71931,24.10909,24.63395
Cnot3,26.21069,25.49866,24.4567,25.49866
Nudt16l1,26.60215,26.22903,26.03748,26.22903
Ppip5k1,21.58806,21.98694,21.46129,21.58806
Kif13b,22.21267,21.89456,21.65417,21.89456
Rab8b,27.01712,26.70094,26.78107,26.78107
Akap1,23.97719,23.49179,23.74684,23.74684
Pcdh9,23.08654,22.95865,22.22128,22.95865
Dcun1d2,24.48849,24.15143,23.79521,24.15143
Daglb,22.63032,22.79796,22.44695,22.63032
Mettl7a1,22.19102,23.19734,21.92031,22.19102
Gnal,24.53558,24.58084,23.69732,24.53558
Spon1,20.95326,20.4959,21.77812,20.95326
Rnf31,22.37883,21.95851,21.50057,21.95851
Adck1,25.07137,25.21708,24.1747,25.07137
Mrps24,25.58583,26.05968,25.39156,25.58583
Rab33a,27.55494,27.54399,27.08152,27.54399
Trpc4ap,22.36378,21.47551,22.22706,22.22706
Pnmal2,25.74386,25.77203,25.26953,25.74386
Dr1,21.96934,24.47475,23.83923,23.83923
Fat2,18.45258,18.41712,19.09674,18.45258
Adck3,20.88174,17.17758,23.19426,20.88174
Anxa4,25.69246,25.42762,25.07386,25.42762
Plekha6,19.59896,19.01004,20.0961,19.59896
Cdk5rap3,22.82268,22.4491,21.83356,22.4491
Scg5,26.58907,26.37541,25.81274,26.37541
Plekhd1,,,19.39831,19.39831
Pdlim1,19.33976,20.04193,19.29298,19.33976
Pcm1,22.11165,22.36271,21.83565,22.11165
Inpp5f,23.31672,23.41944,23.19921,23.31672
Tfcp2,24.82221,25.06089,24.9581,24.9581
Mbp,23.15054,22.93307,22.92232,22.93307
Nup160,25.36643,25.57317,24.76991,25.36643
Stk11,25.19269,25.40912,24.89092,25.19269
Tns3,22.38998,22.82485,20.74796,22.38998
Slc12a4,21.81335,21.69383,21.24039,21.69383
Arl15,27.056,27.48147,27.40211,27.40211
Pik3ca,24.86627,24.75771,24.2446,24.75771
Cog3,24.76966,24.81592,24.46039,24.76966
Plekha1,22.45821,22.69368,21.79479,22.45821
Impad1,26.50767,26.61541,25.80198,26.50767
Ids,24.68175,25.06899,23.75205,24.68175
Idi1,25.75251,25.51806,25.05441,25.51806
Pwp1,25.5899,25.77394,25.09619,25.5899
Cmip,26.3255,26.21928,25.87497,26.21928
Nrp1,26.23952,25.88136,25.86957,25.88136
Prpf4b,25.6937,25.33596,25.13022,25.33596
Cox15,23.93805,24.79189,23.68774,23.93805
Cab39l,22.93618,21.56844,21.19274,21.56844
Isca1;AK157302,26.54276,26.59861,26.30297,26.54276
Rbm17,25.69726,25.46445,25.46451,25.46451
Asph,24.13367,24.00359,22.84709,24.00359
Ubxn7,25.62416,25.56735,25.33163,25.56735
Fads1,26.63644,26.40332,25.92694,26.40332
Cd47,25.36676,25.04268,24.41177,25.04268
Fbxo22,25.6936,26.07218,25.70512,25.70512
Syt17,17.00141,16.3452,15.60458,16.3452
Ankrd17,23.53433,23.84134,22.87271,23.53433
Vamp7,26.89064,26.56767,25.96607,26.56767
Actn4,25.82121,25.58044,25.0549,25.58044
Commd5,26.09299,26.05494,25.50561,26.05494
Slc7a8,15.96977,16.14722,16.92381,16.14722
Cog6,25.20426,25.08837,24.68923,25.08837
Baiap2,19.40978,20.24016,20.25638,20.24016
Gpt2,26.34846,25.81919,25.57309,25.81919
Ash2l,24.73954,24.25364,24.158,24.25364
Chmp3,26.6327,26.79476,26.9198,26.79476
Cacng3,22.27977,,19.16693,20.72335
Abl2,24.55356,24.56232,24.08245,24.55356
Wdr20,25.10562,24.79049,24.38627,24.79049
Trappc13,25.29765,25.26256,25.52058,25.29765
C2cd4cC2CD4 family,24.23498,24.54191,23.89152,24.23498
Fam134a,24.38864,24.7366,23.89689,24.38864
Fam160a2,23.19907,23.54014,23.48554,23.48554
Stard10,23.60184,24.02749,23.49351,23.60184
9/15/2015 0:00,26.65185,26.09281,23.75695,26.09281
Nubpl,25.31251,24.81631,24.4902,24.81631
Guf1,24.8846,24.25241,23.57369,24.25241
Kcnd3,23.91369,24.28898,23.83961,23.91369
Babam1,24.59622,24.24547,24.67901,24.59622
Ppp1r12b,21.70982,21.3024,21.18936,21.3024
Arid1a,24.3132,23.86032,24.13766,24.13766
Abcf3,24.77575,24.12226,23.84451,24.12226
Wdr6,25.80912,25.915,24.90857,25.80912
Ccdc91,24.05928,22.99424,22.89527,22.99424
Gba2,25.38729,26.05053,25.46644,25.46644
Ehmt2,23.76911,23.74673,23.12802,23.74673
Ankrd13d,24.29011,24.14079,23.57957,24.14079
Mef2c,25.97257,25.63788,24.93818,25.63788
Irak4,24.65971,18.3679,,21.513805
AW551984,24.62795,24.01759,24.10893,24.10893
Hmgb2,27.98691,27.81397,27.63672,27.81397
Dgkq,21.8464,22.38777,21.42783,21.8464
Tars2,23.36159,23.07372,23.17969,23.17969
Mtif2,24.14973,24.05747,24.4768,24.14973
Arpc1b,23.53029,23.67077,22.42842,23.53029
Pum2,25.52701,25.84139,25.467,25.52701
Rars2,24.91274,24.81787,24.31036,24.81787
Qrich1,25.74016,25.64793,24.88962,25.64793
Tbl1x,24.22162,24.30382,24.03448,24.22162
Galc,22.84644,23.73511,22.10258,22.84644
Ecel1,22.74244,17.50525,17.98008,17.98008
Wbp4,23.94208,24.89426,22.47929,23.94208
Ssr1,24.97815,26.50549,25.86611,25.86611
Ergic2,25.23334,25.32093,25.28708,25.28708
Osbpl10,23.16661,23.53386,23.09329,23.16661
Pelp1,26.04421,26.2247,25.79771,26.04421
Dus3l,25.98187,26.03781,26.14351,26.03781
Ralyl,26.17156,26.22902,25.41918,26.17156
Kcnb1,18.66011,18.63076,18.24307,18.63076
Camk2n1,,,23.0222,23.0222
Piezo1,19.33449,20.62676,20.77644,20.62676
Fbxo3,26.28658,26.5349,25.94954,26.28658
Lyst,22.10229,22.37968,21.85011,22.10229
Abhd14b,24.12282,24.19925,22.74714,24.12282
Eif2b5,26.0919,26.26476,25.41835,26.0919
Kctd4,25.1268,25.37865,24.63766,25.1268
Tcof1,23.31852,22.8817,23.11548,23.11548
Nsg1,27.6095,27.71738,26.98663,27.6095
Thumpd3,24.90706,24.7144,24.37478,24.7144
Mast3,21.77692,22.16772,21.4171,21.77692
Rbm12;Gm28036,25.68255,26.12745,25.67166,25.68255
Nyap2,20.41462,20.25176,,20.33319
Sema4d,22.18529,21.11452,20.52879,21.11452
Gabra2,26.1712,26.27274,25.88483,26.1712
Trrap,24.34401,24.16622,23.90921,24.16622
Ispd,22.88297,23.52492,23.26771,23.26771
Ythdc2,23.78157,23.99352,23.32499,23.78157
Poglut1,23.4902,28.32178,22.0124,23.4902
Smyd5,25.90637,26.03034,25.42461,25.90637
Top3b,25.13747,25.15376,24.99848,25.13747
Tcf25,23.83335,23.41854,23.78826,23.78826
Slc6a5,20.71423,,18.8672,19.790715
Trappc2l,26.50403,26.86561,26.52853,26.52853
Naa50,26.88716,27.1776,26.94537,26.94537
Smpd2,26.84458,27.25539,24.56738,26.84458
Ttpal,23.88185,23.59161,23.84316,23.84316
Ophn1,24.97426,24.93225,24.04277,24.93225
Qrsl1,24.35259,24.60445,24.19798,24.35259
Acsl5,22.72817,23.34854,22.47388,22.72817
Palm3,21.08712,20.68799,20.6206,20.68799
Dcakd,28.77112,28.97717,28.85944,28.85944
Dcun1d5,23.88874,23.92931,22.65493,23.88874
BC068157,24.62428,23.62901,24.11362,24.11362
Fam81a,,,22.22264,22.22264
Gm2a,27.35439,27.43173,26.72117,27.35439
Slc7a5,26.72221,26.73789,26.82554,26.73789
Emb,22.647,22.76219,22.11356,22.647
Pdcl3,24.63898,25.24518,24.70271,24.70271
Arfgap3,23.52444,22.90672,25.97091,23.52444
Eefsec,25.73549,25.94411,25.57022,25.73549
Egfr,23.91588,23.49155,22.83854,23.49155
Ntng2,23.25311,23.09772,22.31002,23.09772
Pcdh8,24.90944,24.53718,24.68955,24.68955
Dnm1,,,,
Rcc1,25.69973,25.8983,26.4444,25.8983
Kndc1,21.02689,21.17907,20.67055,21.02689
Adcy3,21.4156,21.15456,20.58132,21.15456
Kcnip2,21.34592,21.13408,18.72087,21.13408
2610301B20Rik,25.34089,25.43549,25.26406,25.34089
Mrpl38,25.84316,25.83256,25.62472,25.83256
Nab2,22.07532,21.11025,19.52235,21.11025
Rbm22,24.45275,24.22545,24.46382,24.45275
Cxx1b,25.77158,25.65826,25.45428,25.65826
Fam171b,22.618,22.04663,22.44892,22.44892
Sf3b4,22.56681,24.23462,23.43657,23.43657
Frmd8,23.08024,23.25566,21.919,23.08024
2310061I04Rik,21.86037,22.43286,21.00237,21.86037
Mkln1,23.83932,23.63201,23.04817,23.63201
Snrpd1,29.80985,29.58034,29.3106,29.58034
Lats1,22.39767,23.25551,23.65556,23.25551
Sec24a,24.71623,24.53522,24.63887,24.63887
Naaa,24.0421,22.84056,21.70578,22.84056
Rcan1,26.17341,26.27457,25.45234,26.17341
Ica1l,23.85386,23.29221,23.88204,23.85386
Tldc1,24.88381,24.70715,24.85899,24.85899
Ptprg,22.16537,21.73045,22.11258,22.11258
Akt2,23.80922,23.72224,23.44101,23.72224
Thnsl2,19.32799,19.50034,21.06447,19.50034
Ptpre,24.26671,22.98111,23.23241,23.23241
Znf365,19.43945,19.38072,18.25146,19.38072
Rasgrp2,26.26835,26.43455,25.96488,26.26835
Rps27a,28.95394,30.03577,29.41016,29.41016
Pex5,25.34096,25.30553,24.77002,25.30553
Tbc1d7,24.39545,24.33122,23.94378,24.33122
Dhx38,24.13548,24.20516,23.6608,24.13548
Syne3,15.61004,,19.40618,17.50811
BC037034,24.65633,24.76208,23.9649,24.65633
3/5/2015 0:00,27.16528,27.15904,26.9619,27.15904
2810408M09Rik,24.83113,25.0518,24.92257,24.92257
Axin1,22.25176,,21.81014,22.03095
Myh10,24.19513,24.14344,23.87708,24.14344
Sv2c,22.77892,22.90568,18.03112,22.77892
Fars2,24.0242,23.453,23.58749,23.58749
Kif1b,23.34191,23.17092,22.66462,23.17092
Iba57,26.15996,25.91689,25.55333,25.91689
Csnk1a1,27.00314,27.01861,26.50373,27.00314
Lama1,18.5806,16.31405,18.77259,18.5806
Rdh11,28.32449,28.18631,27.59128,28.18631
Inpp4b,21.58495,21.09526,21.22276,21.22276
Fam73a,22.6116,21.64672,20.65622,21.64672
Mrrf,27.13761,26.60116,26.46365,26.60116
Sptan1,22.23824,22.33293,21.65596,22.23824
Chmp1a,26.89655,26.60017,26.39051,26.60017
Aldh1l2,29.08995,29.01209,28.49255,29.01209
Nudt16,25.73982,25.55783,25.1922,25.55783
Bmpr2,23.88623,23.5438,23.44443,23.5438
Kpna1,25.08128,25.27927,26.01582,25.27927
Dock5,19.27987,18.31225,18.73711,18.73711
Sumo1,25.74258,25.52286,23.6646,25.52286
Hccs,25.92963,26.20749,26.10446,26.10446
Mrpl10,25.82082,26.211,24.87173,25.82082
Mrpl4,27.00314,26.61737,26.45745,26.61737
Fam96b,27.1029,26.83738,26.72104,26.83738
Aamp,25.41803,25.00992,24.91921,25.00992
Pgam2,,,15.13415,15.13415
Cep55,21.19532,23.72983,22.64884,22.64884
Lphn2,24.24989,24.51593,23.58383,24.24989
Gng4,22.80116,25.03746,23.26471,23.26471
Elp6,25.42352,25.56587,25.32086,25.42352
Amdhd2,23.6156,21.41694,22.00086,22.00086
Syne2,22.65613,22.44096,22.24246,22.44096
Brap,24.18556,23.95624,23.30215,23.95624
Macf1,20.6428,19.60023,19.59971,19.60023
Lactb2,22.59566,21.57473,22.32713,22.32713
Shc3,23.49534,23.57831,24.10597,23.57831
Praf2,27.69505,27.70464,24.365,27.69505
Lrrc16b,23.84498,23.34082,23.28785,23.34082
Arl2bp,25.12609,25.68467,24.63909,25.12609
Map3k4,22.82544,23.06947,22.58827,22.82544
Hsd11b1,17.18592,,12.55252,14.86922
Ndufaf3,26.12822,26.18843,25.38844,26.12822
Txlna,24.41867,24.05267,24.12581,24.12581
Dpm1,27.02168,27.05992,26.34289,27.02168
,22.69215,18.54461,,20.61838
Myadm,24.46669,25.15016,24.584,24.584
Alpk1,20.94514,19.96014,18.0395,19.96014
Samd4b,24.71492,24.47587,23.7678,24.47587
Chchd4,27.26687,27.48393,26.91513,27.26687
Wdr45b,26.53697,26.45908,25.58537,26.45908
Csmd2,20.25396,20.30563,19.72157,20.25396
Ccdc51,24.97605,24.66888,24.16668,24.66888
Sdf2,27.3621,26.66438,26.46821,26.66438
Rpp14,21.16036,22.80609,22.2438,22.2438
Gng7,23.36212,23.95624,21.22205,23.36212
Arhgef6,21.00354,20.68209,20.50911,20.68209
Sephs2,24.17455,24.37152,24.37318,24.37152
Cnot10,25.05681,24.84379,24.04427,24.84379
Scfd2,24.36953,24.81039,24.74165,24.74165
Oxsm,23.11612,24.28207,24.20038,24.20038
Mertk,22.50618,19.19943,17.47738,19.19943
Zcchc17,23.45073,23.30647,23.18713,23.30647
Lrrc8b,25.04893,25.32615,24.44569,25.04893
Ttbk1,22.22276,21.4917,21.4493,21.4917
Sec23b,24.22634,24.55573,24.36152,24.36152
Smek1,24.84043,24.76501,24.33851,24.76501
Vps37c,25.32107,25.36343,25.31257,25.32107
Rapgef1,24.50954,24.45801,23.34055,24.45801
Rpl35;Gm10269,30.28129,30.5376,30.08967,30.28129
Cog5,24.63023,24.71051,25.18952,24.71051
Gm10094;Sap18,26.26048,25.97717,25.66812,25.97717
Kank4,,,,
Nhsl2,18.92605,,18.26385,18.59495
Araf,25.04272,25.30907,24.58578,25.04272
Adcy1,23.70694,24.01223,22.68955,23.70694
Stxbp6,23.8261,23.24211,24.67498,23.8261
Upf2,25.11648,25.07259,25.44174,25.11648
Adam10,25.45917,25.55163,25.2781,25.45917
,23.14113,21.79134,20.57099,21.79134
Dmwd,23.95677,24.83827,23.22985,23.95677
Nsg2,28.05765,27.61835,27.73712,27.73712
Ccdc85c,21.44334,21.3705,21.01488,21.3705
Plekhm2,22.40047,23.01163,21.35612,22.40047
Ano10,24.77319,24.4346,24.57317,24.57317
Gar1,26.32323,27.56652,27.54008,27.54008
Tsc22d1,25.32224,25.81426,24.40652,25.32224
Ksr2,22.05192,22.35448,22.01103,22.05192
Kcnip3,18.84779,20.80168,,19.824735
Ipcef1,23.17243,21.87545,21.56351,21.87545
Lias,24.85024,24.51376,23.42316,24.51376
Slc25a27,25.98516,25.66384,25.46351,25.66384
Serpini1,24.51563,24.31181,24.77032,24.51563
Tmpo,26.01897,25.40201,26.12252,26.01897
Lyn,21.50179,21.27446,20.81847,21.27446
Celsr2,21.98999,21.59969,21.89855,21.89855
Nrcam,,18.07164,,18.07164
Iglon5,25.81069,25.93375,26.19509,25.93375
Adpgk,26.12404,26.18845,25.83468,26.12404
Bag2,26.32872,26.20818,25.71256,26.20818
Ppp1r13b,20.91867,21.22853,20.45111,20.91867
Parn,24.14219,23.78676,23.76729,23.78676
Mtus2,23.16886,23.96049,22.82767,23.16886
Fdxr,26.5226,26.71502,25.8393,26.5226
Elac2,24.0089,24.04735,23.34069,24.0089
Frrs1l,23.44278,25.09245,24.22634,24.22634
Chkb,25.27927,25.08898,25.07263,25.08898
Dgkd,22.40647,22.2478,22.03855,22.2478
Astn2,21.07848,21.84583,21.99628,21.84583
Actl6a,25.7709,25.27021,25.62514,25.62514
Clcn3,25.38805,25.57297,24.91771,25.38805
Acp6,24.86424,24.79084,23.81333,24.79084
Ppp1r8,26.35552,26.47503,26.18901,26.35552
Myo9a,22.35437,21.48876,21.39147,21.48876
Snx14,22.60365,22.84401,22.70068,22.70068
Rufy1,22.04833,23.70293,22.20819,22.20819
Ube3b,23.66351,22.77884,21.63524,22.77884
Cog7,25.0783,25.05672,25.03351,25.05672
Chtop,26.18994,25.88744,25.92567,25.92567
Ppox,25.29278,25.3892,25.45243,25.3892
Kcnj4,20.70278,20.8472,20.9281,20.8472
Serac1,23.9061,22.09629,22.13834,22.13834
Bai2,19.44221,19.91485,19.34739,19.44221
Trappc1,26.18652,25.72874,25.86152,25.86152
Nup54,24.84671,24.19641,24.27519,24.27519
Poldip3,25.02437,24.91593,25.07259,25.02437
Galns,23.78826,20.83969,21.00175,21.00175
Ptpn4,21.00546,21.09487,21.00806,21.00806
Lman2l,26.11245,26.24091,25.4759,26.11245
Fmo5,19.56466,18.20691,19.6942,19.56466
Rad23a,24.02968,22.33582,23.07847,23.07847
Preb,26.53224,26.36593,26.34957,26.36593
Cbs,24.72239,24.33634,24.1563,24.33634
Smarcal1,23.76648,24.25133,23.24296,23.76648
Nsmf,20.17755,22.49631,21.86321,21.86321
Tmcc1,23.50203,23.71146,23.01431,23.50203
Irf2bpl,24.59736,25.02268,24.74057,24.74057
Hddc2,26.29498,25.50149,25.15866,25.50149
Sdf2l1,25.05701,25.16787,24.6678,25.05701
Snx9,19.74121,21.33593,19.19825,19.74121
Srrm1,24.30841,24.1925,24.37518,24.30841
Klhl6,22.71798,23.04577,22.74024,22.74024
,20.34516,23.46339,22.3002,22.3002
Mob1a,25.2267,24.61835,25.00174,25.00174
Sdhaf2,23.73583,23.37677,23.55579,23.55579
Rabepk,25.78995,25.60034,25.70314,25.70314
Epg5,20.91174,20.71398,21.18047,20.91174
Cecr5,23.98146,23.56953,24.06874,23.98146
Ipo13,22.88407,23.18994,23.19629,23.18994
Rbm10,21.50969,21.29424,21.69838,21.50969
Dctn6,27.63187,27.33705,27.64691,27.63187
Ikbkb,24.38818,24.79362,22.71368,24.38818
Nptx2,20.66544,22.38545,19.98774,20.66544
S1pr1,,,,
Rtn4ip1,24.87797,25.1332,24.38344,24.87797
Mri1,24.82138,24.7601,24.6988,24.7601
Ccp110,19.98593,20.42767,18.87807,19.98593
Mrps35,26.76648,26.73544,25.83598,26.73544
Csmd1,22.38835,21.62114,21.07979,21.62114
Rab33b,26.31783,25.46304,25.38561,25.46304
Smpdl3a,21.26184,21.68016,21.05411,21.26184
Fen1,25.66804,25.70925,25.56334,25.66804
Slc30a1,24.66058,25.11112,23.86571,24.66058
Fam73b,22.43135,23.04509,21.73331,22.43135
Wibg,22.64603,21.67202,22.69922,22.64603
Snrpb2,26.17879,25.93073,25.77485,25.93073
Scaf8,24.67314,24.72505,24.60162,24.67314
Dclk1,23.79501,24.95925,24.79243,24.79243
Rtkn,22.60858,,17.86212,20.23535
Chl1,,,,
Pcif1,25.45951,25.32961,24.9252,25.32961
Rragb,27.18092,26.96422,26.55862,26.96422
Nlrx1,21.9668,22.91809,20.54585,21.9668
Khdrbs2,24.58532,24.1418,23.61964,24.1418
Rassf2,25.22854,25.32248,24.72863,25.22854
Cenpf,,17.9659,19.81866,18.89228
Surf1,25.66671,25.49659,25.42848,25.49659
Cyth1,23.81939,24.51593,24.40328,24.40328
Thsd7a,22.11661,22.62502,22.44283,22.44283
Garnl3,22.47328,22.91964,23.01153,22.91964
Zfyve19,21.49258,22.62925,17.72454,21.49258
Sdsl,19.39108,17.43111,19.2919,19.2919
Rictor,21.21199,21.49243,21.88562,21.49243
Chgb,22.83214,22.17032,21.85502,22.17032
Myo5b,22.73084,22.88502,21.08472,22.73084
Mpdu1,28.97681,28.9553,27.85555,28.9553
Aamdc,23.62008,23.38495,22.97886,23.38495
Mrps18b,25.69208,25.0118,25.26446,25.26446
Cav1,20.5696,21.43135,21.38937,21.38937
Ubr2,24.12849,24.40613,23.80144,24.12849
Mrps17,28.10974,28.36319,27.85228,28.10974
Mrpl15,26.86136,26.97902,26.59178,26.86136
Hace1,22.10322,21.86397,21.82295,21.86397
Gabrb1,22.93251,22.80516,22.3199,22.80516
Spast,24.40536,23.95651,24.22612,24.22612
Lrrtm1,20.43155,21.40072,20.01985,20.43155
Wdr5,26.99992,26.88728,26.13512,26.88728
Lsm8,27.01818,26.06729,26.01557,26.06729
Vasp,26.39251,26.62199,26.46837,26.46837
Fau,28.9426,28.55175,28.12278,28.55175
Mrps16,26.94503,26.82748,26.76383,26.82748
Ppil1,27.2359,27.80286,27.41062,27.41062
Zc3h18,23.93121,23.7082,24.06168,23.93121
Coil,25.15919,24.92334,24.14024,24.92334
Ntmt1,26.73673,25.8387,25.30946,25.8387
Naa20,25.37617,25.04256,24.72495,25.04256
Ctsz,23.3806,21.42003,23.3889,23.3806
Lsm5,26.45905,20.29614,25.23334,25.23334
,25.00312,25.3395,23.91771,25.00312
Rbm6,23.16748,22.72869,22.656,22.72869
Ogt,24.10117,24.47209,23.53291,24.10117
Ano6,23.84057,23.53291,22.56339,23.53291
Ankrd29,,18.44992,16.73582,17.59287
Cpeb2,21.91013,21.73384,20.69702,21.73384
Mic1,25.66744,25.56529,24.95078,25.56529
Epb41l5,23.95349,23.50227,22.61791,23.50227
Pcdh10,22.82446,22.80408,23.48013,22.82446
Lyrm4,26.28583,26.72884,26.886,26.72884
Fam184a,20.3829,18.78206,19.29197,19.29197
Enpp1,17.34802,16.88524,,17.11663
Prpf38a,26.02403,26.61793,26.18497,26.18497
Mocs3,25.23008,25.52764,24.89328,25.23008
Susd2,17.47223,17.57725,,17.52474
Tmem263,25.59676,25.51147,23.45726,25.51147
Anks1a;Anks1,23.8102,23.49253,22.77487,23.49253
Erap1,22.85363,22.05643,21.75585,22.05643
Trpm3,20.09905,19.91681,19.80436,19.91681
Fam45a,26.28217,25.73467,25.18204,25.73467
Apod,20.80774,,22.13104,21.46939
Gjc3,,,,
Ptp4a2,27.72195,27.95344,27.64924,27.72195
Thoc3,25.97655,26.21612,26.35802,26.21612
Psph,28.62282,27.67202,28.18815,28.18815
Bag3,20.51007,18.24739,19.37496,19.37496
Ppm1l,25.78064,25.42458,25.47503,25.47503
Fam63b,22.31711,22.73163,23.1131,22.73163
Nufip2,23.15758,22.77575,22.30747,22.77575
Jph3,21.10661,19.8545,19.67502,19.8545
Bzw2,27.46956,27.74092,27.50165,27.50165
Ikbkg,22.71463,23.61347,24.59064,23.61347
Galnt16,23.26828,23.87286,23.2346,23.26828
Pdcl,25.40542,25.06069,24.28968,25.06069
Ppp1r37,23.4929,23.65502,23.93049,23.65502
Ptk7,23.54262,22.92464,23.16289,23.16289
Cnnm3,24.08756,23.72546,23.92895,23.92895
Mrpl9,25.46351,25.76981,25.58703,25.58703
Slc25a10,25.24362,25.70137,24.46258,25.24362
Rufy3,25.48791,26.31069,25.6021,25.6021
Fam107b,23.3415,22.65423,23.80233,23.3415
Atp2c1,25.26227,25.11323,24.85262,25.11323
Ncam1,25.54386,24.78591,25.7305,25.54386
Nars2,24.93328,25.44395,24.80976,24.93328
Sntb1,19.92744,17.53032,17.4598,17.53032
Rer1,27.66912,27.48355,26.99183,27.48355
Snrpe,28.24372,28.91738,27.82037,28.24372
Adarb1,23.44834,22.78652,23.24824,23.24824
F8a;F8a1,24.85329,25.23561,24.51117,24.85329
Clcn4,24.84709,24.70477,23.74561,24.70477
Nup43,25.90846,25.84417,26.03261,25.90846
Clcc1,23.66014,22.98327,22.35283,22.98327
Mfn1,23.78267,23.53136,23.22364,23.53136
Abca3,24.2637,24.05614,22.96404,24.05614
Prkaa2,24.79452,25.01031,25.1439,25.01031
Ints4,23.03971,23.13804,22.52397,23.03971
Tinagl1,,,16.24728,16.24728
Cstf1,26.43369,26.10173,26.25332,26.25332
Letmd1,25.89975,26.4624,25.27099,25.89975
Plekhb1,19.89949,,,19.89949
Bad,24.1321,23.75634,23.46126,23.75634
Dhps,24.27881,24.52946,23.55262,24.27881
Ccdc28a,21.89249,,,21.89249
Patl1,23.36946,23.75878,22.80902,23.36946
Cdk7,23.52049,22.97425,22.87085,22.97425
Tmed5,22.83173,23.50191,20.93186,22.83173
Bpgm,25.66381,25.07578,25.28079,25.28079
Gpr56,24.6548,24.37451,23.15761,24.37451
Lrrtm2,23.47593,22.30221,21.98645,22.30221
Ndufaf5,24.19385,23.75552,21.46364,23.75552
Pnkd,24.42118,24.63123,23.94378,24.42118
Itpk1,26.1386,26.27719,25.73825,26.1386
Lemd3,24.1404,23.70946,22.87061,23.70946
Atp2b2,21.22058,21.29541,20.56728,21.22058
Snx18,25.25915,25.00101,24.11617,25.00101
Plekhf1,,24.07578,21.8278,22.95179
Krt222,,,23.75022,23.75022
,24.97259,24.98211,24.5093,24.97259
Adck4,25.32059,25.18075,24.72239,25.18075
Frmpd4,21.44834,21.43746,20.97211,21.43746
Ddx50,24.69609,24.66351,24.27049,24.66351
Ccdc25,23.08266,23.00065,24.35636,23.08266
Edc3,25.4607,25.56162,25.16496,25.4607
Paf1,25.33943,24.70535,24.84938,24.84938
Kazn,21.76118,21.71787,20.58316,21.71787
Rbm42,24.24213,25.11156,23.88064,24.24213
Msto1,25.43905,26.06087,25.62185,25.62185
Gtf2f2,24.24837,24.4346,23.92107,24.24837
Mlc1,22.28433,21.18253,22.42493,22.28433
Slc25a24,22.34373,21.68316,22.28246,22.28246
Nek7,21.65005,22.71674,22.44635,22.44635
Cdc42se2,28.04848,27.71122,27.34325,27.71122
Gde1,26.93371,27.26464,26.43938,26.93371
Bbs1,22.9702,22.74794,21.95372,22.74794
Elavl2,27.38336,26.98174,26.22852,26.98174
Yod1,21.7876,19.44516,17.74182,19.44516
Ankrd34a,21.34949,20.86136,21.81554,21.34949
Tbc1d5,23.40821,23.67842,22.42939,23.40821
Thoc1,25.26871,25.04281,24.32313,25.04281
Adcy8,22.40182,22.06059,21.66175,22.06059
Itgb1bp1,19.13744,21.90951,22.5378,21.90951
Arsa,24.90935,25.18132,24.78811,24.90935
Tor1a,25.12357,25.20326,24.55169,25.12357
Prkci,25.75659,26.11625,24.97356,25.75659
Srp14,26.70859,26.20762,26.43573,26.43573
Ints3,24.55438,24.7334,24.02825,24.55438
Rgs20,23.34055,23.11248,22.67855,23.11248
Gfer,23.65796,23.6919,23.61302,23.65796
Dcp1a,24.40996,24.62522,23.97071,24.40996
Mmab,24.01078,24.39153,23.44076,24.01078
Ubxn1,26.53066,26.57112,24.95438,26.53066
Etnk1,25.37199,25.28104,25.04856,25.28104
Sipa1l2,23.66677,23.656,23.73066,23.66677
Kdm1a,25.79338,25.68311,25.75924,25.75924
Cutc,22.95367,22.88193,22.68868,22.88193
Atg2a,21.19814,21.17998,21.36602,21.19814
Ppil3,25.72268,25.55092,25.24956,25.55092
Bscl2,24.07374,24.05482,23.88985,24.05482
Arhgef10,21.3559,21.30703,21.11407,21.30703
Yme1l1,25.37779,25.70962,25.06924,25.37779
Wwox,23.07048,23.00811,23.30201,23.07048
Cic,21.3783,20.54151,20.90793,20.90793
Phkg2,23.40587,23.76557,24.56976,23.76557
Ttc39b,22.75042,22.87693,22.81061,22.81061
Snx16,25.515,25.65924,24.86604,25.515
Trappc5,24.12195,24.42605,23.62856,24.12195
Mfap1,25.10001,24.23403,24.16867,24.23403
Kiaa1468,21.19958,20.39132,20.58334,20.58334
Tfip11,24.12037,24.33334,24.52504,24.33334
Smarcb1,26.95737,26.29883,25.82119,26.29883
Snx17,25.05337,25.07822,24.85567,25.05337
Chac2,25.23107,25.07541,24.34388,25.07541
Prcp,23.29025,24.22803,23.26556,23.29025
Gosr2,24.79511,24.34814,23.83624,24.34814
Nt5c1a,,,15.75726,15.75726
Pde8b,20.73884,19.4529,20.03308,20.03308
Edf1,25.37212,24.47636,25.00011,25.00011
Zdhhc5,23.3585,23.31948,22.59206,23.31948
Fat1,22.06079,21.91496,22.09236,22.06079
ORF11;0610007P14Rik,24.33715,26.03513,23.03885,24.33715
Ddx19b,23.5285,23.0467,22.65929,23.0467
Ankrd13a,22.5695,22.69356,21.65347,22.5695
Fam192a,23.20877,24.40321,19.44655,23.20877
Ubqln4,23.48272,23.40536,21.8839,23.40536
Exosc10,23.92107,24.31541,23.65009,23.92107
Ttc19,23.40691,24.13563,24.54085,24.13563
Ttc9b,26.41044,27.12001,25.88888,26.41044
Mbd3,25.70049,25.44183,25.48622,25.48622
Mapk14,22.56749,23.53291,24.95917,23.53291
Reep1,25.3009,25.45488,27.40981,25.45488
Cog8,24.09152,23.86439,23.2737,23.86439
Hs2st1,27.35489,27.26732,25.93737,27.26732
Hsd17b8;H2-Ke6,27.06887,26.78631,26.92536,26.92536
Mapk11,22.05629,21.83183,20.23199,21.83183
Bnip3,23.45563,23.1449,23.0702,23.1449
Dnm1l,22.99955,22.99127,22.15644,22.99127
Rmnd5a,24.51611,24.38311,23.67551,24.38311
Ndufaf7,23.94217,23.81157,22.82236,23.81157
Degs1,25.12837,24.32203,25.03456,25.03456
Slc27a2,27.72845,19.1916,20.75148,20.75148
Eif2b1,26.73673,26.99356,26.8236,26.8236
Spag7,23.68614,22.49592,22.8864,22.8864
Selo,24.86278,24.4197,24.61678,24.61678
Cwc27,26.02075,24.4279,25.49753,25.49753
Mrpl47,26.27375,26.14915,25.58414,26.14915
Mrpl28,26.86703,26.20449,26.55397,26.55397
Cp,21.91145,22.97982,23.78676,22.97982
Tpr,21.65604,21.80479,21.54269,21.65604
Garem,23.0979,22.45259,22.74624,22.74624
Bag4,23.52444,23.12455,22.97701,23.12455
Rnf2,25.81917,25.53386,25.61891,25.61891
Polb,25.15116,25.02365,25.04197,25.04197
Stx17,22.47887,23.48763,23.62031,23.48763
Hbs1l,25.95214,25.99231,25.45789,25.95214
Clpx,25.52268,25.23593,25.11474,25.23593
Fam98c,23.04477,22.44119,21.84946,22.44119
Podxl2,25.21993,25.20531,24.75425,25.20531
Snf8,26.73402,25.96246,25.72882,25.96246
Ppil4,24.34537,24.67098,23.79877,24.34537
Dnajc10,24.52868,24.52737,24.03414,24.52737
Urm1,26.46899,26.99453,25.76623,26.46899
Fkbp5,24.84321,25.01755,25.02855,25.01755
Tmem126a,25.8624,26.07688,24.6685,25.8624
Olfm2,23.53706,23.71366,23.03421,23.53706
Igf2r,24.41158,24.69509,24.31513,24.41158
Jakmip3,21.58146,21.00443,21.14127,21.14127
Tgoln1;Tgoln2,22.26238,20.15326,21.47254,21.47254
Myl9,,,,
Eif6,28.07199,28.38661,27.7952,28.07199
Alg10b,25.37786,25.94548,25.11736,25.37786
Pnpla6,22.89916,23.19656,22.62406,22.89916
Cds1,22.92561,23.18891,22.70394,22.92561
Spock1,27.19807,26.96356,26.82953,26.96356
Rnf40,23.77766,23.9188,23.78037,23.78037
Ttc9c,26.73092,26.62812,26.46717,26.62812
Tsen34,24.05034,23.89301,23.4763,23.89301
Cacul1,22.38922,22.19033,20.2397,22.19033
Loh12cr1,22.85207,23.93652,23.29348,23.29348
Mrpl16,27.26767,27.15866,27.18631,27.18631
Cdh9,19.99148,21.57874,21.65443,21.57874
Mvk,26.57255,26.69657,26.08377,26.57255
Bud31,25.38067,25.83726,23.66568,25.38067
Sphk2,25.81617,25.77324,25.92902,25.81617
Dync2h1,22.43064,22.49573,22.29732,22.43064
Serpina1e,18.81847,18.96048,19.20908,18.96048
Casc4,26.22268,25.71327,25.24333,25.71327
Phospho1,,,,
Taok3,23.09828,22.47293,21.73132,22.47293
Nudt18,23.8691,21.76697,23.34245,23.34245
Cars2,24.07659,23.95278,23.30689,23.95278
Sdc4,22.42801,22.19779,19.52938,22.19779
Mapkap1,23.86976,23.80164,22.73738,23.80164
Nell2,24.33552,24.58955,24.00118,24.33552
Timm8b,,25.06447,23.11934,24.091905
Cog2,24.81617,24.54239,23.60592,24.54239
,26.24002,26.14311,26.2222,26.2222
Tnrc6b,16.97925,14.8476,16.71733,16.71733
Inpp5b,23.74016,23.48812,23.24393,23.48812
Ube2g2,27.01308,27.24889,25.59554,27.01308
Spryd7,26.04485,26.3836,25.76373,26.04485
Thoc2,25.18416,25.20501,24.34415,25.18416
Aars2,24.62316,24.25731,24.17843,24.25731
Cnst,21.88647,21.12849,20.94899,21.12849
Adcyap1r1,24.97417,22.26834,22.22232,22.26834
Galm,22.27977,20.19051,21.41849,21.41849
Gosr1,24.17081,24.13485,24.2322,24.17081
Tbc1d4,21.49907,21.7218,21.04066,21.49907
Ict1,26.59306,25.9695,25.3281,25.9695
Irf3,24.63195,25.83357,24.5412,24.63195
Trmu,24.9376,25.22795,24.33824,24.9376
Hp1bp3,24.04943,23.34976,23.69158,23.69158
Uros,26.00973,26.18151,26.58849,26.18151
Dennd5a,22.15851,22.25399,19.36147,22.15851
Kctd8,22.84741,22.74823,22.60901,22.74823
Pigt,25.79704,25.46273,25.49561,25.49561
Nelfb,26.72351,27.07337,23.80302,26.72351
Champ1,24.44114,24.23783,24.31852,24.31852
S100a6,23.38232,23.23358,23.40704,23.38232
Nup35,24.84785,25.07631,24.71004,24.84785
Hdac1;Gm10093,24.66747,24.37046,24.31886,24.37046
Synpo2,17.38077,,18.81394,18.097355
Gusb,22.68095,22.39286,22.23055,22.39286
Mrpl50,26.90254,26.89724,26.49457,26.89724
Jakmip1,22.86652,22.84184,22.14155,22.84184
Pmch,20.32235,,19.92295,20.12265
Syt11,26.86502,26.61779,25.56903,26.61779
Rpl36a,28.66831,29.65031,28.77982,28.77982
Slc25a44,24.71025,21.77012,20.95893,21.77012
Atrn,23.44569,24.05457,23.39571,23.44569
Kcnj3,23.48714,23.05633,22.55901,23.05633
Ankib1,22.89979,22.78672,22.44796,22.78672
Dennd1a,23.28051,23.21095,22.28571,23.21095
Vmp1,25.01886,24.2371,25.75282,25.01886
Tspan9,25.24902,25.28054,23.95925,25.24902
Os9,25.10554,24.98572,24.3946,24.98572
Bptf,22.49695,21.68667,22.06743,22.06743
Hspa14,25.45917,25.46551,25.46073,25.46073
Lysmd1,26.07437,25.30191,26.00871,26.00871
Thtpa,25.90141,25.84898,25.64524,25.84898
Dhrs7b,26.23909,26.54634,25.99408,26.23909
Odr4,24.65179,25.17611,24.90628,24.90628
Ankrd50,24.97097,24.86287,24.70498,24.86287
Cherp,24.45036,25.54648,25.27402,25.27402
Phkg1,,17.44451,,17.44451
Syt7,19.53653,17.30893,19.21338,19.21338
Anks1b,20.87605,20.56263,20.49619,20.56263
Arap1,20.99016,20.13333,20.53469,20.53469
Gbp4,20.68132,17.33752,18.43644,18.43644
Elmod1,27.40048,27.19807,27.24336,27.24336
Tmod3,25.37302,23.43479,24.95607,24.95607
Slc14a1,,,20.96965,20.96965
Rabgap1l,25.13163,24.64141,24.73557,24.73557
Nfia,22.31255,20.70523,20.03187,20.70523
Rap2c,24.50403,24.22243,23.78167,24.22243
Rps6kb1,25.03086,24.83519,25.26714,25.03086
Nup153,22.29339,21.92358,22.7232,22.29339
Mrpl3,25.5518,26.08211,25.20318,25.5518
Hsd17b7,25.88082,26.01674,25.58276,25.88082
Zcchc8,24.12991,24.39414,23.75124,24.12991
Ddx21,26.20406,26.26721,25.98789,26.20406
Usp31,21.64104,22.2912,20.70193,21.64104
Ip6k1,24.64796,24.59577,24.06948,24.59577
Cpsf1,24.19272,24.39532,24.15946,24.19272
Ubtd2,26.07351,25.70738,24.95509,25.70738
Gys1,25.12218,25.0818,24.44164,25.0818
Mrps2,26.76863,26.73673,26.74047,26.74047
Amt,24.17585,23.40704,24.02166,24.02166
Pdcd4,25.07664,24.54669,23.74909,24.54669
Slc25a31,22.6486,22.92937,22.66249,22.66249
Mb21d2,23.9657,23.69211,23.67573,23.69211
Ngly1,23.50506,23.08242,22.47892,23.08242
Picalm,,,,
Tdrd7,22.56512,21.82935,22.15771,22.15771
Fam171a1,21.22488,20.48089,21.63059,21.22488
Atp2b3,,,,
Pqbp1,22.95624,23.53172,21.99869,22.95624
Scly,23.10936,22.55955,21.81441,22.55955
Plxna2,26.88507,27.04999,26.44604,26.88507
Sec11c,26.33477,26.52139,26.78706,26.52139
Ap3s2,25.88465,25.98742,25.16887,25.88465
Mrpl46,25.83043,25.60961,25.09575,25.60961
Ralbp1,22.8011,22.24577,22.39213,22.39213
C1qc,23.44228,20.45192,22.28771,22.28771
Sf3a2,26.1606,25.71942,26.10829,26.10829
Dcaf8,24.59952,24.02217,24.12542,24.12542
Col4a1,20.14855,20.66162,19.55648,20.14855
Kcnab1,20.06224,20.51855,19.39287,20.06224
Lrrfip2,22.59314,25.42573,21.96937,22.59314
Slc25a40,23.68046,23.32347,21.09713,23.32347
Ankrd63,21.97067,20.78333,21.71436,21.71436
Stau2,25.62525,24.84005,24.87244,24.87244
Sqrdl,22.48844,23.18641,21.54567,22.48844
Rbfox1,25.91875,26.33846,25.85462,25.91875
Pogz,24.95947,24.79203,24.47302,24.79203
Prpf39,23.85586,23.72203,23.71963,23.72203
Acp2,25.59636,26.40513,24.84972,25.59636
mt-Nd2;Mtnd2,24.74391,,22.13746,23.440685
Smg1,23.80183,23.99671,23.82055,23.82055
Ctnna3,19.23018,20.63812,21.04607,20.63812
Fgd4,24.42387,24.19798,24.92071,24.42387
Rbm7,23.81724,22.85681,22.75611,22.85681
Rpe,22.94219,22.91191,22.37037,22.91191
Strada,22.88783,22.93041,22.02002,22.88783
Osbpl7,22.67562,22.64823,22.48517,22.64823
Mios,24.3771,24.43536,23.81851,24.3771
Zc3h14,22.17545,22.75562,22.09404,22.17545
Frmd4b,21.5899,20.63085,19.8222,20.63085
Psmd10,24.40074,24.16844,24.24416,24.24416
Sbf2,24.01129,24.06546,23.80282,24.01129
Ctsh,18.44403,20.47348,,19.458755
Sun2,26.27302,26.36836,25.81044,26.27302
Macrod2,25.17946,25.47441,25.59759,25.47441
Traf7,22.84755,22.94453,22.31992,22.84755
Smad2,25.72905,25.8541,26.41371,25.8541
Spcs3,27.70827,27.68773,26.93067,27.68773
Smndc1,27.10949,24.79417,25.42522,25.42522
Arhgef4,22.14805,22.69064,22.3065,22.3065
Pkn1,25.55476,25.24165,24.67568,25.24165
Nt5e,21.34142,21.45116,23.06876,21.45116
Cdk19,22.91865,23.14571,23.35917,23.14571
,20.91138,18.70158,,19.80648
Atp8a2,23.94548,23.58084,23.28093,23.58084
Clns1a,26.09253,26.53844,26.15414,26.15414
Dock11,24.16645,23.98172,23.76081,23.98172
Sorbs3,20.93776,20.81143,20.29659,20.81143
mt-Atp6;Mtatp6,27.16346,27.07775,27.04677,27.07775
Cog4,23.90113,24.29151,24.08869,24.08869
Mrpl19,26.11388,25.97607,25.63284,25.97607
Erlin1,24.85258,24.62572,24.18382,24.62572
Slc38a2,27.23352,26.74073,26.50359,26.74073
Tbc1d10a,21.71645,21.6348,22.60318,21.71645
,23.14091,22.99859,20.48993,22.99859
Scn3b,25.93535,25.32564,24.96208,25.32564
Dennd4b,21.65639,22.0899,21.26819,21.65639
Ctr9,24.37166,24.08375,23.84747,24.08375
Sec14l1,24.31486,24.24503,23.99507,24.24503
B3gat3,25.33548,25.17024,25.42889,25.33548
Anapc2,24.80646,25.40555,24.93315,24.93315
Wars2,25.2281,25.22055,25.11823,25.22055
Abhd4,22.68307,22.19403,23.41106,22.68307
Igsf1,,19.09486,18.21812,18.65649
Glmn,25.65638,25.5277,24.39532,25.5277
Plch1,20.66518,19.64873,15.31334,19.64873
Creg1,25.56349,24.89989,24.54109,24.89989
Tbl2,24.19603,23.66308,23.99835,23.99835
Bod1l,19.25967,20.72434,20.13132,20.13132
Hypk,25.77794,23.07609,24.98542,24.98542
Jmy,25.17794,25.0829,25.37103,25.17794
Gtf2f1,25.32694,24.27398,24.40938,24.40938
Brinp2,22.23664,21.81671,21.57948,21.81671
Fbll1,27.11714,26.87666,26.39712,26.87666
Ptn,27.69252,27.9526,26.50007,27.69252
Mrpl11,26.5267,26.63519,26.38266,26.5267
Hapln2,,23.02108,,23.02108
Myo10,15.22087,17.88739,13.29577,15.22087
Strip2,20.56123,18.84959,20.48856,20.48856
Ppip5k2,23.78566,23.54274,23.61246,23.61246
Kcnt1,20.43583,20.06461,18.79383,20.06461
Dzip3,23.96596,24.04009,23.25237,23.96596
Lyplal1,25.31057,25.37176,24.63832,25.31057
Mapk15,24.79352,25.82845,24.02876,24.79352
Serbp1,23.93211,23.19905,23.18471,23.19905
Pcdh19,22.83657,22.46777,22.45531,22.46777
Trim23,23.12605,23.05537,21.80286,23.05537
Slc43a2,20.47021,21.64253,19.90691,20.47021
Oxnad1,25.59503,24.20948,24.06357,24.20948
Cyp2j9,18.13024,17.36871,18.80373,18.13024
Thoc6,26.68191,26.13436,25.94561,26.13436
Nub1,24.56697,24.84336,24.99196,24.84336
Cptp;Gltpd1,23.93984,23.67799,23.42969,23.67799
Epb41l3,19.95333,19.98064,19.422,19.95333
Lysmd2,22.87955,22.48986,22.18532,22.48986
Pir,19.33662,,,19.33662
Rab2b,26.88995,26.83966,26.68819,26.83966
Ddrgk1,22.51939,22.25275,22.02496,22.25275
B2m,22.73184,25.31365,22.85772,22.85772
Lhpp,24.55906,23.93796,23.82202,23.93796
Endog,23.93076,23.72515,22.73223,23.72515
Arhgap17,19.92059,21.92448,20.41049,20.41049
Nedd8,29.92832,29.75307,29.33731,29.75307
Aldh3b1,,21.14731,,21.14731
Stau1,24.37577,24.21482,23.934,24.21482
Tmem9,24.22413,25.28154,24.28637,24.28637
Prkcz,24.20747,23.89938,23.49814,23.89938
Yes1,23.93634,24.5294,23.56848,23.93634
Gabra3,24.53659,25.2422,24.70672,24.70672
Hif1an,23.27696,23.1678,22.71956,23.1678
C1ql3,21.29637,21.70274,21.50218,21.50218
Heph,16.06808,14.8606,21.6926,16.06808
Anapc7,25.20933,25.15573,24.65097,25.15573
Ankle2,23.74181,23.03179,23.63256,23.63256
Yif1b,25.78019,25.54857,25.79667,25.78019
Bcam,21.93308,21.78017,,21.856625
Ccdc58,25.35175,24.85951,24.75343,24.85951
Pds5a,25.04402,25.14527,24.82406,25.04402
Opcml,25.45851,25.45098,25.58262,25.45851
Mrpl21,27.25656,26.9266,26.32703,26.9266
Comtd1,25.28937,25.47296,25.31941,25.31941
Nrp2,24.97456,24.38627,24.42586,24.42586
Cisd2,26.27684,26.99345,26.0112,26.27684
Nat10,24.88563,24.98364,23.86155,24.88563
Ptpmt1,23.75746,23.62845,23.49485,23.62845
Snx15,23.41609,24.42937,24.49631,24.42937
Meis1,22.49155,23.02597,23.24184,23.02597
Col1a1,17.51291,21.25425,17.1681,17.51291
Shoc2,25.34018,26.07981,25.58084,25.58084
Mmaa,24.84312,24.96688,24.06915,24.84312
Parg,21.8319,21.70662,21.88863,21.8319
Stx18,23.62756,23.5511,22.96654,23.5511
Man2b1,23.78547,22.86982,22.82299,22.86982
Nqo1,19.87517,22.14582,21.97281,21.97281
Slc13a5,,20.16325,,20.16325
Cnot2,23.5798,22.35278,22.57522,22.57522
Dpp4,,,,
Fam3c,25.50591,25.63802,24.85177,25.50591
Znf598,23.30494,22.94226,22.9757,22.9757
Gtf2b,24.13977,24.54203,25.04093,24.54203
Kdsr,25.38354,25.8435,24.99304,25.38354
Cadps,24.24634,23.22738,18.86185,23.22738
Wdr43,24.99023,25.29028,24.31741,24.99023
Pofut2,25.01214,25.13434,24.09861,25.01214
Kcnq2,21.95401,22.08525,21.14793,21.95401
Sez6l,24.27263,24.19723,23.51027,24.19723
Scaf11,18.28631,17.21333,16.96409,17.21333
Unc80,19.60337,18.62884,19.56985,19.56985
Unc13b,22.54456,21.69188,21.05775,21.69188
Tom1l1,21.04813,21.63041,18.30247,21.04813
Leo1,23.08552,22.92517,22.42977,22.92517
Dhx32,24.02665,24.30487,23.56546,24.02665
Vps37b,25.18139,25.21305,25.24318,25.21305
Csnk1g1,24.76845,24.35951,23.82075,24.35951
Slitrk5,21.66006,21.28308,19.34226,21.28308
Lzts1,23.45776,23.32059,23.27838,23.32059
Eogt,21.40935,20.45141,19.30744,20.45141
Speg,19.56149,19.65967,18.67349,19.56149
Commd6,26.56044,26.56974,25.75852,26.56044
Pcdhgb6,24.34564,23.99395,23.40963,23.99395
Sos2,21.39645,21.05278,21.14656,21.14656
Wdr18,27.08365,26.69365,26.95238,26.95238
Rnf181,21.57177,21.17255,21.17329,21.17329
Secisbp2l,20.22211,20.29838,20.55656,20.29838
Rbmx,23.99628,23.95651,23.87605,23.95651
Mttp,23.24333,22.80107,22.4237,22.80107
Luc7l,24.37398,22.65981,24.18782,24.18782
Sra1,23.53338,22.95589,23.20588,23.20588
Brd3,24.84009,24.40918,24.59974,24.59974
Neto2,24.40419,24.10973,23.25422,24.10973
Larp6,23.79054,24.24605,24.0441,24.0441
Uvrag,22.06217,21.75352,21.90345,21.90345
Zpr1,25.02357,24.76223,24.37272,24.76223
Ptplb,26.63755,25.54787,24.23125,25.54787
Tmem88b,,,,
Sh3bp1,26.12985,26.05823,20.81174,26.05823
Wwc2,22.64768,22.66726,20.471,22.64768
,26.00498,25.26012,29.55582,26.00498
Golga7,25.66058,27.20695,25.27138,25.66058
Hs1bp3,23.05976,23.27682,24.01504,23.27682
Arc,,18.62874,,18.62874
Ptgs1,21.01345,21.49673,19.98231,21.01345
Micall1,22.91203,23.0111,22.56834,22.91203
Dnajc2,24.63976,24.55818,24.03246,24.55818
Tbl3,23.95863,24.50136,23.13724,23.95863
Syt5,26.41679,26.4516,25.77321,26.41679
Scaper,24.20314,24.09079,24.08026,24.09079
Mrps7,26.65212,26.33989,25.72099,26.33989
Rfk,24.38897,23.52397,23.12244,23.52397
Kiaa1598,27.03538,27.15952,26.97147,27.03538
Cdkn2aip,24.65589,24.91196,23.97316,24.65589
Mrpl53,26.61288,26.80538,25.63165,26.61288
Ctss,22.09886,22.13984,20.47259,22.09886
Col6a1,19.13448,18.78673,,18.960605
Tyk2,22.79553,21.96063,20.47011,21.96063
Cxadr,30.68043,30.55197,30.35699,30.55197
Asic1,22.90947,22.14871,22.082,22.14871
Aatk,21.4107,21.58132,20.55927,21.4107
Mrpl24,26.66275,26.04496,26.03206,26.04496
Kcna6,21.95631,21.6468,21.88364,21.88364
Psmf1,23.21316,24.17828,24.37292,24.17828
Cdk5r2,22.33293,22.1161,21.5435,22.1161
Dcaf11,22.17752,22.13022,20.67124,22.13022
Kcna3,21.40286,21.51398,22.49042,21.51398
Alkbh3,21.19916,20.87545,20.047,20.87545
Prelp,17.86411,18.64692,,18.255515
Ndufaf6,22.81368,22.06572,22.63132,22.63132
Tsc22d2,24.49363,24.34537,24.06217,24.34537
Scoc,23.30772,24.98351,20.05841,23.30772
Dpysl4,,,,
Entpd5,23.87605,22.9771,23.05515,23.05515
Wsb2,24.14663,24.09595,23.18769,24.09595
Bid,25.24627,24.87131,25.5728,25.24627
Uhrf1bp1,22.74458,23.68432,24.18397,23.68432
R3hdm1,22.82759,21.79966,21.77286,21.79966
,23.27895,23.32937,22.09336,23.27895
Aes,23.07971,24.55836,23.6138,23.6138
Lamtor2,25.91752,27.88792,26.35212,26.35212
Cdh10,24.04752,24.24503,23.9322,24.04752
Faim,25.6945,24.89087,25.37898,25.37898
Klhl9,24.36105,24.19551,23.71597,24.19551
Sh2d3c,22.67966,22.64933,22.79491,22.67966
Tab1,25.29299,25.16756,24.92583,25.16756
Megf9,22.84481,23.13008,22.94077,22.94077
Tmcc3,21.85056,21.99141,20.04327,21.85056
Klc4,24.7016,24.56151,24.16638,24.56151
Zfp407,20.74296,22.07038,21.19412,21.19412
Lrrc73,25.32003,25.24761,22.17292,25.24761
R3hcc1,22.18568,21.61576,22.28678,22.18568
Ndufb2,25.70385,26.74817,26.18699,26.18699
Emc4,23.63666,23.78845,25.29565,23.78845
Stk38,25.15376,24.80523,24.45218,24.80523
Elp5,23.9664,23.16492,23.2988,23.2988
Pcna,25.09164,25.62681,24.68244,25.09164
Cdc42ep1,23.48395,23.8399,,23.661925
Myo16,23.02867,23.07798,22.95113,23.02867
Dvl1,23.60365,23.07601,22.68273,23.07601
Mbnl2,23.16622,24.04444,24.11012,24.04444
Tpd52l2,23.21605,23.44316,23.27526,23.27526
Rbfox3,25.2043,25.11858,24.43071,25.11858
Timm21,23.99809,24.21653,24.62545,24.21653
Commd7,24.60388,25.17387,25.16089,25.16089
Mboat2,23.93211,24.48019,23.21424,23.93211
Coq3,24.74129,24.5844,24.73278,24.73278
Gm21992;Rbm4,25.28486,25.84292,25.01436,25.28486
Glipr2,26.65758,26.37217,26.31926,26.37217
Reep3,22.7701,21.67719,22.04953,22.04953
Mfsd6,22.67053,22.28082,21.51528,22.28082
Lmf2,24.67756,25.05408,24.14016,24.67756
Scd2;Scd3,24.14779,23.5093,23.0119,23.5093
Sugp1,21.12887,20.96127,21.03059,21.03059
Trp53rk,20.22022,19.71206,23.73138,20.22022
Polr2d,23.41931,23.60524,23.33347,23.41931
Srpr,25.4303,25.35538,25.37189,25.37189
Jakmip2,24.11418,23.81392,24.25364,24.11418
Lsm12,26.82736,26.11833,26.3889,26.3889
Tomm40l,25.40331,24.83079,24.4968,24.83079
S100a16,24.34672,23.54898,22.69581,23.54898
Trmt6,24.38054,23.28023,23.67498,23.67498
Tmem87a,25.27071,25.30456,24.32306,25.27071
Pde8a,19.94206,19.82118,19.55641,19.82118
Aqr,24.84561,24.64069,24.42066,24.64069
Cpq,21.26591,21.92085,19.26959,21.26591
Tmem178b,26.2032,25.663,25.57045,25.663
Wrnip1,25.78646,26.14042,25.78269,25.78646
Wdr45,23.52217,23.95642,23.67885,23.67885
Phyhd1,18.19446,20.42951,,19.311985
Plekha7,19.19504,16.27336,18.19378,18.19378
Mrps11,25.11637,25.13903,25.3683,25.13903
Ube2q1,24.38251,24.46787,23.9574,24.38251
Unc119b,24.34394,24.31741,24.95367,24.34394
Slc4a1ap,23.06812,23.42316,23.8259,23.42316
Matn4,16.94958,20.38711,17.76007,17.76007
Mlip,17.70036,16.01579,17.89356,17.70036
Arap2,19.75422,18.72167,20.11515,19.75422
Spg21,24.73939,24.63234,24.19046,24.63234
Rims3,23.69785,24.32643,22.38648,23.69785
Stambpl1,24.70525,22.88673,22.99662,22.99662
Ppp2r2b,24.45657,25.61141,23.78067,24.45657
Tpbg,24.87671,24.19933,24.22648,24.22648
Lrrfip1,22.58339,24.70757,23.26528,23.26528
Eml3,18.21528,18.60139,18.18785,18.21528
Cdr2l,22.72542,21.30686,21.90331,21.90331
Lpp,20.01236,21.72588,17.11248,20.01236
Sumo2,30.08677,29.85231,29.70023,29.85231
Galk2,24.077,23.76507,23.86391,23.86391
,23.42458,23.72484,22.94451,23.42458
Mapk8ip2,20.6709,19.61942,18.47378,19.61942
B3galtl,23.68848,23.20246,23.02511,23.20246
Abhd3,20.84245,21.7432,20.59869,20.84245
Tmem201,24.24612,25.32557,23.94753,24.24612
C330007P06Rik,24.00941,18.91237,22.79725,22.79725
Ddx41,24.90113,25.1145,24.54215,24.90113
Dnajc24,22.83805,21.95738,22.06618,22.06618
Eno3,22.07123,17.9881,,20.029665
Smek2,21.4957,20.19689,19.8349,20.19689
Mmgt1,26.95859,27.4592,26.00179,26.95859
Gatad2b,26.286,24.44872,25.81809,25.81809
Snx25,22.40226,22.08615,21.48532,22.08615
Cdh8,21.09133,22.35818,20.6368,21.09133
Arfgap1,,,21.78193,21.78193
Gpld1,19.0128,14.44353,15.09115,15.09115
Rif1,18.90965,16.58766,16.76953,16.76953
Mtmr6,24.63716,24.19543,23.71806,24.19543
Bnip3l,24.72817,24.52987,23.78347,24.52987
Pars2,24.77891,25.35961,24.26306,24.77891
Lims1,25.12908,23.74653,24.0333,24.0333
Lclat1,25.88665,25.09632,24.95154,25.09632
Lmbrd2,24.92012,24.72093,24.75287,24.75287
Thra,24.40106,24.28461,23.86155,24.28461
Slc1a1,23.38482,24.13344,23.68357,23.68357
No66,23.77706,23.38588,22.70927,23.38588
Slitrk1,22.4985,22.4265,20.90749,22.4265
Phlpp1,21.12288,22.71557,21.82943,21.82943
Agt,19.21333,19.47939,19.80939,19.47939
Tspan7,27.29938,26.67128,27.35464,27.29938
Cyth3,24.69546,24.75776,24.56052,24.69546
Slc22a23,24.35219,24.33708,22.74166,24.33708
Itih5,19.38155,18.31287,18.07331,18.31287
Vamp3,26.04172,24.67244,24.68233,24.68233
Gemin5,23.22848,22.98329,22.83892,22.98329
,24.37345,22.80884,22.34199,22.80884
Cd2ap,20.87094,17.2379,18.30274,18.30274
Atf2,22.1399,20.72351,22.51504,22.1399
Mlst8,25.96303,25.7334,25.71513,25.7334
Ppwd1,23.4665,22.17758,22.592,22.592
Nubp2,26.43393,26.06271,25.50103,26.06271
Uck2,23.36252,23.7292,23.51869,23.51869
Rbm26,23.75644,23.95527,23.68902,23.75644
Dync2li1,23.849,23.26299,22.84007,23.26299
Pgbd5,24.47853,24.72796,24.71848,24.71848
Pcnp,23.40302,23.07785,24.29116,23.40302
Kcmf1,24.29719,24.92886,24.10613,24.29719
Cep97,23.20132,23.31659,21.65062,23.20132
Tbc1d22a,21.90239,21.42496,21.51485,21.51485
Ppp4c,26.26363,26.86065,25.9646,26.26363
Acap3,23.63157,23.76152,23.31852,23.63157
Fam50a,23.34543,23.37981,23.58898,23.37981
Rpp30,23.26799,22.8641,23.16415,23.16415
Cblb,22.43921,22.61425,23.84623,22.61425
Gabra6,,,,
Nfix,26.60781,26.16753,26.06454,26.16753
Maged1,22.9484,23.57508,22.57092,22.9484
C1qtnf4,27.24663,27.31181,26.73492,27.24663
,22.71473,22.10594,21.84797,22.10594
5031439G07Rik,25.10905,25.23743,25.40367,25.23743
Ppp1r10,22.49502,22.95757,22.53891,22.53891
Nup88,24.23579,24.49601,23.7684,24.23579
Jak1,22.08657,22.28226,20.46732,22.08657
Itga7,20.12402,19.96846,19.62042,19.96846
Pom121,20.90176,21.20866,19.38482,20.90176
Mapt,27.20536,26.99895,27.3424,27.20536
Ubxn4,25.52364,25.61498,25.21201,25.52364
Ap1s2,22.62943,22.65031,22.73043,22.65031
Exd2,24.50543,24.17387,23.54793,24.17387
Cntnap5a,18.96076,19.28134,18.85535,18.96076
Vwa9,23.81167,23.45438,23.86599,23.81167
Pak1ip1,24.91319,24.53937,24.35138,24.53937
Hacl1,22.98057,22.58907,24.01648,22.98057
Hmg20a,24.59554,23.82104,23.74499,23.82104
Gm20671;Pisd,24.21616,24.32313,24.65938,24.32313
Abcd2,22.40494,22.71442,22.13301,22.40494
Gpam,25.82624,25.66006,24.45029,25.66006
Slc44a2,24.63782,24.55789,24.17425,24.55789
Flrt2,23.45488,23.68143,22.83686,23.45488
Galnt13,20.24028,19.54712,19.09677,19.54712
Aagab,24.92039,25.00582,25.17699,25.00582
Svip,,,,
Akt1s1,24.90757,23.60637,24.77223,24.77223
Bsdc1,22.22985,24.80887,22.44309,22.44309
Bccip,26.24153,25.75078,26.24822,26.24153
Tbck,25.30229,25.59218,24.96891,25.30229
Ctif,23.88744,24.3254,23.37465,23.88744
Scpep1,23.13353,23.7263,23.07148,23.13353
R3hdm2,20.7563,20.94442,21.20365,20.94442
Dtd2,22.91139,22.86786,20.5468,22.86786
Vamp8,22.12965,19.4271,21.00333,21.00333
Inmt,16.03024,,21.87639,18.953315
Cav2,,20.13659,18.78053,19.45856
Arhgap31,22.82481,22.51372,21.0208,22.51372
Slc6a15,23.91415,23.55286,24.26971,23.91415
Prc1,21.8864,19.55622,21.53559,21.53559
Eepd1,23.17962,22.87254,21.15666,22.87254
Lrrc8d,24.11791,23.8259,23.39793,23.8259
Lrrfip1,23.80489,24.21074,22.13361,23.80489
P2ry12,19.35902,20.71699,21.43553,20.71699
Maged2,24.96873,24.89004,24.73758,24.89004
Hist2h2ab,26.58133,26.44881,27.14287,26.58133
Nol4l,23.11437,23.586,23.24341,23.24341
Ston2,21.56132,21.04587,21.50954,21.50954
Wnk3,21.55749,21.58687,21.99666,21.58687
Tia1,25.38726,25.23958,25.15136,25.23958
Rufy2,22.81021,23.03899,22.20917,22.81021
Bop1,24.81446,24.73738,23.92152,24.73738
Tmem62,23.85548,23.62187,23.49753,23.62187
Gna12,22.37231,21.64553,21.3611,21.64553
Stx6,24.3965,25.14402,24.44278,24.44278
Vkorc1l1,25.7445,26.60088,24.47073,25.7445
Map7,12.02504,19.99962,,16.01233
Dcaf5,23.30855,23.26571,22.67773,23.26571
Man1a2,23.32841,23.13066,23.11504,23.13066
Hlcs,23.03061,23.02648,22.57579,23.02648
Mrpl23,27.16969,27.09104,26.86029,27.09104
Cd151,22.6731,22.92162,23.3181,22.92162
Irs2,21.6058,21.33036,20.11375,21.33036
Phf10,22.12814,22.1337,21.89578,22.12814
Apba2,24.42175,24.53136,24.74924,24.53136
Smad5,24.36366,24.57479,24.7889,24.57479
9/10/2015 0:00,21.32839,21.7258,22.05636,21.7258
Prkg2,19.85903,22.58733,23.1431,22.58733
Uevld,23.63034,23.50676,23.2399,23.50676
Unc5c,22.06779,21.28811,20.38711,21.28811
Rcbtb1,23.47667,24.14063,24.20911,24.14063
Ccnyl1,24.75435,24.62266,24.05672,24.62266
Tbpl1,27.07826,27.70642,27.19985,27.19985
Glrx2,25.57839,25.13637,24.52999,25.13637
Ralgps1,23.70988,24.41009,22.92761,23.70988
Morn4,25.33895,24.04485,23.77806,24.04485
Akap8,24.87586,24.69774,24.55538,24.69774
Golga1,21.34657,20.93488,20.50359,20.93488
Peak1,20.92499,20.60784,20.3014,20.60784
Tnip1,20.64474,20.5031,18.29194,20.5031
Fer,24.47432,23.89254,23.53552,23.89254
Asphd2,22.21845,22.31199,21.01168,22.21845
Dapk3,20.29883,21.65106,21.60878,21.60878
Pofut1,24.03993,24.00949,23.47346,24.00949
Arid1b,24.05449,23.80607,23.42137,23.80607
Rad50,21.14538,21.77808,20.55712,21.14538
Mul1,23.50167,22.68224,22.8053,22.8053
Mettl3,21.75046,21.11553,22.34646,21.75046
Paxbp1,23.86231,23.60309,23.02459,23.60309
Ttc5,25.4484,24.88381,25.54469,25.4484
Lppr2,25.42512,25.06792,24.8905,25.06792
Echdc2,22.76681,22.13132,21.45277,22.13132
Entpd2,21.69846,17.93687,,19.817665
Bbs7,21.86839,21.66479,20.49248,21.66479
Stmn3,26.83906,26.91308,26.0008,26.83906
Gfm2,24.14554,24.21438,23.40938,24.14554
Snapin,24.73273,24.32396,23.44796,24.32396
Tcf4,21.23087,20.71624,21.03248,21.03248
Cpne8,25.09386,25.02263,24.94762,25.02263
Stk25,24.82866,24.57317,23.97806,24.57317
Dmap1,23.68442,23.94199,23.51159,23.68442
Bicd2,22.16644,21.9451,23.19018,22.16644
Lipa,21.05821,20.76959,22.32372,21.05821
Arhgef10l,24.02724,23.75471,23.63832,23.75471
Pip5k1a,22.59003,22.25992,22.1327,22.25992
Nfil3,21.81886,23.33783,22.34849,22.34849
Fn1,21.86374,22.65123,22.74694,22.65123
Raver1,24.77565,24.63006,24.76304,24.76304
Itm2b,25.45428,25.54616,24.8925,25.45428
Aldh16a1,22.77068,22.44387,22.51994,22.51994
Galt,21.02269,22.10085,20.6163,21.02269
Ppp1r3f,23.18541,22.84374,21.59678,22.84374
Gtf2e2,23.08706,23.41132,22.01471,23.08706
Jam2,18.50719,18.3475,,18.427345
Tha1,24.1404,24.57467,24.10502,24.1404
Usp35,20.60991,20.47269,20.28308,20.47269
Fam208a,21.15078,21.08855,20.52688,21.08855
Cx3cl1,22.64342,22.48873,22.1337,22.48873
Hmgcs2,26.01859,26.61512,26.17889,26.17889
Pcmtd1,23.84738,23.78646,23.66156,23.78646
Efnb2,24.60235,24.52205,23.24853,24.52205
Cnn2,22.57561,21.82924,,22.202425
Pkib,,,,
Selt,27.53036,26.36645,24.56174,26.36645
Acvr1b,23.96182,24.21697,23.79778,23.96182
Gabrd,,,18.80285,18.80285
Pomgnt1,21.4371,21.97393,21.98791,21.97393
Rasgrp1,20.43298,20.76304,,20.59801
Abcc8,18.59816,19.30984,18.91497,18.91497
Hmgxb4,22.33325,22.11283,19.1966,22.11283
Tcf20,20.76118,20.55159,20.86529,20.76118
Npepl1,21.16705,19.92441,21.20926,21.16705
Slc25a15,20.79828,20.79717,22.96272,20.79828
Acad11,21.81178,21.29732,21.656,21.656
Sorbs1,17.99551,17.42169,15.95665,17.42169
4931406P16Rik,24.1961,24.10613,24.02073,24.10613
Aatf,23.84115,24.2875,23.53754,23.84115
Golga5,20.58325,20.21134,20.70295,20.58325
Ephb6,20.83938,21.65075,20.80751,20.83938
Unc119,25.85365,25.87949,25.52121,25.85365
Ca7;Car7,20.83214,,,20.83214
Tktl1,24.89064,,,24.89064
Map3k7,22.76191,22.23228,22.86942,22.76191
Eif4enif1,22.63008,22.4533,22.49972,22.49972
,24.52987,24.88897,24.80897,24.80897
Urgcp,22.46894,22.75691,21.44086,22.46894
Rnf126,25.71458,26.77404,26.0531,26.0531
Mrps30,26.09158,26.27569,25.62533,26.09158
D3Ertd751e,,,,
Gprasp2,22.57048,22.91954,20.3496,22.57048
Rai14,21.59678,22.05278,22.57455,22.05278
Cr1l,22.47383,22.57344,21.4498,22.47383
Mrps26,26.91365,27.05703,26.42908,26.91365
Zeb2,23.31008,23.58806,23.20104,23.31008
Mycbp,25.58474,25.59582,25.31275,25.58474
Pet112,24.30006,22.95654,23.18265,23.18265
Aldh1a2,17.69798,18.01296,19.79988,18.01296
Ccdc43,,20.3792,20.95823,20.668715
Fpgs,21.26711,20.54331,19.17221,20.54331
Mrps15,25.35612,24.86839,24.6151,24.86839
Mib1,22.08005,22.62145,22.48222,22.48222
Kctd3,22.42291,22.81788,22.98876,22.81788
Tmem106b,24.32052,25.02956,24.2129,24.32052
Iqcb1,25.21682,25.28789,24.37431,25.21682
Itpkb,22.21543,21.86722,19.65809,21.86722
Rapgefl1,21.56197,21.3063,21.1832,21.3063
Slmo1,25.28281,25.08513,24.2887,25.08513
Serpinf1,,17.32641,19.20247,18.26444
Otud6b,27.00774,26.38796,26.3577,26.38796
Mrpl54,25.61186,25.31859,24.61532,25.31859
Cox7c,26.49717,26.81678,25.62642,26.49717
Smg8,23.89846,23.79223,23.60998,23.79223
Kdm4a,22.74063,22.43903,22.54804,22.54804
Sh2d5,20.94728,22.91075,20.09442,20.94728
Grk5,22.37624,22.09423,20.163,22.09423
Klhdc2,22.99569,23.36506,22.29625,22.99569
Mrpl57,21.17542,,23.22307,22.199245
Parva,23.98381,21.99155,21.91017,21.99155
Tpgs1,22.7858,23.13918,22.60892,22.7858
Brd2,23.9526,23.37239,23.52289,23.52289
Pcdha9,22.18767,22.58877,22.47078,22.47078
Rbbp5,24.26614,23.64944,24.09023,24.09023
Akap6,20.36442,20.62042,20.13157,20.36442
Arhgap33,24.57548,24.43173,24.24147,24.43173
Fdx1l,24.13907,23.69678,21.84042,23.69678
,22.07366,23.04913,22.73521,22.73521
Cep68,18.73658,18.80857,17.61482,18.73658
Cd34,,21.18507,,21.18507
Cdc27,23.7684,24.09063,22.90691,23.7684
Slc6a7,20.71003,20.51595,,20.61299
Ddhd1,,18.83522,,18.83522
Frs2,21.97215,22.54324,21.82551,21.97215
Naa30,25.70396,25.49896,25.06612,25.49896
Dennd4a,21.04066,20.18095,20.35928,20.35928
Unc13c,18.3055,,,18.3055
Diablo,24.48278,24.62305,24.56512,24.56512
Incenp,18.59685,18.94312,,18.769985
Swi5,25.86609,25.99103,26.20085,25.99103
Alpl,22.86554,22.05009,21.48675,22.05009
Snx32,24.35984,24.445,24.31976,24.35984
Rlbp1,24.68121,24.0135,23.22182,24.0135
Vps37a,22.97502,22.75892,22.79806,22.79806
Krt8,,,,
Srp19,26.4154,26.72117,26.07867,26.4154
Foxk2,22.84272,22.99543,21.83198,22.84272
Hdac3,24.13069,23.34895,23.95003,23.95003
Bola3,23.04202,23.34462,22.46306,23.04202
Cnnm4,22.86049,22.88619,22.56878,22.86049
Rbck1,20.86234,19.60453,19.76612,19.76612
Rgs3,22.34093,22.50208,21.71268,22.34093
Fkbp9,20.68166,20.78915,18.07007,20.68166
Grm4,,17.09476,19.02851,18.061635
Pcdh1,22.6787,21.20723,22.83898,22.6787
Lsm3,27.61393,27.34087,27.38286,27.38286
Mid1ip1,23.10021,22.78475,21.01488,22.78475
Ahsa2,25.88672,25.68003,24.98798,25.68003
Fbxl15,23.51437,24.30654,23.53243,23.53243
Mllt4,24.08188,24.11339,23.77062,24.08188
Armcx3,25.68688,25.84182,25.18805,25.68688
Irf2bp1,24.83379,24.80646,24.36212,24.80646
Tatdn1,24.04635,24.74335,23.92162,24.04635
Ankrd44,25.20314,25.20471,24.97762,25.20314
Arnt2,23.86618,24.03297,23.26899,23.86618
Alkbh7,23.00481,23.14636,23.00907,23.00907
Saraf,24.44518,25.4562,24.55327,24.55327
Nfat5,20.61279,18.96787,18.69268,18.96787
Phldb1,22.38153,21.93452,21.86778,21.93452
Brd9,22.88439,21.6628,22.50664,22.50664
Tmem132e,18.41823,18.7836,18.52822,18.52822
Gtf2e1,25.02102,25.12183,24.78072,25.02102
Tmem222,23.51821,24.10877,23.61953,23.61953
Sec61g,28.83358,28.98471,28.63277,28.83358
Cdk9,26.80796,27.05466,25.14075,26.80796
Timm22,26.39334,26.34016,26.02817,26.34016
Cd99,19.55607,22.09016,23.08104,22.09016
Cmtm4,23.99179,23.81978,23.90582,23.90582
Slc15a2,21.15041,21.30936,21.61329,21.30936
Rit2,24.99589,24.60246,24.25212,24.60246
Sun1,23.6147,23.81997,23.64603,23.64603
Lhfpl4,22.38556,23.4902,21.27895,22.38556
Doc2a,22.96939,22.28884,22.4381,22.4381
Rundc3b,24.18858,23.9518,23.87455,23.9518
Ptpn2,24.83692,24.47141,23.8811,24.47141
Rbm5,21.80766,22.45631,22.11191,22.11191
Rims1,19.35836,18.73195,19.51874,19.35836
Mtpap,24.20754,24.56308,23.83576,24.20754
Mdga1,23.39467,23.63688,23.52576,23.52576
Nucb2,24.25278,24.09909,24.04984,24.09909
Cnpy4,24.04943,23.99499,23.21079,23.99499
Hexim1,22.95211,22.53105,22.41664,22.53105
Stx5;Stx5a,25.594,25.56387,25.46684,25.56387
Tceb3,21.51716,21.97046,22.67829,21.97046
Angel2,24.66947,24.65513,24.37597,24.65513
Slc10a4,22.49663,22.42864,22.8837,22.49663
Pllp,,,,
Nf2,22.48822,22.65281,22.43408,22.48822
Rela,24.85795,25.00903,23.82474,24.85795
Palmd,,,,
Pkia,27.27097,25.04643,25.96688,25.96688
Srsf9,25.11613,24.59258,24.85429,24.85429
Ears2,25.79558,24.46936,24.08529,24.46936
Add1,20.40166,20.93869,,20.670175
Dvl3,23.32677,22.3735,22.77243,22.77243
Ptprr,22.25977,22.69789,22.33519,22.33519
Ngb,,22.25957,,22.25957
Fchsd2,25.15858,25.13997,25.45042,25.15858
Osgep,25.3758,25.10725,24.76699,25.10725
Zbed5,23.99205,23.66232,23.55274,23.66232
Exoc6,24.02191,24.91916,23.40432,24.02191
Sec61a1,27.09416,27.41103,26.93876,27.09416
Cyp2s1,16.57663,15.31178,,15.944205
Faim2,24.27491,22.51143,23.46588,23.46588
Txndc15,26.44985,26.49937,26.19712,26.44985
Anapc4,26.25389,26.31986,25.905,26.25389
Gng5,,,,
Brd4,24.56987,24.36373,24.13485,24.36373
Fbxw17,20.42614,21.48753,20.91882,20.91882
Appbp2,23.58864,22.68987,22.34654,22.68987
Med1,22.72134,22.41145,22.49033,22.49033
Unk,23.27014,23.23052,23.13124,23.23052
Shc1,,,,
Rpl22l1,26.4206,26.52561,24.98845,26.4206
Arid4b,23.84451,21.71419,21.94899,21.94899
Cdc40,23.1811,22.87487,22.21863,22.87487
Git2,23.89901,23.6634,23.27512,23.6634
Tmem214,24.02724,23.81997,23.36132,23.81997
Ssh2,23.14288,22.70563,22.4019,22.70563
Pla2g6,23.30647,20.43797,19.95589,20.43797
Cdh6,21.96077,21.71121,18.55101,21.71121
Fastkd5,20.75426,21.2454,21.24173,21.24173
Gnb2,,,,
Npc2,26.4761,26.86868,25.95471,26.4761
Pla2g15,24.56186,24.39813,22.60098,24.39813
Pltp,21.79701,21.90661,21.79031,21.79701
Kcnj9,,,,
Myof,21.79947,21.56556,21.80392,21.79947
Gan,24.9952,25.06258,24.53576,24.9952
Rpl37a,29.10074,30.07839,29.32157,29.32157
Cwc15,23.49436,22.5885,24.2451,23.49436
Kctd10,22.58174,22.78612,21.90514,22.58174
Kiaa0100,19.73577,18.85653,19.37207,19.37207
Pank2,24.97255,24.0466,24.18963,24.18963
Ppfia1,23.17156,22.32336,22.83409,22.83409
P33monox;4833439L19Rik,20.78405,19.24286,18.8042,19.24286
Suds3,23.38073,23.4924,23.8227,23.4924
Rqcd1,26.79984,27.22986,26.60795,26.79984
Bicd1,21.94199,21.16466,21.12622,21.16466
Thoc5,24.98163,24.88707,24.68325,24.88707
Slc4a4,19.52187,19.35122,18.65885,19.35122
Wdr4,24.85362,24.35662,24.29025,24.35662
Pcbd2,23.95011,23.6502,23.61863,23.6502
Sdpr,21.9852,19.03534,21.72167,21.72167
Cwf19l1,22.95568,23.34001,23.101,23.101
Vti1a,23.94458,24.92606,23.19336,23.94458
Nsd1,20.83221,20.43715,21.03758,20.83221
Morc2a,23.64746,23.21965,23.33906,23.33906
Rims4,25.42998,25.04373,25.10177,25.10177
Trip4,23.0756,20.94892,20.20419,20.94892
Bag1,24.81934,24.445,24.22369,24.445
Mapt,28.23822,28.18381,27.63596,28.18381
Gjb6,,,,
Triobp,19.56961,19.48071,18.27712,19.48071
Enpp4,22.89781,22.71908,22.16598,22.71908
Keap1,23.64328,23.69965,23.1179,23.64328
Itfg3,23.03428,23.96614,23.56372,23.56372
Thg1l,23.47853,22.27225,22.34468,22.34468
Smyd2,23.43352,23.49326,23.15287,23.43352
Whsc1,23.07988,22.71461,22.70957,22.71461
Dkk3,18.77665,,17.01846,17.897555
Hcn4,21.88039,21.8668,20.61252,21.8668
Tmem38a,22.76276,22.97579,22.61027,22.76276
Optn,19.42089,19.35557,18.87999,19.35557
Adrbk2,19.62738,20.48611,19.94249,19.94249
Mto1,22.34142,20.23643,21.07117,21.07117
Phf3,22.20413,21.38163,21.38648,21.38648
Rnf113a2,21.87575,22.07133,19.01351,21.87575
Cacng2,23.17618,23.39624,21.49174,23.17618
Galnt2,25.82068,26.13146,25.62397,25.82068
Cep131,21.35493,20.63387,21.226,21.226
9330182L06Rik,21.67038,23.29151,22.59828,22.59828
Pnck,25.54371,25.27459,24.72458,25.27459
Rasd2,,,,
Otub2,21.50485,22.29359,22.04577,22.04577
Zbtb20,24.53671,24.37974,24.78811,24.53671
Adal,20.1893,19.66223,19.65667,19.66223
Mcmbp,24.56697,25.11779,24.53925,24.56697
Pdzd11,25.03976,24.79397,22.33538,24.79397
Nupl1,24.39297,24.76719,24.4215,24.4215
9/8/2015 0:00,,,,
Rpl29;Gm17669;Gm10709;Gm3550,28.30226,29.42061,28.96752,28.96752
Msrb2,17.4151,17.51815,,17.466625
Zhx3,20.93797,21.0899,19.07512,20.93797
Tmem56,23.16602,22.70506,23.83576,23.16602
Crabp1,25.07553,24.98824,26.40852,25.07553
Las1l,25.51241,25.90467,25.69562,25.69562
Sco2,24.89171,24.93575,23.80243,24.89171
Phf5a,25.53674,25.30198,24.8531,25.30198
Rem2,25.34499,25.58552,25.13395,25.34499
Fig4,23.41119,23.73779,23.5291,23.5291
Klhl42,21.30039,21.85787,20.93941,21.30039
Irs1,20.02256,20.66092,21.03026,20.66092
Tulp3,23.28122,23.77475,20.33995,23.28122
Rbm27,23.42726,24.03187,21.78584,23.42726
Ppih,25.26263,25.83668,25.55031,25.55031
Itgb2,20.53545,20.44142,19.20036,20.44142
Dis3,25.08156,25.22475,24.92329,25.08156
Mrpl55,26.65526,25.74694,25.05146,25.74694
Kmt2a,19.33638,19.63701,19.97323,19.63701
Dusp19,22.59005,22.85671,,22.72338
Ank3,17.95963,16.93744,16.27389,16.93744
Phactr2,,,,
Arhgef18,23.12021,23.09444,22.5603,23.09444
Lrrc75a,23.23665,23.36078,22.23436,23.23665
Dock6,22.82619,22.09039,21.19051,22.09039
Pdlim4,22.7186,22.96667,21.8631,22.7186
Gng11,,,24.43682,24.43682
Lsm1,26.88227,26.97956,26.43465,26.88227
Rabif,27.70108,27.39149,25.30487,27.39149
Hm13,25.96919,26.01188,26.06561,26.01188
Rsf1,23.00415,22.8926,23.04425,23.00415
Mepce,23.38469,23.23305,22.41519,23.23305
Ranbp10,20.73694,22.13587,23.08766,22.13587
Spcs1,27.21937,28.39374,28.09315,28.09315
Mettl16,23.90747,23.72806,23.03857,23.72806
Taf9,23.454,22.58987,22.0969,22.58987
Rab11fip1,21.00512,21.06276,21.24632,21.06276
Opalin,,,,
Engase,22.80463,22.9618,22.1988,22.80463
Cerk,21.59464,21.88372,21.40821,21.59464
Ddx18,23.44164,23.75542,23.80213,23.75542
L7rn6;l7Rn6,26.59648,26.74484,26.74586,26.74484
Rab26,,,,
Lrig1,20.25419,19.30846,18.13014,19.30846
Wac,22.96268,22.88157,23.29404,22.96268
Wdr81,23.59446,23.17843,23.42522,23.42522
Slc18a2,20.34495,20.52076,20.01195,20.34495
Cstf2t,23.76901,23.43581,23.5087,23.5087
Vps9d1,22.0451,21.9733,21.76927,21.9733
Olfm3,18.81641,,,18.81641
Mre11a,21.14625,21.07907,21.0713,21.07907
Tmf1,22.52368,21.76048,19.78852,21.76048
,21.18059,21.72692,21.55997,21.55997
Snap23,26.36361,25.98,26.32679,26.32679
Dopey1,21.71293,22.61045,21.64417,21.71293
Alg5,25.34807,25.13332,25.30966,25.30966
,20.84161,21.74653,20.92093,20.92093
Shf,20.13996,18.89886,12.68663,18.89886
Aup1,23.60908,22.59298,22.34965,22.59298
Tprkb,25.49186,25.74386,25.45585,25.49186
Ncor1,20.38816,21.55675,19.79978,20.38816
Serpinb9b,19.38716,23.89698,21.51879,21.51879
Aaas,25.09844,25.31814,25.1168,25.1168
Iah1,25.06919,25.53552,24.92506,25.06919
Madd,18.06723,17.95968,,18.013455
Ints7,24.63301,24.49387,24.6725,24.63301
Cdc37l1,23.42227,23.01437,23.27028,23.27028
Gpc6,24.24612,23.31354,23.57288,23.57288
Ttc4,21.32734,21.07862,19.22105,21.07862
Apc2,22.24429,22.46792,22.60309,22.46792
Orc5,22.44935,22.13119,20.93797,22.13119
Sec62,24.3839,24.51418,24.63998,24.51418
Cntn6,20.10188,21.0901,18.93408,20.10188
Tpd52l1,15.38175,15.75269,14.95101,15.38175
Isy1,22.93207,22.76784,23.32869,22.93207
Ift172,22.18933,21.72159,21.84548,21.84548
Zbtb7a,19.257,19.00339,14.88221,19.00339
Mrpl41;Gm6434,25.88337,25.436,25.38502,25.436
Prss23,17.73595,,,17.73595
Coq7,24.98524,24.21342,22.89141,24.21342
Ephb3,21.71238,21.09178,20.42686,21.09178
Ppil2,22.33552,22.7648,22.50242,22.50242
Slc25a19,23.46762,23.35756,23.05927,23.35756
Tmem177,24.40067,24.49503,23.81685,24.40067
Fyttd1,25.59104,25.94751,24.99783,25.59104
Otulin,23.08732,22.80692,22.55333,22.80692
Smpdl3b,21.93272,21.92241,19.77536,21.92241
Msh6,24.12786,24.19535,23.95251,24.12786
Szrd1,22.09658,22.71064,,22.40361
Crlf3,22.92893,22.41113,22.89,22.89
Ccdc88c,18.9187,20.55749,18.70614,18.9187
Ca10;Car10,,17.463,,17.463
Uqcc1,24.73221,24.67627,23.87202,24.67627
Sipa1l3,21.38269,20.97344,20.83669,20.97344
Cep170,16.04734,,,16.04734
Mbp,,,,
Col4a2,17.96877,15.28146,,16.625115
Slit2,23.64482,23.46837,23.28912,23.46837
Clcn3,20.55375,17.19191,,18.87283
St8sia3,24.45595,24.17539,24.08213,24.17539
Fbxo6,22.25931,19.54875,21.09359,21.09359
Scamp4,24.63937,24.38495,24.47914,24.47914
Mrpl43,26.02608,25.88958,25.54194,25.88958
Pelo,24.82498,24.84943,25.04685,24.84943
Pcf11,21.24551,21.06098,21.07561,21.07561
Cbfb,24.08643,24.59929,23.90839,24.08643
Cep128,19.74872,19.73226,18.92155,19.73226
Pex3,25.05424,24.98902,24.60167,24.98902
Gtf3c4,24.7226,24.82512,24.47865,24.7226
Ift88,21.90209,21.22476,22.22993,21.90209
Tub,24.76279,24.18956,23.88493,24.18956
Gls2,,,,
Pbx1,25.51313,25.53866,25.59027,25.53866
Fam210a,22.80162,22.61695,21.37904,22.61695
Tbcc,24.79362,24.80361,23.93022,24.79362
Smarcd3,25.51271,25.42281,25.22913,25.42281
Polr2h,25.95533,25.78945,25.65395,25.78945
Trhde,22.87226,22.96259,22.83782,22.87226
Rbm45,22.44877,21.54326,20.77338,21.54326
Kiaa0319l;AU040320,23.81274,23.19901,23.42265,23.42265
Eif1ad,24.50821,23.66036,22.14647,23.66036
Rabep2,21.86835,22.35089,21.78285,21.86835
Gtf3c1,23.92162,23.99421,23.07987,23.92162
Trim36,21.19039,21.01332,20.32487,21.01332
Gpt,13.42206,13.09996,,13.26101
Hm13;H13,25.5373,25.13191,24.94668,25.13191
Cbwd1,25.95538,25.97498,27.34714,25.97498
Tgs1;Gm5117,23.27028,23.06467,23.39336,23.27028
Smarcc1,26.29455,26.53525,24.00393,26.29455
Fam20b,25.01465,24.41545,24.47104,24.47104
Larp7,24.99455,24.41106,24.18101,24.41106
Plekho1,24.33484,23.34449,23.35542,23.35542
Pja1,21.46164,20.37539,21.60558,21.46164
Pros1,21.28444,20.5064,21.28354,21.28354
Cacna1c,20.51326,19.76895,19.9011,19.9011
Slc4a2,20.13671,13.88988,19.94178,19.94178
Clip3,24.71691,24.79986,23.86514,24.71691
Mon1b,23.71324,23.80705,22.89584,23.71324
Calu,23.47914,23.00847,23.39375,23.39375
Tmed8,24.82333,24.71177,24.83282,24.82333
Hps5,20.22612,20.24771,13.44954,20.22612
Xab2,24.57721,24.4049,23.7604,24.4049
Zcchc6,24.11378,23.60309,23.70092,23.70092
Sgpl1,26.34171,25.35407,25.825,25.825
Aga,22.83775,22.79881,22.0437,22.79881
Synj2bp,21.82485,22.72584,20.46712,21.82485
Prpf38b,25.20337,25.77879,25.1787,25.20337
Mapk8ip1,23.85358,23.804,23.59423,23.804
Maf1,22.53865,23.90307,22.37698,22.53865
Spryd3,24.78531,24.81465,24.27327,24.78531
Abcb10,22.64579,22.46199,21.92202,22.46199
Snx11,27.53185,25.2329,24.99882,25.2329
Rgs17,24.73428,23.81225,22.5322,23.81225
Lgmn,24.04852,23.28828,22.93761,23.28828
Ercc4,23.47222,23.26528,23.19575,23.26528
Ccdc85a,16.79703,16.12699,,16.46201
Mocs2,24.65278,25.07402,25.0554,25.0554
Fbxo42,23.9094,24.14616,23.78676,23.9094
Dlg5,20.93373,21.07366,20.12641,20.93373
Dctn4,23.03763,23.86325,23.06686,23.06686
Pi4kb,22.4288,23.4339,22.02621,22.4288
Zdhhc17,24.79595,25.10438,24.52468,24.79595
Fundc1,23.41041,22.26971,,22.84006
Man2a2,23.78127,23.75969,23.59776,23.75969
Myl12a,21.27589,22.64139,21.60232,21.60232
Tecpr2,23.59764,23.98251,22.85367,23.59764
Rcbtb2,24.22383,23.86835,22.64205,23.86835
Eif1ax,26.28129,26.77706,25.90268,26.28129
Fam219a,24.01385,23.23362,23.64064,23.64064
Map3k10,21.21074,19.95957,20.3705,20.3705
Tyw5,23.08508,22.64998,21.59291,22.64998
Xxylt1,23.37385,24.28524,21.38174,23.37385
Pja2,20.61845,18.56985,18.35372,18.56985
Sclt1,16.67135,21.47521,,19.07328
Mtm1,19.33143,20.18894,19.25909,19.33143
Pkig,22.18973,22.57076,21.51581,22.18973
A2m;Pzp,22.0283,22.50964,20.89748,22.0283
Rpf2,25.85935,25.14857,24.1118,25.14857
Des,,,,
Chadl,17.21618,21.77354,21.80365,21.77354
Mrps33,25.67171,25.39169,25.26989,25.39169
Syt13,20.58132,20.40686,19.96056,20.40686
Sec11a,27.60442,27.4684,26.68472,27.4684
Ccdc12,23.59423,22.87925,22.9606,22.9606
Cox20,24.55871,25.02614,24.96895,24.96895
Lmcd1,21.79757,23.26442,21.93704,21.93704
Wipi1,21.39137,21.06894,20.78285,21.06894
Ly6h,28.17755,29.15216,28.66047,28.66047
Ttc26,25.15495,25.56544,25.26649,25.26649
Usp25,23.79054,20.55675,22.97672,22.97672
Mga,20.31705,19.48263,17.51299,19.48263
Hmbs,23.02391,23.62187,22.47793,23.02391
Nes,23.94922,23.41403,23.42163,23.42163
Hook1,23.89837,23.55368,22.60917,23.55368
Cdh12,19.02637,19.3105,18.63013,19.02637
Col1a2,,18.07713,,18.07713
Foxred1,20.03134,21.64948,18.73493,20.03134
Ift74,21.55553,20.94285,21.5232,21.5232
Chmp2b,23.53338,23.95189,24.35629,23.95189
Aktip,24.31852,23.65764,23.05426,23.65764
Lingo2,22.00813,22.44109,21.75923,22.00813
Mkrn2,22.23342,23.39571,22.9652,22.9652
Adprm,24.26928,23.66568,22.94598,23.66568
Cox7a1,,,15.73034,15.73034
Sdc3,26.57658,26.05223,25.94936,26.05223
Nr2f1,26.71122,26.95172,26.19511,26.71122
Ssh3,20.68492,19.4894,19.98635,19.98635
Polr2e,24.91752,25.04723,25.44405,25.04723
Tpk1,23.51147,23.02069,23.41725,23.41725
Cdc73,23.86363,23.94824,23.20359,23.86363
Cobl,17.95714,18.69961,16.86036,17.95714
