gene_name,Astrocytes 1,Astrocytes 2,Astrocytes 3,astrocyte_log2_median
Sptan1,31.35563,30.61008,30.40588,30.61008
Tubb4b,34.64892,34.10899,33.98795,34.10899
Tuba1b,34.41545,34.03617,33.9606,34.03617
Actb,36.61777,36.00031,36.05104,36.05104
Ckb,35.59476,35.02313,34.78619,35.02313
Cltc,31.38874,30.90412,30.57037,30.90412
Pkm,33.31568,32.60986,32.57401,32.60986
Sptbn1,31.26668,30.50493,30.21025,30.50493
Atp5a1,33.73075,33.02921,32.82794,33.02921
Hspa8,34.26486,33.61017,33.60951,33.61017
Eno1,34.94868,34.30157,34.26101,34.30157
Atp5b,34.2277,33.18357,32.97026,33.18357
Gapdh,34.6427,34.06085,34.04074,34.06085
Aco2,32.29335,31.50796,31.37119,31.50796
Atp1a2,31.6324,30.74983,30.72395,30.74983
Aldoa,33.67861,33.47979,33.30321,33.47979
Ywhae,34.91768,34.47858,34.3508,34.47858
Dpysl2,32.98629,32.36734,32.35967,32.36734
Dync1h1,30.10512,29.30241,29.34773,29.34773
Tubb2b,33.37516,32.72033,32.59846,32.72033
Mdh2,33.88131,32.99057,32.88611,32.99057
Hsp90ab1,33.92114,33.32911,33.37568,33.37568
Map1b,29.88861,28.96714,28.92091,28.96714
Dnm1,27.32363,27.24254,26.91912,27.24254
Stxbp1,27.76838,27.15943,26.78132,27.15943
Cnp,29.44293,28.71434,28.6095,28.71434
Vdac1,33.77303,32.98314,32.94803,32.98314
Syn1,24.54103,22.50993,22.75261,22.75261
Map2,28.52496,28.07842,27.99793,28.07842
Nefm,31.71767,30.89678,31.04186,31.04186
Atp1a3,22.48225,23.76071,23.97893,23.76071
Map1a,27.80894,27.02179,26.67882,27.02179
Mbp,25.68565,23.93598,23.99499,23.99499
Nsf,28.07933,27.37302,27.24518,27.37302
Plp1,27.25692,22.73494,27.07908,27.07908
Ppia;Gm5160,35.15877,34.72593,34.92163,34.92163
Crmp1,29.74501,28.88579,28.89027,28.89027
Gpi,32.09169,31.65693,31.47378,31.65693
Pgk1,33.86922,33.17157,33.14643,33.17157
Hk1,30.81192,29.98387,29.91399,29.98387
Nefl,21.67913,20.21727,20.53773,20.53773
Pgam1,33.46271,33.17452,32.93791,33.17452
Eef1a1,33.83686,33.32187,33.24232,33.32187
Aldoc,33.0533,32.27306,31.87698,32.27306
Atp6v1a,30.25755,29.82525,30.1575,30.1575
Gnao1,32.18293,31.12946,31.09622,31.12946
Got2,31.67384,30.79017,30.53816,30.79017
Hsp90aa1,32.44877,32.01734,31.86931,32.01734
Got1,30.80347,30.03144,30.19964,30.19964
Eno2,29.06219,28.24432,28.88236,28.88236
Tubb3,25.28044,25.27412,24.21564,25.27412
Hspa4,31.6001,30.55481,30.54711,30.55481
Vcp,32.38646,31.51343,31.70993,31.70993
Tpi1,33.01664,32.26464,32.24102,32.26464
Ap2b1,30.46752,29.43722,29.3505,29.43722
Slc25a5,33.0598,32.1464,32.16812,32.16812
Ywhaz,34.02185,33.55671,33.60178,33.60178
Myh10,32.69942,31.86714,31.80301,31.86714
Hspd1,32.93236,32.1832,31.9131,32.1832
Cfl1,34.19403,33.44912,33.57272,33.57272
Ncam1,30.07661,29.29616,29.23574,29.29616
Mdh1,33.13464,32.18003,32.54105,32.54105
Gdi2,32.27325,31.67358,31.78109,31.78109
Ina,27.30243,25.21867,26.31862,26.31862
Idh3b,31.5576,30.31008,30.25023,30.31008
Syt1,23.20238,21.30246,23.33579,23.20238
Atp5h;Gm10250,32.10715,30.61166,30.92245,30.92245
Sptbn2,23.77937,23.28898,23.86136,23.77937
Gdi1,30.5517,30.05608,29.74649,30.05608
Ank2,27.93983,27.10889,27.25386,27.25386
Atp1b1,31.45444,30.2128,30.33809,30.33809
Glul,29.1126,28.73618,28.85884,28.85884
Uba1,31.41327,30.60911,30.40253,30.60911
Glud1,32.91903,32.0685,31.938,32.0685
Ldhb,33.65342,32.77368,32.78762,32.78762
Atp6v1b2,30.43669,30.07941,30.03131,30.07941
Camk2a,26.71135,26.10966,26.53471,26.53471
Kxd1;Uba52,34.11536,32.89593,33.47569,33.47569
Camk2b,28.50673,28.0704,28.0019,28.0704
Prdx6,35.35291,34.51418,34.30654,34.51418
Myh9,33.01465,32.24813,32.37532,32.37532
Atp1a1,31.58002,30.69071,30.72249,30.72249
Tubb5,31.50228,30.61868,30.94245,30.94245
Hspa9,33.04747,32.59361,32.62183,32.62183
Slc25a4,32.55151,31.49066,31.47359,31.49066
Vim,36.30243,35.95116,35.88094,35.95116
Gfap,34.92007,34.35199,34.12371,34.35199
Canx,31.67358,31.2562,31.68675,31.67358
Abat,30.63634,29.69337,29.33183,29.69337
Ppp2r1a,30.9924,30.24468,29.94475,30.24468
Uqcrc2,31.85501,30.89793,30.89287,30.89793
Slc1a2,27.25016,26.01225,25.03082,26.01225
Pygb,31.89363,31.24275,31.08113,31.24275
Ndufs1,30.32625,29.21771,28.85546,29.21771
Atp5o,32.43057,30.92811,31.13944,31.13944
Gstm1,34.75583,33.99648,34.24594,34.24594
Cntn1,24.65425,21.20848,23.0243,23.0243
Tubb4a,24.50519,22.68029,23.39767,23.39767
Plec,30.8057,29.91983,29.57333,29.91983
Vsnl1,23.02403,22.49599,23.69232,23.02403
Pebp1,34.51823,33.92353,34.04759,34.04759
Ckmt1,23.10561,25.0167,25.02838,25.0167
Actn4,32.69223,32.07051,32.07093,32.07093
Ca2,28.56554,28.673,28.16423,28.56554
Gstp1,32.73977,32.25693,32.24195,32.25693
Wdr1,32.21124,31.48913,31.51662,31.51662
Prdx2,32.91919,32.28013,32.43129,32.43129
Pdhb,31.5845,30.82578,30.64392,30.82578
Ogdh,29.61391,29.05879,29.0357,29.05879
Hspa5,33.83253,33.72649,34.06326,33.83253
Hist1h2af;Hist1h2ab;Hist1h2ak;Hist1h2ah,35.66381,34.35803,34.29659,34.35803
Hnrnpk;Gm7964,32.34723,31.58257,31.75139,31.75139
Hsp90b1,32.47863,32.07259,32.26313,32.26313
Calr,32.05294,31.45929,31.5985,31.5985
Ywhah,31.498,30.4353,30.40912,30.4353
Dpysl3,31.06484,30.19777,30.03669,30.19777
Tnr,21.85768,20.42737,21.7731,21.7731
Prdx5,32.82206,32.29663,32.26916,32.29663
Dlat,30.56447,29.40981,28.8102,29.40981
Uchl1,33.47242,32.49684,32.77584,32.77584
Immt,31.22544,30.09924,30.06715,30.09924
Tuba4a,26.22766,23.98459,25.42143,25.42143
Eef2,31.61947,30.87225,31.23501,31.23501
Gnb2,32.83526,31.95015,32.30536,32.30536
Hnrnpa2b1,32.39981,32.03354,32.06056,32.06056
Cs,31.84412,30.93937,30.61105,30.93937
Ldha,32.54915,31.99405,31.87646,31.99405
Myo5a,27.1033,26.26344,26.23759,26.26344
Hist1h4a,36.05448,35.48628,35.472,35.48628
Syn2,26.49147,24.96658,25.87124,25.87124
Atp6v0a1,28.04682,26.70688,26.61611,26.70688
Arf1,32.20306,31.46835,31.69971,31.69971
Uqcrc1,31.37207,30.67371,30.86105,30.86105
Slc25a12,29.49377,28.19117,27.61224,28.19117
Hnrnpa3,32.01565,31.82915,31.81276,31.82915
Hist1h2bc;Hist1h2bh;Hist1h2bm;Hist2h2bb,36.00219,35.22202,35.67396,35.67396
Slc1a3,32.67386,31.80193,31.76089,31.80193
Actc1,33.8792,33.26766,33.93122,33.8792
Tuba1a,28.32243,28.71676,27.40162,28.32243
Atp6v1c1,28.48212,27.40973,27.97492,27.97492
Gm20390;Nme2,32.27988,31.62558,31.98342,31.98342
Sh3gl2,27.15991,26.19031,26.55479,26.55479
Tkt,32.68272,31.84916,31.91524,31.91524
Aldh2,32.46354,30.98773,30.99517,30.99517
Snap91,26.06378,25.51788,25.09418,25.51788
Ap2a1,29.25368,28.35905,28.19526,28.35905
Cct3,31.20175,30.77447,30.63114,30.77447
Atp2b2,28.14846,26.80698,27.15345,27.15345
Sucla2,31.215,29.83041,29.87231,29.87231
Acat1,31.7855,30.6862,30.65668,30.6862
Nefh,23.89125,21.96042,21.92817,21.96042
Ncl,31.75505,31.39248,31.51939,31.51939
Rtn4,30.72801,29.9157,29.65349,29.9157
Actn1,32.63871,31.94552,31.69876,31.94552
Ppp3ca,29.66602,28.55028,28.36878,28.55028
Npepps,30.76928,30.16866,29.97446,30.16866
Atp6v0d1,29.05139,28.30548,28.00662,28.30548
Gda,23.39008,19.98704,21.04853,21.04853
Gpd2,30.78745,30.10637,29.86897,30.10637
Stx1b,27.67553,26.78856,26.27242,26.78856
Pacsin1,24.58537,23.95775,23.5998,23.95775
Epb41l3,28.30691,27.11674,26.97662,27.11674
Snap25,23.74725,24.25868,24.31306,24.25868
Bsn,16.03015,22.62996,20.29098,20.29098
Arpc2,30.58916,30.17415,30.38041,30.38041
Fscn1,30.71285,30.36901,30.33671,30.36901
Atp6v1e1,30.85319,30.21466,30.17451,30.21466
Atp2a2,30.71923,30.0575,30.36359,30.36359
Dpysl5,30.05814,29.25773,29.36123,29.36123
Tufm;Gm9755,31.28455,30.45454,29.97787,30.45454
Map6,26.22601,25.67595,25.87223,25.87223
Matr3,29.56265,29.05525,28.92082,29.05525
Calb1,24.9898,24.33946,24.62383,24.62383
Ndrg2,29.95199,29.60707,29.37631,29.60707
Dpp6,20.26132,21.50193,21.3538,21.3538
Arhgdia,33.76139,33.36084,33.4344,33.4344
Idh3a,30.42492,30.18483,30.07559,30.18483
2015-09-07 00:00:00,31.47547,30.74591,30.75589,30.75589
Ncdn,24.5719,23.54863,24.34394,24.34394
Anxa6,31.38864,30.95809,30.89114,30.95809
Calb2,25.12908,24.1281,24.39192,24.39192
Hnrnpa1,30.53436,30.84558,30.5244,30.53436
Vdac3,32.68973,32.14376,31.81383,32.14376
Sdha,30.96506,30.04895,30.38648,30.38648
Stip1,31.10431,30.54784,30.32045,30.54784
Cadps,24.59121,22.82968,23.29544,23.29544
Cct2,31.10556,30.22561,30.12102,30.22561
2015-09-05 00:00:00,29.22465,27.73744,28.16586,28.16586
Uqcrb,31.68875,30.95761,30.53918,30.95761
Kpnb1,30.47904,29.72141,29.64633,29.72141
Fasn,29.93255,29.24654,29.10072,29.24654
Vdac2,32.90401,31.82801,31.68361,31.82801
Amph,23.55672,23.34476,23.58256,23.55672
Fh,31.02029,30.10162,29.90139,30.10162
Dlg4,26.36135,25.17219,25.46865,25.46865
Hspa12a,27.99922,26.26787,26.23703,26.26787
Oxct1,32.36719,31.18423,31.28118,31.28118
Bin1,28.92119,27.90351,27.40657,27.90351
Pdia3,32.52211,32.40268,32.34,32.40268
Usp5,29.6483,29.28566,28.91599,29.28566
,25.41889,24.02454,23.98485,24.02454
Otub1,30.20034,29.46838,29.43504,29.46838
Dpysl4,29.02485,28.22587,28.3006,28.3006
2015-09-11 00:00:00,32.1478,31.12964,30.85786,31.12964
Eef1b,31.00999,30.57804,30.67615,30.67615
Pfkm,30.45003,30.06869,30.00384,30.06869
Pfkp,31.14753,30.80209,29.86802,30.80209
Capza2,31.66246,31.58611,31.15557,31.58611
Mapt,26.41421,25.71201,25.59457,25.71201
Slc12a5,23.58738,22.66293,21.75234,22.66293
Prdx1,33.5657,32.91677,33.10457,33.10457
Stx1a,25.42137,24.25083,21.87912,24.25083
Pclo,18.01198,16.85514,19.97771,18.01198
Plcb1,23.7349,22.82518,22.7447,22.82518
Gap43,28.1776,26.75646,26.81152,26.81152
Cand1,30.2544,29.45586,29.15914,29.45586
Atp2b1,30.49247,28.04354,27.67169,28.04354
Gls,26.8114,25.58784,24.67874,25.58784
Ywhab,32.64115,31.84435,31.76924,31.84435
Anxa5,33.45721,33.33844,33.39867,33.39867
Dnm1l,28.69232,27.75085,27.66262,27.75085
Pdha1,30.69851,29.7156,29.87923,29.87923
Pcx;Pc,31.54922,30.71104,30.56756,30.71104
Cox4i1,32.6261,31.89915,32.1079,32.1079
Dlg2,23.75134,24.44708,23.97552,23.97552
Eef1a2,21.73426,16.73833,16.81503,16.81503
Phb,31.26478,29.95005,30.03171,30.03171
Rab3a,26.28856,25.14996,26.03521,26.03521
Ppp1ca,30.42952,30.3227,30.12312,30.3227
Ndufs2,29.13144,28.2867,27.6975,28.2867
Sod2,31.48803,30.3366,30.61184,30.61184
Tpm3-rs7,34.27697,33.83432,33.70068,33.83432
Basp1,30.8178,30.72159,29.94726,30.72159
Sirt2,30.22757,29.35208,29.46503,29.46503
Synj1,27.60102,24.89855,23.9974,24.89855
Acly,28.64203,27.71614,27.33236,27.71614
Ndufv1,29.66723,28.87317,28.91499,28.91499
Macf1,28.72309,27.70352,27.60003,27.70352
Actr1b,30.6837,29.56763,29.23759,29.56763
Acot7,27.53222,27.38451,27.27284,27.38451
Gnb1,31.82813,30.54084,30.99577,30.99577
Opa1,28.83981,28.22656,28.06224,28.22656
Ywhag,30.95989,31.24127,31.46392,31.24127
Txn,34.08496,33.43452,33.91296,33.91296
Napb,24.53291,22.72742,20.74139,22.72742
Dld,31.42452,30.55518,30.22228,30.55518
Crym,30.6385,29.92422,29.32012,29.92422
Hsph1,29.4367,28.77065,28.49125,28.77065
Snca,25.80449,24.44632,25.05536,25.05536
Dmxl2,24.94927,24.36386,24.635,24.635
Tcp1,31.37741,30.32603,30.29406,30.32603
Vps35,30.1808,29.14763,29.00844,29.14763
Hadha,32.276,31.22745,30.90985,31.22745
Cox5a,32.06894,31.04915,31.01025,31.04915
Srcin1,23.67163,22.60616,21.8278,22.60616
Slc4a4,28.8538,27.83714,27.59584,27.83714
Rap1gds1,29.288,28.07163,28.12149,28.12149
Rtn1,30.69594,29.35054,29.34644,29.35054
Atp5c1,32.18373,31.40745,31.45273,31.45273
Ndufa10,29.67897,28.70246,28.69046,28.70246
Ap2a2,28.62027,27.6277,27.34571,27.6277
Ndufa9,28.32195,27.39615,27.80427,27.80427
Hist1h3b,35.23671,34.54588,34.98006,34.98006
Atp6v1h,29.00475,28.09426,28.08796,28.09426
Ndufs3,29.83859,28.93896,28.7529,28.93896
Syngap1,22.24725,21.73372,21.5296,21.73372
Cct8,31.38402,30.58504,30.45219,30.58504
Eif4a1,31.88431,31.37715,31.40507,31.40507
Mif,31.79738,31.11384,30.98278,31.11384
Hpca,25.318,25.65676,25.78229,25.65676
Hpcal1,27.02464,26.88344,26.81409,26.88344
Ran,32.00591,32.06301,32.02452,32.02452
Atp5f1,30.35279,29.33213,28.91539,29.33213
Pitpna,29.19622,29.02332,28.83885,29.02332
Dctn2,30.97944,29.68392,29.45533,29.68392
Sod1,33.12193,33.04721,33.05381,33.05381
Hspa4l,30.57993,29.83471,29.79824,29.83471
,25.92413,24.84076,24.50537,24.84076
P4hb,31.50956,30.9949,30.80263,30.9949
Hnrnph2,31.3278,30.52711,30.91014,30.91014
Cap1,31.63681,31.10649,30.79985,31.10649
Prkcg,24.72463,26.60767,25.86481,25.86481
Lmnb1,31.50659,30.90383,30.63166,30.90383
Pgm1;Pgm2,30.42852,29.62165,29.62982,29.62982
Ppp2ca,29.99078,29.78025,29.56825,29.78025
Aldh1l1,31.78148,30.88911,30.84887,30.88911
Gpm6a,27.55947,28.37704,27.61175,27.61175
Arpc1a,28.34989,27.40365,27.87543,27.87543
Gnaq,30.11297,29.19533,29.20156,29.20156
Cct5,30.85853,30.44924,30.28019,30.44924
Pfn1,33.51336,32.24318,32.52272,32.52272
Dctn1,28.80554,28.05626,28.18154,28.18154
Mapk1,30.3226,29.76748,29.88751,29.88751
Hnrnpu,31.37715,30.69304,30.74463,30.74463
Ola1,28.76857,28.36252,28.30291,28.36252
Idh3g,30.0775,28.8535,29.1575,29.1575
Dnm3,25.40106,24.69168,26.27049,25.40106
Cct4,30.19753,29.81423,29.91257,29.91257
Hnrnpl,31.39213,30.31127,30.53547,30.53547
Cycs;Gm10108,31.44139,30.65991,30.67993,30.67993
Rab1,31.59722,30.58361,30.55755,30.58361
Epb41l2,30.94133,30.13247,30.05232,30.13247
Bdh1,29.7889,28.57791,28.07546,28.57791
Mtco2;mt-Co2,32.28008,31.26729,31.16824,31.26729
Lrpprc,28.87091,27.67828,27.68003,27.68003
Dclk1,27.63312,26.5773,26.01144,26.5773
Rph3a,21.11845,19.67757,20.04367,20.04367
Cyfip2,26.91216,25.97721,26.26805,26.26805
Prdx3,31.02934,30.32109,29.97432,30.32109
Dstn,32.35063,31.97473,31.7771,31.97473
Pygm,23.06059,22.87093,23.57693,23.06059
Prkar2b,27.2007,26.82905,26.53341,26.82905
Dbn1,29.7179,28.34782,28.83653,28.83653
D10Jhu81e,31.71416,31.07884,30.77069,31.07884
2015-09-03 00:00:00,29.74814,28.89551,28.91485,28.91485
Qdpr,30.77455,29.4292,29.41599,29.4292
Mog,19.40087,,17.1727,18.286785
Aldh5a1,30.55005,29.37055,28.65843,29.37055
Myl6,32.80582,32.37319,32.36953,32.37319
Rab2a,30.89634,30.32742,30.48558,30.48558
Ak1,30.78105,30.08816,30.08474,30.08816
Ywhaq,32.2119,31.21605,31.31473,31.31473
Ogdhl,28.93402,27.70074,27.66078,27.70074
Napa,29.79963,28.8916,29.0931,29.0931
Hint1,31.26125,30.40568,30.24728,30.40568
Oxr1,28.25232,26.73931,27.01436,27.01436
Tppp,26.93966,23.35474,23.72057,23.72057
Marcks,31.91456,30.69403,30.16183,30.69403
Hnrnpr,29.94196,29.06733,29.09048,29.09048
Psma7,31.4071,30.44045,30.7535,30.7535
Uqcrfs1,30.06188,29.3684,29.6838,29.6838
Rab10,30.52692,29.64459,29.82024,29.82024
Map2k1,29.6698,29.22295,28.9856,29.22295
Calm1,34.04409,33.56195,33.09503,33.56195
Gnai2,31.48424,30.37648,30.46937,30.46937
2015-09-08 00:00:00,30.03052,29.29173,29.40129,29.40129
Ddah1,32.96733,31.98665,32.34752,32.34752
Bcan,25.35289,24.15391,24.28623,24.28623
Rab14,31.02723,29.97733,30.14175,30.14175
Park7,33.12645,32.13182,32.17721,32.17721
,29.3588,27.9592,27.68559,27.9592
Cct6a,31.09169,30.47711,30.15617,30.47711
Slc3a2,30.85831,29.98604,30.29691,30.29691
Atp1b2,31.22251,29.87983,29.82309,29.87983
Ap2m1,29.75353,28.43472,28.62513,28.62513
Psd3,24.85472,24.05325,22.73417,24.05325
Actr2,30.94719,30.76659,31.1581,30.94719
Slc25a3,31.94398,31.33591,31.06657,31.33591
Nckap1,28.21396,27.40023,27.35422,27.40023
Add1,30.0692,29.16796,28.56953,29.16796
Ddx5,30.50323,29.90282,30.09295,30.09295
Cadm2,28.07485,26.97301,27.1946,27.1946
Actr3,30.78402,30.23934,30.25451,30.25451
Cct7,30.86813,30.16147,29.99618,30.16147
Pgd,30.54019,30.24796,29.7341,30.24796
Cadm3,24.44891,23.49118,24.60128,24.44891
Aldoa,29.81326,29.03438,28.89177,29.03438
Add2,25.97592,24.92465,24.07765,24.92465
Mag,17.29975,21.21122,21.47917,21.21122
Eef1g,31.64272,30.84131,30.83417,30.84131
Tagln3,29.52988,28.4221,28.93571,28.93571
Gnai1,29.43891,28.01494,28.91784,28.91784
Pvalb,30.08043,29.59618,29.22807,29.59618
Capzb,31.26975,30.31527,30.77242,30.77242
Cbr1,30.92373,29.84737,30.07992,30.07992
Pabpc1,30.7769,30.0185,29.74468,30.0185
Pafah1b1,30.33213,29.57705,29.70733,29.70733
Camk2a,,,,
Epb4.1l1,25.85621,24.75231,24.348,24.75231
Dnajc6,19.63408,21.17737,21.61045,21.17737
Cndp2,30.35174,29.72231,29.57353,29.72231
Vat1l,24.95708,25.05337,24.07561,24.95708
Ap1b1,28.28021,28.62711,26.66384,28.28021
Phb2,31.08651,30.46577,30.49448,30.49448
Nbea,24.18026,24.77711,24.76906,24.76906
Slc17a7,20.86876,20.10162,,20.48519
Dlst,31.37223,29.94782,29.41224,29.94782
Rtn3,26.75506,26.67775,26.79971,26.75506
Csnk2a1,29.88619,29.57807,29.55028,29.57807
Phyhipl,29.50213,28.7406,28.37956,28.7406
Ndufa8,30.79436,29.9327,30.16902,30.16902
Letm1,29.30387,28.37015,27.47297,28.37015
Ppa1,31.21164,30.39376,30.62558,30.62558
Aars,30.51597,29.50866,29.78966,29.78966
Ndufa13,30.56275,29.42458,29.41877,29.42458
Ahcyl1,30.32742,29.29531,29.30369,29.30369
Lap3,30.48683,29.71321,29.64948,29.71321
Ube2n,31.40146,30.75629,30.58244,30.75629
Baiap2,26.30346,24.93319,26.16559,26.16559
Nap1l1,30.76327,30.95518,30.05853,30.76327
Pdxk,30.55326,30.10537,30.20944,30.20944
Sv2b,19.73298,19.49997,20.30486,19.73298
Vamp2,31.0848,29.58334,29.73383,29.73383
Nptn,28.80544,28.35119,28.53897,28.53897
Pak1,28.2089,27.98853,27.8183,27.98853
Rab7a,31.79068,30.75494,30.8365,30.8365
Ppp3r1,30.28813,29.42037,29.28694,29.42037
Atp1b3,29.51461,29.05056,29.41165,29.41165
Cyc1,29.9488,28.96102,28.73399,28.96102
Ehd1,29.91471,29.35936,29.1887,29.35936
Tmod2,29.57304,28.11501,28.2687,28.2687
Rpl23a,33.1808,32.15536,32.33557,32.33557
Ndufa4,31.01797,30.39968,30.10537,30.39968
Gad2,18.66969,19.49755,22.06026,19.49755
Mpp2,24.12171,24.42995,23.45563,24.12171
Efhd2,31.69482,31.12139,30.79947,31.12139
Napg,28.7991,27.30304,27.28295,27.30304
Idh1,31.37322,30.55554,30.63521,30.63521
Sfpq,30.14698,29.51458,29.37374,29.51458
Aldh1a1,25.32817,24.36673,24.94074,24.94074
Aqp4,27.02981,26.76989,25.80331,26.76989
Etfa,32.64091,31.54278,31.42337,31.54278
Syne1,25.46314,24.4197,23.98181,24.4197
Rpn1,30.0414,29.41534,29.57523,29.57523
Gstm5,30.36901,30.11061,30.18056,30.18056
Atp5i,32.04876,30.15473,30.68754,30.68754
Rab11b;Rab11a,30.41003,29.95394,29.92988,29.95394
Tpp2,28.04156,27.2922,27.43141,27.43141
Sncb,23.17579,23.09413,,23.13496
Ndufb10,30.01385,29.64612,28.98983,29.64612
Pgrmc1,31.11558,30.494,29.85862,30.494
Ddx39b,30.51916,30.54784,30.39948,30.51916
Sv2a,24.62489,25.66101,23.41661,24.62489
Lrp1,27.93478,27.10579,26.88075,27.10579
Rps3,31.49529,30.88656,30.95296,30.95296
Psap,29.87817,29.50201,29.28793,29.50201
Mapre2,28.69955,27.79303,28.28493,28.28493
Psmc3,30.25259,29.47466,29.4147,29.47466
Nipsnap1,28.88623,27.65717,27.70028,27.70028
Ryr2,22.08703,18.87628,19.6048,19.6048
Pfkl,29.12992,29.0135,28.76844,29.0135
2010300C02Rik,28.71748,27.66078,28.02586,28.02586
Sh3glb2,27.53571,27.3746,26.16056,27.3746
Kif5b,30.18789,29.30093,29.30895,29.30895
Tln1,30.70528,29.5749,29.37962,29.5749
Sars,29.71358,29.30042,29.18903,29.30042
Rpsa,32.43293,31.93839,32.12025,32.12025
Ncam2,23.8446,23.42458,23.88157,23.8446
Ndufs4,29.51657,28.71253,28.71699,28.71699
Actg1,26.96873,29.28641,30.06689,29.28641
Sptb,21.39713,21.87098,20.71557,21.39713
Ndufv2,30.38977,29.37801,29.63445,29.63445
Ptprz1,28.27467,27.81397,28.11719,28.11719
Lmna,32.28582,31.641,31.67017,31.67017
Gnb2l1,31.81027,31.1351,31.29209,31.29209
Hspe1,32.83421,32.16669,32.36937,32.36937
St13,31.96602,31.54388,31.69715,31.69715
2015-09-04 00:00:00,26.52603,26.22883,26.2558,26.2558
Slc25a11,30.63132,29.46587,29.61068,29.61068
Hdgf,31.02261,30.53371,30.35448,30.53371
Psmd2,29.37749,28.59078,28.9194,28.9194
Rplp2,33.48939,33.00368,32.98041,33.00368
Map1lc3a,29.9407,29.27879,29.09184,29.27879
Aak1,28.16447,26.60696,26.30852,26.60696
Sfxn3,31.27891,29.80099,29.80888,29.80888
Ank1,21.69243,19.79405,19.29264,19.79405
Cse1l,28.09058,27.09134,26.89099,27.09134
Cotl1,32.43094,31.88533,32.18666,32.18666
Cbx3,30.94503,29.88029,30.24909,30.24909
Thy1,29.45554,27.79569,28.1704,28.1704
Sdhb,30.52421,29.96458,29.8323,29.96458
Skp1,31.54839,30.9789,30.91271,30.9789
Ctnnb1,30.54158,29.63717,29.00587,29.63717
Ctbp1,28.64365,27.52021,27.64609,27.64609
Klc1,28.2907,27.2589,27.50241,27.50241
Pcmt1,29.75951,28.65837,27.58219,28.65837
Hadhb,31.73489,31.10143,30.78207,31.10143
Shank1,19.93387,17.54736,18.93119,18.93119
Pafah1b2,30.66822,29.57295,29.92054,29.92054
Ap3b2,25.49463,24.64576,23.90775,24.64576
Psmd11,30.81818,30.12952,29.62827,30.12952
Psma5,31.44633,30.93495,30.99341,30.99341
L1cam,22.04053,19.41599,18.88878,19.41599
Msn,33.52286,32.92905,32.91869,32.92905
Ddx3y,28.91772,28.69936,28.65693,28.69936
Tomm70a,28.69614,27.87959,27.54731,27.87959
Coro1a,29.33682,28.4313,28.33091,28.4313
Nrcam,26.12723,25.97993,26.24169,26.12723
Acat2,29.85893,29.04921,28.67798,29.04921
Dst,26.87608,25.97649,25.79947,25.97649
Ptma,34.49244,34.11458,33.91643,34.11458
Rps8,32.69775,32.32294,32.37576,32.37576
Gm20431;Ube2v1,30.86112,29.86043,29.83509,29.86043
Ncald,27.38055,25.56741,25.52256,25.56741
Uchl3,29.77428,28.97221,29.27184,29.27184
Ctsd,32.71604,31.47465,31.04309,31.47465
Camkv,21.20598,18.41245,18.30786,18.41245
Atp2b3,25.25551,24.3364,24.36993,24.36993
Psmc4,29.48043,29.27917,29.17269,29.27917
Gdap1l1,24.46201,24.37299,24.42995,24.42995
Flna,32.82994,32.18577,32.17385,32.18577
Fam49b,29.44794,28.53519,28.18881,28.53519
Akap5,24.04968,20.87553,22.99433,22.99433
Eif3a,28.92122,28.52414,28.47981,28.52414
Aldh6a1,31.78109,30.91257,30.46344,30.91257
Dnaja2,28.65096,28.22578,28.28167,28.28167
Atp5l,30.7066,28.91926,29.8158,29.8158
Arpc5,31.34287,30.00598,29.98046,30.00598
Dhx9,28.75379,28.2544,28.10044,28.2544
Cox6c,30.0898,27.97246,28.75165,28.75165
Anp32a,31.5162,31.4485,31.22717,31.4485
Hpcal4,21.68812,22.66449,18.69741,21.68812
Hnrnpd,31.99607,31.07795,31.36343,31.36343
Wars,31.11719,30.76833,30.999,30.999
Prkacb,28.20737,28.01281,27.88675,28.01281
Glod4,32.21373,31.71657,31.8197,31.8197
Cacna2d1,23.99671,21.67874,23.03002,23.03002
Syt2,,21.44708,21.83642,21.64175
Osbpl1a,26.05544,25.17577,24.83461,25.17577
Cap2,27.64051,26.849,26.00894,26.849
Hnrnpa0,29.63483,29.74214,29.48401,29.63483
Lta4h,30.14953,29.31023,29.28914,29.31023
Trio,24.03942,23.22908,23.08481,23.22908
Gria2,22.25724,21.50359,20.73265,21.50359
Ganab,29.16104,28.80474,28.6726,28.80474
Dync1li1,28.5527,28.14613,27.85246,28.14613
Ppp2r2a,29.08801,27.61407,27.91747,27.91747
Hyou1,30.18719,29.46053,29.73676,29.73676
Cab39,28.26937,27.31441,27.20182,27.31441
Hnrnpm,30.66839,29.92295,29.74484,29.92295
Ube2l3,31.27209,31.01019,30.76446,31.01019
Ppp1r11,32.01451,31.57745,31.22803,31.57745
Leprel1,23.99964,25.02779,26.62909,25.02779
Scrn1,30.21013,29.84172,29.57696,29.84172
Ap3d1,27.76477,27.0701,26.82092,27.0701
Tln2,29.00611,27.70332,27.47243,27.70332
Rab5c,31.26986,30.56711,30.81749,30.81749
Pdia6,32.08208,31.41639,31.50687,31.50687
Snd1,29.25178,28.74874,28.80002,28.80002
Prep,29.47141,28.616,28.9198,28.9198
Lonp1,30.8595,30.01824,29.89283,30.01824
Hnrnpc,30.82464,30.63755,30.64263,30.64263
Rock2,28.1947,27.31121,27.29527,27.31121
Cntnap1,18.30679,20.06131,22.0457,20.06131
Cox6a1,,,,
Arpc4,31.34393,30.27675,30.70734,30.70734
Gphn,26.28364,26.08343,26.14884,26.14884
S100b,25.95516,25.21011,22.48532,25.21011
Acsl6,27.7898,25.96794,26.29918,26.29918
Ipo5,28.98226,28.34896,28.11808,28.34896
Usp9x,27.63235,26.48628,26.19383,26.48628
Myo18a,27.86897,26.80821,26.58463,26.80821
Usp48,28.27755,28.65349,28.14258,28.27755
Ppid,30.23226,29.38455,29.47588,29.47588
Ndufa12,29.46616,28.67172,28.41232,28.67172
Rab6a,31.33916,30.83628,30.66034,30.83628
Taldo1,31.21414,30.85013,30.97357,30.97357
Hist1h1e,34.26745,33.56853,33.71814,33.71814
Eprs,30.33565,29.4102,29.68495,29.68495
Uqcrq,26.58964,26.37523,26.63243,26.58964
Atl1,25.92579,24.0982,23.24054,24.0982
Ddb1,28.99426,28.48366,28.6035,28.6035
,27.29938,26.38182,25.54948,26.38182
Grb2,29.16082,28.20844,28.20032,28.20844
Akr1a1,30.2992,29.46346,29.61518,29.61518
Hmgb1,33.08455,32.91167,32.81562,32.91167
Copa,29.31064,28.64636,28.47336,28.64636
Prkar2a,28.46482,27.8211,27.36978,27.8211
Gpd1,28.55673,27.8405,27.68819,27.8405
Eif5a,31.78094,31.10187,31.48644,31.48644
Mtch2,30.95685,29.45515,29.61307,29.61307
Psmd3,29.61824,28.91208,29.36355,29.36355
Ckap5,28.56096,27.46801,27.22057,27.46801
Rpl17,31.18807,31.07093,31.14449,31.14449
Cox6b1,30.91099,29.89468,29.60645,29.89468
Psat1,32.35789,31.54019,31.48836,31.54019
Sirpa,27.12583,25.7559,25.18086,25.7559
Map4,32.12226,31.12386,31.0185,31.12386
Iars2,29.2854,28.12297,28.17541,28.17541
Myl12b,32.33031,32.00601,31.86541,32.00601
Rps3a,31.34874,30.63053,31.03826,31.03826
Ank3,22.86335,22.29331,22.28554,22.29331
Kiaa0513;6430548M08Rik,25.01691,23.02315,23.52385,23.52385
2015-09-06 00:00:00,26.05515,25.14934,25.19569,25.19569
Stmn1,30.1152,29.27458,29.38251,29.38251
Trim28,29.50412,28.63402,28.68642,28.68642
Pde2a,22.15091,21.92361,21.47729,21.92361
Gars,29.47607,29.28012,29.60724,29.47607
Homer1,24.09458,23.5128,23.15331,23.5128
Kif5c,25.45698,24.63434,24.48922,24.63434
Pcbp2,30.80008,30.35616,29.93579,30.35616
Actn2,21.68629,18.9138,,20.300045
Idh2,33.90113,32.71188,32.65055,32.71188
Ogt,27.37584,26.98783,26.72221,26.98783
Samm50,28.67411,27.70741,27.82104,27.82104
Usp7,26.53422,26.3782,26.36077,26.3782
Gmps,27.77392,27.46607,27.06815,27.46607
Kiaa1671,29.49328,27.45482,28.00897,28.00897
Nsfl1c,31.06381,30.42252,30.36578,30.42252
Mapre3,27.96549,27.06003,26.42307,27.06003
C1qbp,30.79769,30.25045,30.07674,30.25045
Gsn,30.81245,29.54639,29.77417,29.77417
Akap12,31.19349,30.12102,29.73494,30.12102
Cisd1,31.90132,30.62209,30.69412,30.69412
Dync1i2,30.19366,29.15233,29.24332,29.24332
Acsbg1,29.55961,28.10059,27.99884,28.10059
Syncrip,29.94866,29.24742,29.09971,29.24742
Csnk2a2,27.86538,27.36135,27.16988,27.36135
Pgm2l1,22.09861,21.38395,23.80607,22.09861
Myh14,30.05181,29.05253,28.81397,29.05253
Hprt1,28.60781,27.94005,28.50768,28.50768
Cd47,28.26137,27.35229,26.96587,27.35229
Ahsa1,29.04591,28.61108,28.72991,28.72991
Dlg1,29.18504,28.21595,28.28361,28.28361
Cacybp,30.3687,29.9238,29.95435,29.95435
Add3,30.79056,29.72579,29.58689,29.72579
Dars,30.35489,30.00102,29.83718,30.00102
Cox5b,32.1135,30.77321,30.82312,30.82312
Prps1;Prps1l3,30.7823,29.74561,29.77266,29.77266
Cfl2,28.7145,29.12588,29.02033,29.02033
Ppp5c,28.72495,27.46459,28.28428,28.28428
Lsamp,25.65619,24.369,24.40198,24.40198
G6pdx,29.79732,29.17412,28.9236,29.17412
Mpp6,31.127,29.151,29.04607,29.151
Wdr7,25.18646,23.98954,24.29004,24.29004
Fkbp1a,32.52498,31.84397,32.17251,32.17251
Arpc5l,29.81245,29.26233,28.97172,29.26233
Psmc6,30.40639,29.29715,29.59458,29.59458
Asrgl1,31.5662,30.58933,30.24593,30.58933
Eif4a2,29.89487,28.83753,29.02142,29.02142
Pura,31.70273,31.01525,31.02155,31.02155
Psip1,29.46607,28.74525,29.10669,29.10669
Atp5j2,30.05569,30.30954,30.62183,30.30954
Hnrnpul2,29.06175,28.24045,27.96505,28.24045
Cmpk1,29.85415,29.05419,29.34587,29.34587
Eif1,31.59054,30.39223,30.59735,30.59735
Psmd6,29.68134,28.66882,28.4567,28.66882
Gnas,30.29537,29.17641,29.0775,29.17641
Sptbn4,24.68175,24.2322,24.31886,24.31886
Itpa,29.98956,29.11835,29.37053,29.37053
Psmc2,29.81042,29.26662,29.58389,29.58389
Hsd17b10,32.03456,31.09402,30.95241,31.09402
Echs1,31.87419,31.28736,30.94705,31.28736
Lasp1,32.05766,31.27864,31.50687,31.50687
Blmh,29.33675,28.86432,28.80073,28.86432
Psma6,31.07457,29.79619,30.51296,30.51296
Cops2,29.62821,28.96802,28.97552,28.97552
Ndufc2,27.30548,27.00507,27.18064,27.18064
Shank3,23.6102,22.37401,24.3672,23.6102
Vat1,31.36401,30.61868,30.54573,30.61868
Vcl,31.63001,30.63114,30.53213,30.63114
Set,31.49009,30.90505,31.05278,31.05278
Apoe,31.34064,30.42312,30.20443,30.42312
Sgip1,22.39702,23.27966,22.91949,22.91949
G3bp2,28.79368,28.06533,27.91079,28.06533
Nono,30.47952,29.96099,29.35252,29.96099
Atp6v1d,27.59049,27.06445,27.32397,27.32397
Rtcb,30.67506,30.06856,30.07406,30.07406
Strap,30.19108,29.42204,29.56654,29.56654
Rtn1,24.22964,23.54793,22.61643,23.54793
Tubb2a,29.49232,28.77584,28.53575,28.77584
Pkm,29.94,29.70955,29.19707,29.70955
Mapre1,31.61443,30.71252,30.5299,30.71252
Hnrnph1,29.76292,28.74477,28.9559,28.9559
Ggt7,26.70491,26.46742,26.08158,26.46742
Vapa,30.30596,29.84455,30.26539,30.26539
Clta,29.6126,29.03076,28.46022,29.03076
Psmd1,29.72302,29.19674,28.96251,29.19674
Me1,30.30976,29.72615,29.38445,29.72615
Khdrbs1,30.54121,30.12139,31.27642,30.54121
Cnrip1,29.19268,28.05579,28.48808,28.48808
Phgdh,32.17772,31.71461,31.67611,31.71461
Actbl2,31.50157,25.08756,31.0843,31.0843
Syp,25.89601,24.35824,23.87014,24.35824
Pea15;Pea15a,32.16324,31.57339,30.91478,31.57339
Npm1;Gm5611,31.48563,31.01132,31.06285,31.06285
Atp6v1g2,20.79281,24.73562,24.39898,24.39898
Trim2,27.68525,27.08436,27.24472,27.24472
Nars,30.13919,29.92663,29.99914,29.99914
Aldh7a1,30.8464,29.70037,29.7618,29.7618
Eif4g1,28.55153,27.8068,27.92581,27.92581
Pcca,29.98699,29.2742,28.84008,29.2742
Slc25a22,27.8487,26.6133,26.55224,26.6133
Phyhip,21.91298,21.26962,22.24377,21.91298
Erlin2,31.25118,29.9955,29.71496,29.9955
Pdxp,25.19637,24.60975,24.95403,24.95403
Slc8a2,24.79273,24.54215,22.58692,24.54215
Ddx1,29.49112,28.93941,28.87124,28.93941
Rpl6,31.91958,31.28868,31.44973,31.44973
Ermn,,18.84992,,18.84992
Psmc5,29.85004,29.28069,29.54628,29.54628
Ahnak,31.12712,29.79746,29.84056,29.84056
Pi4ka,25.47673,24.41254,24.06176,24.41254
ptplad1,28.81849,28.19873,27.9391,28.19873
Stxbp1,19.61421,,20.03912,19.826665
Dnm1,,,14.28345,14.28345
Ap2s1,29.58163,28.97169,28.6441,28.97169
Ehd3,25.93274,25.22486,25.15108,25.22486
Kif21a,25.91249,24.60518,25.03653,25.03653
Rpl9,30.63755,29.4735,29.47437,29.47437
Rpl4,31.98746,31.35126,31.36469,31.36469
Oat,32.23126,31.88205,31.50043,31.88205
Yars,29.97487,29.25739,29.59215,29.59215
Eps15l1,28.1036,27.03391,26.47195,27.03391
Rab1b,29.58447,29.12008,28.76661,29.12008
Suclg1,31.74979,30.36901,30.40983,30.40983
Pdcd6ip,29.73148,28.61943,28.09934,28.61943
Fkbp3,29.66228,29.50679,29.73266,29.66228
Iars,28.7024,28.14029,28.23713,28.23713
Nrxn1,23.5291,22.8885,22.93387,22.93387
Rplp0,32.4902,32.17638,31.74839,32.17638
Pip5k1c,25.39054,24.06948,23.43619,24.06948
Impa1,30.34329,29.5648,29.49854,29.5648
Pcbp1,31.78183,31.13547,30.83191,31.13547
Ppp1r9a,25.90564,25.2103,25.42278,25.42278
Palm,29.56912,28.74233,28.46591,28.74233
Ppfia3,24.36025,23.67638,23.6457,23.67638
Pdia4,32.00912,31.40111,31.61105,31.61105
Cdh13,25.82508,25.65976,25.10354,25.65976
Cltb,31.88169,30.66865,30.41961,30.66865
Tppp3,33.36228,32.67417,32.87948,32.87948
Nrxn3,20.54943,19.55523,19.74927,19.74927
Clasp2,27.43928,26.41456,26.57874,26.57874
Pip4k2b,27.65533,26.88623,26.74343,26.88623
Gad1,19.90464,19.24632,20.09042,19.90464
H1f0,33.62222,33.12028,33.03872,33.12028
Clip2,26.57744,25.24521,25.25922,25.25922
Epn1,28.86366,26.0041,26.51367,26.51367
Flot1,29.28908,28.61203,28.27489,28.61203
Scn2a1,20.746,20.14718,19.71783,20.14718
Akr1b1,31.35495,30.66306,30.31819,30.66306
Sirpa,27.9582,26.43234,26.35542,26.43234
Actr1a,29.52395,28.89035,28.70869,28.89035
Cplx2,27.30191,27.03612,27.2535,27.2535
Rgs6,24.92827,24.27711,23.99835,24.27711
Txnl1,31.18199,29.91285,30.19636,30.19636
Sh3glb1,29.1291,28.24717,28.15798,28.24717
Snrnp200,27.49205,26.69962,26.74227,26.74227
Dbnl,29.43141,28.72384,28.54311,28.72384
Mgll,24.34848,24.20135,23.03344,24.20135
Fkbp4,29.10762,28.43905,28.64979,28.64979
Negr1,26.75557,25.12088,24.7417,25.12088
Acadl,32.14938,31.05511,31.137,31.137
Gucy1b3,23.27611,19.63621,22.29681,22.29681
Unc13a,21.5966,20.61737,21.51773,21.51773
Slc6a11,25.20967,25.70044,25.1118,25.20967
Nceh1,29.00584,27.95388,26.50747,27.95388
Cdc42,30.16674,29.80621,29.41187,29.80621
Fam213a,29.56819,28.87267,28.53712,28.87267
Psmd13,29.36146,28.79501,28.9391,28.9391
Wdr37,26.1564,26.42514,25.3644,26.1564
Rpn2,29.74705,28.65,28.3616,28.65
Ahcy,31.22567,30.26383,30.07788,30.26383
Eif4h,31.40755,30.39948,30.65889,30.65889
Fabp5,32.40865,31.50507,31.39074,31.50507
Gprin1,20.06868,21.68127,22.10693,21.68127
Xpo1,28.00731,26.99151,26.76142,26.99151
Atp5d,30.84633,31.10368,30.24456,30.84633
Prkca,27.72715,26.89145,26.82177,26.89145
Ctsb,32.08001,31.71608,31.17284,31.71608
Alcam,26.49718,25.28662,24.85591,25.28662
Ube2o,26.12191,25.00672,25.04281,25.04281
Ca8,22.1219,23.26671,20.70649,22.1219
Camk2d,29.23843,28.68281,28.71093,28.71093
Huwe1,26.37978,25.35773,25.49296,25.49296
Rpl5,32.33215,31.67905,31.65134,31.67905
Glo1,32.96375,32.47107,32.67179,32.67179
Wasf1,24.96248,22.05464,21.47586,22.05464
Acaa2,31.50909,30.51653,30.43321,30.51653
Mtmr12,21.89589,20.48954,19.84811,20.48954
Prepl,26.51358,25.4646,25.43635,25.4646
Mtnd1,24.50779,25.49048,23.21925,24.50779
Vps29,30.13907,29.68055,29.51906,29.68055
Alb,30.68929,29.44979,30.1776,30.1776
Abr,24.97058,24.43212,24.49589,24.49589
Slc2a1,30.78324,30.29625,30.23797,30.29625
Cadm1,28.57431,27.80434,28.27582,28.27582
Adap1,22.75574,22.78628,23.35743,22.78628
Rad23b,30.62026,29.71869,29.61435,29.71869
Myh11,24.58423,24.46451,24.61026,24.58423
2015-09-02 00:00:00,31.22596,31.10124,31.36802,31.22596
Rasal1,23.75287,18.10298,22.11687,22.11687
Rpl15;Gm10020,30.68804,30.52636,30.47315,30.52636
Eif2s1,30.02657,29.61101,29.14231,29.61101
Psma3,30.78433,30.13247,30.08639,30.13247
Dpp10,21.19646,17.55697,20.56514,20.56514
Psma1,30.39417,30.37772,30.36359,30.37772
Prkce,24.0611,23.62478,23.53148,23.62478
Cyb5r3,33.3727,32.36221,32.52711,32.52711
Cpne6,21.13151,24.91388,25.02471,24.91388
Ppp1r7,28.7267,28.58459,28.5674,28.58459
Rap1gap,20.48562,20.21833,18.01721,20.21833
Cask,28.02675,26.71555,26.58334,26.71555
Prkar1a,28.65721,28.81048,28.58828,28.65721
Eif3b,29.42994,28.90415,28.77838,28.90415
Gna11,28.85703,26.97574,28.00769,28.00769
Atxn10,29.28593,28.5372,28.09874,28.5372
Mthfd1,30.45278,29.36177,29.38772,29.38772
Cryab,29.72491,29.96513,30.04856,29.96513
Sacm1l,28.69036,28.08993,27.67808,28.08993
Rap2a,26.90139,27.12751,27.68992,27.12751
Pa2g4,30.61947,29.76151,29.74644,29.76151
Nudc,30.53018,30.50588,29.76311,30.50588
Crip2,32.86664,31.58942,31.89526,31.89526
Acta2;Actg2,28.91721,28.14458,27.60809,28.14458
Lgi1,,,16.57824,16.57824
Arpc3,30.42472,28.96146,29.58685,29.58685
Thop1,29.47991,28.82016,28.71735,28.82016
Enpp6,,21.09623,24.42137,22.7588
Dbt,28.86585,28.36403,27.89006,28.36403
Thrap3,27.83786,27.59114,27.59562,27.59562
Itsn1,27.1601,26.2617,26.17102,26.2617
Arhgap1,28.68836,27.95455,27.56347,27.95455
Vps13c,25.40285,24.24264,24.05383,24.24264
Map2k4,27.09275,26.64733,25.7445,26.64733
Rpl7,31.35946,30.63729,30.99914,30.99914
Prpf8,26.88204,26.50291,26.32771,26.50291
Mtor,26.36916,25.40617,25.0164,25.40617
Cpe,29.2432,28.3827,28.31872,28.3827
Prmt1,29.71808,28.96502,29.05706,29.05706
Kcnab2,23.83731,24.26263,24.02741,24.02741
Erc2,20.87418,22.34226,23.75776,22.34226
H2afy,31.45052,30.58432,30.64229,30.64229
Dlg3,24.24009,22.44248,23.64262,23.64262
Cntnap2,26.38783,,26.6238,26.505815
Rps2;Gm5786;Gm18025;Gm6576;Gm8225,30.99125,30.3869,30.77761,30.77761
Pin1,28.37339,27.97531,28.5606,28.37339
Gpm6b,29.37181,26.53424,27.70741,27.70741
Fabp3,25.07235,23.31174,24.85932,24.85932
Ubr4,26.30769,25.65627,25.59126,25.65627
Igsf5;Pcp4,17.76675,23.0119,21.10885,21.10885
Gnaz,23.37279,22.35864,22.18338,22.35864
Banf1,29.0477,29.58855,28.96961,29.0477
Arhgef7,27.33168,26.38397,26.55117,26.55117
Psmb5,30.35941,29.87424,30.1517,30.1517
Adssl1,25.85343,26.03519,26.36247,26.03519
Myo6,29.79411,28.98972,29.01231,29.01231
Coro2b,28.17102,27.6582,27.28613,27.6582
Vcan,20.97036,19.88239,20.51518,20.51518
Hsd17b4,29.78186,28.94802,28.8771,28.94802
Rps9,31.48294,31.14029,31.15195,31.15195
Kif1a,26.0572,25.799,25.43406,25.799
Atic,30.21315,29.5995,29.49312,29.5995
Uggt1,28.74301,27.53475,27.7557,27.7557
Pls3,29.0202,28.4663,28.88858,28.88858
Ncan,23.33183,20.72184,22.06187,22.06187
Plcb4,23.20267,22.1305,22.55941,22.55941
Aifm1,30.46266,29.73631,29.48047,29.73631
Inpp5a,26.21708,25.05296,25.06126,25.06126
Aco1,28.3736,27.59278,27.45223,27.59278
Fbxo2,31.35804,29.91257,29.00129,29.91257
Tpt1,32.1636,31.71067,31.78881,31.78881
2015-09-09 00:00:00,30.21373,28.97005,28.3145,28.97005
Agk,29.15769,27.56551,26.84793,27.56551
Rap1b,31.22113,30.27042,30.42582,30.42582
Myef2,29.06232,28.60233,28.42798,28.60233
Sfxn5,32.65263,31.19143,30.77502,31.19143
Asah1,28.7774,28.57062,28.23918,28.57062
Adh5,31.40451,30.52337,30.82107,30.82107
Sec22b,29.53897,28.98256,29.06741,29.06741
Pfn2,31.63366,30.9899,31.06888,31.06888
Nudt3,28.6121,28.4338,28.26419,28.4338
Madd,28.16361,23.41183,20.09867,23.41183
Usp14,29.68166,28.98237,29.54241,29.54241
Qil1,29.1046,27.86909,27.79135,27.86909
Srgap3,27.07531,27.13301,27.02823,27.07531
Ppp2r4,28.38603,27.71705,27.66601,27.71705
Shank2,21.83248,20.43817,20.42931,20.43817
Rps12,31.57348,31.12712,31.26757,31.26757
Hadh,30.3116,29.66809,29.26074,29.66809
Ssb,29.27728,28.86514,28.68776,28.86514
Nt5c,29.1053,29.22965,29.29035,29.22965
Ndufa5,22.40582,25.10089,23.69211,23.69211
Ptprd,23.61829,24.06439,23.69859,23.69859
Anxa2,33.32804,32.71284,32.56245,32.71284
Tardbp,30.62497,30.36369,29.83736,30.36369
Pcyox1,28.77175,28.51077,28.22251,28.51077
Rapgef2,25.73438,24.54091,24.45544,24.54091
Ppp1r9b,28.03706,27.23635,27.23032,27.23635
Ilf3,29.19934,28.10724,28.23695,28.23695
Agl,24.95318,23.81216,23.8919,23.8919
Snap47,27.8811,26.35488,26.46259,26.46259
Paics,30.94712,29.97583,29.90326,29.97583
2310035C23Rik;Kiaa1468,25.85652,24.90715,24.71639,24.90715
Plxna4,27.29193,25.4872,23.64262,25.4872
Hmox2,27.57174,26.0942,26.29376,26.29376
Nnt,30.37658,29.11349,29.16461,29.16461
Srsf1,30.42522,29.57544,29.83862,29.83862
Kalrn,22.20296,24.98089,26.45438,24.98089
Rab3d,23.76587,23.05378,23.74345,23.74345
Ak3,32.29734,31.26852,31.27603,31.27603
Gapdh,,,23.64339,23.64339
Hdhd2,28.61495,28.69425,28.51141,28.61495
Sf3b2,28.43353,27.73402,26.85186,27.73402
Rpl3,30.73763,30.53111,30.64349,30.64349
Rap2b,27.23306,26.1911,26.75748,26.75748
Rufy3,26.57394,25.30135,25.03187,25.30135
Rdx,30.64916,29.80088,29.71168,29.80088
Gdap1,22.72242,,20.28365,21.503035
Arl8a,30.58477,29.22738,29.78218,29.78218
Ndufb8,29.40771,27.86059,28.52492,28.52492
Myo1d,25.42605,23.6289,23.52564,23.6289
Sugt1,29.32882,28.40908,28.70151,28.70151
Ddx6,29.19683,28.75152,28.76344,28.76344
Hspa2,31.02075,30.09773,30.1294,30.1294
Lcp1,29.86009,29.16272,28.83099,29.16272
Por,28.82095,28.39174,28.12642,28.39174
Slc12a2,27.48899,26.24773,26.16561,26.24773
Igsf8,27.39534,26.41939,26.9038,26.9038
Gm10704,29.51571,28.84014,28.42406,28.84014
Tjp1,28.9424,28.2385,27.96873,28.2385
Fus,29.85116,29.67864,29.4545,29.67864
Cep170,25.88096,25.18151,25.33173,25.33173
Clip1,25.89897,25.18003,25.04543,25.18003
Capza1,31.02756,30.37005,30.17129,30.37005
Prkcb,23.09539,21.17432,22.2255,22.2255
Hbbt1;Hbb-bs,24.80154,22.7938,23.48062,23.48062
Rplp1,32.03613,30.61798,30.32292,30.61798
Eif3m,28.88777,28.97886,28.73108,28.88777
Cttn,30.29198,29.83483,29.77091,29.83483
Cd81,30.11756,29.15057,29.29007,29.29007
Gps1,28.28423,27.77511,27.25043,27.77511
Atp8a1,24.2387,22.90615,23.74109,23.74109
Dnaja1,28.62478,28.51126,28.30221,28.51126
Exoc4,26.85804,25.22468,25.80213,25.80213
Cdh2,29.66368,29.20779,28.8695,29.20779
Twf2,27.35018,26.90529,26.56161,26.90529
Dcps,29.28191,28.88948,28.68124,28.88948
Dnajc5,29.09275,28.17293,28.4367,28.4367
Ndufs8,28.52705,27.60992,27.79148,27.79148
Hdlbp,28.95444,28.29342,28.16706,28.29342
Tagln,32.8801,32.33178,32.37873,32.37873
Palm2Akap2;Akap2,28.06641,27.78182,28.01595,28.01595
Ak4,27.46482,26.64169,26.10342,26.64169
Plcxd3,20.97897,20.43002,,20.704495
Slk,26.89828,25.75682,25.96179,25.96179
Pex5l,18.55063,19.77843,23.16665,19.77843
Copb2,29.4349,28.84909,28.93514,28.93514
Chchd3,30.64684,29.65896,29.71147,29.71147
Cops4,29.4833,28.79244,28.72874,28.79244
Slc4a10,22.51754,21.13865,21.34657,21.34657
Atad3,28.30339,27.35018,27.29448,27.35018
Mapk10,27.18792,26.13344,26.08645,26.13344
Flot2,29.33788,27.60159,27.85668,27.85668
Ctnnd2,26.42669,25.79699,25.31188,25.79699
Ppa2,29.60111,27.81684,27.83219,27.83219
Kctd12,28.80357,28.47166,28.54315,28.54315
Sf3b1,27.29,26.55058,26.90334,26.90334
Lancl2,27.45042,26.71908,26.62798,26.71908
Mtx2,31.09182,30.49181,30.61903,30.61903
Ppm1h,24.66557,21.58985,20.93409,21.58985
Ddx17,29.11165,28.36269,28.1209,28.36269
Rab35,29.37499,28.54694,28.89796,28.89796
Gna13,29.73689,28.99135,28.89689,28.99135
Khsrp,29.50537,29.11642,29.02284,29.11642
Nt5dc3,24.40931,24.20389,24.74643,24.40931
Cul3,27.80076,26.86962,26.80021,26.86962
Mpst,31.54931,30.39581,30.38628,30.39581
Elavl4,23.50724,24.69663,24.51743,24.51743
Tsn,30.27642,29.59683,29.26412,29.59683
Csde1,28.09753,27.45701,27.99782,27.99782
Tbcb,29.29391,28.4549,28.74791,28.74791
Calu,31.10787,31.02188,30.89338,31.02188
Rpl18,32.55878,32.29773,32.16782,32.29773
Lars,28.95149,28.2185,28.55443,28.55443
Hapln1,19.55867,18.41547,,18.98707
Osbp,27.45285,26.9457,26.84805,26.9457
Timm44,28.98756,28.43309,28.26132,28.43309
Esd,31.64091,30.85816,31.26092,31.26092
Scamp5,26.24481,24.72401,24.91748,24.91748
Pdgfrb,28.67828,26.77518,26.35812,26.77518
Psmd12,30.02102,29.12682,29.142,29.142
Bpnt1,28.80483,27.73982,28.06958,28.06958
Tollip,29.82857,29.81548,29.39648,29.81548
Caskin1,25.33473,21.3517,22.08729,22.08729
Capn2,30.23501,30.19343,29.3083,30.19343
Hspa1a,29.12729,28.07148,28.22301,28.22301
Epb4.1l1,25.66584,24.35991,24.328,24.35991
Arhgef2,27.57138,26.90334,26.70332,26.90334
Tceal5,27.85852,27.74227,27.81323,27.81323
Uqcr10,27.8044,26.60498,26.28253,26.60498
Strn,27.04656,26.39357,26.28389,26.39357
Serbp1,30.10637,29.50675,29.53477,29.53477
Map4,26.72663,25.87371,25.28122,25.87371
Lrpap1,30.15158,29.30761,29.54307,29.54307
Camk4,22.00997,20.6145,21.57469,21.57469
Sorbs2,30.91727,30.03381,30.15013,30.15013
Ndufs6,30.45032,29.69714,29.74609,29.74609
Ptbp2,23.93265,22.23637,23.2061,23.2061
Ndufb6,24.65218,21.98284,22.70586,22.70586
Farsb,28.6977,28.22435,28.19244,28.22435
Cdk5,28.78731,27.15393,27.53334,27.53334
Mgea5,26.12064,25.6181,24.91406,25.6181
Vps26b,27.9462,28.08198,27.81733,27.9462
Srgap2,27.15808,26.33935,26.24516,26.33935
Snx2,30.16231,29.04648,29.02343,29.04648
Anks1b,19.77894,21.47219,20.26304,20.26304
Gm20425,28.60738,27.4342,28.41183,28.41183
Cdc37,29.5767,28.91199,29.03352,29.03352
Purb,31.0361,30.10737,30.56611,30.56611
Rac1,32.42417,31.47078,31.73574,31.73574
Sbf1,25.02542,24.0258,24.04076,24.04076
Top2b,27.30617,26.35988,26.1911,26.35988
Cops5,28.39542,27.72579,27.83569,27.83569
Dynlrb1,29.86651,29.50127,30.12436,29.86651
Setd7,27.52492,26.93731,26.65622,26.93731
Necap1,27.62492,26.09334,26.55495,26.55495
Hrsp12,31.73497,30.70182,30.96037,30.96037
Trnt1,28.44853,28.23553,28.00699,28.23553
Ndrg1,31.20676,30.47334,30.50644,30.50644
Mecp2,29.52955,28.63772,28.61625,28.63772
Psmc1,29.57358,28.7253,28.93329,28.93329
Cyb5a,31.48697,30.62087,30.2021,30.62087
Rars,29.53382,28.4058,28.53022,28.53022
Rab3c,,21.61831,22.36268,21.990495
Ezr,31.46002,30.67169,30.5921,30.67169
Ugp2,30.81138,29.66609,29.54839,29.66609
Acot9,27.80464,26.91559,26.71646,26.91559
Tst,30.99873,30.2028,29.92068,30.2028
Rpl7a,32.2278,31.66687,31.53654,31.66687
Acaca,26.96829,26.17068,26.20816,26.20816
Cacna2d2,17.38844,20.59714,19.7778,19.7778
Gpd1l,28.13809,26.83062,27.2062,27.2062
Epm2aip1,26.28722,25.64417,25.12589,25.64417
Dynll1,31.96231,31.0509,31.01976,31.0509
Pacs1,25.08926,25.02711,24.64818,25.02711
Ppp3cb,26.69232,25.10013,25.58494,25.58494
Gnb5,25.9268,24.97579,25.40659,25.40659
Ndufs5,28.76579,28.74307,28.23224,28.74307
Ctnnd1,29.57953,28.56982,28.59541,28.59541
Adprh,29.02054,27.54304,27.66696,27.66696
Ubqln2,29.60171,29.27748,29.10976,29.27748
Ptk2b,22.84946,22.33047,21.14389,22.33047
Ntm,25.81534,24.31396,23.72567,24.31396
Htt,24.74186,23.76678,23.58279,23.76678
Ndufa6,29.20639,27.61091,27.59662,27.61091
Atcay,21.92169,20.4804,20.94156,20.94156
Upf1,28.25318,27.76465,27.73195,27.76465
Farp1,28.63844,27.15808,26.16682,27.15808
Lrrc7,23.09565,21.95326,20.46732,21.95326
Pdhx,28.62017,27.40235,27.14433,27.40235
Rbm25,27.4275,26.7348,26.96124,26.96124
Pck2,29.77115,29.06976,29.14897,29.14897
Farsa,28.86204,27.98462,28.23114,28.23114
Ilf2,30.18848,29.41117,29.44522,29.44522
Nipsnap3b,28.91368,27.70108,27.65438,27.70108
Hnrnpab,29.82666,29.97719,30.37441,29.97719
Kctd16,23.10981,24.43167,22.4537,23.10981
Aspa,22.3162,23.08429,24.48634,23.08429
Adk,29.86366,29.03889,29.19065,29.19065
Picalm,29.45586,27.90357,27.64856,27.90357
Slc17a6,,,18.03467,18.03467
Me3,26.25162,24.30904,24.01248,24.30904
Btf3l4,29.91128,29.22242,29.67618,29.67618
Sec31a,29.32221,28.3498,27.97285,28.3498
Aldh1b1,26.83617,25.94011,26.02576,26.02576
Clasp1,26.65116,25.46855,25.19193,25.46855
Erp29,30.12608,28.89282,29.51882,29.51882
Clu,29.86473,28.75481,28.97831,28.97831
Itpka,24.93876,23.93022,23.49972,23.93022
Pspc1,28.94431,27.49404,27.80864,27.80864
Acad9,29.43744,28.47146,28.35485,28.47146
Adam22,21.71565,20.88502,21.14246,21.14246
Tars,28.46513,27.79767,28.20457,28.20457
Slc6a17,19.26945,18.79867,15.7079,18.79867
App,26.62561,26.1949,26.39267,26.39267
Dync1i1,,,18.43799,18.43799
Bphl,29.62591,29.55605,29.3043,29.55605
Maob,27.9536,27.01755,27.54797,27.54797
Rala,30.42502,29.88107,29.84975,29.88107
Nae1,28.87194,28.33714,27.84176,28.33714
Kiaa1045,,,18.48625,18.48625
Anxa3,32.79668,32.17958,32.43832,32.43832
Lamb2,28.82932,28.19901,28.28591,28.28591
Vars,28.81675,28.31959,28.51337,28.51337
Iqsec1,26.00267,25.40895,24.89264,25.40895
Syn3,21.15388,21.5107,21.16466,21.16466
Ppib,31.85723,31.75673,31.86567,31.85723
Stam,28.83056,27.80403,27.79247,27.80403
Eea1,28.27764,27.27666,27.28736,27.28736
Gja1,30.1757,28.63409,28.77439,28.77439
Carkd,30.94872,29.19373,29.43323,29.43323
Wdr47,26.43706,24.72993,24.79213,24.79213
Cnksr2,21.27895,21.61571,21.44683,21.44683
Syt7,22.55185,22.24264,22.56876,22.55185
Ptpn11,28.85724,27.9153,28.2783,28.2783
Opcml,25.2454,20.29109,21.23806,21.23806
Fdps,28.68789,27.31752,27.30748,27.31752
Ipo7,28.53323,27.63222,27.65908,27.65908
Arfgef1,24.49631,23.20464,21.90228,23.20464
Gripap1,25.95312,25.05453,24.88855,25.05453
Inpp4a,25.03687,23.40821,23.78746,23.78746
Hnrnpll,28.4617,28.20158,28.04687,28.20158
Dynll2,30.85266,29.00745,29.0364,29.0364
,30.49686,29.26613,29.60102,29.60102
Ykt6,29.01887,28.22839,27.93764,28.22839
Rbbp7,29.48481,28.97607,28.48362,28.97607
Mat2a,29.01563,28.58011,28.39799,28.58011
Ngef,24.47785,22.98169,23.43224,23.43224
Grin2b,19.00659,18.1326,16.09028,18.1326
Gria3,21.11712,21.17554,20.27367,21.11712
Arhgap35,26.28078,25.40266,25.60442,25.60442
Ppp2r5d,28.90707,27.89585,27.87561,27.89585
Dync1li2,29.19997,27.74368,27.93117,27.93117
Rgs7,21.87091,20.31893,20.59067,20.59067
Tnc,26.40119,26.28099,26.30805,26.30805
Hexb,29.66528,28.70827,28.68889,28.70827
Ktn1,28.75459,27.99189,27.8832,27.99189
Hibch,29.63865,28.6541,28.75691,28.75691
Dock9,25.57695,21.61374,22.05719,22.05719
Dpp3,29.27686,28.51179,28.34566,28.51179
Cldn11,19.41908,,17.92706,18.67307
Vps13a,23.83074,21.9624,22.01468,22.01468
Ranbp1,30.97028,30.34889,30.40862,30.40862
U2af2,30.10737,29.14569,29.06497,29.14569
Nomo1,27.48416,26.56494,26.55239,26.56494
Dlgap3,18.65899,19.4287,17.82308,18.65899
Stxbp5l,,14.35673,,14.35673
Rnpep,28.5896,27.79835,27.6973,27.79835
Lphn1,17.74189,19.9309,17.77815,17.77815
Cit,19.03901,21.21934,17.42996,19.03901
Kars,29.39248,28.88704,28.87426,28.88704
Srsf3;Gm12355,30.2294,29.77008,29.87668,29.87668
Sgta,29.37092,28.92332,28.52058,28.92332
Abi1,28.50941,27.51946,27.19648,27.51946
Hagh,28.38685,27.42438,27.377,27.42438
Tceb2,30.86541,30.13638,30.51418,30.51418
Ndufb11,28.77718,28.87569,28.15359,28.77718
Pnp,31.17819,30.6353,30.14771,30.6353
Prkcsh,29.74399,29.86038,29.46061,29.74399
Alyref,29.80369,29.61372,29.33705,29.61372
Omg,19.62151,18.13691,,18.87921
Mapk3,29.53588,29.21359,28.96353,29.21359
Psma2,30.54398,29.78383,29.74849,29.78383
Abhd12,27.62631,27.17465,27.33441,27.33441
Aldh18a1,29.95602,29.35126,29.35582,29.35582
Spr,31.11966,29.9221,30.00249,30.00249
Sec14l2,25.52277,24.78566,23.78287,24.78566
Slc9a3r1,30.76034,30.4352,30.2042,30.4352
Gmfb,31.27792,29.92337,30.02538,30.02538
Blvra,28.46135,27.78644,27.98609,27.98609
Ndufb9,29.47802,28.09813,28.29824,28.29824
Gsk3b,27.8749,26.82627,26.89169,26.89169
Src,28.43297,27.45073,27.48339,27.48339
Sfxn1,30.63071,28.97473,29.42101,29.42101
Glrx3,29.30391,28.53475,28.45352,28.53475
Rps4x;Gm15013,30.53306,30.36171,30.54453,30.53306
Dhx15,28.68462,27.755,28.2799,28.2799
Sfn,26.31247,28.80815,28.80169,28.80169
Adsl,28.95102,28.5717,28.14967,28.5717
Twf1,30.32999,29.73994,29.5864,29.73994
Psmb7,29.73767,29.27222,29.19223,29.27222
Ubxn6,26.3364,26.37948,25.7444,26.3364
Maoa,31.12164,30.26416,30.20443,30.26416
Rps15a,30.97658,29.66986,30.05969,30.05969
Mpp3,22.02442,16.45023,15.78673,16.45023
Asna1,29.49129,28.72965,28.32376,28.72965
Rps13,30.47441,30.03617,30.20093,30.20093
Rabgap1,27.20853,26.34303,26.28808,26.34303
Apoo,29.37406,28.13153,28.04568,28.13153
Slc8a1,25.76984,24.72385,23.35111,24.72385
Tpr,28.239,27.45709,27.23945,27.45709
Asns,29.83402,29.28971,29.38049,29.38049
Dgkb,,21.05258,20.69217,20.872375
Apoa1bp,30.93178,29.88212,29.81668,29.88212
Acsl1,25.70696,24.24598,24.22044,24.24598
Ass1;Gm5424,30.6548,30.01505,29.7524,30.01505
Puf60,29.38675,28.70293,28.57311,28.70293
Copb1,29.32929,28.65595,28.43944,28.65595
Hars,28.96315,28.40933,28.16878,28.40933
Rpl10a,31.14151,31.26075,31.50228,31.26075
Atp2b4,28.96008,28.08502,28.18735,28.18735
Slc32a1,19.31926,19.05949,18.99549,19.05949
Appl1,28.36586,27.31691,27.54407,27.54407
Ivd,30.68762,29.73399,29.6571,29.73399
Atpif1,31.96237,30.78885,31.65288,31.65288
Cops3,29.5146,28.13868,28.64351,28.64351
Snx5,29.47603,28.72657,28.56151,28.72657
Pak2,30.34213,29.42726,29.38811,29.42726
Etfb,31.97182,31.37591,31.31942,31.37591
Rbmxl1,29.6974,29.29833,29.39697,29.39697
Eif5,29.5476,29.10072,29.15335,29.15335
Lphn3,23.90095,22.70788,21.81706,22.70788
Suclg2,31.50247,30.12522,29.87373,30.12522
Tom1l2,28.70639,27.60513,27.43579,27.60513
Nos1,20.85072,20.64394,19.06334,20.64394
Rps10,30.3053,29.46026,29.38208,29.46026
Ephx1,31.65203,31.16159,31.45003,31.45003
Nampt,28.82505,28.06666,28.1613,28.1613
Ide,28.45588,28.27502,27.86077,28.27502
Ntrk2,27.63596,25.12975,25.46451,25.46451
Chordc1,28.98926,28.7051,28.41885,28.7051
Nisch,26.65253,25.76002,26.04708,26.04708
Dmtn,21.83229,22.04484,23.3806,22.04484
Rpl23,31.95414,30.91876,30.73036,30.91876
Akr7a2,29.92719,29.12544,28.75165,29.12544
Rps6ka1,26.42395,25.85826,25.38893,25.85826
Eif4b,28.48723,27.96912,28.05253,28.05253
Pcdh1,25.95757,24.88278,24.46033,24.88278
Ndrg3,27.45701,27.20853,26.27961,27.20853
Atp6v1f,28.44118,28.08126,28.6487,28.44118
Srrt,27.43388,26.52885,26.13167,26.52885
Soga3,26.68298,24.53041,24.05242,24.53041
Git1,27.29535,26.5047,26.27106,26.5047
Nrbp1,25.95214,25.2966,25.03196,25.2966
Hnrnpdl,29.17226,28.37036,28.4184,28.4184
Elavl1,30.63045,29.70222,29.97473,29.97473
Sipa1l1,24.40691,25.44221,25.42294,25.42294
Psma4,29.90727,28.96747,29.47504,29.47504
Rpl31,30.8087,30.78379,30.69768,30.78379
Prex1,26.59164,25.58121,25.51662,25.58121
Camkk2,24.17425,24.80282,22.47083,24.17425
Cul5,27.38862,26.69232,26.28588,26.69232
Hspg2,28.31475,27.51073,27.73266,27.73266
Rps7;Gm9493,29.82501,29.71019,29.84194,29.82501
Fuk,24.63218,24.79099,24.67525,24.67525
Syt1,,,,
Hba-a2;Hba,26.23147,25.57248,27.27533,26.23147
Rims1,20.8187,21.17536,21.39984,21.17536
Sub1,30.6055,30.60964,30.55417,30.6055
Auh,27.67445,27.45458,27.26607,27.45458
Gk,27.36945,25.8168,26.28947,26.28947
Ap1m1,28.04119,27.43706,28.06661,28.04119
Gcn1l1,27.6441,26.34949,26.20098,26.34949
Psmb3,30.11582,29.72226,29.84395,29.84395
Ranbp2,26.94044,26.14973,26.11273,26.14973
Pdzrn3,23.86929,24.40035,24.99895,24.40035
Pde1b,26.29406,25.73117,25.25868,25.73117
Chl1,26.06591,24.41022,23.9167,24.41022
Grm3,19.2908,19.7009,18.34772,19.2908
S100a1,30.57921,29.52574,28.21169,29.52574
Prkaca,25.01431,23.74201,23.73862,23.74201
Gart,27.39844,27.04469,26.80686,27.04469
Gsr,29.68535,29.4017,29.81328,29.68535
Grin1,25.34126,16.41067,16.51471,16.51471
Rnh1,31.47933,30.41579,30.55783,30.55783
Serpinb1a,27.76021,26.31346,26.3577,26.3577
Ndufb4,30.29033,29.05098,29.26533,29.26533
Gm15800,23.06345,21.96782,22.20344,22.20344
Scai,23.5798,22.33889,22.16769,22.33889
Pgp,27.49106,27.02602,27.06846,27.06846
Csrp1,31.88787,31.231,31.25056,31.25056
Mpi,27.87935,27.07714,26.67842,27.07714
Eif3c,29.11503,28.25219,28.57856,28.57856
Pccb,30.68068,29.44172,29.32935,29.44172
Cep170b,23.17729,21.8532,20.946,21.8532
Ablim2,24.87643,23.95011,23.40782,23.95011
Nln,30.05647,29.08111,29.004,29.08111
Iqgap1,29.83947,28.86682,28.82584,28.86682
Uso1,29.29553,28.45254,28.62041,28.62041
Elmo1,26.08495,24.63705,23.94958,24.63705
Etf1,29.51102,28.75207,28.86112,28.86112
Ndufa2,28.57413,27.72748,26.83605,27.72748
Sh3gl1,28.43555,27.13819,27.44198,27.44198
Arcn1,29.95185,29.1323,29.49081,29.49081
Ptprs,24.55497,23.47284,23.24376,23.47284
Copg1,28.90285,28.07245,27.89452,28.07245
Acyp1,29.31447,29.43289,28.75363,29.31447
Rabep1,26.08827,25.17158,24.46862,25.17158
Coro7,28.00443,27.07561,26.89169,27.07561
Erc1,26.82335,26.01214,25.79015,26.01214
Nudt21,28.61108,27.40738,27.17617,27.40738
Trap1,29.83957,28.80996,28.9249,28.9249
Lamc1,29.02012,28.14856,28.10019,28.14856
Nf1,25.3056,24.79377,24.30257,24.79377
Pdcd6,28.83222,28.86962,29.01366,28.86962
Ncs1,26.98055,26.85531,26.49103,26.85531
Rpl12,31.75103,30.82525,31.11229,31.11229
Alg2,28.1207,28.05853,27.88034,28.05853
Pitpnm2,25.15337,23.71062,23.43987,23.71062
Rps16,31.81723,31.24445,31.51112,31.51112
Hgs,28.91892,28.45494,28.12785,28.45494
Gbas,29.82595,29.14596,28.71715,29.14596
Actr3b,24.47482,21.20108,22.27233,22.27233
Pitrm1,28.74063,28.14798,28.03617,28.14798
Abi2,26.60781,25.70549,25.2887,25.70549
Rcn2,29.62744,29.75553,29.43466,29.62744
Kcna1,,18.5816,,18.5816
Them4,26.63312,25.92567,26.19235,26.19235
Adrbk1,24.91925,24.70815,23.97928,24.70815
Hcn2,17.33778,15.04521,18.09862,17.33778
Naca,27.62527,27.21382,26.96543,27.21382
Erh,31.47208,29.52873,30.40172,30.40172
Tbca,28.26946,29.37743,29.33006,29.33006
Rogdi,24.59514,23.80509,21.92031,23.80509
Srm,29.52908,28.23968,28.71283,28.71283
Apex1,28.78182,28.44304,28.41337,28.44304
Ppp6r3,26.34802,25.53561,24.16077,25.53561
Prnp,27.12327,26.3334,26.60244,26.60244
Srr,29.67494,28.44209,27.99453,28.44209
Ablim1,25.75445,25.18518,24.89176,25.18518
Ndufb5,28.45006,28.00008,27.35313,28.00008
Ptges2,26.29144,25.4024,25.38215,25.4024
Grhpr,30.32732,29.33501,29.57098,29.57098
Homer3,25.76587,24.21786,25.40912,25.40912
Tmx3,27.38566,26.8071,26.65198,26.8071
Numa1,27.97804,26.80501,26.70622,26.80501
Grpel1,29.1776,29.34953,28.88017,29.1776
Etfdh,29.68844,29.20189,28.66139,29.20189
Rps18;Gm10260,31.00578,30.73723,30.81993,30.81993
Smarcc2,27.61835,27.00432,26.71253,27.00432
Grid2,22.86554,23.7265,23.71303,23.71303
Psmb2,29.89276,28.49789,29.38028,29.38028
Bsg,31.11688,29.89313,30.3416,30.3416
Psmb4,30.13333,29.12448,29.67406,29.67406
Grin2a,19.82356,26.24766,19.61162,19.82356
H2afy2,29.85463,28.98074,29.36557,29.36557
Mars,28.78734,27.94576,27.99916,27.99916
Nans,29.61034,28.90119,28.81259,28.90119
Nedd4,28.6465,27.67681,27.33194,27.67681
Acss1,29.19929,27.7481,27.80347,27.80347
Anxa7,30.28306,29.38644,29.25235,29.38644
Pnpo,25.79171,25.66324,25.2143,25.66324
Txnrd1,29.58269,29.46919,29.69634,29.58269
Fis1,29.06905,28.84458,28.2662,28.84458
Sparcl1,24.93751,22.66084,22.71385,22.71385
Dnpep,29.84319,28.70659,28.88731,28.88731
Srsf7,29.09718,28.96268,29.10415,29.09718
Mprip,28.93904,27.96884,27.91701,27.96884
Rps19,31.41115,30.58629,31.29953,31.29953
Osbpl8,25.79885,24.54846,24.14274,24.54846
Prune,26.72286,25.94532,26.55625,26.55625
Serpinb6;Serpinb6a,30.56484,29.92366,29.50013,29.92366
Snx4,27.18971,26.22839,25.94621,26.22839
Acsf2,30.83522,29.97692,30.11954,30.11954
Timm10,27.90064,26.60513,26.04885,26.60513
Slc39a10,25.07908,24.78756,23.96482,24.78756
Mthfd1l,27.93764,27.23261,26.77342,27.23261
Phactr1,,22.83113,22.32089,22.57601
Stk39,26.78419,26.0209,25.3888,26.0209
Rps14,33.04378,32.62638,32.77961,32.77961
Capn5,22.49746,22.57318,22.58263,22.57318
Flnb,31.88264,31.12577,31.18542,31.18542
Abcd3,28.4698,27.42646,27.57239,27.57239
Aimp1,29.36699,29.06989,29.10627,29.10627
Fth1,30.21605,29.83394,30.38391,30.21605
Bcas1,24.3073,23.32732,22.95662,23.32732
Ipo9,27.58556,26.17621,26.56551,26.56551
Hibadh,31.34313,30.21709,29.95588,30.21709
Arfgef3,23.94976,22.15765,21.44056,22.15765
Uqcrh,25.0592,24.42758,24.88236,24.88236
Ppp1r1b,,21.42496,,21.42496
Gm20441,29.54576,28.83171,29.02865,29.02865
Asap1,25.86995,24.46289,25.14841,25.14841
Uba2,28.54757,27.75302,27.2507,27.75302
Clic4,31.11253,30.87628,30.64659,30.87628
Cyfip1,27.778,26.75341,26.8276,26.8276
Slc44a1,24.24837,24.44784,23.84134,24.24837
Eps15,28.56031,26.99873,26.72637,26.99873
Gsto1,29.44721,29.54773,30.17807,29.54773
Bcat1,27.51247,26.65826,27.05041,27.05041
Nap1l4,29.70283,28.96821,28.80474,28.96821
Dclk2,24.53309,23.90976,24.4186,24.4186
Map1lc3b,29.14919,29.48297,28.9488,29.14919
Ruvbl1,30.97774,30.28549,30.44451,30.44451
Rbm8a,30.53705,29.50751,28.82475,29.50751
Eif4g3,26.22439,25.64094,25.19122,25.64094
Cacna2d3,18.84827,20.585,17.33865,18.84827
Tfrc,27.27115,26.75863,27.40056,27.27115
Kbtbd11,26.65704,25.34584,25.57888,25.57888
Prdx4,30.73158,30.11818,30.42812,30.42812
Sh3bgrl,31.58508,30.89497,30.94412,30.94412
Vps45,26.81311,25.77849,25.79568,25.79568
Prpsap2,28.61576,27.73053,27.49457,27.73053
Ptges3,31.32077,30.9414,30.82957,30.9414
Camk2g,28.09456,27.09557,26.98207,27.09557
Rhoa,31.54269,31.20239,30.8455,31.20239
Trove2,27.04978,26.56773,25.94204,26.56773
Nedd4l,25.99226,25.48864,25.87685,25.87685
Rbbp4,29.66885,28.62136,28.58796,28.62136
Ube3a,26.9982,26.52803,26.63256,26.63256
Lgalsl,26.80181,26.69299,26.22068,26.69299
Ppp2r5e,27.76319,26.71175,27.18244,27.18244
Sorbs1,30.01319,28.94285,28.94266,28.94285
Exoc2,26.36806,26.42944,25.80568,26.36806
Arhgap44,23.98624,24.94811,24.84498,24.84498
Cadps2,21.89767,19.10881,20.38806,20.38806
Mcu,28.48616,27.68706,27.09989,27.68706
Ccdc132,25.63006,25.05283,24.732,25.05283
Scg2,22.37079,21.42122,22.50686,22.37079
Scrn3,25.30675,24.33197,25.05117,25.05117
Cdc42bpb,26.82469,25.94414,25.76385,25.94414
Hdgfrp2,26.37523,25.90502,25.93416,25.93416
Rps6,32.2234,31.39555,31.70726,31.70726
Cars,28.80187,27.78232,28.11476,28.11476
Bclaf1,27.7911,26.81213,26.55254,26.81213
Hmgcs1,28.14885,27.78088,26.92954,27.78088
Crk,30.11135,29.51831,29.43006,29.51831
Safb,28.7637,27.90581,27.71771,27.90581
Ddost,28.72819,28.66024,28.29193,28.66024
Arhgap5,27.62881,26.78519,26.50281,26.78519
Ap3m2,26.65554,25.80887,25.66969,25.80887
Lin7a,28.6797,28.80852,28.55863,28.6797
Capns1,31.42742,30.43221,30.22642,30.43221
Exoc1,25.99343,25.15248,25.02728,25.15248
Tpd52l2,29.75522,28.95338,28.84986,28.95338
Gabbr1,23.48345,25.92918,22.03486,23.48345
Cul2,26.47723,26.17133,25.5354,26.17133
Kif2a,26.39898,26.04197,26.42337,26.39898
Olfm1,20.34895,,19.00405,19.6765
Chchd6,29.03315,28.87282,28.80894,28.87282
Rab5a,29.41971,28.2911,28.69508,28.69508
Lmnb2,28.78054,28.45509,28.243,28.45509
Dbi,34.51606,33.3391,33.30226,33.3391
Eif3f,29.93649,28.51213,28.61372,28.61372
Hint2,29.33926,29.22023,29.11724,29.22023
Ppfia2,23.636,22.70864,21.28337,22.70864
Fsd1,25.86913,25.28824,24.82464,25.28824
mt-Co1;Mtco1,26.26591,27.01201,25.16242,26.26591
Ttc7b,24.31804,23.05404,22.4439,23.05404
Ensa,28.71033,27.65526,27.77725,27.77725
Scp2,29.24534,28.18196,28.50476,28.50476
Rasgrf2,16.99015,18.12495,17.68695,17.68695
Pip4k2c,26.89435,26.6088,26.36808,26.6088
Nras,29.00241,28.1907,28.44221,28.44221
Hnrnpf,31.23426,30.94168,30.88983,30.94168
Mccc1,29.61889,28.48501,28.38212,28.48501
Rpl13,32.08287,30.92931,31.08163,31.08163
Acot13,29.84975,28.97943,29.41393,29.41393
Cenpv,29.80067,29.31542,29.31922,29.31922
Pde1a,26.36646,24.93612,25.19719,25.19719
Hsd17b12,29.53692,29.06381,29.29373,29.29373
H2afv;H2afz,31.36719,30.36974,30.89446,30.89446
Gspt1,28.81143,28.12908,28.05238,28.12908
Tpm1,32.41913,32.03646,31.88969,32.03646
Iqsec2,23.78576,22.76654,21.3988,22.76654
Lrrc47,28.12273,27.30556,27.20872,27.30556
Sf3a1,27.86726,27.11088,26.87713,27.11088
Eif2s2,29.96334,29.15983,29.18241,29.18241
Dip2b,26.94704,26.05428,25.61762,26.05428
Vps26a,28.74169,28.04484,28.2907,28.2907
Efr3b,24.02631,23.4256,23.10949,23.4256
Slc25a18,30.97206,30.08208,30.49095,30.49095
Rps11,31.43539,30.98046,31.07788,31.07788
Rapgef4,21.9365,20.45543,21.48104,21.48104
Arl6ip5,27.94067,27.07674,28.1043,27.94067
Sacs,23.08976,21.86718,21.89004,21.89004
Slc6a1,25.35077,23.74283,24.02834,24.02834
Snx3,30.64229,29.4353,28.93374,29.4353
Hip1r,26.27673,25.34915,24.81592,25.34915
Arl3,30.35909,29.97774,30.17581,30.17581
Kpna3,29.34826,28.27768,28.15692,28.27768
Ache,19.02608,,17.54397,18.285025
Fabp7,33.68958,32.95968,32.75017,32.95968
Arhgap32,24.88855,23.69562,23.64746,23.69562
Nucb1,29.93143,29.61226,29.26188,29.61226
Ccar2,28.03952,26.854,26.4681,26.854
Snrnp70,29.12174,28.53286,28.18281,28.53286
Snrk,22.44587,21.32312,21.62756,21.62756
Gltp,24.51171,22.07793,24.24873,24.24873
Gpr158,20.35531,21.43644,22.48697,21.43644
Agap2,21.26316,18.63368,21.48483,21.26316
Tnpo2,27.79823,26.64265,26.9447,26.9447
Tubb6,29.15878,26.67438,28.57084,28.57084
Rras2,28.3639,27.67088,27.26776,27.67088
Pdk2,26.15636,25.79318,25.5491,25.79318
Atp5j,30.73868,30.76636,30.13846,30.73868
Pgls,29.79464,28.97733,28.95402,28.97733
Cryz,30.82054,29.92309,30.47363,30.47363
Ndrg4,18.76059,17.9194,,18.339995
Sar1a,28.67956,28.851,28.44419,28.67956
Rrbp1,28.97689,28.00694,27.95931,28.00694
Acadvl,30.68487,29.52066,29.45865,29.52066
Astn1,22.81462,21.06815,21.16925,21.16925
Rhob,28.69259,27.75296,27.2479,27.75296
Eftud2,28.11008,27.59598,27.44031,27.59598
Dlgap2,22.93105,14.09655,16.68647,16.68647
Arfgap1,27.1046,26.29486,26.38768,26.38768
Atad1,30.11533,29.00841,28.73673,29.00841
Nid1,26.6637,25.97454,24.91447,25.97454
Gfm1,27.15721,26.43466,26.36486,26.43466
Emc1,28.2278,27.01892,26.99097,27.01892
Eci1,30.73707,29.71519,29.83858,29.83858
Msra,26.55967,27.33909,26.6088,26.6088
Lama5,28.08284,27.5847,27.51307,27.5847
Ftl1,31.44016,31.66577,32.14519,31.66577
Cald1,32.51347,32.06654,32.32085,32.32085
Gsta4,31.12651,30.44599,30.85601,30.85601
Mpp1,27.62108,27.47398,27.51766,27.51766
Ccdc136,19.22605,18.00701,16.34428,18.00701
Esyt1,26.05695,25.59038,25.4541,25.59038
Gng13,,16.51721,,16.51721
Gas7,23.51665,21.98767,22.27236,22.27236
Rps28,32.27747,32.47216,32.3133,32.3133
Arrb1,26.93551,25.94456,26.05623,26.05623
Btbd17,23.09652,21.59878,19.30461,21.59878
Syngr3,24.63843,22.58875,23.46476,23.46476
Psmd4,30.70874,30.07316,30.18329,30.18329
Acot1,31.9465,31.34567,31.19847,31.34567
Cds2,27.06876,26.31057,26.15733,26.31057
Lamtor1,30.5681,29.39403,29.41016,29.41016
Eif4a3;Gm8994,29.35489,28.67411,28.91014,28.91014
Dnm2,29.40872,28.28776,28.42818,28.42818
Cend1,26.13876,24.94293,25.3033,25.3033
Plxnb2,28.14991,27.4227,27.16911,27.4227
Acot11,27.62087,26.75302,26.52986,26.75302
Ubap2l,28.79343,27.46521,27.48378,27.48378
Rbbp9,29.59213,29.32064,28.98158,29.32064
Map4k4,26.60569,26.18414,26.34761,26.34761
Mpc2,25.21697,25.44982,25.65941,25.44982
Rps5,31.1811,30.25699,30.22515,30.25699
Hp1bp3,30.50123,29.73489,29.79512,29.79512
Txndc5,29.67939,29.15323,29.23114,29.23114
Xpnpep1,28.40268,27.50854,27.69988,27.69988
Ptprn2,19.27994,,,19.27994
Grm1,18.42943,20.74698,20.42767,20.42767
Mgst3,24.29719,23.79679,23.47308,23.79679
Psmb1,31.39356,30.18151,30.69387,30.69387
Slc25a25,27.78986,25.67382,26.19592,26.19592
Tenm4,22.49407,21.74296,21.10489,21.74296
Ppp1r12a,29.42568,28.18262,28.50533,28.50533
Ephx2,25.58912,23.4108,23.14549,23.4108
Snx27,28.65096,28.06121,27.77931,28.06121
Inpp1,28.28158,27.11297,27.13222,27.13222
Clint1,28.57564,27.52051,27.7239,27.7239
Dlgap1,21.49072,20.5966,21.53526,21.49072
Hapln4,,20.06605,,20.06605
Me2,29.62859,30.03538,27.94056,29.62859
Spag9,27.69385,26.71227,26.70965,26.71227
Rps25,31.80374,30.74823,31.39412,31.39412
Sae1,29.19439,28.24921,28.24164,28.24921
Psmd14,29.29818,28.21401,28.41381,28.41381
Mcts1,28.42214,26.79067,27.72273,27.72273
Vwa5a,31.19988,29.90913,29.87405,29.90913
Ak5,26.00704,25.15271,24.02589,25.15271
Etl4;Skt,24.12463,23.06974,22.61731,23.06974
Scfd1,28.65745,27.18565,27.40145,27.40145
Qars,28.10174,27.63256,27.69398,27.69398
Prkcd,25.07631,24.1934,24.35649,24.35649
Eif3d,28.50768,27.80735,27.80845,27.80845
Vapb,29.83,28.62422,28.86112,28.86112
Mtpn,31.45919,30.28791,30.20734,30.28791
Eif3l,29.01324,28.05315,28.23695,28.23695
Tceb1,31.0039,30.38864,30.66127,30.66127
Gpx1,30.47644,29.63746,29.29903,29.63746
Exoc7,26.75812,24.97959,25.44862,25.44862
Eif3j1;Eif3j2,29.44774,28.61369,28.53771,28.61369
Sult4a1,21.26075,20.16619,17.48518,20.16619
Fgf12,19.19583,17.65431,,18.42507
Sf3a3,28.10355,27.47259,27.51908,27.51908
Ppp1r21,27.29413,26.14079,25.64235,26.14079
Mical3,22.50947,21.55647,22.35461,22.35461
Dusp3,29.80724,29.25793,29.7575,29.7575
Tsfm,28.53771,28.08613,27.53786,28.08613
Ppm1a,27.97285,27.01169,27.31017,27.31017
Txnrd2,26.55668,25.6669,25.33364,25.6669
Icam5,22.63487,21.28139,20.98663,21.28139
Exog,26.5049,25.24416,25.07606,25.24416
Tpd52,29.82981,28.56533,28.07648,28.56533
Cbx5,29.33492,28.509,28.33833,28.509
Mark2,25.83656,25.11529,24.75246,25.11529
Cyp46a1,24.11028,23.42637,23.75369,23.75369
Psmd7,29.22988,28.29763,28.75541,28.75541
Pmpca,29.12477,28.16279,27.69571,28.16279
Idi1,27.39803,28.33496,27.71999,27.71999
Snx1,29.95019,28.9651,28.90386,28.9651
Tssc1,26.41814,25.15877,24.80459,25.15877
Ppme1,28.66784,27.86071,27.74823,27.86071
Enoph1,26.97815,26.53869,29.07022,26.97815
Bag6,27.78332,26.96873,26.47707,26.96873
Ppp1cb,30.01478,29.57508,29.57784,29.57784
Lingo1,23.11208,23.56256,24.62617,23.56256
Sec23a,29.04237,28.27954,28.388,28.388
Nlgn3,25.18654,24.26134,23.03329,24.26134
Afg3l2,28.09099,26.76976,27.17798,27.17798
Igsf8,,25.83899,18.3426,22.090795
Vcpip1,26.6465,26.16546,26.14243,26.16546
Epdr1,30.44914,29.59891,29.71517,29.71517
Cyb5b,30.64065,30.31279,30.47962,30.47962
Eml1,26.5862,27.49251,27.28789,27.28789
Rpl8,30.70322,30.95421,31.12903,30.95421
Fxr1,28.97235,27.75793,27.63027,27.75793
Snrpd2;Gm5449,29.3877,28.87716,29.38055,29.38055
Nadk2,29.65506,28.87821,28.95197,28.95197
Cnot1,26.1394,25.07051,24.44512,25.07051
Inf2,25.55104,24.62204,24.11052,24.62204
Ttll12,28.57719,27.87654,27.76572,27.87654
Aldh9a1,29.75893,28.9827,29.03839,29.03839
Ptpn23,28.0643,27.02686,26.57478,27.02686
Cacnb4,21.31777,20.80412,19.74457,20.80412
Ssbp1,30.54968,29.52232,29.81601,29.81601
Fnbp1,27.55545,26.79328,26.68217,26.79328
Pcsk1n,19.87427,18.57566,,19.224965
Ociad1,29.93691,28.65133,28.49964,28.65133
Gria1,20.71733,19.1017,16.97074,19.1017
Gstz1,28.18296,27.59477,27.47761,27.59477
Nlgn2,24.99783,24.05117,24.56424,24.56424
Bcs1l,25.90796,25.00898,24.86806,25.00898
Nptx1,17.35776,,17.86804,17.6129
Ruvbl2,30.08093,30.07265,29.70017,30.07265
Agrn,27.78843,27.00196,26.94447,27.00196
Diras2,21.70746,,21.5264,21.61693
Oxsr1,28.32174,27.8444,27.8672,27.8672
Slc38a3,26.98338,26.97498,26.04955,26.97498
Sf3b3,28.74631,27.85798,27.46801,27.85798
Plch2,15.60577,,19.88809,17.74693
Fam49a,26.66506,24.6424,25.04822,25.04822
Ubqln1,29.92649,29.31601,29.44354,29.44354
Pitpnm1,26.07586,24.91588,25.05461,25.05461
Fech,29.17131,27.92037,27.45685,27.92037
Wdr44,25.04989,24.79144,24.84407,24.84407
Csnk2b,28.72878,28.66102,28.90848,28.72878
Epha4,24.70446,23.80902,24.08408,24.08408
Clpp,30.02022,28.91436,28.76174,28.91436
Acaa1a,30.01585,28.87643,28.5968,28.87643
Lcmt1,25.91891,25.05441,25.00787,25.05441
Dazap1,27.25332,27.55596,27.19385,27.25332
Snph,23.78287,26.08867,25.79196,25.79196
Coro1b,29.6615,29.35777,28.8927,29.35777
Pkp4,25.99712,25.78327,25.28845,25.78327
Rps21,32.09651,31.71784,31.57276,31.71784
Slc25a23,25.55795,24.79521,24.84599,24.84599
Map7d2,20.1561,17.10677,23.06102,20.1561
Acadm,31.85162,30.43122,30.70273,30.70273
Mccc2,29.88274,28.32311,28.33828,28.33828
Rabggta,27.26213,26.63768,26.55507,26.63768
,18.03263,20.46364,17.22176,18.03263
Wdr48,27.40007,26.21863,26.54829,26.54829
Tomm34,29.43446,28.45728,28.59491,28.59491
Ptms,32.93077,31.91624,32.48436,32.48436
Sh3kbp1,25.46098,24.31341,24.5618,24.5618
Myl6b,31.05077,29.96224,29.69289,29.96224
Tjp2,29.02314,28.21099,28.29483,28.29483
Isyna1,26.82019,25.93674,25.39813,25.93674
Pde4b,22.85079,22.91123,22.25842,22.85079
Gabrb2,,19.52637,,19.52637
Dlgap4,26.16004,24.83166,24.19039,24.83166
Pld3,26.73182,26.24838,23.39284,26.24838
Cope,30.26058,29.73823,29.46999,29.73823
Ndufa11,28.20116,28.25341,27.07572,28.20116
Dhrs1,32.74797,31.51117,31.21766,31.51117
Mllt4,27.48193,26.36979,26.59292,26.59292
Hook3,28.05992,27.15509,27.06209,27.15509
Pdpk1,24.79862,24.74042,24.98833,24.79862
Llgl1,28.58653,27.68626,27.59655,27.68626
Pmm1,21.14221,24.10326,22.34987,22.34987
Ctbp2,29.01476,28.32775,28.36328,28.36328
Tomm40,30.59779,29.76609,29.888,29.888
Vta1,30.43191,29.70154,29.22862,29.70154
Prmt5,27.63437,26.9467,26.94971,26.94971
Prpf19,29.64787,28.78016,28.86231,28.86231
Nmral1,26.69591,25.89931,25.6725,25.89931
Ppm1g,27.70246,27.55025,27.52477,27.55025
Hebp1,29.91969,29.31255,29.17245,29.31255
Nrd1,27.46778,26.65349,26.71122,26.71122
Ecm29;AI314180,27.15682,25.74401,25.69394,25.74401
Cntn2,22.46692,21.57704,20.50368,21.57704
Arhgap26,24.46513,24.54321,24.63101,24.54321
Cplx1,23.16355,19.92897,20.244,20.244
Erp44,29.41627,28.81672,28.52133,28.81672
Ralgapa1,23.96807,22.68215,23.12901,23.12901
Hist1h1b,32.60298,31.8616,32.69519,32.60298
Larp1,26.77994,24.97049,25.14196,25.14196
Trim3,25.42845,25.16492,24.81861,25.16492
Gnl1,27.69012,26.74509,26.94447,26.94447
Hdac2,28.0177,27.23599,27.12218,27.23599
Eif5b,27.70807,27.07796,27.11971,27.11971
Pfas,28.05144,27.25404,27.58563,27.58563
Coro1c,29.3308,28.49473,28.99604,28.99604
Pip4k2a,26.62715,24.87296,24.95903,24.95903
Tnpo3,26.25532,25.15915,25.11279,25.15915
Pcyt2,25.39326,25.96532,26.69219,25.96532
Cat,29.1942,28.56631,28.18532,28.56631
Gon4l,20.83592,22.02371,20.74608,20.83592
Tcp11l1,26.53684,24.94396,24.79571,24.94396
Mtch1,28.72939,27.92654,27.82238,27.92654
Prrt2,23.58222,22.41287,,22.997545
Bcr,25.76519,24.40691,24.49631,24.49631
Cd9,30.30313,29.23581,29.34735,29.34735
Clmn,21.97372,21.82275,22.05672,21.97372
Tenm2,20.86159,22.60935,19.99148,20.86159
Pdap1,31.24972,30.41448,29.73518,30.41448
Rps20,31.24649,31.14236,31.01405,31.14236
Tnks1bp1,27.65342,26.44376,26.60428,26.60428
Itgav,27.85507,27.07245,26.77994,27.07245
Nptxr,19.3792,,16.56735,17.973275
Psmd5,29.69871,28.78004,29.17196,29.17196
Rabl6,26.04141,25.47698,25.00552,25.47698
Fbxo41,26.6637,26.30362,26.32337,26.32337
Mfn2,26.36696,26.21536,25.56697,26.21536
,,,,
Cpne5,23.19381,22.64689,22.32789,22.64689
Hist3h2bb;Hist3h2ba,23.35003,26.58047,22.92171,23.35003
Plcl1,25.53282,24.07316,23.9974,24.07316
Brsk1,23.00489,21.58344,21.7774,21.7774
Mut,28.92575,28.33014,28.53875,28.53875
Uba6,27.36628,26.27782,26.56205,26.56205
Cdc42ep4,29.74599,28.48769,28.48938,28.48938
Cdc42bpa,25.57516,25.10925,24.70941,25.10925
Exoc5,25.48373,24.66308,24.46314,24.66308
Rab3gap1,26.46844,25.45704,25.62801,25.62801
Wdfy3,24.48567,23.6904,26.249,24.48567
Cstb,32.05501,32.02258,31.99193,32.02258
Ndufs7,28.08502,27.20536,27.48823,27.48823
Ckap4,30.29931,29.3055,29.36085,29.36085
Stx12,29.24502,28.29898,28.30147,28.30147
Nop56,28.93067,27.95521,28.31842,28.31842
Ccdc6,27.80249,26.91216,26.89145,26.91216
Nme1,29.34397,29.00126,28.78603,29.00126
Chmp4b,29.92635,28.88163,28.96306,28.96306
Slc2a3,27.70754,27.2544,26.82153,27.2544
Cul1,27.15837,26.60513,26.36966,26.60513
Specc1,27.0168,25.77711,25.64881,25.77711
Uba5,29.58928,28.5838,28.83014,28.83014
Slc27a4,28.65106,27.16192,28.04338,28.04338
Akr1b10,28.72472,28.46252,28.6133,28.6133
Glg1,27.62324,26.91182,27.07184,27.07184
Mapk8ip3,27.55047,26.55533,26.35666,26.55533
Dag1,27.91565,27.34697,27.13104,27.34697
Rpl19,31.1343,31.06952,31.52855,31.1343
Ap1g1,27.58992,26.3115,26.57571,26.57571
Tprg1l;Tprgl,25.19001,24.80656,24.36005,24.80656
Usp24,25.37895,23.86656,23.94539,23.94539
Bcl2l13,29.12783,27.39697,27.21382,27.39697
Srsf2,30.86555,30.53797,30.25327,30.53797
Pacsin2,29.81676,29.02506,29.07549,29.07549
Camsap2,24.16967,23.34272,23.44531,23.44531
Osbpl2,25.00543,24.41622,25.2009,25.00543
Plxna1,23.20894,22.8267,22.2905,22.8267
Naa15,27.61351,26.49286,26.46025,26.49286
Map2k2,27.10979,26.25958,26.72325,26.72325
Usp47,26.38058,25.614,25.39885,25.614
Rap1gap2,22.38603,19.12689,23.79769,22.38603
Actr10,27.41361,26.35058,26.87244,26.87244
Gga3,24.55192,24.05895,22.27827,24.05895
Ogdh,26.16019,26.73182,25.9684,26.16019
Bag5,26.99367,26.65062,26.16279,26.65062
Epb41,24.51851,23.33661,23.4443,23.4443
Cdc5l,27.9673,26.5402,26.71253,26.71253
Rpl11;Gm10036,31.56738,30.90045,31.10174,31.10174
Fxyd6,26.17177,23.72057,25.11807,25.11807
Tmx4,26.65281,24.8992,24.70012,24.8992
Pds5b,26.67573,25.60699,25.79253,25.79253
Fyn,23.93211,22.69066,23.43046,23.43046
Cacna1a,15.33807,19.00561,13.67607,15.33807
Klc2,25.68704,24.78282,24.81812,24.81812
Trim9,25.18272,23.6953,24.14141,24.14141
Dock3,18.97413,20.60322,22.57725,20.60322
Cul4b,26.6088,26.20096,26.12443,26.20096
Pfdn5,25.02073,23.34516,25.99242,25.02073
Flii,26.38278,25.80919,26.18113,26.18113
Sec24c,28.25061,27.13663,27.15711,27.15711
Rnmt,27.95038,27.43062,27.44024,27.44024
Agap3,26.03234,24.3293,25.43218,25.43218
Pnn,26.1224,25.86112,26.58262,26.1224
Fmnl1,23.45889,23.13785,23.46476,23.45889
Selenbp1,28.25187,28.17012,27.61534,28.17012
Lrrc59,30.31689,29.94907,29.93452,29.94907
Chd4,26.96741,26.25352,26.26637,26.26637
Eif2s3x,30.33383,29.66599,30.05608,30.05608
Endod1,27.50347,26.8896,26.34486,26.8896
Cox7a2,28.12115,25.31084,26.41835,26.41835
Edc4,26.91684,26.22232,26.03416,26.22232
Wnk1,27.49098,26.77618,26.66682,26.77618
Sec23ip,27.93455,27.4008,27.07347,27.4008
Snx6,28.99596,28.03438,28.16111,28.16111
Ptgds,26.37046,24.57796,22.78495,24.57796
Sccpdh,28.47038,27.25187,27.74227,27.74227
Katnb1,26.47212,25.27455,25.10221,25.27455
Celf2,28.37952,27.65123,27.78694,27.78694
Tmx2,26.85531,26.03526,26.4986,26.4986
Cst3,30.28063,29.07137,29.19845,29.19845
Ndufa7,27.30956,26.00026,27.13956,27.13956
Stim1,26.35161,25.65941,25.60755,25.65941
Nutf2,29.09434,27.98967,28.97457,28.97457
Nit2,30.98067,29.03478,33.23621,30.98067
Pabpc4;Gm10110,27.38402,26.67088,26.93787,26.93787
Sh3bgrl3,29.72805,30.07635,29.27209,29.72805
Ergic1,29.20823,28.4348,28.51187,28.51187
Usp15,25.57684,24.37451,24.68078,24.68078
Sart1,26.84781,25.64138,25.36516,25.64138
Wbp2,29.95837,29.09911,29.48625,29.48625
Rpl27a,30.95456,30.58271,30.84857,30.84857
Dnajc11,28.59459,27.07775,27.08456,27.08456
Adam23,18.22694,16.72866,19.18403,18.22694
Uba3,28.22228,27.39624,27.21586,27.39624
Timm8a1,30.27487,29.91099,29.23567,29.91099
Cltb,,,,
Fam21,27.22499,26.60527,26.16043,26.60527
FAM120A,28.28912,27.26589,27.12662,27.26589
Dnajc3,28.80366,28.33765,28.8015,28.8015
Mff,27.51187,26.97071,26.40534,26.97071
Sec13,29.45419,28.36895,28.46537,28.46537
Gng2,24.05904,19.4399,23.37305,23.37305
Taok1,26.71673,26.0801,25.89571,26.0801
Kif3b,26.30831,25.66652,25.72617,25.72617
Epn2,26.70094,25.41138,25.54377,25.54377
Gclc,29.77231,29.29748,29.21273,29.29748
Echdc1,28.44067,27.603,27.52701,27.603
Mvp,28.39182,27.72949,27.53653,27.72949
Eif3h,28.83244,28.22495,28.27822,28.27822
Rpl24,31.20583,30.8685,31.16315,31.16315
Cirbp,28.05734,28.20872,27.29026,28.05734
Trim32,26.53362,25.13104,24.72328,25.13104
Vamp1,22.84711,,22.47551,22.66131
Rasgrf1,23.85614,23.43046,23.88064,23.85614
Ncaph,24.35124,21.10316,20.82578,21.10316
Hmgn5,27.52507,27.18811,26.43719,27.18811
Cspg5,22.17898,22.91238,21.68787,22.17898
Brsk2,,17.70225,18.68688,18.194565
Bckdha,29.66272,28.58327,28.60315,28.60315
Acox1,29.35867,28.21623,27.91821,28.21623
Nploc4,27.56034,26.46437,27.05579,27.05579
Smap;1110004F10Rik,30.1789,29.13895,29.24826,29.24826
Strn3,27.53386,27.3006,27.32834,27.32834
Vwa8,26.98913,25.75807,25.52181,25.75807
Mtap,29.562,29.14465,29.43138,29.43138
Rab3gap2,26.30149,25.47231,25.71952,25.71952
Atg3,29.23763,28.08471,28.54034,28.54034
Cadm4,29.17153,28.30391,28.34689,28.34689
Fermt2,29.41814,28.62753,28.37364,28.62753
Rbm39,28.59092,28.03323,28.06825,28.06825
Smc1a,27.86797,26.92999,26.77568,26.92999
Psme1,30.8671,30.27864,30.47402,30.47402
Znf207;Zfp207,27.6635,27.17912,26.47581,27.17912
Fmnl2,27.77455,26.56686,26.36775,26.56686
Arf6,30.06381,29.25266,29.31542,29.31542
G3bp1,28.6759,28.20396,27.89134,28.20396
Kras,27.3286,26.67506,26.55833,26.67506
Rbm3,30.29384,30.15485,30.04205,30.15485
Serpinh1,31.48227,30.66119,30.59219,30.66119
Ndufb7,29.34554,29.1319,28.68016,29.1319
Grm5,19.32025,16.9159,20.32652,19.32025
Tsg101,28.42282,27.67761,27.43865,27.67761
Sh3gl3,21.19976,18.38077,19.52095,19.52095
Caprin1,29.27963,28.78914,28.46431,28.78914
Snta1,27.63041,26.8405,26.85745,26.85745
Rmdn3,28.44095,27.19338,27.32954,27.32954
Psmb6,29.86772,29.76151,29.69393,29.76151
Ralgapb,25.04143,23.71387,24.08229,24.08229
Kcnma1,21.7516,18.6875,20.79812,20.79812
Gabbr2,19.19912,,20.85825,20.028685
Syap1,29.47044,28.46338,28.05424,28.46338
Rhog,29.5239,28.68181,28.98923,28.98923
Magi2,24.328,23.8227,23.79907,23.8227
Rpl30,31.22355,31.33538,31.12281,31.22355
Ddah2,30.84812,29.71671,29.51736,29.71671
Atp6ap1,25.9276,24.63045,24.60891,24.63045
Eif3i,29.86779,28.68234,28.90782,28.90782
Phpt1,29.96761,30.54563,29.95005,29.96761
Alad,29.22633,28.1248,28.1517,28.1517
Dock4,24.01699,21.74682,22.06247,22.06247
Camk1d,27.5716,26.60611,26.87947,26.87947
1700037H04Rik,27.16231,26.62171,26.87397,26.87397
Gnpda1,29.17976,28.60961,27.77354,28.60961
Eif4g2,27.92762,27.3132,26.82335,27.3132
Ptrf,31.67025,30.95116,30.61991,30.95116
Irgq,27.06466,25.37216,25.227,25.37216
Riok1,23.0814,22.27594,22.22282,22.27594
Sri,30.54646,29.77665,30.01292,30.01292
Fahd1,28.01175,27.05951,27.00774,27.05951
Cops6,29.58312,28.64341,28.07969,28.64341
Fry,19.36756,19.63295,19.94778,19.63295
Slc25a13,27.33994,25.74671,25.67452,25.74671
Usp4,26.65908,25.80326,25.8312,25.8312
Rpl13a,30.7956,29.5253,30.18104,30.18104
Nebl,30.49562,29.44512,29.71458,29.71458
Tsnax,29.28866,28.76116,28.61108,28.76116
Tuba8,19.68308,19.04767,21.04233,19.68308
Aldh3a2,29.95394,29.0964,29.21229,29.21229
Smc3,28.09693,27.14793,27.28145,27.28145
Padi2,30.26035,29.18738,28.52264,29.18738
Kbp;2510003E04Rik,27.94882,26.67007,26.37083,26.67007
Gpsm1,23.18214,22.19313,22.08359,22.19313
Gak,25.92728,24.97321,24.90669,24.97321
Pepd,28.01015,28.03428,27.70055,28.01015
Adss,29.50459,28.73473,28.89232,28.89232
Ikbkap,26.77844,26.38228,26.22389,26.38228
Mrps23,29.31006,28.28842,27.72813,28.28842
Plbd2,27.3138,26.49747,26.65239,26.65239
Shmt2,30.557,29.95255,29.93044,29.95255
Gapvd1,27.25638,25.90985,26.83292,26.83292
Birc6,25.05275,23.65491,24.0344,24.0344
Tcerg1,26.52774,26.20294,26.2453,26.2453
Sf1,28.78172,27.56347,27.28621,27.56347
Krt82,26.47285,24.18329,25.62995,25.62995
Mia3,26.52534,25.21926,25.19287,25.21926
Armc6,25.6531,25.54725,25.43619,25.54725
Pfdn6,24.9009,24.10821,24.49917,24.49917
Thnsl1,27.24082,26.5012,25.75636,26.5012
Pdcd5,29.54981,29.65785,29.5197,29.54981
Tbc1d10b,26.9651,25.83829,26.27069,26.27069
Psmd8,28.22784,28.01239,27.87215,28.01239
Cttnbp2,23.36733,22.21611,21.2083,22.21611
Ube2m,30.03774,29.25086,29.89584,29.89584
Eml2,29.16978,28.63589,28.81244,28.81244
Ctnna1,30.7791,29.48648,29.42948,29.48648
Vps4a,27.56972,26.67303,26.88623,26.88623
Apmap,27.74734,26.61414,27.01308,27.01308
Decr1,30.5969,29.98997,29.61669,29.98997
Plcg1,25.84024,24.27647,25.11343,25.11343
Smap1,28.64468,27.96527,27.42454,27.96527
Fahd2,30.01531,28.67283,28.55139,28.67283
Rab5b,29.24332,28.2502,28.92677,28.92677
Asap2,26.65867,25.99626,25.68499,25.99626
Wnk2,22.44569,20.84942,22.52006,22.44569
Slc25a1,29.98033,29.179,29.32847,29.32847
Hist1h1d,32.42387,31.93688,31.9262,31.93688
Scamp1,28.99059,27.95776,28.17607,28.17607
Syt12,18.73066,20.55356,18.51849,18.73066
Eif4e,29.7838,28.98821,28.84269,28.98821
Golgb1,26.73221,26.61428,26.1786,26.61428
Rangap1,28.07765,27.51563,27.63679,27.63679
Mtdh,29.03614,28.33505,27.49045,28.33505
Eif3g,29.69447,28.95149,28.78666,28.95149
Ahi1,24.18465,23.92714,23.79897,23.92714
Atp6v0c,30.97507,30.75262,30.76683,30.76683
Bola2,28.87528,29.37578,28.81241,28.87528
Dnajc13,26.52777,25.82757,25.79976,25.82757
Atp2a3,17.57075,16.67535,16.37067,16.67535
Kif3a,26.88914,26.16043,26.45642,26.45642
Gnpda2,29.72131,28.22066,28.73221,28.73221
Nrgn,27.52671,27.07143,27.47359,27.47359
Sh3bgrl2,26.96576,26.94168,26.46678,26.94168
Prkar1b,24.6289,22.82256,22.3652,22.82256
Nup98,26.97847,26.18281,26.33969,26.33969
Sema7a,20.50611,18.47251,19.4449,19.4449
Cmas,26.69737,25.22843,25.86457,25.86457
Api5,29.18742,28.16433,27.99281,28.16433
Acss2,26.55644,25.23389,25.49878,25.49878
Dctn4,27.99938,26.9336,26.87725,26.9336
Atox1,32.35005,31.86179,31.71633,31.86179
Tmed10,31.0533,30.83914,30.8027,30.83914
Snrpf,31.13271,31.28797,30.34107,31.13271
Rab21,29.17024,28.64523,28.54775,28.64523
Arhgap21,25.36028,24.72531,24.5027,24.72531
Mapt,,,,
Coasy,28.48646,27.65738,27.07561,27.65738
Vps16,27.01276,26.41513,25.86036,26.41513
Trappc8,25.32072,24.46001,24.45048,24.46001
Tomm22,30.13406,28.68502,28.95444,28.95444
Tanc2,20.85612,21.78843,21.18053,21.18053
Msmo1,28.11659,27.78868,27.38138,27.78868
Hip1,26.38542,25.88038,25.37338,25.88038
Prodh,27.25115,26.19033,25.48176,26.19033
Nck2,25.03288,25.51779,24.72822,25.03288
Gpr37l1,21.13765,20.38005,20.88286,20.88286
Nova2,27.17798,25.95091,25.30664,25.95091
Hepacam,28.66064,27.33407,27.17959,27.33407
Eri3,25.36075,22.11092,24.52809,24.52809
Ppm1e,25.40866,24.18933,24.51443,24.51443
Ogfod1,23.60071,23.46538,22.30914,23.46538
Rpl27,31.80805,31.67531,31.61272,31.67531
Prosc,29.34386,28.19896,27.86514,28.19896
Abcf2,27.17141,25.98848,26.34699,26.34699
Mobp,21.74374,,,21.74374
Cryl1,26.79736,26.5773,26.56144,26.5773
Htatsf1,26.508,26.09144,26.06593,26.09144
Synrg,25.5518,24.84446,24.99559,24.99559
Plcl2,22.25583,22.14535,22.56297,22.25583
Abce1,28.67159,27.87473,28.06553,28.06553
Aacs,28.28419,27.67734,27.52313,27.67734
Gucy1a2,20.1893,17.87033,20.64887,20.1893
Pitpnb,28.16835,26.27547,27.18537,27.18537
Srp72,29.24345,28.51043,28.51149,28.51149
Drg2,27.85596,27.09104,27.11852,27.11852
Plaa,28.52447,28.10299,28.19013,28.19013
Cdv3,29.50135,28.77241,28.72016,28.77241
Rps17,30.00651,29.94224,30.34075,30.00651
Trappc10,25.30435,23.77435,23.3839,23.77435
Nfasc,21.95109,20.29064,20.46702,20.46702
Ehd4,28.38179,26.73505,26.61737,26.73505
Nucks1,28.85537,29.18563,28.49762,28.85537
Vps33b,26.49544,25.79675,25.41841,25.79675
Elmo2,27.07143,25.57413,25.41677,25.57413
,30.54075,29.43601,29.82967,29.82967
Gm996,22.48692,22.37827,22.9816,22.48692
Brk1,22.82594,24.22302,22.34811,22.82594
Rab31,29.96761,29.08101,29.46817,29.46817
Cyb5r1,29.92917,29.0956,29.57488,29.57488
Ylpm1,25.03301,23.95881,23.97902,23.97902
Oscp1,27.24445,26.58806,26.82396,26.82396
Ccdc88a,24.08813,22.89737,22.83387,22.89737
Dis3l2,24.83273,24.09893,23.70778,24.09893
Impact,28.58599,28.10874,28.12223,28.12223
,25.30208,24.98524,24.11704,24.98524
Parp1,27.4267,27.13379,27.07286,27.13379
Utrn,28.04182,26.86195,26.55818,26.86195
Clic1,32.45699,31.62493,31.1683,31.62493
Anxa11,29.77867,29.66665,29.12807,29.66665
Tra2b,28.79597,28.62895,29.19119,28.79597
Sec24b,26.83074,26.04808,26.19289,26.19289
Rbp1,32.33344,31.77372,31.63807,31.77372
Ppp1cc,27.27204,26.90507,25.93303,26.90507
Vipas39,24.83311,24.04543,24.06792,24.06792
Ndufb3,28.4153,29.13963,28.04515,28.4153
Setd3,26.41112,25.57802,25.16181,25.57802
Stxbp5,24.12896,23.29053,22.84944,23.29053
Lactb,25.58104,25.08253,25.04302,25.08253
Vps52,27.49739,26.58434,26.16776,26.58434
Chn2,21.58247,20.38385,22.32787,21.58247
Pitpnc1,25.38765,24.64427,24.67185,24.67185
Cd200,27.08355,26.78731,27.01436,27.01436
Fkbp2,30.15025,29.8569,30.44766,30.15025
Vac14,26.53473,25.39362,25.16951,25.39362
Rpl35a,31.54015,30.8754,31.18317,31.18317
Rpl10;Rpl10l,31.46193,30.69287,30.66966,30.69287
Mtmr7,23.26241,23.02594,23.41403,23.26241
Gpx4,30.4851,30.0531,30.30117,30.30117
Dnm1l,18.09841,,16.79627,17.44734
Osbpl6,25.15213,24.42797,24.27021,24.42797
Pdxdc1,28.52111,28.14841,27.34359,28.14841
Stk32c,,,,
Srp54,28.42938,27.38162,27.73189,27.73189
Lama2,23.8259,22.07009,22.64478,22.64478
Rab3b,20.18071,19.2144,18.77783,19.2144
Hdgfrp3,29.86719,28.53453,28.63724,28.63724
Tfam,29.23135,27.68325,28.11242,28.11242
Lmtk3,19.56863,19.48644,20.02499,19.56863
Ncln,26.35392,25.57828,25.50773,25.57828
Sugp2,21.11293,19.8777,20.55768,20.55768
Hsdl1,28.83906,27.71083,27.90788,27.90788
Ube2i,28.305,27.6502,28.56504,28.305
Itm2c,28.78837,28.04359,27.99259,28.04359
Sdr39u1,24.62856,24.74996,22.18417,24.62856
Lgi3,16.3049,19.41551,20.53583,19.41551
Tom1,29.12591,28.12938,28.29263,28.29263
Bai1,21.48232,20.07195,27.14957,21.48232
Capn1,29.27033,28.14696,27.98212,28.14696
Ptk2,26.06546,24.79976,24.68351,24.79976
Rasa1,26.43949,25.04527,24.84532,25.04527
Fam177a1,26.07873,24.14149,24.69254,24.69254
Nmt1,28.26557,27.46817,27.9266,27.9266
Apeh,28.6006,27.73757,28.01887,28.01887
Ciao1,27.50824,26.5819,26.4883,26.5819
Apbb1,25.98742,24.95669,24.57074,24.95669
Cyld,24.28001,24.07692,24.13641,24.13641
Camk1,28.16911,26.89874,26.41185,26.89874
Apc,22.28701,21.16644,21.9022,21.9022
Dock1,26.3388,24.92669,24.5087,24.92669
Arpp19,29.70889,28.55139,28.90681,28.90681
Brinp1,14.78989,18.65095,14.1221,14.78989
Arhgef9,18.76052,18.63775,,18.699135
Dnajb1,28.09783,27.10909,27.32911,27.32911
Tmem11,28.29149,28.01041,28.25372,28.25372
Cops8,30.60479,29.33858,29.25977,29.33858
Rnf14,26.43512,25.94748,25.65865,25.94748
Ak2,30.90498,29.5023,29.09831,29.5023
Rnf214,25.93335,25.65294,25.88383,25.88383
Nid2,27.9556,26.39585,26.2501,26.39585
Rpl21,31.21732,30.89461,31.09742,31.09742
Mlec,29.84002,29.35475,29.13997,29.35475
Tecr,28.07999,28.41147,28.45176,28.41147
Adcy9,18.43689,23.88548,22.87142,22.87142
Ahcyl2,27.7939,27.09033,26.63879,27.09033
Fuom,24.90417,24.60116,22.83729,24.60116
Lamtor3,28.79563,27.90982,28.10239,28.10239
Crbn,24.78771,24.09764,24.27106,24.27106
Rpl26,30.84393,30.47102,30.70825,30.70825
Hsdl2,27.95249,26.82335,26.29864,26.82335
Hectd1,26.05466,24.1411,23.68292,24.1411
Plxnb1,26.0441,24.94159,24.65458,24.94159
Cad,28.06183,26.94414,27.2893,27.2893
Arfgef2,23.97622,23.81186,23.45237,23.81186
Trappc4,27.2683,25.9175,25.19689,25.9175
Mast1,23.12876,21.74583,21.65875,21.74583
Gtpbp1,25.94893,26.12757,25.66093,25.94893
Pgam5,26.92931,26.41241,27.17417,26.92931
Cetn2,28.12519,27.37161,24.17836,27.37161
Ddx23,26.31206,25.46594,25.86169,25.86169
Hn1,28.29075,27.79005,26.95283,27.79005
Dgkg,23.87361,22.66127,21.896,22.66127
Gtf2i,27.46956,26.58749,26.31277,26.58749
Srpk2,27.35775,25.92653,26.12601,26.12601
Tpm1,29.78379,28.81879,29.18846,29.18846
Tbc1d24,26.28657,25.26213,25.33409,25.33409
Ppm1f,28.48097,27.60258,27.30173,27.60258
Pcyox1l,26.57222,25.44544,25.9857,25.9857
Stk24,27.64705,27.1037,26.67627,27.1037
Umps,25.62352,25.27042,25.74376,25.62352
Dab2ip,23.81411,22.72222,21.16122,22.72222
Sgtb,25.64532,24.20217,,24.923745
Fnta,28.903,26.92264,26.51123,26.92264
Mtfp1,21.45413,20.94635,20.64526,20.94635
Ptpra,27.58348,27.11068,26.71122,27.11068
Lxn,32.39632,31.50796,31.53078,31.53078
Tnik,24.22413,23.48898,23.83045,23.83045
Fam126b,22.51591,22.01866,21.70075,22.01866
Sorl1,25.10793,23.68485,22.82186,23.68485
Daam1,24.41506,22.86597,24.23447,24.23447
Gcc2,25.02213,25.39875,26.91159,25.39875
Pef1,27.806,27.10799,26.63755,27.10799
Map1s,27.20927,25.97299,25.8986,25.97299
Lrrc57,28.18881,27.45905,28.08258,28.08258
Vps53,25.38975,23.97552,23.9411,23.97552
Abcb7,25.18692,25.27327,25.2907,25.27327
Pdp1,27.95455,27.66479,26.95682,27.66479
Txn2,23.3672,24.18442,25.32567,24.18442
Ufm1,30.42192,29.92366,29.6546,29.92366
Lman2,28.36064,27.80002,28.47367,28.36064
Magi1,24.57652,23.51749,23.92143,23.92143
Itfg1,25.20821,24.25458,22.84539,24.25458
Agpat3,27.72371,27.00742,26.87127,27.00742
Snx12,27.95216,28.38936,28.30648,28.30648
Copz1,31.39305,30.05814,29.84664,30.05814
Sort1,26.63865,25.59514,25.80794,25.80794
Acadsb,31.15442,30.13296,30.04401,30.13296
Fbxl16,24.41893,21.21691,22.92792,22.92792
Fam169a,22.00265,21.9624,21.9687,21.9687
Abcb1a,23.76101,23.04347,22.82054,23.04347
Dgkz,24.43505,24.01018,24.10045,24.10045
Lsm2,29.93565,29.40404,29.24593,29.40404
Snap29,27.75551,26.72624,25.30539,26.72624
Fah,25.05192,22.01873,23.37491,23.37491
Eci2,29.97719,28.76376,28.5266,28.76376
Rimbp2,20.87635,,18.20638,19.541365
Rab8a,28.7902,27.77392,28.26982,28.26982
Rab15,,,,
Nfs1,29.23544,28.05124,27.95549,28.05124
Map7d1,28.79433,27.69432,27.3333,27.69432
Rpl14,31.94507,31.45484,31.35063,31.45484
Golga3,26.59292,25.62904,25.71652,25.71652
Ndufaf4,26.545,24.97259,23.9722,24.97259
Ciapin1,26.89989,26.1147,26.20549,26.20549
Sgsm1,19.93258,19.1836,18.97318,19.1836
Gaa,27.85757,26.40046,26.85424,26.85424
Stt3a,27.03444,26.42613,26.84086,26.84086
Cygb,25.79447,20.63768,20.60404,20.63768
Kiaa0196,25.86136,25.16012,24.96296,25.16012
Uchl5,27.42037,26.31489,26.55699,26.55699
Hcfc1,27.62819,26.40884,26.23484,26.40884
Pick1,24.55315,24.79833,24.617,24.617
Coq9,29.32864,28.03218,27.43094,28.03218
Tfg,30.26215,28.49705,28.47135,28.49705
Chp1,27.78126,27.42686,27.25944,27.42686
Ddt,29.99132,28.45234,28.64244,28.64244
Dnajb4,29.24982,28.67317,28.33219,28.67317
Snrpd3,30.76746,31.20163,30.49076,30.76746
Lgals1,33.82828,33.28898,33.21675,33.28898
Ddx19a,28.92536,28.29351,27.94408,28.29351
Ppt1,30.46158,29.37671,29.33573,29.37671
Sos1,24.42848,23.93805,23.81656,23.93805
Neo1,24.71434,24.35461,23.6698,24.35461
Tecpr1,25.40506,24.86524,24.77937,24.86524
Stoml2,29.67575,28.46131,28.3135,28.46131
Kpna6,26.49886,25.79077,25.68108,25.79077
Rps27l,31.78047,31.22026,31.35484,31.35484
Rab11fip5,26.75136,25.428,25.73167,25.73167
Qki,30.72761,29.67363,29.56943,29.67363
Ube2k,27.92926,26.60894,26.97334,26.97334
Necab1,,,22.34727,22.34727
Rps6ka2,21.74214,,20.30808,21.02511
Cmpk2,29.13068,28.42962,28.19456,28.42962
Arl8b,25.72936,26.90277,26.18234,26.18234
Rab39b,24.24445,23.48124,23.61583,23.61583
Ampd2,27.45317,26.04737,26.23292,26.23292
Atg7,26.87526,26.21319,25.28898,26.21319
Necab2,18.86958,21.36207,20.22294,20.22294
Dbi,,,19.29925,19.29925
Ccar1,26.98555,25.78242,25.43721,25.78242
Atrx,24.59349,24.40516,23.82852,24.40516
Vcam1,28.30704,27.09698,26.68872,27.09698
Atg2b,23.24745,21.89037,22.00333,22.00333
RtcA,27.1755,27.06784,27.44277,27.1755
Ube3c,25.47806,24.57392,24.42259,24.57392
Fam162a,27.99868,28.14438,27.06013,27.99868
Mesdc2,29.448,29.05825,29.04383,29.05825
Mrps9,27.22858,26.25965,26.18707,26.25965
Pycr2,30.86105,29.46383,29.45932,29.46383
Ehbp1,24.92547,24.02614,24.27888,24.27888
Wdr26,25.21227,24.58938,24.98477,24.98477
2015-03-02 00:00:00,29.43368,28.59139,28.84122,28.84122
Stmn2,25.25303,26.47769,26.38255,26.38255
Ero1l,27.85632,27.31086,27.91456,27.85632
Mcf2l,21.99258,21.43507,16.67893,21.43507
Acsf3,26.525,26.23577,25.38762,26.23577
Atl3,29.24036,28.29057,28.50813,28.50813
Arhgap23,21.244,19.80815,19.4925,19.80815
Dctn3,26.72819,24.22993,24.7399,24.7399
Slc16a1,31.29707,30.40832,29.52903,30.40832
Sarm1,24.66758,23.1306,23.33197,23.33197
Glyr1,27.40649,26.61456,26.2913,26.61456
Cntfr,15.68489,21.49712,17.63524,17.63524
Ranbp3,28.30669,27.43205,27.45034,27.45034
Cnn3,33.6784,32.65993,32.42612,32.65993
Ndrg2,21.79697,23.72505,19.89091,21.79697
Pam,23.63412,23.00101,22.53879,23.00101
Acin1,26.63339,25.84189,25.52471,25.84189
Atp9a,23.12182,23.9061,23.9619,23.9061
Ttyh1,26.04841,25.35595,25.42297,25.42297
Tmod1,27.37377,26.4707,25.85379,26.4707
Arfip2,25.90293,24.63478,24.819,24.819
Ptgr2,29.92068,28.29828,28.24136,28.29828
Daam2,23.92967,22.12827,21.64491,22.12827
Vps51,26.44402,24.17135,23.83692,24.17135
Hras,25.7531,25.73138,25.25566,25.73138
Ocrl,25.34614,22.9936,23.32691,23.32691
Fubp1,28.09919,27.55998,27.63865,27.63865
Sdhc,25.37925,24.19776,24.82289,24.82289
Spock2,25.30831,21.45929,20.6091,21.45929
Sncg,25.23692,22.46862,22.72478,22.72478
Limch1,27.6035,26.59946,26.31508,26.59946
Slc1a4,28.53786,27.23507,27.06199,27.23507
Exoc6b,26.82311,24.90219,25.07953,25.07953
Pdk1,27.09245,25.90139,25.31659,25.90139
Hnrnph3,28.55036,27.84882,27.96003,27.96003
Prrc2c,27.25259,26.01344,25.66907,26.01344
Gss,29.40999,28.36832,27.82007,28.36832
Grm2,,18.99811,,18.99811
Gnai3,28.21447,27.40625,27.56485,27.56485
Fn3krp,28.74185,28.37828,28.5486,28.5486
Arhgef11,23.94396,22.7286,22.49595,22.7286
Ppm1b,27.53964,27.04968,27.18943,27.18943
C2cd2l,25.46936,23.83932,23.49302,23.83932
Rnps1;Gm9825,27.48078,26.71764,26.73324,26.73324
Hmgcl,28.62944,27.78294,27.21494,27.78294
Prom1,26.00657,25.68654,24.61347,25.68654
Nif3l1,26.77165,25.75134,26.32932,26.32932
Arfip1,29.03165,28.50635,28.56045,28.56045
Bub3,28.74169,28.14778,30.6032,28.74169
Trappc3,29.30404,28.45619,28.05352,28.45619
Urod,28.29618,26.89631,27.01797,27.01797
Nudt11;Nudt10,27.98739,27.10029,27.41038,27.41038
Ptpn5,14.68847,,,14.68847
Gcsh,29.16801,28.22292,27.98961,28.22292
Pde10a,22.29309,22.08651,23.11666,22.29309
Crkl,29.56189,28.94715,28.88244,28.94715
Cmtr1,24.9178,24.96345,24.58755,24.9178
Ccdc47,27.82499,27.45607,27.48593,27.48593
Shroom2,26.2479,25.85583,25.45883,25.85583
Rab12,26.97301,25.99432,26.42365,26.42365
Arih1,26.78307,26.0503,25.53502,26.0503
Metap2,27.7611,27.22858,27.06999,27.22858
Kcnab2,,,,
Mat2b,28.39395,27.72683,27.39485,27.72683
Lnpep,26.80045,26.15126,26.33616,26.33616
Ccdc22,27.98359,26.9566,26.64444,26.9566
Rragc,28.87921,27.97136,28.32311,28.32311
Ubfd1,26.98076,26.12487,25.91677,26.12487
Dmd,24.82653,23.3577,22.85504,23.3577
Gpc1,27.70761,26.86384,26.84637,26.86384
Wasl,26.56152,25.75269,24.94855,25.75269
Trp53bp1,26.62715,25.40383,25.13442,25.40383
Ociad2,27.49251,27.04791,27.38764,27.38764
Sqstm1,28.12288,26.91125,27.17102,27.17102
Mink1,24.43924,23.7348,22.83838,23.7348
Wasf3,23.89143,23.65971,24.24096,23.89143
Micu3,22.94983,20.80585,22.38482,22.38482
Hectd3,24.2186,24.04093,23.62645,24.04093
Drg1,27.99502,27.58714,27.16068,27.58714
Rbm14,29.02477,28.0748,28.21248,28.21248
Arhgdib,29.85037,28.23091,27.70767,28.23091
Ago1,24.39911,23.4339,23.87033,23.87033
Fkbp8,29.13824,27.96697,27.89701,27.96697
Dock7,27.60816,26.90219,26.98729,26.98729
Tial1,27.51382,26.70636,26.68926,26.70636
Rps27,29.90225,29.84064,30.17629,29.90225
Cbl,26.63976,25.71211,25.35525,25.71211
Trp53i11,24.45318,23.87502,25.121,24.45318
Ddx42,26.78407,25.51617,25.92967,25.92967
Chmp2a,28.57784,28.09658,28.27968,28.27968
Lmo7,23.67001,22.81624,22.0232,22.81624
Naa10,28.73492,27.63907,27.91331,27.91331
Gmpr,29.83198,28.88911,29.34509,29.34509
Hnrnpk;Gm7964,26.21632,25.64935,24.83774,25.64935
Exoc8,26.17274,25.11235,24.80995,25.11235
Nck1,26.88157,26.65826,26.17955,26.65826
Lztfl1,29.34794,28.3506,28.41466,28.41466
Hecw2,17.45924,19.32551,20.69353,19.32551
Srrm2,26.35995,25.57095,25.00123,25.57095
Nudcd3,27.69617,26.39321,26.35008,26.39321
Magoh;Magohb,28.37269,28.01366,28.07979,28.07979
Supt6h,25.12668,24.09015,23.94851,24.09015
Eif3e,28.40397,27.9961,28.06157,28.06157
Prrc2a,25.57911,24.5779,24.71529,24.71529
Pdk3,26.6363,25.26585,25.08995,25.26585
Top1,27.71339,27.14394,27.40454,27.40454
Cdc16,26.29235,26.28346,25.83381,26.28346
Srp68,27.24554,26.91684,26.88332,26.91684
Dtna,27.8447,27.17122,26.7604,27.17122
Braf,26.6807,25.41303,26.23925,26.23925
Nt5c3a,27.331,26.8584,25.64974,26.8584
Nova1,25.93191,26.21514,24.21252,25.93191
Gng3,,,20.43431,20.43431
Lypla2,28.61224,27.67526,27.07511,27.67526
Slc9a6,26.24833,24.58383,24.77901,24.77901
Rps6ka5,25.75129,24.66758,24.48007,24.66758
Zfr,26.96466,25.90731,25.8683,25.90731
Fam129b,28.33339,27.22499,27.30748,27.30748
Dnaja4,27.97776,27.39705,27.33952,27.39705
Nup155,26.79079,26.50516,25.94163,26.50516
Atp5e,31.29028,29.43506,30.22216,30.22216
Syn1,17.72214,20.0047,18.29477,18.29477
Snrpa;Gm5145,28.98476,28.60424,29.12206,28.98476
Ankfy1,27.68619,26.79959,26.74945,26.79959
Cdh11,23.71973,21.10815,20.82415,21.10815
Pmpcb,29.23934,27.74727,28.18054,28.18054
Habp4,25.98815,24.47877,24.36326,24.47877
Manf,30.39907,30.50919,30.71498,30.50919
Trappc11,23.80882,23.70451,23.97998,23.80882
Ccdc104,28.77011,28.22798,27.60717,28.22798
Msi2,29.94475,29.43484,29.06628,29.43484
Arvcf,28.7774,27.64107,27.11595,27.64107
Cdc26,28.92524,28.29872,28.29715,28.29872
Atp13a1,26.42638,25.31793,25.47305,25.47305
Folh1,25.27998,23.92705,24.54834,24.54834
Vps28,27.99162,27.07204,26.78332,27.07204
Sall2,27.28021,27.73383,26.45962,27.28021
Coro2a,20.44647,21.33156,21.88282,21.33156
Mast2,23.79798,22.80365,22.146,22.80365
Plxnd1,21.55787,18.58652,17.88578,18.58652
Gabarapl2,26.99183,25.20888,26.09217,26.09217
Dnajc8,28.69677,28.33662,28.39125,28.39125
Rps23,31.46344,31.01259,31.12201,31.12201
Dnaja3,28.08055,27.29605,27.62527,27.62527
Rasa3,24.66291,24.58118,24.12566,24.58118
Fam114a2,26.65731,25.46192,25.32502,25.46192
Lin7c,30.89742,29.89836,30.53325,30.53325
Ptrh2,27.54885,27.90604,28.06281,27.90604
Usp8,26.72025,25.79119,25.51674,25.79119
Sik3,25.91034,24.42829,24.45457,24.45457
Wdr11,26.49179,25.72323,25.98031,25.98031
Tpm1,28.26521,28.85689,28.36907,28.36907
Arhgef12,27.13673,25.99634,25.92162,25.99634
Exoc3,26.32344,25.45989,25.77246,25.77246
Ppp6r2,23.26999,24.91063,23.9839,23.9839
Prickle2,21.86884,22.02665,22.34175,22.02665
Arf5,27.96113,27.40088,27.5087,27.5087
Lancl1,26.94414,27.80212,27.19995,27.19995
Slc6a9,26.72962,25.74568,25.5668,25.74568
Gamt,26.3395,25.18892,24.48007,25.18892
Gbf1,25.91682,24.49014,24.62645,24.62645
Scyl1,26.48742,25.49625,25.41112,25.49625
Svop,22.43405,21.49824,20.54529,21.49824
Plrg1,27.16039,26.29717,25.9657,26.29717
Dgki,24.47686,23.43479,23.64691,23.64691
Luc7l2,28.29057,27.72553,27.65895,27.72553
Rims2,20.89556,18.44213,19.62038,19.62038
Ate1,27.72501,26.04731,26.68177,26.68177
Arsb,28.66363,28.69571,28.58606,28.66363
Pik3r4,25.59215,24.93206,24.79069,24.93206
Akap9,24.84479,24.19596,23.77052,24.19596
Rpl38,29.21588,28.77364,28.56924,28.77364
Slc1a6,22.40824,,,22.40824
Impdh2,28.56725,27.8568,28.34803,28.34803
Cstf2,28.55563,27.54001,27.21484,27.54001
Gcdh,29.4374,27.93573,27.7395,27.93573
Pgm3,28.21813,27.52156,27.50574,27.52156
Pgap1,23.35891,21.98735,21.61009,21.98735
Cacna1e,,17.68044,20.62694,19.15369
Pafah1b3,26.16665,26.35432,25.69959,26.16665
Dcaf7,27.18612,26.62296,27.28516,27.18612
Numbl,26.50537,25.41944,25.42682,25.42682
Gclm,29.03774,28.52062,27.98011,28.52062
Agfg1,27.34773,26.98076,27.1045,27.1045
U2af1,27.49305,26.75685,27.3928,27.3928
Cyp2d22,26.13083,25.69718,24.89758,25.69718
Rptor,25.82999,24.81817,24.63561,24.81817
Sephs1,28.09788,27.39272,27.69392,27.69392
Mark1,22.39126,22.03896,21.97589,22.03896
Ssrp1,27.25485,27.23489,27.3304,27.25485
Rps6kc1,24.09909,24.14367,25.98388,24.14367
D430041D05Rik,20.84567,20.22576,22.96865,20.84567
M6pr,27.38261,27.17722,27.38772,27.38261
Lrrc40,26.86526,25.43135,25.54751,25.54751
Pddc1,28.74021,28.05196,28.09939,28.09939
Rgs10,27.24209,27.07908,26.85341,27.07908
Gm20521,26.93236,26.47099,26.26535,26.47099
Agpat4,27.99529,26.90507,27.14462,27.14462
Dmxl1,22.89063,22.00772,21.85992,22.00772
Mapk8,22.17928,21.80392,21.78277,21.80392
Ddhd1,23.19176,21.16042,21.36954,21.36954
Gabra1,,19.27376,19.67143,19.472595
Smcr8,24.53694,23.77213,22.96317,23.77213
Plcb3,27.40536,26.58578,26.48517,26.58578
Mob4,27.23663,27.04051,26.5085,27.04051
Appl2,29.08735,28.02591,27.52328,28.02591
Tbcel,27.17217,26.59548,26.59534,26.59548
Wdr77,28.69265,27.88064,28.17389,28.17389
Atxn2l,27.90639,26.57029,27.33943,27.33943
Ctps1,27.66458,27.27106,26.93753,27.27106
Elavl3,20.13946,24.35783,25.11866,24.35783
Fsd1l,25.76469,25.49997,25.25541,25.49997
Commd9,27.8818,26.33739,26.92411,26.92411
Pign,24.09305,22.70022,21.42752,22.70022
Evi5l,23.04425,22.73851,23.07969,23.04425
Acy1,28.20121,27.33236,27.61034,27.61034
Xpo7,25.68758,25.18082,24.73443,25.18082
Pak3,26.29602,26.70345,26.38686,26.38686
Aimp2,27.86938,26.55707,26.77744,26.77744
Scn1b,22.9113,,21.22594,22.06862
Armc1,28.63079,27.2632,26.8662,27.2632
Ndufab1,30.38402,30.45523,29.76402,30.38402
Crat,28.91752,27.90047,27.94056,27.94056
Rcc2,29.77905,28.91082,29.70255,29.70255
Tmpo,29.3043,28.13736,28.15364,28.15364
Gorasp2,29.72633,28.54285,28.65291,28.65291
Atl2,24.39297,23.03976,24.33463,24.33463
Memo1,27.48347,26.65116,26.85353,26.85353
Ahnak2,28.13545,26.70279,27.13075,27.13075
Son,26.23411,25.36025,25.44288,25.44288
Tsr2,28.1562,27.06394,27.61217,27.61217
Zfyve1,25.26814,24.02724,23.21433,24.02724
Smarca5,27.18348,26.33681,25.9847,26.33681
Rab6b,21.71255,19.97183,21.21419,21.21419
Lnp,27.40973,26.07983,25.66311,26.07983
Atp6ap2,25.13297,25.44957,25.38611,25.38611
Cops7a,29.38922,28.53453,28.45799,28.53453
Acyp2,26.09432,27.52574,26.67425,26.67425
Lzic,29.35309,28.48255,29.22913,29.22913
Dip2c,24.93215,23.4339,24.32924,24.32924
Rprd1a,26.87314,25.79672,25.80346,25.80346
Igsf21,21.28681,20.556,20.42378,20.556
Ppp1r2,29.66275,29.07801,29.06748,29.07801
Tmsb4x,31.78753,31.40436,31.21176,31.40436
Cdk16,25.90603,25.74684,26.06264,25.90603
Eps8,26.37066,25.11803,25.27586,25.27586
Slc9a1,23.77254,21.83024,21.15573,21.83024
Slc24a2,,,17.74406,17.74406
Isoc2a,24.54622,20.43909,21.45493,21.45493
Tmem65,28.09421,27.77077,27.55017,27.77077
Cul4a,25.96486,25.23841,25.85683,25.85683
Tubgcp2,25.62514,24.56639,24.22913,24.56639
Rbfox2,26.28567,25.29158,25.69448,25.69448
Tpm4,32.56429,32.44525,32.09011,32.44525
Aldh4a1,28.08167,27.73234,27.70688,27.73234
Scarb2,29.28443,28.00131,28.19046,28.19046
Nav1,21.8994,21.53445,22.25269,21.8994
Reep5,28.19489,28.57423,28.58924,28.57423
Nacad,26.43012,23.02867,25.60848,25.60848
Eef1e1,27.07877,26.22105,26.82396,26.82396
Psd,19.01577,20.99155,19.49228,19.49228
Atpaf1,25.34628,25.57173,25.8598,25.57173
Scn2b,15.73495,16.46504,,16.099995
Eps8l2,20.22588,,,20.22588
Ppfia4,20.29558,21.45146,22.51121,21.45146
Rcn1,28.76872,28.52073,28.42085,28.52073
Timm50,28.78226,27.99281,28.35077,28.35077
Amer2,22.24371,21.84923,22.17237,22.17237
Ppif,28.38714,27.57506,27.72136,27.72136
Prpsap1,27.964,27.34333,27.25088,27.34333
Grk6,23.37146,22.98765,22.02658,22.98765
Cyth2,24.82284,23.57693,22.54217,23.57693
Zc3h15,27.1033,26.51516,26.3089,26.51516
Prkra,27.76034,27.19357,27.47676,27.47676
Hdhd3,28.04952,28.06214,28.14545,28.06214
Smchd1,24.98398,23.77153,24.3648,24.3648
Akt3,24.93364,23.92388,23.32017,23.92388
Hspb1,30.38956,29.3014,29.34642,29.34642
Ddc,,,,
Zmpste24,28.14914,26.96389,27.1601,27.1601
Tpp1,29.14567,28.78394,28.85055,28.85055
Ptbp1,30.89309,30.17997,30.29625,30.29625
Tiprl,28.54749,27.52216,28.04568,28.04568
Xpo5,25.64625,25.1037,25.46311,25.46311
Grcc10,22.38026,20.34646,21.48631,21.48631
Srsf11,28.71532,27.57514,26.50447,27.57514
Kcna2,,,20.10649,20.10649
Ago2,28.14836,25.73433,25.47782,25.73433
Serpinb1b,20.69124,21.11089,20.65456,20.69124
Nagk,27.82244,27.64691,26.97574,27.64691
Mon2,24.86674,24.14484,23.71502,24.14484
Dkc1,27.30739,26.98848,26.5698,26.98848
Pigs,25.30904,24.86543,23.41674,24.86543
Timm13,31.20525,30.56184,30.1919,30.56184
Vbp1,27.30025,26.63768,27.35288,27.30025
Ilk,29.45466,28.48965,28.38702,28.48965
Cluh,26.35118,25.35037,25.21841,25.35037
Mrps36,31.15164,29.91727,30.0342,30.0342
Creld1,24.96305,24.48935,24.96499,24.96305
Fam213b,24.17919,24.54097,24.69434,24.54097
Fnbp1l,24.75272,22.84841,23.73428,23.73428
Stub1,27.36953,26.87526,27.46014,27.36953
Ube4b,26.25814,25.97297,25.8915,25.97297
Sec16a,26.78868,25.26803,24.81631,25.26803
Ablim3,15.5391,19.91631,19.638,19.638
A830010M20Rik;Kiaa1107,20.54255,20.11579,17.66393,20.11579
Flad1,23.78915,23.74991,22.90518,23.74991
Smap2,26.79971,25.72814,25.8158,25.8158
Tor1aip1,28.60194,27.08932,27.54185,27.54185
Nt5c2,26.17085,25.34171,24.8805,25.34171
Clpb,26.58821,25.93672,26.10582,26.10582
Pdlim5,31.48808,30.7117,30.61509,30.7117
Eif2b2,27.51751,26.16233,26.51907,26.51907
Palm,23.34611,22.06352,,22.704815
Tiam2,21.2451,20.31263,19.72908,20.31263
Lamp1,31.23786,30.40649,30.05814,30.40649
Cdipt,26.36993,25.91388,26.12074,26.12074
Gbe1,27.75436,27.183,27.31155,27.31155
Mpdz,27.40186,26.5705,26.25931,26.5705
Uap1l1,29.02878,27.91125,27.71096,27.91125
Tbcd,27.05383,25.86346,25.84269,25.86346
Fam120c,28.80418,27.88594,27.73124,27.88594
Ethe1,27.99981,27.99037,28.10305,27.99981
Ddi2,26.54032,26.20784,25.98242,26.20784
Nckipsd,22.62359,23.11313,22.39318,22.62359
Cdc42,19.86248,,18.58274,19.22261
Mtatp8;mt-Atp8,29.69269,27.32148,27.47723,27.47723
Ppp2r2d,26.33147,25.15136,25.43081,25.43081
Dnajb11,29.52399,28.98153,29.43887,29.43887
Arhgap39,24.76061,21.43924,21.69774,21.69774
Crocc,26.32846,24.17219,25.01576,25.01576
Atxn2,26.98609,25.76987,26.07965,26.07965
Ubl4a,28.27039,26.36668,27.2756,27.2756
Hap1,23.53469,19.61456,21.46697,21.46697
Scn1a,,,,
Tpm3,28.57221,27.18234,28.13428,28.13428
Zfml;Znf638,25.22115,23.92461,24.07692,24.07692
Hint3,26.90334,26.90793,26.17467,26.90334
AI837181;Bles03,26.22076,25.81612,25.0554,25.81612
Anp32b,30.78324,30.11396,30.11247,30.11396
Acad10,27.08152,25.86604,25.53715,25.86604
Seh1l,26.91673,26.14406,26.87256,26.87256
Ufd1l,28.90776,28.38891,28.38001,28.38891
Fam98b,29.29975,28.45666,28.60975,28.60975
Acsl3,27.58792,26.58205,26.13148,26.58205
Pik3r1,25.25407,24.07936,24.39447,24.39447
Ostf1,29.36545,28.1277,28.45333,28.45333
Camsap3,22.32891,20.01672,21.09378,21.09378
Copg2,27.58312,26.83002,26.55255,26.83002
Nup205,25.77942,24.85894,24.95096,24.95096
Adam11,,16.25604,,16.25604
Snap25,,,,
Ddx3x,27.33731,26.14032,25.94869,26.14032
Ythdf3,27.75913,26.23803,26.3221,26.3221
Hdac4,24.95943,24.41015,24.14126,24.41015
Vps39,26.27515,25.70311,25.25789,25.70311
Aip,27.93927,27.50582,27.77455,27.77455
Pdpr,27.67627,26.13252,25.95759,26.13252
Ubtf,27.48031,26.66194,26.94637,26.94637
Nrxn2,23.8839,23.64746,21.93901,23.64746
C1qb,24.89227,24.15283,23.99481,24.15283
Arfgap2,27.85721,26.94659,27.37318,27.37318
Smarca4,26.77631,25.33828,24.58755,25.33828
Vps41,26.73027,25.36008,25.07455,25.36008
Pgm2,28.97197,28.56837,28.39513,28.56837
Etnppl,,,,
Lrrc8a,27.26973,26.41137,25.84766,26.41137
Spg7,25.88169,24.92266,24.47234,24.92266
Clstn1,20.57358,20.72717,22.23628,20.72717
Enah,28.16082,27.36494,27.85858,27.85858
Fam131b,,20.32454,,20.32454
Mlycd,26.03819,24.27341,24.43039,24.43039
Asl,28.34261,27.12238,27.49259,27.49259
Ncor2,25.95127,25.92807,25.94174,25.94174
Bola1,28.20336,27.2478,27.36761,27.36761
,28.4402,26.69883,26.60428,26.69883
Cdkl5,22.0555,21.70206,22.05321,22.05321
Als2,22.91388,22.63748,23.58279,22.91388
Rab24,26.85258,26.87888,25.57871,26.85258
Nsun2,26.55377,26.31602,26.27583,26.31602
Adcy5,23.47618,,20.51788,21.99703
Ppp2r5c,25.22799,21.78245,22.82485,22.82485
Rpl22,32.45616,31.7431,31.59961,31.7431
Isoc1,27.80261,27.24672,26.86006,27.24672
Itih3,25.37597,24.20187,25.10061,25.10061
Kcnj10,29.90527,29.22039,28.91162,29.22039
Ndel1,25.95147,24.77801,24.46824,24.77801
Emc8,28.4538,27.57586,28.0804,28.0804
Gucy1a3,,20.50795,20.58912,20.548535
Ppp2r5a,28.02739,26.82953,26.76699,26.82953
Sart3,27.34443,26.44771,26.23869,26.44771
Pithd1,27.80901,26.33366,25.74175,26.33366
,24.51189,22.34052,22.55962,22.55962
Plin3,29.49463,28.20555,28.12834,28.20555
Znfx1,25.75725,24.92379,24.48013,24.92379
Tagln2,33.68958,32.74387,32.78093,32.78093
Rab18,29.22159,28.86452,29.15187,29.15187
Camsap1,22.80591,22.73723,22.02995,22.73723
Lgi2,,14.86147,,14.86147
Pde4d,22.68782,21.61464,22.21478,22.21478
Ddhd2,23.91789,23.31424,23.34191,23.34191
Tceal3,26.76976,28.00913,28.34338,28.00913
Ca4,,,,
Rhot1,27.87567,26.54123,26.5969,26.5969
Abhd16a,26.26671,24.55339,24.73024,24.73024
Ttr,21.33941,20.40322,20.34668,20.40322
Cbr3,29.48819,28.37011,28.89047,28.89047
Mtfr1l,28.75296,27.66614,27.41248,27.66614
Tmem163,23.23064,22.15208,23.12135,23.12135
Prune2,24.66395,23.06288,22.26805,23.06288
Rasal2,22.26339,21.16632,21.94063,21.94063
Itga6,27.17379,25.95174,25.55558,25.95174
Micu1,26.11442,25.69285,25.30093,25.69285
Diras1,,21.30814,22.21401,21.761075
Acads,30.36942,29.34995,29.17638,29.34995
Rpl28,31.28951,30.61052,31.1454,31.1454
Ksr1,21.82559,19.8084,21.09713,21.09713
Tcea1,29.44156,28.65571,29.27899,29.27899
Samhd1,28.12716,27.45411,27.14657,27.45411
Sdcbp,31.07406,30.18589,30.09169,30.18589
Itgb1,30.01505,29.01885,28.96815,29.01885
Nt5c3b,27.15219,26.76383,27.17465,27.15219
Diap2;Diaph2,26.35114,25.71712,25.34932,25.71712
Hnrnpul1,28.29942,27.63006,27.23973,27.63006
Rps24,28.95263,28.67,28.78397,28.78397
Hist1h1a,30.79149,30.71334,30.52309,30.71334
Pmm2,28.28987,27.40235,27.66418,27.66418
Nup62,29.04586,27.17646,27.21327,27.21327
Sltm,25.98018,25.75901,25.44809,25.75901
Tdrkh,28.29959,26.79996,26.46494,26.79996
Cpne2,28.75092,27.72923,27.76509,27.76509
Man2c1,26.74612,25.40269,25.59417,25.59417
Gga1,27.26302,26.34702,26.20398,26.34702
Gabrg2,13.81127,,21.059,17.435135
Kiaa1033,25.5559,25.10805,24.77324,25.10805
Acot2,28.44059,27.61267,28.20951,28.20951
Kif21b,24.4249,24.42406,24.38726,24.42406
Map4k3,24.01154,24.3025,22.45568,24.01154
Rilpl1,26.60795,26.01822,25.77997,26.01822
Heatr5b,24.16829,22.85022,22.77856,22.85022
Rtn3,24.83176,24.05416,23.4438,24.05416
Cplx3,,,,
Ppp2r2c,20.61486,,,20.61486
Paip1,27.69053,26.90323,26.45047,26.90323
Ric8a,26.98945,26.20098,26.36926,26.36926
Tarsl2,23.46426,22.28529,22.57432,22.57432
Oplah,29.34653,28.52824,28.52884,28.52884
Pgrmc2,29.2871,28.37377,28.71273,28.71273
Diap1;Diaph1,25.78387,24.51412,24.76956,24.76956
Mrpl1,27.98631,25.81914,26.31322,26.31322
Baiap3,,19.16945,,19.16945
Dnajc16,23.30159,22.40564,21.97994,22.40564
Wipi2,28.01691,26.9157,26.7024,26.9157
Camkk1,23.58497,21.96593,22.14855,22.14855
Rab9b,,20.21347,,20.21347
Nwd2,19.63094,19.18185,17.70563,19.18185
Bcar1,24.45375,23.04785,22.63856,23.04785
Palm2;Palm2Akap2,20.13721,18.26572,17.33473,18.26572
Ica1,18.70171,20.9733,21.60851,20.9733
Actn1,27.08121,27.70622,26.7078,27.08121
Pten,24.72078,23.93139,23.5122,23.93139
Rpl18a,30.69777,30.65702,30.77839,30.69777
Vps4b,27.33688,26.65363,26.46524,26.65363
Rab4a,26.86868,26.03034,28.17774,26.86868
Tra2a,27.44166,26.01427,26.96719,26.96719
Mtmr1,25.2661,22.58192,23.15729,23.15729
Csnk1d,24.93607,25.02284,24.26885,24.93607
Chmp7,25.63315,25.97601,25.79335,25.79335
Guk1,26.86561,26.84062,26.95327,26.86561
Dynlt1,29.21785,28.40231,28.82043,28.82043
Ufsp2,27.488,25.4754,26.07865,26.07865
Wdfy1,28.10629,27.75181,27.69783,27.75181
Gipc1,28.81207,27.53178,27.87426,27.87426
Mtx1,27.30852,26.26753,26.80156,26.80156
Adi1,28.4972,27.75805,27.63927,27.75805
,27.26141,27.62157,27.0592,27.26141
Npl,29.87922,28.57971,28.5932,28.5932
Vps33a,25.98216,24.93414,25.08873,25.08873
Mrpl12,28.91522,27.2779,27.90656,27.90656
Mblac2,25.62296,23.92796,24.35642,24.35642
Pde6d,28.96851,28.70997,28.9384,28.9384
Ncoa7,21.56871,20.23327,20.71842,20.71842
Csk,26.08886,25.88872,25.04593,25.88872
Itsn2,23.66481,22.26754,22.43258,22.43258
D17Wsu104e,29.82086,29.26732,29.72805,29.72805
Supt5h,26.3972,26.04302,26.08647,26.08647
Yars2,25.42991,24.72489,24.98859,24.98859
Lama4,24.16913,22.7331,22.43107,22.7331
Phkb,25.43473,24.41571,24.5583,24.5583
Mtnd5;mt-Nd5,26.1636,24.5817,24.34584,24.5817
Gid8,25.69288,25.30549,24.96825,25.30549
Lsm4,25.76294,26.06349,26.5979,26.06349
Gria4,20.30719,19.71282,19.84603,19.84603
Serpina1a,,,,
Tubg1,26.19043,25.7464,25.2228,25.7464
Dopey2,22.14488,21.19617,20.31904,21.19617
Pex19,28.79702,27.19892,27.30356,27.30356
Fn3k,23.04986,22.30641,22.21196,22.30641
Serpine2,29.13217,28.55881,28.62052,28.62052
Chd2,25.77329,22.71373,23.41609,23.41609
Cpne4,21.12584,20.51807,,20.821955
Strbp,24.4899,22.92951,23.51485,23.51485
Wdr61,27.92485,27.15306,27.76503,27.76503
Znf326;Zfp326,27.62791,26.45001,26.10681,26.45001
,,,,
Ccsap,,21.57469,,21.57469
Gba,28.96381,28.23288,28.06687,28.23288
Herc4,25.27838,25.34554,25.36246,25.34554
Snrpc,29.45574,27.11833,28.4832,28.4832
Zadh2,29.35117,27.93405,28.0348,28.0348
Hspa12b,,,,
Fmr1,26.56299,25.39542,25.63048,25.63048
Arhgef33,,18.10896,,18.10896
Fbl,28.08446,28.28745,28.30939,28.28745
Sez6l2,23.25753,19.54263,,21.40008
Pank4,23.49777,23.35824,23.22205,23.35824
Cryzl1,27.34138,26.461,26.59064,26.59064
Eef1d,25.54822,25.15854,24.76956,25.15854
Elp2,27.18764,26.3446,26.22299,26.3446
Fibp,25.28221,24.2129,24.45707,24.45707
Tsc2,24.70646,23.96182,23.72848,23.96182
Rheb,27.96835,27.22196,26.60738,27.22196
Wdr13,26.15364,25.16162,25.42291,25.42291
Pls1,25.43463,23.88017,24.50888,24.50888
Gng12,29.1281,27.17341,27.13526,27.17341
Nup133,26.18843,25.17268,25.27522,25.27522
Pik3c3,25.55306,24.03633,23.89115,24.03633
Acp1,30.1581,29.06543,29.80195,29.80195
Ctnnbl1,25.99108,25.20583,26.20965,25.99108
Mtx3,21.64002,23.47741,20.53003,21.64002
Map9,24.39499,22.88841,24.00496,24.00496
Prmt8,,20.04006,21.58793,20.813995
Nol3,25.91002,23.31921,22.23795,23.31921
Mecr,29.28275,27.00892,27.52664,27.52664
Comt,26.69617,26.06897,26.37935,26.37935
Igbp1,27.92959,26.514,26.80169,26.80169
Faf2,28.97577,27.73989,27.48001,27.73989
Fkbp15,27.57283,26.27975,25.75233,26.27975
Prkab2,24.37498,25.43469,23.99213,24.37498
Gstm7,24.3889,23.02682,22.77802,23.02682
Ccdc93,27.70603,26.9577,26.92603,26.9577
Th,21.8987,19.9631,19.97309,19.97309
Khdrbs3,27.76724,26.65103,26.91216,26.91216
Usp10,25.7335,25.72213,25.4665,25.72213
Stam2,27.98435,26.73402,27.03339,27.03339
Abcb8,26.43568,25.39467,25.65278,25.65278
Acbd3,29.20955,28.52671,28.52148,28.52671
Lypla1,28.75595,26.81066,27.02686,27.02686
Commd8,26.96312,24.70636,26.20894,26.20894
Dhx30,24.54256,23.73376,23.65981,23.73376
Syt3,24.8225,24.08974,23.60388,24.08974
Ptpn1,26.82481,26.38251,26.06322,26.38251
Zzef1,22.26445,21.45025,21.67098,21.67098
Mcee,27.68378,25.55432,25.74253,25.74253
Fxr2,26.9941,25.57124,25.98174,25.98174
Tgm2,29.08636,27.93871,27.1378,27.93871
Nrbp2,27.06599,26.55208,23.99455,26.55208
Anpep,25.99341,23.97771,22.33112,23.97771
Papss1,27.20396,26.54648,26.5228,26.54648
Timm9,26.83641,25.92893,24.54846,25.92893
Rftn2,26.94101,25.83892,25.12704,25.83892
Mrps5,24.87329,24.44607,23.88781,24.44607
Arhgef1,26.19372,24.84551,24.91214,24.91214
Snrnp40,28.21276,27.49983,27.60527,27.60527
Ppp1r12c,27.65738,26.81507,26.67169,26.81507
Itgb8,24.87947,24.25652,25.15877,24.87947
Tacc2,22.75853,21.77439,20.87725,21.77439
Sphkap,22.33235,21.25344,21.63214,21.63214
Myg1,29.35658,28.50412,28.59648,28.59648
Ppp1r17,16.1296,,21.0594,18.5945
Avl9,23.88893,23.63688,24.18745,23.88893
Ddx46,26.64856,25.98022,26.26949,26.26949
Lman1,29.80543,29.64401,29.20151,29.64401
Pvrl1,21.10597,23.75969,20.70202,21.10597
Iqsec3,19.44833,,16.70185,18.07509
Srpk1,24.77087,22.14043,23.33565,23.33565
Snx7,26.62756,25.47846,26.05012,26.05012
Supt16;Supt16h,27.33943,26.69936,26.9824,26.9824
Clybl,28.71937,27.67371,27.34959,27.67371
Abhd11,25.99412,25.19411,25.66942,25.66942
Thumpd1,24.86736,25.27213,25.46476,25.27213
Denr,28.80082,27.58992,27.46552,27.58992
Rpa1,26.16712,26.18113,26.39197,26.18113
Rexo2,29.40752,28.2305,28.58706,28.58706
Abcb9,21.39973,20.75931,21.12022,21.12022
Cpt1a,29.89387,28.84799,28.39746,28.84799
Akt1,25.80314,25.71699,25.16484,25.71699
Sbds,29.48285,29.20539,28.59612,29.20539
Ubp1,26.09778,26.05935,25.39192,26.05935
Rsu1,30.08689,29.02327,28.69235,29.02327
Cdyl,25.54651,24.92922,21.22052,24.92922
Pcsk2,20.65237,,18.266,19.459185
Abcf1,27.31544,26.3623,26.5952,26.5952
Usmg5,31.18074,29.61779,29.61609,29.61779
Cacng8,21.87106,,20.5417,21.20638
Mcam,23.43644,22.51648,20.90338,22.51648
,26.16764,25.16917,24.99386,25.16917
Wdr54,28.6001,28.55413,28.66292,28.6001
Nudt2,28.84029,28.1489,27.97005,28.1489
Tbce,27.08324,26.0684,26.17091,26.17091
Pla2g7,27.60357,26.5015,26.45053,26.5015
Clvs1,,20.28331,19.83884,20.061075
Slc25a42,22.31169,20.93056,20.17621,20.93056
Txndc17,29.64549,29.33763,29.12874,29.33763
Mien1,28.03118,27.67674,25.82782,27.67674
Gcat,27.88733,27.1035,26.7424,27.1035
Pcp2,,,,
Gdpd1,25.99774,24.03699,24.99628,24.99628
Extl2,26.97498,25.52597,26.08036,26.08036
Map6d1,,15.5673,22.29286,18.93008
Sparc,29.30733,28.1999,27.76059,28.1999
Cpt2,29.16332,28.30361,28.46057,28.46057
Map2k6,23.42509,22.68693,24.17211,23.42509
Cpd,25.85448,24.45695,24.85695,24.85695
Ccdc177,25.13653,23.69922,24.83099,24.83099
Ampd3,27.57967,27.13741,27.66085,27.57967
Nup93,27.65595,26.99992,26.72871,26.99992
Ap3m1,26.39798,25.62414,25.27238,25.62414
Tmem9b,24.89518,25.05034,25.27576,25.05034
Abhd6,26.4938,25.61217,25.99127,25.99127
Aarsd1,26.9706,26.22545,26.33744,26.33744
Sel1l,26.43616,25.42624,24.93647,25.42624
Chmp5,30.19049,29.08785,28.79101,29.08785
Brox,28.29732,26.37474,26.4938,26.4938
Pfdn2,29.94,28.78771,28.93918,28.93918
Smarce1,27.14521,26.11357,25.90389,26.11357
Plxnc1,20.63502,20.19364,22.46725,20.63502
Casp3,27.46933,26.60385,26.14598,26.60385
Gbp9,25.10621,26.54279,24.37113,25.10621
Mrps25,27.00453,25.6267,24.82837,25.6267
Tax1bp1,23.88958,23.24934,23.18627,23.24934
Gfpt1,28.32822,28.26937,28.33594,28.32822
Naga,30.50975,29.50654,29.52561,29.52561
Usp11,24.8949,23.94333,23.58795,23.94333
Fam91a1,25.25018,25.04976,25.19468,25.19468
Anp32e,29.37586,28.623,28.35666,28.623
Glrx,29.8247,28.01728,27.927,28.01728
Carm1,26.54435,26.17186,25.60498,26.17186
Stxbp3,27.50469,27.00774,26.76724,27.00774
Robo2,23.48013,21.85388,22.66975,22.66975
Tspan2,,,,
Ppp1r1a,26.42182,26.00719,26.29432,26.29432
Dgkh,22.52468,20.90676,21.76616,21.76616
Inpp5j,14.85958,21.75943,20.50659,20.50659
Usp32,21.66618,20.32915,20.75662,20.75662
Erlec1,24.91962,23.70514,23.49412,23.70514
Dtd1,27.47189,26.59463,27.25431,27.25431
Cnnm1,21.47902,21.76826,19.91542,21.47902
Lsm14a,27.104,26.95947,26.86644,26.95947
Nudt5,28.413,27.93005,27.92999,27.93005
Slc30a3,,,,
mt-Nd4;Mtnd4,26.50365,26.4357,25.53433,26.4357
Luzp1,25.48348,24.44221,24.1801,24.44221
Pnpla8,26.73647,24.93396,24.94074,24.94074
Iqgap2,28.6195,27.36319,27.26258,27.36319
Cmbl,26.1241,25.50164,24.63079,25.50164
Tmem43,30.29614,29.51706,29.70184,29.70184
Snrpa1,29.29898,28.34138,28.32109,28.34138
Tsta3,28.26047,27.80882,26.97826,27.80882
Chm,26.1507,25.59101,25.16388,25.59101
,26.65513,25.88886,26.07694,26.07694
Smu1,28.023,27.44608,27.76534,27.76534
Fez1,26.20507,25.51752,24.88129,25.51752
Raly,28.11768,27.55618,27.62854,27.62854
Trmt10c,26.93629,25.69564,25.38341,25.69564
Jup,28.22536,26.50538,26.40542,26.50538
Gramd1b,22.11038,21.10175,23.02469,22.11038
Lamb1,25.39921,23.56174,22.90533,23.56174
Cpne1,27.31553,27.24082,27.20303,27.24082
Slc9a3r2,26.26442,26.43562,25.85802,26.26442
Slc25a46,26.59761,25.69107,25.3908,25.69107
Mycbp2,24.31914,23.65981,23.36706,23.65981
Abhd10,27.32234,25.77764,25.98237,25.98237
Bai3,21.45724,20.966,19.14753,20.966
Dhx36,26.01321,25.47299,25.68469,25.68469
Fmn2,26.98772,25.43122,25.40921,25.43122
Pfdn1,25.72861,24.50543,26.12898,25.72861
Spire1,22.65375,22.89108,22.32893,22.65375
Mrps27,26.62575,25.43253,25.37285,25.43253
Prkag2,26.35256,23.24201,25.28337,25.28337
Tamm41,27.06897,25.92012,25.85327,25.92012
C2cd5,26.92059,23.36105,23.15235,23.36105
Cacnb3,25.50197,25.35303,22.70394,25.35303
Gm20498,26.15769,26.02179,25.78828,26.02179
Enpp5,26.41406,27.63713,26.51072,26.51072
Dcun1d1,24.92674,24.96706,25.51099,24.96706
Strn4,27.40779,25.67724,26.28905,26.28905
Ipo11,24.76583,22.91313,23.3688,23.3688
Dnajc7,27.4977,26.56771,26.40604,26.56771
Cdkn1b,28.1049,27.95283,27.82663,27.95283
Gbp5,27.26589,26.41443,26.13461,26.41443
Epn3,,20.88308,,20.88308
Tacc1,26.50314,25.49439,25.20139,25.49439
Ik,26.74753,26.13246,26.44274,26.44274
Zc2hc1a,26.71306,25.84953,25.79266,25.84953
Psme3,27.94871,27.3274,27.02929,27.3274
Polr2a,25.57799,24.70145,24.76076,24.76076
Ranbp9,26.24786,25.58038,25.41409,25.58038
Msi1,29.47332,28.8067,28.97375,28.97375
Cdc23,27.61189,26.25778,26.00526,26.25778
Clptm1,28.17455,26.21382,26.51415,26.51415
Nop58,28.69876,28.07209,28.17731,28.17731
0610011F06Rik,28.12564,27.11237,28.04911,28.04911
Bri3bp,25.57782,25.23213,25.28231,25.28231
Golga4,24.92334,24.58325,24.10366,24.58325
Pcdh7,22.1983,21.6793,21.26109,21.6793
Aplp2,24.66362,23.9798,23.43199,23.9798
Dynlt3,30.12485,28.32856,28.67916,28.67916
Tmem256,30.33031,29.98644,30.40538,30.33031
Amacr,25.8815,25.68803,25.77595,25.77595
Crot,27.0277,25.70922,26.01655,26.01655
Gstk1,28.53338,26.19295,26.28502,26.28502
Bzw1,28.7107,27.82159,28.0267,28.0267
Vps11,26.56687,25.72609,26.05916,26.05916
Gsk3a,26.74445,25.25908,25.33593,25.33593
Eif3k,28.40044,28.05486,28.12045,28.12045
Eftud1,26.56005,25.56973,25.51036,25.56973
Plcd1,28.95707,28.14102,28.02807,28.14102
Immt,26.08136,23.08013,24.26234,24.26234
Dgke,23.43708,20.08369,22.67881,22.67881
Arl6,29.11709,27.57881,28.00443,28.00443
Col6a3,21.54359,20.10495,18.97718,20.10495
Rgs8,,19.69699,,19.69699
Fam160b1,24.64493,24.07529,23.82677,24.07529
Rps26,31.21662,29.26015,30.74623,30.74623
Mipep,26.97246,25.62965,25.43256,25.62965
Ankmy2,24.19978,23.56732,23.51521,23.56732
Tmed4,28.71885,27.43293,27.80058,27.80058
Fto,24.62584,24.05333,24.1035,24.1035
Stk38l,26.02251,24.89203,25.21,25.21
Rltpr,,20.92607,20.20824,20.567155
Aprt,28.91872,27.96983,28.29465,28.29465
Ech1,30.05905,29.2459,28.98433,29.2459
Pnpt1,27.38574,26.16364,26.12301,26.16364
Naa35,24.59702,24.47376,24.87037,24.59702
Mpc1,26.12637,23.11024,23.45638,23.45638
Becn1,23.97106,23.41751,23.00244,23.41751
Ythdf1,26.49814,25.13203,24.94347,25.13203
Zc3h7b,25.07647,25.49042,25.56485,25.49042
Sash1,26.10322,25.3579,25.03716,25.3579
Prkaa1,26.92162,26.46234,26.5626,26.5626
Bre,28.42322,26.43633,26.10609,26.43633
Plgrkt,27.62199,25.64628,26.65335,26.65335
Vps13d,22.94764,21.77953,20.80444,21.77953
Blvrb,29.10407,28.68749,28.56329,28.68749
Tsc1,23.89661,23.19272,22.27711,23.19272
Kif5a,24.14344,22.48935,23.61077,23.61077
Golga2,27.16231,26.30417,27.30748,27.16231
Ybx1,30.13931,29.59167,29.68223,29.68223
Ppap2b,28.49274,27.43301,27.00967,27.43301
Pfkfb2,23.15142,22.74271,21.95042,22.74271
Spryd4,25.99916,24.21453,24.78686,24.78686
Arhgap12,26.7415,25.46949,25.83441,25.83441
Rps15,29.7187,30.34202,30.49933,30.34202
Scyl2,25.76137,24.91232,24.18586,24.91232
Ulk1,23.49143,26.74124,21.66492,23.49143
Klhl22,24.58864,22.7043,23.43593,23.43593
Glrx5,29.90899,28.74317,28.7126,28.74317
Suox,28.50537,27.87742,27.84781,27.87742
Snx30,23.84345,23.98372,23.20784,23.84345
Mrpl39,26.41986,26.0461,25.92721,26.0461
Chd1,20.81581,20.96296,20.24783,20.81581
Gmds,27.71122,27.30278,27.30513,27.30513
Atxn1,24.57288,23.56162,23.37079,23.56162
Mtss1l,25.95555,25.37845,25.45698,25.45698
Cc2d1a,25.72778,24.55139,23.72119,24.55139
Tnpo1,27.42606,26.8675,26.6807,26.8675
Coa7,27.54259,26.27247,26.55864,26.55864
Pdzd8,24.46045,23.43581,23.43721,23.43721
,26.96741,26.04827,25.84544,26.04827
Sms,26.2173,25.83535,26.11315,26.11315
Snrpb;Snrpn,26.62923,26.37479,26.40505,26.40505
Cspg4,25.41018,23.67584,23.70208,23.70208
Mrps34,27.04791,26.97268,26.28396,26.97268
Lpgat1,18.90821,20.88562,20.01468,20.01468
Nexn,27.295,26.54366,26.15256,26.54366
Enpp2,19.52407,18.72447,18.78794,18.78794
Lppr4,23.66536,23.0283,23.27838,23.27838
Pbdc1,28.82195,27.54804,27.72573,27.72573
Stt3b,27.69797,26.77442,26.8853,26.8853
Hcn1,23.48849,22.85211,22.67582,22.85211
Abracl,26.46155,26.29077,26.26748,26.29077
C530008M17Rik;Kiaa1211,23.51232,21.58197,20.34299,21.58197
Smad4,24.22089,23.32718,23.99869,23.99869
Sestd1,23.90435,21.94796,20.56579,21.94796
Nfu1,28.13055,28.04698,27.75322,28.04698
Kcna4,,17.3138,,17.3138
Bcap31,29.41105,29.00174,29.0618,29.0618
Gmppa,27.61484,26.9706,27.09597,27.09597
Pon2,29.19068,28.07219,28.22062,28.22062
Pip5k1b,,,,
Anln,,19.86558,,19.86558
Dek,28.49362,27.84781,27.84984,27.84984
Nsdhl,27.67128,26.58176,26.57252,26.58176
Prps1l1,27.10509,26.70438,27.13809,27.10509
Reep2,24.70071,22.99742,25.14313,24.70071
Glb1,26.86467,26.4373,26.28028,26.4373
Ccny,26.58075,25.6958,25.86233,25.86233
Lace1,25.9395,24.96847,24.86169,24.96847
S100a13,28.86127,27.56529,27.44924,27.56529
Acan,18.73367,,20.63821,19.68594
Homer2,19.22419,17.86677,19.52988,19.22419
Adnp,24.37537,23.55391,23.78037,23.78037
Dtymk,26.75964,25.80267,26.41854,26.41854
Atp6v1g1,30.41306,31.07061,30.07406,30.41306
Slc2a13,22.75526,22.04983,,22.402545
Wfs1,25.39529,24.81709,24.93504,24.93504
Jcad,25.18412,24.09619,24.07985,24.09619
Pptc7,24.768,23.41918,23.75959,23.75959
Trpv2,22.44713,22.53151,22.75479,22.53151
Cpne3,29.37491,28.79337,28.34363,28.79337
Scn8a,,,,
Kiaa1549;D630045J12Rik,20.9402,17.19056,18.14161,18.14161
Evl,27.09758,25.57063,25.20075,25.57063
Gstm2,28.60184,27.74484,28.25074,28.25074
Gmppb,28.45215,27.67189,28.11649,28.11649
Mtmr2,25.221,24.69301,24.42156,24.69301
Scamp3,27.61224,26.97651,27.27444,27.27444
Dao,,,,
Cd82,24.194,23.71931,24.15198,24.15198
Ppp6c,27.52178,26.80317,27.68083,27.52178
Srsf6,28.08932,28.37758,28.75916,28.37758
Lpcat4,22.54293,22.95225,20.14718,22.54293
Nudcd1,27.24599,26.55208,26.56261,26.56261
Dpp9,24.8258,23.20964,23.74837,23.74837
Osbpl3,28.12169,27.16576,27.1053,27.16576
Hnmt,25.68022,22.90054,27.38657,25.68022
Pcbd1,25.92859,25.35525,26.6327,25.92859
Tbk1,25.5599,24.61605,24.67244,24.67244
Dusp15,24.24118,22.01727,21.50193,22.01727
Trip12,25.58769,24.85861,24.85695,24.85861
Mkl2,25.00996,24.34557,23.47122,24.34557
Tmem30a,26.36259,27.07999,27.17245,27.07999
Mogs,25.41567,25.28715,25.11819,25.28715
Prph,18.96113,,,18.96113
Tgfbrap1,24.60031,24.05565,23.4462,24.05565
Dap3,26.71083,26.32591,25.96642,26.32591
Coq6,25.77482,24.64576,25.78264,25.77482
Gldc,27.80747,26.98381,26.84529,26.98381
Acad8,29.20776,27.94145,27.81207,27.94145
Pcp4l1,26.81556,26.81897,23.33374,26.81556
Tmem132a,,21.06197,20.94421,21.00309
Ugt8,25.96719,25.12928,25.32402,25.32402
Cbr4,29.48654,27.8393,27.90483,27.90483
Tmed7,29.10465,29.12605,29.36171,29.12605
Kcnc3,,,,
Mavs,28.56449,27.22766,26.96157,27.22766
Slc25a51,25.31948,21.5265,21.70011,21.70011
Marcksl1,29.19786,28.31756,27.76983,28.31756
Elfn2,,,21.29401,21.29401
Tmed2,29.46063,29.14377,29.82848,29.46063
Akap8l,24.24009,23.11246,22.5426,23.11246
Tanc1,24.2009,22.9038,23.11572,23.11572
Hax1,25.61552,25.27625,25.12289,25.27625
Zranb2,27.67115,26.69909,26.0611,26.69909
Zfyve20,26.08649,25.25097,24.47339,25.25097
Hecw1,21.0256,20.71448,21.41529,21.0256
Sar1b,24.97272,26.29167,26.25212,26.25212
Dhrs4,28.12618,27.95571,27.49671,27.95571
Apool,29.64172,28.59171,28.50786,28.59171
Ccdc92,23.74109,22.74712,23.27909,23.27909
Alg11,24.81338,23.46326,24.43135,24.43135
Znf512,27.76085,27.05186,26.87982,27.05186
Gyg1;Gyg,29.87201,29.02831,28.84781,29.02831
Map3k5,19.99272,18.43335,19.16595,19.16595
Fam135b,19.16546,22.80709,22.20231,22.20231
Slc30a9,25.76878,24.73738,24.16668,24.73738
Atg16l1,24.4929,23.88679,24.09378,24.09378
Mob2,27.41014,25.70126,26.63298,26.63298
Lrrc4b,26.66221,25.4338,25.28831,25.4338
Nup85,26.06844,25.45986,24.55649,25.45986
Fhit,24.69758,24.63323,24.48056,24.63323
Slc27a1,28.75331,27.30774,27.48554,27.48554
Gigyf1,23.62712,22.96198,22.25249,22.96198
Syt6,19.07504,19.09277,20.82485,19.09277
Ewsr1,27.61196,27.58061,27.32509,27.58061
Usp39,27.24645,26.02227,26.08191,26.08191
Snw1,27.64361,26.78544,26.79228,26.79228
U2surp,26.26118,25.70308,25.91889,25.91889
Cdk18,23.18663,19.36348,19.44409,19.44409
Cep76,20.34213,20.09003,19.7075,20.09003
Ncbp1,25.91216,25.40908,25.33599,25.40908
Slmap,25.24023,24.41171,23.8943,24.41171
Cox7a2l,29.71262,27.29088,27.88919,27.88919
Cpm,,,,
Dip2a,25.6569,24.58749,26.24815,25.6569
Prrc2b,23.38877,21.99127,21.94614,21.99127
Ndufv3,29.74089,28.94249,28.79619,28.94249
Ufl1,26.87865,26.44503,27.39722,26.87865
Rabgef1,25.55148,24.59058,25.16549,25.16549
Armc8,26.03189,24.10197,24.11862,24.11862
Ctsa,28.48024,27.42654,27.27204,27.42654
Mras,25.58357,23.71827,24.5451,24.5451
Apip,29.21171,28.11649,28.39129,28.39129
Bcas3,26.5819,25.46111,25.4593,25.46111
Lmtk2,21.13677,20.59505,20.27731,20.59505
Osbp2,26.52234,25.80164,26.15667,26.15667
Kpna4,29.11761,25.97408,25.98209,25.98209
Tenm1,16.68975,16.92729,16.67121,16.68975
Pacsin3,28.19606,27.2922,27.25629,27.2922
Dnajb2,27.50635,26.29866,26.48789,26.48789
Thyn1,27.92892,27.83002,28.12933,27.92892
Hdac6,25.84738,24.83851,25.2727,25.2727
Ptprj,24.34679,22.92671,25.27856,24.34679
Mta1,26.567,25.17371,25.69376,25.69376
Luc7l3,26.79352,26.03402,25.86674,26.03402
Pts,27.676,26.87209,26.13503,26.87209
Kctd13,26.39601,25.95711,24.92461,25.95711
Nt5m,24.04285,21.75062,21.63931,21.75062
Tpm2,28.41587,28.138,27.59206,28.138
Pdcd10,25.13234,25.79243,25.09208,25.13234
Abca5,19.77251,19.9268,20.93085,19.9268
Htra2,28.61077,27.65969,27.64554,27.65969
Atg4b,25.58006,24.8458,24.68389,24.8458
Gstm3,22.88696,26.74586,,24.81641
Ntrk3,20.25834,,,20.25834
Cpsf6,27.25988,26.59676,26.6133,26.6133
Mdp1,27.7053,26.37444,27.2964,27.2964
Numb,26.00425,25.28655,25.59616,25.59616
Prex2,22.58983,23.32457,21.98954,22.58983
Grsf1,25.90741,24.59736,25.41738,25.41738
Usp19,25.28387,24.23111,24.49893,24.49893
Tns1,25.16208,25.50258,24.46295,25.16208
Nrip2,25.27647,24.69094,25.65125,25.27647
Ildr2,23.44771,22.21267,20.65535,22.21267
Wdr82,26.70912,26.84781,26.67169,26.70912
Pcyt1a,27.41691,26.0843,26.29915,26.29915
Osbpl11,26.07602,24.34679,25.22938,25.22938
Ublcp1,27.89637,26.66221,27.13359,27.13359
Pik3cb,26.70055,25.81375,26.55023,26.55023
Rap1a,28.82268,27.9907,28.5213,28.5213
Acbd6,26.06345,25.32886,25.51974,25.51974
Gabrb3,20.68209,20.03066,,20.356375
Agps,26.32231,25.62017,25.30605,25.62017
Ap1s1,27.14521,25.89386,25.89398,25.89398
Baz1b,25.66974,24.71093,25.53949,25.53949
Gstt1,26.30178,26.19473,26.95094,26.30178
Mcat,26.72897,26.20281,25.62302,26.20281
Purg,19.97603,20.43644,20.40842,20.40842
Hspa13,26.82639,26.26023,25.92384,26.26023
Rnf20,25.22317,24.4339,24.14484,24.4339
Gab1,26.86844,25.64754,25.7343,25.7343
Dscr3,28.1053,26.9824,26.42594,26.9824
Celf4,23.83923,23.28093,23.56605,23.56605
Cpox,26.23436,26.0685,25.21845,26.0685
Sirt5,27.50218,26.59833,26.58992,26.59833
Uap1,23.73707,24.32882,23.76466,23.76466
Gabarapl1,28.65055,29.06738,28.93986,28.93986
Ube2d3,30.1157,28.98207,29.82148,29.82148
Gprasp1,24.78756,25.76722,25.43924,25.43924
Stat3,28.68592,27.77775,27.06301,27.77775
Ranbp6,21.00498,16.91392,19.78306,19.78306
Spata5,27.95732,27.12337,26.51271,27.12337
Grm7,,16.15727,17.37186,16.764565
Cuta,29.63639,28.38636,28.23968,28.38636
Zwint,25.39274,24.73252,25.7202,25.39274
Serpinb9,28.35813,27.72956,27.78606,27.78606
Cnpy3,28.03433,27.75066,28.04223,28.03433
Dagla,19.01375,18.02761,18.43249,18.43249
Reps1,25.63359,24.38495,23.98945,24.38495
Gnb4,23.48112,21.22988,20.73694,21.22988
Cnpy2,28.8855,28.50336,28.82702,28.82702
Emd,27.5721,27.64299,26.69843,27.5721
Igsf9b,21.00285,,,21.00285
Nup210,24.71198,24.34015,24.10917,24.34015
Rmnd1,24.94512,23.65524,22.93371,23.65524
Nlgn4l,,21.13846,18.6608,19.89963
Wipf2,25.22475,24.64417,23.63434,24.64417
Nit1,26.18008,24.70461,24.68314,24.70461
Sdf4,27.86432,27.34435,27.17436,27.34435
Uhrf1bp1l,23.90903,23.31548,23.41067,23.41067
Cspg5,25.76195,23.7144,22.7861,23.7144
Rab23,28.87097,28.10595,28.09099,28.10595
Commd2,26.21258,26.04483,26.80181,26.21258
Nup214,26.49683,25.34238,25.08221,25.34238
Arl1,26.79501,27.40121,26.81446,26.81446
Ubr1,25.03427,23.86665,24.12621,24.12621
Atp5s,26.87502,26.09967,26.07902,26.09967
Kidins220,25.80137,24.25516,24.4023,24.4023
Gpc4,30.12312,29.14019,28.92931,29.14019
Ttc37,25.42886,24.27711,24.94673,24.94673
Trim46,21.5382,21.47759,23.57508,21.5382
Prps2,29.46391,28.38373,28.34494,28.38373
Ca14,22.79013,,20.5616,21.675865
Mtmr9,25.39565,24.68083,24.75435,24.75435
Traf3,25.21945,23.9534,23.68067,23.9534
Acap2,25.70975,24.77781,25.21386,25.21386
Jam3,27.27977,26.45106,26.87923,26.87923
Ube2e3,25.92536,24.81534,24.89106,24.89106
Prpf40a,27.57008,26.56129,26.77869,26.77869
Srgap1,22.42923,20.96296,23.77686,22.42923
Ptcd3,27.62255,26.47194,26.26377,26.47194
Unc45b,,,,
Uckl1,26.34422,25.84976,25.76421,25.84976
Ubac1,27.05486,24.45092,23.77364,24.45092
Rab9a;Rab9,27.3964,25.90928,26.01065,26.01065
Ppie,25.37488,25.41809,25.41054,25.41054
Txndc12,29.33477,29.33208,29.2882,29.33208
Supv3l1,27.06743,25.72515,25.59426,25.72515
Xrn2,26.46097,25.93049,25.96144,25.96144
Kiaa1467,23.4891,22.0315,21.62475,22.0315
Clic6,,,,
Vps25,26.71646,25.5627,26.67869,26.67869
Srsf5,28.57492,26.91205,28.47181,28.47181
Dzank1,22.97841,20.94657,19.77854,20.94657
Timm23,28.47769,27.63651,27.34215,27.63651
Rras,27.52216,28.00603,27.76932,27.76932
Cpne9,,19.84736,19.23199,19.539675
,26.92093,25.76489,26.57586,26.57586
Fcho2,26.85412,25.96389,25.52701,25.96389
Pum1,26.73247,25.95677,25.89844,25.95677
Naa25,26.49576,24.33012,24.70467,24.70467
Cyp51a1,26.00391,25.20721,24.71466,25.20721
Vps8,24.90219,23.75908,23.05485,23.75908
Nudcd2,29.092,28.65857,28.44593,28.65857
Hexa,28.60583,28.09909,27.78525,28.09909
Erbb2ip,27.16231,25.91516,25.76061,25.91516
Faah,23.19976,22.25756,22.13565,22.25756
Atg9a,23.01078,20.59094,20.46842,20.59094
Vps36,26.44199,26.58978,26.00086,26.44199
Pikfyve,22.97023,22.91174,22.87008,22.91174
Prdm16,28.32006,23.91397,23.49765,23.91397
Mrpl40,28.31967,25.8615,25.96741,25.96741
Vps18,25.04469,25.19069,24.47939,25.04469
Nbas,25.04356,23.90637,23.78995,23.90637
Fgf1,25.15495,23.88939,24.00838,24.00838
Prpf6,27.14696,25.65012,26.21573,26.21573
Adrm1;Gm9774,28.96155,28.66844,28.88049,28.88049
Dfna5,25.51226,23.51545,23.80804,23.80804
Tpm3,27.138,26.67627,25.19502,26.67627
Zw10,25.0831,24.6542,23.21945,24.6542
Ccdc90b,26.65226,25.36923,26.3731,26.3731
Zyg11b,24.16707,22.66247,22.83339,22.83339
Trmt112,29.1496,28.62062,28.80572,28.80572
Rps6ka3,26.58921,25.76142,25.8299,25.8299
Sec63,26.58978,25.94085,25.55678,25.94085
Eif1a;Gm8300;Gm2016;Gm21936;Gm2035,30.06098,29.48756,29.78981,29.78981
Trappc12,25.08554,25.06382,24.15167,25.06382
Apba1,22.49465,22.05775,21.46209,22.05775
Atg5,26.05157,23.14428,24.81958,24.81958
Srsf10,26.13273,27.26732,27.34011,27.26732
Atat1,25.68169,24.45851,24.10045,24.45851
Dnajb6,27.1812,26.47979,26.27439,26.47979
Ncstn,25.46868,24.82614,23.61043,24.82614
Metap1,27.15354,26.71646,26.05585,26.71646
Ubxn2b,24.51635,23.89106,23.85605,23.89106
Rpap3,26.86962,26.07698,25.84326,26.07698
Mrps22,26.10723,25.46908,25.23994,25.46908
Mta2,26.85246,26.06083,25.64592,26.06083
Lrrc16a,28.03333,26.79501,26.8276,26.8276
Mvb12b,25.89083,25.1395,25.10793,25.1395
Ggps1,25.69485,25.13179,25.44869,25.44869
Zbtb8os,28.41712,26.72533,28.12273,28.12273
Tm9sf2,28.23585,28.02179,28.07224,28.07224
Kcnc1,,,,
Adcy2,,,15.73143,15.73143
Acox3,25.2765,25.31399,24.27767,25.2765
Sdk2,19.97631,20.1614,18.28473,19.97631
Pin4,28.08071,27.00528,27.09285,27.09285
Wdr41,24.12597,23.53481,23.56128,23.56128
Drap1,26.39844,24.98116,26.24692,26.24692
Synpr,23.68496,23.96067,24.43135,23.96067
Akap10,24.39369,22.93139,23.86816,23.86816
Commd4,27.48285,26.96455,26.81543,26.96455
Stat1,27.56602,26.09875,26.30593,26.30593
Tiam1,18.38119,,22.4939,20.437545
Calcoco1,24.31084,22.95024,22.98591,22.98591
Hist1h1c,32.18636,30.63036,30.71718,30.71718
Eny2,24.44171,23.79005,24.75685,24.44171
Poldip2,27.74746,27.18518,27.11823,27.18518
Prrc1,25.81636,26.00556,24.91205,25.81636
Shisa7,16.82997,,19.95985,18.39491
Fxn,25.6446,24.01206,24.99071,24.99071
Smarca2,25.61049,24.29362,23.86079,24.29362
Ttl,25.2221,23.55976,20.85688,23.55976
Inadl,23.05151,21.52602,21.89245,21.89245
C1qa,24.47153,21.00594,19.55721,21.00594
Dctn5,27.70787,26.23533,26.06445,26.23533
Cpsf7,26.13594,24.87858,24.9142,24.9142
Dhx29,25.9249,24.69938,24.47568,24.69938
Aida,27.34215,26.47446,26.09644,26.47446
Wipf3,,,,
Ggct,25.50818,24.38883,24.43409,24.43409
Snrpg,28.77477,29.32288,29.29949,29.29949
Gpcpd1,23.22152,22.51444,23.05714,23.05714
Cbx1,26.08251,26.59904,25.77769,26.08251
Shisa6,23.38903,21.76531,21.49468,21.76531
Lrsam1,25.84252,24.15453,23.64438,24.15453
Mospd2,25.90166,24.67831,24.60349,24.67831
Sars2,25.56037,23.68368,24.7112,24.7112
Nxf1,24.54734,23.92651,23.90205,23.92651
Dhrs7,26.89908,26.4505,26.768,26.768
Cacna1b,17.77398,21.86299,,19.818485
Znhit6,22.02273,20.1187,19.87632,20.1187
2015-09-03 00:00:00,25.42883,24.31077,24.10406,24.31077
Ccbl1,26.88355,26.53755,26.24914,26.53755
Adar,22.66763,21.64258,21.90954,21.90954
Crmp1,,,,
Trappc9,25.9449,24.52528,24.28058,24.52528
Lars2,25.94353,24.63045,24.27938,24.63045
Il1rapl1,20.03738,18.83458,18.72004,18.83458
Prpf4,25.61944,26.05468,25.75603,25.75603
Clstn3,16.23229,13.82277,17.90853,16.23229
Slc4a7,25.72622,24.74139,24.78536,24.78536
Fads2,26.95615,26.37724,26.2903,26.37724
Cstf3,26.69139,25.62408,25.41654,25.62408
Mapk9,26.22334,24.87192,22.01777,24.87192
Get4,27.38096,26.16691,26.64196,26.64196
Eif2b3,26.49057,26.17934,26.13189,26.17934
Rbm10,25.94042,24.88934,24.72468,24.88934
Kifap3,25.35531,24.85733,23.21527,24.85733
Bcl2l1,24.61206,27.19563,26.89977,26.89977
Fryl,24.71534,22.8164,22.8099,22.8164
Gatm,29.08682,28.02602,28.06979,28.06979
Ift22,28.47908,27.78263,27.49381,27.78263
Esyt2,26.76091,25.08623,24.97509,25.08623
Synm,28.20112,27.40471,27.27435,27.40471
Safb2,25.69519,24.78292,24.52283,24.78292
Pfdn4,30.83876,29.85745,30.17997,30.17997
Mtcl1,20.4712,20.46901,21.04926,20.4712
Dpp8,25.44831,24.80247,24.51256,24.80247
Mp68,29.10547,27.86555,28.79888,28.79888
Rin1,27.17446,26.61302,26.69777,26.69777
Pgs1,24.12857,23.69115,23.27056,23.69115
Anapc1,24.73081,24.71722,24.28072,24.71722
Adhfe1,28.77615,27.51563,27.3827,27.51563
Slc6a3,,22.03684,,22.03684
Nmt2,26.93719,26.47783,26.11892,26.47783
Dnmt1,24.22339,22.31443,23.0801,23.0801
Lin7b,,,,
Sord,28.07826,27.66099,27.64938,27.66099
Gnao1,23.96093,26.7661,26.76534,26.76534
Magi3,22.77652,20.40976,21.56649,21.56649
Mal2,27.98158,26.49873,26.59135,26.59135
Aspscr1,27.73699,26.41453,26.25027,26.41453
Skiv2l,25.87697,24.33559,24.22971,24.33559
Tmem33,27.28162,26.8616,26.38296,26.8616
Actl6b,23.5491,19.44061,22.03476,22.03476
Pak7,23.53493,23.19612,23.71083,23.53493
Ecsit,25.38952,24.14849,24.2571,24.2571
Syngr1,27.0804,25.52958,22.49184,25.52958
Cntn4,18.82386,,,18.82386
Stk4,27.39165,26.00207,26.4036,26.4036
Celf1,26.6702,26.63533,26.16617,26.63533
Cd99l2,27.91039,26.73867,26.33729,26.73867
Pigk,24.82929,24.78796,24.31195,24.78796
Fundc2,27.9471,27.3667,27.34053,27.3667
Ubash3b,22.89927,22.45754,21.65425,22.45754
Ap3b1,27.66268,27.43722,26.93146,27.43722
Rab4b,26.94893,26.20144,26.18541,26.20144
Mrpl13,30.2302,26.22619,26.51179,26.51179
Smpd1,23.23245,23.41274,21.85548,23.23245
Bcap29,25.57239,25.22048,25.46036,25.46036
Prkab1,26.1552,26.53257,25.57118,26.1552
Pde4a,20.50688,,19.76591,20.136395
Faf1,26.33761,25.8085,26.17234,26.17234
Ttc9,25.89918,24.33994,24.12384,24.33994
Lamp2,29.35838,29.08902,28.85329,29.08902
Ogfrl1,19.97519,17.89125,18.09244,18.09244
Begain,11.15987,14.09811,14.46888,14.09811
Ctsl,29.81906,29.12078,28.67633,29.12078
Rmdn1,28.18513,26.77856,26.27675,26.77856
Ipo4,26.35468,25.13696,25.43314,25.43314
Hsd17b11,27.53393,27.04906,26.5652,27.04906
As3mt,25.40947,24.16561,24.49112,24.49112
mt-Cytb;Mt-Cyb,22.18773,23.55777,20.31849,22.18773
Macrod1,30.30628,29.65932,29.56571,29.65932
Myo1c,28.46875,27.38755,27.5062,27.5062
Rpa3,28.83391,25.13524,26.66452,26.66452
Edil3,20.46274,21.96877,21.74193,21.74193
Ube2z,26.36885,25.5721,25.32629,25.5721
Gopc,24.94833,24.08513,23.57196,24.08513
Akr1e2;Akr1e1,26.48757,25.23447,25.36088,25.36088
Them6,,20.94899,19.97113,20.46006
Strip1,25.66104,24.5521,25.04835,25.04835
Sympk,25.47609,24.37106,24.32958,24.37106
Rb1cc1,23.34299,23.17959,23.08086,23.17959
Agap1,25.61167,24.95961,25.23239,25.23239
Ulk3,22.90299,20.22199,19.49746,20.22199
Lsm14b,23.72318,23.04655,23.73034,23.72318
Tm9sf4,28.41945,27.23608,27.39779,27.39779
Eml4,26.85115,24.60642,24.35414,24.60642
Cnnm2,20.19328,14.91088,17.98404,17.98404
Ndufa3,24.95576,22.616,23.01851,23.01851
Cnot7,24.89504,24.74067,24.41171,24.74067
Ufc1,27.68398,27.16768,27.47026,27.47026
Ccdc50,25.84446,25.25035,24.46326,25.25035
Stim2,23.01124,22.67008,23.25551,23.01124
Herc2,21.43675,19.218,19.99148,19.99148
Ptprn,,,15.42367,15.42367
Ace,23.23777,21.41416,21.13859,21.41416
Nudt9,27.79854,27.00753,27.16461,27.16461
Nenf,29.66948,28.82508,29.15581,29.15581
Rpl32,30.04466,29.70289,30.59299,30.04466
Nhlrc2,27.12119,27.07316,27.11922,27.11922
Rdh14,26.33719,25.46314,25.39522,25.46314
Mfge8,27.26302,27.121,27.54215,27.26302
Zyx,29.52255,28.33313,27.65198,28.33313
Ccbl2,28.50836,27.16768,27.26437,27.26437
Clcn6,23.77163,22.41279,22.11401,22.41279
Ccz1,26.28859,25.4978,25.45494,25.4978
Eif2b4,26.86384,25.36339,25.35837,25.36339
Osbpl9,25.75144,24.57236,24.74242,24.74242
Mrpl37,27.97793,26.7497,26.70372,26.7497
Plekha5,24.6725,23.61201,24.03834,24.03834
Herc1,22.56943,19.47257,19.00566,19.47257
Eif4e2,24.78477,23.74704,22.73734,23.74704
Adprhl2,29.21368,28.00282,28.18371,28.18371
Reps2,22.86108,17.87915,,20.370115
Ilkap,26.0366,24.66036,25.48873,25.48873
Slc25a20,29.97446,28.7759,28.87244,28.87244
Zer1,23.57277,22.9122,22.79929,22.9122
Tigar,25.78853,24.70351,25.27714,25.27714
Spcs2,27.7947,28.02807,28.11481,28.02807
Map3k19,23.84326,18.90815,20.28444,20.28444
Acsl4,24.00779,24.04552,24.77092,24.04552
Frmd4a,23.88437,23.23092,24.52612,23.88437
Elp3,25.52274,25.3002,25.41044,25.41044
Ubr3,22.88844,22.58068,22.45224,22.58068
Gatsl2,24.73784,23.72941,21.23509,23.72941
D6Wsu163e,24.22744,24.10693,23.25854,24.10693
Rgs14,18.68623,17.88733,,18.28678
Tm9sf3,29.05432,28.39983,28.81391,28.81391
Dyrk1a,25.56133,24.83908,24.70033,24.83908
Isca2,28.7698,28.4875,28.56278,28.56278
Ist1,28.2584,27.49678,27.43682,27.49678
Ltn1,23.77062,23.49314,23.29586,23.49314
Dos,22.6303,24.69843,23.76456,23.76456
Skiv2l2,25.72002,25.02454,25.24336,25.24336
Gdpgp1,25.07222,24.20635,23.91607,24.20635
Chid1,24.89975,25.09495,25.3211,25.09495
Fubp3,28.97684,27.76705,27.72325,27.76705
Ppp4r2,27.19639,26.39097,26.74983,26.74983
Uck1,27.30496,26.78357,26.73673,26.78357
Rad21,27.02009,25.55089,24.95952,25.55089
Gigyf2,25.40895,24.98598,24.43867,24.98598
Anapc5,25.52169,24.4776,23.91816,24.4776
Uqcc2,25.243,24.37994,24.52767,24.52767
Nemf,25.65455,24.77445,24.49124,24.77445
Sorcs2,23.60388,21.87328,22.32378,22.32378
Rhot2;Gm20683,27.37625,26.56092,26.3124,26.56092
Prpf31,27.97935,26.4831,26.97399,26.97399
Fam171a2,22.81847,20.72259,20.34571,20.72259
Ubap1,23.73965,23.51881,19.19964,23.51881
Tmsb15l;Tmsb15b2,30.82388,30.29351,30.03144,30.29351
Ppp2r5b,26.14556,25.58509,24.91265,25.58509
Dak,27.41683,27.17684,27.17169,27.17684
Anxa1,31.66335,30.36641,30.37161,30.37161
Ube2h,27.71581,26.75621,26.11028,26.75621
Arhgef17,24.17204,22.94135,22.86759,22.94135
Col4a3bp,25.78629,24.48395,23.8956,24.48395
Galk1,29.9735,29.20704,29.0759,29.20704
Tbc1d17,26.19363,26.00571,26.17824,26.17824
Zc3h4,25.96455,24.11878,23.48308,24.11878
Nqo2,27.94447,27.47197,27.60964,27.60964
Cdk14,23.16877,21.60662,23.35649,23.16877
Mtr,24.83132,28.15822,30.40324,28.15822
6330403A02Rik,22.52803,21.18223,23.09402,22.52803
Abca2,24.157,20.76555,20.17706,20.76555
Smarcd1,24.6106,23.9943,24.09458,24.09458
Serpina3k,,,,
Ppp6r1,27.14938,25.88362,25.67028,25.88362
Ralb,28.95096,27.04791,28.03742,28.03742
Armc10,29.11471,28.21507,28.20648,28.21507
Anks1b,,19.47092,,19.47092
Arpin,28.63558,28.10679,28.19535,28.19535
Ubl7,26.75162,25.93008,25.17432,25.93008
Ncoa5,26.29028,25.05254,24.77917,25.05254
Gns,28.70438,27.85222,28.39746,28.39746
Slc20a2,27.29885,25.62263,25.54313,25.62263
Map4k5,27.21928,26.03618,26.45761,26.45761
Arf4,29.84619,28.49572,28.91949,28.91949
Mark3,24.11291,23.6919,23.72349,23.72349
Tesc,,,,
Lrp1b,22.91244,21.50857,22.40901,22.40901
Sfr1,26.73931,25.16971,25.00517,25.16971
Xpnpep3,27.09537,25.59991,25.43071,25.59991
Aftph,24.47011,23.21199,22.74815,23.21199
Emc2,27.48838,26.85603,26.87912,26.87912
Tdrp,25.84055,24.57329,24.04126,24.57329
Mms19,25.49155,24.77389,24.07169,24.77389
Crtc1,25.01623,23.89708,23.6402,23.89708
Kcnip4,,,16.53531,16.53531
Bax,30.42752,29.36592,29.35813,29.36592
Tmco1,25.45522,25.1681,26.02085,25.45522
Eif2a,27.74804,27.12376,27.28701,27.28701
Ctage5,25.48305,24.15615,24.25875,24.25875
Mgrn1,24.67944,23.53041,24.09563,24.09563
Cops7b,25.88344,25.87734,24.30494,25.87734
Lrba,24.91324,23.86145,23.54651,23.86145
Ogfr,26.10105,24.94641,24.53053,24.94641
Prrt3,,18.12141,,18.12141
Tex2,19.27264,18.27658,17.81303,18.27658
Mylk,21.85897,21.02317,21.10623,21.10623
Pi4k2a,26.9382,26.54274,26.39074,26.54274
Nup107,26.41485,25.40866,25.33661,25.40866
Tnxb,16.13731,,,16.13731
Uprt,25.53466,25.58271,25.77733,25.58271
Nhp2,28.36532,28.12401,27.46404,28.12401
Dguok,27.06363,26.39596,26.43294,26.43294
Spg20,25.86415,25.28086,25.32327,25.32327
Psmd9,29.29828,28.32663,28.56536,28.56536
Cpeb4,24.85029,24.13923,25.09261,24.85029
Taok2,24.97439,22.53768,21.97411,22.53768
Mrpl44,26.61161,25.88115,25.9815,25.9815
Pik3r2,22.08252,21.94625,21.79166,21.94625
Myo1b,25.1911,24.41164,24.18359,24.41164
Kiaa1109,20.66466,18.9533,19.16194,19.16194
Grip1,20.63325,18.76778,22.91838,20.63325
Hdac11,20.07195,21.35859,,20.71527
Emc3,26.19811,25.76603,27.2779,26.19811
Iscu,28.42182,27.22168,27.42894,27.42894
Lamp5,,15.93477,20.40218,18.168475
Ube2g1,26.01827,25.50676,25.97596,25.97596
Sf3b5,28.22945,27.81458,27.95859,27.95859
Csdc2,21.19743,21.51937,23.10607,21.51937
Fntb,25.79712,25.74276,24.69864,25.74276
Wbp11,26.20481,25.2706,25.3231,25.3231
Ado,25.65428,24.52862,24.63057,24.63057
Rab22a,26.03437,25.40999,25.07557,25.40999
Stat5b,26.27762,23.97666,23.29754,23.97666
Cdk17,25.82299,25.4265,24.4467,25.4265
Grid1,20.25338,16.52664,20.83861,20.25338
Slc7a2,23.57173,23.93067,22.81716,23.57173
Fam98a,26.75532,25.58437,25.13548,25.58437
Rabgap1l,24.53136,22.91483,23.3181,23.3181
Ephb2,26.60244,24.96794,24.98338,24.98338
Fam175b,28.27382,26.63907,26.94682,26.94682
Dars2,25.87872,24.86074,24.92257,24.92257
Lima1,28.14962,27.09366,27.34672,27.34672
Dtx3,27.08578,26.44752,26.39315,26.44752
Tbr1,19.43302,18.35376,,18.89339
Ftsj1,26.49878,26.5357,24.73355,26.49878
Dhdh,26.27167,25.03423,24.85034,25.03423
Pcdh17,23.19361,19.75032,26.49181,23.19361
Csad,28.02142,27.05786,27.12278,27.12278
Clec16a,25.81734,25.1837,24.7749,25.1837
Pdia6,,,19.70929,19.70929
Gcfc2,24.28348,21.75866,22.44091,22.44091
Scg3,25.56938,24.45224,24.084,24.45224
Spred1,24.31264,23.38192,23.17746,23.38192
Kcnj6,20.03993,,,20.03993
Wdr12,26.38902,25.4861,25.81751,25.81751
Mrps31,25.16239,24.86368,25.09059,25.09059
Mpp5,27.29421,26.64155,26.19839,26.64155
Tenm3,23.64108,21.95013,22.90139,22.90139
Pam16,27.37807,25.5977,25.88397,25.88397
Rgs12,23.31631,22.66646,21.57478,22.66646
Wdr91,25.48361,24.54751,24.13954,24.54751
Srp9,27.31294,26.95804,27.07612,27.07612
Coq5,26.90001,25.94494,26.39966,26.39966
Chga,,19.5563,16.17905,17.867675
Srsf4,26.82554,26.71043,27.19272,26.82554
Mrpl45,25.77148,25.15066,24.65261,25.15066
Podxl,28.41131,27.55932,27.12613,27.55932
Psme2,30.49581,30.11632,29.85452,30.11632
Tpmt,26.87842,25.35016,25.594,25.594
Lppr3,,20.2513,18.22336,19.23733
Ttyh3,23.43873,21.3648,20.50833,21.3648
Fbxo21,23.20102,24.05225,24.41822,24.05225
Impdh1,25.02838,23.66958,20.62096,23.66958
Chmp6,28.12588,26.4049,25.70427,26.4049
Sec61b,29.4539,28.31618,28.752,28.752
Mlf2,25.43936,24.72869,23.21799,24.72869
Tmem132b,25.2803,23.1308,23.28419,23.28419
Prkag1,25.03846,25.17653,24.51412,25.03846
Rpl36,29.86818,30.0457,30.30986,30.0457
Dnajb5,23.00118,18.89888,22.43649,22.43649
Sema4b,22.51706,19.32909,,20.923075
Paox,26.95305,26.37504,25.74188,26.37504
Pomgnt2,25.18408,22.46383,21.70493,22.46383
Hdac5,23.96526,21.05239,20.58472,21.05239
Hscb,28.10365,26.61849,26.88017,26.88017
Acp1,27.77925,27.25016,28.90805,27.77925
Tapt1,26.06805,24.89957,25.43196,25.43196
Cpne7,,,,
Grik2,19.55648,20.15413,19.55101,19.55648
Scrg1,,,20.99424,20.99424
Pxk,23.76395,22.49712,23.55462,23.55462
Cpt1c,23.03073,23.73097,23.7959,23.73097
Dhodh,27.43905,26.34848,26.58104,26.58104
Ptprt,18.03333,19.2267,19.31276,19.2267
Tubgcp3,25.52136,24.78691,23.85091,24.78691
Agbl4,,,20.47001,20.47001
Lamtor5,31.10537,30.51258,30.61246,30.61246
Phax,27.10279,23.52958,26.11997,26.11997
Grid2ip,17.56458,,,17.56458
Ccm2,24.52468,23.50106,23.25088,23.50106
Ttc38,25.42752,23.69424,24.65758,24.65758
Ilvbl,28.1694,26.30992,25.90736,26.30992
Polr2c,27.4223,26.91536,26.40858,26.91536
Ctps2,26.55105,25.46292,25.30643,25.46292
Vwa1,22.86827,22.2723,18.45081,22.2723
Psmg1,27.76351,26.97684,28.06162,27.76351
Sema4a,,,,
Tomm20,29.15323,28.20037,28.10769,28.20037
Lpin2,22.4548,23.5538,21.75935,22.4548
Swap70,27.93241,27.19489,27.11535,27.19489
Surf4,28.41167,27.33773,27.49816,27.49816
Slc39a12,24.21808,20.54491,20.86763,20.86763
Coa3,26.53393,24.25624,24.97215,24.97215
Dock10,19.27419,18.65169,16.42205,18.65169
Phka1,23.82104,23.28673,22.4065,23.28673
Xpot,26.28496,25.15515,25.88246,25.88246
Pvrl3,22.16828,20.70362,22.3645,22.16828
Katnal1,25.28419,24.30549,24.99434,24.99434
Dpp7,26.94403,26.69525,26.54363,26.69525
Slc12a9,27.0503,25.84223,24.84608,25.84223
Nptn,,,16.76422,16.76422
Necap2,29.469,28.78887,28.39239,28.78887
Pter,31.35063,28.90432,29.85144,29.85144
2210016F16Rik,27.62916,26.80206,26.92184,26.92184
Fhl1,31.69212,31.05873,31.03604,31.05873
Carhsp1,29.47416,29.62866,29.0958,29.47416
Raph1,22.90411,20.84674,21.8064,21.8064
Nek9,27.35725,26.45345,26.4232,26.45345
Ankrd28,26.27604,25.11454,25.54757,25.54757
0610037L13Rik,28.63128,28.74769,27.94235,28.63128
Commd10,27.4086,26.31652,26.38456,26.38456
Golt1b,26.0679,24.57207,24.63616,24.63616
Lrrc8c,27.54922,26.49873,26.43309,26.49873
Tmem35,25.65488,23.79074,24.20501,24.20501
Selm,,22.49855,23.53837,23.01846
Wash1,26.9516,25.74021,25.44768,25.74021
Stx7,28.38414,27.80882,27.79328,27.80882
Nme3,28.5136,27.49373,26.87537,27.49373
Efnb3,,22.80069,21.84762,22.324155
Mrpl49,26.00462,21.11617,25.09563,25.09563
Rapgef5,22.09062,17.79392,21.00106,21.00106
Marco,,19.31893,20.50125,19.91009
Cfdp1,28.05838,27.11197,27.39198,27.39198
Psd2,24.92597,23.05725,21.7534,23.05725
Haghl,25.68378,25.16733,25.30274,25.30274
Ptprf,28.15518,26.62659,27.25214,27.25214
Slc4a3,20.89312,19.36816,19.48625,19.48625
Rae1,28.33743,27.99734,27.80624,27.99734
Hexdc,19.11273,,20.97274,20.042735
Trappc6b,25.36423,23.4148,24.69816,24.69816
Otud7b,24.10757,23.11905,22.62656,23.11905
Pag1,26.06977,24.67503,24.82192,24.82192
Elp4,25.41886,24.9168,24.9415,24.9415
Arpp21,,,16.45182,16.45182
Commd3,28.12199,27.38837,27.5133,27.5133
Slc7a14,21.86778,,,21.86778
Dnal1,26.49451,26.3621,26.27097,26.3621
Chn1,22.17387,21.56728,22.10242,22.10242
Hars2,26.7497,25.66183,25.70121,25.70121
Emc7,27.83388,27.54826,27.64423,27.64423
Mvd,27.85496,24.76795,24.2967,24.76795
Pycrl,29.33302,27.99281,28.71175,28.71175
Rwdd1,27.21568,25.48204,27.02559,27.02559
Fip1l1,27.19882,26.26883,25.5464,26.26883
Txndc9,25.85467,25.36252,25.43492,25.43492
Efr3a,24.75261,23.32485,23.35958,23.35958
Arl2,27.86938,27.8735,28.0839,27.8735
Nos1ap,24.64828,23.87961,23.61178,23.87961
Cbln1,17.1444,,21.8252,19.4848
Ube2v2,29.17339,27.55625,28.00673,28.00673
Pcbp3,27.35917,26.31264,26.11213,26.31264
Abcg2,22.87004,21.36394,21.72451,21.72451
Ctdp1,24.45325,23.61043,23.46039,23.61043
Clgn,21.58518,20.73967,18.95148,20.73967
Map4k2,22.68547,20.99369,21.21187,21.21187
Ttc1,27.19704,26.2507,26.93326,26.93326
Sh2b1,25.41329,25.29302,25.11323,25.29302
Rwdd2a,,17.03004,16.69152,16.86078
Dctn1,23.32416,,19.27415,21.299155
Crnkl1,25.5501,25.09748,25.0038,25.09748
Stx16,23.50603,24.70435,23.93885,23.93885
Pde12,27.50196,26.61091,26.61526,26.61526
Rbm15,24.27576,23.98902,24.39238,24.27576
Ssr4,30.07801,29.78385,29.42498,29.78385
Ptpn9,25.9983,24.87839,25.02441,25.02441
Dnajc9,28.20004,26.98163,27.40803,27.40803
Napepld,22.16355,16.27443,19.88898,19.88898
Rprd2,24.60286,23.93787,23.23684,23.93787
Gmpr2,28.07086,27.06291,27.80366,27.80366
Ctbp1,,,,
9030617O03Rik,28.69893,27.44916,27.35783,27.44916
Hspbp1,25.97371,26.14833,25.66974,25.97371
Arhgap25,23.50337,25.01065,25.19456,25.01065
Pex14,27.34189,26.56573,26.22312,26.56573
Vti1b,26.55415,27.17284,26.09334,26.55415
Cacnb1,,17.35741,19.69943,18.52842
Ppp3r1,,,19.14153,19.14153
Grik3,20.59122,20.46433,18.0978,20.46433
Rprd1b,28.09713,27.08588,27.23023,27.23023
Ap3s1,28.15523,26.44651,27.00517,27.00517
Mybbp1a,27.3827,26.92897,26.92264,26.92897
Psip1,,24.14211,17.58388,20.862995
L2hgdh,25.7657,24.65048,25.15607,25.15607
Scrn2,27.83117,27.96036,27.92417,27.92417
Agpat1,26.87021,25.93591,25.94181,25.94181
Brcc3,27.00099,25.752,25.63312,25.752
Cadps,,,,
Btf3,28.67071,28.42338,28.62307,28.62307
Kcnd2,23.90967,22.03342,23.59001,23.59001
Gprc5b,27.97542,27.42758,26.88332,27.42758
Ntng1,,,,
Pitpnm3,20.8946,,19.97519,20.434895
Rab11fip2,21.79749,20.82345,21.08115,21.08115
Cpped1,29.25465,28.01531,28.31069,28.31069
Tbc1d15,26.84098,26.11303,26.10516,26.11303
Slirp,28.09562,26.68338,27.20909,27.20909
Rabggtb,25.60238,23.71009,25.94978,25.60238
Rp2,27.62143,26.76711,27.28366,27.28366
Cc2d1b,26.3222,25.14771,24.38186,25.14771
Polr2b,25.70332,25.64697,25.81113,25.70332
Agpat5,26.8597,23.69996,24.59366,24.59366
Rundc3a,22.02537,18.3039,19.94249,19.94249
Ube4a,25.19569,23.91853,24.4597,24.4597
Vgf,21.83337,20.58646,20.20096,20.58646
Cd38,21.94256,20.71482,,21.32869
Slc12a6,23.17978,22.54826,21.01454,22.54826
Rnf123,23.74119,22.65079,22.74098,22.74098
Nasp,25.97362,25.1979,24.56285,25.1979
Bckdhb,28.04109,27.96003,27.70846,27.96003
Ccrn4l,25.33344,23.73355,23.88883,23.88883
Hmga1,31.96781,31.86596,32.15976,31.96781
Pacs2,25.18397,24.19144,24.62126,24.62126
Tbrg4,25.44673,23.7124,23.39493,23.7124
Fam195b,26.34841,26.49322,25.16791,26.34841
Ccdc124,28.11828,27.66723,26.64417,27.66723
Rpl34,30.58853,30.17973,29.78438,30.17973
Ncbp2,26.97443,26.45649,25.8619,26.45649
Tmx1,28.46778,28.55039,28.40832,28.46778
Hmgb3;Gm6104,28.50953,28.06132,28.38364,28.38364
Il1rap,24.78237,24.03976,24.27725,24.27725
Nrn1,,,19.65417,19.65417
Itch,25.03456,23.98512,24.29207,24.29207
Soga1,23.62053,23.9115,22.87081,23.62053
Tstd3,20.03939,18.699,21.24876,20.03939
Gprin3,,20.67055,21.02972,20.850135
Phf6,25.41409,24.85847,24.78047,24.85847
Ndufaf2,28.15533,27.02126,27.80088,27.80088
Slc23a2,24.87722,22.82784,23.35783,23.35783
Fam151b,26.5732,26.32414,26.11581,26.32414
Ndufaf1,26.91832,25.47649,25.7375,25.7375
Clec2l,,,,
Prpf3,26.46767,25.59138,25.73195,25.73195
Sarnp,29.01651,28.99602,29.20394,29.01651
Tango2,25.49692,25.81394,25.367,25.49692
Psd3,,,,
Wfs1,,,,
Insr,23.82571,22.99305,24.28369,23.82571
Fam63a,26.66384,24.9004,24.40808,24.9004
Ttc39c,23.96508,21.84946,21.1925,21.84946
Csnk1g2,25.2887,22.52418,24.60947,24.60947
Taco1,27.9561,26.57845,26.42821,26.57845
Prkg1,21.93456,22.28876,22.83101,22.28876
Nup37,26.89099,25.82216,25.66923,25.82216
Spin1,24.28588,24.55315,23.79759,24.28588
Ttc3,23.35205,20.70573,21.7086,21.7086
Cpsf3,26.26996,25.63824,25.68148,25.68148
Sardh,27.09969,26.17665,25.83839,26.17665
Nhp2l1,28.49247,27.18584,27.2316,27.2316
Minpp1,24.24205,21.59076,20.66908,21.59076
Tmed9,29.04557,28.51217,28.27826,28.51217
Mtss1,26.7107,25.81817,25.43314,25.81817
Tph2,17.53382,,,17.53382
Porcn,,,,
Tmcc2,22.82617,20.70734,19.58428,20.70734
Hid1,23.96798,23.13265,22.89776,23.13265
Gspt2,24.04602,23.60614,23.53445,23.60614
Ankrd46,27.40129,26.04268,24.20262,26.04268
Map2k7,21.73727,19.50593,22.5503,21.73727
Cntnap4,,18.37496,18.6241,18.49953
Tbc1d13,26.57644,25.66807,25.66945,25.66945
Gale,24.79571,24.07822,23.57612,24.07822
Vars2,24.90582,23.59628,23.36145,23.59628
Vldlr,23.04918,21.9612,21.96821,21.96821
Zfyve9,23.38495,21.77579,21.0952,21.77579
Pcdhgc5,21.76357,19.95205,19.7188,19.95205
Mark4,19.52175,20.75483,20.11642,20.11642
Fam136a,27.33994,25.94139,26.73312,26.73312
Nlgn1,20.37231,20.81253,17.18224,20.37231
Opa3,25.3507,24.64141,26.17655,25.3507
Dad1,26.59747,22.90307,26.03798,26.03798
Ubap2,25.71117,24.89786,24.43879,24.89786
Tbc1d9b,26.27147,25.85108,25.42153,25.85108
Zmat2,25.69755,25.90224,26.35163,25.90224
Mta3,24.32526,23.04763,22.14255,23.04763
Agfg2,26.57264,25.39924,26.05026,26.05026
Hcfc2,22.20234,20.49512,21.28996,21.28996
Pygl,26.25996,24.42573,24.75756,24.75756
F3,26.68913,25.48456,24.77032,25.48456
Upf3b,25.7052,24.90866,24.98911,24.98911
Trip11,25.65535,24.97579,24.63843,24.97579
Vhl,26.51462,26.44963,26.45693,26.45693
Limk1,,18.78513,,18.78513
Cmtm5,,,,
Bcat2,26.8197,26.74778,26.34183,26.74778
Nanp,25.0451,24.42291,23.59434,24.42291
Gabra4,21.09281,,18.60989,19.85135
Wapal,24.1967,23.40028,23.15928,23.40028
Bcas2,26.60173,26.57048,25.79526,26.57048
Kit,20.41566,19.08192,19.52074,19.52074
Rnf141,24.77122,23.35568,24.12037,24.12037
Smpd3,18.60899,23.48812,22.8792,22.8792
Ganc,26.69471,25.29211,25.88553,25.88553
5730455P16Rik,25.8968,25.78718,25.25868,25.78718
Mrps10,25.92631,25.405,26.08406,25.92631
Mars2,24.86259,23.80813,23.86806,23.86806
S100a10,30.51041,28.48462,29.76992,29.76992
Ppp1r16b,,18.15704,20.35638,19.25671
Rgs7bp,,22.51266,23.14087,22.826765
Kif3c,21.0045,20.72941,20.52755,20.72941
,26.45599,25.40419,26.06326,26.06326
Aplp1,,19.95589,19.97379,19.96484
Prorsd1,27.47166,26.19779,26.27014,26.27014
Stambp,24.71051,24.88837,25.15468,24.88837
Cpsf2,24.87821,24.32244,24.59069,24.59069
Pbrm1,24.56092,23.66481,23.77264,23.77264
Stx4,28.76322,27.80255,28.09331,28.09331
Slc4a8,21.26115,21.8977,18.47718,21.26115
Lzts3,21.51826,19.67428,19.01501,19.67428
Ptrhd1,21.3308,,22.58291,21.956855
Mdga2,21.84698,19.80686,19.09545,19.80686
Fam65a,24.48953,22.9935,23.01274,23.01274
Cnot3,26.68459,25.79221,26.58391,26.58391
Nudt16l1,25.25425,24.95544,24.8768,24.95544
Ppip5k1,22.28008,21.55042,20.37103,21.55042
Kif13b,26.07419,24.75537,24.73293,24.75537
Rab8b,26.72715,27.05714,27.12682,27.05714
Akap1,24.72749,22.76872,22.72773,22.76872
Pcdh9,18.31469,17.47318,20.09378,18.31469
Dcun1d2,24.63589,24.31762,24.19197,24.31762
Daglb,23.03569,21.50077,22.04727,22.04727
Mettl7a1,29.36938,28.85424,28.90173,28.90173
Gnal,,,,
Spon1,26.25933,25.32684,24.89823,25.32684
Rnf31,22.7914,21.37555,22.2604,22.2604
Adck1,26.51268,24.65693,25.16607,25.16607
Mrps24,21.71908,24.44323,23.5128,23.5128
Rab33a,23.79323,23.62277,21.55023,23.62277
Trpc4ap,23.17629,21.45393,21.00984,21.45393
Pnmal2,23.35542,24.41648,21.57838,23.35542
Dr1,27.32199,27.18158,26.92343,27.18158
Fat2,19.20977,21.98012,20.41338,20.41338
Adck3,24.54981,24.83128,22.81501,24.54981
Anxa4,29.67467,29.16739,29.12996,29.16739
Plekha6,22.65665,20.089,,21.372825
Cdk5rap3,25.50854,25.15634,24.7201,25.15634
Scg5,22.97165,24.52618,22.43878,22.97165
Plekhd1,20.041,,19.19595,19.618475
Pdlim1,30.9067,30.3103,29.89594,30.3103
Pcm1,25.18824,24.19415,24.06489,24.19415
Inpp5f,24.98403,24.03616,24.01521,24.03616
Tfcp2,24.95912,25.47664,25.04327,25.04327
Mbp,22.1107,,,22.1107
Nup160,25.49381,24.70324,24.38574,24.70324
Stk11,24.77465,23.71973,25.16668,24.77465
Tns3,27.43738,26.71135,26.61807,26.71135
Slc12a4,26.73376,25.62282,26.18833,26.18833
Arl15,23.19634,22.35162,23.84929,23.19634
Pik3ca,25.3476,25.03187,25.52534,25.3476
Cog3,25.37116,24.84714,24.35367,24.84714
Plekha1,20.83376,20.39037,20.31352,20.39037
Impad1,27.76762,26.79079,26.65799,26.79079
Ids,21.86159,22.13709,24.64834,22.13709
Idi1,25.54901,24.60116,23.43212,24.60116
Pwp1,23.68485,24.34069,23.75532,23.75532
Cmip,23.32924,23.87577,22.58383,23.32924
Nrp1,24.66286,23.5093,23.62767,23.62767
Prpf4b,25.53816,24.3434,24.67152,24.67152
Cox15,26.1141,24.64636,24.06669,24.64636
Cab39l,25.04673,23.58348,24.41422,24.41422
Isca1;AK157302,26.87561,26.74753,26.21998,26.74753
Rbm17,26.32493,26.65403,26.32493,26.32493
Asph,27.61091,26.89712,26.18845,26.89712
Ubxn7,27.38344,26.20382,26.47951,26.47951
Fads1,26.62603,26.57425,25.81034,26.57425
Cd47,21.47328,21.89249,19.39887,21.47328
Fbxo22,26.28759,24.72713,25.94657,25.94657
Syt17,,,,
Ankrd17,25.56935,24.038,24.0035,24.038
Vamp7,25.02094,25.09933,25.37935,25.09933
Actn4,23.93876,22.841,21.31374,22.841
Commd5,26.06254,25.5397,25.80867,25.80867
Slc7a8,21.78497,,,21.78497
Cog6,25.26853,24.79248,23.6796,24.79248
Baiap2,17.39113,,,17.39113
Gpt2,27.16077,26.77693,26.45455,26.77693
Ash2l,26.22181,25.54931,25.46017,25.54931
Chmp3,27.9279,26.81873,27.00464,27.00464
Cacng3,19.65831,,23.30577,21.48204
Abl2,24.56587,23.5715,23.02325,23.5715
Wdr20,23.48296,24.42924,22.60975,23.48296
Trappc13,25.07133,24.90926,23.32182,24.90926
C2cd4cC2CD4 family,,,,
Fam134a,25.49259,23.0826,23.33211,23.33211
Fam160a2,22.07333,21.9455,21.42634,21.9455
Stard10,28.0437,27.25467,27.50711,27.50711
2015-09-15 00:00:00,28.10415,25.77957,26.69737,26.69737
Nubpl,27.75022,26.13252,26.15027,26.15027
Guf1,24.66649,23.03386,23.19058,23.19058
Kcnd3,22.37753,21.26253,22.50104,22.37753
Babam1,27.3736,25.60433,25.87399,25.87399
Ppp1r12b,25.8602,24.58612,24.84129,24.84129
Arid1a,25.4084,24.66947,23.85861,24.66947
Abcf3,26.59335,25.45554,25.44843,25.45554
Wdr6,24.82556,24.53273,24.36192,24.53273
Ccdc91,26.78007,25.48053,25.1266,25.48053
Gba2,21.40161,21.9561,21.74694,21.74694
Ehmt2,22.4879,21.26373,22.23102,22.23102
Ankrd13d,22.37284,22.00388,21.90492,22.00388
Mef2c,24.36085,20.57967,22.94006,22.94006
Irak4,25.2754,23.71639,24.17615,24.17615
AW551984,20.23269,16.3291,18.4614,18.4614
Hmgb2,29.96623,29.78021,30.24875,29.96623
Dgkq,22.74995,20.84406,21.90209,21.90209
Tars2,25.66112,24.22773,24.47933,24.47933
Mtif2,25.80558,24.92542,24.04968,24.92542
Arpc1b,30.22676,29.73544,29.42738,29.73544
Pum2,23.88772,24.20389,23.80705,23.88772
Rars2,25.35847,24.06324,23.96446,24.06324
Qrich1,25.49978,25.83815,23.97448,25.49978
Tbl1x,27.03842,26.20182,26.10498,26.20182
Galc,25.77979,25.69429,24.85424,25.69429
Ecel1,17.98426,21.51567,21.48316,21.48316
Wbp4,26.04512,24.29495,24.85419,24.85419
Ssr1,25.32131,25.96246,25.65933,25.65933
Ergic2,23.74786,24.32841,24.20821,24.20821
Osbpl10,,16.00486,,16.00486
Pelp1,25.29267,23.44291,23.56465,23.56465
Dus3l,25.37176,24.82953,24.66357,24.82953
Ralyl,20.35078,19.62681,22.35351,20.35078
Kcnb1,,,,
Camk2n1,,23.46364,22.65018,23.05691
Piezo1,24.04926,23.035,22.11305,23.035
Fbxo3,26.2823,26.18463,26.23226,26.23226
Lyst,20.89037,19.62035,20.26224,20.26224
Abhd14b,28.94257,28.66692,28.35418,28.66692
Eif2b5,25.00359,24.78302,24.60789,24.78302
Kctd4,,18.36007,19.34466,18.852365
Tcof1,27.03706,25.7707,26.48657,26.48657
Nsg1,21.28127,,,21.28127
Thumpd3,26.16304,25.79357,26.18126,26.16304
Mast3,18.80933,21.27287,21.59012,21.27287
Rbm12;Gm28036,26.45892,25.63489,25.41148,25.63489
Nyap2,,18.19321,18.49005,18.34163
Sema4d,21.53303,20.52018,21.58578,21.53303
Gabra2,22.15817,23.32512,23.0027,23.0027
Trrap,23.48038,22.33336,22.5772,22.5772
Ispd,22.5479,18.814,20.11426,20.11426
Ythdc2,21.13119,19.77754,20.48915,20.48915
Poglut1,24.65207,27.17265,24.50652,24.65207
Smyd5,22.41767,24.60173,24.34238,24.34238
Top3b,24.96018,23.68966,23.90573,23.90573
Tcf25,23.75725,25.09475,23.84096,23.84096
Slc6a5,21.88163,22.86155,23.35676,22.86155
Trappc2l,25.62011,24.51177,25.4232,25.4232
Naa50,28.07291,27.46443,27.88116,27.88116
Smpd2,26.2836,25.58683,25.5844,25.58683
Ttpal,22.72138,22.77092,22.0445,22.72138
Ophn1,24.697,22.95824,22.5491,22.95824
Qrsl1,24.42733,23.25566,22.91057,23.25566
Acsl5,23.57785,23.33429,23.7191,23.57785
Palm3,21.09262,20.89119,22.06359,21.09262
Dcakd,26.87056,26.68646,25.95788,26.68646
Dcun1d5,30.94545,29.18601,30.32174,30.32174
BC068157,22.4678,19.76453,22.12921,22.12921
Fam81a,22.763,22.97313,22.97811,22.97313
Gm2a,31.4178,29.84779,30.17415,30.17415
Slc7a5,25.84412,27.12957,26.97301,26.97301
Emb,25.55444,24.37219,24.3684,24.37219
Pdcl3,26.9173,25.31872,25.96614,25.96614
Arfgap3,27.93157,27.1794,26.82784,27.1794
Eefsec,26.45345,26.35913,26.49937,26.45345
Egfr,24.26907,24.09756,23.30215,24.09756
Ntng2,17.38659,16.44629,27.70866,17.38659
Pcdh8,24.48861,24.12234,23.15301,24.12234
Dnm1,,,13.01123,13.01123
Rcc1,27.85875,26.46332,26.68779,26.68779
Kndc1,23.27853,21.69226,22.02239,22.02239
Adcy3,22.10879,,17.51553,19.81216
Kcnip2,22.77906,,,22.77906
2610301B20Rik,29.01935,28.17236,28.13853,28.17236
Mrpl38,26.90552,25.68998,25.64331,25.68998
Nab2,24.39146,23.30952,20.90404,23.30952
Rbm22,26.21191,25.16254,25.3304,25.3304
Cxx1b,23.22801,20.30997,23.88781,23.22801
Fam171b,,17.46036,,17.46036
Sf3b4,26.4549,26.00723,26.32505,26.32505
Frmd8,27.2666,25.84685,26.14874,26.14874
2310061I04Rik,,19.91657,,19.91657
Mkln1,23.49045,23.01204,22.38564,23.01204
Snrpd1,29.07327,29.68035,29.77233,29.68035
Lats1,28.52627,23.95331,24.13453,24.13453
Sec24a,26.7107,25.62497,28.86906,26.7107
Naaa,25.45663,24.72172,23.09425,24.72172
Rcan1,25.3931,23.24819,24.16997,24.16997
Ica1l,,18.48927,16.838,17.663635
Tldc1,25.07839,26.73622,24.40035,25.07839
Ptprg,24.3267,23.80459,24.00488,24.00488
Akt2,26.27455,25.83043,25.6004,25.83043
Thnsl2,21.53027,24.53344,24.6049,24.53344
Ptpre,20.98106,21.73124,20.7265,20.98106
Znf365,,,,
Rasgrp2,21.391,,,21.391
Rps27a,30.57705,30.02828,29.98644,30.02828
Pex5,26.47101,25.54969,25.48173,25.54969
Tbc1d7,23.74929,23.63578,24.40106,23.74929
Dhx38,24.2459,23.92361,23.26313,23.92361
Syne3,24.90394,21.83032,22.55338,22.55338
BC037034,21.20502,14.54527,,17.875145
2015-03-05 00:00:00,27.32543,25.8099,26.25315,26.25315
2810408M09Rik,27.1033,26.24067,25.53433,26.24067
Axin1,22.10188,19.18894,23.75979,22.10188
Myh10,25.18612,24.97954,25.0912,25.0912
Sv2c,,,,
Fars2,25.81238,24.63123,23.85453,24.63123
Kif1b,24.09877,23.09267,23.01842,23.09267
Iba57,27.43952,25.96902,25.63594,25.96902
Csnk1a1,25.40604,25.5443,24.7741,25.40604
Lama1,23.93921,22.95223,22.19907,22.95223
Rdh11,29.4381,26.14756,26.3605,26.3605
Inpp4b,21.4025,19.16698,21.92651,21.4025
Fam73a,16.21567,19.9073,15.98043,16.21567
Mrrf,28.92686,27.22692,27.19948,27.22692
Sptan1,24.98098,23.55204,23.58302,23.58302
Chmp1a,28.38792,27.33433,27.17845,27.33433
Aldh1l2,28.91804,28.26024,28.37741,28.37741
Nudt16,26.96576,26.61372,27.09194,26.96576
Bmpr2,23.85243,21.73764,21.05953,21.73764
Kpna1,26.37285,25.25775,25.98611,25.98611
Dock5,22.92292,21.45839,20.17901,21.45839
Sumo1,28.24495,27.14063,27.3982,27.3982
Hccs,27.70471,26.39671,26.68378,26.68378
Mrpl10,23.43301,23.21168,22.55995,23.21168
Mrpl4,26.59719,25.75131,25.45692,25.75131
Fam96b,28.44466,27.95355,27.78119,27.95355
Aamp,25.40847,24.86245,24.78072,24.86245
Pgam2,,,,
Cep55,22.21608,,22.79239,22.504235
Lphn2,23.14552,22.04233,22.49003,22.49003
Gng4,,,,
Elp6,24.05441,23.51965,23.12869,23.51965
Amdhd2,28.47846,27.66729,27.06476,27.66729
Syne2,26.09178,24.49832,25.14332,25.14332
Brap,25.05573,23.51725,24.14118,24.14118
Macf1,24.65453,24.02597,23.54569,24.02597
Lactb2,28.00008,27.93354,28.14492,28.00008
Shc3,22.18086,21.98683,21.75617,21.98683
Praf2,27.88314,27.68986,27.24273,27.68986
Lrrc16b,23.38548,24.28058,24.57329,24.28058
Arl2bp,27.60908,28.14982,28.14039,28.14039
Map3k4,23.54475,21.37433,21.74468,21.74468
Hsd11b1,18.02859,,,18.02859
Ndufaf3,24.78731,24.62578,24.77329,24.77329
Txlna,26.25054,25.31188,24.19955,25.31188
Dpm1,28.3109,27.03055,26.51629,27.03055
,,,,
Myadm,28.75417,27.89273,27.84984,27.89273
Alpk1,22.58309,21.40317,21.97194,21.97194
Samd4b,25.35814,23.94208,24.18526,24.18526
Chchd4,29.25928,28.25151,27.82772,28.25151
Wdr45b,25.85975,26.12082,25.99811,25.99811
Csmd2,17.07734,17.65459,19.20929,17.65459
Ccdc51,25.04402,25.02576,24.61291,25.02576
Sdf2,28.01515,27.26732,27.11971,27.26732
Rpp14,,21.33293,,21.33293
Gng7,,23.01127,23.68785,23.34956
Arhgef6,23.30341,23.00321,22.8336,23.00321
Sephs2,24.45287,23.02503,24.33858,24.33858
Cnot10,25.70986,23.32512,24.01214,24.01214
Scfd2,25.37172,24.44752,23.98763,24.44752
Oxsm,27.4592,26.22166,25.71379,26.22166
Mertk,23.03243,21.56281,21.53773,21.56281
Zcchc17,23.53694,22.77209,22.00758,22.77209
Lrrc8b,23.53101,21.87399,21.95408,21.95408
Ttbk1,16.90513,,,16.90513
Sec23b,28.06795,27.26015,27.16289,27.26015
Smek1,25.87687,25.07243,24.6903,25.07243
Vps37c,27.4086,25.5581,25.07676,25.5581
Rapgef1,25.19035,24.01487,23.53635,24.01487
Rpl35;Gm10269,29.73138,30.2544,29.91883,29.91883
Cog5,26.27553,24.61431,24.66384,24.66384
Gm10094;Sap18,26.11444,24.68945,25.72708,25.72708
Kank4,24.90848,23.96631,23.77636,23.96631
Nhsl2,17.33447,,,17.33447
Araf,25.53694,24.87145,24.69126,24.87145
Adcy1,20.38184,19.65866,18.6972,19.65866
Stxbp6,27.4419,26.5093,25.50115,26.5093
Upf2,25.01567,24.42579,24.33811,24.42579
Adam10,27.87918,27.17255,27.29176,27.29176
,24.36473,21.0474,20.16521,21.0474
Dmwd,21.54175,19.64257,21.23602,21.23602
Nsg2,,,,
Ccdc85c,23.23596,24.86358,21.55679,23.23596
Plekhm2,23.67681,22.89948,22.63183,22.89948
Ano10,27.46225,26.17819,26.67303,26.67303
Gar1,26.49293,27.12534,26.88797,26.88797
Tsc22d1,26.07625,24.78776,24.64521,24.78776
Ksr2,,,20.5172,20.5172
Kcnip3,22.30877,,,22.30877
Ipcef1,21.60991,17.96217,,19.78604
Lias,25.50906,25.74448,25.77854,25.74448
Slc25a27,21.59601,20.89682,20.7314,20.89682
Serpini1,20.8108,,22.01015,21.410475
Tmpo,29.35909,29.19929,29.08332,29.19929
Lyn,25.96532,24.92511,25.3201,25.3201
Celsr2,22.83873,21.11642,20.2885,21.11642
Nrcam,24.62561,22.10575,23.99162,23.99162
Iglon5,22.25139,21.42352,20.97218,21.42352
Adpgk,26.59363,26.31583,26.07014,26.31583
Bag2,26.95249,26.46663,26.99442,26.95249
Ppp1r13b,23.19093,21.31777,21.22235,21.31777
Parn,27.23206,26.22418,26.37237,26.37237
Mtus2,23.35219,18.95126,,21.151725
Fdxr,27.49427,26.33129,25.79749,26.33129
Elac2,24.84014,24.58658,24.54957,24.58658
Frrs1l,19.04338,,20.83931,19.941345
Chkb,26.01044,25.5597,24.79719,25.5597
Dgkd,26.5809,18.10267,21.50359,21.50359
Astn2,22.81665,22.10971,19.55669,22.10971
Actl6a,27.72455,27.49686,27.54481,27.54481
Clcn3,23.43657,23.07204,23.49314,23.43657
Acp6,29.32999,28.00185,27.8804,28.00185
Ppp1r8,27.03601,25.85172,25.92918,25.92918
Myo9a,21.68299,22.80284,21.96663,21.96663
Snx14,23.53291,22.20869,22.20979,22.20979
Rufy1,26.27556,24.97893,25.51815,25.51815
Ube3b,23.2887,21.83043,21.34916,21.83043
Cog7,25.59582,24.6299,23.4805,24.6299
Chtop,28.94187,27.7198,28.17479,28.17479
Ppox,27.96416,26.54345,26.28399,26.54345
Kcnj4,,,,
Serac1,22.12502,21.23275,22.29401,22.12502
Bai2,20.31981,19.13896,17.63651,19.13896
Trappc1,24.81783,25.42739,25.82014,25.42739
Nup54,26.74188,26.49264,26.04841,26.49264
Poldip3,27.21317,26.3556,26.15093,26.3556
Galns,26.76762,27.59178,27.29623,27.29623
Ptpn4,,,16.98203,16.98203
Lman2l,22.64941,21.86011,23.14776,22.64941
Fmo5,24.14631,23.18624,23.57796,23.57796
Rad23a,27.8381,25.78918,25.5,25.78918
Preb,27.58025,26.98446,27.20574,27.20574
Cbs,25.66172,25.36623,24.81602,25.36623
Smarcal1,23.98746,22.90802,23.05747,23.05747
Nsmf,21.14967,18.98248,,20.066075
Tmcc1,23.89023,23.41635,24.23754,23.89023
Irf2bpl,26.79464,26.40801,25.93699,26.40801
Hddc2,25.88558,25.32316,25.9623,25.88558
Sdf2l1,28.61418,28.85165,28.72936,28.72936
Snx9,28.10824,26.62965,26.74945,26.74945
Srrm1,25.60563,25.65843,25.31965,25.60563
Klhl6,23.96235,22.94319,23.27042,23.27042
,27.11486,25.73725,25.3767,25.73725
Mob1a,28.91425,27.57751,27.92728,27.92728
Sdhaf2,24.06874,23.36386,22.65884,23.36386
Rabepk,25.67044,25.0842,24.43574,25.0842
Epg5,22.24272,19.98259,21.19514,21.19514
Cecr5,26.55628,24.86486,25.25155,25.25155
Ipo13,24.60354,22.66034,23.06947,23.06947
Rbm10,22.20652,21.89855,21.54877,21.89855
Dctn6,24.97022,25.92109,25.60198,25.60198
Ikbkb,25.81377,25.03498,24.2875,25.03498
Nptx2,16.16267,16.22474,,16.193705
S1pr1,22.81847,23.40002,,23.109245
Rtn4ip1,25.5338,23.67476,22.88562,23.67476
Mri1,27.39624,26.80292,26.24567,26.80292
Ccp110,20.49277,,19.1693,19.831035
Mrps35,26.04454,25.6487,25.98713,25.98713
Csmd1,26.14959,25.33729,25.80425,25.80425
Rab33b,26.37948,23.57877,23.68742,23.68742
Smpdl3a,27.00056,26.14266,25.32038,26.14266
Fen1,30.16279,28.32779,29.42992,29.42992
Slc30a1,26.68057,25.37132,25.47917,25.47917
Fam73b,23.00395,23.25093,23.02859,23.02859
Wibg,28.49595,26.96047,27.40145,27.40145
Snrpb2,27.51878,26.26717,26.83714,26.83714
Scaf8,24.10029,23.36132,22.94603,23.36132
Dclk1,,,,
Rtkn,24.83369,22.2843,21.47135,22.2843
Chl1,20.52707,20.36303,20.11121,20.36303
Pcif1,25.91011,25.19689,25.46201,25.46201
Rragb,27.31734,27.30374,26.45587,27.30374
Nlrx1,26.77744,25.6845,25.60023,25.6845
Khdrbs2,,21.00251,,21.00251
Rassf2,27.04781,25.92884,25.86238,25.92884
Cenpf,23.56721,22.69621,23.54062,23.54062
Surf1,27.67256,26.92694,26.50402,26.92694
Cyth1,22.74933,21.47936,20.52965,21.47936
Thsd7a,21.36762,19.86603,17.84543,19.86603
Garnl3,19.95901,19.46112,18.93163,19.46112
Zfyve19,25.44076,24.25039,23.57508,24.25039
Sdsl,27.358,26.6807,26.63962,26.6807
Rictor,23.5998,22.87843,22.60673,22.87843
Chgb,18.27867,17.01073,19.3001,18.27867
Myo5b,,22.5584,15.40956,18.98398
Mpdu1,28.45038,26.80649,27.25683,27.25683
Aamdc,27.55406,26.30833,27.09989,27.09989
Mrps18b,26.87713,26.29798,26.36561,26.36561
Cav1,29.5896,28.90816,29.12213,29.12213
Ubr2,24.08416,24.39963,24.4008,24.39963
Mrps17,27.61779,24.9852,26.82723,26.82723
Mrpl15,27.47205,26.1844,25.85524,26.1844
Hace1,18.18282,18.55817,,18.370495
Gabrb1,,,,
Spast,24.32992,23.57669,23.97272,23.97272
Lrrtm1,17.55869,22.7913,23.5518,22.7913
Wdr5,27.21197,26.71004,27.08071,27.08071
Lsm8,27.27435,26.98913,26.55668,26.98913
Vasp,28.28154,27.4903,27.64396,27.64396
Fau,32.50708,32.10262,32.69461,32.50708
Mrps16,26.52625,25.01031,25.25148,25.25148
Ppil1,28.09748,27.60548,27.42101,27.60548
Zc3h18,25.57747,24.75797,24.79099,24.79099
Coil,23.5291,22.31144,21.64917,22.31144
Ntmt1,26.22709,24.35575,24.61919,24.61919
Naa20,26.24989,26.22999,26.08351,26.22999
Ctsz,30.09358,29.63549,29.26582,29.63549
Lsm5,30.52141,26.80464,29.07847,29.07847
,26.11736,24.76749,24.46967,24.76749
Rbm6,24.0071,23.70778,23.99878,23.99878
Ogt,24.33974,22.42275,22.98964,22.98964
Ano6,27.08304,26.50322,26.19114,26.50322
Ankrd29,24.60088,23.44973,23.13247,23.44973
Cpeb2,17.44014,20.23585,,18.837995
Mic1,26.50611,25.04781,25.37368,25.37368
Epb41l5,26.78282,25.96877,25.96598,25.96877
Pcdh10,24.08245,23.06103,23.46588,23.46588
Lyrm4,27.63644,25.84309,25.68712,25.84309
Fam184a,20.14046,20.73347,19.97029,20.14046
Enpp1,23.13471,20.79891,20.61558,20.79891
Prpf38a,25.77387,25.614,25.70065,25.70065
Mocs3,24.53231,24.00855,25.72679,24.53231
Susd2,,19.8954,,19.8954
Tmem263,27.99986,27.78481,27.72468,27.78481
Anks1a;Anks1,24.9242,24.03649,24.28461,24.28461
Erap1,27.24245,25.66538,25.70572,25.70572
Trpm3,18.1994,16.89,18.88101,18.1994
Fam45a,27.31103,26.9354,25.98394,26.9354
Apod,27.55947,25.59329,23.74684,25.59329
Gjc3,,16.84916,,16.84916
Ptp4a2,26.64678,25.71109,26.49558,26.49558
Thoc3,26.27512,25.58245,25.49808,25.58245
Psph,29.53288,29.57793,29.29152,29.53288
Bag3,29.30184,28.85686,28.11506,28.85686
Ppm1l,23.89652,23.70936,23.41867,23.70936
Fam63b,26.04764,25.11886,24.31174,25.11886
Nufip2,26.81372,26.65935,26.50679,26.65935
Jph3,,19.10162,,19.10162
Bzw2,25.14313,24.94517,25.85174,25.14313
Ikbkg,26.91285,24.88269,25.28044,25.28044
Galnt16,24.99658,25.26241,23.40133,24.99658
Pdcl,26.61541,25.60603,25.8333,25.8333
Ppp1r37,24.04868,22.40686,22.29401,22.40686
Ptk7,26.20637,25.58331,25.63675,25.63675
Cnnm3,25.05263,24.30821,23.87352,24.30821
Mrpl9,25.35279,25.59112,25.78067,25.59112
Slc25a10,27.92008,27.2764,26.84146,27.2764
Rufy3,,21.89781,19.06482,20.481315
Fam107b,28.78294,27.87403,28.47185,28.47185
Atp2c1,24.90628,24.30828,23.5122,24.30828
Ncam1,23.24406,23.51845,23.04394,23.24406
Nars2,24.8937,24.17516,24.76319,24.76319
Sntb1,24.83239,25.0547,25.15553,25.0547
Rer1,25.29414,24.68528,23.67777,24.68528
Snrpe,29.29077,27.95516,27.55611,27.95516
Adarb1,21.14501,20.21276,22.03658,21.14501
F8a;F8a1,25.00166,22.67547,22.26971,22.67547
Clcn4,22.89482,21.95266,21.11566,21.95266
Nup43,26.33741,26.74701,26.88774,26.74701
Clcc1,26.97268,26.1735,25.57453,26.1735
Mfn1,27.23206,25.81939,25.33293,25.81939
Abca3,23.26742,21.92241,22.44988,22.44988
Prkaa2,23.95296,22.84739,22.37989,22.84739
Ints4,23.43377,22.08145,21.13765,22.08145
Tinagl1,24.75134,23.84115,24.72832,24.72832
Cstf1,25.84546,25.92164,25.54595,25.84546
Letmd1,25.366,25.6883,25.69877,25.6883
Plekhb1,26.48036,24.54787,23.10181,24.54787
Bad,28.55574,27.82268,27.57391,27.82268
Dhps,23.67627,24.46631,25.10109,24.46631
Ccdc28a,22.82384,22.35662,22.26344,22.35662
Patl1,22.6579,22.62145,22.73659,22.6579
Cdk7,24.281,23.71837,23.39126,23.71837
Tmed5,27.48815,26.8776,26.95782,26.95782
Bpgm,26.83978,26.25108,26.23002,26.25108
Gpr56,22.45498,23.83913,22.61809,22.61809
Lrrtm2,24.03641,16.65592,,20.346165
Ndufaf5,25.34888,24.97452,25.01474,25.01474
Pnkd,19.39643,18.91357,,19.155
Itpk1,23.38548,21.78341,22.57457,22.57457
Lemd3,25.63439,24.35642,24.62623,24.62623
Atp2b2,20.23175,22.08255,,21.15715
Snx18,27.63333,26.98185,27.11496,27.11496
Plekhf1,27.01287,25.34922,26.12447,26.12447
Krt222,15.08385,,,15.08385
,23.78955,23.05328,23.10716,23.10716
Adck4,28.05832,27.13095,27.24844,27.24844
Frmpd4,19.95674,15.85424,15.7788,15.85424
Ddx50,24.82041,23.63854,24.23725,24.23725
Ccdc25,27.04062,25.65007,26.09493,26.09493
Edc3,24.70593,22.22541,22.80654,22.80654
Paf1,26.40071,25.48484,25.40471,25.48484
Kazn,23.13137,22.44483,22.1069,22.44483
Rbm42,25.17596,23.32745,22.18634,23.32745
Msto1,25.76742,24.59838,25.04464,25.04464
Gtf2f2,26.03955,25.92897,25.77621,25.92897
Mlc1,28.69975,27.8136,26.86077,27.8136
Slc25a24,26.37222,25.28563,24.7435,25.28563
Nek7,27.21808,25.98146,26.2754,26.2754
Cdc42se2,28.18144,27.10659,27.78313,27.78313
Gde1,26.2303,25.69732,25.62715,25.69732
Bbs1,26.48808,25.15267,25.34526,25.34526
Elavl2,18.3977,,20.26453,19.331115
Yod1,,,,
Ankrd34a,,,,
Tbc1d5,25.63168,25.26058,23.64636,25.26058
Thoc1,26.28651,24.72401,25.07778,25.07778
Adcy8,14.4794,13.77108,20.47199,14.4794
Itgb1bp1,24.51334,22.72251,23.72806,23.72806
Arsa,27.62519,26.5345,26.3114,26.5345
Tor1a,25.26617,22.82563,23.39872,23.39872
Prkci,26.25261,25.33443,25.42557,25.42557
Srp14,27.1694,26.56011,27.74195,27.1694
Ints3,22.64293,22.07839,21.45994,22.07839
Rgs20,25.74794,24.00127,24.45438,24.45438
Gfer,28.85106,27.70748,28.30103,28.30103
Dcp1a,25.6451,24.27611,23.80371,24.27611
Mmab,29.31391,26.60116,28.64595,28.64595
Ubxn1,28.88244,28.40361,28.46076,28.46076
Etnk1,25.03305,24.43129,24.19551,24.43129
Sipa1l2,23.26671,21.99079,21.99611,21.99611
Kdm1a,25.83831,24.96235,24.54898,24.96235
Cutc,26.37076,25.59215,24.93912,25.59215
Atg2a,21.38543,19.69919,21.42044,21.38543
Ppil3,26.91889,26.09579,26.38415,26.38415
Bscl2,21.4227,20.27059,,20.846645
Arhgef10,25.82753,25.16887,25.01056,25.16887
Yme1l1,26.1487,25.90357,25.82537,25.90357
Wwox,25.09446,24.37716,24.24075,24.37716
Cic,24.07725,22.36594,22.3063,22.36594
Phkg2,23.03772,20.90434,21.16552,21.16552
Ttc39b,23.59548,25.75903,25.99553,25.75903
Snx16,23.9453,23.2594,23.52325,23.52325
Trappc5,23.80489,22.77125,22.89912,22.89912
Mfap1,26.8225,26.27964,26.53632,26.53632
Kiaa1468,,,,
Tfip11,24.20568,23.61392,23.80843,23.80843
Smarcb1,27.1991,26.02766,26.04055,26.04055
Snx17,26.77831,25.65401,25.51385,25.65401
Chac2,26.78307,22.82299,23.6111,23.6111
Prcp,26.92796,25.61782,26.07057,26.07057
Gosr2,27.35187,26.33824,26.41463,26.41463
Nt5c1a,,20.89104,21.4493,21.17017
Pde8b,,,,
Edf1,28.53174,28.01919,27.57946,28.01919
Zdhhc5,24.92397,24.01453,23.94235,24.01453
Fat1,24.52295,23.9104,24.25205,24.25205
ORF11;0610007P14Rik,28.58183,27.30783,27.74182,27.74182
Ddx19b,22.84512,21.94135,21.80018,21.94135
Ankrd13a,25.23845,24.25775,24.2398,24.25775
Fam192a,26.69152,25.7991,26.65034,26.65034
Ubqln4,26.37064,25.42304,24.08683,25.42304
Exosc10,24.25911,23.53742,23.9597,23.9597
Ttc19,21.25229,23.96235,22.80707,22.80707
Ttc9b,22.35229,,,22.35229
Mbd3,25.75269,24.58296,22.59719,24.58296
Mapk14,26.34866,25.65302,25.84597,25.84597
Reep1,25.27977,24.15692,22.71714,24.15692
Cog8,23.86136,17.67611,23.82338,23.82338
Hs2st1,26.62881,24.95434,24.78566,24.95434
Hsd17b8;H2-Ke6,30.30986,29.14236,29.07109,29.14236
Mapk11,,,,
Bnip3,19.91633,22.44541,22.55166,22.44541
Dnm1l,25.01755,24.22876,24.20769,24.22876
Rmnd5a,23.33974,20.97344,21.6712,21.6712
Ndufaf7,27.11297,25.80023,25.79474,25.80023
Degs1,24.42982,25.60388,23.96243,24.42982
Slc27a2,20.12402,17.92729,,19.025655
Eif2b1,25.554,25.77696,26.14911,25.77696
Spag7,26.30946,25.10554,25.20341,25.20341
Selo,26.55899,25.66576,25.59124,25.66576
Cwc27,25.52139,24.98715,24.67028,24.98715
Mrpl47,25.09124,24.4592,24.84766,24.84766
Mrpl28,27.02496,26.09255,26.45262,26.45262
Cp,29.70835,28.25471,27.96554,28.25471
Tpr,23.97989,23.23517,22.66197,23.23517
Garem,18.91797,19.02177,24.95615,19.02177
Bag4,23.21113,23.52934,23.93003,23.52934
Rnf2,25.86339,25.59847,24.58738,25.59847
Polb,25.61902,25.40759,25.20045,25.40759
Stx17,27.01063,24.68437,25.60558,25.60558
Hbs1l,26.296,25.45948,25.65302,25.65302
Clpx,27.03002,25.79457,25.99753,25.99753
Fam98c,24.21564,23.80735,23.56116,23.80735
Podxl2,23.09294,22.38205,20.50057,22.38205
Snf8,28.12938,27.80304,27.21188,27.80304
Ppil4,25.56576,24.52229,23.43314,24.52229
Dnajc10,26.52853,25.01385,25.47048,25.47048
Urm1,26.33076,24.97911,25.08558,25.08558
Fkbp5,24.91611,23.41171,24.23103,24.23103
Tmem126a,26.40287,24.6413,25.35518,25.35518
Olfm2,19.90998,18.46016,19.4057,19.4057
Igf2r,25.23539,24.14094,24.21616,24.21616
Jakmip3,,,21.27498,21.27498
Tgoln1;Tgoln2,21.55904,24.06118,24.00565,24.00565
Myl9,27.22839,26.9718,26.44695,26.9718
Eif6,28.55161,28.89337,29.04867,28.89337
Alg10b,23.39441,18.82752,,21.110965
Pnpla6,25.89606,24.59132,24.51977,24.59132
Cds1,19.09746,,,19.09746
Spock1,20.36848,19.61418,16.85501,19.61418
Rnf40,25.27884,25.00406,24.80351,25.00406
Ttc9c,25.12774,25.41225,25.14394,25.14394
Tsen34,31.94234,23.01009,22.29134,23.01009
Cacul1,23.14221,19.64498,22.07411,22.07411
Loh12cr1,24.8073,24.30758,24.19746,24.30758
Mrpl16,28.30873,26.59804,26.54541,26.59804
Cdh9,,,,
Mvk,26.89897,25.49237,24.97972,25.49237
Bud31,26.0431,24.77736,25.42627,25.42627
Sphk2,26.53111,25.50652,25.92239,25.92239
Dync2h1,24.81909,23.88008,23.51701,23.88008
Serpina1e,24.31914,20.21514,22.45403,22.45403
Casc4,26.37718,26.38012,25.6799,26.37718
Phospho1,,,21.23806,21.23806
Taok3,25.29981,24.99835,25.002,25.002
Nudt18,26.42499,24.46551,24.7474,24.7474
Cars2,23.11599,22.28444,21.42301,22.28444
Sdc4,29.55045,28.62944,28.23927,28.62944
Mapkap1,24.35783,24.21616,23.78437,24.21616
Nell2,20.76093,20.43492,19.68298,20.43492
Timm8b,27.80802,23.75878,26.44585,26.44585
Cog2,25.12711,24.7033,24.40484,24.7033
,26.79613,26.80673,26.86408,26.80673
Tnrc6b,24.46226,23.07156,22.84569,23.07156
Inpp5b,25.09454,23.87418,23.61504,23.87418
Ube2g2,24.09378,25.61305,26.43717,25.61305
Spryd7,25.2627,23.51497,24.49357,24.49357
Thoc2,24.52444,24.16216,23.50942,24.16216
Aars2,24.21067,22.53129,24.84876,24.21067
Cnst,21.84284,19.85355,14.7373,19.85355
Adcyap1r1,17.65494,19.87102,,18.76298
Galm,28.07689,27.4592,27.37675,27.4592
Gosr1,26.21303,25.86835,25.45403,25.86835
Tbc1d4,23.54144,21.26425,20.70919,21.26425
Ict1,26.50466,25.86783,24.3345,25.86783
Irf3,26.35156,25.42451,24.10526,25.42451
Trmu,25.18132,24.55964,24.9105,24.9105
Hp1bp3,23.61324,23.32992,22.24313,23.32992
Uros,25.77417,24.65687,24.33484,24.65687
Dennd5a,24.69541,23.76061,23.48714,23.76061
Kctd8,,,14.93609,14.93609
Pigt,23.84345,23.21198,22.71211,23.21198
Nelfb,25.23286,23.75634,23.7684,23.7684
Champ1,24.43396,24.11712,23.4864,24.11712
S100a6,30.42172,29.06584,29.33352,29.33352
Nup35,28.74689,26.58935,26.02276,26.58935
Hdac1;Gm10093,27.2116,25.3947,25.38242,25.3947
Synpo2,28.04583,27.00817,26.83798,27.00817
Gusb,28.29294,27.50264,27.65014,27.65014
Mrpl50,26.55874,26.68258,25.9461,26.55874
Jakmip1,19.02088,18.77542,,18.89815
Pmch,,,,
Syt11,25.94597,23.10685,19.10557,23.10685
Rpl36a,29.02826,30.14309,29.67706,29.67706
Slc25a44,23.32334,23.03611,22.19268,23.03611
Atrn,23.2302,22.41944,22.39558,22.41944
Kcnj3,24.64993,20.63183,22.55689,22.55689
Ankib1,24.17737,23.81627,23.1085,23.81627
Dennd1a,23.01546,21.98857,21.56788,21.98857
Vmp1,24.40672,23.79719,22.429,23.79719
Tspan9,25.68354,24.50875,24.46151,24.50875
Os9,24.15019,23.33402,23.36933,23.36933
Bptf,22.77012,21.49819,23.01139,22.77012
Hspa14,26.28042,26.25057,25.56819,26.25057
Lysmd1,24.16054,24.13634,22.78987,24.13634
Thtpa,26.50491,26.32121,26.49721,26.49721
Dhrs7b,26.68258,25.96087,26.82651,26.68258
Odr4,25.31755,25.50721,25.20814,25.31755
Ankrd50,25.37335,24.42053,22.33533,24.42053
Cherp,24.76668,24.41164,25.47017,24.76668
Phkg1,23.63134,21.94328,20.50465,21.94328
Syt7,,17.03982,18.26915,17.654485
Anks1b,,,,
Arap1,25.09257,24.13132,23.97132,24.13132
Gbp4,25.28711,24.95695,24.37265,24.95695
Elmod1,22.01414,24.58486,23.38706,23.38706
Tmod3,29.86414,29.52558,29.00341,29.52558
Slc14a1,23.08341,22.90432,21.87901,22.90432
Rabgap1l,23.93598,23.48886,22.63265,23.48886
Nfia,27.015,26.58892,25.26999,26.58892
Rap2c,25.01772,23.50203,23.75399,23.75399
Rps6kb1,25.75111,23.33252,25.09551,25.09551
Nup153,26.59847,25.69032,25.56087,25.69032
Mrpl3,24.18813,24.18162,23.81274,24.18162
Hsd17b7,27.00796,25.85776,25.7741,25.85776
Zcchc8,24.84933,23.70356,23.89338,23.89338
Ddx21,27.38303,26.73609,26.78843,26.78843
Usp31,25.31845,26.39671,26.71096,26.39671
Ip6k1,22.3476,22.01018,22.10537,22.10537
Cpsf1,24.62868,24.27085,24.25789,24.27085
Ubtd2,25.28761,24.41474,23.78995,24.41474
Gys1,26.54528,26.28443,26.15864,26.28443
Mrps2,26.17526,26.08022,24.93085,26.08022
Amt,29.26369,28.05253,27.5294,28.05253
Pdcd4,27.91296,27.16289,26.10571,27.16289
Slc25a31,18.36393,17.87843,17.33691,17.87843
Mb21d2,22.17289,21.76389,22.07015,22.07015
Ngly1,26.80796,26.22046,26.16961,26.22046
Picalm,,,,
Tdrd7,26.01557,25.26632,25.70028,25.70028
Fam171a1,22.11076,20.74468,20.48925,20.74468
Atp2b3,,,,
Pqbp1,27.29535,26.57715,26.76256,26.76256
Scly,23.99412,23.77585,23.57346,23.77585
Plxna2,21.79871,19.88956,21.03664,21.03664
Sec11c,24.09997,24.3334,24.0818,24.09997
Ap3s2,26.11977,25.19907,25.44244,25.44244
Mrpl46,26.04514,25.32485,24.54062,25.32485
Ralbp1,19.70241,19.31336,20.585,19.70241
C1qc,28.54219,25.83564,26.2622,26.2622
Sf3a2,27.31207,27.17284,27.27453,27.27453
Dcaf8,26.7714,25.86936,25.50161,25.86936
Col4a1,23.99912,22.64852,22.85924,22.85924
Kcnab1,19.13929,,,19.13929
Lrrfip2,27.25782,26.3655,26.21078,26.3655
Slc25a40,24.63489,23.76608,24.21823,24.21823
Ankrd63,,24.19903,20.74968,22.474355
Stau2,26.58405,22.34681,22.42414,22.42414
Sqrdl,29.71155,28.23219,28.17888,28.23219
Rbfox1,,,,
Pogz,24.80715,23.78586,23.80577,23.80577
Prpf39,23.79432,23.73562,24.18283,23.79432
Acp2,26.64169,26.18208,25.901,26.18208
mt-Nd2;Mtnd2,27.1716,25.98057,25.97948,25.98057
Smg1,24.40678,23.98789,23.81597,23.98789
Ctnna3,22.89925,21.79539,26.39971,22.89925
Fgd4,23.78636,22.54581,22.57351,22.57351
Rbm7,23.74026,23.57277,24.14748,23.74026
Rpe,27.89879,26.17575,26.5035,26.5035
Strada,,18.73635,,18.73635
Osbpl7,23.06935,22.19268,21.88997,22.19268
Mios,25.06484,24.37113,23.66622,24.37113
Zc3h14,24.65354,24.0712,23.49997,24.0712
Frmd4b,25.26914,24.59149,24.86656,24.86656
Psmd10,27.25899,26.44582,26.33369,26.44582
Sbf2,24.62767,23.50845,22.88172,23.50845
Ctsh,28.04838,26.768,27.04416,27.04416
Sun2,26.12392,25.30525,25.27647,25.30525
Macrod2,,,,
Traf7,21.33052,20.47625,19.53439,20.47625
Smad2,27.36628,24.83514,26.15116,26.15116
Spcs3,22.87944,24.93112,24.07406,24.07406
Smndc1,28.19427,29.13078,27.70846,28.19427
Arhgef4,25.1899,24.2522,23.93067,24.2522
Pkn1,26.4271,25.44617,24.79932,25.44617
Nt5e,23.81607,20.48591,20.50824,20.50824
Cdk19,23.04509,21.85438,21.69592,21.85438
,25.22949,24.37908,26.65581,25.22949
Atp8a2,19.32466,19.54928,19.40229,19.40229
Clns1a,26.53222,25.99183,26.62185,26.53222
Dock11,23.45136,22.59209,22.32718,22.59209
Sorbs3,27.89822,27.23635,26.47423,27.23635
mt-Atp6;Mtatp6,,,,
Cog4,25.90419,24.98911,24.26949,24.98911
Mrpl19,25.15657,26.66479,25.09342,25.15657
Erlin1,25.28351,24.15915,25.02644,25.02644
Slc38a2,25.49631,25.97526,24.13179,25.49631
Tbc1d10a,24.81987,22.13006,18.63648,22.13006
,25.36142,24.51899,24.86905,24.86905
Scn3b,,,,
Dennd4b,20.53754,19.57733,20.43258,20.43258
Ctr9,24.0411,22.64647,23.6413,23.6413
Sec14l1,22.75124,23.05724,22.34871,22.75124
B3gat3,25.31337,24.17607,22.69929,24.17607
Anapc2,24.67471,24.20329,23.66893,24.20329
Wars2,27.20686,26.89712,25.99084,26.89712
Abhd4,27.90701,27.68913,27.34984,27.68913
Igsf1,21.44794,18.91292,20.65062,20.65062
Glmn,24.67379,22.12187,22.36773,22.36773
Plch1,23.56546,23.32745,23.32416,23.32745
Creg1,25.85155,26.07551,25.56689,25.85155
Tbl2,26.95748,25.96107,25.83985,25.96107
Bod1l,22.49641,20.97162,21.73347,21.73347
Hypk,27.58513,27.07378,27.52507,27.52507
Jmy,23.3692,23.6049,22.40309,23.3692
Gtf2f1,27.25223,25.95338,26.57586,26.57586
Brinp2,,15.5748,,15.5748
Fbll1,25.54745,24.8998,24.94512,24.94512
Ptn,28.93109,29.0386,29.81842,29.0386
Mrpl11,27.40332,25.73019,26.92139,26.92139
Hapln2,23.4424,23.5335,25.664,23.5335
Myo10,22.13652,22.08696,21.68885,22.08696
Strip2,,,,
Ppip5k2,22.37899,20.79027,20.0058,20.79027
Kcnt1,18.49439,14.86651,,16.68045
Dzip3,23.6156,22.50577,21.79563,22.50577
Lyplal1,25.96867,25.94913,25.63414,25.94913
Mapk15,27.27373,26.36751,26.07926,26.36751
Serbp1,22.32691,24.11394,,23.220425
Pcdh19,17.46084,18.54981,17.79468,17.79468
Trim23,23.52552,23.67422,23.77605,23.67422
Slc43a2,23.60513,22.79996,23.31797,23.31797
Oxnad1,26.36691,26.33511,25.62597,26.33511
Cyp2j9,23.31948,24.19445,20.32356,23.31948
Thoc6,26.17929,24.97478,26.16121,26.16121
Nub1,27.4255,26.71895,26.51893,26.71895
Cptp;Gltpd1,22.69523,21.56519,20.98676,21.56519
Epb41l3,24.32704,22.76602,22.88976,22.88976
Lysmd2,26.03708,25.60648,25.12715,25.60648
Pir,25.8645,26.20825,26.08345,26.08345
Rab2b,26.67452,26.13811,25.93986,26.13811
Ddrgk1,27.55801,26.42803,26.76015,26.76015
B2m,28.46424,25.12861,27.58456,27.58456
Lhpp,26.41254,26.24931,27.15345,26.41254
Endog,26.66302,26.12755,25.94873,26.12755
Arhgap17,25.66308,25.26309,25.0703,25.26309
Nedd8,31.27442,30.72338,30.55206,30.72338
Aldh3b1,26.54947,24.928,25.18737,25.18737
Stau1,26.92615,26.2089,26.39259,26.39259
Tmem9,22.50376,21.61477,,22.059265
Prkcz,20.90169,20.73917,21.23345,20.90169
Yes1,27.04323,25.46354,25.80784,25.80784
Gabra3,15.25059,15.15565,,15.20312
Hif1an,22.81029,21.39084,22.07839,22.07839
C1ql3,21.15221,22.33298,20.08745,21.15221
Heph,22.77181,21.13915,22.41511,22.41511
Anapc7,23.49668,23.01672,22.31291,23.01672
Ankle2,25.84659,24.4346,24.23564,24.4346
Yif1b,26.7529,26.54826,25.80472,26.54826
Bcam,24.89823,22.81577,23.26112,23.26112
Ccdc58,28.54219,26.95494,27.28109,27.28109
Pds5a,25.54191,24.03271,23.92949,24.03271
Opcml,,,,
Mrpl21,27.35187,26.57629,26.30184,26.57629
Comtd1,25.05063,23.99697,24.76461,24.76461
Nrp2,21.51331,22.1121,20.81558,21.51331
Cisd2,26.92988,27.28498,26.52258,26.92988
Nat10,23.83721,23.06431,24.32834,23.83721
Ptpmt1,27.25863,26.33345,26.509,26.509
Snx15,24.94114,23.92895,23.00381,23.92895
Meis1,21.70434,23.77876,21.68505,21.70434
Col1a1,23.92443,21.71415,20.2018,21.71415
Shoc2,25.67449,24.63915,23.65655,24.63915
Mmaa,26.29493,25.82571,25.06989,25.82571
Parg,24.13641,23.75042,22.54884,23.75042
Stx18,24.84144,24.24641,25.33453,24.84144
Man2b1,26.45599,26.01875,25.8765,26.01875
Nqo1,26.74175,25.84405,26.05186,26.05186
Slc13a5,,,,
Cnot2,21.33631,20.72476,21.82466,21.33631
Dpp4,19.73714,16.74609,,18.241615
Fam3c,27.29053,26.13506,26.43449,26.43449
Znf598,24.46364,23.65873,23.69763,23.69763
Gtf2b,26.1402,25.11573,25.37587,25.37587
Kdsr,26.34247,26.02128,26.05988,26.05988
Cadps,21.07855,,,21.07855
Wdr43,24.09386,23.65818,22.58992,23.65818
Pofut2,24.90582,24.57375,23.96631,24.57375
Kcnq2,19.98036,19.8105,,19.89543
Sez6l,20.75107,16.86737,18.86445,18.86445
Scaf11,24.20702,22.81374,22.44253,22.81374
Unc80,21.62533,22.0173,22.49309,22.0173
Unc13b,20.57948,18.44241,16.88524,18.44241
Tom1l1,27.77241,26.55265,26.30396,26.55265
Leo1,24.20784,23.08882,21.67034,23.08882
Dhx32,25.72416,24.46725,24.05101,24.46725
Vps37b,25.05063,24.2303,23.38837,24.2303
Csnk1g1,18.18665,18.85111,18.86057,18.85111
Slitrk5,,19.06413,,19.06413
Lzts1,22.93476,20.74977,22.0593,22.0593
Eogt,24.97649,24.07961,23.80391,24.07961
Speg,24.91365,23.77284,24.76177,24.76177
Commd6,27.64182,25.86762,27.08507,27.08507
Pcdhgb6,25.70226,25.51632,24.94664,25.51632
Sos2,21.40484,21.09442,21.19436,21.19436
Wdr18,26.61667,24.7452,23.22826,24.7452
Rnf181,27.28003,26.24325,26.0203,26.24325
Secisbp2l,25.02829,26.73699,26.56087,26.56087
Rbmx,23.84105,22.98435,23.88939,23.84105
Mttp,26.25992,25.22343,25.09848,25.22343
Luc7l,22.53559,23.06237,24.15954,23.06237
Sra1,26.30822,25.42015,24.88176,25.42015
Brd3,25.05854,22.65545,22.73416,22.73416
Neto2,19.43213,23.25681,23.09536,23.09536
Larp6,20.24505,20.94135,20.45603,20.45603
Uvrag,22.27623,20.9549,21.34137,21.34137
Zpr1,26.39614,25.72268,25.59767,25.72268
Ptplb,28.48281,28.59263,28.56783,28.56783
Tmem88b,,,,
Sh3bp1,26.19684,24.49692,24.58726,24.58726
Wwc2,26.96334,23.64009,25.88881,25.88881
,28.49739,29.18284,24.45186,28.49739
Golga7,27.0749,25.86287,25.74314,25.86287
Hs1bp3,27.96124,27.33031,26.82031,27.33031
Arc,,,17.39465,17.39465
Ptgs1,24.77636,23.97404,23.91989,23.97404
Micall1,22.05036,22.20661,21.94242,22.05036
Dnajc2,25.74965,25.30027,25.32828,25.32828
Tbl3,23.76375,23.15063,23.15326,23.15326
Syt5,19.74416,19.47556,19.69061,19.69061
Scaper,24.01996,21.9315,22.96995,22.96995
Mrps7,26.86997,26.32193,26.10246,26.32193
Rfk,27.41546,25.97976,26.29579,26.29579
Kiaa1598,22.18526,21.8795,22.31799,22.18526
Cdkn2aip,26.76838,26.71162,26.96851,26.76838
Mrpl53,26.0648,24.20523,25.03481,25.03481
Ctss,28.28498,27.93022,27.65233,27.93022
Col6a1,22.96161,21.67258,21.22441,21.67258
Tyk2,15.81781,18.78424,20.07038,18.78424
Cxadr,27.16739,26.46328,27.02844,27.02844
Asic1,,,,
Aatk,21.28946,20.09223,21.80495,21.28946
Mrpl24,26.88518,26.79154,25.54898,26.79154
Kcna6,21.0952,19.03633,18.02507,19.03633
Psmf1,28.17992,26.9526,26.44158,26.9526
Cdk5r2,23.03413,24.27831,22.96127,23.03413
Dcaf11,23.84057,21.49219,21.72034,21.72034
Kcna3,,,,
Alkbh3,22.8279,23.6513,23.43084,23.43084
Prelp,24.09748,23.44607,22.23494,23.44607
Ndufaf6,24.03633,23.69594,23.32155,23.69594
Tsc22d2,24.87253,23.74796,22.66646,23.74796
Scoc,,,,
Dpysl4,,,,
Entpd5,26.68793,25.2676,25.55535,25.55535
Wsb2,20.63449,,,20.63449
Bid,26.56199,25.26617,25.31102,25.31102
Uhrf1bp1,24.0857,21.26127,22.10882,22.10882
R3hdm1,24.26084,22.02212,21.99573,22.02212
,,21.53938,22.57526,22.05732
Aes,,20.49434,18.52535,19.509845
Lamtor2,27.94061,27.72871,27.06528,27.72871
Cdh10,19.40719,,17.07201,18.2396
Faim,23.77163,25.17253,24.87282,24.87282
Klhl9,23.91752,23.65174,23.51569,23.65174
Sh2d3c,15.56391,18.58435,17.25921,17.25921
Tab1,26.07482,25.36996,25.28828,25.36996
Megf9,23.90509,22.70849,20.72476,22.70849
Tmcc3,24.31244,24.41467,24.30848,24.31244
Klc4,26.52565,25.14713,25.04059,25.14713
Zfp407,20.38248,16.30259,16.36107,16.36107
Lrrc73,,,,
R3hcc1,23.63345,23.79719,23.99783,23.79719
Ndufb2,25.92019,26.35658,,26.138385
Emc4,27.27506,25.6757,26.23912,26.23912
Stk38,26.55494,25.74666,25.32279,25.74666
Elp5,25.65338,24.14203,24.75057,24.75057
Pcna,28.07383,26.81665,27.22463,27.22463
Cdc42ep1,28.71247,27.40446,27.22223,27.40446
Myo16,20.73587,20.60304,20.78987,20.73587
Dvl1,23.67163,21.72804,22.38387,22.38387
Mbnl2,27.30295,27.92309,27.98734,27.92309
Tpd52l2,19.52078,21.30703,,20.413905
Rbfox3,21.75548,20.68389,,21.219685
Timm21,27.09859,26.43282,26.65198,26.65198
Commd7,26.71895,24.93468,25.05565,25.05565
Mboat2,23.81831,23.69317,23.68132,23.69317
Coq3,27.25305,25.79464,25.70593,25.79464
Gm21992;Rbm4,25.34184,23.55426,23.67562,23.67562
Glipr2,31.16159,30.18648,30.39059,30.39059
Reep3,24.3432,23.56314,23.78177,23.78177
Mfsd6,23.81948,22.14523,21.27441,22.14523
Lmf2,21.03543,24.20068,22.52504,22.52504
Scd2;Scd3,26.26469,25.48302,25.69835,25.69835
Sugp1,23.75817,23.93778,22.99616,23.75817
Trp53rk,23.73727,23.70155,23.6075,23.70155
Polr2d,26.07845,24.94606,24.46326,24.94606
Srpr,26.74496,25.26442,25.2422,25.26442
Jakmip2,23.526,19.99175,19.58983,19.99175
Lsm12,27.58799,28.24645,27.67324,27.67324
Tomm40l,25.72985,24.74088,24.7382,24.74088
S100a16,28.49328,28.51254,27.55486,28.49328
Trmt6,25.69171,24.28623,24.47253,24.47253
Tmem87a,25.2329,25.20702,24.44973,25.20702
Pde8a,21.70561,21.42527,23.58543,21.70561
Aqr,23.78985,23.09254,22.011,23.09254
Cpq,28.54573,26.24733,25.80376,26.24733
Tmem178b,18.88414,,,18.88414
Wrnip1,22.3036,21.32652,22.22544,22.22544
Wdr45,24.05374,23.19275,24.14507,24.05374
Phyhd1,29.27677,28.81259,28.48746,28.81259
Plekha7,28.27484,27.37526,27.39362,27.39362
Mrps11,24.72848,24.07096,25.4577,24.72848
Ube2q1,25.61686,24.34449,24.86905,24.86905
Unc119b,27.55779,26.3338,27.01489,27.01489
Slc4a1ap,23.55754,22.5107,22.8424,22.8424
Matn4,18.85422,,,18.85422
Mlip,18.90721,,20.16742,19.537315
Arap2,23.15653,21.79923,22.19069,22.19069
Spg21,27.01977,25.42387,26.15035,26.15035
Rims3,18.77169,,20.59623,19.68396
Stambpl1,20.65674,20.37146,18.36645,20.37146
Ppp2r2b,23.40847,21.44299,21.40104,21.44299
Tpbg,26.98923,25.7306,25.49366,25.7306
Lrrfip1,23.85196,24.22155,24.42098,24.22155
Eml3,24.14001,24.3577,23.42483,24.14001
Cdr2l,24.23768,22.97244,23.28164,23.28164
Lpp,28.92768,27.72618,27.5012,27.72618
Sumo2,32.68336,32.37327,32.46351,32.46351
Galk2,27.84888,26.68043,26.92785,26.92785
,25.67406,25.12341,25.07537,25.12341
Mapk8ip2,19.97393,,,19.97393
B3galtl,22.32924,22.81339,23.43936,22.81339
Abhd3,23.76314,22.77748,22.821,22.821
Tmem201,24.96939,25.01482,24.62439,24.96939
C330007P06Rik,25.11751,25.80897,25.48034,25.48034
Ddx41,24.0041,23.39676,23.87511,23.87511
Dnajc24,27.02559,27.08801,26.36626,27.02559
Eno3,24.04085,24.10685,23.91004,24.04085
Smek2,24.79328,21.88737,24.59463,24.59463
Mmgt1,27.4847,27.24799,27.19686,27.24799
Gatad2b,26.31909,24.98098,24.7761,24.98098
Snx25,21.38448,,,21.38448
Cdh8,15.30424,18.75516,17.77982,17.77982
Arfgap1,,,,
Gpld1,20.49872,,21.00997,20.754345
Rif1,20.44223,20.6063,19.81269,20.44223
Mtmr6,26.38773,25.21985,25.35262,25.35262
Bnip3l,26.32773,25.0876,24.05747,25.0876
Pars2,25.64072,23.84009,24.04419,24.04419
Lims1,28.30908,27.74836,28.35494,28.30908
Lclat1,24.63567,24.52952,24.38568,24.52952
Lmbrd2,23.83721,23.58222,23.85396,23.83721
Thra,,20.48532,20.51065,20.497985
Slc1a1,20.15684,,,20.15684
No66,21.36057,21.51461,21.16337,21.36057
Slitrk1,21.54085,16.27594,16.29833,16.29833
Phlpp1,24.25587,21.91408,22.46009,22.46009
Agt,,,,
Tspan7,27.60428,27.16854,27.4174,27.4174
Cyth3,24.09305,22.88854,22.39841,22.88854
Slc22a23,25.06456,24.07251,24.02538,24.07251
Itih5,25.04373,23.63544,23.55227,23.63544
Vamp3,31.00524,30.28967,29.27691,30.28967
Gemin5,23.24307,23.01248,22.81591,23.01248
,19.479,20.77322,19.11982,19.479
Cd2ap,26.25425,24.94869,25.17478,25.17478
Atf2,23.96093,22.86793,23.41377,23.41377
Mlst8,27.71004,26.48056,26.00279,26.48056
Ppwd1,24.33129,23.32773,24.09096,24.09096
Nubp2,27.72247,26.09652,26.79675,26.79675
Uck2,28.21692,27.00913,26.86585,27.00913
Rbm26,25.76699,25.45532,25.07875,25.45532
Dync2li1,26.71738,25.41296,26.00702,26.00702
Pgbd5,18.20323,,20.31274,19.257985
Pcnp,28.37348,27.7084,27.78182,27.78182
Kcmf1,25.19314,24.505,24.77309,24.77309
Cep97,23.44025,23.61054,23.84393,23.61054
Tbc1d22a,24.88618,22.86384,23.3889,23.3889
Ppp4c,26.35698,26.91866,27.3379,26.91866
Acap3,21.92023,19.83703,19.22959,19.83703
Fam50a,23.98372,24.05043,23.72495,23.98372
Rpp30,24.43148,23.54321,24.40451,24.40451
Cblb,22.31973,20.05179,20.39561,20.39561
Gabra6,,,,
Nfix,26.98251,26.63492,25.7207,26.63492
Maged1,25.79087,24.28687,25.80568,25.79087
C1qtnf4,17.61159,,18.96002,18.285805
,26.85863,25.40084,25.99285,25.99285
5031439G07Rik,24.20292,23.74684,23.96561,23.96561
Ppp1r10,22.48932,22.58298,22.76099,22.58298
Nup88,26.72338,25.97882,25.83328,25.97882
Jak1,24.92397,23.74612,23.21759,23.74612
Itga7,26.36165,24.85215,24.36246,24.85215
Pom121,24.18503,25.73125,22.73913,24.18503
Mapt,24.38073,24.42214,23.94557,24.38073
Ubxn4,27.96058,27.13829,27.22435,27.22435
Ap1s2,26.46126,26.29397,26.56983,26.46126
Exd2,25.17839,22.55492,22.64132,22.64132
Cntnap5a,20.04006,17.87634,19.16957,19.16957
Vwa9,24.30278,22.89652,23.32869,23.32869
Pak1ip1,24.95784,25.68945,25.50966,25.50966
Hacl1,27.30652,26.49931,26.41999,26.49931
Hmg20a,23.34679,23.05267,23.36159,23.34679
Gm20671;Pisd,25.05167,24.64097,24.30375,24.64097
Abcd2,19.11042,18.52833,20.42111,19.11042
Gpam,24.33593,23.826,25.79154,24.33593
Slc44a2,26.17581,25.51253,25.89977,25.89977
Flrt2,19.99079,22.00415,20.45202,20.45202
Galnt13,19.06592,,,19.06592
Aagab,26.27753,25.05643,25.22383,25.22383
Svip,,,,
Akt1s1,26.80156,26.12522,25.75116,26.12522
Bsdc1,24.80228,23.45876,22.72299,23.45876
Bccip,25.12262,24.7686,25.00118,25.00118
Tbck,24.6036,22.73389,25.2451,24.6036
Ctif,22.08592,22.06733,22.5492,22.08592
Scpep1,26.9752,27.08182,26.92162,26.9752
R3hdm2,21.91889,19.39622,20.07038,20.07038
Dtd2,23.94369,25.11533,25.29134,25.11533
Vamp8,26.47469,27.30826,27.60661,27.30826
Inmt,29.26141,26.95049,24.62048,26.95049
Cav2,28.38216,28.36636,27.73899,28.36636
Arhgap31,24.4062,22.39817,24.15143,24.15143
Slc6a15,22.1278,23.24187,,22.684835
Prc1,22.18141,21.6718,23.71607,22.18141
Eepd1,19.91807,22.12345,25.13348,22.12345
Lrrc8d,24.86538,24.12904,22.46099,24.12904
Lrrfip1,26.75735,25.61734,26.25899,26.25899
P2ry12,22.52691,,,22.52691
Maged2,26.52692,25.54722,24.6542,25.54722
Hist2h2ab,26.17099,27.11515,26.28725,26.28725
Nol4l,18.75048,20.42767,,19.589075
Ston2,26.65581,25.53546,25.44897,25.53546
Wnk3,20.92071,19.31019,16.62913,19.31019
Tia1,22.14687,20.70295,22.3948,22.14687
Rufy2,25.05142,22.81535,23.05654,23.05654
Bop1,23.44278,23.83653,24.20725,23.83653
Tmem62,21.56709,20.06973,22.49424,21.56709
Gna12,24.38449,23.70081,23.78297,23.78297
Stx6,22.91567,24.95065,24.60337,24.60337
Vkorc1l1,22.18837,20.94371,,21.56604
Map7,20.81198,,20.44567,20.628825
Dcaf5,23.31022,22.12978,19.85406,22.12978
Man1a2,24.43778,23.11968,23.27199,23.27199
Hlcs,23.5899,22.02746,21.20747,22.02746
Mrpl23,27.81659,26.30196,26.58334,26.58334
Cd151,27.18026,26.93629,26.30944,26.93629
Irs2,26.07073,25.65234,25.83572,25.83572
Phf10,22.10929,21.3829,21.85323,21.85323
Apba2,23.6093,20.14582,21.00731,21.00731
Smad5,26.73828,26.15644,25.58875,26.15644
2015-09-10 00:00:00,26.08815,25.87091,25.44717,25.87091
Prkg2,,20.35229,,20.35229
Uevld,25.27757,23.83711,24.04793,24.04793
Unc5c,19.53178,,18.71599,19.123885
Rcbtb1,23.23036,23.38837,22.76239,23.23036
Ccnyl1,23.56535,22.6859,22.46668,22.6859
Tbpl1,19.44263,18.90366,20.2469,19.44263
Glrx2,24.07259,22.02911,22.28523,22.28523
Ralgps1,,,18.79303,18.79303
Morn4,23.02692,20.83522,,21.93107
Akap8,25.6771,24.72145,24.91984,24.91984
Golga1,24.26177,24.91561,24.16046,24.26177
Peak1,24.54091,23.41506,23.72182,23.72182
Tnip1,22.77447,22.62734,22.87817,22.77447
Fer,24.4607,22.76148,23.09,23.09
Asphd2,20.38437,20.5174,19.66033,20.38437
Dapk3,24.44853,23.38772,21.58059,23.38772
Pofut1,26.44919,25.7442,25.24952,25.7442
Arid1b,24.28008,23.28235,23.06609,23.28235
Rad50,23.49302,23.46389,23.31893,23.46389
Mul1,25.1801,23.61482,23.83219,23.83219
Mettl3,25.33715,24.46051,24.34394,24.46051
Paxbp1,23.57057,22.99599,23.06289,23.06289
Ttc5,25.2084,24.99473,24.64763,24.99473
Lppr2,17.12161,,,17.12161
Echdc2,27.53416,25.4128,26.00772,26.00772
Entpd2,22.57101,24.31872,23.58245,23.58245
Bbs7,25.05059,24.1546,24.18805,24.18805
Stmn3,22.42829,22.12063,,22.27446
Gfm2,24.2267,23.30327,22.74589,23.30327
Snapin,25.80203,25.3866,25.82709,25.80203
Tcf4,,18.85921,,18.85921
Cpne8,26.23416,24.58749,25.37769,25.37769
Stk25,25.38301,24.68576,24.49094,24.68576
Dmap1,23.83663,23.9358,23.97386,23.9358
Bicd2,25.78621,25.23279,25.55599,25.55599
Lipa,23.96684,21.25494,21.35558,21.35558
Arhgef10l,23.67357,22.57108,21.33271,22.57108
Pip5k1a,25.54919,22.77302,23.25465,23.25465
Nfil3,,,20.05841,20.05841
Fn1,30.60196,29.9157,29.88706,29.9157
Raver1,26.38988,24.28694,24.67066,24.67066
Itm2b,27.16624,26.77643,26.68739,26.77643
Aldh16a1,26.03398,24.58509,25.15769,25.15769
Galt,22.19412,22.72958,21.76284,22.19412
Ppp1r3f,21.1566,21.1665,21.45227,21.1665
Gtf2e2,21.54486,22.61852,23.36212,22.61852
Jam2,28.16125,27.35069,27.3841,27.3841
Tha1,25.74689,24.77092,24.16277,24.77092
Usp35,19.93488,19.90522,19.41889,19.90522
Fam208a,21.23222,20.11528,20.4707,20.4707
Cx3cl1,21.43201,20.89393,21.04687,21.04687
Hmgcs2,26.89261,,,26.89261
Pcmtd1,25.35293,24.33919,24.24634,24.33919
Efnb2,21.26304,19.6925,,20.47777
Cnn2,29.44796,29.92832,28.86284,29.44796
Pkib,,22.21798,22.12282,22.1704
Selt,26.72051,23.86712,23.63023,23.86712
Acvr1b,21.28861,21.03792,20.86756,21.03792
Gabrd,,,,
Pomgnt1,21.94185,21.52912,22.37859,21.94185
Rasgrp1,20.48306,20.30084,19.89831,20.30084
Abcc8,20.06421,,17.92405,18.99413
Hmgxb4,22.60352,22.48045,21.43161,22.48045
Tcf20,20.51171,21.34039,21.24945,21.24945
Npepl1,26.93337,25.74322,26.16254,26.16254
Slc25a15,23.72515,23.45387,23.21117,23.45387
Acad11,26.06433,24.7112,24.23469,24.7112
Sorbs1,24.57231,24.16959,23.99886,24.16959
4931406P16Rik,24.24728,24.02352,19.60926,24.02352
Aatf,23.97132,24.2863,25.95036,24.2863
Golga5,26.29497,25.13575,25.69088,25.69088
Ephb6,,,,
Unc119,24.82706,23.99809,23.98233,23.99809
Ca7;Car7,21.7545,,,21.7545
Tktl1,24.83147,23.57254,,24.202005
Map3k7,25.36786,23.55075,24.48898,24.48898
Eif4enif1,23.47791,22.62299,23.0245,23.0245
,26.87678,24.22413,24.41596,24.41596
Urgcp,21.45889,22.14317,19.90528,21.45889
Rnf126,26.04872,25.72062,25.93468,25.93468
Mrps30,26.99345,25.71285,25.44215,25.71285
D3Ertd751e,23.74612,21.90672,21.12629,21.90672
Gprasp2,22.85709,23.57496,22.64634,22.85709
Rai14,26.9546,26.15418,26.17782,26.17782
Cr1l,24.85904,23.55321,24.51545,24.51545
Mrps26,26.71999,26.90311,26.8642,26.8642
Zeb2,23.44632,21.77832,21.93059,21.93059
Mycbp,25.42774,24.53919,19.59127,24.53919
Pet112,24.42829,23.56034,23.21438,23.56034
Aldh1a2,28.32864,26.67452,25.29656,26.67452
Ccdc43,26.79947,25.98629,26.15041,26.15041
Fpgs,25.24981,21.8759,21.45156,21.8759
Mrps15,24.33047,24.35279,23.38087,24.33047
Mib1,24.36192,22.51352,22.79485,22.79485
Kctd3,20.77491,20.32202,20.77989,20.77491
Tmem106b,26.51832,25.45061,26.39854,26.39854
Iqcb1,24.94306,22.65055,20.64887,22.65055
Itpkb,26.57831,25.0393,24.98854,25.0393
Rapgefl1,19.43581,18.6623,20.26064,19.43581
Slmo1,,,,
Serpinf1,24.3646,22.82172,24.41229,24.3646
Otud6b,28.28925,27.33424,27.77618,27.77618
Mrpl54,25.55388,22.41083,18.18427,22.41083
Cox7c,24.83846,23.87127,24.09901,24.09901
Smg8,23.85538,22.9761,23.22682,23.22682
Kdm4a,21.82691,20.12477,21.2921,21.2921
Sh2d5,17.67783,,18.47068,18.074255
Grk5,24.05747,21.54128,21.52449,21.54128
Klhdc2,18.40848,,,18.40848
Mrpl57,26.36718,25.78669,25.52406,25.78669
Parva,29.3521,28.99281,27.46646,28.99281
Tpgs1,25.58715,24.18563,22.55267,24.18563
Brd2,25.10992,23.04767,22.97949,23.04767
Pcdha9,16.83269,16.57467,,16.70368
Rbbp5,24.71749,24.87736,24.37855,24.71749
Akap6,23.23799,22.31216,22.45365,22.45365
Arhgap33,18.16678,19.3567,20.66092,19.3567
Fdx1l,24.54745,23.29095,24.11593,24.11593
,29.29647,27.84098,27.49427,27.84098
Cep68,22.92299,21.05305,19.26769,21.05305
Cd34,22.2392,23.33756,22.78853,22.78853
Cdc27,24.30904,23.51689,22.79592,23.51689
Slc6a7,20.05391,,,20.05391
Ddhd1,,,,
Frs2,22.40528,21.19982,20.28421,21.19982
Naa30,25.78189,24.85572,25.01504,25.01504
Dennd4a,22.57256,21.89752,21.79895,21.89752
Unc13c,,20.27185,,20.27185
Diablo,30.59201,27.37019,27.03244,27.37019
Incenp,19.44635,15.85919,,17.65277
Swi5,27.02644,26.09354,26.36851,26.36851
Alpl,,,,
Snx32,21.33778,19.09556,18.9219,19.09556
Rlbp1,21.79998,22.29522,19.41667,21.79998
Vps37a,25.09824,23.7191,24.71973,24.71973
Krt8,,,,
Srp19,25.37408,25.85507,25.71673,25.71673
Foxk2,23.69753,22.56442,22.9563,22.9563
Hdac3,23.43122,22.64933,22.83896,22.83896
Bola3,26.35407,26.18694,26.52792,26.35407
Cnnm4,19.48497,,,19.48497
Rbck1,22.29418,22.30449,21.18622,22.29418
Rgs3,23.6608,20.8137,20.87147,20.87147
Fkbp9,25.93035,25.28912,25.32615,25.32615
Grm4,,,22.17228,22.17228
Pcdh1,21.75638,22.8258,22.51393,22.51393
Lsm3,30.16495,29.26258,29.43179,29.43179
Mid1ip1,26.24512,26.12546,26.29407,26.24512
Ahsa2,23.74253,23.38245,23.53445,23.53445
Fbxl15,22.80475,19.03631,22.78239,22.78239
Mllt4,21.32246,23.78317,20.65255,21.32246
Armcx3,25.4793,25.09816,24.0945,25.09816
Irf2bp1,24.75664,24.10518,23.37796,24.10518
Tatdn1,25.84704,25.82279,25.3161,25.82279
Ankrd44,24.84522,24.01521,24.11569,24.11569
Arnt2,26.13473,24.46818,23.90049,24.46818
Alkbh7,24.70799,24.48965,23.84556,24.48965
Saraf,27.02855,25.57288,25.70451,25.70451
Nfat5,23.2953,21.59236,18.89083,21.59236
Phldb1,27.35884,26.57086,26.78119,26.78119
Brd9,22.32655,21.21116,21.59409,21.59409
Tmem132e,,20.44081,21.01264,20.726725
Gtf2e1,23.94824,23.46712,23.03009,23.46712
Tmem222,22.18323,23.41158,21.05775,22.18323
Sec61g,26.30482,24.42201,24.08489,24.42201
Cdk9,24.73185,24.71141,24.65622,24.71141
Timm22,27.91639,25.26892,25.73027,25.73027
Cd99,25.47401,25.94418,26.58721,25.94418
Cmtm4,28.29579,26.00917,27.55538,27.55538
Slc15a2,27.16595,25.37935,24.73195,25.37935
Rit2,,18.44722,19.62241,19.034815
Sun1,25.52904,24.46607,24.06554,24.46607
Lhfpl4,,,,
Doc2a,,,16.82389,16.82389
Rundc3b,,,,
Ptpn2,23.77374,23.29642,24.16415,23.77374
Rbm5,24.19663,23.35461,23.42995,23.42995
Rims1,,,,
Mtpap,26.69205,25.31779,25.65981,25.65981
Mdga1,,18.30603,,18.30603
Nucb2,26.11066,26.81005,26.96411,26.81005
Cnpy4,27.59562,27.37385,27.11961,27.37385
Hexim1,27.67459,25.95123,26.66071,26.66071
Stx5;Stx5a,28.35569,26.49133,26.50317,26.50317
Tceb3,23.77324,24.11672,24.2737,24.11672
Angel2,23.99274,23.29334,22.95699,23.29334
Slc10a4,,,,
Pllp,16.06911,,,16.06911
Nf2,25.58801,24.74571,24.73717,24.74571
Rela,26.67115,25.96669,26.15056,26.15056
Palmd,,22.39312,21.27202,21.83257
Pkia,27.10839,26.25548,25.87636,26.25548
Srsf9,27.13692,26.37905,26.37857,26.37905
Ears2,23.20814,23.10154,23.36826,23.20814
Add1,,,,
Dvl3,24.74673,23.74489,23.14804,23.74489
Ptprr,26.83388,27.46692,24.67055,26.83388
Ngb,,,,
Fchsd2,26.03446,26.36368,25.92227,26.03446
Osgep,27.16,25.96354,26.33574,26.33574
Zbed5,27.4961,26.49282,26.60527,26.60527
Exoc6,22.92794,20.86703,20.90998,20.90998
Sec61a1,27.7564,26.59164,26.77706,26.77706
Cyp2s1,,,,
Faim2,,,19.69552,19.69552
Txndc15,24.94011,23.93031,23.36893,23.93031
Anapc4,25.13677,23.87004,23.18885,23.87004
Gng5,26.603,23.04963,23.55579,23.55579
Brd4,24.45193,24.93003,24.73521,24.73521
Fbxw17,22.63327,24.16254,22.43204,22.63327
Appbp2,18.53924,16.43723,17.41922,17.41922
Med1,23.74489,23.30271,22.25655,23.30271
Unk,24.68014,23.65785,24.1361,24.1361
Shc1,24.57491,23.94092,24.11862,24.11862
Rpl22l1,27.55633,27.37468,26.11575,27.37468
Arid4b,21.73343,21.89833,22.62212,21.89833
Cdc40,23.42982,23.42163,23.71973,23.42982
Git2,23.94628,23.77987,23.43835,23.77987
Tmem214,25.37759,24.5741,24.65518,24.65518
Ssh2,20.4053,19.20517,20.25753,20.25753
Pla2g6,24.17005,22.58687,22.94888,22.94888
Cdh6,24.39682,22.79735,23.76668,23.76668
Fastkd5,22.17512,25.13665,21.52181,22.17512
Gnb2,,,,
Npc2,30.4565,29.7627,29.3848,29.7627
Pla2g15,25.41548,24.85405,24.88306,24.88306
Pltp,26.41275,25.04385,24.77891,25.04385
Kcnj9,,,,
Myof,29.45772,28.71748,28.50397,28.71748
Gan,22.31567,21.79555,21.34992,21.79555
Rpl37a,31.0189,31.2374,31.28372,31.2374
Cwc15,25.54333,27.82262,25.64014,25.64014
Kctd10,24.3656,24.53321,24.22678,24.3656
Kiaa0100,18.68746,18.41493,18.15847,18.41493
Pank2,24.75817,24.08083,24.24009,24.24009
Ppfia1,26.23971,25.64982,25.72435,25.72435
P33monox;4833439L19Rik,25.63243,26.78594,24.53172,25.63243
Suds3,23.82571,23.62143,22.56802,23.62143
Rqcd1,25.2787,22.36986,22.40777,22.40777
Bicd1,23.61336,21.72013,20.90757,21.72013
Thoc5,23.07733,23.29656,22.53668,23.07733
Slc4a4,22.09433,22.94045,18.41468,22.09433
Wdr4,25.26076,24.53445,25.0486,25.0486
Pcbd2,27.77637,26.83437,26.30805,26.83437
Sdpr,25.07745,23.87811,23.57946,23.87811
Cwf19l1,23.51424,23.28008,23.60671,23.51424
Vti1a,23.73552,24.96146,25.0299,24.96146
Nsd1,20.21644,20.81002,20.61396,20.61396
Morc2a,24.0059,24.69689,23.98433,24.0059
Rims4,21.90698,22.56425,21.87485,21.90698
Trip4,24.43231,22.94865,23.07865,23.07865
Bag1,27.58978,26.33693,26.56368,26.56368
Mapt,,,,
Gjb6,,,,
Triobp,25.28553,24.84129,24.52462,24.84129
Enpp4,25.9572,25.42905,24.35407,25.42905
Keap1,22.60921,22.62484,20.92586,22.60921
Itfg3,24.46158,24.39937,24.14616,24.39937
Thg1l,23.12745,22.71454,21.73533,22.71454
Smyd2,22.99001,20.92557,21.77925,21.77925
Whsc1,22.26055,20.44294,21.2012,21.2012
Dkk3,19.29147,,,19.29147
Hcn4,,14.38154,,14.38154
Tmem38a,,,,
Optn,24.07276,24.04585,24.24851,24.07276
Adrbk2,23.45676,22.2575,22.43586,22.43586
Mto1,22.19535,22.45244,22.44594,22.44594
Phf3,23.87793,23.02672,22.78127,23.02672
Rnf113a2,25.69469,23.37518,24.0496,24.0496
Cacng2,,22.36276,,22.36276
Galnt2,27.03517,26.17364,26.2759,26.2759
Cep131,27.69757,26.82202,26.87514,26.87514
9330182L06Rik,21.36341,17.42898,18.17908,18.17908
Pnck,20.09584,,22.00949,21.052665
Rasd2,,,14.7718,14.7718
Otub2,21.28833,19.97617,21.12199,21.12199
Zbtb20,26.71253,26.24225,25.65302,26.24225
Adal,24.51202,23.34489,23.29586,23.34489
Mcmbp,25.46526,24.04827,23.96877,24.04827
Pdzd11,29.1839,28.9063,28.77373,28.9063
Nupl1,26.29425,24.73691,24.99378,24.99378
2015-09-08 00:00:00,,,,
Rpl29;Gm17669;Gm10709;Gm3550,31.42887,30.46568,30.7531,30.7531
Msrb2,26.1323,22.98052,23.92425,23.92425
Zhx3,22.53467,21.62257,21.08609,21.62257
Tmem56,,20.0482,25.74627,22.897235
Crabp1,27.95055,26.67007,26.8441,26.8441
Las1l,24.54085,23.0293,24.01878,24.01878
Sco2,25.32426,24.59126,24.6402,24.6402
Phf5a,26.29803,25.90763,26.66763,26.29803
Rem2,,,,
Fig4,23.87136,25.34729,25.99311,25.34729
Klhl42,21.39906,20.16644,21.17706,21.17706
Irs1,25.3887,24.48296,24.38574,24.48296
Tulp3,26.84182,26.42974,25.86453,26.42974
Rbm27,24.78172,24.21282,24.64916,24.64916
Ppih,27.00539,27.04437,26.52172,27.00539
Itgb2,26.56042,24.81602,25.42371,25.42371
Dis3,24.67126,24.127,24.32917,24.32917
Mrpl55,26.31929,25.40123,25.22891,25.40123
Kmt2a,21.83623,20.8543,21.71205,21.71205
Dusp19,,,,
Ank3,10.41754,,,10.41754
Phactr2,22.79978,,,22.79978
Arhgef18,26.38509,25.33354,25.81382,25.81382
Lrrc75a,23.5981,22.35767,23.4051,23.4051
Dock6,24.15954,22.88841,22.39325,22.88841
Pdlim4,31.6667,30.92011,30.76746,30.92011
Gng11,22.92343,,,22.92343
Lsm1,25.27281,24.74617,24.58858,24.74617
Rabif,26.97465,26.03823,26.89238,26.89238
Hm13,28.07184,27.10299,27.38755,27.38755
Rsf1,24.46793,23.93139,23.54604,23.93139
Mepce,23.92171,23.40041,22.42918,23.40041
Ranbp10,23.77836,24.23359,24.59269,24.23359
Spcs1,29.13873,27.54178,27.7726,27.7726
Mettl16,24.09861,24.05813,24.12502,24.09861
Taf9,24.25292,22.51012,21.90386,22.51012
Rab11fip1,24.95943,24.28079,24.74119,24.74119
Opalin,,20.6734,,20.6734
Engase,23.55215,22.92327,23.56535,23.55215
Cerk,20.6264,18.83519,17.69968,18.83519
Ddx18,25.56985,25.52725,25.16488,25.52725
L7rn6;l7Rn6,28.80483,27.1883,27.80421,27.80421
Rab26,,,,
Lrig1,24.57917,23.49826,23.16,23.49826
Wac,24.14981,24.03086,23.85329,24.03086
Wdr81,23.82978,22.17359,22.26599,22.26599
Slc18a2,19.2793,,,19.2793
Cstf2t,25.00089,20.48198,23.03778,23.03778
Vps9d1,,,,
Olfm3,,,,
Mre11a,25.6572,24.69562,24.45186,24.69562
Tmf1,25.34635,24.36886,24.06956,24.36886
,25.06015,23.70007,25.0127,25.0127
Snap23,29.43778,28.76376,28.16883,28.76376
Dopey1,17.67762,12.51205,15.68921,15.68921
Alg5,26.98729,26.49951,26.14597,26.49951
,27.28833,,,27.28833
Shf,,19.24611,19.428,19.337055
Aup1,26.03536,25.11303,24.80252,25.11303
Tprkb,27.65922,25.91105,26.0526,26.0526
Ncor1,22.4265,21.84364,20.45824,21.84364
Serpinb9b,21.94703,19.14253,20.18834,20.18834
Aaas,25.77072,25.44003,25.45917,25.45917
Iah1,26.88332,26.91627,25.23034,26.88332
Madd,,,,
Ints7,24.998,24.74088,24.72083,24.74088
Cdc37l1,25.39944,25.40126,25.45127,25.40126
Gpc6,25.66812,23.58967,23.92479,23.92479
Ttc4,24.51887,23.84805,22.69121,23.84805
Apc2,20.19748,20.2867,19.56162,20.19748
Orc5,22.22955,18.79211,20.2674,20.2674
Sec62,26.09015,25.91673,26.27427,26.09015
Cntn6,,18.82476,19.59647,19.210615
Tpd52l1,21.91798,18.82898,20.94457,20.94457
Isy1,22.59978,23.56092,22.49843,22.59978
Ift172,25.05689,24.10165,24.05681,24.10165
Zbtb7a,24.60286,21.81828,20.38659,21.81828
Mrpl41;Gm6434,28.80968,25.5809,25.97675,25.97675
Prss23,25.12975,24.31893,23.77133,24.31893
Coq7,26.49135,25.15248,24.73521,25.15248
Ephb3,22.91601,21.84846,21.4208,21.84846
Ppil2,24.4231,23.10433,22.59448,23.10433
Slc25a19,24.23059,22.65604,22.91225,22.91225
Tmem177,25.07806,23.58268,23.11528,23.58268
Fyttd1,26.95294,25.63143,26.03133,26.03133
Otulin,25.54522,24.63051,24.78477,24.78477
Smpdl3b,26.85733,25.43231,24.91762,25.43231
Msh6,24.67347,23.6971,24.2129,24.2129
Szrd1,27.84769,27.29632,27.14987,27.29632
Crlf3,25.00821,24.96688,24.48062,24.96688
Ccdc88c,22.14124,21.55913,21.30446,21.55913
Ca10;Car10,,,,
Uqcc1,25.12052,24.3394,25.84945,25.12052
Sipa1l3,22.53227,22.05006,22.09362,22.09362
Cep170,,,,
Mbp,20.63927,,,20.63927
Col4a2,24.31043,23.09689,22.92685,23.09689
Slit2,24.83364,23.51159,24.07561,24.07561
Clcn3,,,,
St8sia3,19.2214,,,19.2214
Fbxo6,26.81287,26.15016,26.37171,26.37171
Scamp4,23.9757,24.13061,,24.053155
Mrpl43,26.45573,25.63489,25.2285,25.63489
Pelo,25.48358,25.61625,25.08978,25.48358
Pcf11,24.31817,20.88963,21.18562,21.18562
Cbfb,26.02532,25.39463,26.11048,26.02532
Cep128,26.21401,25.74037,25.1325,25.74037
Pex3,24.61263,25.0653,24.33946,24.61263
Gtf3c4,25.49268,23.89846,24.17699,24.17699
Ift88,25.29035,24.15329,24.32649,24.32649
Tub,,,,
Gls2,,,20.84698,20.84698
Pbx1,26.47486,25.60558,25.89691,25.89691
Fam210a,26.09629,23.76971,24.91711,24.91711
Tbcc,26.15016,25.66218,25.86093,25.86093
Smarcd3,23.84451,23.47308,23.40158,23.47308
Polr2h,26.78244,26.64883,27.13692,26.78244
Trhde,16.18882,,,16.18882
Rbm45,22.58486,21.65744,22.19928,22.19928
Kiaa0319l;AU040320,23.50446,21.41607,20.60032,21.41607
Eif1ad,24.65687,23.77495,25.1905,24.65687
Rabep2,23.98642,24.52659,24.50924,24.50924
Gtf3c1,23.25166,23.22134,22.44536,23.22134
Trim36,,,,
Gpt,20.03859,20.87185,20.905,20.87185
Hm13;H13,22.7533,21.91156,22.63409,22.63409
Cbwd1,26.86384,25.91504,25.01125,25.91504
Tgs1;Gm5117,24.698,22.70183,23.09608,23.09608
Smarcc1,24.99118,24.6147,23.81431,24.6147
Fam20b,24.89934,24.01427,24.42656,24.42656
Larp7,25.98416,24.78756,25.01814,25.01814
Plekho1,25.6685,23.3538,23.19822,23.3538
Pja1,19.56071,21.5799,19.39052,19.56071
Pros1,23.71565,24.23958,22.14333,23.71565
Cacna1c,15.80418,15.69569,,15.749935
Slc4a2,23.27526,22.41486,22.45786,22.45786
Clip3,23.22876,18.19532,16.44995,18.19532
Mon1b,25.31178,22.63429,22.48478,22.63429
Calu,27.0379,27.00153,26.61034,27.00153
Tmed8,23.63622,21.30986,22.45854,22.45854
Hps5,23.07459,19.82409,19.98968,19.98968
Xab2,24.61358,22.18359,23.18835,23.18835
Zcchc6,24.00101,23.16896,23.58049,23.58049
Sgpl1,29.9574,29.01863,29.03113,29.03113
Aga,29.53007,28.51897,28.25426,28.51897
Synj2bp,,23.56906,21.77716,22.67311
Prpf38b,25.86962,23.29446,23.84173,23.84173
Mapk8ip1,19.13275,14.66061,18.38873,18.38873
Maf1,,,,
Spryd3,20.45051,20.20132,21.16319,20.45051
Abcb10,26.58449,25.31088,25.20836,25.31088
Snx11,25.27987,24.02926,24.09079,24.09079
Rgs17,,,,
Lgmn,28.04453,26.21041,24.70171,26.21041
Ercc4,22.07679,24.25861,23.93193,23.93193
Ccdc85a,,,,
Mocs2,22.04943,24.32368,22.92687,22.92687
Fbxo42,22.46785,22.28082,22.38806,22.38806
Dlg5,21.17371,18.36003,18.82504,18.82504
Dctn4,,,,
Pi4kb,24.24837,22.98473,23.15576,23.15576
Zdhhc17,23.42227,21.22305,23.96076,23.42227
Fundc1,26.19565,23.66449,24.06932,24.06932
Man2a2,24.11497,24.09692,24.68752,24.11497
Myl12a,26.14174,26.72624,26.97301,26.72624
Tecpr2,23.29866,22.86854,23.03466,23.03466
Rcbtb2,26.44569,24.89254,25.36963,25.36963
Eif1ax,25.8593,25.70026,26.15302,25.8593
Fam219a,23.75195,,,23.75195
Map3k10,,,,
Tyw5,24.63766,23.53315,22.9771,23.53315
Xxylt1,23.17446,22.22482,23.2057,23.17446
Pja2,23.9136,22.69912,22.5619,22.69912
Sclt1,22.0479,19.53577,20.05325,20.05325
Mtm1,26.14936,25.12534,25.42522,25.42522
Pkig,28.2896,26.56877,25.56465,26.56877
A2m;Pzp,28.85863,27.50233,28.36974,28.36974
Rpf2,24.93306,25.13246,25.0641,25.0641
Des,,,,
Chadl,17.52367,16.69575,,17.10971
Mrps33,25.31285,26.46681,26.84194,26.46681
Syt13,20.36474,20.31163,,20.338185
Sec11a,26.31976,26.31757,26.71017,26.31976
Ccdc12,27.40811,26.0121,25.8602,26.0121
Cox20,23.86505,24.50252,21.99969,23.86505
Lmcd1,27.03496,25.98301,25.07806,25.98301
Wipi1,21.77415,23.66177,23.48775,23.48775
Ly6h,23.60343,23.05917,18.26421,23.05917
Ttc26,26.27331,25.0466,24.94235,25.0466
Usp25,23.55544,22.44306,22.54699,22.54699
Mga,21.30786,20.02364,20.99217,20.99217
Hmbs,26.36399,25.77246,25.9564,25.9564
Nes,31.06059,30.52244,30.05569,30.52244
Hook1,25.46855,22.08599,21.28161,22.08599
Cdh12,,17.29688,17.69221,17.494545
Col1a2,23.76648,22.0889,21.49155,22.0889
Foxred1,23.89883,21.0023,21.83515,21.83515
Ift74,26.45706,25.76681,25.21423,25.76681
Chmp2b,27.73273,24.10949,25.92062,25.92062
Aktip,25.55174,24.38495,24.19723,24.38495
Lingo2,,,,
Mkrn2,22.61502,24.68078,23.57819,23.57819
Adprm,,,,
Cox7a1,24.63854,,23.28023,23.959385
Sdc3,24.62064,22.49641,21.78221,22.49641
Nr2f1,23.58337,22.12597,22.38393,22.38393
Ssh3,24.9193,23.90876,24.36986,24.36986
Polr2e,26.71345,25.99897,26.56308,26.56308
Tpk1,26.55653,24.95465,24.58463,24.95465
Cdc73,25.17051,24.34685,24.62695,24.62695
Cobl,21.93718,19.6807,19.48204,19.6807
,21.5775,19.71612,20.51345,20.51345
Tssc4,24.12479,25.02293,24.83326,24.83326
Cd97,24.06735,22.35869,22.37719,22.37719
Rps29,29.96375,30.87078,29.45491,29.96375
Ccdc127,26.4519,26.17489,25.68062,26.17489
Parl,22.21039,21.61688,21.38801,21.61688
Peg3,20.17682,18.44196,18.32325,18.44196
Tnk2,22.41452,20.70083,19.3931,20.70083
Timm17a,24.21704,23.83788,24.2024,24.2024
Ralgps2,23.44758,22.19769,21.89082,22.19769
Arhgef40,24.87769,22.72582,23.72941,23.72941
Rint1,23.69636,22.41947,22.46234,22.46234
Mphosph10,25.04723,24.08886,23.77304,24.08886
Deptor,20.7496,22.30711,22.29715,22.29715
Rnf219,18.94114,,18.28613,18.613635
Nosip,25.59736,23.23833,23.9453,23.9453
Igtp,24.5764,24.20747,23.30341,24.20747
Msh2,25.16772,23.79114,22.88681,23.79114
Wdr24,23.49424,19.78968,22.68342,22.68342
Otud4,24.73521,23.86929,24.46083,24.46083
Ctsf,26.48878,22.59644,23.85367,23.85367
Fndc3a,26.12216,25.26692,24.7239,25.26692
mt-Co3,26.89481,26.10193,26.91775,26.89481
Ctc1,24.1512,23.44152,23.67401,23.67401
H1fx,27.9161,26.89481,27.02115,27.02115
Kif13a,24.33354,22.57258,22.63682,22.63682
,27.91119,25.86403,25.65698,25.86403
Gfra2,,16.14281,17.94695,17.04488
Mapk7,24.87446,24.32065,23.9664,24.32065
Parvb,26.58233,25.99136,24.93306,25.99136
Fbxl18,22.6553,22.73721,21.63458,22.6553
Gdap2,25.21553,23.90701,24.17684,24.17684
Jmjd6,15.65788,,,15.65788
Rock1,25.71164,25.33153,24.86632,25.33153
Agpat6,24.1763,22.44617,22.41692,22.44617
Dnmt3a,23.59503,21.63949,22.15783,22.15783
Lbr,26.15019,25.59047,25.43167,25.59047
Btbd11,20.31318,19.43372,18.17533,19.43372
Sbno1,22.19475,22.37931,21.14756,22.19475
Slfn5,19.63582,20.16742,16.50589,19.63582
Pbxip1,29.8098,29.13359,28.65567,29.13359
Arih2,24.05961,23.95686,23.56221,23.95686
Atxn3,24.67331,23.47222,23.93031,23.93031
Eif1b,24.9522,,,24.9522
Fbln5,22.46496,20.86635,20.20526,20.86635
Cyb5r4,21.68979,20.96628,20.81675,20.96628
Ago3,22.5086,17.34949,20.75955,20.75955
Ept1,,19.48603,,19.48603
Prpf40b,21.73318,21.75764,22.45207,21.75764
Gfod1,,18.9743,17.7384,18.35635
Pdcd2,19.74639,23.22704,22.97353,22.97353
S100a4,28.09356,26.64581,26.52867,26.64581
Trmt11,24.95123,24.07096,24.51953,24.51953
Ccdc141,21.61769,22.06599,21.30257,21.61769
Ccnt1,23.43555,22.6011,24.51039,23.43555
Dym,21.4446,,,21.4446
Gemin4,21.88989,20.16251,21.09912,21.09912
Mxra7,27.58942,24.94163,25.03884,25.03884
Nek4,24.4617,22.97406,22.69441,22.97406
Ncoa2,22.04013,20.41276,21.36319,21.36319
Usp54,21.50096,22.14759,19.96621,21.50096
Drp2,22.54456,22.24661,17.0654,22.24661
Itgb5,27.15952,26.40544,26.20563,26.40544
Fcho1,20.77225,,19.34633,20.05929
Moxd1,19.01119,24.14717,24.63256,24.14717
Rbm12b2,21.54284,20.3721,19.95546,20.3721
Kdm3b,24.53422,23.20719,23.04026,23.20719
Trim16,24.85077,23.87633,23.95403,23.95403
Trappc2,26.87314,25.73332,26.09309,26.09309
Trmt1,24.76613,22.96596,24.04976,24.04976
Gpx3,24.26849,21.61347,22.03083,22.03083
Exosc6,26.43317,26.17152,25.91766,26.17152
N6amt1,26.76497,25.3257,24.80528,25.3257
Rrp1,24.8992,24.71691,24.8853,24.8853
Fam96a,22.99203,23.47816,23.21716,23.21716
Tmtc3,24.85543,24.20933,24.19768,24.20933
Wdr34,26.74586,25.95748,25.78142,25.95748
Cth,17.0441,,18.52283,17.783465
Ireb2,22.54647,21.19868,20.64315,21.19868
Ptgis,,,,
Myo1e,27.6541,26.8055,26.77869,26.8055
Mterf2,24.19129,23.60252,20.88718,23.60252
Taf15,26.3464,25.56355,26.68043,26.3464
Itga1,26.01653,25.37544,25.53765,25.53765
Pcdhgb6,22.94505,19.66433,20.91933,20.91933
3110043O21Rik,23.9764,22.89121,23.02773,23.02773
Depdc5,21.47165,18.80439,20.88688,20.88688
Dyrk1b,22.521,21.8064,19.71862,21.8064
Wdr35,27.15025,26.29049,26.5786,26.5786
H2-D1,28.0643,26.75302,27.0403,27.0403
Gnptg,24.23272,23.46787,23.25609,23.46787
Syf2,27.84518,27.01361,27.80064,27.80064
Ythdf2,25.60238,25.06192,24.16745,25.06192
Arrb2,26.92434,23.96965,24.46594,24.46594
Gpkow,24.40931,22.71119,23.14476,23.14476
Noc2l,22.68731,23.826,24.03355,23.826
Fkbp10,27.24218,25.96054,25.16492,25.96054
Kcnn2,20.60982,19.56354,,20.08668
Mettl13,22.28799,21.98794,22.19199,22.19199
Ssu72,26.85186,26.21115,26.38105,26.38105
Kcnh1,,,,
Dpy19l1,24.3293,23.03295,22.67286,23.03295
Ssr3,28.38406,26.81066,27.6284,27.6284
Abca7,20.46244,17.85416,19.04572,19.04572
Rwdd4,26.1605,26.27204,23.75817,26.1605
Pfkfb4,,19.67047,18.54796,19.109215
Mrpl17,25.2451,24.90403,24.59069,24.90403
Rnf25,25.20142,23.62901,23.21101,23.62901
Papola,24.88227,23.81841,23.6445,23.81841
8030462N17Rik,25.77962,23.76263,24.44316,24.44316
Eml6,14.41343,,,14.41343
Paqr4,22.71167,,21.73289,22.22228
Col18a1,24.86396,24.77193,24.6245,24.77193
Tubgcp4,25.04864,23.36853,22.81952,23.36853
Itpr3,19.5225,23.28447,21.48719,21.48719
Dut,25.99654,24.31769,24.9055,24.9055
Gnpat,24.59246,21.8524,21.4269,21.8524
Tyro3,,17.93468,,17.93468
Spata2l,,,,
Inpp5k,25.28362,25.09124,25.43981,25.28362
Arsg,23.84881,21.7478,19.00958,21.7478
Smim8,25.07879,24.69301,25.32021,25.07879
Abhd5,17.26325,20.56663,20.77209,20.56663
Tmem63a,23.64306,21.44859,20.42019,21.44859
Cast,28.09134,27.07541,26.88472,27.07541
Dus2,28.14565,25.74083,26.09537,26.09537
Sema6d,23.42969,21.84835,21.99545,21.99545
Ints9,22.85001,22.51451,21.8933,22.51451
Ppat,24.21497,23.89846,23.366,23.89846
Scaf1,23.08652,22.93652,22.47689,22.93652
Cgnl1,22.44887,21.81292,23.61773,22.44887
Rhof,,18.20943,,18.20943
Ccdc186,23.57762,24.19152,23.33661,23.57762
Grwd1,22.12297,20.12805,20.85787,20.85787
Dock8,21.763,21.59773,21.707,21.707
Mdn1,22.23114,21.84514,21.70147,21.84514
Ptdss1,25.00843,24.29256,24.29866,24.29866
Rnf157,,,19.11212,19.11212
Sirt4,21.43593,22.03214,20.95759,21.43593
Phf2,25.60798,24.55882,24.69073,24.69073
Akap7,24.9542,24.02158,23.80469,24.02158
Cdc123,26.2923,24.83851,25.47287,25.47287
Map4,25.23272,23.77233,23.87211,23.87211
Nap1l5,,,,
Pvrl2,27.5979,26.66139,26.61414,26.66139
Trafd1,23.00326,23.22751,23.38535,23.22751
Rnf112,,14.39787,,14.39787
Capn7,22.3689,21.94921,22.32545,22.32545
Rc3h2,22.05666,19.33632,18.45451,19.33632
Abhd17b,23.89467,21.96226,24.65327,23.89467
Slc7a3,21.48503,18.99457,19.05955,19.05955
Sowahc,26.47655,25.8811,24.4367,25.8811
Mrpl22,26.85555,26.57118,26.8992,26.85555
Pcdhgb6,18.34174,22.17822,22.11772,22.11772
Tmem70,23.32869,22.01679,23.45413,23.32869
Dnajb12,24.10197,23.37159,24.26614,24.10197
Pex16,22.10239,23.49765,23.77636,23.49765
Disp2,,19.19715,,19.19715
Tnfrsf21,,,18.61981,18.61981
,23.70314,23.48996,23.57934,23.57934
Amigo1,,,,
Myrip,,,,
Ggact,27.28003,27.00153,26.47355,27.00153
Prmt3,24.18526,23.27782,23.71251,23.71251
Sin3a,24.66704,23.58038,23.45387,23.58038
Setd2,21.16429,19.047,20.64518,20.64518
Hk2,28.7811,27.86018,27.86768,27.86768
Ppp2cb,25.41319,24.89809,24.79526,24.89809
Pla2g16,24.4587,23.43097,23.86731,23.86731
Tmem143,26.22483,24.2325,23.61515,24.2325
Pgm5,25.30445,24.57115,24.28376,24.57115
Tenc1,23.11644,21.40733,21.7218,21.7218
Ankrd34b,,,,
Vrk1,25.75794,24.92366,25.18064,25.18064
Spred2,24.69163,22.49782,22.14093,22.49782
Ube2f,27.07725,26.12025,26.60371,26.60371
Ghitm,28.66217,28.40105,28.62041,28.62041
Ermp1,25.86927,24.28567,24.56715,24.56715
Nmnat3,24.70883,21.68817,22.37764,22.37764
Pkp2,24.2166,22.97588,23.9955,23.9955
Dph6,24.08213,22.29508,22.82796,22.82796
Myt1l,,,,
,26.01154,25.52552,25.503,25.52552
Mtg1,20.0997,,,20.0997
Shpk,23.46862,23.12244,23.70978,23.46862
Zfp318,20.8732,19.98537,19.50802,19.98537
Prrt1,,,,
Tex10,23.93939,21.33615,20.29098,21.33615
Slc5a3,27.85246,26.26667,25.23155,26.26667
Ada,25.03192,24.69875,24.75027,24.75027
Zdhhc6,21.55931,21.89715,,21.72823
Cers1,24.72993,23.62745,23.04385,23.62745
Ubl3,25.64312,24.35548,24.68325,24.68325
Pxn,27.6658,26.36419,26.40664,26.40664
Nelfcd,25.42682,24.82852,24.07104,24.82852
Dnajc21,23.65218,22.48822,22.65104,22.65104
Sp3,25.30459,23.8624,25.56567,25.30459
Inppl1,26.8811,25.54766,25.50312,25.54766
Csnk1g3,21.55936,21.47239,22.24948,21.55936
Hcls1,26.54115,26.361,26.16227,26.361
Cachd1,22.70995,22.27625,21.67689,22.27625
Cnr1,,,19.56046,19.56046
Heatr3,26.30956,21.49062,22.1213,22.1213
Pcyt1b,22.54708,21.61549,21.22806,21.61549
Clvs2,20.0498,19.28796,15.78187,19.28796
Gnl3l,25.37358,23.54734,24.09289,24.09289
Ap4e1,23.01954,21.98864,18.315,21.98864
Dnajc27,,19.42409,,19.42409
Clta,27.9157,24.9276,25.478,25.478
Pcsk1,20.81073,21.08887,20.40966,20.81073
Sf3b6,24.05267,23.738,24.54138,24.05267
Snrnp27,24.08253,26.17316,26.08934,26.08934
Tmem63c,,,,
Slc6a6,24.59355,25.16008,24.66129,24.66129
Hcn3,23.2219,17.9053,22.562,22.562
Usp22,,,,
Ccdc85a,19.01405,,,19.01405
Zc3h11a,25.18926,23.56802,25.19464,25.18926
Mettl10,27.70767,26.046,26.61709,26.61709
Tbl1xr1,25.48398,24.66595,24.43892,24.66595
Crtac1,,18.41394,18.54049,18.477215
Rps6ka4,23.55754,21.87804,22.96598,22.96598
Nat8l,18.48097,,,18.48097
Pde4dip,23.57323,22.29578,21.18544,22.29578
Rnf13,27.40397,25.74947,25.07606,25.74947
Atg101,23.21178,23.11642,23.28898,23.21178
Htra1,26.77605,26.04391,25.89726,26.04391
Pik3c2a,24.51153,23.85795,23.39859,23.85795
Ptgr1,29.02292,28.12445,28.20881,28.20881
Gnpnat1,27.94475,27.36378,26.87959,27.36378
Fgfr3,22.68797,20.44344,,21.565705
Tmem240,,20.61252,,20.61252
Fam115a,23.15306,22.57175,21.82784,22.57175
Pkn2,27.00292,26.44421,26.32865,26.44421
Crebbp,23.81792,22.29463,23.97001,23.81792
Rnaset2,26.07818,24.21586,24.24779,24.24779
Grb10,21.22064,20.50998,20.95084,20.95084
Setd1a,22.38538,20.66466,20.38574,20.66466
Ppp4r4,21.92198,23.48345,22.30215,22.30215
Ccdc53,27.15267,25.66281,26.06602,26.06602
Scn4b,,,,
Trmt61a,25.2136,24.4247,24.65807,24.65807
Ercc3,22.50181,21.3154,20.99838,21.3154
Spata2,19.82588,18.98718,18.23337,18.98718
Nkrf,20.38574,22.4155,22.6233,22.4155
Nfib,26.50233,25.82469,25.93508,25.93508
Serpinb6b,22.81597,23.45438,23.67508,23.45438
Cuedc2,24.488,24.71482,23.66601,24.488
Eif4ebp2,28.30274,27.12278,27.09899,27.12278
Itgam,26.42166,25.22601,25.08712,25.22601
Cyp20a1,26.96807,25.66248,25.72624,25.72624
Mboat7,26.76218,25.60456,26.00348,26.00348
Stard7,24.93948,22.26516,20.70573,22.26516
Vwa5b1,,,,
Mrps28,27.64616,26.48903,26.67236,26.67236
Timmdc1,25.06048,24.0535,23.54534,24.0535
Sh3glb2,,,20.76822,20.76822
Dpy30,27.65513,26.47695,25.7107,26.47695
Dcc,17.73846,20.09918,20.05616,20.05616
Fbxw5,22.39866,20.15054,20.08395,20.15054
Stag1,24.53641,23.2839,23.29572,23.29572
Nkiras2,24.05986,22.20371,29.19547,24.05986
Znf281,22.90575,21.24499,20.49678,21.24499
Dixdc1,22.34091,21.78883,21.5373,21.78883
Il6st,24.83952,23.58015,23.62801,23.62801
Lsm6,27.62087,26.05685,26.55434,26.55434
Sez6,17.85878,19.82482,17.67707,17.85878
Stag2,23.62511,22.42173,22.328,22.42173
Phka2,22.71708,21.33887,19.99935,21.33887
Zmynd11,23.40367,21.79697,21.36773,21.79697
Cog1,25.40279,24.50021,23.99542,24.50021
Ccdc115,25.19937,24.23169,25.16565,25.16565
Usp30,25.42105,24.87263,24.32917,24.87263
Atp6v0a2,25.20255,23.22781,21.57381,23.22781
Atp11a,24.25976,23.51593,23.51123,23.51593
Ythdc1,25.36876,25.1164,24.60857,25.1164
Sgsm2,,,,
Tbc1d14,21.49082,19.61809,16.9023,19.61809
Palld,29.21174,28.1671,28.01382,28.1671
Nol4,22.26419,21.66001,21.57006,21.66001
Ptpn3,,,17.68921,17.68921
Crabp2,27.82802,25.90887,27.83708,27.82802
Nmd3,24.71581,24.36853,24.11617,24.36853
Accs,24.33531,23.3978,22.87817,23.3978
Lipe,24.20538,22.34052,22.27096,22.34052
Fam185a,25.5973,24.90729,24.42797,24.90729
Fhl2,26.22542,25.14682,25.64243,25.64243
Aass,25.77651,25.51011,25.75606,25.75606
Znf512b,24.92737,24.0818,24.11291,24.11291
Ctbs,25.17779,24.2146,24.38133,24.38133
Pycard,26.84074,25.69678,25.30229,25.69678
Zc3h6,21.47714,22.51576,23.00961,22.51576
Ajap1,,,,
Brd7,22.19895,22.2819,22.51463,22.2819
Xpr1,24.77946,23.7678,23.04407,23.7678
Rab3ip,24.38555,24.73226,23.59844,24.38555
Ptpn12,25.57329,25.11581,25.58572,25.57329
Gpr162,,20.85635,20.3093,20.582825
Zc3hc1,25.81731,24.33783,25.1225,25.1225
Ckm,22.62663,24.24692,24.0945,24.0945
Rcan2,21.52726,19.8024,20.9798,20.9798
Zmynd8,23.59958,22.46879,22.76195,22.76195
Mpp7,23.09989,23.7961,23.04537,23.09989
Slitrk2,22.12603,21.78177,21.90176,21.90176
Kctd1,21.52903,21.34413,20.96635,21.34413
Fam103a1;Gm10767,26.33246,25.41745,26.0403,26.0403
Sptlc1,25.38972,24.36379,25.13355,25.13355
Polr1c,25.78621,25.18196,25.27938,25.27938
Phlpp2,21.02269,14.64002,21.50193,21.02269
Lemd2,27.68204,27.08345,27.10929,27.10929
Tk2,24.44057,24.57161,24.33946,24.44057
Mrpl42,25.08375,,24.71822,24.900985
Sike1,23.89393,23.09376,22.67592,23.09376
Lcmt2,23.12078,22.02803,21.94767,22.02803
Kbtbd2,24.85909,22.78469,22.85935,22.85935
Qtrtd1,24.23615,24.86264,24.62662,24.62662
Vamp4,26.67976,26.49143,26.55595,26.55595
Stk11ip,22.49421,21.37109,20.69013,21.37109
Spns1,24.17699,22.87871,24.04902,24.04902
Exosc8,26.38867,25.58116,25.48299,25.58116
Shank2,,,,
Cdk11b,24.2764,24.01827,23.70578,24.01827
Pard3,24.1653,23.32841,23.34908,23.34908
Clec4d,,20.27685,,20.27685
Uhrf2,22.61005,21.46224,20.68808,21.46224
Lrrc20,23.40133,22.55492,23.16471,23.16471
,25.53267,25.32454,24.67885,25.32454
Pou5f1,,,,
Bbs2,26.5407,25.18499,25.2797,25.2797
Cmc2,,24.71476,24.24256,24.47866
Hivep2,19.34377,17.64167,19.75875,19.34377
Tbc1d19,21.4708,23.23185,22.12975,22.12975
Pcnx,22.80387,19.67867,21.26476,21.26476
Pyurf,,,,
Gcc1,25.33347,23.4247,24.38515,24.38515
Ctu2,24.35548,23.42995,23.37425,23.42995
Jmjd7;Gm28042,22.91687,21.32795,22.79545,22.79545
Tusc3,25.09394,24.16974,23.60014,24.16974
Megf8,20.86839,19.83798,20.4714,20.4714
Acot8,26.19985,24.75517,23.07123,24.75517
Htatip2,22.33832,23.05068,23.84173,23.05068
Glrb,,,,
Lonrf2,19.66489,20.84506,19.67912,19.67912
Syn2,,,,
Ppfibp2,25.06472,24.09346,24.33211,24.33211
Dapk1,22.38727,21.36512,21.47823,21.47823
Ccdc32,,,22.82007,22.82007
Snx13,23.26485,22.18311,21.84835,22.18311
Xrcc6,26.51686,26.35933,25.74581,26.35933
Pggt1b,24.99641,25.69062,25.91374,25.69062
2010107G23Rik,24.86703,,14.84446,19.855745
Znf592,20.32575,20.64315,19.05266,20.32575
Kiaa0391;1110008L16Rik,25.94387,21.24354,22.07395,22.07395
Rcn3,27.05745,26.33632,25.24492,26.33632
Spag1,23.79392,22.15196,22.40036,22.40036
Rapgef6,21.58049,19.94592,20.54699,20.54699
Dhx8,23.28898,22.29891,21.22782,22.29891
Dicer1,20.73397,19.82878,20.6651,20.6651
Gne,24.13061,23.69307,23.75898,23.75898
Clptm1l,22.76717,22.31877,22.92985,22.76717
Slc13a3,,21.87335,29.08307,25.47821
Fut8,21.78532,23.40106,22.29916,22.29916
Dpf2,25.87713,24.7684,25.37997,25.37997
Lrrk2,21.22152,20.24086,22.00295,21.22152
Spcs1,28.20243,27.47329,28.15735,28.15735
Tp53bp2;Trp53bp2,25.49204,24.00992,23.1368,24.00992
Sorbs2,24.8206,25.48158,25.48996,25.48158
Fbxl20,21.53464,23.70872,23.66036,23.66036
Use1,25.83764,23.95482,24.76567,24.76567
Cep41,26.21821,25.03792,25.55514,25.55514
Srek1,26.28567,25.8167,25.40685,25.8167
Nop10,25.35968,26.94503,27.45474,26.94503
Atf7;Gm28047,24.43568,21.78856,22.51205,22.51205
Epha5,21.22146,20.75947,21.12275,21.12275
Tmem259,26.10199,23.29852,22.19901,23.29852
Ccsmst1,23.45061,24.22545,23.24417,23.45061
Vash1,19.40335,19.20237,,19.30286
Zswim8,23.42931,22.89404,22.40054,22.89404
Fv1,22.76965,17.78724,,20.278445
Lrrc4c,17.88119,,17.68421,17.7827
Ttc33,25.09877,23.77324,24.29537,24.29537
Sdhd,27.21753,25.90841,26.10298,26.10298
Gjb1,,,,
Phactr3,25.82563,,,25.82563
Tnfaip8,26.62129,26.0476,25.5571,26.0476
Ddx20,23.34719,23.23747,22.56071,23.23747
Lrfn5,,,,
Fbxw11,23.87605,23.57173,22.9243,23.57173
Slc25a14,17.25939,23.12526,23.10947,23.10947
Krit1,22.77439,22.6075,22.61829,22.61829
Pld2,25.07606,24.52719,23.10958,24.52719
Urb2,18.34594,20.44344,19.19902,19.19902
Col6a2,22.60969,21.18083,21.29098,21.29098
Dhcr7,25.0106,24.292,23.92461,24.292
Lrfn2,,20.70337,18.64474,19.674055
Pcnxl3,21.34949,20.53241,20.21514,20.53241
Phactr4,26.49471,25.61099,25.40133,25.61099
Golph3l,25.65679,24.84857,23.58497,24.84857
Tmem160,24.74242,23.97176,24.31879,24.31879
Ccdc9,23.18088,23.08918,23.00008,23.08918
Stx2,26.15499,25.43555,25.8632,25.8632
Gkap1,26.14425,24.05159,24.03431,24.05159
Jak2,22.03882,21.36629,24.03145,22.03882
Tor2a,,21.73793,20.75849,21.24821
Polr3h,26.3476,24.73903,25.42371,25.42371
B3galt6,22.3722,21.74718,23.51352,22.3722
Zfp280d;Znf280d,19.18204,20.12994,20.76312,20.12994
Cobll1,26.67748,25.66582,26.15503,26.15503
Nprl2,23.44544,22.08955,20.75426,22.08955
Fbxo9,,25.15074,25.35679,25.253765
Mon1a,24.52534,22.77929,23.14902,23.14902
Aifm3,,,,
Spcs3,28.74114,28.01175,28.03255,28.03255
Ptdss2,24.05341,24.21734,23.84709,24.05341
Ldlr,24.65113,23.49936,23.57034,23.57034
Polr2g,26.83738,24.78721,24.96996,24.96996
Specc1l,27.05786,26.55915,26.49127,26.55915
Fhod3,19.64681,14.07448,,16.860645
Fam120b,19.1954,21.15326,,20.17433
Nek6,24.33838,24.04318,24.30897,24.30897
Nfkb1,26.04151,24.76269,25.21327,25.21327
,23.72682,,22.47766,23.10224
Fgfr1op2,24.33033,24.07161,22.92343,24.07161
Polr3c,23.06396,21.30223,21.71184,21.71184
Endou,,19.75222,18.61637,19.184295
Dnajc30,26.38083,23.77786,23.51761,23.77786
Ivns1abp,25.47494,24.84704,25.79124,25.47494
Dph5,23.38324,24.59224,23.12057,23.38324
Ctnnal1,26.93427,25.66308,25.75254,25.75254
Zfpl1,26.11277,26.08375,25.5294,26.08375
Fam193a,22.56774,21.34776,22.04986,22.04986
Derl1,23.97561,25.14585,23.63179,23.97561
Dync1i1,,,,
Aif1l,28.89758,27.78942,27.33236,27.78942
Tdp1,23.92669,22.22597,23.03271,23.03271
Cggbp1,24.73562,24.2467,22.98289,24.2467
Txlng,24.93319,23.87305,24.69657,24.69657
Cbln4,,,,
Fbxo7,25.57236,24.60885,25.28189,25.28189
Cetn3,27.43468,25.98079,24.98307,25.98079
Psmg2,25.47386,24.41835,23.94038,24.41835
Mapkapk2,25.85705,23.48444,24.24075,24.24075
Serhl,25.89143,25.60544,25.71605,25.71605
Zrsr1,21.29221,20.10021,20.64887,20.64887
Dennd5b,19.22739,18.73652,,18.981955
Abcg1,15.9719,16.70995,,16.340925
Znhit2,24.03406,23.39061,23.36011,23.39061
Taf5l,,19.66263,18.71428,19.188455
Snx33,26.80882,25.85906,26.13389,26.13389
Col12a1,24.24402,23.05757,22.1808,23.05757
Afg3l1,25.68276,24.92732,24.1702,24.92732
Oxa1l,25.37073,25.52265,25.62675,25.52265
Gm16286;Naa11,22.47675,23.62611,24.43352,23.62611
Xrn1,24.58881,23.30452,23.79956,23.79956
Utp20,24.52397,21.9733,21.57348,21.9733
Dpf3,18.03015,24.81929,,21.42472
Rab30,20.39686,17.89888,21.34965,20.39686
Map2k5,23.95172,22.17051,24.37941,23.95172
Ano8,21.21484,21.19334,20.9132,21.19334
Lpcat1,25.25865,23.67422,24.48142,24.48142
Smyd3,20.96169,22.78873,22.20261,22.20261
Lpar1,23.16322,22.4079,23.93409,23.16322
Mief1,19.31028,22.07133,21.69106,21.69106
Atp11c,23.25465,22.27142,22.36629,22.36629
Ntrk3,,,17.31274,17.31274
Csmd3,16.54521,16.84965,17.29221,16.84965
Ttbk2,20.25511,17.65004,16.78545,17.65004
Cnot11,25.85631,23.53635,23.03834,23.53635
Fam172a,24.55374,25.06279,24.42137,24.55374
Wdr59,23.42496,22.59835,23.69625,23.42496
Ctdspl2,21.5507,20.38353,20.26591,20.38353
Brat1,22.20705,20.34895,22.30151,22.20705
Myl4,23.41196,23.32704,23.55391,23.41196
Agtpbp1,15.80856,19.21847,18.45712,18.45712
Helz,24.84029,18.5414,19.20055,19.20055
Bgn,24.05209,21.98808,21.92162,21.98808
Bnip2,21.27719,19.84954,22.29409,21.27719
Qsox2,22.85774,22.00433,21.31766,22.00433
Serpina1b,,,,
Ndrg4,,19.78737,,19.78737
Timm10b,25.19438,22.50108,23.321,23.321
Slc24a4,23.20332,21.18016,,22.19174
Prr14,21.41307,22.83125,22.94589,22.83125
B3gnt2,20.27025,,,20.27025
Rassf8,24.22435,22.71862,23.61807,23.61807
Baalc,22.88198,19.55667,,21.219325
Mical1,26.13152,24.73733,24.98342,24.98342
Ngdn,22.9262,22.38682,23.09433,22.9262
C5,22.96693,21.62489,21.33243,21.62489
Chrm1,,,,
Nudt4,29.39952,28.14972,27.86355,28.14972
Fgd6,20.89748,18.69714,15.68272,18.69714
Ube2b,26.90873,26.9157,26.53115,26.90873
Nudt19,22.53986,22.41738,22.45856,22.45856
Mthfd2l,24.12416,20.61773,20.04019,20.61773
Camk2d,,,,
Arhgef26,25.57364,24.22104,24.00958,24.22104
Sypl1;Sypl,28.91236,28.14793,28.31025,28.31025
Chd5,,13.59607,14.39158,13.993825
Nme7,26.40196,25.67368,24.65829,25.67368
,24.41054,22.65176,22.69285,22.69285
Vrk3,21.89312,23.08011,22.20976,22.20976
Kat5,20.14768,15.25669,19.57697,19.57697
Kank3,20.98022,20.96621,19.96986,20.96621
Itpr2,25.81355,24.30758,24.22847,24.30758
Wtap,25.66311,24.1922,23.2245,24.1922
Lrfn1,20.57404,20.16054,20.61908,20.57404
Ppp1r16a,23.49631,23.74294,23.60105,23.60105
Ubr7,23.46688,22.01004,23.10936,23.10936
Btaf1,23.4288,22.57925,22.35143,22.57925
Ttll1,23.71743,23.02631,22.47692,23.02631
Ugdh,26.64348,25.70113,24.85253,25.70113
Larp4b,25.59298,24.38693,24.05283,24.38693
Rtn2,,,,
Kdm2a,23.77374,21.28557,21.57713,21.57713
Ccdc101,22.4421,21.89167,23.18448,22.4421
Nup188,23.64911,23.76759,23.31396,23.64911
Ccs,26.63229,26.62296,26.11706,26.62296
Slc25a36,22.26413,24.46045,24.89583,24.46045
Txnl4a,26.16304,26.04341,25.55865,26.04341
Islr2,18.88074,19.76213,,19.321435
Rdh12,24.70662,23.23058,24.08164,24.08164
Mcm3ap,24.28743,22.82782,23.26642,23.26642
Flnc,30.78605,29.81864,29.9067,29.9067
Vezt,24.18329,21.73773,21.82629,21.82629
Fam129a,25.79769,24.23943,23.74837,24.23943
Desi1,24.96961,24.39447,23.7191,24.39447
Rab34,27.1025,26.11273,25.80213,26.11273
Cisd3,23.72015,23.65196,23.06318,23.65196
Rbx1,29.14124,28.9767,29.46355,29.14124
Sssca1,28.03113,26.73247,26.48547,26.73247
Mgat5,25.36923,24.44063,23.69583,24.44063
Setdb1,21.77447,21.09094,20.96219,21.09094
Tox4,25.40406,23.46214,24.00213,24.00213
Stard5,26.50746,25.01593,25.2531,25.2531
Fam65b,19.43766,20.41349,19.66707,19.66707
Focad,23.84076,22.02147,21.64786,22.02147
Mrps6,28.15702,28.64268,28.10639,28.15702
Creld2,28.71764,28.7241,28.79705,28.7241
Lyrm9,,20.85916,,20.85916
Atg14,,19.69936,22.64513,21.172245
Rraga,24.38245,25.393,25.52013,25.393
Dusp12,22.26046,20.01277,19.61139,20.01277
Nbn,22.7055,21.41658,23.22916,22.7055
Dhx57,22.9679,22.91039,23.00922,22.9679
Cpeb3,,,,
Lrch2,24.0748,22.64865,22.61758,22.64865
Exosc3,26.35859,24.68491,24.89708,24.89708
Bbox1,22.26476,22.4342,23.31091,22.4342
Rdh13,24.71623,22.35947,21.60562,22.35947
Pou3f3,26.08472,25.58681,25.49427,25.58681
Plod1,26.12382,24.02217,24.51015,24.51015
Kat8,21.99614,21.15851,20.75311,21.15851
Ercc1,22.25508,21.06979,21.2207,21.2207
Pet100,22.05854,23.81705,24.51075,23.81705
Trim27,22.29247,,22.46314,22.377805
Ptp4a1,24.1481,23.30869,23.65611,23.65611
Ppapdc2,22.31241,,,22.31241
Pcid2,24.89929,24.29418,24.41002,24.41002
Lsm7,26.19472,24.42085,25.50658,25.50658
Hn1l,28.85724,28.30587,28.50832,28.50832
Nolc1,26.27989,25.27078,26.35372,26.27989
Apoa1,,,,
Ptcd1,23.79679,22.26141,21.75792,22.26141
Lrch4,24.61392,23.03919,22.67211,23.03919
Neurl4,16.83923,19.55774,18.01694,18.01694
Esrra,20.05484,19.67652,18.71599,19.67652
Fem1aa,20.83923,,18.81036,19.824795
Stx8,26.81836,27.41135,25.86268,26.81836
Tmem63b,23.37026,13.02244,19.91491,19.91491
Akap11,18.52841,20.38427,19.67984,19.67984
Ca5b,25.71934,25.44357,25.19584,25.44357
Sytl2,21.35418,18.20886,19.71356,19.71356
Ankrd52,22.17356,22.29387,20.54198,22.17356
Ap4m1,22.99435,21.61176,21.06118,21.61176
Wdr19,25.97358,25.06657,25.46017,25.46017
Clcn7,25.18352,23.56197,24.58812,24.58812
Cnn1,31.6971,31.01764,30.85475,31.01764
Fam117b,24.68592,23.27725,23.90058,23.90058
Chat,21.05112,,,21.05112
Ccnh,24.15143,23.05669,21.93124,23.05669
Slc38a1,26.65472,25.98826,23.33946,25.98826
Tmem223,23.31617,23.4496,21.69281,23.31617
Ptar1,26.36304,24.82828,23.84546,24.82828
Parp14,23.6184,22.01076,22.00949,22.01076
Ptprk,23.46638,23.14055,22.47751,23.14055
Polr2i,26.14429,24.25703,24.23841,24.25703
Rtf1,25.62369,24.68859,24.02926,24.68859
Def6,23.36813,22.23818,22.8147,22.8147
Kiaa1841;0610010F05Rik,23.52432,22.43094,21.59459,22.43094
Dido1,23.13723,22.23553,20.88226,22.23553
Xrcc5,25.73882,24.8277,24.92125,24.92125
Rac3,,19.48603,22.6252,21.055615
Shisa9,,,20.19472,20.19472
Nr2c2,22.41375,23.60343,23.3415,23.3415
Whsc1l1,22.29737,21.32317,21.41049,21.41049
Xpo4,24.07822,23.17527,21.82524,23.17527
Ankhd1,24.82639,23.83605,23.67088,23.83605
Mad1l1,25.92588,24.26571,24.35494,24.35494
Grm8,,,,
Gpatch1,21.95876,18.43102,19.75987,19.75987
Tmlhe,27.18764,25.86162,25.70917,25.86162
Surf2,24.66405,22.77246,22.14351,22.77246
Tmem63b,,,,
Vav1,24.91762,23.94476,23.76951,23.94476
Bloc1s3,24.85496,25.18616,25.04302,25.04302
Svil,25.54014,24.17074,24.05515,24.17074
Pcnt,23.40354,22.19722,21.75971,22.19722
Rab6a,27.83195,25.83053,26.29696,26.29696
Crip1,26.01078,26.98479,27.65683,26.98479
Kctd12b,24.73985,24.02673,24.79694,24.73985
Robo1,21.54666,19.1826,19.0158,19.1826
Atp11b,21.1364,22.34451,22.89126,22.34451
Sat2,24.65753,22.95823,24.61291,24.61291
Pus7,27.11763,25.28595,26.4654,26.4654
Tbc1d1,24.00547,22.26677,22.18386,22.26677
Hdac8,25.70102,24.61639,23.07995,24.61639
Mrpl14,27.47375,26.58362,26.83413,26.83413
Tnrc6c,,,17.78902,17.78902
Cdip1,24.41777,22.99347,,23.70562
Mtmr10,24.68966,23.47964,23.39611,23.47964
Frg1,25.85939,24.45657,25.20754,25.20754
Cdh5,26.07341,16.81102,17.49209,17.49209
Cartpt,,,,
Exosc4,26.6327,26.26969,26.4772,26.4772
Fastkd2,23.66134,22.8308,23.44733,23.44733
Ift27,28.0239,26.12479,26.99345,26.99345
,24.59651,24.23885,22.48917,24.23885
Tomm6,29.44312,29.11404,28.63454,29.11404
Efhd1,22.56537,23.05303,21.8836,22.56537
Lss,25.7901,25.43441,25.39162,25.43441
Rbm15b,22.38651,18.77192,20.59996,20.59996
Uxs1,24.4587,23.63511,23.64075,23.64075
Tle1,23.30814,21.98228,21.99704,21.99704
Rtn4rl2,,19.52604,,19.52604
Ccdc134,26.87982,25.98542,26.41904,26.41904
Enpep,,,,
Usp29,,,18.83109,18.83109
Ints6,23.37212,22.98463,22.65724,22.98463
Cbln3,,,18.14659,18.14659
Gab2,24.34787,23.18069,23.39034,23.39034
Ufsp1,25.18518,,,25.18518
Eif2ak4,21.36677,21.48562,21.23696,21.36677
Npdc1,21.76097,20.66796,20.70227,20.70227
Slc26a6,25.35373,22.89369,22.92361,22.92361
Chpf,21.52047,21.63179,20.43766,21.52047
Bnip1,25.02064,25.42678,25.91573,25.42678
Dpcd,27.29448,26.48228,26.69724,26.69724
Dlg1,,,,
Cdh20,18.19955,20.45212,21.03872,20.45212
Mbd2,26.05099,24.46688,25.23473,25.23473
Dact3,20.31529,19.98106,,20.148175
Tmem68,22.17925,19.57358,20.95333,20.95333
Dhx16,23.70504,23.13815,23.26714,23.26714
Surf6,23.76991,23.43543,24.77254,23.76991
Psme4,24.72624,22.64401,22.57565,22.64401
Lrch1,26.19229,24.57398,24.073,24.57398
Dusp28,22.5646,,,22.5646
Dcaf13,23.43301,23.22894,23.45501,23.43301
Dner,22.87886,22.28376,22.22641,22.28376
Sidt1,,,,
Dab2,27.19018,26.43068,26.16079,26.43068
Lancl3,,,,
Ep300,22.3024,20.58316,21.228,21.228
Stk3,26.93157,26.1301,25.93125,26.1301
Cabp1,,20.48444,,20.48444
Rab27b,,,,
Pcdhga12,22.83312,19.4151,19.84749,19.84749
Pcdhgb6,22.51374,19.72456,20.89999,20.89999
Dnttip2,24.13367,22.90909,23.56477,23.56477
Mknk1,23.55204,24.05242,22.38693,23.55204
Mettl1,24.8944,24.93112,25.60125,24.93112
Clcn2,22.73626,21.6906,22.00573,22.00573
Aif1,26.37685,25.72804,25.24967,25.72804
Cul9,22.69387,21.68551,21.6356,21.68551
Pih1d1,26.48872,24.65611,24.83947,24.83947
Wls,24.96433,23.45513,24.91984,24.91984
Abhd17c,20.79408,,24.23914,22.51661
Fadd,19.18923,17.2243,,18.206765
Mctp1,15.60102,,19.3089,17.45496
Tor1b,22.33881,24.01895,23.9276,23.9276
Narfl,25.25501,23.68121,24.26249,24.26249
Yeats4,22.246,21.55614,22.00604,22.00604
Cfap20,27.04864,25.7556,25.97141,25.97141
Slc33a1,20.95397,23.49875,24.15298,23.49875
Utp15,25.62937,24.61437,25.0559,25.0559
Ring1,25.17596,24.06201,24.47785,24.47785
Lyar,26.10621,24.35171,24.84187,24.84187
Fntb,26.86443,25.80048,25.97806,25.97806
Slc8a3,,,,
Glcci1,22.89697,21.64504,20.02351,21.64504
Vwf,20.74731,18.76215,18.31212,18.76215
Dtnb,24.47933,23.86816,23.12463,23.86816
Pus1,24.21756,22.8973,23.96983,23.96983
Rsrc1,25.54587,24.73717,24.00007,24.73717
G6pc3,,20.58362,19.53069,20.057155
Mtmr14,21.74755,21.24092,21.27799,21.27799
Plekho2,26.67654,25.57568,25.31358,25.57568
A830018L16Rik,,18.6614,,18.6614
Sp4,23.56372,22.28574,20.97617,22.28574
2410002F23Rik,24.82614,22.95116,22.30402,22.95116
Aven,23.19999,22.05232,19.39067,22.05232
Amot,23.54604,21.66397,21.10719,21.66397
Nop16,27.09003,25.67395,26.29609,26.29609
Kiaa0907,21.52363,22.20168,22.50252,22.20168
Usp34,24.42002,19.17221,22.2316,22.2316
Npc1,26.87912,25.59281,26.25099,26.25099
2310045N01Rik;Mef2bnb,,18.56149,16.29665,17.42907
Rell2,,,,
Mfsd10,22.64267,19.86003,21.51701,21.51701
Naprt,26.7758,23.95003,26.2131,26.2131
Nup50,26.23787,25.15522,25.44199,25.44199
Abl1,21.9226,20.76943,20.51615,20.76943
Hirip3,21.97442,20.34386,20.69379,20.69379
Fra10ac1,,17.57673,,17.57673
Rtfdc1,23.55145,24.12715,23.47544,23.55145
Lig3,24.7264,23.98598,24.46014,24.46014
Sfswap,22.39809,20.78029,21.35735,21.35735
Pld1,21.16103,20.44213,19.9522,20.44213
Rnf11,23.06489,24.12573,24.40905,24.12573
,24.95398,24.30285,24.82338,24.82338
Morf4l1,25.73239,25.03683,24.47618,25.03683
Acsl6,21.85518,20.29692,21.12231,21.12231
Bmp2k,25.68172,24.35958,24.52534,24.52534
Wdsub1,23.16681,21.837,22.60139,22.60139
Prpf18,21.04913,20.77266,20.15301,20.77266
Sgsm3,21.40826,21.16503,20.31108,21.16503
Smg9,24.75093,23.90509,22.06447,23.90509
P4htm,18.14788,19.44585,,18.796865
Atg4c,19.66768,,,19.66768
Scamp2,27.82766,26.20208,27.04448,27.04448
Hddc3,29.51384,28.77162,28.75955,28.77162
Asf1a,25.77223,25.63193,25.60122,25.63193
Grip2,21.86272,24.62834,22.70814,22.70814
N6amt2,21.33008,18.84879,,20.089435
Sco1,26.42485,24.80381,24.87891,24.87891
Pml,23.53884,22.47682,23.05854,23.05854
Ptprm,23.71419,21.8836,20.99203,21.8836
Entpd6,,21.19538,20.40925,20.802315
Fam92a1;Fam92a,24.95638,23.70694,23.2159,23.70694
Birc2,21.71549,21.7587,22.84588,21.7587
Gtf3c2,23.58772,22.73417,22.1128,22.73417
Ptpro,18.84776,,18.38591,18.616835
Bend6,,,20.35735,20.35735
Ube2j1,24.31603,24.13806,24.61144,24.31603
Polr3b,22.04657,21.49077,21.89171,21.89171
Fam110b,21.59605,,17.038,19.317025
Ric8b,24.00838,17.44548,17.12273,17.44548
Tdrd3,25.29246,23.77977,24.31313,24.31313
Ggt1,20.87049,20.29681,19.2841,20.29681
Lurap1,22.6426,22.40517,20.95013,22.40517
Msrb3,23.75022,24.09507,23.99861,23.99861
Arglu1,23.13863,25.84522,26.71201,25.84522
Ndrg4,,,,
Tmem55b,26.82784,24.84771,24.49485,24.84771
Dnajc19,22.1432,21.32262,23.17313,22.1432
Zmym3,22.32314,21.94296,21.04853,21.94296
Rftn1,22.21502,20.25822,19.44148,20.25822
Mtrf1l,24.47005,21.81037,21.04033,21.81037
Ebna1bp2,26.38961,26.18044,26.23679,26.23679
Znf148,24.625,23.10342,24.07104,24.07104
Gabpa,24.7601,23.80331,24.15376,24.15376
Rabl2,23.57011,24.37066,24.03934,24.03934
Shh;Ihh,24.2,24.60778,25.66528,24.60778
Tax1bp3,29.83753,29.02086,28.87118,29.02086
Cntn3,19.75411,,,19.75411
Ube2a,24.33831,24.72905,24.56465,24.56465
Casp9,22.96462,22.01974,22.36175,22.36175
Irgm1,26.85911,26.71646,26.1314,26.71646
Fmod,,,,
Map2k3,22.70291,23.88455,21.16595,22.70291
Ptbp3,26.31304,24.57415,24.27363,24.57415
Ctnnbip1,28.46778,26.78082,25.96468,26.78082
Ube2r2,27.28507,27.48301,26.92931,27.28507
Cep192,23.00787,21.51965,21.35477,21.51965
Samd14,,20.60023,,20.60023
Arl6ip4,24.3245,23.6289,23.12663,23.6289
Sugct,26.35065,23.80863,24.76971,24.76971
Nhsl1,23.98607,22.49238,21.59978,22.49238
Trip10,25.02534,25.89804,25.88577,25.88577
Rasgef1a,,,,
Rrm1,26.81213,25.23371,25.24267,25.24267
Tf,22.10175,,14.17336,18.137555
Ift57,24.81997,24.08545,23.83335,24.08545
Tor1aip2,26.61386,25.40015,24.47277,25.40015
Tspyl4,20.10636,19.71336,18.59193,19.71336
Klhl11,21.39796,21.2108,20.69702,21.2108
Crybg3,21.42044,,17.82774,19.62409
Tmem230,24.59172,24.3503,25.1615,24.59172
Cd59a,29.23948,27.31346,27.54871,27.54871
Wdr73,22.97162,22.16962,22.10399,22.16962
Epha7,20.63467,21.1213,19.70664,20.63467
Cnot4,23.20476,22.38092,17.94301,22.38092
Pid1,25.31264,24.00127,22.7563,24.00127
Gm17296,20.84169,18.76199,20.30719,20.30719
Foxp1,22.2454,21.92854,22.14799,22.14799
Kat7,22.70862,22.74846,22.0455,22.70862
Trpc4,21.98777,22.14177,22.43117,22.14177
Slc7a11,22.64145,22.93594,24.20948,22.93594
Pdyn,,,,
Nipa1,,23.5099,24.37106,23.94048
Mfsd4,24.37637,23.90958,24.32265,24.32265
Sirt3,19.09931,22.71528,21.19964,21.19964
B4galt4,22.16821,21.92832,21.26751,21.92832
Smg5,15.69919,19.83714,21.61935,19.83714
Slc22a4,18.16226,,,18.16226
Trim33,25.31697,22.69394,22.33794,22.69394
Mbnl1,27.48539,26.58806,26.44897,26.58806
Tmem245,24.47717,23.31479,22.98881,23.31479
Bms1,23.65862,23.82629,23.22457,23.65862
Dlc1,20.91291,,19.01754,19.965225
GOLGA7B,,19.9679,,19.9679
Man1b1,22.61196,22.55934,22.5161,22.55934
Adck5,23.46039,17.46858,,20.464485
Aar2,24.32848,23.82318,22.61569,23.82318
Entpd1,21.00779,21.92016,21.8157,21.8157
Mrs2,20.66319,19.73293,17.96302,19.73293
Colgalt1,25.60416,23.50652,23.11583,23.50652
Gtf3c3,23.84881,23.55098,23.51051,23.55098
Mpped2,,16.57728,,16.57728
Znf704,,19.52751,19.47799,19.50275
Slc25a16,23.69434,21.86997,21.27674,21.86997
Ubl5;Gm16381,27.05144,27.44514,27.83358,27.44514
Usp20,18.88777,,,18.88777
Tmem161b,18.57607,20.20192,21.29322,20.20192
Gorasp1,26.69988,25.83137,25.81059,25.83137
Wwc1,23.68507,22.9369,23.33456,23.33456
Ercc2,22.26095,21.56992,21.96723,21.96723
Chmp1b1,27.91815,26.67707,29.25354,27.91815
Tmem120a,23.9949,22.64636,23.3362,23.3362
Ift81,27.25278,26.5005,26.26692,26.5005
Gpaa1,23.47914,20.94692,22.21327,22.21327
Ccdc149,21.01195,,,21.01195
Ift122,26.45089,26.5538,26.18546,26.45089
2900011O08Rik,22.55185,22.73775,21.35509,22.55185
Higd1a,26.23902,25.28132,26.32165,26.23902
,23.77344,23.44038,21.77965,23.44038
Ccdc109b,,,,
Ydjc,,,22.33017,22.33017
Exosc7,24.60008,24.46026,24.45676,24.46026
Phc3,23.40328,21.84961,21.67831,21.84961
Dcp2,22.50763,21.49829,21.97355,21.97355
Kctd21,20.70421,23.14687,20.22776,20.70421
Ttc8,26.16536,25.00406,24.84561,25.00406
Psen1,25.67839,24.29453,23.81343,24.29453
Ptpdc1,23.85377,24.14631,25.21741,24.14631
Kpna2,26.27757,23.9627,22.97439,23.9627
Cd180,25.16108,25.19577,24.71419,25.16108
Bloc1s1,24.81284,23.80705,22.29468,23.80705
Bbs9,25.3073,24.1114,24.28687,24.28687
Zfand2b,24.52874,22.9712,22.66023,22.9712
Ift140,26.55842,25.39872,25.37994,25.39872
Jph1,,14.2337,19.55837,16.896035
Vav3,22.99547,20.78229,21.30502,21.30502
Tsen15,24.84891,25.20974,25.09961,25.09961
Tmem55a,27.90116,26.4135,26.61835,26.61835
Tmem175,26.78169,26.12362,25.77525,26.12362
Saal1,25.3963,23.73107,23.50797,23.73107
Ints1,23.04843,21.65962,22.52588,22.52588
Plod3,26.14346,24.70498,23.87296,24.70498
Lonp2,27.2226,23.73242,22.92262,23.73242
Mad2l1bp,22.32597,22.1566,21.4051,22.1566
Gas2l1,25.7958,23.98928,24.17843,24.17843
Thoc7,23.83682,24.33688,24.51707,24.33688
Rcor1,24.09289,23.50506,23.08216,23.50506
Sox2,25.56956,25.406,26.65007,25.56956
Ece1,20.7043,18.32668,15.63535,18.32668
Ccdc181,23.33006,22.84101,21.6753,22.84101
D1Ertd622e,23.64152,23.21367,21.92463,23.21367
Terf2ip,24.5756,23.57496,20.91371,23.57496
Slc39a6,24.19408,21.86212,21.94828,21.94828
Serpinb8,25.53828,24.73763,24.36379,24.73763
Mettl14,24.63567,22.45826,22.79612,22.79612
Tjap1,25.63043,24.31486,24.69067,24.69067
Daxx,22.50332,23.0063,22.2819,22.50332
Shisa6,19.58676,,17.49224,18.5395
Nudt15,,20.87912,20.58472,20.73192
Lchn,20.5174,19.48448,19.80461,19.80461
Csnk1e,21.85529,15.53166,15.87294,15.87294
Tefm,25.04764,24.0209,24.69525,24.69525
Mrpl20,25.8671,24.98259,25.35188,25.35188
Ppp1r14a,22.11804,,,22.11804
Rgma,22.84552,,,22.84552
Epb41l3,22.66047,21.40385,19.04642,21.40385
Polr3e,21.19196,19.27696,19.30028,19.30028
Smarcad1,23.27994,22.58788,21.76138,22.58788
Sepsecs,22.73215,22.57732,23.00156,22.73215
Nsmaf,23.59889,22.13078,22.27145,22.27145
Atpaf2,25.10673,24.44304,24.42002,24.44304
Cnksr2,,,,
Wrb,24.38001,22.71387,23.48272,23.48272
Sergef,23.12858,22.95051,22.70495,22.95051
Commd1;Gm28048,27.32062,25.84117,26.31731,26.31731
Nifk,26.60498,26.15623,26.19918,26.19918
Chuk,24.32485,23.81568,24.02183,24.02183
Nipbl,24.00693,21.89563,22.63105,22.63105
Tlk2,21.36351,21.8554,21.031,21.36351
Fat3,20.21821,21.96028,13.66656,20.21821
Dbh,,,,
N4bp1,22.08008,22.06276,22.1603,22.08008
Dgcr8,15.9903,18.78568,20.16325,18.78568
Cttnbp2nl,26.50558,25.56358,25.58701,25.58701
Fhl4,21.20114,18.62984,19.74307,19.74307
Fam107a,25.93274,25.31185,24.52797,25.31185
Cldnd1;Cldn25,22.07401,20.63564,,21.354825
Sh3pxd2a,21.82194,18.43791,20.41059,20.41059
Nprl3,24.53089,21.11636,19.33778,21.11636
Cgn,,21.0071,21.26682,21.13696
Camk2b,,,,
Dusp23,,16.30594,22.73504,19.52049
Yjefn3,,,,
Herc3,20.19604,,15.58854,17.89229
Mib2,21.96473,20.16999,21.58591,21.58591
Cd44,30.18353,29.75549,29.56511,29.75549
Nat14,25.4098,25.39869,25.75488,25.4098
Usp46,24.41093,23.57242,22.8336,23.57242
Elfn1,17.62121,19.81325,18.82389,18.82389
Tfb1m,25.41374,24.42803,24.48099,24.48099
,27.28366,26.19165,26.28489,26.28489
Celf5,,,17.26435,17.26435
Nmnat1,23.20385,20.73934,21.05311,21.05311
Rfc1,23.64438,20.56263,21.7268,21.7268
Dnmbp,22.84906,19.0419,21.81613,21.81613
Rnf114,26.83521,26.60045,26.46142,26.60045
Adcy6,23.45976,22.00354,21.58536,22.00354
Pald1,24.60416,23.60275,23.98763,23.98763
Frs3,17.07661,,,17.07661
Caskin2,23.66481,22.23497,22.59796,22.59796
Plxdc1,19.45455,20.35154,21.05298,20.35154
Lifr,20.45322,23.34286,16.91672,20.45322
Creb1,27.84529,25.63567,26.98403,26.98403
Vprbp,23.56232,22.64119,22.50778,22.64119
Telo2,21.26442,20.5838,20.91262,20.91262
Maea,24.02064,22.83779,22.67254,22.83779
Ssh1,22.7348,21.46822,20.3566,21.46822
Cnot6l,22.33454,18.14952,18.29863,18.29863
Lmf1,21.26081,21.78536,22.45254,21.78536
Smug1,25.09366,23.44872,22.8574,23.44872
Trabd,24.43816,22.90696,18.27276,22.90696
Aasdhppt,20.21869,20.53971,19.84864,20.21869
Kbtbd3,20.63529,20.92122,18.42337,20.63529
Kdelc2,24.66449,24.20426,23.83894,24.20426
Ddx27,24.41854,23.40561,24.19189,24.19189
Nip7,23.95323,23.90518,23.46824,23.90518
Atg13,19.65741,19.01835,,19.33788
Tulp4,,19.01397,,19.01397
Otud5,20.00607,19.75039,20.22682,20.00607
Snupn,22.37082,22.77848,21.76478,22.37082
Spred3,20.99479,15.00435,15.69822,15.69822
Tesk1,19.14437,18.73589,20.4866,19.14437
Rhbdf1,23.98911,22.78895,22.29421,22.78895
Jmjd1c,20.98711,19.0384,19.89461,19.89461
Nelfe,26.63145,24.93746,25.18048,25.18048
Gca,26.41093,25.55733,25.22803,25.55733
Camlg,24.87919,24.74006,25.72005,24.87919
Ppp3cc,23.91534,22.0444,22.32284,22.32284
Phip,24.44676,23.13248,22.86916,23.13248
Sybu,24.80075,22.71112,23.22488,23.22488
Tmco3,,22.28492,21.32888,21.8069
Ntpcr,24.37199,24.24227,24.38601,24.37199
Diexf,17.27821,16.7703,19.78544,17.27821
Pigg,24.33429,22.97963,23.28574,23.28574
Zkscan16,,,,
Slc9a7,23.72744,21.56876,21.22817,21.56876
Dcun1d3,23.98111,22.80976,22.06533,22.80976
Mllt4,,,,
Rabl3,22.46867,22.82202,23.41145,22.82202
Fuca2,23.91296,23.19876,21.89204,23.19876
Xpo6,21.10258,20.41338,20.34495,20.41338
Gbp6;Gbp10,25.72156,24.15507,24.67901,24.67901
Idnk,24.61997,23.32759,23.22832,23.32759
Rbbp6,23.42726,22.92356,22.74127,22.92356
Tbc1d23,24.87624,24.71947,24.98936,24.87624
Exosc2,25.9336,24.46283,24.98707,24.98707
Arfrp1,25.23447,24.07627,26.3478,25.23447
C78339,21.2362,22.89984,19.74541,21.2362
Atrnl1,22.96682,18.53188,22.05189,22.05189
Erbb4,21.91258,20.73826,21.67745,21.67745
Itfg2,22.05219,21.17182,21.12048,21.17182
Bmi1,23.64911,22.72482,22.36472,22.72482
Bin2,25.51509,24.98002,24.20866,24.98002
Tex264,27.2893,27.18404,27.50097,27.2893
BC024978,22.95241,24.08886,24.12629,24.08886
Ccdc39,25.97018,25.06279,25.90541,25.90541
Mast4,22.94906,21.2217,21.50091,21.50091
Ascc1,23.28644,23.62455,24.0011,23.62455
Grtp1,24.17813,23.07728,21.61733,23.07728
Lrrn1,20.29995,20.26396,21.08926,20.29995
Pmvk,22.66648,22.71885,23.39074,22.71885
Rrp12,24.0801,24.04469,24.43543,24.0801
Sh3pxd2b,26.86597,26.00661,25.78639,26.00661
Zbtb40,23.17903,22.46164,21.94517,22.46164
Abcc4,25.00427,25.01763,24.56842,25.00427
Flywch1,23.57531,22.17913,21.07496,22.17913
Mrto4,25.65657,24.98537,25.88674,25.65657
Prkcdbp,29.46958,28.14977,27.30591,28.14977
Cdk13,23.1138,20.83221,21.32251,21.32251
Nacc1,24.44398,21.7936,19.47615,21.7936
Cbln2,24.29677,21.79586,23.44771,23.44771
Rmdn2,23.71146,20.79376,22.172,22.172
Trpc3,,18.06965,,18.06965
Wdfy4,23.25272,21.79245,21.98826,21.98826
Brix1,24.70736,25.41645,25.5479,25.41645
Cux1,22.55154,22.55255,21.65303,22.55154
Mthfr,22.15755,21.11927,19.81193,21.11927
Prdm2,20.67116,18.08665,14.62005,18.08665
Zfp334,23.84345,24.0827,23.62678,23.84345
Tmppe,25.28778,23.43199,24.74561,24.74561
Xiap,24.29992,23.10254,23.14604,23.14604
Atg12,22.79432,26.14176,22.90347,22.90347
Usp13,,,,
Bet1,27.31129,26.87526,27.02433,27.02433
Sorcs1,20.30952,21.6756,19.78907,20.30952
Ascc3,23.91105,22.98132,22.95752,22.98132
Med19,23.38548,,,23.38548
Evi5,24.55871,23.95163,24.26119,24.26119
Pla2g4e,20.33723,15.73095,16.79842,16.79842
Trmt5,23.76739,23.13446,23.73273,23.73273
H2-K1,25.43275,25.24369,23.93427,25.24369
Unc5a,,,,
Ccdc94,23.94637,22.041,22.98172,22.98172
Gramd4,22.86427,21.53573,21.80625,21.80625
Scube1,19.33893,19.69848,14.82377,19.33893
Cdr2,22.50707,20.65465,20.80302,20.80302
Rsl1d1,27.99021,27.47908,27.82505,27.82505
Pick1,,,,
Nfasc,,,,
Haus3,22.11251,21.21614,20.46712,21.21614
Sema4f,,18.01111,,18.01111
Dph2,24.96917,23.37981,22.70662,23.37981
Plxna3,21.27889,19.22088,21.45418,21.27889
Zfr2,21.30424,20.33876,21.0912,21.0912
Frmd5,23.65316,22.17088,22.45413,22.45413
Fgfr1,23.62545,23.55321,22.94548,23.55321
Prkd3,24.27085,23.84957,24.06373,24.06373
Klhl5,23.91205,22.39297,22.28209,22.39297
Plekhg5,23.93661,23.29053,20.5382,23.29053
Rnf7;Gm7075,29.13514,27.63844,27.30069,27.63844
Dhtkd1,27.05051,26.70636,26.64361,26.70636
Rrp9,25.60187,25.0972,25.42079,25.42079
Lyrm7,22.33096,,22.95324,22.6421
Ncoa1,20.90419,21.19658,22.23655,21.19658
Wwp1,22.26425,20.51085,20.94464,20.94464
Aoc3,22.39341,,20.44889,21.42115
Lrfn4,,,,
Atf7ip,23.53635,22.2962,20.67805,22.2962
Mapre3,24.21556,23.42739,22.91705,23.42739
Xrcc1,24.5956,24.8866,24.94695,24.8866
Papss2,24.76497,22.83952,21.89752,22.83952
Vill,18.46894,,,18.46894
Galnt1,24.804,24.37438,23.8944,24.37438
Prcc,25.72817,23.66622,23.37079,23.66622
Casp1,24.52325,23.11772,23.043,23.11772
Samd8,,20.38079,20.45111,20.41595
Mtmr3,24.40315,22.09307,22.83584,22.83584
Extl3,24.38621,23.76648,24.17828,24.17828
Kdm5a,21.06802,20.18604,18.55536,20.18604
Fam188a,24.08877,23.46799,23.28757,23.46799
Serinc5,22.09178,22.75023,22.16922,22.16922
H6pd,23.44266,22.42044,22.01345,22.42044
Rgs9,,,,
Nek1,24.57485,23.86032,23.82172,23.86032
Rsrc2,25.79615,23.84594,24.38278,24.38278
Pan3,21.93139,20.46453,22.07294,21.93139
Ddx24,22.0311,21.91291,22.36696,22.0311
Necab3,,,,
Rit1,17.75107,,21.42214,19.586605
Bach2,14.19975,19.99686,19.32847,19.32847
Sorcs3,21.24464,,,21.24464
Dcaf6,22.71586,20.14669,19.21547,20.14669
Ypel5,26.33753,25.68019,25.70709,25.70709
Dhfr,27.56485,26.91673,27.12692,27.12692
Fam114a1,28.10664,27.05961,26.93787,27.05961
Tusc2,21.33713,,21.2976,21.317365
Plekhg1,19.28392,17.16182,17.84506,17.84506
Dennd6a,24.84379,24.33436,23.15741,24.33436
Slc35f1,26.76711,24.96173,25.22166,25.22166
Nudt7,20.91379,,18.9189,19.916345
Tmem209,26.02574,24.17699,24.25097,24.25097
Kbtbd7,19.78112,20.12918,19.03534,19.78112
Unc45a,25.21048,23.45023,24.23717,24.23717
Flrt3,21.79114,19.56987,22.49253,21.79114
Khnyn,23.41725,22.92682,23.1739,23.1739
Ca13,21.63812,,22.12196,21.88004
H3f3a;H3f3c,21.01332,,,21.01332
Pgpep1,26.73389,26.03695,26.38589,26.38589
Hgh1,25.79536,23.68785,23.06765,23.68785
C2cd2,19.39303,18.8925,18.59598,18.8925
Brd8,22.66601,22.03631,20.93503,22.03631
S100a8,,,,
Dph1,24.10885,23.20243,22.83784,23.20243
Med24,23.8227,22.18153,21.69757,22.18153
Tomm5,21.08187,22.94366,24.19046,22.94366
Mrps18c,,23.58118,,23.58118
Mrpl48,26.9157,26.07402,26.50809,26.50809
Pdia5,24.68624,23.92071,23.98033,23.98033
Rbks,25.78004,27.25223,26.75723,26.75723
Tmeff1,,20.49082,24.67093,22.580875
Ca3,24.82862,22.97935,24.08578,24.08578
Fam13c,22.75412,21.72995,22.45646,22.45646
Ebp,29.41997,26.6725,28.39791,28.39791
Map3k12,22.68037,22.19316,22.67191,22.67191
Atn1,21.91984,20.84797,21.77487,21.77487
,23.77525,24.1035,24.70293,24.1035
Wdyhv1,26.59064,26.1971,26.20942,26.20942
Pomk,18.69737,21.95461,,20.32599
Stom,30.28824,29.27322,29.01412,29.27322
Acss3,23.94181,22.43097,20.40676,22.43097
Limk2,22.14641,22.87819,21.93729,22.14641
Gatad1,21.9549,18.97113,19.24593,19.24593
Ttc30b,26.21814,25.50072,25.31116,25.50072
D17h6s53e,24.6804,23.70904,24.0606,24.0606
Pcdhb20,17.43217,20.77435,18.62916,18.62916
Tbc1d9,21.58646,21.00662,21.25396,21.25396
Kbtbd4,22.07943,20.54811,21.35105,21.35105
Wbscr17,22.79166,20.21608,21.14376,21.14376
Adam17,24.78751,24.16023,24.17219,24.17219
Micu2,26.47084,24.97815,26.03909,26.03909
Acad12,25.12676,24.19835,24.03842,24.19835
Serinc1,24.17912,24.32759,22.59412,24.17912
Wdr17,,,,
Nol7,26.45263,25.69152,25.93589,25.93589
Slco1c1,23.53955,22.26705,21.07496,22.26705
Cacnb2,,,,
Cebpz,21.62266,22.51094,23.74878,22.51094
Acy3,25.96849,25.3659,25.36102,25.3659
Col3a1,24.20531,21.54901,20.57911,21.54901
Usp38,25.00624,24.84733,25.4049,25.00624
Tle3,25.16192,24.76896,23.68346,24.76896
Slc7a1,26.3761,25.03649,25.89857,25.89857
Arel1,20.3263,17.82296,17.23135,17.82296
Suz12,17.39222,22.13799,21.83291,21.83291
Triap1,26.42536,24.72411,24.71051,24.72411
Chst2,25.21996,24.19746,23.71146,24.19746
Ubxn2a,15.03312,22.36949,,18.701305
Rfc3,24.33163,19.37677,18.7909,19.37677
Armc9,23.11429,23.89171,21.12767,23.11429
Isoc2b,,,,
Casp6,27.02083,25.87056,25.85215,25.87056
Mocs2,25.26119,,24.19378,24.727485
Sil1,25.69872,24.22582,23.82425,24.22582
2700097O09Rik,23.48689,20.41256,22.95308,22.95308
Cmc1,29.29601,28.12332,24.39395,28.12332
Phlda3,25.27291,24.38995,24.25032,24.38995
Kctd6,23.59058,22.90459,22.68513,22.90459
Fdft1,23.85928,21.49453,21.90132,21.90132
Sult1a1,,,,
Scn3a,13.8792,,,13.8792
Ankrd13c,20.53155,19.75427,,20.14291
B3gnt1,24.63417,23.77505,23.24837,23.77505
Nkiras1,22.29995,21.0713,22.97685,22.29995
Sel1l3,,19.52505,19.932,19.728525
Taf6,23.1746,22.16708,21.37851,22.16708
Chchd10,29.43623,28.69342,29.8539,29.43623
Kcnj16,,17.25792,20.73554,18.99673
Coa5,,23.64526,23.17597,23.410615
Amfr,26.21788,23.29221,23.6608,23.6608
Cdc42ep2,,20.92687,,20.92687
Rbm12b1,22.12,21.41214,21.21252,21.41214
Synj2,20.93258,20.2894,20.62516,20.62516
Lpin1,21.87867,19.48911,19.79682,19.79682
Slc9a6,23.11098,21.08057,21.69153,21.69153
Ddx25,,,19.44823,19.44823
Apaf1,24.04252,22.79457,22.92868,22.92868
Isg15,27.57607,25.10522,25.81541,25.81541
Smc4,22.22961,23.22354,22.3332,22.3332
Slc2a5,,,,
Rrm2b,19.57417,18.74649,,19.16033
Coq10a,22.70102,21.09558,22.12067,22.12067
Cdh22,17.4634,,16.81215,17.137775
Tpgs2,25.24663,24.45933,23.59263,24.45933
Mrpl2,27.87197,26.23581,26.72403,26.72403
Arid4a,21.71431,20.87763,21.10226,21.10226
Nubp1,25.95118,25.12495,25.32742,25.32742
Slc35b2,25.79293,25.42066,25.9657,25.79293
P4ha1,28.4122,28.13198,28.32294,28.32294
Jph4,,,,
Hspbap1,21.25286,21.32191,19.51156,21.25286
Slitrk3,,16.32453,17.62092,16.972725
Nelfa,26.57011,24.9526,24.6329,24.9526
Ap4s1,24.93836,23.62008,23.65414,23.65414
Cdh7,,,,
Fut11,22.4226,22.11588,20.22694,22.11588
Lrp8,23.61807,21.19743,20.94364,21.19743
Sobp,20.49551,19.22058,18.43453,19.22058
Lrtm2,,,,
Meaf6,26.28919,25.32876,25.93973,25.93973
Dok3,18.08379,26.25281,20.69846,20.69846
Eif2d,25.99953,24.50537,23.8659,24.50537
Rrp7a,24.0456,24.5461,19.58332,24.0456
Dyx1c1;Dyx1c1Ccpg1,22.54826,20.83414,21.29008,21.29008
Kri1,22.09042,21.82784,22.76856,22.09042
Sntb2,25.43939,25.14348,24.66915,25.14348
Gse1,19.646,,,19.646
Rasa2,24.79427,23.23487,23.88381,23.88381
Pes1,24.56692,23.80243,24.38831,24.38831
2015-03-06 00:00:00,21.54501,20.77056,21.14544,21.14544
Nsun5,19.51561,18.61554,21.90441,19.51561
Lrrtm3,,15.91031,16.19285,16.05158
Gnptab,19.27294,20.28059,20.40239,20.28059
St3gal5,22.17575,20.55197,20.68654,20.68654
,24.47352,21.29799,22.79693,22.79693
Alk,,13.28038,14.73508,14.00773
Mrpl32,26.57473,23.93598,24.78766,24.78766
Tsc22d4,24.25249,,,24.25249
Tmem87b,22.78879,22.48726,22.04293,22.48726
Limd2,26.1855,23.75756,24.27113,24.27113
Nfya,28.28136,26.38261,27.18395,27.18395
Ergic3,24.94503,24.47902,24.65305,24.65305
Cldn10,23.92922,,20.84835,22.388785
Ephb1,21.42034,19.71969,,20.570015
,,,,
Bckdk,27.21827,26.37885,25.63251,26.37885
Epb4.1l4b;Epb41l4b,21.18592,20.54321,,20.864565
Rnase4,23.73355,21.3308,23.31507,23.31507
Mina,20.15215,,,20.15215
Fam57b,16.22363,,,16.22363
Lrrc1,25.73079,25.27106,23.00972,25.27106
Mphosph8,23.05187,22.93971,22.83277,22.93971
Uri1,26.72442,24.14989,25.3009,25.3009
Bysl,23.74294,23.09536,23.7542,23.74294
Stard4,22.84537,22.22662,23.20841,22.84537
Tmem130,,,,
Rab27a,,16.99623,21.32575,19.16099
Klhl7,,,,
Fbxo38,22.99645,22.30605,22.77612,22.77612
Gramd1a,21.55258,20.63812,20.13533,20.63812
Matk,,,,
Mex3a,22.74511,23.47507,24.14779,23.47507
Mest,,20.57773,22.03355,21.30564
Hdhd2;Ier3ip1;Gm10784,22.78193,22.18885,20.31429,22.18885
Nacc2,25.42972,22.71685,21.49556,22.71685
Dda1,25.89101,25.63012,26.23708,25.89101
Lrrtm4,,,15.16243,15.16243
Ash1l,21.22388,19.27892,19.99065,19.99065
Ggh,21.49984,24.56477,23.20611,23.20611
Fam126a,24.69891,22.71961,22.55527,22.71961
Snx8,24.7684,22.70225,23.65895,23.65895
Wwp2,22.16186,18.03354,19.08314,19.08314
Dlg2,,,,
Dpf1,27.70015,,23.8147,25.757425
Asb6,24.25436,22.61045,22.53279,22.61045
Prmt7,25.0272,24.25487,23.99938,24.25487
Coro6,18.89664,,,18.89664
Fosb,21.9247,21.01679,20.51836,21.01679
Rbm19,23.81519,22.66997,23.5844,23.5844
Fam84b,26.79625,25.66926,25.72887,25.72887
Usp6nl,23.91816,23.18973,23.18254,23.18973
Slu7,24.64977,22.829,23.84201,23.84201
Noa1,23.98355,22.6776,22.76792,22.76792
Grb14,,,,
Ndc1,26.27279,25.32086,24.76426,25.32086
Gtf2h1,21.86189,20.57792,22.2431,21.86189
Utp18,23.99921,22.93393,22.70944,22.93393
Toe1,22.70521,23.53433,23.53552,23.53433
Pnpla7,22.29235,22.93101,22.59664,22.59664
Mef2d,20.50766,20.61189,,20.559775
Wdr74,23.33019,22.41227,23.47184,23.33019
Ppt2,23.12605,22.27056,23.70936,23.12605
Heatr1,23.71051,22.71251,23.04968,23.04968
Slc2a6,,,19.91266,19.91266
Pold2,24.8042,25.36533,25.87072,25.36533
Ascc2,22.22758,21.10636,22.44511,22.22758
Cdk5r1,,,19.12073,19.12073
Cdh18,16.57896,,,16.57896
Srbd1,23.77102,22.02533,21.86321,22.02533
Spen,20.89156,19.15714,19.58908,19.58908
Ankh,23.69104,21.14358,21.15684,21.15684
Yif1a,26.23522,22.47638,25.85115,25.85115
Supt7l,22.44015,21.71816,19.98176,21.71816
Tti1,20.41111,,,20.41111
1810009A15Rik,28.62157,27.2249,27.90913,27.90913
Rnaseh2a,24.15854,23.61088,22.74275,23.61088
Mrps21,26.73879,26.11066,25.43724,26.11066
Efna3,,,,
Znrf1,,,,
Zkscan1,,20.55796,21.09352,20.82574
Zcchc18,,,,
Lrrc49,22.77044,22.53077,22.33715,22.53077
Mturn,26.04343,22.82831,24.0748,24.0748
Smurf1,19.61529,19.04311,21.05881,19.61529
Kcnab3,,,,
Ppfibp1,26.02418,24.97618,24.801,24.97618
Smg7,23.16936,21.31761,21.7854,21.7854
Fbxo30,24.17904,23.66915,23.2939,23.66915
Fmo1,24.05325,23.78995,23.30368,23.78995
Cwc22,24.04059,23.63964,21.73384,23.63964
Shmt1,23.7416,23.40211,23.85871,23.7416
Ggcx,22.87511,20.41493,21.47675,21.47675
Zhx1,24.45042,23.83971,22.5346,23.83971
Wbscr16,24.6596,22.38395,22.99085,22.99085
Gstm4,23.79976,23.17348,24.32759,23.79976
Ddx47,22.78514,22.97794,21.72638,22.78514
Kank2,27.5947,25.90327,25.9165,25.9165
Nmnat2,18.43718,,,18.43718
Sumf2,24.75608,24.63539,24.32704,24.63539
Xkr4,,25.89403,,25.89403
Plekhm1,19.77759,21.26247,22.12041,21.26247
Dchs1,21.76693,20.0174,19.34655,20.0174
Trim65,25.93616,22.25347,22.26819,22.26819
Gpr123,23.6548,23.05528,22.64685,23.05528
Szt2,20.88301,20.04727,19.75662,20.04727
Klhl3,19.18604,19.17353,,19.179785
N4bp2,21.96631,19.85357,20.12893,20.12893
Kctd15,25.49234,24.48001,24.32937,24.48001
Cd2bp2,26.17326,25.05639,24.5809,25.05639
Sh3bp5l,23.58623,22.46785,23.61178,23.58623
Cers2,24.19505,24.92007,24.39074,24.39074
Odf2,25.5412,24.79744,24.4195,24.79744
Ttc27,24.03725,21.71339,23.21508,23.21508
Phc2,22.75075,19.72382,22.57732,22.57732
Aff4,22.26797,21.43604,21.68983,21.68983
Rpa2,23.41983,24.47661,24.21845,24.21845
Slc7a10,,,,
Esam,,,,
Rgs19,23.13679,21.87267,22.72023,22.72023
Eps15l1,22.38524,19.68912,19.9266,19.9266
Terf2,21.03812,20.43145,20.64676,20.64676
Ovca2,22.93837,25.0611,24.43968,24.43968
Slc35g2,,,,
Dcxr,28.69505,27.53118,30.99974,28.69505
Stmn4,,,21.90734,21.90734
Plxnb3,20.58114,20.40406,22.00857,20.58114
Kansl3,23.24187,20.07051,20.80255,20.80255
Cpsf4,24.61285,22.43247,23.76122,23.76122
Polr2j,20.93927,,23.0661,22.002685
Pus7l,21.11082,17.66851,19.01247,19.01247
Armcx1,23.12049,22.66906,21.73971,22.66906
Irf2bp2,25.88197,24.50984,25.07406,25.07406
Znf830,23.68143,24.70951,20.93215,23.68143
Ugcg,25.50036,24.51268,24.54174,24.54174
Senp7,22.93751,21.54727,21.3418,21.54727
Rpgr,25.5741,23.41261,23.71597,23.71597
Smad3,26.75302,24.33599,19.6196,24.33599
Tma16,22.44162,17.83984,18.85316,18.85316
Prmt9;Prmt10,20.81964,19.29995,21.05451,20.81964
Coq4,25.67861,22.40624,23.52552,23.52552
Slc16a7,21.32542,,,21.32542
Tfe3,23.86136,23.94235,22.45523,23.86136
Med17,22.86168,21.97809,21.61293,21.97809
Cecr6,22.09391,21.6219,19.6076,21.6219
Sod3,,,21.02803,21.02803
Kirrel3,21.45994,18.66164,17.04878,18.66164
Dpyd,23.30814,20.85331,21.20431,21.20431
5330417C22Rik;Kiaa1324,21.59923,21.51374,21.48414,21.51374
Atad2,20.86037,19.86686,19.73608,19.86686
Zhx2,25.56895,23.81783,24.27881,24.27881
Rxrb,22.58389,20.13896,18.40865,20.13896
Sh3d19,23.09117,22.07734,21.45357,22.07734
Itga3,26.04514,26.39275,26.15547,26.15547
Arl10,24.40782,22.99028,23.29852,23.29852
Msrb1,,,,
Acbd5,27.2764,26.78669,25.77917,26.78669
Kiaa0556;D430042O09Rik,23.12133,22.32655,20.94285,22.32655
Abca1,25.36336,24.04535,24.07993,24.07993
Trim44,22.27307,20.49062,,21.381845
Dck,23.29109,22.47731,,22.8842
Nol8,21.70037,21.44035,21.78644,21.70037
Tab3,23.98425,21.14077,22.39592,22.39592
Wdtc1,21.98482,21.01577,20.701,21.01577
Mapkbp1,23.24397,22.65257,22.41496,22.65257
Il16,24.6299,23.79511,23.68742,23.79511
Fez2,24.87699,22.82757,21.99959,22.82757
Fbxo45,21.79225,20.67435,19.22308,20.67435
Rbm34,25.63926,24.68571,25.14612,25.14612
Gtf2h2,21.88714,21.75352,21.63626,21.75352
Ace2,22.16069,19.88682,20.35305,20.35305
Xkr6,,,,
Snn,,,22.31413,22.31413
Stxbp5l,,,,
Spire2,,,,
Kalrn,,,,
Plekha2,27.01924,26.59135,26.54987,26.59135
Epm2a,18.0541,,,18.0541
Creg2,24.5786,24.25328,22.14221,24.25328
Ptcd2,24.93103,22.94567,23.57439,23.57439
Myo9b,25.35592,24.35501,24.1043,24.35501
Zfyve28,,,,
Rfc5,24.40678,22.69732,22.50782,22.69732
Adat2,25.12341,17.81109,24.4249,24.4249
Bud13,,,,
Rpap1,24.78661,23.52719,24.02825,24.02825
Gabrg2,,,,
Sts,26.0519,24.10813,23.52839,24.10813
Erf,22.09252,22.6046,21.71331,22.09252
Plec,21.42491,20.89037,20.69456,20.89037
Lage3,27.16844,25.18609,19.28186,25.18609
Hykk,25.30044,23.54781,23.23481,23.54781
Rhobtb2,,,,
Xdh,23.6015,21.49233,22.22314,22.22314
Lrrc58,22.15348,20.37422,21.55843,21.55843
Fam102a,24.65775,22.57812,22.4207,22.57812
Ndnl2,20.36014,17.88346,18.40154,18.40154
Rnf130,24.16262,23.213,23.11234,23.213
Elac1,22.70339,22.59019,21.30825,22.59019
Fuca1,25.80693,23.55063,24.5559,24.5559
Ulk2,19.49728,20.33538,19.03225,19.49728
Nme4,25.47584,24.57103,24.30925,24.57103
Mcc,22.96137,23.0732,22.59186,22.96137
Btbd9,22.29002,,18.89335,20.591685
Fam134b,22.37318,19.06063,,20.716905
Heca,23.72993,20.87785,22.36546,22.36546
Arhgap27,20.75727,25.01916,26.03762,25.01916
Spats2,23.1425,21.64654,23.9393,23.1425
Tbc1d12,23.03498,21.12174,21.84157,21.84157
Tpd52,,,,
Gpr107,24.14266,24.6093,24.60738,24.60738
Vangl2,24.53166,23.79778,23.43314,23.79778
Senp8,24.85043,24.44114,24.76926,24.76926
Rngtt,23.57554,22.72898,22.64606,22.72898
Ppp1r3g,,,,
Vcpkmt,23.28376,,,23.28376
Ntn1,26.58907,25.47101,26.10211,26.10211
Fcgrt,23.95677,23.35824,21.34337,23.35824
Yaf2,,,,
Dstyk,21.73488,21.76332,20.62729,21.73488
Mroh1,24.3304,23.05747,23.87811,23.87811
Nxn,26.81152,25.75959,25.53715,25.75959
Slc5a7,,,,
Rpusd2,,21.8121,21.93607,21.874085
Sin3b,23.86816,19.84394,20.76012,20.76012
Ppp1r14c,23.36573,24.87399,22.14193,23.36573
Med4,23.43365,19.36412,20.63423,20.63423
Rnaseh2c,22.03486,23.15989,22.75322,22.75322
Fgfr1op2,,,,
Lgi4,17.7512,,,17.7512
Rap1gap,,,,
Med14,22.80859,20.98322,19.54013,20.98322
Abca8b,19.91338,19.36399,13.96045,19.36399
Meis2,,,,
Satb1,22.861,,18.80961,20.835305
Fam69b,,16.03729,19.321,17.679145
Polr3a,21.87594,21.61836,21.47764,21.61836
Utp6,23.60286,22.74905,22.53573,22.74905
Cbx6,22.06355,,,22.06355
Stard13,23.87905,23.76608,23.50482,23.76608
Myd88,23.97237,23.26842,23.15023,23.26842
Ss18l1,,18.53271,,18.53271
Ppp2r1b,26.88309,25.29523,24.41467,25.29523
Ephx4,,,,
Tgfb1,22.93103,21.0673,21.11813,21.11813
Otud7a,,,,
Zmiz1,22.26018,23.92904,20.09558,22.26018
Chka,23.54251,23.4501,22.6881,23.4501
Rfc4,24.13962,23.10322,23.1308,23.1308
Frmpd1,,19.04918,,19.04918
Ten1,24.54628,20.84222,,22.69425
Nhlrc3,26.28562,26.38787,25.89655,26.28562
Shd,20.80656,,,20.80656
Med31,,,,
Fam134c,24.42284,23.36413,23.17127,23.36413
Cactin,23.61043,23.171,23.74335,23.61043
,,,,
Rtn4rl1,,,,
Wasf2,27.75525,27.242,27.34993,27.34993
Sltm,,17.1801,,17.1801
Igfbp5,26.24737,24.92809,24.09015,24.92809
Lpcat3,26.22024,26.0121,26.02369,26.02369
Cdkn2a,21.41622,,,21.41622
Arhgef28,,23.78457,23.10016,23.442365
Emc10,21.33505,21.67801,23.02678,21.67801
Tmed1,27.48853,26.32206,26.57326,26.57326
Sepn1,24.60371,23.1124,23.1808,23.1808
Iqce,24.84995,23.20841,23.31838,23.31838
Gmeb2,23.71335,22.55901,21.32734,22.55901
Ext2,24.40853,20.86808,21.6977,21.6977
Tmem260,,,,
Fyco1,26.71385,25.66186,25.78059,25.78059
Arhgef25,24.36666,22.8631,20.97848,22.8631
Tcf4,23.48493,20.18834,19.27731,20.18834
Supt4h1a;Supt4h1b,25.76731,25.44313,25.73959,25.73959
Enc1,16.61137,16.74004,23.35837,16.74004
Ep400,22.81075,20.66162,19.93316,20.66162
Wdr3,22.83123,22.64726,26.08385,22.83123
Arl5a,21.82174,22.21774,22.53234,22.21774
Kiaa1161,,,,
Clip4,22.25954,21.52296,20.02756,21.52296
Nsrp1,23.96877,22.34646,23.2894,23.2894
Maz,20.58307,15.37894,14.85579,15.37894
Tmem189,,,,
Ehhadh,22.07571,21.78596,22.71433,22.07571
Med15,23.34503,21.77266,20.53298,21.77266
Ccdc85b,21.14345,21.6796,23.87989,21.6796
Bmpr1a,23.27384,22.37825,23.91752,23.27384
Nipal3,,,,
Tbc1d8,16.65732,19.4998,21.489,19.4998
Eef2k,24.27355,23.53101,23.55871,23.55871
,23.76951,23.73231,22.14498,23.73231
Abcc1,25.06155,24.10117,24.24598,24.24598
Traf6,21.00505,22.43853,22.50954,22.43853
Kcnh7,18.4931,,,18.4931
Ppcs,24.6184,16.28482,22.59489,22.59489
Gatad2a,24.92438,24.03967,24.49467,24.49467
Rfx3,24.84843,21.82081,19.89734,21.82081
Unc79,,16.34365,,16.34365
Mrpl35,,,,
Nudt8,26.23526,23.59594,22.82701,23.59594
Znrf2,23.98338,24.26127,23.34354,23.98338
Txnrd3,25.38347,23.87164,24.44107,24.44107
Pcdhga9,19.16798,21.83646,22.46643,21.83646
Clasrp,,22.74942,,22.74942
Larp4,25.9444,24.28947,24.52749,24.52749
Gtf2a1,24.98068,25.058,23.08957,24.98068
Slc41a3,22.23327,23.53505,23.44632,23.44632
Entpd3,,,,
Lrp4,24.06628,22.05715,21.90624,22.05715
Sap130,22.12635,22.56305,21.45257,22.12635
Zc3h13,20.48944,16.5683,19.95234,19.95234
Ap1ar,21.23462,21.36549,20.81722,21.23462
Casd1,21.53986,19.89424,21.56006,21.53986
Neto1,,18.38696,,18.38696
Baz2b,19.29163,,19.10054,19.196085
Ube2q2,21.63848,21.30034,21.7402,21.63848
Lingo3,,,,
Dohh,25.96155,25.57196,26.0367,25.96155
,,,,
Mnat1,24.21141,22.07956,23.58072,23.58072
Foxo3,23.49497,22.64157,22.81339,22.81339
Arntl,22.48003,21.38848,,21.934255
Ints5,23.18917,21.73785,21.91163,21.91163
Slc6a4,,20.99714,,20.99714
Usp33,21.36394,17.6292,,19.49657
Phactr1,,,,
Rgl2,23.32841,19.44837,19.84299,19.84299
Prkg1,18.72307,,,18.72307
Tada1,24.26664,23.381,21.65452,23.381
Kptn,24.54804,23.77374,23.35877,23.77374
Dnajb14,23.87117,23.055,23.06308,23.06308
Mau2,20.76604,18.92222,20.66484,20.66484
Esf1,23.56767,22.40994,22.82629,22.82629
Ipo8,24.47951,23.41041,22.00666,23.41041
Chd8,23.02668,23.46451,22.26049,23.02668
Neurod2,,,,
Abcb6,26.0189,25.0757,25.09615,25.09615
Cdh15,,,,
4930402H24Rik,24.2875,23.59707,23.5538,23.59707
Gnl3,26.51464,25.12455,25.60716,25.60716
Ppp1r3d,22.43911,21.44152,,21.940315
Mrps14,27.00699,25.65201,26.23719,26.23719
Wbscr27,27.19188,26.40813,25.97515,26.40813
Pde1c,,,,
Nvl,24.98181,21.44319,21.77732,21.77732
Amz2,20.75426,22.50271,18.63279,20.75426
Gbp7,25.85655,24.5125,24.21319,24.5125
Ahctf1,24.91593,23.87324,24.37332,24.37332
Pde9a,17.66525,,19.60908,18.637165
F13a1,23.43212,22.43127,22.38945,22.43127
Atm,20.31937,19.64379,20.15524,20.15524
A2mp,25.10801,24.70762,24.4479,24.70762
Spg11,23.45964,23.01245,23.29684,23.29684
Josd2,24.127,21.74907,21.63728,21.74907
Gtpbp4,24.60167,24.48916,24.91433,24.60167
Gpx7,25.65179,25.21148,25.01282,25.21148
Lrch3,26.42861,25.18033,26.3824,26.3824
Efnb1,23.67853,23.28715,22.26865,23.28715
Pigu,23.21373,20.9789,23.98076,23.21373
Fam160b2,22.49082,,18.99031,20.740565
Cbll1,22.87568,22.17197,20.52516,22.17197
Fat4,22.49089,22.84959,23.33538,22.84959
Armcx2,25.09031,23.32485,22.97251,23.32485
1810043G02Rik,26.39282,25.7709,26.02787,26.02787
Asphd1,,,,
Timm17b,25.97568,25.63334,26.23211,25.97568
Ttc21b,22.52772,21.2876,22.71129,22.52772
Sh3rf1,22.3853,20.74139,20.27742,20.74139
Parp3,27.51104,26.54132,26.43579,26.54132
Nlk,,,16.23064,16.23064
Arhgap30,20.3625,21.60091,20.69668,20.69668
Ppap2a,21.7632,,,21.7632
Pyroxd1,23.67098,22.35426,22.04863,22.35426
Rbpms,26.33166,25.27402,23.9872,25.27402
Ssfa2,25.01188,24.52187,23.36319,24.52187
Asun,23.77173,22.82943,22.30499,22.82943
Zfp644,20.55347,16.87436,19.50766,19.50766
Mab21l1,16.24057,,,16.24057
Pou3f1,,20.72933,19.3898,20.059565
Ankrd11,20.63848,19.60858,18.80552,19.60858
Fgd1,23.06116,22.59987,21.61831,22.59987
Gpn2,23.86769,22.65842,21.26431,22.65842
Echdc3,25.47358,24.95287,24.76658,24.95287
Nrcam,,,,
Gtpbp2,20.5682,,20.13759,20.352895
Pdgfra,22.5341,14.10009,18.91797,18.91797
Gbp2,28.59562,27.16988,27.07979,27.16988
Pm20d1,23.53362,21.69566,21.41571,21.69566
Sox10,19.5474,21.91463,20.41411,20.41411
Mrpl33,24.39192,24.30591,24.24627,24.30591
Hist2h2ac;Hist2h2aa1;Hist1h2al,20.01414,19.26293,22.62473,20.01414
Heatr5a,22.87183,21.7725,21.48513,21.7725
Fam217b,,,,
Kiaa1429;1110037F02Rik,22.46546,22.00891,20.93711,22.00891
Stac2,,19.85396,22.10095,20.977455
Srcin1,20.86748,20.18217,18.16658,20.18217
Magee1,21.61652,21.18041,18.97497,21.18041
Syndig1,21.52186,20.46014,19.57352,20.46014
Mrpl30,27.00742,25.50048,25.9614,25.9614
Zmym4,22.7857,21.95784,21.77189,21.95784
Tubgcp6,22.13812,20.33451,19.71482,20.33451
Zfp871,20.31041,16.73714,19.66244,19.66244
Pex13,23.0232,24.14911,23.67023,23.67023
Pex11b,24.84981,22.03355,22.68102,22.68102
Cand2,25.55435,24.92524,24.57957,24.92524
Uba7,25.04714,24.59087,23.87371,24.59087
Syvn1,25.60504,18.57345,22.42997,22.42997
Fbxo11,20.96508,20.44304,19.55519,20.44304
Ambra1,19.50891,17.79773,17.42029,17.79773
Kcnc2,,,,
Kif26b,16.2584,,,16.2584
Cfh,20.21383,19.59396,18.9396,19.59396
Slc3a2,22.82301,,22.2038,22.513405
Exosc5,25.73586,24.96499,25.04231,25.04231
Cep350,21.49145,20.91225,19.39749,20.91225
Wdr33,24.13743,23.20389,22.26253,23.20389
Slc16a2,28.04609,27.01924,26.14332,27.01924
Mdm1,24.51292,22.79988,23.49887,23.49887
Dhrs13,23.49607,22.18117,22.79422,22.79422
Helb,20.01031,20.13884,18.79119,20.01031
Serpina3n,26.09386,24.2981,22.93341,24.2981
Mgat2,25.10825,23.38232,23.6156,23.6156
Znf385b;Zfp385b,,,,
Hopx,19.57637,,,19.57637
Cox17,23.39989,24.14655,,23.77322
Znf143,23.04582,22.03245,21.55272,22.03245
Dbr1,23.92642,22.86301,23.71952,23.71952
Rel,23.64724,22.306,22.90569,22.90569
Slitrk4,21.23532,18.82423,17.80562,18.82423
Mpv17,27.0591,25.67177,26.02713,26.02713
Timp2,25.74627,25.24703,25.4623,25.4623
Trmt1l,24.40788,23.05833,22.97733,23.05833
Fgfr2,,,,
Ap4b1,21.62912,17.27549,20.80207,20.80207
Spock3,,19.92631,21.18065,20.55348
Naa16,19.6499,18.92515,20.22506,19.6499
Abcc9,,,,
Mvk,,,,
Wdr55,,21.82827,22.66154,22.244905
Asap2,,19.01849,17.53761,18.27805
,23.66156,22.63759,21.22276,22.63759
Ptp4a3,,,,
Mtif3,24.6887,23.89514,24.13579,24.13579
,25.57491,25.66617,25.92137,25.66617
Hebp2,22.19165,22.52339,21.60123,22.19165
Tmem126b,25.42069,24.71413,25.03263,25.03263
Ankrd27,22.08122,20.85643,20.56281,20.85643
Zbtb21,21.82139,21.57519,20.837,21.57519
Mrc1,21.98092,20.48277,19.30263,20.48277
Clstn2,,18.97659,21.35472,20.165655
Tmem165,27.55582,26.318,25.40912,26.318
Vimp,27.31467,26.62895,26.30859,26.62895
Psmg4,25.7257,24.61779,25.13829,25.13829
Pex1,20.74854,19.52547,20.36944,20.36944
Tfeb,24.96318,23.7063,22.72061,23.7063
Men1,23.91762,22.46431,22.87895,22.87895
Pex6,22.25058,20.81057,21.84,21.84
Nrip3,,,,
Zbtb18,21.83441,20.00374,,20.919075
Psmg3;Gm26938,26.77568,25.33323,25.793,25.793
Fbxo4,24.82774,23.28884,23.86985,23.86985
Crtc3,26.48705,25.97729,25.72338,25.97729
Pvr,27.40795,26.12819,26.24596,26.24596
Ppp1r18,26.89689,26.1461,25.68011,26.1461
Mif4gd,25.20449,24.4872,24.70546,24.70546
Ccdc97,23.47667,22.19686,22.25923,22.25923
Acvr2a,,,17.24414,17.24414
Nfic,24.12013,22.31429,22.24412,22.31429
Col15a1,24.35964,23.15626,20.5382,23.15626
,20.70303,19.96804,18.62948,19.96804
,22.44897,21.50741,21.66761,21.66761
Crybb1,,,,
Ppp4r1,24.35837,23.42047,22.71936,23.42047
Nfkbib,23.857,23.74561,23.76162,23.76162
Wdr66,25.16296,24.10988,23.88762,24.10988
Prickle1,20.03845,18.87987,20.16226,20.03845
Nol9,23.0696,22.81796,21.86597,22.81796
Uggt2,24.07235,24.00727,22.26985,24.00727
Nadk,25.90507,23.47494,25.40636,25.40636
Mcm6,23.83836,22.25707,22.46732,22.46732
Prkcq,19.48399,15.25348,19.06555,19.06555
Thbs4,20.49833,,,20.49833
Pafah2,24.79665,23.80114,23.66568,23.80114
Slc38a10,24.83137,23.89624,23.24023,23.89624
4933434E20Rik,22.46595,,22.47694,22.471445
Rab28,26.48671,24.93966,26.18206,26.18206
Kcnq3,,,,
Hhatl,23.12046,,,23.12046
Snx19,19.23177,,,19.23177
Panx2,,,,
,24.68843,25.34361,25.73053,25.34361
Zfp655,20.81206,21.8826,20.63414,20.81206
Zfand1,24.27987,24.72135,24.51292,24.51292
Lztr1,19.41338,20.77892,21.08803,20.77892
Wdr60,24.23564,23.12032,22.75931,23.12032
Tmem246,22.99217,21.63998,20.59487,21.63998
Capzb,28.05409,27.0026,26.80538,27.0026
Foxk1,24.86929,24.00153,24.39885,24.39885
Pkd2,25.17108,23.91907,23.80519,23.91907
Hmox1,27.6354,27.48953,27.02855,27.48953
Smarcd2,22.7124,22.22941,22.95388,22.7124
Ifit2,26.32246,25.2906,25.47896,25.47896
Lpcat2,24.72458,23.76991,23.35165,23.76991
Jag1,22.91183,23.22656,22.33183,22.91183
Heatr6,21.70147,21.78189,20.65648,21.70147
Mblac1,24.10374,25.3455,24.68619,24.68619
Brinp3,,,,
Herpud2,21.1175,20.39341,20.03106,20.39341
Nsa2,24.25342,24.60891,26.04754,24.60891
Tmem106a,22.13254,25.23173,22.04647,22.13254
Phyh,24.18018,23.80183,23.57196,23.80183
Tmem200a,,,,
Afap1,26.18722,25.63503,25.40746,25.63503
Pnkp,26.39169,26.30603,26.43733,26.39169
Ifnar2,,19.08535,,19.08535
Pop1,22.74049,23.52588,23.03718,23.03718
Hectd2,22.1403,17.66324,16.27843,17.66324
Bcl11a,,20.80939,,20.80939
Mat2b,24.09571,22.53407,,23.31489
Edem3,23.84345,22.20332,21.95248,22.20332
B4galnt1,20.06592,,,20.06592
Frmpd3,,,,
1110004E09Rik,23.64097,23.14957,22.89297,23.14957
Tada3,23.4716,23.31797,23.14032,23.31797
Znf536,20.21169,20.44192,19.1167,20.21169
Chrna4,16.56006,,,16.56006
Polr3d,24.12092,23.18138,24.14141,24.12092
Hat1,25.25641,23.36813,23.8226,23.8226
Vps13b,18.43123,13.73355,,16.08239
Scaf4,25.30184,23.59639,23.91825,23.91825
Renbp,27.30635,26.51797,26.84637,26.84637
Sptlc2,26.35622,24.61453,26.22969,26.22969
Hook2,15.79637,19.08358,19.65706,19.08358
Ppig,25.40295,24.99425,24.65349,24.99425
Zfp37,21.81292,21.86231,,21.837615
Rdh5,26.98392,25.60309,25.42329,25.60309
Cdc34,22.93067,20.68629,23.42265,22.93067
Bod1,,,,
Yipf5,27.80366,27.61281,25.02162,27.61281
Lrfn3,17.98682,,,17.98682
0610010K14Rik;Bap18,26.49427,25.18794,25.24753,25.24753
Abhd17a,,19.37945,,19.37945
Stox2,,18.19345,,18.19345
Trak2,21.33107,20.16889,19.8689,20.16889
Zdhhc3,,22.1594,21.6114,21.8854
Bhlhe22,,20.13308,17.80429,18.968685
Ifit3,27.19122,26.51126,26.48461,26.51126
Etl4,,,,
Man2a1,23.92958,22.27736,22.57612,22.57612
Morf4l2,24.48536,22.42806,23.02744,23.02744
Nkap,21.07058,,21.42511,21.247845
Mcrs1,20.23876,22.35684,22.26619,22.26619
Senp3,23.65862,23.35756,22.38316,23.35756
Pdlim3,25.52666,24.15174,23.11506,24.15174
Fbxl17,21.85483,21.36869,21.78987,21.78987
Kcnj2,,,,
Nr3c1,25.51156,23.70599,23.51316,23.70599
Emilin1,26.50653,25.00945,23.95722,25.00945
Ifi35,27.65806,24.75679,23.51893,24.75679
Mrpl27,24.30939,23.96877,23.95225,23.96877
Ttf2,21.07842,20.15252,20.24991,20.24991
Tbc1d25,21.36986,20.01604,20.21157,20.21157
Fa2h,,,,
Ldhd,27.18386,25.32858,25.45076,25.45076
Rragd,23.87858,23.82862,23.50069,23.82862
Zfyve26,23.15255,20.30017,20.75475,20.75475
Qtrt1,26.02168,25.48545,25.84506,25.84506
Nle1,23.85871,22.85835,23.93625,23.85871
Braf,23.68078,22.36279,22.71072,22.71072
Rpia,26.7758,25.7718,26.34704,26.34704
Mmp14,22.14858,21.25194,22.77966,22.14858
Mzt2,26.25926,24.85486,25.74127,25.74127
Gga2,24.44947,23.11243,23.75501,23.75501
Bcl10,25.77894,24.08424,24.95105,24.95105
Cntrob,,,,
Nol6,23.80134,22.84797,22.83405,22.84797
Mtdh,,18.44791,,18.44791
Med10,20.70295,20.96993,19.81196,20.70295
Tyw1,23.54251,23.20108,23.01969,23.20108
Plekha3,20.08861,20.59304,20.98683,20.59304
Gemin6,23.95065,23.82474,23.95881,23.95065
Glra1,,,,
Mad2l1,25.51295,24.51779,24.71905,24.71905
Ralgapa2,20.73032,23.28178,24.26205,23.28178
Nap1l2,,18.20963,,18.20963
Cspp1,22.59113,22.05394,21.67994,22.05394
Zgpat,23.80292,22.12373,21.32317,22.12373
Fkbp7,25.13108,23.88465,24.51755,24.51755
Rpl37,27.92349,29.49876,29.79549,29.49876
Nuak1,21.30106,20.64799,19.88681,20.64799
Retsat,21.434,22.50232,22.03275,22.03275
Alkbh6,22.60096,22.28193,21.86756,22.28193
Cda,24.22236,24.66384,24.94181,24.66384
Fam118b,22.91825,22.75794,22.62674,22.75794
Bcar3,21.26717,20.65491,20.15388,20.65491
Nfyc,25.36229,26.08908,23.30911,25.36229
Scap,24.43593,23.91342,20.36912,23.91342
Tdg,22.86456,21.47041,22.99104,22.86456
Fkbpl,23.98737,22.50903,23.84508,23.84508
Inpp5e,20.84322,20.53706,20.24922,20.53706
Gpsm2,20.67245,18.17626,,19.424355
Ptprd,,,,
Zak,26.21423,25.5657,25.69365,25.69365
Ccdc167,25.2133,24.4883,24.17661,24.4883
Ubr5,24.1958,22.25234,22.05441,22.25234
Rc3h1,22.42152,21.14071,20.54642,21.14071
Dcx,18.67048,24.72983,27.68739,24.72983
Dennd4c,25.31462,24.43001,24.48769,24.48769
Prr12,22.71039,21.05444,17.87442,21.05444
Lcat,22.40007,17.85111,20.77137,20.77137
Siae,25.35988,24.37199,24.39833,24.39833
Usp16,22.66171,20.65709,19.33865,20.65709
Tmem51,,,,
Dffa,22.00165,20.03308,22.72372,22.00165
Bloc1s4,24.39375,24.40607,23.81372,24.39375
Kank1,24.74858,23.88138,23.84719,23.88138
Lynx1,22.63777,,21.95656,22.297165
Carns1,20.56179,,,20.56179
Pou3f2,25.09043,25.60023,24.76785,25.09043
Mex3d,22.84986,20.68072,20.19568,20.68072
Tradd,26.78419,24.93112,25.4223,25.4223
Pik3r5,,18.49568,24.63959,21.567635
Ddx60,19.14731,,17.44443,18.29587
Rcor2,21.15888,18.43965,,19.799265
Hpx,23.62734,20.55796,19.22124,20.55796
Mtcl1,,,,
Cyhr1,22.47355,21.47244,23.55602,22.47355
Gpbp1,22.40639,21.13877,22.35944,22.35944
Plek,26.23748,25.47692,24.38172,25.47692
Rrs1,25.75621,26.16327,25.59292,25.75621
Rnf185,,,,
Cyp4x1,,,,
Nrbp1,23.86495,21.97635,23.33933,23.33933
Samd4a,26.40609,26.14868,25.54454,26.14868
Lipt1,23.62634,21.27293,21.23725,21.27293
Ndn,23.39192,20.30952,20.28139,20.30952
Epha6,,,,
Igsf6,,21.79947,21.58389,21.69168
Smpd4,25.74771,24.87436,24.58955,24.87436
Aim2,,17.88453,,17.88453
Btbd1,20.58141,19.93733,22.33413,20.58141
Smarca1,21.72825,24.15692,24.24467,24.15692
Fmn1,19.79492,21.93557,20.93012,20.93012
Igf1r,24.14063,23.71072,22.97738,23.71072
Pdf,24.56877,23.43441,23.68678,23.68678
2010300C02Rik,,,,
Chchd1,25.01385,24.79213,23.98233,24.79213
Cnot6,22.34989,21.67068,21.42378,21.67068
Tmem181a,,23.6381,23.73882,23.68846
Kti12,22.48893,22.72276,21.85593,22.48893
B4galt7,,20.40468,16.4112,18.40794
Sytl5,,,,
Dnajc28,21.66036,21.78041,21.58183,21.66036
Igf2bp3,25.31621,23.55824,24.10925,24.10925
Kif1c,25.20363,22.71967,22.59521,22.71967
Tbc1d22b,21.60254,20.1488,20.13483,20.1488
Phf8,22.6513,21.36896,21.94396,21.94396
1110051M20Rik,24.14445,23.40639,23.06521,23.40639
Clk3,21.04473,20.85293,19.7189,20.85293
Ints10,23.5128,23.34164,22.69863,23.34164
Atat1,,,,
Map2,22.40078,17.12202,17.81466,17.81466
B630019K06Rik,,,,
Trim21,21.40182,19.45228,,20.42705
Rab20,,20.83322,17.06455,18.948885
Lum,,21.39556,23.13165,22.263605
Tmem178a,,,,
Yipf3,25.55151,23.84105,24.26026,24.26026
Tspan14,21.9648,24.62584,27.03339,24.62584
Ahdc1,22.32518,21.53545,20.87343,21.53545
Gpr17,,,,
Pak6,,,,
Zfp532;Znf532,19.74286,17.98726,19.01917,19.01917
Ssbp2,,,19.8774,19.8774
Irak1,23.75705,22.43898,21.88084,22.43898
Ehd2,26.66655,26.05693,25.57724,26.05693
Flrt1,,18.10329,,18.10329
Rcl1,23.25422,23.3002,23.37544,23.3002
Ift20,,22.29182,22.99269,22.642255
Cep250,21.49306,21.45578,19.59237,21.45578
Ifih1,23.66492,22.14174,22.95679,22.95679
Cyp7b1,22.44837,21.43079,20.07326,21.43079
Cyp4f16;Cyp4f37,22.2362,20.26155,19.93157,20.26155
Fam122a,24.80445,23.1495,23.61571,23.61571
Mvb12a,25.80477,25.52716,25.99899,25.80477
Zmym2,23.34422,21.59792,21.61513,21.61513
Parp10,21.50766,22.53761,21.95603,21.95603
Wdfy2,24.72822,24.40568,23.65152,24.40568
Clec12a,19.01329,18.02605,,18.51967
Pla2g4a,25.25814,24.80759,26.91194,25.25814
Atp7a,24.54893,21.99234,22.24007,22.24007
Hfe,23.526,21.75719,22.06822,22.06822
Ell,21.67599,20.9105,21.99144,21.67599
Kiaa0195,21.38969,21.37549,20.6826,21.37549
Elmod2,22.63956,23.82221,23.37531,23.37531
Zfyve16,24.51057,22.58893,23.07633,23.07633
Med12,21.41431,20.79225,21.4226,21.41431
Nudt14,26.24265,25.86682,25.74119,25.86682
Pus10,22.8672,22.97498,23.35891,22.97498
Pde5a,20.55375,,,20.55375
Kin,,19.34427,19.25728,19.300775
Crhbp,,,,
Rai1,22.70731,21.60973,21.06704,21.60973
Oard1,22.91678,22.88387,23.60738,22.91678
Kcnd1,,,,
Grin3a,,,,
Rgl3,22.8599,21.95532,21.33968,21.95532
Abcg4,,,,
Dennd2a,25.86356,24.99131,24.63611,24.99131
Fbxl8,21.86087,21.85388,21.93449,21.86087
Trak1,22.35334,21.34495,21.53564,21.53564
Reln,17.59543,17.72594,18.30528,17.72594
Utp3,24.80823,23.83759,23.47469,23.83759
Lgals3bp,28.42382,27.91211,28.12154,28.12154
Cxxc1,21.65211,22.67489,20.74575,21.65211
Emr1,21.89674,23.32003,19.35191,21.89674
Myo7a,23.90995,22.78159,23.00638,23.00638
Fam206a,25.22129,24.34422,24.37643,24.37643
Tmbim1,23.1755,22.97661,22.78109,22.97661
Cntn5,,17.59572,17.14838,17.37205
Pard6b,24.10693,22.78867,19.60032,22.78867
Wdr36,24.81196,23.88493,23.91689,23.91689
Npr2,23.16716,21.50349,20.72009,21.50349
Steap3,26.8896,24.466,24.05209,24.466
Fzd1,19.86974,20.27002,17.57378,19.86974
Dnajc18,21.98061,19.36414,19.8112,19.8112
Ogfod3,23.61065,22.5491,22.55583,22.55583
Gh1,,19.28358,19.12156,19.20257
Rgcc,26.02314,24.75195,24.97351,24.97351
D17Wsu92e,,21.38969,21.60923,21.49946
Rsph1,27.16356,27.42029,26.22081,27.16356
Sik2,22.35695,22.10674,21.28737,22.10674
Smyd4,20.83484,19.46398,19.74593,19.74593
Scmh1,21.00662,,,21.00662
Snx10,24.24111,21.19075,22.00741,22.00741
Far1,24.37855,22.66978,22.4534,22.66978
Gid4,22.79852,22.86244,22.45347,22.79852
Ctdspl,,,,
Mpnd,21.37804,,20.71666,21.04735
Gtpbp8,23.56221,23.27085,23.91123,23.56221
Antxr1,24.34361,23.00079,22.81035,23.00079
Alas1,17.82009,20.685,20.39853,20.39853
Ccser2,22.83014,21.50189,21.32345,21.50189
Polr2l;Gm10774,20.34082,24.61313,25.69901,24.61313
Mcur1,24.91178,22.41077,23.87436,23.87436
Arhgap18,26.04539,25.37003,24.7604,25.37003
Inip,20.68765,19.39933,21.08654,20.68765
Gstt2,21.26757,20.46533,,20.86645
Igsf11,27.64238,26.53743,26.69763,26.69763
Gtf3c5,26.00843,24.59121,24.99075,24.99075
Paqr6,,,,
Fkbp14,24.54834,25.09269,24.34989,24.54834
Znf24,23.32416,23.57785,25.2081,23.57785
Irf8,17.62307,18.7957,21.3783,18.7957
Cnot8,24.27042,22.44337,24.44386,24.27042
Plcxd2,,24.1059,,24.1059
Usp40,23.01873,21.99917,21.31108,21.99917
Gng10;Gm20503,,,,
Sirt1,21.92343,21.09738,22.15558,21.92343
Trex1,22.46209,19.33529,19.84965,19.84965
Clec2d,,,,
Mgst1,30.92818,29.3987,30.03879,30.03879
Ino80,20.23573,18.9512,19.92932,19.92932
Stk10,23.0662,23.00091,22.52409,23.00091
Camk2n2,,,,
Tbc1d2b,24.45086,23.54416,23.36906,23.54416
Tubgcp5,19.83396,19.30779,19.2105,19.30779
Dram2,18.56127,,22.06766,20.314465
Clic5,26.65772,,,26.65772
Kdm5b,20.07796,20.6868,19.39929,20.07796
Xylt2,18.91625,19.56601,14.24785,18.91625
Ankrd12,,,,
Dusp14,23.75949,20.74214,23.49741,23.49741
Rnf146,21.84564,21.41962,21.13383,21.41962
Eed,22.9461,22.02201,22.62819,22.62819
Gemin2,23.09949,22.00402,20.59049,22.00402
Pnma3,,,,
Cep135,23.82104,23.22579,22.92848,23.22579
Zcchc11,23.92307,23.45576,22.94534,23.45576
Fhod1,24.48591,22.95764,22.55882,22.95764
Aox1,24.38647,23.78247,23.75532,23.78247
N4bp3,21.19683,19.75763,17.33473,19.75763
Znf385a,20.22612,,,20.22612
Cln5,23.76203,23.65709,23.68217,23.68217
Xrcc6bp1,21.65801,20.78931,20.47586,20.78931
Mcm4,23.19511,22.66499,22.52774,22.66499
Nol10,21.50901,20.06855,20.90404,20.90404
P2rx7,24.28447,23.89754,23.58864,23.89754
Ndst2,23.55063,,18.81341,21.18202
Igsf3,22.00192,22.13784,20.43847,22.00192
Abca9,22.22908,19.64234,20.75516,20.75516
Cyb5d2,25.12471,23.82716,24.39552,24.39552
Polr1a,22.40348,20.87897,20.48964,20.87897
Nckap1l,25.5983,23.69296,23.34042,23.69296
Ctdsp1,26.78992,24.2012,25.12076,25.12076
Ndor1,22.51581,20.42049,23.13287,22.51581
Tlk1,22.4139,22.79941,22.23891,22.4139
Smim20,26.84709,23.59252,26.23486,26.23486
B4galt3,,,,
Dlgap4,22.24235,20.00168,21.1841,21.1841
Mtf2,,16.2643,,16.2643
Thada,23.54581,23.21525,22.95576,23.21525
Fut9,18.43758,,15.85677,17.147175
Recql,22.87562,23.1414,23.22012,23.1414
Nphp4,21.69681,20.27287,20.72925,20.72925
Agpat2,23.04206,21.09217,22.42885,22.42885
Armcx4,19.43327,15.85664,16.6615,16.6615
Wdr26,,,,
Igfbp4,,,,
Ctcf,24.71984,23.09267,24.52361,24.52361
Rnasel,20.36944,22.3545,19.42185,20.36944
Osbpl5,24.35917,23.8098,23.12794,23.8098
Pkp4,,19.71601,,19.71601
Slc29a1,,17.45024,,17.45024
Trim25,25.51304,24.81885,23.77274,24.81885
Rbfa,22.11893,23.84105,20.16202,22.11893
Trim35,23.57184,23.85281,22.1527,23.57184
Sec24d,27.75793,27.61041,27.1813,27.61041
Kmt2d,18.3711,16.42815,20.00154,18.3711
Ahnak2,23.42867,21.77266,22.5958,22.5958
Kifc2,,,,
Cck,22.65513,23.78736,21.7496,22.65513
Cstf2,,21.88058,,21.88058
Anapc10,24.53184,19.82596,,22.1789
Fam13b,17.22364,,,17.22364
Vangl1,20.25937,22.32229,19.51647,20.25937
Atxn7l3b,28.15253,26.76395,28.59921,28.15253
Art3,,,,
Gdpd5,22.74431,20.51922,20.01059,20.51922
Zfp384,21.68337,18.98223,21.58651,21.58651
Calcrl,,,,
Il18,25.17653,25.49799,21.89541,25.17653
Sphk1,,21.61594,,21.61594
Arhgef17,,,,
B4galnt4,16.41922,17.99739,17.37356,17.37356
Phykpl,23.4086,22.16782,22.56046,22.56046
Slc5a6,,20.24899,21.5683,20.908645
Gm16039,26.09166,25.54129,24.89601,25.54129
Uxt,24.52916,21.67599,24.98207,24.52916
Ppcdc,22.10728,19.88654,22.45212,22.10728
Spty2d1,20.66839,,19.04001,19.8542
Trmt2a,24.82454,23.50446,23.84976,23.84976
Nav3,,18.0419,18.92326,18.48258
Mcm3,23.52564,22.51251,21.83453,22.51251
Large,20.77973,20.14495,19.49974,20.14495
Igfbp6,,,,
Dhrs11,26.05608,26.10586,26.22843,26.10586
Tmem41b,24.04185,23.98181,22.0549,23.98181
Pdcd11,25.00547,25.11164,25.03565,25.03565
Pstpip2,,20.89371,,20.89371
Mpg,,20.27116,22.17057,21.220865
Cul7,22.72528,20.93222,20.66214,20.93222
L3mbtl3,18.28731,18.69323,17.97578,18.28731
Kcnj12,,,,
Ccdc40,24.95598,24.45945,23.91278,24.45945
Slc18a3,,,,
Snx29,22.43352,21.79396,21.72925,21.79396
Pdp2,24.94288,24.67605,24.2967,24.67605
Romo1,27.3424,26.40708,25.77573,26.40708
Ddx39a,21.15949,20.65473,19.65459,20.65473
Dock2,24.92665,22.85007,22.07264,22.85007
Phf20l1,18.05733,16.24033,17.97006,17.97006
Alg1,24.73107,23.73293,23.69583,23.73293
Cpsf3l,22.95637,22.20036,21.72746,22.20036
Yy1,24.91196,25.37016,25.5137,25.37016
,21.65294,21.13119,21.9036,21.65294
Ttc13,22.83314,20.84153,20.67116,20.84153
Raf1,24.73743,23.41506,23.87568,23.87568
Elmsan1,24.32553,21.47358,22.49697,22.49697
Celsr3,23.53279,22.85268,23.30841,23.30841
Chsy1,20.18386,20.04473,17.72287,20.04473
Rbm28,24.97229,23.94476,24.29151,24.29151
Rnd2,,18.33586,,18.33586
Cep120,21.8252,20.23339,21.70231,21.70231
Ndnf,17.75877,19.65868,18.46854,18.46854
Zcchc14,20.63227,,18.72574,19.679005
Bace1,16.74832,23.49997,19.78242,19.78242
Nop14,23.19304,22.91169,22.53566,22.91169
Mtfmt,21.53308,18.84426,,20.18867
Mbd1,,20.36741,24.94962,22.658515
Gpnmb,25.66186,24.15043,24.11617,24.15043
Fam219a,,,,
Lzts2,23.76618,21.72721,22.24211,22.24211
Utp14a,24.15019,23.36453,24.04976,24.04976
Wdr46,25.97786,25.82573,26.43609,25.97786
Atp9b,22.57904,23.35662,21.96951,22.57904
Zic2,,20.31551,,20.31551
Arg1,25.39931,20.12578,22.86215,22.86215
Fem1b,22.21697,22.56204,22.46971,22.46971
Dfnb31,17.13581,,,17.13581
Haghl,,,,
Dgcr2;Gm20518,19.11108,,,19.11108
Tmpo,22.2103,23.28856,22.45759,22.45759
Trpm7,22.6709,20.96091,20.84843,20.96091
Cry2,20.81495,,,20.81495
Psmb8,27.26455,26.62533,26.08168,26.62533
Leng8,23.52862,23.49777,23.77555,23.52862
Ttc28,24.40814,23.8589,23.76111,23.8589
Adipor1,24.60439,22.40145,21.43558,22.40145
Als2cl,20.68115,19.63697,17.81853,19.63697
Arap3,20.48355,20.24609,22.68168,20.48355
9230110C19Rik,26.81958,26.1223,25.81262,26.1223
Cacfd1,23.28602,23.97727,24.50972,23.97727
Nol11,23.39034,22.14625,22.63848,22.63848
Capg,30.89959,30.19425,30.4173,30.4173
Pno1,23.60501,24.44228,24.99027,24.44228
Pon3,25.76317,24.72041,25.05432,25.05432
Abtb2,22.87532,22.63907,20.9307,22.63907
Dera,25.02196,24.08018,24.11704,24.11704
Faxc,,,,
Sharpin,,,,
Lonrf3,,,17.37492,17.37492
Gas6,23.15018,22.82863,21.9844,22.82863
Ftsj3,25.328,24.78711,24.80577,24.80577
Shroom4,20.54378,17.90889,18.58809,18.58809
Eomes,,16.57184,,16.57184
Casq2,,22.16045,,22.16045
Tgfb1i1,24.52307,22.9412,23.01388,23.01388
Qsox1,21.06224,16.13019,18.31986,18.31986
Csl,21.07509,,,21.07509
Cct6b,23.91452,24.92696,25.38462,24.92696
Mcm7,23.70525,22.41232,21.3154,22.41232
Smpx,23.17682,,,23.17682
Znf22,26.34797,25.43892,26.17205,26.17205
Cybb,21.44288,22.27401,21.80998,21.80998
Fam163b,,,,
Nt5dc2,23.06676,22.63633,21.5559,22.63633
Exosc9,22.6319,24.43676,24.51617,24.43676
Tifa,23.78497,23.59912,22.90358,23.59912
Abi3,22.12981,22.07744,22.68893,22.12981
Tmem151a,,,,
Lrrc14,23.08529,22.51152,20.69583,22.51152
Ddx58,26.71293,25.50709,25.83453,25.83453
Sema6a,22.17423,22.1724,20.97085,22.1724
Tut1,21.31136,18.82018,20.31141,20.31141
Lsg1,22.39286,22.32619,22.72428,22.39286
Rabac1,27.09285,25.84974,26.03461,26.03461
Tmem109,24.86226,24.19955,25.48222,24.86226
Zc3hav1,22.62107,21.97729,22.06289,22.06289
Fibcd1,,20.76174,19.31055,20.036145
Klhdc7a,19.5937,,18.09795,18.845825
Ptprc,24.9088,23.97378,23.83884,23.97378
Lsp1,26.28337,25.78786,25.59844,25.78786
Cc2d2a,23.8691,23.00374,22.81568,23.00374
Snx24,24.01308,21.06237,22.64172,22.64172
Otud3,,16.9807,15.97623,16.478465
Manba,24.57525,23.81245,23.60942,23.81245
Kiaa0226;1700021K19Rik,20.45041,20.88122,21.91339,20.88122
,18.94815,,23.74581,21.34698
Slc30a6,21.57699,23.81176,23.69424,23.69424
Upf3a,21.14215,20.55544,19.98078,20.55544
Camsap3,,,,
Cyp4f14,22.429,,,22.429
Tapbp,23.86212,24.33224,24.21201,24.21201
Hmgn3,19.3811,21.73314,25.82898,21.73314
Rnf135,22.98492,20.40291,18.58685,20.40291
,,,,
Klhdc4,24.09039,23.57485,23.19345,23.57485
Zdhhc21,,,,
Pigm,20.94342,21.57879,20.9307,20.94342
Myh7b,,22.02709,22.35456,22.190825
Selh,28.58957,27.84152,29.44652,28.58957
Samd12,22.25165,,,22.25165
Kcnip1,,,,
Peli1,,19.6729,22.01852,20.84571
Parp9,23.94913,23.34706,22.57971,23.34706
Tbxas1,22.15845,20.50184,,21.330145
Fli1,,,,
Rpl7l1,23.56848,23.79867,25.18556,23.79867
Kdm5c,20.02756,22.08547,22.21336,22.08547
Ccdc102a,26.09088,25.27459,24.62399,25.27459
Ddx56,21.41978,24.61336,21.84717,21.84717
Pex7,23.87211,24.20165,23.54922,23.87211
Usp28,21.93535,19.98663,20.73165,20.73165
Tnfaip8l2,24.70799,19.99466,22.04367,22.04367
Mrps36,,24.81602,24.514,24.66501
Arid2,20.25327,21.10476,21.22193,21.10476
Shprh,19.94978,19.16145,17.71867,19.16145
Fcgr2,25.61425,24.34245,23.75471,24.34245
Med11,,20.79654,23.94324,22.36989
Hspb11,27.77944,27.66939,27.95155,27.77944
Rhebl1,,,,
Parp12,24.94257,23.36866,22.87427,23.36866
Hmha1,22.40668,22.40816,21.35987,22.40668
Malsu1,20.96317,19.21031,21.38137,20.96317
Cebpb,25.71563,22.5906,,24.153115
Tm9sf1,24.16814,23.60026,23.7543,23.7543
Unkl,21.30758,19.98579,19.1081,19.98579
Tvp23b,24.03591,23.37901,22.96644,23.37901
Klc3,25.36933,24.51376,23.60659,24.51376
Rnaseh2b,23.68817,21.01318,22.58327,22.58327
Gsdmdc1,23.46326,22.33691,17.92955,22.33691
Rangrf;Gm10355,,17.67549,,17.67549
Xkr7,17.95617,21.66275,20.79559,20.79559
Ifi47,24.69636,22.59231,23.42227,23.42227
Drc1,23.43593,23.0755,22.41258,23.0755
Krr1,25.59349,23.67788,23.89994,23.89994
Ift43,26.25634,25.64631,25.98668,25.98668
Phf21a,20.33571,19.23479,20.73546,20.33571
Zfp62,20.81104,20.91254,20.78963,20.81104
Cryba4,,,,
Rab3il1,25.0599,24.19596,23.46501,24.19596
Kif20b,16.9817,14.09457,,15.538135
Zcchc12,,,,
Gle1,24.00659,22.6338,23.0167,23.0167
Arl4c,25.69678,24.04743,24.4379,24.4379
Naglu,28.12011,27.37219,27.56885,27.56885
Ptgfrn,22.81478,22.19475,23.20241,22.81478
Mcm2,25.82449,22.94015,22.2331,22.94015
Itga4,19.84749,,19.37573,19.61161
Omp,16.94969,,,16.94969
Cluap1,26.04239,24.58927,25.31486,25.31486
Bcl11b,,18.57839,20.06065,19.31952
Celf3,22.6143,,,22.6143
Tfap2a,,,,
Xpc,22.27022,22.22967,22.68752,22.27022
Edem2,21.74731,22.16306,18.39766,21.74731
Fnbp4,23.79778,22.27324,22.16033,22.27324
Itga5,26.37377,25.10125,25.56494,25.56494
Cald1,27.55025,27.36269,27.11038,27.36269
Rab32,26.61498,25.99479,25.73412,25.99479
Arhgap6,21.64011,16.57789,20.42327,20.42327
Sema3e,20.22635,17.74399,,18.98517
Trim24,19.54436,21.01862,18.7512,19.54436
Igf2bp2,26.34861,25.65198,25.29039,25.65198
,,,,
Soat1,24.33231,23.44481,23.82503,23.82503
Prkdc,20.12338,19.51753,19.44115,19.51753
Dcn,22.60089,20.45654,,21.528715
Apbb1ip,23.68795,22.5172,23.37398,23.37398
Ptpn13,26.1035,24.82808,24.63428,24.82808
Rrp1b,22.66917,24.32279,22.35984,22.66917
Zfpm2,,,16.45287,16.45287
Tap1,24.34618,23.70746,23.9619,23.9619
S100a5,,,,
AU019823,22.87723,19.93017,21.40276,21.40276
Tcirg1,27.26329,25.51785,25.96168,25.96168
Ifit1,27.94726,25.89636,25.95176,25.95176
Psmb10,24.78157,23.53481,25.50285,24.78157
Lgals9,25.3837,20.41782,17.7957,20.41782
Pyroxd2,27.93725,26.23145,25.75039,26.23145
Nop2,25.27828,25.49271,26.55089,25.49271
Pex10,23.47519,22.35791,22.08537,22.35791
Gpc2,,17.83806,,17.83806
Cd84,24.10797,21.60616,21.28382,21.60616
Ncapd2,21.62685,19.48302,19.86408,19.86408
Gpn1,26.16459,24.99749,25.70986,25.70986
Pphln1,,20.65395,23.83702,22.245485
Ap5z1,23.46463,22.6268,21.81902,22.6268
9930111J21Rik2,19.51663,21.2912,21.5221,21.2912
Gpalpp1,23.6525,23.40976,23.21045,23.40976
Ralgapb,19.37926,20.68346,18.36628,19.37926
Neurod1,,,,
Sipa1,22.87425,22.04197,21.24737,22.04197
Fyb,28.50321,25.85084,26.06231,26.06231
Clasp2,21.86556,18.48243,20.94692,20.94692
Obfc1,25.26385,24.99473,25.13355,25.13355
Thap11,24.37683,21.5344,21.34457,21.5344
Btk,22.82437,20.86423,20.55721,20.86423
Med23,23.2988,20.84245,21.37825,21.37825
Chd7,19.42675,19.8265,18.66823,19.42675
Cdkal1,23.69891,21.37231,21.71632,21.71632
Egr3,,,,
Narf,16.51109,16.00266,16.1604,16.1604
Stab1,22.1004,22.29687,22.06566,22.1004
Pold3,22.3869,23.79442,21.62524,22.3869
Was,23.23983,24.56279,,23.90131
Fzd2,20.90632,21.52148,20.64939,20.90632
Golm1,24.27874,24.22347,24.0264,24.22347
Zmat4,23.10375,23.60693,,23.35534
Ube2e2,,,,
Znf787,,,,
Chd3,19.99452,18.65819,19.08364,19.08364
Msr1,26.10921,25.21882,23.94512,25.21882
C3,28.29083,26.40142,27.30843,27.30843
Dtx3l,24.44815,23.33729,24.50761,24.44815
Tlr3,22.5472,20.81127,18.17104,20.81127
Yap1,28.06255,27.32346,27.0357,27.32346
Srxn1,25.48256,22.67133,24.90426,24.90426
Hrc,,,,
Oasl2,21.00861,18.59813,20.79582,20.79582
Smc2,24.01095,23.19215,22.88619,23.19215
Stat2,25.39604,24.1411,23.52265,24.1411
Ybx3,26.61583,27.3506,27.02179,27.02179
Pan2,21.44773,21.35402,21.24313,21.35402
Ripk1,26.02289,25.401,25.13375,25.401
Ikbip,27.22463,25.80757,26.16404,26.16404
Znf687,21.43878,20.04634,19.79574,20.04634
Wdr75,24.67007,23.7544,23.15392,23.7544
Parp4,23.81167,23.02874,23.74294,23.74294
Top2a,21.41648,20.44253,20.1881,20.44253
Sesn1,23.82211,23.9157,23.16708,23.82211
Ptpn6,26.457,26.26403,26.06809,26.26403
Sema3c,24.50609,24.22383,24.80666,24.50609
Trim67,21.07032,21.49184,22.74349,21.49184
Sash3,20.54783,21.86499,21.85715,21.85715
Pi4k2b,,19.17014,18.71943,18.944785
Ints2,22.36725,23.60365,21.77929,22.36725
Phf14,20.12149,23.27071,16.06521,20.12149
Vezf1,23.54085,23.44556,23.2015,23.44556
Wipf1,24.56296,23.53931,21.83919,23.53931
Galnt7,23.37504,22.97437,22.05553,22.97437
Atad2b,21.68927,22.15224,24.28419,22.15224
Tprn,22.76464,22.11864,22.38937,22.38937
Pik3ap1,22.28996,20.41442,21.42696,21.42696
Cnbp,28.46466,27.8055,28.09713,28.09713
Epha3,,19.13353,17.94889,18.54121
Gla,26.73609,26.04076,25.46301,26.04076
Znf521,18.36038,18.96361,22.21969,18.96361
Hk3,25.56941,22.22703,22.82658,22.82658
Icam1,27.54812,26.10534,26.24913,26.24913
Sgsh,25.9604,24.90076,26.19144,25.9604
Ifi30,20.92875,20.09648,21.29681,20.92875
Slit1,22.01492,19.70058,20.34408,20.34408
Lgals3,32.34114,32.07801,32.03784,32.07801
Lpxn,24.32821,21.73434,23.55215,23.55215
Afap1l2,28.40953,27.3396,27.35565,27.35565
Ing1,23.59889,22.57545,22.2424,22.57545
Xaf1,20.69676,21.20234,22.55239,21.20234
Fermt3,26.97782,25.84568,25.4432,25.84568
Rnf213,25.05163,24.23922,24.09023,24.23922
Acvr1c,,,,
Ugt1a7c,25.75009,25.72977,25.65198,25.72977
,,,,
Gtdc1,22.5647,20.9878,17.91514,20.9878
Stx3,21.98221,19.38724,19.95362,19.95362
Ucp3,,,,
Ncf2,24.89356,24.04785,23.99447,24.04785
Slc25a11,,,,
Adam9,24.21141,22.30675,22.62315,22.62315
Fam168a,26.62073,24.39008,24.48278,24.48278
Dysf,29.68495,28.83626,28.50518,28.83626
Fcrls,22.19794,20.79376,19.72186,20.79376
Zfp219,23.52576,23.19412,22.73754,23.19412
Lrrc61,,,,
Ehbp1l1,22.43601,20.03617,20.73595,20.73595
Tgm1,27.82899,26.84566,26.32201,26.84566
Pold1,22.04323,21.1225,21.11674,21.1225
Tap2,25.0471,23.69008,24.37365,24.37365
Irf5,19.42606,22.20863,22.46201,22.20863
Pik3cd,19.81027,15.61956,18.86952,18.86952
Met,21.02486,20.06105,19.33257,20.06105
Dsp,25.40002,21.6759,23.6672,23.6672
Gvin1,22.53012,21.49047,23.56116,22.53012
Sh3bp4,25.95192,24.91962,24.83677,24.91962
Upp1,23.32375,22.90251,23.68859,23.32375
Mndal,22.51473,19.7377,19.5943,19.7377
Arhgap4,21.91148,19.53016,19.46106,19.53016
Rsph9,26.28382,25.82223,26.05951,26.05951
Trim30a,17.69927,16.72347,,17.21137
Dhx58,20.40624,21.30368,19.54699,20.40624
Tes,24.7686,24.30096,24.51605,24.51605
Lcp2,22.27188,24.77525,22.2064,22.27188
Fcgr1,25.02602,24.00556,20.97785,24.00556
Csf1r,24.34361,25.44597,25.41284,25.41284
Ccdc88b,21.66605,19.23505,21.38669,21.38669
Pld4,24.93944,24.01512,24.66931,24.66931
Parvg,,22.19412,21.89549,22.044805
Avil,24.1876,25.61411,26.45403,25.61411
Siglec1,23.96517,22.93537,23.28207,23.28207
Myo1f,23.3676,20.84184,22.93919,22.93919
Abcd1,24.565,22.66353,22.3095,22.66353
Man2b2,27.13809,27.04895,27.23489,27.13809
Rasal3,19.76306,19.48324,20.10776,19.76306
Nfatc2,23.04595,20.35068,19.8569,20.35068
Pawr,31.03085,30.13528,30.12706,30.13528
Krt33a,,19.05719,20.18095,19.61907
Ust,,18.95382,18.50425,18.729035
Stxbp2,26.72988,25.56055,25.17276,25.56055
Irg1,23.79729,22.55754,22.86641,22.86641
Cd109,29.90196,28.50446,27.91096,28.50446
Naip2,20.92412,18.7615,20.80876,20.80876
Mov10,25.19114,24.35777,24.12637,24.35777
Zdhhc2,,,,
Itgal,22.16828,18.00223,20.71649,20.71649
Rcsd1,24.87895,23.30424,21.92705,23.30424
Colec12,24.5405,22.50843,22.73789,22.73789
Hck,22.46389,22.80729,23.64768,22.80729
Tmem29,25.6953,24.39382,25.03091,25.03091
Ikbke,21.07868,20.96423,19.73536,20.96423
Fmn1,20.57108,20.17072,19.36577,20.17072
Oas3,19.10792,22.14267,21.44708,21.44708
Lrp2,24.59343,23.60037,24.0035,24.0035
Scgn,,,18.68517,18.68517
Nfkb2,27.0185,27.5969,25.68014,27.0185
Stat6,23.03206,21.42946,22.47011,22.47011
Alox5,21.4766,21.6553,21.52272,21.52272
Satb2,20.44253,18.63112,,19.536825
Mocos,21.43553,19.02426,21.13389,21.13389
Myo1g,21.14102,20.37231,21.67327,21.14102
Ttc21a,25.99916,24.72375,24.62856,24.72375
Pde3a,22.19809,19.69015,20.16165,20.16165
Eif2ak2,25.95866,25.73957,24.81323,25.73957
Fbn1,27.37716,26.37951,26.51378,26.51378
Pard3b,26.08558,25.46308,25.6133,25.6133
Ncf4,24.59486,22.93898,21.05404,22.93898
Nbeal2,21.11934,20.66371,21.17992,21.11934
Slc16a3,22.72775,17.20438,21.88077,21.88077
Inpp5d,23.95695,22.18616,22.39147,22.39147
Sp100,15.79343,16.97589,20.78875,16.97589
Grn,28.90035,28.45117,28.49732,28.49732
Syk,24.5263,,20.92013,22.723215
Plcg2,24.77243,23.78067,23.41545,23.78067
Ncf1,25.12364,24.01844,23.56976,24.01844
Krt86,16.82625,16.24885,17.77153,16.82625
Mpeg1,23.55719,22.41067,21.54236,22.41067
Tlr7,22.23535,21.28489,22.05056,22.05056
Ifi204,23.71146,22.56281,23.85757,23.71146
Mmp12,22.20284,20.99673,22.46136,22.20284
Alox15,22.24815,20.45393,19.81724,20.45393
Pyhin1,21.64196,20.61162,,21.12679
Mcm5,24.79283,23.12318,23.20468,23.20468
Cd14,26.75735,25.92393,25.80198,25.92393
Ifi202,26.64883,26.56504,27.00817,26.64883
Gm5483,26.60258,20.75116,26.08554,26.08554
Cd36,22.71356,20.12528,16.62984,20.12528
Col11a1,22.16736,21.72105,21.35445,21.72105
RBM8;Rbm8a,,,,
2010012C16Rik,,,,
Igkv17-127;Igkv17-121,,,,
Igkv9-124,,,,
Igkv5-39,,,,
Igkc,,,,
Ighg2b,,,,
Ighg1,,,,
Ighv5-16,,,25.32749,25.32749
Ighv4-1,,,,
Ighv1-31,,,,
Trav12-1,,,,
Igha,,,,
,,,,
,,,,
Clec7a,,,,
Ly6e,22.45473,24.35971,,23.40722
,25.02441,22.57492,23.78497,23.78497
,26.55484,26.48147,26.20103,26.48147
Ly6c1;Ly6c2,,,,
Cd164,23.08648,23.55204,24.21252,23.55204
,22.44922,20.4492,21.1916,21.1916
Galntl6,,20.05801,19.27007,19.66404
,22.71217,,,22.71217
Auts2,,,,
,,,,
,,,,
,21.05986,19.39638,18.86563,19.39638
,21.94924,20.22329,20.69447,20.69447
,,,,
,18.3844,18.1562,17.54117,18.1562
,,,,
,,,,
Skp2,,22.3895,,22.3895
Msh3,16.83022,18.53822,19.50744,18.53822
,24.86372,,,24.86372
,,,,
,,,,
Traf3ip1,23.93472,22.71352,22.35197,22.71352
Gm21698;Gm10220;5031410I06Rik;Gm7347,,,,
,23.38561,22.35243,22.0867,22.35243
Atp5g2;Atp5g3,18.97992,19.0392,18.33542,18.97992
Casp8,24.79218,23.03976,22.91176,23.03976
Ly96,21.88387,19.89464,21.03181,21.03181
,,,,
,,,,
Clasp1,,,,
Mdfic,21.5134,,,21.5134
,,,,
,,21.41318,,21.41318
,22.33287,23.0379,23.47469,23.0379
,,22.21157,,22.21157
,,,,
,26.13966,,,26.13966
Col6a3,,,,
Fam46a,19.57213,,,19.57213
,,,,
Kcnma1,,,,
,,,,
,,,,
,,,,
Pigx,19.09571,21.45754,21.06289,21.06289
Fn1,23.75797,21.31163,17.22684,21.31163
,,,,
Nab1,22.50084,,20.014,21.25742
Ccdc173,21.93629,19.81649,21.0281,21.0281
Aspg,,,,
Zdhhc22,,,,
Veph1,,,,
Arhgef37,17.82034,16.66261,16.52394,16.66261
Mpeg1,,,,
Nlrp1b,20.44334,20.78867,18.82131,20.44334
Akap17b,,,14.4386,14.4386
Zbtb33,20.53896,20.28715,18.24028,20.28715
Slc9a8,20.75898,21.0805,20.62239,20.75898
Ncoa3,21.38385,19.49539,20.97946,20.97946
Tox2,19.26064,22.21235,21.95971,21.95971
Lpin3,21.48242,15.97033,20.59067,20.59067
Gm11568;Krtap9-1;Gm11559;Gm11567,,,,
Gm11565,,,,
Pgap3,20.06855,20.36762,,20.218085
Krtap3-1;Krtap3-2,,,,
Znf385c;Zfp385c,,,,
Kcnh4,22.16189,23.66568,25.24304,23.66568
Neurl2,,,18.95097,18.95097
Znf335;Zfp335,,15.96846,16.24485,16.106655
Stau1,,,15.44854,15.44854
Smurf2,23.21247,21.58311,20.57404,21.58311
Tanc2,,,,
Gpatch8,24.97128,21.14439,21.0625,21.14439
Lasp1,,,,
Fam104a,19.48562,,,19.48562
Cdc27,,16.05049,,16.05049
Tmem104,,,,
Cd300lf,,,,
Rlf,,,16.31853,16.31853
Fbxo44,,,,
Zfp691;Znf691,,,,
Ccdc23,23.54002,22.59648,22.63896,22.63896
Kiaa1522,18.52951,17.85209,17.05812,17.85209
Zmym1,,16.02987,,16.02987
Gm12942;Zmym6nb,,,,
Cd300lh;Gm11709,,,,
Epb4.1,,17.36504,,17.36504
Itgb4,23.65207,22.40689,22.5373,22.5373
Hivep3,,14.98864,,14.98864
Camta1,,19.9556,,19.9556
Camta1,,,,
Camta1,,,,
Gpr153,,,,
Gm13152,,,23.3123,23.3123
Gm13248;Gm13139;Gm13251,21.52009,,,21.52009
C8a,,,,
Cep85,19.35817,19.35178,18.80776,19.35178
,,,,
Tbkbp1,,,,
Kctd2,23.32196,,19.2107,21.26633
Dmd,,,21.33576,21.33576
Mettl23,,,,
Jade2,21.85506,20.60332,20.62203,20.62203
Sec24a,22.10374,18.70093,20.54369,20.54369
Klhl15,21.86922,,21.77221,21.820715
Arhgap27,,,,
Fmnl1,,,,
Tbc1d16,,,20.6197,20.6197
Axin2,,18.58806,,18.58806
Stra13,,,,
Suv39h1,,,,
Vstm2l,18.5092,,,18.5092
Faap100,20.49561,19.20194,16.35538,19.20194
Trim45,,,,
Dhx35,21.7091,22.92821,20.38015,21.7091
Col9a3,,17.37237,,17.37237
Frmd7,,,,
Mst4;2610018G03Rik,,,,
Pusl1,23.20729,22.15576,23.45839,23.20729
Spen,,18.52879,16.71612,17.622455
Slc25a34,,,,
Magt1,25.74594,24.94208,25.05689,25.05689
4932429P05Rik,,,,
Cyb561d1,,,,
Sypl2,,,,
Ofd1,21.83877,22.02039,21.63524,21.83877
Gpm6b,,25.76749,25.55546,25.661475
Cstf2,,,,
Obp1b;Gm14743,,,,
Slc35a2,26.4101,22.48557,22.27034,22.48557
Ccdc120,18.72451,,,18.72451
Gripap1,,,,
Fhl1,,,,
Slc25a53,22.5244,22.41057,21.93247,22.41057
Tmsb15b1,,,,
Dock11,,,,
Dock11,18.59965,18.49755,16.81115,18.49755
Mtg2,20.79289,22.62923,18.23013,20.79289
Gemin5,,,17.7343,17.7343
Pigo,21.22988,19.04894,19.11997,19.11997
,,19.00627,17.72787,18.36707
Wdr47,,,,
Tesk2,20.57395,19.54185,19.41216,19.54185
Gm20489;Il2rg,,,,
Ryr3,16.95515,,19.15795,18.05655
1700012B07Rik,,,,
Madd,,,,
Madd,18.36786,16.21977,17.89333,17.89333
Prdm11,,,,
Klhl8,19.73102,,18.00262,18.86682
Kif1b,18.24247,16.44364,,17.343055
Gyltl1b,23.1485,,18.61108,20.87979
Brwd3,20.58665,19.04583,16.59205,19.04583
Ano3,,,,
Gpr64,,,,
Id1,,,,
Grin1,,,,
Grin1,,,,
Cd72,22.62553,21.67344,22.4039,22.4039
Fam166b,20.77587,20.76879,20.19592,20.76879
Card9,23.19004,21.62819,20.52831,21.62819
Sdccag3,21.32405,,18.7704,20.047225
Fubp3,,,,
Tmem141,,,,
Bpifb9b,,,,
Rpp38,21.88833,22.89054,22.87959,22.87959
Fggy,24.96495,24.31762,24.72879,24.72879
Tmem67,22.94774,23.26299,23.21089,23.21089
Dpy19l4,20.66874,,21.00751,20.838125
Pnisr,,21.07555,20.9761,21.025825
Ralgds,20.5031,,,20.5031
Slc30a4,,,,
Gm13695;Gm13697,,,,
Dcaf10,20.13659,19.35526,,19.745925
Pxmp4,24.98577,22.62959,22.63697,22.63697
Focad,,,,
Ptplad2,21.05026,22.41725,18.79902,21.05026
Mup1;Mup6;Mup15;Mup4;Mup9;Mup8;Mup17;Mup14;Mup7;Mup19;Mup13;Mup11,,,,
Slc35d1,,,,
Atp5c1,26.54541,24.82041,,25.68291
Atp5c1,,,,
Setx,17.98337,,16.16534,17.074355
Cntrl,22.88069,21.31645,21.99566,21.99566
Asph,,,,
Rexo4,21.30145,,,21.30145
Dnajc25,24.76987,23.26184,24.02369,24.02369
Cntln,,17.95481,18.53355,18.24418
Mllt3,21.85635,21.25736,21.98176,21.85635
,,,22.8498,22.8498
Uck1,,,,
Ap5s1,,,,
Anks6,20.77901,19.9356,20.53269,20.53269
Znf711;Zfp711,,,,
Sptbn5,,,,
Taf9b,,23.26685,21.32575,22.2963
Tfap2c,,,,
Tpx2,20.88532,18.06113,21.05841,20.88532
Zbp1,22.519,21.85631,23.67595,22.519
Slc1a2,,,,
Nphp1,23.64669,22.49473,22.70898,22.70898
Fmnl2,,19.50001,16.74727,18.12364
Tubb1,21.36741,17.41328,19.37624,19.37624
Fnbp1,,20.83707,,20.83707
Fnbp1,19.31889,17.72827,,18.52358
Hipk3,19.90497,20.30263,19.26424,19.90497
Bcorl1,,,,
Epc2,,,,
Fmnl2,,,,
Tank,23.69147,21.94853,22.54066,22.54066
Itga8,,,,
Kynu,21.84644,20.37273,20.97652,20.97652
Lgr4,,22.9534,22.84778,22.90059
Helz2,20.28093,20.13408,19.59702,20.13408
Fbxo18,21.89811,20.69736,18.62706,20.69736
Ankrd16,16.61296,,16.79487,16.703915
Mllt10,,,,
Itpripl1,,,,
Agrn,,,,
Slc25a25,,,,
Plcb4,,,,
Lamc3,,,,
Myef2,19.461,18.66591,,19.063455
Zbtb34,,16.44883,,16.44883
Tmem74b,,,,
Armc3,22.41023,20.85041,20.48758,20.85041
Trp53bp1,,,,
Bbs5,19.73016,,21.62422,20.67719
Tpd52l2,22.18326,,,22.18326
Fbxw2,20.05378,22.68286,20.73942,20.73942
Epb4.1l1,21.81722,18.78001,19.35005,19.35005
Cep152,22.42519,21.17597,20.93596,21.17597
Pfkfb3,20.10008,21.00881,,20.554445
Prr5l,,,,
Bcas1,,,,
Sema6d,,18.35947,,18.35947
Ly75,,21.90918,21.47576,21.69247
Gpr155,,13.5326,,13.5326
Atxn7l3,20.66353,21.05411,,20.85882
Ubtf,,,,
Mlx,21.71436,19.64621,19.47324,19.64621
Bpifb4,,,,
Lmo2,,,,
Lcn11,,,,
Qser1,20.228,17.05515,19.79203,19.79203
Mup2;Mup10,,,,
Zxdb,,,,
Rps6ka6,,,20.04647,20.04647
Clec10a,18.36457,,,18.36457
Kalrn,,,,
Chst10,,20.80593,20.23643,20.52118
Arfip1,17.20867,,,17.20867
Dennd3,19.21027,19.26107,17.65627,19.21027
Morn1,23.93751,22.94831,22.0448,22.94831
Chd6,22.27222,19.60982,22.62981,22.27222
G6pdx,,,,
Srsf12,,,,
Pm20d2,23.63356,22.54276,22.78875,22.78875
Mpdz,,,,
Tbc1d8b,21.90573,21.07209,22.31901,21.90573
Plcb2,22.84119,,17.4471,20.144145
Dhdds,,,,
Hmgn2;Gm16494;Gm6594,32.03928,31.8186,31.94521,31.94521
Cercam,,,,
Aff1,,,15.89344,15.89344
Nr3c2,,,,
Glt1d1,,,,
Cma1,,,,
Gbp4,22.05159,19.48901,20.45131,20.45131
Ppp1r11,,,,
Phf11,,,,
Nwd1,20.68594,20.0961,20.39613,20.39613
Nwd1,,,,
Phrf1,22.97698,20.52085,21.84215,21.84215
Gm266,,,,
Tcte1,22.49047,21.42629,21.08076,21.42629
Ppp1r12b,,,,
Sac3d1,21.15882,17.98638,22.16849,21.15882
Mmrn2,,,,
Ttc23l,22.38211,20.22364,21.63387,21.63387
Dennd4c,20.77604,17.5068,19.87215,19.87215
Kcnb2,,,,
Mapk8,21.03329,20.50833,20.59742,20.59742
Lepre1,25.32358,24.24256,24.26935,24.26935
Atrx,,,,
Usp43,,21.63489,23.10826,22.371575
Wdr76,,,20.81151,20.81151
Itih4,24.95149,25.00941,25.50072,25.00941
Fermt2,,,,
Aldoart1,,,,
Slc4a4,,,,
Hbz;Hba-x,,,,
Rnls,23.14898,,20.51085,21.829915
Gm8909,,,,
Rbbp4,,,,
Lsm10,,,,
Map7d1,,,,
Mgl2,,17.82296,,17.82296
Eno1,,,,
Slc45a1,,19.62164,,19.62164
Tmc8,19.32472,,,19.32472
Syngr2;Gm20708,29.96678,25.90196,26.42418,26.42418
Myt1,19.79489,,,19.79489
Scai,,,,
Sh3kbp1,,,,
Dmxl2,,,,
Zfp472,,,,
Atp7b,,,,
Krt36,,,,
Krtap4-9,,,,
Usp36,,17.81222,18.95651,18.384365
2015-09-08 00:00:00,,,,
Mllt6,,,,
Dlg4,,,,
Dnah9,22.20111,21.29832,20.45453,21.29832
Bcas3,,20.10687,20.55899,20.33293
Pecam1,,,,
Slfn9,,,,
Slfn8,,,,
Ssbp3,,,,
Zfp362,24.02301,19.53678,21.16245,21.16245
Ube2j2,23.13042,22.19994,21.94285,22.19994
Rasgef1c,,,,
Dus1l,,,18.88867,18.88867
Clcn5,20.98343,20.50436,19.65665,20.50436
Actg1,,,,
Adra1b,,,,
Mospd2,23.45839,22.1045,,22.781445
Nasp,,,,
Nfia,,,,
Ski,22.72157,19.56677,20.16999,20.16999
Ptpru,,17.49232,15.14792,16.32012
Cask,,,,
Mms22l,,15.85246,16.17968,16.01607
Mid1,24.03112,22.95934,22.1327,22.95934
Yipf6,24.60778,24.09055,23.36773,24.09055
Scml2,,,,
Mid2,21.72941,18.86154,19.61178,19.61178
Tbc1d2,19.1139,19.67002,19.98468,19.67002
Col4a6,22.81114,19.42407,22.03537,22.03537
5430402E10Rik;Gm14744,,,19.03106,19.03106
Kif16b,22.27355,19.95433,21.48846,21.48846
Pde4b,,,,
Tmem8b,,,,
Zfp462,19.78708,18.08576,19.34423,19.34423
Zfp462,,,,
Zfp462,,,,
Zcchc7,19.62489,20.23468,20.38385,20.23468
Akirin2,17.86894,,,17.86894
Runx1t1,17.5625,,,17.5625
Enthd2,21.62337,20.28376,,20.953565
Nfx1,21.84376,21.55539,17.42292,21.55539
Plxdc2,,,,
Scn9a,,,,
Scn7a,20.44536,20.31407,18.59714,20.31407
Cobll1,18.13396,,,18.13396
Chmp6,,,,
Klhl4,24.83952,23.70134,23.56034,23.70134
Zrsr2,21.02621,20.83384,21.1047,21.02621
Oxr1,,,,
Triqk,,,,
Stat5a,20.49277,17.15808,22.6379,20.49277
Efhc1,24.18654,22.78473,23.19549,23.19549
Brpf3,18.92582,,,18.92582
Kctd20,,19.69456,,19.69456
Bcat1,,,,
Sox5,,,,
Sox5,20.07339,11.9394,15.02618,15.02618
Serinc2,,,,
Cpsf4,,,,
Cpsf4,,,,
Trpc1,,,,
Mdm1,,,,
Zbtb32,,,,
Usp42,18.92021,15.95005,18.18752,18.18752
Dip2b,,22.2725,21.05815,21.665325
Arhgap42,22.98372,21.51581,21.15703,21.51581
Ece2,,,,
Strn3,23.87221,23.23628,22.94222,23.23628
Slc6a5,,,,
Zfp236,,,,
Brpf1,,,18.55052,18.55052
Znf518b;Zfp518b,17.3795,,,17.3795
Jrkl,,,,
Rrn3,20.838,19.17407,19.64794,19.64794
Zfc3h1,16.78341,18.6934,17.07775,17.07775
Slc22a28;Slc22a30;Slc22a29,,,,
Tmem158,,,,
Prdm8,,17.69139,20.73091,19.21115
Ybx2,19.19506,,,19.19506
Unc13d,16.8881,,,16.8881
Trpm3,,,,
Gm5741,,,,
Zcchc24,25.06501,23.27185,24.49741,24.49741
Tagap,,,,
Abcc3,20.74796,20.78341,21.82143,20.78341
Zscan25,,,,
Ppp2r3a,24.19858,22.44609,22.22066,22.44609
Slc9a5,19.32045,21.00703,21.4803,21.00703
Sec14l5,,,,
Setdb2,,,,
Flvcr1,24.681,24.32862,23.81548,24.32862
Armc4,22.86053,22.28241,21.66101,22.28241
Wdr63,22.10457,20.5733,21.24945,21.24945
Pfkfb2,,20.28116,20.69404,20.4876
Phf11b,,,,
Nfatc1,22.41049,23.08982,22.32496,22.41049
Mgam,22.63369,19.67893,21.43979,21.43979
Ncoa5,17.96618,,,17.96618
2015-09-08 00:00:00,,,,
Tnrc6c,17.0295,,,17.0295
Stx16,,17.01378,19.93503,18.474405
Bpifa2,,,16.02332,16.02332
Tcea2,,18.82845,18.80537,18.81691
Abi1,,,,
Mlip,,,,
Dip2c,,,,
Tmprss5,,,,
Col14a1,21.81968,17.9208,18.59142,18.59142
Tatdn2,,,,
Cbfa2t3,,,,
Lst1,,,,
Cep57,21.05986,20.41039,19.93067,20.41039
Crebrf,24.22236,,19.76998,21.99617
Gm20547;Cfb,26.39764,24.44947,25.50522,25.50522
Zfp81,,,,
Hnrnpm,21.60241,20.56402,20.33309,20.56402
Itga9,15.07928,,18.11126,16.59527
Amotl2,22.57955,21.2535,22.36346,22.36346
Mettl20,22.02915,,,22.02915
Amn1,19.96127,20.88688,20.39268,20.39268
Zmat3,24.46214,24.11482,24.14903,24.14903
Dcp1b,23.75471,20.09494,,21.924825
Pms2,,17.11736,,17.11736
Vwa7,,18.67666,,18.67666
Tmem229a,,,,
S100z,,,,
Heatr2,26.39966,25.34702,25.14748,25.34702
Nhs,22.046,16.86605,17.47596,17.47596
Taf2,18.84117,19.08426,19.49318,19.08426
Krtap21-1,,,,
Tnik,21.38227,21.34949,21.68072,21.38227
Nlrc5,,18.37721,16.10187,17.23954
Thap1,,,,
Gimap4,,19.89617,19.29713,19.59665
Mbd3,,,,
Zzz3,,18.11248,20.95006,19.53127
Fzr1,19.82655,,,19.82655
Dhx34,,,16.68702,16.68702
Ric3,21.71398,21.03059,20.14208,21.03059
Celf6,,18.72544,17.72341,18.224425
Ncln,,,,
Asb10,,,,
Chpt1,22.5079,22.62109,22.33181,22.5079
Atp13a5,,,,
Fbxw7,,,,
Btbd8,20.1988,,,20.1988
1700026D08Rik,25.44114,23.24236,23.95065,23.95065
Msrb3,25.57063,26.04135,25.87816,25.87816
Mcf2l,,,,
Arhgap20,,,18.5867,18.5867
Inpp4a,,,19.64839,19.64839
Gm4950,,,,
Dgcr6,,,,
Tnni1,,,,
Rundc3b,,,,
Dpysl3,,,,
Mdfi,,,,
Ccdc13,,,,
Nell1,,,,
Chrdl2,,,,
Cops4,,,,
Cystm1,25.67783,27.89209,27.90081,27.89209
Kdm2b,16.59869,21.51143,23.86155,21.51143
Golim4,25.77984,25.22383,25.38268,25.38268
Trim56,,,,
Zfp963;Gm20422,,,,
2015-03-01 00:00:00,,,,
Dscc1;DSCC1,,18.26947,,18.26947
Ttll5,17.36256,19.65083,21.48463,19.65083
Tada2b,22.51463,21.16159,22.81012,22.51463
Capns1,,,,
Spsb3,,,,
Rps6kb2,21.22788,22.71961,22.64403,22.64403
Nell1,18.73991,,,18.73991
Mn1,,,,
Aldoa,,,,
Radil,24.2303,22.28385,23.41377,23.41377
Dgki,,,,
Blnk,,17.00383,17.82283,17.41333
Dlg2,,,,
Rasal2,,,,
Vsig10,23.0346,21.52124,21.71662,21.71662
Tm6sf1,,,,
Fanci,,,,
Skor1,,,,
Adamts17,,18.8752,18.96877,18.921985
Clec12a,,,,
Samd1,20.44567,,19.54589,19.99578
Ccdc170,21.54854,21.9251,21.26029,21.54854
Atp8b2,19.31807,,,19.31807
Polr3gl,,,,
Hyal1,22.77004,22.47058,20.14954,22.47058
Llph,24.60992,22.67517,23.8491,23.8491
Unc50,,,,
Slc35a3,18.89667,21.21359,22.97673,21.21359
Lonrf1,,,,
Ica;1300017J02Rik,,,,
Repin1,,18.45153,,18.45153
Lrr1,,,,
Disc1,19.14171,,19.88566,19.513685
Olfm4,,,22.5971,22.5971
Prdm10,20.38911,16.69982,18.0665,18.0665
Fam111a,21.85072,,,21.85072
Pex5l,,,,
Pex5l,,,,
Gm7293,,,,
Bcl7b,,22.86397,23.87933,23.37165
Iqck,24.24249,22.66575,22.92018,22.92018
Naa60,,,,
Smim14,,,,
Asic4,,,,
Obsl1,23.52755,22.86077,21.81628,22.86077
Znf32;Zfp637,,,,
Gm5239,23.60546,,,23.60546
Nfix,,,,
D430041D05Rik,,,,
Znhit1,,17.90136,18.38461,18.142985
Ucp2,,,,
Unc45a,,24.65807,24.54793,24.603
Tarbp2,23.3765,19.62341,,21.499955
Shank1,,,,
Shank1,,,,
Shc1,,,,
Lrrc16a,,18.07264,18.93856,18.5056
Sorbs2,,,,
Zc3h3;Gm7353,17.18979,,19.33617,18.26298
Aldh16a1,,,,
Trim59,22.21511,,20.01018,21.112645
Rsbn1l,18.34139,17.0116,,17.676495
Slc36a4,18.5616,,20.78692,19.67426
Actn4,,,,
1700009P17Rik,,,,
Tmem200b,,,,
Tgif1,21.3181,20.26109,20.7917,20.7917
Tpmt,,,,
Add1,,,,
Samsn1,20.1603,20.36901,20.42039,20.36901
Abcg3,,,,
Gm5069,,21.39686,23.80144,22.59915
Tmub1,23.84355,25.0503,24.02631,24.02631
Sec22c,,,,
Lgals7,,,,
Foxp2,,,,
Gm5519,,21.18507,,21.18507
Paqr3,23.61279,23.7292,22.50768,23.61279
Gm9847;Socs2,,,,
Gprin2,20.02526,20.26842,,20.14684
Mospd3,20.66726,,,20.66726
Cd209f,,,,
Trpv4,,18.61256,18.36427,18.488415
Git2,,,,
Ttc18,21.0071,18.87373,18.56819,18.87373
Mlec,,,,
Rnf10,,,,
Gnb2,,,,
Cit,,,,
Nfu1,27.52522,26.19044,26.85626,26.85626
Shisa5,23.41222,,,23.41222
AI607873,19.97099,20.82687,18.07012,19.97099
Calhm2,20.01835,,18.02902,19.023685
Pard6a,,,,
Crem,22.99245,21.70375,,22.3481
Tnfaip8,,,,
Whsc1,,,,
Ino80e,24.16997,22.57057,24.21468,24.16997
Paip1,25.2549,24.30661,24.21319,24.30661
Clip1,,,,
Gm15440,,,,
2015-09-01 00:00:00,,,,
Bcl7c,,,,
Pira2,,18.2633,,18.2633
Lphn3,,,,
Sh2b3,19.59872,15.78167,,17.690195
Sh3bgr,,,,
Vat1l,,,,
Serpina3i,,20.74238,,20.74238
Ms4a15,,,,
Farp2,21.29154,20.4051,,20.84832
Celf5,,,,
Rufy2,,,19.80916,19.80916
Il4i1,,17.84095,,17.84095
Tnfaip2,22.78111,22.92646,19.11535,22.78111
Prpf40b,,,,
Nkx6-2,,17.59288,,17.59288
Uox,,,,
Dlgap1,,,,
Eva1a,25.26628,24.88749,24.7517,24.88749
Dnase2;Dnase2a,23.98111,23.05089,23.55169,23.55169
Sgce,,,,
Kcnt2,,,,
Ltbp4,19.13538,,,19.13538
Ces1b,,,,
Rbm33,22.94219,22.1045,21.91762,22.1045
Plekhg2,21.86287,19.96944,20.63635,20.63635
Zfp740,,,19.56707,19.56707
Ighmbp2,20.60865,21.0879,21.39263,21.0879
Cpeb3,,,,
Fam124a,20.08913,,19.36053,19.72483
Gm15446;Zfp932,,,,
Mylk3,,,,
Iffo1,,,,
Tpd52,,,,
Gemin7,,22.59432,20.6784,21.63636
Adamtsl5,,,,
Dctn6,,,,
Dlgap1,,,,
Amd1;Amd2,22.53611,20.57782,,21.556965
Ctse,16.83984,,23.37292,20.10638
Iqsec2,,,,
Arhgdig,,,,
Gxylt1,20.41586,19.24839,20.11883,20.11883
Foxp4,,,,
Eif4e2,20.22282,17.58299,,18.902905
Boc,,,,
Mamld1,15.94112,,18.09342,17.01727
Lin37,,,,
Kiaa1524;C330027C09Rik,21.35219,19.13034,14.37972,19.13034
Eps8,,,,
Gsg1l,,,,
Paqr7,,,,
Igf1,,18.95328,,18.95328
Gls,21.55487,20.78852,21.64667,21.55487
Rad51,25.04914,14.79193,21.99061,21.99061
Slc16a11,,,,
Asxl2,,17.12354,17.82177,17.472655
Casp2,20.46433,,22.52791,21.49612
Pex11b,,,,
Mia;Gm21983,,,,
Manba,,,,
Wdr83,21.2447,20.83345,21.01584,21.01584
Ddhd1,,,,
Tmem50b,,,,
Dgkz,,,23.03979,23.03979
Iqsec3,,,,
Dirc2,25.30212,24.32079,24.70867,24.70867
Pttg1,,,,
Tmbim4,,,,
Flywch2,,,,
Ttc39b,,,,
Phkb,23.20646,19.17131,20.07692,20.07692
Psma3,,,,
Tmbim6,27.77329,27.37782,27.43762,27.43762
Ctnna2,,,,
Gm28043,,,14.79182,14.79182
Pcdh1,,,,
Eif2s2,21.96899,,,21.96899
Lypd1,,,,
Dnm3,,,,
Tmem167a;Tmem167,,,,
Pole4,,21.42039,,21.42039
Kctd17,19.67516,21.81636,,20.74576
Spef2,20.63547,18.42763,17.28202,18.42763
Filip1l,17.69873,19.58474,20.25407,19.58474
Desi2,21.42793,,22.75904,22.093485
Atrip,21.76328,,,21.76328
Vwa5b2,,,,
Kctd18,21.46673,,20.08187,20.7743
Nrxn1,16.72507,,15.70469,16.21488
Foxp1,,,,
Urb1,20.75581,19.57786,19.86679,19.86679
Kifc5b,19.88539,19.28428,21.00908,19.88539
Kctd9,21.87275,20.38205,22.68235,21.87275
Bri3,,,,
Fbrsl1,23.54898,22.34365,21.67422,22.34365
Zscan18,,,,
Ece2,20.64024,20.16668,,20.40346
Rbm26,,,,
Crls1,,,,
Fnbp1l,,,,
Mycbp2,17.56689,15.17215,15.73251,15.73251
Cml1,,,,
Nrxn2,,,,
Ror2,20.73107,18.22562,,19.478345
Syde2,17.73608,,23.23983,20.487955
Btbd2,21.37311,,,21.37311
3110052M02Rik,,18.76205,18.71903,18.74054
Smim19,24.0535,24.02394,23.6084,24.02394
Fcgr3,,,,
Sox6,22.54571,20.6231,20.77322,20.77322
Mrps12,,23.37425,23.6193,23.496775
Pdzrn4,,,,
Fga,23.37478,21.33096,22.15755,22.15755
I830012O16Rik,21.70151,20.39927,21.56295,21.56295
Trim5,22.2383,23.49814,23.46026,23.46026
Ttc17,21.46946,22.74702,22.53675,22.53675
Akap13,20.62712,18.92966,19.59303,19.59303
Adcyap1r1,,,,
Gm9008;Rnf26,,,,
Map4k4,,,,
Aim1,24.6435,22.97801,21.29474,22.97801
Spats2l,25.15136,24.06702,23.70314,24.06702
Immt,,24.02191,24.29614,24.159025
Mki67,18.76377,16.8681,16.88846,16.88846
Trmt1,,,,
Tcf3,20.69328,,,20.69328
Myl1,29.71867,28.77906,29.73533,29.71867
Ncapg,,17.92143,16.47787,17.19965
Lmo3,,,,
Trim30d,20.55515,,,20.55515
4931408C20Rik,19.78726,17.32747,,18.557365
Evi5,18.3272,,,18.3272
BC052040,,17.53625,,17.53625
Adamtsl1,22.41627,21.437,20.57339,21.437
Zc3h7a,23.67573,21.1437,20.74616,21.1437
Mcph1,,,,
Krtap27-1,25.15031,,,25.15031
Kif6,24.51382,23.70757,22.88256,23.70757
Samd9l,21.4052,20.16091,19.70659,20.16091
Hdac7,19.4867,21.85464,20.6543,20.6543
Nedd4l,22.50499,20.81237,,21.65868
Srp54c,20.66092,,20.22058,20.44075
Gm14446,21.64816,18.89377,21.22876,21.22876
Dlg4,,,,
Fam222b,,,,
Rab40c,20.33003,,20.31816,20.324095
Cul4b,,,,
Lcorl,,,,
Itga10,,,,
Tstd1,,,,
Erg,24.95003,24.63073,23.04001,24.63073
Erich1,,,,
Cntnap3,,,,
Ctage5,,,,
Lmo7,,,,
Pitpnm2,,,,
Ces1a,24.71329,22.16892,23.00684,23.00684
,23.27597,21.86684,21.76616,21.86684
Rsph10b,20.50727,18.26691,18.6245,18.6245
Chd5,,,,
Rnf168,20.1168,19.24681,18.8404,19.24681
Mark2,,,,
Wdr78,23.89532,21.16644,21.44577,21.44577
Trim34a,22.21074,19.26753,19.61346,19.61346
Zfp651,,,,
Rbms1,27.95975,26.39699,26.25514,26.39699
Brd1,19.9876,21.0561,20.57376,20.57376
Mitf,17.9117,18.78449,20.0125,18.78449
Tead1,22.25456,23.66416,23.59252,23.59252
Gm5093,,,,
Anp32e,,,,
Katna1,,,,
Irf9,23.13192,23.31631,22.35213,23.13192
Ndst3,,,,
Trim66,,22.17429,22.57589,22.37509
Papola,,,,
Gm4782,,,14.5107,14.5107
Fam196a,,,,
Myo9b,,,,
E2f5,23.02797,20.94664,20.83646,20.94664
Gm8730;Rplp0,21.55675,22.07848,21.59478,21.59478
Habp2,22.73151,22.38567,23.8101,22.73151
Arhgef11,21.72326,20.14196,20.97841,20.97841
Oxr1,17.23566,,15.26869,16.252175
,,,,
Hsp90ab1,,,,
Fuz,22.48478,18.99225,18.46873,18.99225
Neu2,,,,
Mx1,21.02134,24.27909,23.60919,23.60919
Samhd1,24.49283,,18.82342,21.658125
Araf,,,,
Pde7b,,,,
Anapc15,,,,
Abhd14a,19.22818,18.84132,,19.03475
Slc6a8,23.00541,21.86162,22.60175,22.60175
Fcf1,,21.96201,,21.96201
Hbp1,20.82718,21.03517,20.22952,20.82718
Sgk1,,,,
Ltbp2,19.62494,,,19.62494
Pdzd2,21.52258,19.62089,19.27876,19.62089
Rbak,13.33665,,,13.33665
Khk,24.85053,24.33395,24.86131,24.85053
Lrp3,,,,
Cpne5,,,,
4732456N10Rik,27.02549,24.9608,26.32965,26.32965
Gm14548,,,,
Dennd1b,20.3811,21.01733,21.23696,21.01733
Ice1,17.81834,,16.90513,17.361735
Acbd4,21.61405,,,21.61405
Hrh3,,,,
Ncor1,17.65648,17.44249,,17.549485
Inpp4b,17.07243,,,17.07243
Rapgef3,23.74602,22.46473,22.90211,22.90211
Krtap11-1,,,,
Tanc2,,,,
Dlg2,21.9105,21.54778,22.03453,21.9105
Zfp867,,,,
Brwd1,,20.93531,20.84667,20.89099
Ulk4,24.71644,23.30062,21.08842,23.30062
Zfp266,22.44071,20.6465,,21.543605
Cecr2,19.23937,20.01563,21.27048,20.01563
Baz2a,19.74575,16.19725,19.87248,19.74575
Cd1d1,,,,
Cdh19,,,,
Pogk,,,,
Peg10,26.067,24.36513,24.76785,24.76785
Apopt1,21.54406,17.652,,19.59803
Spata13,25.51776,23.54168,23.16887,23.54168
Itsn1,,,,
Myo6,25.37527,22.26737,22.60892,22.60892
Zfp169,,,,
Gm10073,,,,
Kif14,13.42312,11.96733,13.23878,13.23878
Mvp,21.7383,20.84827,21.30101,21.30101
Dlg4,,,,
Apob,22.78772,18.94166,21.43471,21.43471
Klra2,,,,
Tpm1,,,,
Tpm1,28.50737,25.953,27.4311,27.4311
Zfp160,18.29545,,,18.29545
Akap13,23.88017,22.00241,22.52705,22.52705
Tfb2m;Gm1818,19.75992,21.41251,19.1966,19.75992
Sncaip,,,,
Dennd2c,,,,
Klhl18,,,,
Tmem44,,,,
Fam102b,22.36967,21.75152,24.7542,22.36967
Nin,19.70644,19.64491,18.7266,19.64491
Arhgap19,,,,
Ccdc71l,20.83043,20.408,19.30193,20.408
Eps8l1,,,,
Acacb,19.27328,20.31141,21.64724,20.31141
C2cd3,15.95805,19.00517,18.11426,18.11426
Uimc1,21.99662,,,21.99662
Hnrnpd,,,,
Actb,19.21364,,,19.21364
Pcdhb9,18.463,18.74258,,18.60279
Kif23,20.9534,18.36277,20.0979,20.0979
Zfp820,22.09857,23.57565,23.5087,23.5087
Eng,,19.38155,,19.38155
Tpm3,,,,
Cyp2c44,,,,
Glyatl3,29.24364,28.59185,,28.917745
Clk2,21.56342,19.78147,,20.672445
Reps1,,,,
Sema3a,,15.08742,,15.08742
Camk1g,,,,
Robo2,17.3169,,17.95032,17.63361
Prdm15,19.88682,20.99755,20.49277,20.49277
Bptf,,,16.5372,16.5372
C1s1,22.32504,19.6603,19.88812,19.88812
Ttll7,,,17.67666,17.67666
C6,20.05854,17.41518,17.94106,17.94106
Simc1,,,,
Il1rap,,,,
Tmem40,,,,
Pibf1,23.06822,22.89844,22.23704,22.89844
Btbd10,,19.37479,18.93356,19.154175
Lilra6,,,,
Rap1gds1,,,,
Zfp597,,,,
Mapre2,22.89898,23.74468,23.58887,23.58887
Cul5,,,,
Tmem194a;Tmem194,24.94717,22.62246,23.0477,23.0477
Pou2f1,24.40139,21.3424,,22.871895
Plod2,25.13136,23.80233,22.04843,23.80233
1700030K09Rik,21.33222,20.02486,21.46154,21.33222
G2e3,,18.72421,,18.72421
Prr14l,21.38031,21.17846,21.48227,21.38031
Rnf169,21.97498,20.32948,20.93553,20.93553
Bahcc1,,,,
Mettl17,,18.6664,19.10144,18.88392
Gal3st4,,24.29565,23.74632,24.020985
Dnah11,25.44806,20.50019,20.29098,20.50019
Cacna1i,,19.47251,,19.47251
Rhpn1,25.98398,20.6054,20.82104,20.82104
Wdr96,18.14455,17.55427,18.51961,18.14455
Synj1,,,,
Zfp106;Znf106,19.24486,18.53131,18.6838,18.6838
Heg1,24.14903,23.68057,24.27569,24.14903
Foxm1,,,,
,,,,
Immt,,,,
Serhl,,,,
Zfp108,22.42627,21.89519,22.17868,22.17868
Nfxl1,23.97797,23.97518,24.03196,23.97797
Zfp358,,,,
Rgl1,20.89837,20.08031,18.81115,20.08031
Clasp2,22.97337,,21.91287,22.44312
Pdlim5,27.33509,26.74278,27.11008,27.11008
Zbtb10,21.25419,18.43559,20.68594,20.68594
Smim13,,24.90894,,24.90894
Cpeb2,,19.84261,,19.84261
Trim12c,25.02834,23.68827,23.63788,23.68827
Tcf7l2,,,,
Snap91,,,,
Oas2,21.39603,20.48286,20.42634,20.48286
Ablim1,22.72523,,22.17136,22.448295
Ablim1,,,,
Cd84,18.21091,,,18.21091
Kcnq5,22.58355,,18.90113,20.74234
Edrf1,19.45595,22.03204,,20.743995
Kif1a,,,,
Cep290,20.81049,22.5276,21.48114,21.48114
Pwwp2b,,,,
Ino80d,20.01754,,17.65376,18.83565
Ddx55,22.45393,20.68774,22.31399,22.31399
Ccdc74a,24.25046,23.22854,22.57741,23.22854
Ms4a7,,,,
Rxrg,,,,
Slc27a6,,,,
Ncor1,,,,
Tacc2,21.4207,21.2397,,21.3302
Inpp4a,,,,
Ccdc93,,,,
Nckap5,20.41369,19.65634,19.43196,19.65634
Rad51d,,,,
Golgb1,21.20335,19.51264,19.38243,19.51264
Arhgap17,22.51441,20.13696,,21.325685
Pik3c2b,19.93919,17.90036,,18.919775
Ifi203,,,18.9119,18.9119
Taf4a,23.07145,21.86563,21.30279,21.86563
Oprm1,22.44372,,21.36062,21.90217
Naf1,24.92841,22.24484,21.89527,22.24484
Sft2d3,21.09016,21.71226,20.72825,21.09016
Papd5,19.61856,,18.211,18.91478
Sh3bp2,,,,
Ablim1,,,,
Mpz,,,,
Mdc1,23.60003,22.07421,21.56876,22.07421
Cux1,19.60502,16.3341,,17.96956
Katna1,20.55018,19.70259,19.1513,19.70259
Cenpe,14.15118,18.1433,,16.14724
Rad54l2,22.21747,23.11951,24.76405,23.11951
Knop1,21.26333,17.56003,18.40108,18.40108
Enah,,,,
Ttc23,22.92423,20.43064,21.10175,21.10175
Fgd5,20.36185,19.75532,,20.058585
Nupl2,24.59349,22.73347,23.21789,23.21789
Nalcn,,,,
Trim9,19.43669,,18.52997,18.98333
D8Ertd82e,23.44493,21.96144,22.38553,22.38553
Med13l,15.1709,,,15.1709
Trim39,,18.40736,,18.40736
Rnaseh1,,,,
Pde3b,21.22688,19.97491,20.14544,20.14544
Rab29,24.88358,23.70366,24.44752,24.44752
Igf2,23.56929,22.81683,20.2798,22.81683
Enah,,,,
Bak1,24.39342,23.7214,24.36379,24.36379
Ube2ql1,,,,
Zfhx3,,16.69697,,16.69697
Nsl1,17.93715,,,17.93715
Osgep,,,,
Apobec3,12.76767,19.49356,20.82408,19.49356
Ikbip,25.69583,23.89338,23.53184,23.89338
Dock9,,,,
Kif7,20.05351,17.22628,,18.639895
Shroom3,26.79774,25.97861,25.97496,25.97861
Srgap3,,,,
Lhx6,,,,
Pcnxl4,16.38349,,19.07488,17.729185
Setd8,,,,
Lrrcc1,19.37802,20.05046,20.58279,20.05046
Pi16,,,,
Sult1a1,,,,
Macf1,19.19564,16.2602,17.92625,17.92625
Hrnr,,22.34817,21.32828,21.838225
Myl10,,,,
Cic,,,,
Gadl1,,,,
Apoc3,,,,
Tmem132c,19.14156,,,19.14156
Med16,24.03271,20.47269,21.8108,21.8108
Kiaa1432;C030046E11Rik,21.0833,20.28387,20.06316,20.28387
Cct6a,,,,
Wdhd1,13.87978,18.91584,,16.39781
Znf664;Zfp664,,,,
Kiaa0232;D5Ertd579e,17.66018,17.74754,19.64246,17.74754
Cgref1,24.66123,21.41916,,23.040195
Atr,18.3393,17.7512,16.70144,17.7512
Ccdc106,,,,
Peli2,21.83946,20.43543,,21.137445
Mrpl48,,,,
Dscaml1,20.45181,19.02402,19.56464,19.56464
Zcchc9,21.32207,,25.20419,23.26313
Eif2ak3,22.74653,19.48925,20.92318,20.92318
Prx,,,,
Sorcs1,,,,
Tcf7l2,22.26379,21.57782,20.67263,21.57782
Setbp1,,,,
Chodl,,,,
Serpina3g,,,,
Vma21,,,,
Herc6,25.98683,25.22288,22.36762,25.22288
Raph1,,,,
Usf2,22.7555,22.58596,22.98739,22.7555
Klhl5,,,,
Jmjd8,22.71925,,21.50974,22.114495
Macf1,21.43293,20.18423,19.60259,20.18423
Mthfs,,,,
Rps6ka1,,15.34921,14.58754,14.968375
Ubr3,19.57095,17.04676,,18.308855
Nap1;5830415F09Rik,,,,
BC007180,21.31307,20.61558,20.4342,20.61558
Zcchc10,25.86134,25.52064,25.64537,25.64537
Plec,19.98301,18.53928,,19.261145
Nr4a3,,20.5468,,20.5468
Slc35a1,24.81318,24.10789,23.96895,24.10789
Ep400,22.46301,,22.86529,22.66415
Gm340,18.18156,,17.00657,17.594065
Ndfip2,21.58706,,,21.58706
Ankhd1,22.99341,22.97619,22.86022,22.97619
Ppp2r2d,,,,
Atraid,,,,
Galntl6,,20.64033,21.93106,21.285695
Pik3ip1,26.57615,24.28107,24.52169,24.52169
3010026O09Rik,,,,
Sik3,,,,
Pdcd2l,23.16955,,21.87429,22.52192
Ncor2,,,,
Mycbp2,,,,
Sf1,22.97799,16.3233,22.99246,22.97799
H2-T22;H2-T10;Gm11127,,,,
Fbxo11,,,,
Mtmr1,21.45939,,18.95003,20.20471
Lmo7,19.76756,18.72604,18.30296,18.72604
Cript,,,,
Ighg2c,,,,
Maml2,21.90146,17.33228,,19.61687
Atxn2,,,,
Mfsd6,,,,
Rreb1,,,,
Kcnq2,,,,
Col20a1,20.94785,21.22723,19.91246,20.94785
4933403O08Rik,,20.38216,20.81621,20.599185
Maml1,19.91678,,,19.91678
Klc1,21.05338,18.07316,,19.56327
Atg2a,,,,
Atf6,19.1287,17.48251,,18.305605
Mus81,,21.1622,21.94732,21.55476
Bcas3,,,,
Sgip1,,,,
Hnrnpdl,,,,
Lgals3bp,24.66378,25.57404,25.97631,25.57404
C030048H21Rik,22.09664,,,22.09664
Chd8,22.65809,21.8562,21.26493,21.8562
Ighe,24.83528,28.50085,,26.668065
Dnm1,,,,
Pvrl4,,,,
Gstm1,,20.71146,20.12022,20.41584
Lphn3,,,,
Git2,,,,
Epha10,,,,
Macf1,,20.40374,20.01781,20.210775
Synj1,,,,
E030010N08Rik,25.92549,24.88283,24.66476,24.88283
Zfp827,,,,
Ppp1r12c,,,,
Gm21970,21.95826,21.47442,18.39611,21.47442
Impdh1,,,,
Ppp1r35,25.02433,28.84341,28.71509,28.71509
Tbp;Tbpl2,,,,
Srebf1,22.25508,20.91057,19.52151,20.91057
Nrxn2,,,,
Ptprf,,,,
Vstm2a,16.93802,,,16.93802
Ctsd,,,,
Macf1,,,21.1278,21.1278
Dzip3,23.59798,22.10165,22.04883,22.10165
Strn,,,,
Senp6,21.62484,19.19825,20.53725,20.53725
Wiz,20.33156,16.31189,,18.321725
Myo18a,,,,
Tnrc6a,22.91643,22.80014,,22.858285
Numa1,22.18532,20.67934,22.09755,22.09755
Mtdh,21.26408,,,21.26408
Slc1a2,,,,
Dync1h1,,,,
Atp2b4,,,,
Zfp433,,16.28766,,16.28766
Phrf1,,,,
Nkain4,,24.93012,25.95998,25.44505
Slc45a4,,,18.58027,18.58027
Mier3,21.42522,,18.60625,20.015735
Morc3,22.43832,24.30389,24.40536,24.30389
Tspan15,23.35488,24.01563,24.32547,24.01563
Glud1,,22.40671,22.36808,22.387395
Ahnak2,23.40406,22.37058,22.345,22.37058
Plaa,21.38785,20.72034,20.99652,20.99652
Mtss1l,,,20.06224,20.06224
Atp5o,,,,
Slain1,,,16.03523,16.03523
Rfxap,23.07163,,18.87108,20.971355
Wdr26,,,,
Rfx7,,,,
Hivep1,18.64192,16.63027,17.94335,17.94335
Lmod1,26.23169,23.90527,24.37252,24.37252
Fbxw9,25.52809,24.79452,24.38588,24.79452
Taf5,22.43543,19.42908,19.1802,19.42908
Ercc6,17.88953,16.47164,21.14327,17.88953
Gltscr1,20.18338,,18.28044,19.23191
Ltbp3,21.57196,21.18277,19.19347,21.18277
Iqgap3,17.83929,,,17.83929
Krtap19-5,,,,
Map3k1,18.44253,,,18.44253
Npas3,25.54236,22.95138,23.15677,23.15677
Npcd,21.14283,17.5657,17.44135,17.5657
Kif21b,,,,
H2-T24,25.5228,24.35521,25.41889,25.41889
Trpc2,18.3688,,,18.3688
Nek3,23.82619,22.94762,23.13793,23.13793
Slc35b3,,,,
Abca8a,,,,
Phf21b,24.68598,24.56686,24.879,24.68598
Stxbp2,,17.86018,18.12151,17.990845
Igfbp7,24.80877,22.96088,22.59439,22.96088
C1qtnf5,27.93927,27.61884,27.19385,27.61884
Stag1,,,,
Ecm1,22.90019,23.21976,23.11633,23.11633
Bclaf1,,20.86075,,20.86075
Kmt2c,18.64407,20.89319,22.08317,20.89319
Ak7,24.4025,24.41848,23.91132,24.4025
Spp1,23.58932,19.67523,20.48277,20.48277
Itih1,26.91775,25.34093,26.73531,26.73531
Kmt2b,17.35784,13.79938,17.18263,17.18263
Cdc45,,17.09032,18.07812,17.58422
2015-03-03 00:00:00,20.93611,20.86401,20.26086,20.86401
Mex3b,18.08062,,,18.08062
Samhd1,,,,
Cd300lb,,,,
Elk3,18.47195,,,18.47195
Nol4,,,,
Cdadc1,21.21401,18.80713,19.84863,19.84863
Mcc,,,,
Zbtb25,24.14422,23.04392,23.0756,23.0756
A230065H16Rik,24.00213,21.06019,20.90734,21.06019
,,,,
Susd5,,,,
Insc,,,,
Cyp4f17,22.23967,21.10438,19.50392,21.10438
Myh2,,20.3626,,20.3626
Tonsl,19.27501,,,19.27501
Erh,,,,
Gm17455,24.91438,24.16622,24.52666,24.52666
Znf423;Zfp423,20.17646,20.44162,18.59252,20.17646
Trps1,21.61549,20.00154,19.20161,20.00154
Tmem255b,,,,
Naalad2,,14.84294,19.73438,17.28866
Runx1,21.53136,21.37183,21.80377,21.53136
Bdh2,28.30413,26.97651,27.26437,27.26437
A330050F15Rik,,,,
Fam168b,,,,
Sumo3,28.2575,27.87713,27.86272,27.87713
Icam2,,,,
Ppp2r1a,,,,
Abl2,,,,
Map2,,,,
Baz1a,20.78141,20.03617,20.59487,20.59487
Smarca4,,,20.21193,20.21193
Adamtsl3,21.1237,22.28127,22.75371,22.28127
Tmcc1,,,,
Tmem127,,,,
Fap,15.52922,,,15.52922
Lgr5,,20.10508,19.50036,19.80272
Gypc,27.77769,25.79273,25.6887,25.79273
Pabpn1,26.71319,25.99673,25.82866,25.99673
Usp9x,22.84347,,,22.84347
Ccnb1,20.22976,19.60223,18.69999,19.60223
Ptprd,20.27821,18.81503,17.55742,18.81503
Erich3,20.4173,18.33084,,19.37407
Chek1,,16.80398,,16.80398
Xbp1,,,,
Serpinb10,23.23169,21.31921,19.37816,21.31921
Prrx1;Prrx2,,,,
Map2,,,,
Map2,,,,
Brsk2,,,,
Tubb5,,,,
Slc5a5,,,,
Sp1,25.72964,24.69636,25.1372,25.1372
Cabin1,21.54647,20.07835,20.02648,20.07835
Cp,27.58162,24.44443,23.75032,24.44443
Pax2,,,,
Rrnad1,,,,
Brf1,,,17.70131,17.70131
Tsen15,,,,
Serpina3n,,,,
Rnf219,,19.15882,,19.15882
Osmr,26.10384,25.34096,25.28944,25.34096
Slc27a3,,,,
Tlr2,25.00355,23.89763,23.02288,23.89763
Arhgap39,20.68175,19.00119,19.01111,19.01111
Wdr70,23.55368,20.48493,21.32152,21.32152
Kat6a,20.18556,18.39393,,19.289745
Galnt9,,,,
Ccdc151,20.29816,21.85175,22.26711,21.85175
Pphln1,,,,
Itih2,24.00479,23.74499,24.93031,24.00479
Aox3,23.69083,18.68295,21.32444,21.32444
Tcaim;TCAIM,21.45934,,,21.45934
Nccrp1,,,,
Gpr22,,,,
Lix1l,24.5686,23.68217,23.87314,23.87314
Adamts3,,,,
Ankrd45,,21.71934,21.41178,21.56556
Tll1,19.41417,18.32272,22.35243,19.41417
Sh3tc1,19.10779,18.32083,17.31637,18.32083
Zfp809,19.82319,,,19.82319
Alyref2,21.89019,21.14127,,21.51573
Zc3h12b,,,,
Slc8a1,20.36068,,,20.36068
2310035C23Rik,,,,
Asb1,,,,
Arhgap24,19.84673,15.2572,,17.551965
Zbtb43,24.69328,25.74188,25.2804,25.2804
Nxph4,,,,
Lrif1,,,,
Zfp715,,,,
Zfp619,,,,
Mgarp,20.04953,,,20.04953
Ttc14,18.88706,,16.05956,17.47331
Def8,21.28873,22.06319,20.84053,21.28873
Psme2,,,,
Rhod,24.41351,21.19502,22.40979,22.40979
Zwilch,23.13127,22.71936,22.46653,22.71936
Tmem219,,,21.51518,21.51518
5730559C18Rik,,20.60368,23.18532,21.8945
Kxd1,,,,
Zfp26,,,,
Nsmce4a,19.39098,22.1915,19.81881,19.81881
Znf316;Zfp316,,21.40296,,21.40296
Lrrc10b,,,,
Mtx1,,,,
Rnpepl1,19.45786,19.90864,,19.68325
Lca5,21.18785,20.01495,17.31973,20.01495
Rfx3,,,,
Ppl,22.46565,20.95553,21.84219,21.84219
Mmp1b,,,,
Zbtb11,18.38123,17.88017,18.18054,18.18054
Zfp612,,,19.77551,19.77551
Efemp2,24.39401,23.90353,23.07173,23.90353
Mlxip,20.89948,,19.0551,19.97729
2310022A10Rik,21.32141,15.81143,21.33145,21.32141
Zmat1,,,,
Fpgt,24.9562,22.9547,23.09329,23.09329
Hnrnpd,25.39457,24.33552,25.42339,25.39457
Gria2,17.0963,,,17.0963
Ikzf1,,21.50218,18.21234,19.85726
Notch2,23.52121,22.0157,19.57675,22.0157
Scyl2,,,,
Ank3,,,,
Ahnak,24.61515,,,24.61515
Klrg2,,18.46236,,18.46236
Map3k2,23.48075,22.91619,22.37767,22.91619
Gstm6,,,,
Brd1,,19.65395,,19.65395
Gpr116,,,,
Ppp6r3,,,,
Lrrc49,,20.88844,20.13446,20.51145
Znf827;Zfp827,23.04654,17.20209,17.26105,17.26105
Cox18,20.48591,18.3535,20.83646,20.48591
Zfp185;Znf185,26.7226,25.85322,25.96647,25.96647
Dhrs3,23.34259,22.95072,23.43212,23.34259
Chst3,20.97323,,,20.97323
Ube2m,,,,
Tmub2,23.72806,23.33074,23.09541,23.33074
Ptbp3,,,,
Anapc15,,,,
Cyhr1,24.7399,,,24.7399
Mta3,,,,
Arhgef6,21.45478,,,21.45478
Gm7120,,,,
Ppp1r3e,,,,
Gmnn,,,,
Cux1,22.15211,21.31534,20.59941,21.31534
Gpc5,,,,
Lekr1,29.18009,28.20149,28.58742,28.58742
Ctage5,21.6297,,,21.6297
Cdhr4,23.01171,19.50372,19.8674,19.8674
Taf6l,23.1298,,20.72293,21.926365
Dbndd1,,,,
Pou6f1,26.31493,24.36713,24.63406,24.63406
Pou2f2,,,,
Lsm5,25.01039,23.21589,24.46775,24.46775
Dusp3,22.25523,21.22329,21.66601,21.66601
Tirap,21.45834,21.33571,21.1242,21.33571
Hmbox1,22.40088,22.65988,20.5976,22.40088
Hmox1,,,,
9930021J03Rik,17.86894,16.94341,18.22265,17.86894
Otud7a,,,,
Znf428;Zfp428,28.42938,27.23279,27.1547,27.23279
Cers6,24.24409,19.34035,,21.79222
9930021J03Rik,,,,
Eps15,,21.78584,,21.78584
Cux1,19.463,,18.72926,19.09613
Gm20695,,,19.73075,19.73075
Agxt2,23.58417,,24.20859,23.89638
Dlg1,,,,
Rbp4,,,,
Tsr2,,,,
P4ha3,22.86461,18.59467,,20.72964
Cxcl12,,,,
Wdr90,21.86571,21.22993,21.1598,21.22993
Pot1b,19.91605,,19.36696,19.641505
Zbtb18,17.73787,,,17.73787
Rbm48,22.3009,20.29905,19.92236,20.29905
Bdnf,,,,
Rbm11,,,,
Son,,,,
Tmem150c,,,,
Hist1h1t,,24.87727,26.23167,25.55447
Snap47,,,,
Tp53;Trp53,,18.30301,21.10751,19.70526
Ubxn11,22.08427,20.73843,20.7905,20.7905
Taz,22.05388,21.57432,21.3393,21.57432
Mpdz,26.35478,24.72015,24.89772,24.89772
Fam3a,,,,
Gprc5c,,,,
Wnt9a,21.90954,22.06786,22.20529,22.06786
Mia3,16.74741,20.21939,20.6796,20.21939
Taf1a,,,,
Hbs1l;Gm9923,22.29726,18.67142,19.8642,19.8642
Tfdp2,23.7543,22.27131,20.48866,22.27131
Tmem200c,,,,
Gm4944,,,,
Mink1,,,,
Lmbr1,,,,
Ankzf1,23.63821,23.56465,22.14021,23.56465
Zfp799,,,,
Bbip1,23.98945,,,23.98945
Carkd,25.57874,26.20641,25.59178,25.59178
Fmo6,,,,
Gm7694,25.82525,23.99032,23.82454,23.99032
Ankrd44,,,,
Dnmt1,,,,
AI848285,,,,
Krtap22-2,,,,
Gm9242;Hnrnpa3;Gm6793,29.62894,28.96917,29.36396,29.36396
Abcb11,,,,
Mrfap1;Gm5814,27.6173,26.52843,26.56555,26.56555
Spata18,22.08385,19.20846,19.31139,19.31139
Mplkip;Gm7102,,,,
Sh3gl3,,,,
Gm4845,,,,
Nbr1,22.27384,22.35186,22.13261,22.27384
Immp2l,,,,
Creg1,,,,
Cirbp,,,,
Ncapd3,19.36489,18.48581,18.54461,18.54461
Rnf121,,,,
Zfp825,,,,
Sirpb1c,18.02551,,20.13984,19.082675
Ugt1a6b,20.11845,,18.93704,19.527745
Tet3,19.23594,,,19.23594
Mthfsl,25.34547,23.90701,24.43237,24.43237
Metap2,22.0912,,22.54776,22.31948
Gm27021,,,,
Gm2042,,,,
Senp1,20.81855,19.47044,19.83209,19.83209
Sema3b,20.38364,20.46244,22.1757,20.46244
Cacna2d1,,,,
Angpt1,,,,
Efna5,,,,
Kcnk1,22.17655,18.28455,,20.23055
Klf6,,,,
Myh11,,,,
Krtap14,,,,
Sh3yl1,,,,
Bcl7c,23.77425,22.46346,22.71337,22.71337
Kng1,,,,
Kng1,,,,
Barx2,,,,
Mstn,,,15.50121,15.50121
Arg2,18.4612,17.76759,,18.114395
Ngp,,,,
Casp12,24.21423,23.22066,22.67758,23.22066
Matn2,24.3995,22.54762,22.76828,22.76828
Ogg1,,21.69273,25.81705,23.75489
Prss12,,18.57204,19.14447,18.858255
Clock,21.75071,20.7107,20.63068,20.7107
Mnt,20.28082,21.33718,18.61942,20.28082
Ebf3,16.61741,19.26116,,17.939285
Galnt4,22.5275,21.44688,,21.98719
Pkd1,14.73466,,,14.73466
Mapk12,24.04877,21.85373,22.41046,22.41046
Uncx,,,,
Slc22a1,,,,
Tuft1,20.93984,,19.3156,20.12772
Hps1,,,,
Rfng,,,,
Lfng,,,,
Pex5,21.85159,,20.49599,21.17379
Il13ra1,,,,
Napsa,,,,
C3ar1,,,22.44983,22.44983
Krtap6-1;Krtap6-5;Gm10229,,,,
Wrn,19.40016,19.83663,,19.618395
Dusp8,,,,
Epha8,,15.93431,,15.93431
Nfatc2ip,20.98412,19.9333,19.37186,19.9333
Casq1,24.56657,,21.58637,23.07647
Psmc3ip,,,,
Arx,22.78654,21.86344,20.29524,21.86344
Cnih2,,,,
Lrrc23,23.16443,22.00857,21.4764,22.00857
Emg1,27.48447,23.0326,26.6983,26.6983
Terf2,,,,
Bet1l,23.86948,24.99386,25.39071,24.99386
Celsr1,13.80675,18.98537,17.28473,17.28473
Nedd9,,18.47207,18.67066,18.571365
Cdk2ap1,21.69778,,,21.69778
Cenpa,,21.41033,,21.41033
Kcnh2,,,,
Psmd4,26.7465,25.04631,24.95167,25.04631
Ebi3,,,,
Kifc3,24.40574,23.23844,23.3041,23.3041
Smad7,,,,
E2f3,,,,
Batf,21.03046,,,21.03046
Aoah,17.55592,,19.13819,18.347055
Tnfrsf11a,,,,
Nmi,26.57293,24.65845,24.60207,24.65845
Hs3st1,,20.27935,,20.27935
Pbx3,24.28736,22.96737,23.62823,23.62823
Bok,,,,
Crcp,24.97496,22.50492,25.30769,24.97496
Rnf5,25.02196,23.89458,24.34624,24.34624
Atf6b,,,,
C1d,20.6398,,,20.6398
Crygs,27.54045,27.1033,27.44648,27.44648
Bhmt,18.69456,,,18.69456
Clk4,18.10139,,,18.10139
Zfpm1,,,,
Hyal2,21.04153,21.07868,20.94614,21.04153
Stag2,,,,
Anxa8,22.566,21.49424,22.15638,22.15638
Capn6,,18.33525,,18.33525
Neu1,24.17211,23.30577,23.05975,23.30577
Hap1,,,,
Ndufa1,29.19667,29.01983,28.64337,29.01983
St8sia2,19.96155,21.01638,17.47175,19.96155
Rad51b,,,17.84739,17.84739
Cflar,21.77141,19.71213,19.98649,19.98649
Klf12,24.18359,22.81925,22.821,22.821
Klf9,,,,
Cited2,,,,
Chil3,,,,
Emp3,,20.02891,,20.02891
Ctnnd2,,,,
Aldh1a7,,20.29165,20.52898,20.410315
Per1,18.77575,19.88532,17.68641,18.77575
Nthl1,23.92931,21.50901,17.89071,21.50901
Pbx2,21.01202,,18.69619,19.854105
Pias3,,,,
Mmp15,17.96984,18.97821,21.79166,18.97821
Cyp2j6,16.62827,,,16.62827
Dffa,,,,
Dffb,,20.56263,,20.56263
Mafg,23.52564,21.85049,22.15369,22.15369
Maff,24.58652,21.73896,23.28588,23.28588
Gjd2,,,,
Tyrobp,,,,
Itgb3,16.24329,16.28802,,16.265655
B3galt1,,,,
B3galt2,19.27294,21.21472,20.80373,20.80373
Nfkbie,24.42188,18.4184,22.27904,22.27904
Bcl2l11,20.79931,18.11421,23.17356,20.79931
Wsb1,15.42289,14.35913,14.5254,14.5254
Akap2,22.92691,20.05099,21.47179,21.47179
Akap2,20.49453,21.25994,21.18942,21.18942
Sema6b,,,,
Pole2,,,,
Mapkapk5,24.03095,21.48846,23.26871,23.26871
Trdmt1,20.53108,,19.93848,20.23478
Syngr1,,,,
2015-09-07 00:00:00,,,,
Atp2a2,,,18.43315,18.43315
Cbx4,21.52688,20.66674,20.6206,20.66674
Slc6a2,,,,
Ldb2,,,,
Sigmar1,22.84472,24.61818,25.09507,24.61818
Aurkb,21.03012,20.58976,22.24493,21.03012
Ninj1,23.02913,21.07881,22.99812,22.99812
Fcn1,,,,
Adcyap1,,,,
Birc5,,,,
Atp9a,,,,
Tpst1,21.52578,20.2903,21.52128,21.52128
Grem1;Grem2,,,,
Dxo,20.68731,22.34981,20.39027,20.68731
Ca11,,,,
Cbfa2t2,,,,
Tspan6,25.10937,26.32267,26.27886,26.27886
Gtf2h4,,21.12275,22.48466,21.803705
Bard1,,,,
Dok2,21.17913,20.06276,21.05993,21.05993
Tmem131,20.93077,18.13771,20.56188,20.56188
Pknox1,23.9004,21.1767,21.12029,21.1767
Tnfaip1,22.74552,19.52782,19.92085,19.92085
Stra6,21.51051,,,21.51051
Hsd17b12,,,,
Kdm6a,21.04747,20.5264,20.45192,20.5264
Pdk4,23.81627,22.68365,22.25254,22.68365
Slc25a17,23.17191,20.23608,,21.703995
Cask,,,19.66884,19.66884
Myoc,22.44715,22.45836,22.41095,22.44715
Ly86,,,,
Ttc3,,,,
Ttc3,18.59518,,,18.59518
Col5a1,19.01756,15.84336,,17.43046
Wiz,23.3098,21.93589,20.46004,21.93589
Agr2,,,,
Ntsr1,,19.78389,,19.78389
Cd83,,,,
Tgfbr3,20.35132,,,20.35132
Grpel2,23.82279,24.37338,25.22634,24.37338
Nme6,23.72224,24.33538,23.52217,23.72224
Igf2bp1,21.96776,19.17882,20.29435,20.29435
Plin4,22.94555,22.82893,22.75845,22.82893
Gpr50,24.20255,,,24.20255
Ap1g2,22.06392,19.76392,21.65368,21.65368
Dll3,,,,
Fpr2,,,,
Parp2,20.12402,19.8692,21.56309,20.12402
Hnrnpa2b1,,,,
Lrp6,19.0758,18.77427,18.18015,18.77427
Sap30,21.2815,19.91636,18.81156,19.91636
Pglyrp1,,,,
Usp2,21.77656,20.70109,22.17228,21.77656
Slc28a2,,,,
Emp2,26.70359,27.82905,27.95388,27.82905
Rrad,23.89328,22.56107,23.35421,23.35421
Dgka,22.08219,20.50436,20.92948,20.92948
Stk16,23.51977,22.09407,21.90286,22.09407
Blm,,,,
Orc4,23.30341,21.54858,21.30536,21.54858
Map7,22.55309,19.50907,20.26224,20.26224
F11r,,,,
Lect2,,,,
Sc5d,,,21.40307,21.40307
Jtb,,,,
Spsb2,23.28023,22.551,21.94321,22.551
Adam15,18.34069,21.98012,,20.160405
Fgd3,21.49868,19.22757,18.78947,19.22757
Cradd,,,,
Tspyl1,,18.28609,,18.28609
Tpst2,20.16987,,,20.16987
Hunk,19.31174,23.0231,14.45424,19.31174
Ccnk,23.38232,22.44137,20.49541,22.44137
Zfand5,,,,
Apba3,24.25046,21.69676,22.81476,22.81476
Hipk1,,18.80993,19.77502,19.292475
Pias1,24.6796,22.70681,22.62337,22.70681
F10,,20.52172,,20.52172
Tcn2,,,20.77314,20.77314
Actn3,,,,
C1ql1,21.49911,,,21.49911
Abcd4,23.76274,21.08382,21.71486,21.71486
Afm,,,,
Pde4a,,,,
Pde4a,,,,
Fgf14,,,,
Cst7,17.48204,,,17.48204
Fgf18,,,,
Cd93,,,20.4403,20.4403
Adh1,21.81917,20.80381,20.57681,20.80381
Amy1,,,,
Odc1,21.71645,18.84956,20.51884,20.51884
C4b,26.63048,24.82459,24.99257,24.99257
Fos,21.93715,18.40087,18.01023,18.40087
Pomc,,,,
Ins1,,,,
Il1a,20.99335,,,20.99335
,25.18003,23.31783,25.08225,25.08225
Ighm,,,,
H2-L,25.19254,24.68517,25.06903,25.06903
H2-Q10,,,,
H2-D1,23.16054,23.12829,21.82625,23.12829
H2-K1,24.87469,25.07218,24.33224,24.87469
Hbb-b1,18.86698,,,18.86698
Hbb-b2,,,,
Hbb-y,22.14395,,,22.14395
Afp,18.33682,,,18.33682
Mt2,32.43246,30.90369,29.92705,30.90369
Mt1,32.23181,31.67051,30.98278,31.67051
mt-Nd3;Mtnd3,,,24.61437,24.61437
mt-Nd4l;Mtnd4l,,,,
Cfd,,,,
Iap,22.09861,21.02242,20.45483,21.02242
H2-K1,21.90797,22.93085,18.90651,21.90797
Gfap,21.30864,,,21.30864
Krt1,21.07848,,,21.07848
Fabp4,28.18343,27.72994,27.98076,27.98076
Tk1,,,,
H2-K1,,,,
Mb,,,,
Mbp,,22.67642,22.20923,22.442825
Mbp,,,,
Cd74,,,,
Cd74,,,,
Hbb-bh1,,20.11248,,20.11248
Saa3,25.16377,22.93074,24.46039,24.46039
Slc4a1,,20.09016,22.08031,21.085235
Tuba3a,,21.72293,,21.72293
Xlr,,,,
Ly6a,,,,
Jun,22.80662,21.74587,23.31741,22.80662
H2-T23,,14.29139,,14.29139
H2-Ab1,,,23.38864,23.38864
H2-Ab1,,,,
C9,,,,
Apoa4,19.82836,,,19.82836
Abcb1b,21.27503,20.90463,19.45674,20.90463
Plau,,19.38724,,19.38724
Prl,,,,
Csf1,19.96888,19.391,20.1756,19.96888
Tyms,24.49832,25.67303,23.47172,24.49832
Spta1,20.48089,21.45217,,20.96653
Egr1,,,,
Ltf,,,18.74662,18.74662
Cbr2,,,,
Fcgr2;Fcgr2b,,,,
Fcgr3,23.92588,21.3714,22.99281,22.99281
Lyz2,25.0203,24.20978,24.10797,24.20978
Hoxa5,,,,
Pgk2,,22.59742,22.47415,22.535785
En1,,,,
En2,,,,
Junb,24.03867,18.84107,18.84626,18.84626
Cdh1,,,,
Apoa2,,,,
Pde11a,,,,
Gpr52,,,,
Atxn1l,21.90522,,,21.90522
Gm20604;Gm28051;AK010878,28.23434,26.40433,27.05517,27.05517
Smim1,27.06425,26.3245,26.20492,26.3245
Alkbh1,22.21345,26.79687,27.02105,26.79687
Chtf8,21.19532,,,21.19532
Znf703,,18.03392,15.97701,17.005465
Nrxn1,,,,
Pet117,24.28023,22.14684,,23.213535
Bcl2,23.69562,23.88241,24.52361,23.88241
Eif4a2,,,,
Mapt,,,,
Tcea1,,,,
Hist1h2bf;Hist1h2bb,27.30783,28.30443,28.41712,28.30443
Parp1,,,,
Lpl,24.88586,21.20705,19.11322,21.20705
Rrm2,22.8578,17.81215,,20.334975
Plat,26.22558,25.6272,25.74776,25.74776
Mpo,,,,
Fn1,,21.45829,21.92445,21.69137
Fv4,,,,
Cdk1,23.27042,23.00177,22.71037,23.00177
Cd1d1;Cd1d2,20.16263,,21.96183,21.06223
Lcn2,,,,
Cfp,22.17749,,,22.17749
Otc,22.23605,22.13849,21.30117,22.13849
Gas2,,,17.64688,17.64688
,,,,
,,,,
,,,,
Oas1a,21.19695,,16.06731,18.63213
App,,,,
Mdk,23.28235,20.73488,22.0351,22.0351
Apcs,20.87125,,22.17658,21.523915
Serpinb2,23.92778,22.36914,19.02996,22.36914
Ctla2b,,,,
Fabp1,,,,
Fgl2,19.80199,18.17182,25.53653,19.80199
Gsn,,,,
Rb1,21.84782,20.79106,20.01073,20.79106
Scd1,,,,
Myh3,,15.52231,,15.52231
Myh8,,,,
Srgn,21.37782,,,21.37782
Ca1,,,,
Ccl4,,,,
Slc2a4,,,,
Gypa,,,,
Fgr,,,,
Il1rl1,,,,
Anxa6,,,,
Ets2,,,,
Jund,25.98253,24.79585,23.63533,24.79585
Cpa3,,,,
Ifi204,,,,
Ifngr1,21.26825,20.28331,20.50891,20.50891
Thbd,,,,
Irf1,,,,
Prph,,,,
B4galt1,23.60863,20.6136,,22.111115
Znf271,,,,
Fgf2,24.93733,24.84355,24.45951,24.84355
Klk1b11,,,,
Klk1,,,,
Klk1b9,,,,
Usp53,23.80863,22.48903,22.57219,22.57219
Il4r,20.14358,,,20.14358
Sptan1,21.4705,21.18265,20.06723,21.18265
Hspa1l,20.1801,,22.61823,21.399165
Fes,19.95773,18.83898,21.37528,19.95773
Zfx,23.05356,24.08286,21.74057,23.05356
Hmga1,29.351,29.51563,29.29097,29.351
Spi1,,,21.50349,21.50349
Hk1,,,,
Hspa1b,,,,
Lyz1,27.72702,26.50259,25.26166,26.50259
Mthfd2,27.14472,28.28727,28.50359,28.28727
Cd48,,18.60545,,18.60545
Npr1,21.3611,21.46274,,21.41192
Sell,,,,
Cyr61,25.02403,24.37411,25.09957,25.02403
Ighv5-2;Ighv5-9,24.82002,,,24.82002
Hmgn1,32.29151,31.05038,31.127,31.127
Rps6ka1,,,,
Sdc1,,,21.0308,21.0308
Ifrd1,24.2627,23.11497,22.90494,23.11497
F2,24.16415,23.50494,23.71502,23.71502
Mgp,,,,
Lsp1,21.10476,19.6185,18.2928,19.6185
Sag,,,,
Fcer1g,,,,
Prim1,21.56635,18.72131,20.7708,20.7708
Bmp6,21.69396,,,21.69396
Mag,,,,
Plg,25.76929,23.57439,23.92561,23.92561
Evi2a,21.21851,,20.02864,20.623575
C2,,,,
Bmp4,22.63768,20.84621,24.34286,22.63768
Akr1b7,,23.61975,23.55906,23.589405
Abcb4,,,,
Gc,,,,
Penk,,18.40079,,18.40079
Il6ra,,,,
Wnt5a,24.76456,23.18132,17.75812,23.18132
Serpine1,,20.21975,21.31413,20.76694
Zfp36,20.69804,,,20.69804
Furin,18.34767,18.26582,18.38961,18.34767
Prkch,18.27858,20.04873,,19.163655
Ggta1,22.66075,20.56458,20.64033,20.64033
Pcgf2,,24.95229,24.63245,24.79237
Mdm2,18.21134,17.61518,,17.91326
Gria2,,,,
Irf2,,,19.38669,19.38669
Zfp36l2,25.21756,24.70641,23.72733,24.70641
Zfp36l1,22.71226,22.79031,22.77878,22.77878
Ces1c,22.83854,23.22783,23.28193,23.22783
Wnt7a,,20.31617,21.41354,20.864855
Pmp2,,,,
Tec,18.51526,,18.93667,18.725965
Il1rn,20.45643,22.68834,20.26579,20.45643
Tnfrsf1a,,17.79221,,17.79221
Tnfrsf1b,,,,
Col8a2,,,,
Ccnd1,25.36115,24.60014,23.15043,24.60014
Fas,26.91022,26.38995,26.38153,26.38995
Lyn,22.80002,22.07744,22.01495,22.07744
Mgmt,25.41438,24.94512,24.70909,24.94512
Klkb1,24.656,22.54125,23.54628,23.54628
Sars,,,,
Il3ra,,,,
Csf2rb2,18.37318,,,18.37318
Csf2rb,,21.3181,21.89984,21.60897
Tgfb2,22.36533,22.61977,22.54307,22.54307
Cd40,,,,
H2afx,29.40544,28.49396,29.21558,29.21558
Ccl6,21.14631,21.09539,,21.12085
Cenpb,,,,
Mgat1,23.60275,21.04133,21.30346,21.30346
Cebpb,21.18035,20.69404,21.03731,21.03731
Wnt7b,,,,
Psmb9,24.41338,22.68558,23.07204,23.07204
Mt3,30.72972,31.33208,29.97937,30.72972
Gjc1,,23.64295,24.15892,23.900935
Ctsg,,,,
Lox,21.85552,,,21.85552
Htr1b,,,,
Hoxd10,,,,
Ipp,19.26323,19.1694,18.9533,19.1694
2015-09-04 00:00:00,,,,
Mug1,23.57831,22.4146,23.14323,23.14323
Mug2,,,,
Rxra,20.16398,20.5882,21.8233,20.5882
Kif2a,19.02348,,,19.02348
Prkcd,,,,
Ctgf,21.74616,21.4094,20.9008,21.4094
Nos2,,,,
Ahsg,,,,
Vtn,,18.40445,27.17312,22.788785
Dct,,,19.42898,19.42898
Gsta3,,,22.03255,22.03255
Ccnb2,,,21.69485,21.69485
Ccnd2,23.40769,22.38448,23.29852,23.29852
Ccnd3,,,,
Cdk4,27.44277,26.64595,26.69232,26.69232
Alox5ap,27.22223,25.88542,26.2786,26.2786
Ppic,26.38497,24.55356,25.38126,25.38126
Nktr,17.49357,19.2303,18.18954,18.18954
Tacr1,21.02911,,,21.02911
Cbx2,,,,
Gna14,25.21015,24.02361,23.35622,24.02361
Gna15,,,,
Sstr2,,,,
Ctnnd1,,,,
Pdgfb,,,,
Uba1y,,,,
Rbpj,25.43648,24.30793,24.87253,24.87253
Saa4,,,,
Slc6a13,23.74489,22.40385,22.66047,22.66047
S100a9,,,,
Ceacam1,,,,
Cd68,24.89689,24.11862,24.92751,24.89689
Ghrhr,,,,
Chrm4,,,,
Serpinc1,26.75901,26.13848,26.7637,26.75901
Oprd1,,,,
Pvrl2,,21.09552,,21.09552
Vip,,,21.08667,21.08667
Kif4,17.80474,18.96742,16.93675,17.80474
Nedd1,25.15244,23.62912,23.7602,23.7602
Cyp2f2,,,,
Mmp13,,18.19138,,18.19138
Proc,21.81026,20.44324,20.95411,20.95411
Pola1,25.73218,20.56365,20.21727,20.56365
Prim2,21.96198,22.97141,23.33906,22.97141
Pola2,21.36148,20.41493,19.79878,20.41493
Fpr1,,19.40699,,19.40699
Ifnar1,16.33558,,,16.33558
Apoc1,,,,
Stfa3,23.48136,23.91689,20.53079,23.48136
Stfa2,,,,
Stfa1,,,,
Rab12,24.28235,23.40445,23.23389,23.40445
Rab17,,,,
Rab19,,,,
Crhr1,,17.53609,17.94106,17.738575
Htr2a,26.16315,22.57191,24.95362,24.95362
Hspb7,,,,
Ppard,,,,
Thbs1,22.13684,22.32075,22.44995,22.32075
Avp,,,,
Plaur,20.50669,21.79689,21.24208,21.24208
Hal,29.09063,19.49535,18.93359,19.49535
Ercc5,20.58637,,,20.58637
Ttk,18.12631,,,18.12631
Folr1,28.42282,26.94145,27.61463,27.61463
Fmr1,21.78584,18.85145,21.38869,21.38869
Egfbp2;Klk1b26,,,,
Bmpr1b,,,,
Ppm1b,21.48493,19.3152,19.58545,19.58545
Acvr1,22.36239,20.95319,18.11939,20.95319
Cd69,,18.56811,17.89475,18.23143
Fbln2,26.21621,24.61515,24.73469,24.73469
Lig1,,,,
Hsf1,22.98014,,20.77668,21.87841
Hsf2,,,,
Cdh4,23.64196,23.47803,22.67444,23.47803
Mbl1,,,,
Dnm2,21.65727,21.27555,19.35643,21.27555
Dnm2,22.62812,15.10942,22.37178,22.37178
Traf1,24.8208,22.89613,23.16242,23.16242
Traf2,26.24587,25.25115,25.0029,25.25115
Alox12,,,,
Fyn,20.1047,,20.66969,20.387195
Cdkn1a,18.06097,,,18.06097
Timp3,27.12544,25.34959,26.13667,26.13667
Csf3r,,,,
Sox6,,,,
Syt4,16.14466,,,16.14466
Id4,,,,
Bcl6,19.46675,18.73115,19.64246,19.46675
Mmp9,,,13.26286,13.26286
Slc11a1,24.04218,,19.53629,21.789235
Tnfsf9,,,,
Mbl2,,,,
Tac1,,18.53176,,18.53176
Vipr2,,,,
Cd63,27.14151,29.13411,29.38632,29.13411
Elk1,18.58926,,,18.58926
Cd86,,23.16596,19.25202,21.20899
Stat3,22.22164,20.92723,20.63883,20.92723
Nkx2-2,,,,
Dpagt1,20.06737,,,20.06737
Clec3b,,,,
Hhex,20.74403,,,20.74403
Nr2f2,,,,
Nr2f6,20.94414,,,20.94414
Sdc2,26.23738,24.70651,24.73619,24.73619
Plin2,21.88896,20.74427,22.64513,21.88896
Akr1b8,26.94134,25.23019,26.65772,26.65772
Man1a1,24.80538,24.78696,23.69975,24.78696
Fdx1,24.49002,23.91315,25.31558,24.49002
Zic1,,,,
Myo1b,,,,
Gal,22.08115,,,22.08115
Ccr7,,,,
Gsr,,,,
Wee1,,15.76352,17.79329,16.778405
Mapk14,,20.62925,20.95922,20.794235
Igfbp2,26.9862,25.81069,26.68726,26.68726
Igfbp3,25.67791,24.20963,25.64946,25.64946
Fosl2,23.15954,22.91517,21.83368,22.91517
Epb41;Epb4.1,,,19.12813,19.12813
Ednrb,22.05782,22.96667,22.79674,22.79674
Il15,,,,
Rfx1,23.99516,23.58187,23.63733,23.63733
Rfx2,24.67314,23.37822,23.15516,23.37822
Prox1,20.73455,,22.90921,21.82188
Idua,22.39312,21.49062,21.85939,21.85939
Fosl1,,,,
Ptx3,22.37023,,,22.37023
Neurod6,,,,
Ivl,17.78309,20.00826,17.57089,17.78309
Bmp5,,,,
Serpind1,24.71408,22.67543,23.52049,23.52049
Epb42;Epb4.2,21.37013,17.60733,17.61382,17.61382
Slc11a2,23.70809,25.86155,26.45256,25.86155
Slc11a2,20.16607,,,20.16607
Epx,,,19.47625,19.47625
Cenpc,20.72184,19.05624,20.71791,20.71791
Cdkn1c,,20.41782,18.20122,19.30952
Ltbr,,,,
Nat1,,,,
Nat2,25.80213,25.00282,24.95305,25.00282
Shmt1,20.60286,,,20.60286
Csrp3,21.47293,17.36273,19.13791,19.13791
S100a11,28.00608,28.57084,27.50885,28.00608
Tspo,21.06329,19.83997,24.90169,21.06329
Camp,,,,
Rora,,,21.23386,21.23386
Cntf,30.66391,28.68986,28.99591,28.99591
Hsd11b2,,,,
Ccl9,,,,
Ccr1,,20.0671,19.49639,19.781745
Adcy7,21.41947,21.85897,23.11011,21.85897
Ocm,,,,
Apobec1,,,22.97891,22.97891
Ccna2,19.21883,,,19.21883
Sqle,24.68459,23.91388,23.31755,23.91388
Pon1,,,20.91845,20.91845
Usp10,,,,
Ube2e1,23.79035,,23.08997,23.44016
S1pr2,,,25.33385,25.33385
Efna2,,,,
Hmga2,26.81507,27.16959,26.46375,26.81507
Epb41l4a,23.51605,23.06059,23.06617,23.06617
Rpl10a,,,,
Map3k1,,,,
Plk2,,,,
Nudt1,21.06809,,21.59072,21.329405
Cux1,,18.59758,,18.59758
Cebpa,,,21.89408,21.89408
Cebpg,26.69232,26.31698,26.85519,26.69232
Pklr,,,,
Arnt,21.25407,22.33772,20.42849,21.25407
Sox1,,22.22267,,22.22267
Sox3,,,,
Pctp,22.85483,,,22.85483
Cnbp,25.71474,24.99865,24.26098,24.99865
Eln,23.48959,22.71737,23.01488,23.01488
St3gal1,21.82745,21.91273,21.75263,21.82745
Ephb4,20.4914,19.05142,18.88507,19.05142
Mafb,,,,
Maf,,,,
Mfap2,,,,
Gcg,,,,
Adk,,,,
Cdkn2b,20.65814,,17.48786,19.073
Dsc2,23.22292,22.73076,23.39885,23.22292
Golga3,20.86673,22.66018,21.4066,21.4066
Cks2,19.09086,19.74792,19.36592,19.36592
Cox7b,30.95144,31.38869,30.94119,30.95144
Cckbr,,,,
Csta,,,,
St14,,,16.83541,16.83541
Evc,22.99843,19.8372,21.60132,21.60132
Pcbp3,22.72825,,,22.72825
Pcbp4,25.73573,24.51719,23.5775,24.51719
Rce1,22.45503,,18.73747,20.59625
Loxl2,22.46605,21.72067,21.57478,21.72067
Sesn2,24.67401,23.16892,23.36359,23.36359
Plscr4,24.47643,,,24.47643
Rnf216,21.27281,20.27185,20.03952,20.27185
Kcnn3,21.27634,20.02432,20.41152,20.41152
Fam207a,,21.07627,21.34614,21.211205
Btbd3,,,,
Tlr8,,18.65334,19.78192,19.21763
,,,,
Tpm2,27.00657,26.11613,25.67368,26.11613
Ripk2,23.82949,22.35504,22.31257,22.35504
Lrrc3,,,,
Pdrg1,25.08631,23.71743,25.14211,25.08631
Csrnp3,,,,
L3mbtl2,,,,
Scarf2,21.85616,18.57714,,20.21665
Fitm2,24.51665,,,24.51665
Zdhhc9,,,,
B3gat2,,,,
Adamts15,,20.70986,,20.70986
Asxl1,,,,
Fxyd7,,,,
Anks1a,22.06989,20.01264,21.50213,21.50213
Rin3,19.526,18.77468,18.62532,18.77468
Sirt6,,,,
Elof1,28.09189,26.83074,28.34036,28.09189
Sst,,,,
Cks1b;Cks1brt,,,,
Ube2d1,,,26.42792,26.42792
Tmem258,24.1255,23.25537,23.44607,23.44607
Drd2,,,,
Cops2,,,,
Arf3,,,,
Arl4a,19.61872,21.09758,,20.35815
Taf13,,,,
Polr2f,26.14346,,,26.14346
Ypel3,,,,
Gal3st3,,,,
Fgf12,,,,
Lhx5,,,,
Smg6,23.0444,21.43853,21.59122,21.59122
Rnd3,22.12676,18.81806,,20.47241
Itga11,18.45314,,,18.45314
Lmo4,22.44144,20.93164,20.04046,20.93164
Tspan5,22.45048,21.76693,21.58971,21.76693
Btg1,,,,
Rab11a,,,,
Tsc22d1,,,,
Esrrg,19.93977,19.52747,19.41557,19.52747
Pou3f4,,20.63325,23.52217,22.07771
S100a3,,,,
Rab1A,,,,
Ube2d2,20.03617,23.84891,24.73805,23.84891
Rpl39,29.53036,30.30932,29.05985,29.53036
Cacng7,19.07368,,,19.07368
Pax6,24.66541,24.28277,25.21508,24.66541
Pax6,,,,
Hspd1,,,,
Gng8,,,,
Nfyb,24.42956,24.53154,25.36953,24.53154
Barhl1,17.98354,,,17.98354
Sepw1,,,,
Acta1,,,,
Prkacb,,,,
Tuba1c,24.07904,24.84101,23.68485,24.07904
Prkcb,,,,
Hist1h3a,,,,
Serpinb5,23.28348,18.8906,17.21029,18.8906
Cpeb1,,,,
Pip5k1a,22.01594,20.7628,20.65036,20.7628
Hiat1,,,,
Traf5,20.47189,,17.84616,19.159025
Map4k1,,14.0574,19.4536,16.7555
Gimap1,,,,
Nfix,24.32086,23.29292,21.77471,23.29292
Sepp1,,19.93171,20.74821,20.33996
Cux2,,,,
Ntsr2,,,,
Nos3,,19.28281,,19.28281
Rock2,22.35383,22.34589,21.95798,22.34589
Smad1,19.54495,,21.31136,20.428155
Casp4,,20.76943,,20.76943
Ezh1,18.71018,17.3067,,18.00844
Ncoa1,,,,
Terf1,,,18.82321,18.82321
Igfals,,,,
Dlx5,,,,
Tp53bp1,22.20344,19.8747,,21.03907
Galnt3,22.42877,,,22.42877
Erbb2,22.00185,21.68312,19.14957,21.68312
Irf7,,,,
Fer,,,,
Pde7a,22.00247,19.52116,21.57764,21.57764
Cxcr4,,,,
Ldb1,,23.50773,22.1084,22.808065
Fbp2,,,,
Polr1b,21.00374,18.72996,20.4079,20.4079
Atp8a1,19.39174,19.53366,18.41522,19.39174
Gabpb2,22.55651,19.87938,16.82376,19.87938
Atf1,23.26385,23.01163,21.83101,23.01163
Tgfbi,21.39095,20.28613,19.82935,20.28613
Sgcd,23.52886,22.88642,20.85491,22.88642
Sgcb,21.94771,,,21.94771
Tnfrsf26,,,,
Serf2;Serf1,27.88227,27.45732,27.15596,27.45732
Kcnj13,,,,
Bend4,,,,
Mcl1,24.30452,23.17729,22.37348,23.17729
Serping1,22.86238,20.82089,20.92636,20.92636
Bach1,22.10165,21.25638,20.64711,21.25638
Polr1d,26.49033,24.97329,25.64174,25.64174
Csrp2,29.44898,29.33811,29.06935,29.33811
Dab1,21.85076,20.66544,,21.2581
Kif20a,,,,
Uhmk1,,,,
Pkp1,23.0946,20.81769,21.35976,21.35976
Taf1b,,18.65526,,18.65526
Etv6,21.32444,20.51538,17.68866,20.51538
Bpifa1,,,,
Cdk2,21.14675,20.91218,21.28065,21.14675
G3bp2,,,,
Lyst,21.40691,,,21.40691
Ear2;Ear3,,,,
Ear1;Ear10,,19.63014,18.82656,19.22835
Rgs16,,,,
Mprip,25.10229,24.5134,25.05602,25.05602
Slbp,,,,
Mylpf,,,,
Npas1,,,18.97693,18.97693
Ext1,21.53692,16.19094,,18.86393
Dok1,23.62109,21.43084,23.31852,23.31852
Nog,,,,
Cmklr1,,,,
Aurka,,,,
Lilrb3,,17.25396,,17.25396
Tep1,22.21996,21.10572,22.45613,22.21996
Nkx3-2,,,22.22414,22.22414
Adra1a,,,,
Gdf10,,,16.00527,16.00527
rp9,19.30817,,20.60223,19.9552
Grm1,,,,
Mllt11,21.78772,,,21.78772
Cry1,20.47289,,19.36771,19.9203
Gfra1,22.17023,20.37422,,21.272225
Gfra1,,,,
Sirpa,,,,
Smn1,22.83852,19.78831,,21.313415
Fxyd5,25.04889,,,25.04889
Pstpip1,19.54875,19.89401,19.86697,19.86697
Pla2g6,20.94335,,18.9812,19.962275
Ctsc,28.40251,27.01691,27.58233,27.58233
Adamts1,20.12212,18.24047,20.28433,20.12212
Slc35b1,22.11997,22.18032,21.16429,22.11997
Nfib,,,,
Casp7,25.04972,23.62143,24.28489,24.28489
Loxl1,21.56551,22.54971,18.00196,21.56551
Bmp1,21.30441,17.5268,20.59969,20.59969
Masp1,,,,
Gchfr,26.11362,,26.0982,26.10591
Cebpd,25.28281,24.27035,24.35138,24.35138
Gabpb1,23.92868,,,23.92868
Hmmr,,,16.90736,16.90736
Cd80,18.60989,,,18.60989
Col8a1,26.00367,24.60003,24.80833,24.80833
Serpina1c,,,,
Serpina1d,,24.11211,24.41216,24.262135
Csf2ra,20.97484,,,20.97484
Gjb2,,,,
Axl,21.11521,,20.16251,20.63886
Pde4d,,,,
Hmgcr,22.76927,20.16153,20.01045,20.16153
Adra2a,22.03641,19.89487,,20.96564
Apoh,,,,
Notch1,22.31027,21.73074,21.05649,21.73074
Gas1,25.31157,24.15538,24.75364,24.75364
Ly9,15.52699,18.21613,20.26957,18.21613
Aqp1,,,,
Ascl1,,,,
Zfp39,,,,
Zfp41,,,,
Sap30bp,22.75256,22.07025,22.49302,22.49302
Epha2,23.91907,24.15576,24.36933,24.15576
Ddr1,24.40373,24.19678,23.28207,24.19678
Bche,,15.88658,17.66192,16.77425
Grin2d,20.35982,18.27235,,19.316085
Crisp3,,,,
Serpina3m,,,,
Npy1r,,,,
Emx1,,,,
Pkib,,,18.43864,18.43864
Sox8,,23.21189,,23.21189
Sox9,26.4095,25.47141,25.11502,25.47141
Sox13,,17.12656,,17.12656
Sox14,,,,
Inhba,,,,
Acp5,,,,
Rac2,27.02886,25.75921,25.07521,25.75921
Folr2,,,,
Col9a1,17.52803,17.31875,,17.42339
Sry,,,,
Ptgs2,,16.88691,19.99686,18.441885
Hspg2,24.12313,23.05831,23.1123,23.1123
Adam8,18.74014,20.20204,19.91189,19.91189
Gch1,23.87258,21.11636,21.71217,21.71217
Intu,21.62395,21.45423,21.08719,21.45423
Intu,21.6823,,,21.6823
Mex3c,,21.96937,21.95823,21.9638
,,20.00703,20.0422,20.024615
Eml1,22.18556,20.84827,20.40208,20.84827
Fam89b,23.45475,24.27006,23.5813,23.5813
Hbegf,25.8779,24.72567,24.80538,24.80538
Aplp2,,,,
Serpina6,,,,
Sox4,21.63923,,,21.63923
Ect2,,,,
Map3k8,,,,
Zscan21,16.5904,19.81333,21.27986,19.81333
Mtf1,,,19.9245,19.9245
Ambp,26.16854,23.49057,26.51766,26.16854
Cd244,,17.6513,,17.6513
Ebf1,,,,
Plk1,20.4499,,,20.4499
F13b,21.52224,19.56292,18.75841,19.56292
Cbfb,,24.29495,,24.29495
Tle3,,,,
Tgm3,,,,
Zbtb14,,18.65784,,18.65784
Kcnma1,,,,
Ifi205b,23.49668,20.69294,,22.09481
Tfdp1,24.80474,22.58422,21.46573,22.58422
Rbp2,24.66101,26.29065,26.35899,26.29065
,19.99645,20.18471,18.2813,19.99645
Galnt14,,,,
Gcnt1,,,,
Asprv1,,,,
Inf2,,19.69546,,19.69546
Fam184b,17.64653,,,17.64653
Neurl1b,,,,
Eif4e2,,,23.32636,23.32636
Cntnap5c,17.47144,,,17.47144
Cntnap5b,22.17326,24.93409,26.18238,24.93409
Exph5,,,,
Tigd2,,,,
Ppapdc1a,,,,
Rundc1,23.13317,20.14071,19.91523,20.14071
Znf800;Zfp800,22.97074,21.65853,21.92474,21.92474
,,,,
Mgat3,,,,
Fut4,,,,
St3gal2,,20.00388,,20.00388
Ppp1r32,21.86272,22.5322,21.6368,21.86272
Fam83h,20.42429,18.85808,21.11763,20.42429
Perm1,,,,
Tekt4,20.62774,18.24372,16.44952,18.24372
Ppm1j,,,,
Cenpl,,,,
Rpusd3,20.92245,21.74139,20.99921,20.99921
,,19.76693,,19.76693
Cdk12,21.41183,21.02776,21.21353,21.21353
Cep95,21.28212,20.93927,21.03939,21.03939
Cdca2,,,,
Kif9,20.17694,20.43929,20.17463,20.17694
,22.6474,20.99162,21.30708,21.30708
Zfp935,,,,
Fam219b,,,,
Dok7,20.51432,,,20.51432
Zbtb48,,21.20741,18.80659,20.007
Map3k13,,,,
Slc35f3,27.66024,27.56652,27.60922,27.60922
Trim72,,,,
Dok6,,20.27378,,20.27378
Tctn2,22.93179,22.64513,21.92644,22.64513
Vax1,,,,
Malt1,,,,
Malt1,22.41625,21.53744,22.2928,22.2928
Ms4a6d,,,,
Col28a1,,,,
Gbp8,18.67996,,,18.67996
Cd163,,,,
Helq,18.81212,17.59368,,18.2029
Pilra,,,,
H2-M3,,,21.39189,21.39189
H2-DMb1;H2-DMb2,,,,
Slc39a7,23.58829,23.80666,23.44531,23.58829
H2-DMa,,,,
Ak8,21.78576,20.41204,19.82861,20.41204
Dus4l,,,21.65119,21.65119
,,,,
Acot6,20.26224,,,20.26224
Pdss1,,17.90325,,17.90325
Pdss2,20.52755,21.38084,19.46062,20.52755
Nhej1,20.28647,,22.03426,21.160365
Cyb5r2,24.94423,26.02701,25.59243,25.59243
Tmem69,,,,
Zbtb38,17.8317,,,17.8317
Ccbe1,,23.99903,24.40041,24.19972
Tnip3,,,,
Slc2a9,,,,
Tmem120b,,,,
Selplg,,,,
Alg6,,16.15312,,16.15312
Ap5b1,,19.21831,,19.21831
Milr1,21.01604,,18.53104,19.77354
Tnfaip8l3,,,,
Tmem248,,,,
Tmem173,23.31063,21.4287,,22.369665
Kcnk6,,20.42132,,20.42132
Il1rn,,,,
Dnm2,21.58059,19.80063,19.74914,19.80063
Entpd7,18.61949,17.68968,,18.154585
Gsap,16.22639,,19.07564,17.651015
Pigq,,18.85547,21.25413,20.0548
Sppl2b,19.34726,21.34186,21.6539,21.34186
Zfp444,17.65655,,,17.65655
Mpzl1,23.0267,22.53457,23.37239,23.0267
Gpatch4,21.31678,21.68368,21.74283,21.68368
Atxn2l,,,,
H2-K1,,,,
Ttyh2,16.76215,19.85644,,18.309295
Schip1,,,,
Slc37a3,,,,
Fubp3,,18.12192,,18.12192
Llgl2,22.74314,20.44395,,21.593545
Pdlim7,29.8284,28.93157,28.92213,28.93157
Cenpt,,,,
Uba3,20.1657,19.8311,,19.9984
Prrc2c,,,,
Dtl,,,,
Smox,19.34815,20.45663,21.73389,20.45663
Micall2,25.74607,24.39159,24.14227,24.39159
Xylb,27.36444,25.83195,26.37327,26.37327
Fgd3,25.53686,25.04331,23.82124,25.04331
Itprip,20.09029,21.82334,16.8364,20.09029
Adamts4,20.35735,17.8558,19.5599,19.5599
Ctdnep1,22.40218,,22.16579,22.283985
Tmem184c,22.52023,20.39236,,21.456295
Fbxo31,,19.33926,22.59026,20.96476
Zfp607,,,,
Calr4,20.0478,21.55412,21.61486,21.55412
Orc6,,,22.61749,22.61749
Gm1604A,,,,
Alkbh5,25.65485,24.36766,23.95216,24.36766
Ubxn8,21.3648,20.99307,,21.178935
,22.80574,19.40085,21.42655,21.42655
Yeats2,22.18852,19.43047,21.42834,21.42834
Dcaf17,19.62083,19.45427,19.54793,19.54793
Tex30,20.449,19.52822,,19.98861
Nr2c2ap,24.52325,24.00041,24.61493,24.52325
Ccndbp1,20.91232,,,20.91232
Hexim2,16.79741,,,16.79741
Fam105a,20.94685,20.52535,,20.7361
Tchp,,,,
Pnrc1,,,,
Gabbr1,,,,
Ap2m1,,,,
Inip,,,,
Zfyve27,,,,
Aox4,,,,
C5ar1,23.29179,,,23.29179
Slc25a33,,21.24138,,21.24138
Hbq1b;Hbq1a,,,,
Trappc9,,,,
Il1f9;Il36g,,,,
Rasip1,,,,
Zfp277,,21.06072,21.30986,21.18529
Zfp217,18.54231,16.69234,,17.617325
B3gntl1,21.5435,,,21.5435
Znf746,21.06553,,20.26614,20.665835
Cables1,21.78521,20.6172,20.26888,20.6172
Ccdc174,20.61009,20.18083,18.96149,20.18083
Crtc2,23.56116,23.09703,22.59735,23.09703
Secisbp2,,19.37033,20.71741,20.04387
Tatdn3,24.13391,22.04003,22.97895,22.97895
Lins,22.83981,15.83474,,19.337275
,20.8292,23.58898,,22.20909
Isg20l2,25.04502,22.40083,22.56521,22.56521
Slc38a5,,,,
Tfpt,17.26691,21.21009,,19.2385
Zmynd8,,,,
Srebf2,21.95589,19.73362,20.49707,20.49707
Brms1l,,,20.38205,20.38205
Map3k9,,,20.13069,20.13069
Gpsm3,22.75273,23.20459,23.59673,23.20459
Tstd2,20.70514,21.159,19.92495,20.70514
Sdhaf1,,,,
Tmem231,24.41035,24.59747,24.33552,24.41035
Lcorl,20.73438,,28.29136,24.51287
D030056L22Rik,,,,
Rnf149,,,18.9725,18.9725
Zmym5,12.85656,,18.90442,15.88049
Camkmt,,23.02489,23.24793,23.13641
Fam193b,,22.89341,21.54713,22.22027
Hvcn1,,24.43505,24.59531,24.51518
Pdcd7,20.75955,,,20.75955
Kiaa0922,19.66105,17.84095,17.78174,17.84095
Znf865;Zfp865,20.24226,,18.08223,19.162245
Clec4n;Clec6a,,20.75605,,20.75605
Mier2,,,,
Wdr62,18.8498,20.57579,19.65494,19.65494
Mxi1,,,,
Cd37,,,,
Cln6,24.90963,24.97732,24.89231,24.90963
Mfsd12,,,,
Ssbp4,,,,
Icmt,20.47971,22.51807,23.13685,22.51807
Psen2,21.19442,,,21.19442
Lig1,22.50106,15.14011,22.14482,22.14482
Yrdc,24.07022,24.92402,24.69769,24.69769
Stx11,22.01311,21.17445,22.36102,22.01311
Spata6,23.91643,23.45362,23.04133,23.45362
,23.42956,23.66644,22.6636,23.42956
Pik3r6,,,19.77079,19.77079
Gtpbp6,24.19535,22.13802,22.91227,22.91227
Rnf180,23.82978,22.75163,23.29362,23.29362
Arhgap26,,,,
Myeov2,,,,
Suv420h1,,,,
Col5a2,22.02059,18.55315,18.34776,18.55315
Rnf166,,20.88673,21.81069,21.34871
Bad,,,,
Slc16a10,,,,
Trip13,19.95929,19.83342,19.87722,19.87722
Spc25,,,,
Tbrg1,,22.63081,20.21419,21.4225
Rsrp1,,,,
Rffl,,20.86393,20.89119,20.87756
Foxk2,,,,
Poldip3,,,,
Mob1b,22.83061,24.00076,24.68405,24.00076
Hgsnat,25.22258,,22.88224,24.05241
Puf60,,,,
Gm4951,21.05212,18.25705,20.28963,20.28963
Uroc1,,19.80002,21.0749,20.43746
Rnft2,,,,
Bag6,,,,
Nom1,19.95929,18.04729,19.9369,19.9369
Dgcr14,21.68046,22.3978,20.35348,21.68046
Gpatch11,23.84537,23.96111,,23.90324
Rrp36,,,20.38184,20.38184
Rsph3a;Rsph3b,21.04933,18.90245,,19.97589
Kmt2e,18.59011,20.77145,22.29922,20.77145
Nat9,24.61588,24.37637,24.72114,24.61588
Rreb1,19.26082,18.41572,18.30621,18.41572
Sdk1,18.78839,16.61942,16.25508,16.61942
Limch1,,,,
Lrrk1,21.99886,19.31959,19.99686,19.99686
Ndst1,23.13673,21.67896,21.48935,21.67896
D2Wsu81e,19.55579,19.96367,21.63139,19.96367
Prmt2,21.11661,20.26499,20.43329,20.43329
Cnep1r1,23.62277,,,23.62277
Ccdc61,21.34386,21.2227,19.24435,21.2227
Armc7,,,,
B9d2,22.65665,25.51776,24.25415,24.25415
Pcgf5,21.75792,21.00347,21.43802,21.43802
Ell2,,21.40348,21.36496,21.38422
Btrc,,,,
Pin1rt1,,,,
Cdk10,,,,
Mapkapk3,19.92048,18.49518,20.71515,19.92048
Eml4,,,17.5092,17.5092
Mcpt4,,,,
Nxt2,22.38261,23.81274,24.40866,23.81274
Skap2,24.11854,23.44038,21.89767,23.44038
Nlrc4,14.44553,,,14.44553
Cd22,,,17.64054,17.64054
Cracr2a,,,,
Elane,,,,
,18.71179,17.09332,,17.902555
Arhgef40,,,,
Fam198b,,,,
Cep63,21.07176,19.31068,18.34914,19.31068
Shisa3,,,,
Kcnab2,,,,
Zfp953;Gm28044,20.04287,,19.2126,19.627735
Elf3,,20.55206,,20.55206
Sema5a,,,20.44627,20.44627
Zbtb16,,,,
Pxdn,16.22504,20.61288,21.03127,20.61288
Fam188b,25.02428,23.04096,22.16928,23.04096
Kbtbd8,17.40083,,15.28941,16.34512
Gm1673,,,,
Myrf,16.57431,24.2553,24.67406,24.2553
Snx21,23.87361,22.54326,22.21181,22.54326
Slmap,,,,
Nkain3,,,,
Mthfsd,21.6829,19.19181,,20.437355
Tbc1d32,22.83152,21.32877,21.3356,21.3356
R3hdm1,,,,
Znf48,,17.18311,,17.18311
Fchsd2,,,,
Klhdc9,,21.94349,20.78269,21.36309
Foxred2,,17.31928,18.25921,17.789245
Lipo1;Lipo2,,,20.95731,20.95731
A630001G21Rik,,,20.21573,20.21573
Mdm4,17.32096,17.67342,,17.49719
Smim15,,,,
Zfp868,,22.91869,18.5806,20.749645
Thsd4,20.72551,19.40688,19.71569,19.71569
Scimp,,,,
Chpf2,24.38159,16.69588,17.75649,17.75649
Cdc42bpa,,,,
Ciz1,23.9402,21.31556,22.43578,22.43578
Itpripl2,18.69734,19.47868,18.06902,18.69734
Krt76,25.93724,25.26163,26.14013,25.93724
Nr1d1,20.22717,,,20.22717
Tmtc1,12.50921,,18.61043,15.55982
Tlr6,19.13355,14.72126,,16.927405
Lgr6,,,,
Slc30a10,,,,
Dlgap1,,18.87918,18.93462,18.9069
Gpr149,16.4439,,,16.4439
Kdm7a,19.71058,15.56837,,17.639475
Gas2l3,,,,
Tubal3,22.47249,24.19753,23.88418,23.88418
Ccdc114,23.13449,21.54118,21.11515,21.54118
Pecr,24.58755,23.29418,23.1169,23.29418
Kiz,22.44116,21.51975,21.70028,21.70028
Ccnc,,17.88041,,17.88041
Fdxacb1,,24.31368,,24.31368
Atrx,,,,
Lrrc55,,,,
Dnaaf3,24.65736,24.348,24.415,24.415
Rnpc3,20.71331,18.20529,21.04046,20.71331
Nfatc3,20.67357,19.83522,20.57117,20.57117
Fam86a;Fam86,24.27519,24.0676,23.06235,24.0676
Sult1d1,,18.16226,,18.16226
Usp48,16.49425,15.83484,15.58505,15.83484
Prr7,20.58399,21.68063,,21.13231
Tmem237,27.0477,26.11817,26.19852,26.19852
Spag8,23.42739,21.5147,21.72966,21.72966
Prr3,,,,
Phc1,20.45443,,,20.45443
Olfml2b,,,,
Ckap2,21.81108,21.32647,22.55023,21.81108
Slco2b1,17.58432,16.0671,17.22336,17.22336
Igsf10,20.89948,17.40241,17.90042,17.90042
Mfhas1,,16.75486,,16.75486
Rusc2,20.27059,,16.1219,18.196245
Rps4l,19.78759,20.02648,16.81378,19.78759
N4bp2l1,20.77282,19.75558,21.25327,20.77282
Kif22,,,,
Gpr165,,,,
Zbtb2,20.62908,21.32014,21.14271,21.14271
,25.65878,,,25.65878
Gm561,24.81289,26.37668,22.61935,24.81289
Krtap4-6,,,,
Naa10,23.66601,23.36212,23.61975,23.61975
Vezt,,,,
Zfand3,,21.73066,22.8491,22.28988
BC100530,,17.4708,18.49791,17.984355
Bahd1,,,,
Foxn3,,,,
,23.52886,23.4706,21.68355,23.4706
Shank3,,,,
Ddx49,21.89453,21.12931,22.6988,21.89453
Ndufa4l2,,,,
Ubn1,15.43765,,20.64667,18.04216
Tet2,,15.89683,16.75016,16.323495
Oxr1,,16.9418,,16.9418
Unc13a,,,,
Sema3g,,,,
Nkain2,,,,
A530054K11Rik,19.66192,,,19.66192
Atad5,24.74924,24.73014,24.24619,24.73014
Srek1ip1,,,,
Sez6l2,,19.59696,,19.59696
Ccdc84,,18.73803,,18.73803
,,,15.69264,15.69264
Plekhg3,23.03865,21.39158,21.06763,21.39158
Gzf1,22.10188,19.78253,19.91535,19.91535
Egflam,,,,
R3hdm4,22.22105,18.86544,22.73271,22.22105
Fam173a,22.85201,,22.71362,22.782815
Ddx17,,,,
Phactr4,,17.82184,21.41421,19.618025
Nr2c1,22.11601,,20.43359,21.2748
Ldoc1l,,,,
Six3,21.58385,,,21.58385
Ccnl1,22.59512,,21.11032,21.85272
Dlg3,,,,
Magee2,,,,
Zbtb45,,,,
Kif26a,26.8417,25.22395,26.98392,26.8417
OTTMUSG00000017677,16.93917,,,16.93917
Nxpe4,,,17.75708,17.75708
Lrig2,19.29302,14.59076,17.86997,17.86997
Prune2,,,,
Cenpj,,,18.86614,18.86614
Tmtc2,,15.2884,14.40374,14.84607
Znf608,21.02188,,19.72624,20.37406
Bdp1,16.8652,16.56562,15.9702,16.56562
Lin54,21.37257,20.7704,19.96367,20.7704
Sgk223,20.94271,20.00017,,20.47144
Znf354c,19.44621,,18.41001,18.92811
Spag9,19.73708,19.87069,19.25686,19.73708
Eapp,22.028,22.43532,22.38235,22.38235
Pxmp2,,,,
Zc3h12a,,,,
Tshz1,,,,
Kiaa2022,16.16137,,,16.16137
Psd,,,,
Fam208b,19.80418,18.70479,19.49553,19.49553
Zc3h12c,16.63906,20.42101,18.3873,18.3873
Kiaa1551,24.50845,24.37345,23.26112,24.37345
Nynrin,20.7729,17.94678,17.40449,17.94678
Dcdc2;Dcdc2a,24.51623,25.87209,25.92999,25.87209
Cep164,18.37615,,,18.37615
Znf652;Zfp652,20.17121,19.9798,20.14768,20.14768
Ehmt1,21.72721,21.28698,22.05182,21.72721
Hspb6,27.63069,27.68083,27.18367,27.63069
Rassf5,,17.36085,16.8646,17.112725
Armc5,,19.83758,,19.83758
Acd,22.63533,21.96895,22.35722,22.35722
Kctd14,,,,
Wdr16,22.65298,23.03389,21.30168,22.65298
Mdh1b,21.33783,19.70548,20.09133,20.09133
Git1,,,,
Ankrd13b,,,,
Zbtb4,21.80247,18.27344,18.86523,18.86523
Abhd15,23.14464,21.13063,,22.137635
Fut10,,,,
Mup20,,,,
Ecm2,19.83237,,,19.83237
Tmem2,21.68115,20.16005,19.77012,20.16005
Arhgap1,,,,
Taf3,19.6253,19.75742,19.1704,19.6253
Znf488,,18.19523,,18.19523
Tsr3,21.83919,21.92394,22.59471,21.92394
Mtus1,20.01822,19.48225,18.4115,19.48225
Drosha,20.75467,18.9339,19.76811,19.76811
Cep44,19.7991,18.92231,,19.360705
Ppp1r13l,24.07316,23.10274,21.72305,23.10274
Serpina3g,21.78528,18.81328,18.92694,18.92694
Odf3b,24.82687,23.60003,23.5093,23.60003
Fam20c,21.1835,20.838,18.67749,20.838
Patz1,19.58919,19.44611,18.25507,19.44611
Gm5431,,16.941,,16.941
Trim7,,19.5767,,19.5767
Trim41,20.58426,20.47675,21.36089,20.58426
Polm,,,,
Mief2,,,18.2553,18.2553
Kdm6b,,,,
Rilp,25.34218,24.89199,24.61807,24.89199
Rnmtl1,22.99191,22.79731,22.63522,22.79731
Cep112,27.056,27.44419,30.08119,27.44419
Proser1,19.80441,,,19.80441
Slc10a7,,,,
Fam64a,,,,
Zscan26,,17.60321,,17.60321
Slc44a5,,,,
Capza1,25.4158,24.65867,24.61319,24.65867
Mocs1,22.64493,20.42399,20.67306,20.67306
Gstcd,22.44892,21.35359,21.30991,21.35359
Krtcap2,,,,
4930438A08Rik,,,,
Phf12,,,,
Vps54,22.54915,18.13796,17.42349,18.13796
Sec14l3,,,,
Sap30l,,,,
Tom1l2,26.79253,25.07627,25.05776,25.07627
Zdbf2,21.1442,19.42608,19.01146,19.42608
Ehbp1,,,,
Gm11992,26.58578,26.66071,26.1845,26.58578
Gas2l2,21.46374,21.85064,21.41941,21.46374
Wfdc17,,,,
Abr,,,,
Sft2d1,,,,
Tns3,26.33977,24.38574,24.46756,24.46756
Fstl4,,,,
E130309D14Rik,,,,
Ankrd40,26.12694,24.87361,24.05871,24.87361
Cacna1g,17.15482,18.48448,19.22178,18.48448
Clint1,,,,
Ctc1,21.57561,,20.6321,21.103855
Ggnbp2,22.81435,21.60318,18.21646,21.60318
Synrg,,,,
Fam101b,25.67223,23.65949,22.26891,23.65949
9930111J21Rik1,,,,
Mks1,24.91611,23.1604,23.59229,23.59229
Lpo,,,,
Tsr1,24.24322,23.72869,23.55999,23.72869
Ebf1,,,,
Rnf145,,,,
Slc25a35,24.79719,22.27193,23.44683,23.44683
Ikzf1,,,,
Med13,21.75344,19.00963,14.44741,19.00963
Myh4,,,,
Myh1,20.89401,22.50213,21.84556,21.84556
P4ha2,24.61223,22.17249,20.81597,22.17249
Shroom1,19.00566,,,19.00566
Vmo1,,,,
Znf496,,,,
Brip1,,,20.51778,20.51778
Specc1,21.94081,22.28814,22.03245,22.03245
Tmem199,,,,
Nf1,23.14546,19.94949,20.75833,20.75833
Zkscan4,,,,
Kiaa0319;D130043K22Rik,15.38104,,,15.38104
Sh3bp2,,18.16835,21.88755,20.02795
Mfsd3,,,,
Asap3,23.09241,21.20955,21.4835,21.4835
Dpp6,,,,
Dyrk2,,18.18959,,18.18959
Pou6f1,23.71314,22.97698,22.92671,22.97698
Ncoa4;Gm6768,16.06084,22.10415,21.70337,21.70337
Mrps18a,27.86124,26.52001,24.0451,26.52001
Slc25a26,19.41359,,,19.41359
Mier1,22.4541,22.40169,22.55215,22.4541
Klc1,,,,
Atp13a3,21.20824,19.65861,19.74993,19.74993
Ncoa6,22.06082,20.31959,19.79337,20.31959
Setd5,,,,
Jagn1,22.66599,23.40341,23.41854,23.40341
Zdhhc20,23.9294,,19.52673,21.728065
Zdhhc18,22.72184,21.23298,22.22185,22.22185
Zdhhc8,20.85095,19.82047,17.7811,19.82047
Sema5b,,,,
Orm1,,,,
Ogdh,,,,
Scin,,20.21845,,20.21845
Adora2a,,,,
Nr1h4,,,,
Nr1h2,,,22.06671,22.06671
Klra2,21.78057,,,21.78057
Lrmp,21.05973,17.056,19.51426,19.51426
Skil,15.72411,,,15.72411
P4ha1,22.64379,,,22.64379
Cyb561,,,,
Tcf4,,,,
Ctf1,21.08874,,,21.08874
Mkrn3,23.85291,,22.51234,23.182625
Atf3,,,,
Irgm1,,,,
Tnfaip3,20.86906,20.59641,,20.732735
Cdkn2c,24.30124,24.38271,25.58374,24.38271
Cdkn2d,,19.9648,,19.9648
Elf1,22.60103,22.37459,23.03656,22.60103
Gas8,20.96494,20.31761,20.86906,20.86906
Zbtb17,,,,
Dvl2,25.16473,24.02943,23.57184,24.02943
Klf2,,,,
Hells,21.64482,,22.20168,21.92325
Ltc4s,,,20.16509,20.16509
Orc2,18.81475,20.61621,19.24556,19.24556
Eif4ebp1,30.58361,30.37171,29.77598,30.37171
Sla,18.52539,,,18.52539
Dbp,23.62689,,,23.62689
Mef2a,25.76056,25.61765,,25.689105
Mef2a,,19.18619,,19.18619
Styx,20.15413,18.97902,,19.566575
Klf3,23.53955,20.16779,20.58242,20.58242
Foxg1,25.30354,21.88766,,23.5956
Vav2,22.37968,21.37321,21.64434,21.64434
Adipoq,28.28233,26.74085,27.84876,27.84876
Scarb1,,,,
Dtx1,22.76913,16.77738,,19.773255
Gnb3,,,,
Gngt2,,,,
Tmpo,19.71403,20.85772,21.07424,20.85772
Tmpo,,,,
Pak3,,19.39622,,19.39622
Tsc2,,,,
Usf1,,,,
Ei24,23.72119,23.58589,23.19567,23.58589
Map3k3,19.81788,18.73188,,19.27488
Fzd3,23.55473,21.05331,19.6404,21.05331
Fzd8,20.26899,21.17579,,20.72239
Prtn3,,,,
Ksr1,,,,
Ptch1,17.88399,21.57478,17.43176,17.88399
Cln3,23.14433,22.9671,18.09774,22.9671
Cfi,,,,
Ocln,22.62232,22.53875,22.42882,22.53875
Ptpn18,15.89465,,,15.89465
Laptm5,,,,
Ezh2,,,,
Nxph1,,,19.31765,19.31765
Hif1a,19.78072,24.52031,24.76835,24.52031
Serpinf2,,,,
Tcf12,21.83109,17.88095,15.47839,17.88095
Acvrl1,,20.4501,,20.4501
,,20.30117,,20.30117
Tfap2b,,,15.43892,15.43892
Apc,,,,
Traf4,21.8651,20.49434,21.39645,21.39645
Mme,23.82939,22.52497,22.26496,22.52497
Pcolce,23.09697,,19.26247,21.17972
Gp49a,,,,
Ccne1,,,,
Cyba,32.43082,30.757,31.26869,31.26869
Znf638;Zfml,,,,
Tob1,21.99921,,,21.99921
Cd55,,,,
Dll1,,,,
Rev3l,,,,
Dsg1a;Dsg1b,22.17301,,21.08421,21.62861
Itm2a,,,,
Erbb3,,,,
Mapk6,19.79836,18.24009,18.55454,18.55454
Stard3,23.81039,22.75605,22.61897,22.75605
Fbn2,27.06897,23.60851,25.01653,25.01653
Fxr1,,,,
Ktn1,19.0691,19.52384,,19.29647
Slc20a1,21.31429,21.12212,22.02208,21.31429
Drd1,,,,
Grik5,,,,
Hp,29.66794,28.19601,29.49949,29.49949
Foxj1,23.15219,23.02149,23.02687,23.02687
Hira,21.36522,21.99386,22.80079,21.99386
Hira,,,,
Hira,,,,
Hlx,,,,
Slc29a2,21.3829,,22.556,21.96945
Dnajc1,26.00971,22.36073,22.61351,22.61351
Itga7,,,,
Itga6,,,,
Kcnj11,,,,
Klk1b21,,,,
Kcna5,,,,
Epha7,,,,
Lag3,,19.99162,,19.99162
Lbp,25.86957,24.0041,24.33299,24.33299
Mafk,,,21.1606,21.1606
Meig1,25.76309,25.44218,26.98566,25.76309
Melk,,,,
Prg2,,,,
Mns1,23.86372,22.90931,22.67999,22.90931
Cmc4,28.55065,26.28517,26.85293,26.85293
Zfp90,,,,
Notch3,21.75148,22.08599,19.44117,21.75148
Pcbp2,25.65434,24.24532,23.44847,24.24532
Ogn,,,19.29574,19.29574
Postn,22.16106,21.77455,21.55455,21.77455
Pdpn,26.26324,24.55807,24.47698,24.55807
Ptafr,,,,
Ppp1r14b,27.5288,26.98196,27.09376,27.09376
Prkd1,23.96402,23.14333,22.85673,23.14333
Ptpn14,22.52516,20.77233,,21.648745
Ptpn21,22.6197,21.49955,21.59386,21.59386
Jak3,20.5326,20.06723,,20.299915
Rhoc,29.17207,28.96953,28.86115,28.96953
Rbm38,22.8434,21.07248,22.52229,22.52229
Ttf1,20.5197,21.07267,20.26717,20.5197
Kdm5d,20.03053,18.93194,18.64033,18.93194
Spa17,27.75557,27.06106,26.52515,27.06106
Sall3,25.92232,26.1971,26.4182,26.1971
Sptbn1,18.55648,18.5757,19.07496,18.5757
Thrsp,18.07968,,,18.07968
Sprr1a,,,,
Slc26a2,,,19.60176,19.60176
Med22,22.33336,20.95716,22.73523,22.33336
Ss18,,21.99366,,21.99366
Ifggb5,20.32564,20.33832,,20.33198
Tgfbr2,20.53535,22.59364,17.78507,20.53535
Jarid2,23.73903,21.80538,21.39367,21.80538
Fstl1,25.328,23.54722,23.26957,23.54722
Ddr2,21.20854,,20.83623,21.022385
Phlda1,20.33451,21.69549,,21.015
Cnga2,17.77745,,,17.77745
Sorbs1,24.49838,24.96468,23.50579,24.49838
Sorbs1,21.07352,20.11845,,20.595985
Arid3a,,,19.17577,19.17577
Tle4,,,,
Eif4g2,22.696,21.45834,21.73888,21.73888
Vil1,22.61652,22.62386,,22.62019
Itga2,25.06308,24.67444,27.25431,25.06308
Vps72,19.16654,22.46792,22.89391,22.46792
Coch,19.51761,,,19.51761
Zfp91,15.36454,20.02418,22.26069,20.02418
Znf260,,,,
Ift52,25.40409,25.07333,24.82924,25.07333
Polr2k,,22.00837,,22.00837
Ces3a,,,,
Ifngr2,,,,
Insm1,,,,
Col4a5,24.39996,21.25759,21.40421,21.40421
Phc1,,,,
Ccpg1,24.67519,22.85702,23.51412,23.51412
Aebp1,23.96058,21.36624,23.19194,23.19194
Arl13b,23.83461,22.5069,22.69302,22.69302
Nr2e1,21.82369,,,21.82369
Runx3,19.73047,,,19.73047
Pik3r3,,16.96387,16.20373,16.5838
Sema4c,22.03483,21.68517,19.7346,21.68517
Btf3,23.42137,,22.87243,23.1469
Nhlh2;Nhlh1,,,,
Cdk6,24.30689,22.85171,22.95363,22.95363
Htr1a,,,,
Xpa,23.71523,23.99335,20.28704,23.71523
Bst1,,,,
Lilrb4,,22.64143,21.35821,21.99982
Nov,,,,
Fau,,,,
Ntan1,24.12605,23.67368,23.95216,23.95216
Cd34,,,,
Dlx1,,,,
Zeb1,24.26148,20.61108,22.568,22.568
Zbtb7b,,,19.26669,19.26669
Piga,,,,
Mea1,28.0041,27.48439,26.87033,27.48439
Sqstm1,,,,
Efs,,,,
Rgn,20.0084,20.90375,21.19027,20.90375
Pnoc,,,,
Cyp1b1,21.15505,18.43294,17.47904,18.43294
Ugt1a6,24.44234,25.24227,24.31631,24.44234
Adh7,,,,
Cox8a,,,,
Mrc2,23.11908,21.60639,19.29769,21.60639
Tpp2,20.51432,21.17188,,20.8431
Guk1,26.66058,26.40925,,26.534915
St6gal1,,,,
St8sia1,,22.46351,23.31852,22.891015
St8sia4,,22.76569,23.45563,23.11066
Procr,,,,
Rbl2,22.74475,22.50773,22.47303,22.50773
Rbl1,,19.98148,20.15623,20.068855
Azgp1,,,,
Tgfbr1,20.45111,20.53735,,20.49423
Col11a2,20.95638,20.28093,,20.618655
Sp9,,,,
Ypel4,,,,
Tox,,,,
Fgfr1op,25.46747,25.30459,24.34042,25.30459
Cilp,,,,
Zfp945,15.65217,18.22124,,16.936705
Scube3,18.93925,17.997,18.46256,18.46256
Tusc1,22.20827,22.54371,23.02474,22.54371
Nlrp1a,20.0355,20.1728,19.1449,20.0355
Bcl9l,22.07777,19.997,20.07705,20.07705
Fnip1,17.01976,17.30028,18.21613,17.30028
Tmem151b,,,20.82571,20.82571
Slain1,22.21006,21.78648,20.05272,21.78648
Zc4h2,23.33743,21.81738,,22.577405
Pwwp2a,,,,
Mysm1,,22.11283,21.08809,21.60046
Esco1,,,,
Brsk2,,,,
Brsk2,,,,
Brsk2,,,,
Tspyl5,,,19.21838,19.21838
Zcchc2,19.55628,15.88953,,17.722905
Msl2,21.96621,20.81574,20.68629,20.81574
Klhl14,,,,
Stk36,22.46054,21.60091,21.69188,21.69188
Pnkd,23.7381,,23.89948,23.81879
Fan1,18.2314,16.65187,17.06676,17.06676
Tbc1d30,,,,
Kiaa0754,21.78257,,19.98036,20.881465
Kiaa0753;4933427D14Rik,12.48374,,,12.48374
Fam179b,21.98235,21.1574,20.78931,21.1574
Znf629,24.6156,20.05682,20.80073,20.80073
Ddx11,,,,
Pram1,17.74675,19.62149,18.06403,18.06403
Zfp948,,,,
Ncapg2,20.37719,20.2214,19.75396,20.2214
Arhgap21,22.63659,21.20341,21.0621,21.20341
Antxr2,23.01235,22.37055,21.16484,22.37055
Syne2,19.05947,18.30742,,18.683445
Churc1,24.1529,23.45438,23.75603,23.75603
Fastkd1,18.51645,20.14233,18.31721,18.51645
,,,,
Exoc3l4,18.36999,17.5771,16.41278,17.5771
Megf10,22.66399,21.64768,22.6242,22.6242
Tro,,,,
Mum1,19.92254,,,19.92254
Nrg1,23.08218,22.63624,22.88232,22.88232
Enpp3,,,,
Utp14b,,,,
SIRP-beta,,,,
Znf329,,16.56039,17.7184,17.139395
,22.19587,19.0533,21.021,21.021
Nckap5l,20.8353,19.01925,,19.927275
St6galnac5,,,,
Islr,26.004,25.94136,24.70203,25.94136
Gm5416,23.27199,,,23.27199
Jade3,20.78005,,,20.78005
Krt83,,,,
Cep70,22.86948,23.37292,22.80258,22.86948
Cep78,20.87688,17.27376,21.09777,20.87688
Atg16l2,,,,
Nipbl,,,,
Ccdc66,,19.65786,16.42121,18.039535
Dgkb,20.83129,,,20.83129
Amer3,,,,
Sp140,20.06368,,20.75344,20.40856
Ltv1,19.73157,22.48146,22.95704,22.48146
Adck2,18.65306,21.18894,20.98642,20.98642
Glt8d1,24.40892,23.05492,23.13384,23.13384
Tacc3,20.66787,18.62307,18.37751,18.62307
Zfp646,15.30958,16.10734,19.62728,16.10734
,20.05272,20.94142,20.95127,20.94142
Haus6,23.78576,22.66733,22.34416,22.66733
Frem2,19.03193,15.13995,,17.08594
Bfsp2,,17.33272,,17.33272
Spin2c,,,,
Colgalt2,16.88679,16.13392,16.0679,16.13392
Kif24,19.55416,,,19.55416
Fndc3b,24.1206,22.66188,22.75375,22.75375
Manea,23.49192,23.14168,23.81245,23.49192
Mettl25,18.70577,,,18.70577
Dusp11,,22.54338,18.95906,20.75122
Man1c1,25.87945,24.27462,24.13438,24.27462
Rad17,,,,
Tbc1d31,21.79598,20.56477,23.59206,21.79598
Polr3g,,,,
Arl5b,,,,
Tsga10,23.09112,23.03098,22.04557,23.03098
Prmt6,,,,
Fam122b,,,,
Rasgrp3,,,,
Zfp180,,,,
Eif4g1,,,19.98371,19.98371
Eif4g1,,,,
Dhx37,22.17127,21.32564,22.08958,22.08958
Hdac4,18.0316,18.11726,18.70354,18.11726
Rbm26,25.6265,23.57473,24.1848,24.1848
Zranb3,21.7523,18.45832,20.43247,20.43247
Gpbp1l1,21.26785,,,21.26785
Zfp943,,,,
Ddx31,20.9047,21.0654,21.90753,21.0654
Paxip1,19.54911,19.45732,19.74452,19.54911
Znf740;Zfp740,22.56463,22.1294,22.51632,22.51632
Msantd2,,20.11782,20.32937,20.223595
Arl5c,,,,
Znf511,21.30891,23.06961,23.58532,23.06961
Pianp,,,,
Bin1,,,,
Ippk,18.689,,24.02064,21.35482
Lrig3,,20.04153,,20.04153
Slx4,,,,
Fam167a,,,,
BC048403,18.71257,18.01067,16.08672,18.01067
Maneal,26.02829,26.20385,24.53884,26.02829
Whsc1l1,19.89708,19.924,20.30106,19.924
Vsig8,,,,
Arl11,22.6156,20.84291,21.52411,21.52411
Ubald1,,,,
Hdac10,22.12247,19.05264,,20.587555
Znf280c,22.36752,21.75022,21.32575,21.75022
Thap4,,,,
Kat2a,,,,
Sik3,,,,
Eya3,22.40133,21.77953,21.71532,21.77953
Thsd7b,,,,
Lix1,24.02005,23.68987,23.92098,23.92098
Mtmr2,,19.78756,,19.78756
Sall1,21.78309,21.29103,20.1317,21.29103
Mapk4,,,,
Mbtd1,20.08706,21.4287,22.42913,21.4287
Ubxn7,20.96367,17.70705,20.4712,20.4712
Polr2m,23.6811,23.25436,22.65777,23.25436
Alkbh2,,,,
Serpinb6c,,,,
Shkbp1,,16.96002,,16.96002
Tsen2,19.98746,,21.05384,20.52065
Alg8,,,,
Cox11,,,,
Ckmt2,,19.93215,19.52009,19.72612
Clpx,,,,
Capsl,,,,
Caskin1,,,,
Kif15,26.66519,18.91178,20.7882,20.7882
Kif11,17.7995,,,17.7995
Zbtb26,,,,
Ddx51,23.30257,20.99314,22.45365,22.45365
Galnt10,,,,
Gareml,21.88989,17.42169,15.30603,17.42169
Bend3,17.58424,20.87147,21.45332,20.87147
Draxin,,,,
Prr18,,,,
Prrg3,,,,
Klhdc10,,17.02486,17.56971,17.297285
Adat3,22.01195,22.44458,22.51752,22.44458
Ccdc117,,,,
Bhlhb9,22.90639,21.09352,21.84007,21.84007
Adarb2,19.96747,,,19.96747
Pcdhb14,,,,
Fbxl19,21.64297,17.79874,,19.720855
Papolg,,,,
Kdm3a,21.07012,19.91101,19.70317,19.91101
Hltf,21.44445,20.51171,22.84774,21.44445
Dusp16,21.35993,,20.21667,20.7883
Mff,,,,
Mff,,,,
Efcab14,23.65207,22.37255,22.46946,22.46946
Trim37,,,,
Znf821,,,,
Shb,,19.6059,19.44362,19.52476
Znf513,20.6999,21.41988,23.95917,21.41988
Ces2b;Ces2c;Ces2g,,20.63032,18.0002,19.31526
Ugt2a2,,,,
Zbtb39,,,,
Dtx4,21.87215,19.72715,,20.79965
Msl1,22.11705,22.30162,19.88742,22.11705
Rnf220,22.14037,20.33593,21.86476,21.86476
Taf1c,,,,
Dhx40,27.43149,26.07619,17.77764,26.07619
Gpatch2l,,,,
Osgepl1,,,23.64702,23.64702
Ctif,,,,
Slc46a1,24.82309,20.17182,20.84873,20.84873
Kif18b,,,,
Tmeff1,,,,
Dcaf15,16.32924,,16.49561,16.412425
Rasa4,23.38153,22.72301,21.8562,22.72301
Tra2a,,,16.9043,16.9043
Cdh24,,,,
Nyap1,21.7102,21.53136,23.94494,21.7102
Rimkla,20.73074,,,20.73074
Tnks,21.03624,18.91512,20.77338,20.77338
Fchsd1,23.93607,23.08903,23.22052,23.22052
Cramp1l,,16.9633,,16.9633
Rcor3,,17.32395,17.47809,17.40102
Rcor3,,,,
Zfp866,,,,
Gmip,23.04782,22.83192,22.53882,22.83192
Dcx,,,,
Dclk2,,,,
Dclk2,,,,
Erc2,,17.95844,,17.95844
Tmem164,,,,
Lrrn2,17.82811,20.61576,21.93937,20.61576
Cacna2d2,,,,
Cacna2d2,,,,
Camk2d,,,,
Camk2d,,,,
B3gat1,20.2596,17.98382,,19.12171
Nfrkb,21.85939,18.19244,20.08278,20.08278
D11Wsu47e,23.47308,22.94111,22.23891,22.94111
Dalrd3,23.50191,20.82563,21.64983,21.64983
Atp2b4,,,,
Suv420h2,20.78125,,17.40665,19.09395
B430306N03Rik,,,,
Neil2,20.02594,,22.07558,21.05076
Poli,21.88409,20.92194,18.0302,20.92194
Tlr13,23.48185,20.09197,20.65395,20.65395
Rxfp1,,,,
Magi1,,,,
Cd300a,19.17536,,20.16889,19.672125
Paqr9,,,,
Klhl17,21.74053,20.07992,20.09042,20.09042
Fez2,,,,
Ccdc135,23.45186,22.24609,21.46498,22.24609
Tardbp,,,,
H2-M2,,,,
Nostrin,17.15472,,,17.15472
Eid2,21.69536,20.47941,20.33549,20.47941
Dot1l,,,,
Arhgap10,18.99479,,,18.99479
Hpse,18.08275,,19.4435,18.763125
Fetub,,,,
Sbf1,,,,
Tiam2,,,,
Fmnl3,21.77052,20.51403,17.51622,20.51403
Jade1,,,,
Pitpnm2,,,,
Smpd4,16.76189,20.26671,19.2231,19.2231
Ibtk,20.67409,19.75253,18.67321,19.75253
Zc3h4,,,,
Cep162,18.94838,16.22818,,17.58828
Cnot1,19.09288,,,19.09288
Ppip5k2,,,17.85209,17.85209
Topbp1,20.70632,20.27116,20.31717,20.31717
Dna2,,18.96691,25.24413,22.10552
Syne1,22.21883,21.99841,21.19208,21.99841
Syne1,,,,
Spop,20.74608,19.49428,,20.12018
Akap9,19.08747,20.3689,19.74153,19.74153
Synm,23.86079,21.45166,21.98593,21.98593
Foxo6,,,,
Dpy19l3,23.76101,21.45473,22.4181,22.4181
Fblim1,26.06009,24.34001,23.76921,24.34001
Tm7sf2,23.70166,23.09252,22.88435,23.09252
Slc39a14,,,,
Recql4,,24.98268,24.90095,24.941815
Hide1;AB124611,,,,
Polg,21.74673,21.06881,20.53422,21.06881
Slc35d2,,,20.63564,20.63564
Mgat5b,,,,
Tmem132d,,,,
St6gal2,,,,
Sema6d,,,,
Cd3eap,24.50609,23.35111,23.03041,23.35111
Tmed3,26.25204,25.259,25.06571,25.259
Haao,,,,
Slc22a18,21.27082,,20.24156,20.75619
Smim12,,,,
Vma21,,25.99177,,25.99177
Map4,,,,
Twistnb,23.2487,,21.47269,22.360695
Ostc,27.69922,27.76344,27.67869,27.69922
Trappc6a,22.59989,24.40899,25.1934,24.40899
Dnajc15,,,,
Znrd1,24.93979,23.79907,24.58187,24.58187
Try10,,,,
Nap1l3,,16.01844,16.9259,16.47217
Zfp874b;Zfp874a,,,,
Zfp759,23.27398,,20.6611,21.96754
Sox11,,,,
Kif27,26.08379,25.37687,26.48627,26.08379
Rtl1,,,,
Zranb1,,,17.82768,17.82768
Tigd3,,,,
Cyfip1,,,,
Dsg4,27.29675,25.20146,26.10191,26.10191
Eri1,23.82658,22.84366,22.51143,22.84366
Syncrip,22.05884,22.76282,22.12597,22.12597
Slc35f2,,,19.28225,19.28225
Parp16,,19.12144,,19.12144
Zfp420,,,,
Rnf139,22.7731,19.96155,,21.367325
Shq1,22.46983,22.0098,22.62571,22.46983
Med26,19.49344,19.64711,18.95714,19.49344
Ap1s3,,,,
Hhip,,18.78969,,18.78969
Txndc16,21.88069,21.30368,21.21288,21.30368
Aggf1,21.68188,,18.34495,20.013415
Tmc6,19.17285,16.77146,16.54661,16.77146
Syt16,,,,
Eras,,,,
Gria1,,,,
Sbno2,,,15.2944,15.2944
Glra2,22.29058,,,22.29058
Rpf1,21.73736,22.8432,21.28687,21.73736
Nphp3,21.55098,22.99302,22.75197,22.75197
Tmem59l,,,,
Rfx4,19.50969,20.55768,19.33438,19.50969
Zfp397,,,,
Dusp9,,,,
Minos1,26.95394,24.71539,25.72093,25.72093
Far2,,,,
Zfp954,,,,
Znf250,,,,
Cdsn,19.21703,,,19.21703
Robo2,,,,
Raver2,24.09007,22.89901,22.75428,22.89901
Slc7a6os,27.45544,22.52318,21.86605,22.52318
Fam19a2,,,,
Fam19a1,,,,
Prrc2b,,,,
C2cd5,,,,
Dzip3,22.60264,20.12098,,21.36181
AI987944,,,,
Rgmb,,,,
Zic5,,,,
Srl,22.64066,20.63361,19.36707,20.63361
Aptx,22.79198,22.47189,22.77147,22.77147
Gpatch2,21.75013,18.66976,19.73233,19.73233
Tmem57,22.32202,20.16509,18.7476,20.16509
Fbxo10,22.49033,21.04387,21.33353,21.33353
Zbtb5,,,,
Atxn2l,21.95347,,19.4434,20.698435
Lrp10,22.82687,,,22.82687
Tspyl2,17.44176,,,17.44176
Wtip,18.74669,,,18.74669
Ccnt2,22.50538,,20.55927,21.532325
Olfr309,,,,
Nsun6,24.06258,22.55995,21.82186,22.55995
Itpkc,25.28542,24.62081,24.61201,24.62081
Fam101a,22.46276,,,22.46276
Ckap2l,,,,
Amer1,18.00306,,17.90666,17.95486
Proser3,20.95426,,19.45185,20.203055
Znf516,20.45543,13.33413,,16.89478
Map6,25.48686,23.98807,24.32155,24.32155
Lats2,20.57838,17.40599,19.29311,19.29311
Sez6,,,,
Gpr151,,,,
Samd10,,,,
Kirrel2,,,,
Zfp606,,,,
Enkd1,22.35019,19.56679,19.98787,19.98787
Sgol2,,,,
Supt20h,22.30458,19.55858,,20.93158
Rexo1,,,,
Gpr125,20.73991,18.76497,18.84843,18.84843
Gvin1,,,,
Stard4,,19.43072,,19.43072
Otop2,,,,
Atp6v0d2,18.94172,,,18.94172
Eef1d,28.87135,27.39215,27.85347,27.85347
Adamtsl4,21.93891,20.27571,,21.10731
Rsbn1,19.4973,16.58033,21.71406,19.4973
Klhl29,20.65578,,18.72374,19.68976
Zswim6,18.56417,,,18.56417
Klhl13,19.12933,22.97748,18.98998,19.12933
Kansl1,21.19232,,16.699,18.94566
Plekhh1,,,17.98749,17.98749
Mon2,,,,
Lphn1,,,,
Ddn,,,,
Fnbp1,19.13348,,,19.13348
St18,,20.95227,15.22818,18.090225
Dnajc6,,,,
Dnajc6,,,,
Rere,20.44546,19.89497,,20.170215
Clec16a,,,,
Pum2,,,,
Pum1,19.72762,,,19.72762
Sdccag8,19.08187,,21.74579,20.41383
Ticam1,,,,
Fads6,,,,
2015-09-09 00:00:00,22.51785,,,22.51785
Clec4a1,,,,
Slc22a20,,,,
Sass6,24.92583,25.88033,26.14983,25.88033
Trit1,20.89807,21.01808,22.10719,21.01808
Prss34,,,,
Actr5,23.34827,21.92767,21.80747,21.92767
Taf1,20.18556,20.2513,20.33963,20.2513
Hs6st2,,,,
Cdc42bpg,24.92863,24.13532,24.00556,24.13532
Abhd13,,,,
,24.44664,23.05828,24.02724,24.02724
Fgd5,,,,
Sdad1,20.71415,21.78141,19.13175,20.71415
Vgll4,24.01878,23.18616,22.99021,23.18616
Cep104,21.64099,19.74719,17.91584,19.74719
Chst14,21.34354,,,21.34354
Fancd2,16.31228,17.70826,15.81978,16.31228
Megf6,19.82755,21.18677,20.48954,20.48954
Ip6k2,,16.88369,,16.88369
Pygo2,24.86226,22.71037,22.58793,22.71037
Trim62,20.98384,21.2573,20.39425,20.98384
Ints8,23.88166,22.0496,22.52929,22.52929
Dclk1,,24.05664,20.78357,22.420105
Trnau1ap,17.88596,21.90099,20.38501,20.38501
Fam181b,,,,
Trim56,25.74896,24.81807,24.68346,24.81807
Dnph1,26.28516,26.32215,25.78534,26.28516
Arhgef38,,21.37714,,21.37714
Znf579,,,,
Dpp6,,,,
Ankrd24,,20.61576,20.22623,20.420995
Pnmal1,,,,
AA987161,,,,
Epn1,,,,
Spata7,20.47675,,,20.47675
,23.59628,24.46787,23.79808,23.79808
Tmem106c,,20.16779,19.50607,19.83693
Sult1c1,,,,
Akna,19.55942,18.2007,19.57594,19.55942
Dhx33,20.26201,22.99378,23.80774,22.99378
Igfbpl1,21.05583,,,21.05583
Chil6,,,,
Znf569,,17.72773,,17.72773
Acsm4,,,,
Kirrel,25.01231,24.66563,24.66774,24.66774
Plekha8,20.10393,,,20.10393
Homez,,,,
Ubn2,21.25142,22.88446,22.6893,22.6893
Tnrc18,18.77497,18.53518,17.95191,18.53518
Hapln3,,,,
Tnfrsf14,,,,
Kiaa1456,,,,
Rhbdf2,20.39812,,18.79265,19.595385
Tspan18,23.38416,22.54503,22.1317,22.54503
A430005L14Rik,24.3161,22.99743,21.05457,22.99743
Rimklb,,,,
Nanos1,,,,
,24.42085,23.90885,22.75615,23.90885
Ubap2l,18.05859,17.35484,19.11586,18.05859
Ubap2l,,,,
Lrrc15,,,,
Acat3,23.6904,18.83346,,21.26193
Ugt2a1,,,,
Nrde2,20.23351,24.41448,24.14102,24.14102
Chn2,,,,
Wscd1,19.34785,,,19.34785
Eif4g3,,18.96178,,18.96178
Map3k11,19.9851,,18.26572,19.12541
,,,19.81742,19.81742
Mppe1,,,,
Pqlc1,,,,
Fam76b,22.39945,21.86231,,22.13088
Git2,,,,
Arhgap11a,,18.33551,18.85669,18.5961
Alkbh8,23.66698,23.0806,23.04564,23.0806
Zfp454,,,,
Ddx10,21.92387,22.32246,23.91306,22.32246
Camta2,20.48827,,,20.48827
Baiap2l2,,,,
Dnajb13,25.02787,25.14091,24.62945,25.02787
Crb2,26.93775,25.55172,25.80418,25.80418
F12,,,,
Pde4dip,22.02989,20.90903,20.60693,20.90903
Cyth4,21.69324,22.22432,20.99624,21.69324
Tnc,18.55577,,17.79182,18.173795
Znf618;Zfp618,19.776,,,19.776
Astn2,,,,
Topors,,,,
Shank2,,,,
Shank2,,,,
Ece2,,,,
Slc26a11,28.4668,27.15054,27.36995,27.36995
Amigo2,,,18.18423,18.18423
Paqr8,21.91349,,,21.91349
Rtp2,,,,
Mrps10,,,,
Gtf2a2,22.00409,,,22.00409
Jazf1,21.06513,20.51634,20.54821,20.54821
Stk35,21.22052,20.22635,,20.723435
Tia1,,,,
Kiaa0895l,,19.76845,18.82084,19.294645
Vps37d,,,,
Gxylt2,,,,
Chfr,19.12422,17.84684,,18.48553
Tmem39b,,,,
Nmes1;AA467197,,22.6003,21.18283,21.891565
Nrcam,,,,
Xylt1,,19.45288,16.13186,17.79237
Dlg1,23.96341,22.87785,22.03184,22.87785
Arhgap15,,,,
Sox21,22.94576,21.22341,21.84858,21.84858
Cyp26b1,,,,
Prr5,22.99569,22.16389,20.70902,22.16389
Mgat4b,,18.85966,17.90877,18.384215
Mgat4a,22.40445,,19.79283,21.09864
Gpr68,,,,
Zc3hav1l,,,,
Fstl5,,18.61816,19.63688,19.12752
Asnsd1,20.31495,21.5603,22.02958,21.5603
Haus4,17.38515,,17.85453,17.61984
Jmjd4,,19.211,,19.211
Slc39a9,,,,
Rnf214,,,,
Slc17a8,,,,
Slc2a12,,19.7651,,19.7651
Rnf187,23.68024,22.21448,,22.94736
Lppr1,17.99987,16.70225,18.5908,17.99987
Rbm3,25.06369,25.27884,,25.171265
Nol12,22.29485,21.17463,21.08128,21.17463
Tmtc4,,,,
Rusc1,20.47576,,17.36572,18.92074
,,,,
Prdx6b,,22.85962,23.09191,22.975765
Stk17b,22.31951,23.59229,23.65971,23.59229
Tmem169,19.60996,,,19.60996
Rhot1,21.53284,,,21.53284
Rhot1,,,,
Txnip,23.34422,23.82571,23.62545,23.62545
Tmem198,,,,
Cwf19l2,25.41135,24.77047,25.31579,25.31579
Fbxo46,20.50164,,,20.50164
Lair1,,,,
Pknox2,21.05504,,,21.05504
Lhfpl2,,,21.68701,21.68701
,21.17029,20.45312,16.95163,20.45312
Ttc7a;Ttc7,22.43766,20.2,18.02826,20.2
Slc38a9,23.67906,,21.68517,22.682115
Npas4,,,,
Coa6,27.43698,25.85897,27.36478,27.36478
4933426M11Rik,25.50549,22.93727,21.97092,22.93727
Wdr92,25.94706,23.31174,24.05664,24.05664
Slc35d3,,,,
Rnf24,,,,
Fam13a,,,,
Pex26,21.49062,22.25716,22.23652,22.23652
U2af1l4,,20.0414,19.23774,19.63957
Slc7a6,24.59702,21.08673,21.19994,21.19994
Csrnp2,,20.40093,,20.40093
Pomt2,21.37804,18.50032,17.53298,18.50032
Gskip,25.25032,,,25.25032
Mak16,20.35499,24.12155,23.95837,23.95837
Cept1,27.09003,26.27856,26.38275,26.38275
Ostm1,,24.00505,23.29151,23.64828
Galnt12,18.10513,18.10257,18.62292,18.10513
Tti2,22.6046,21.99096,21.00017,21.99096
Zfp128,,,18.60542,18.60542
Themis,22.48697,21.56286,20.77724,21.56286
Wbp1l,,,,
Nabp1,,,21.07927,21.07927
Stk32a,19.55749,17.66004,,18.608765
Spidr,19.51895,18.61411,18.22147,18.61411
Eif5a2,25.31804,24.05755,23.70799,24.05755
Luzp2,20.90029,,21.44536,21.172825
Klhl26,20.7185,21.2415,24.50616,21.2415
Dcaf12,,,,
Aldh8a1,,,,
Tor4a,23.35797,21.68607,,22.52202
Arl6ip6,24.81627,23.86618,24.18828,24.18828
Orai2,23.95952,,,23.95952
Fbxl2,17.91625,,17.32113,17.61869
Tmem117,19.88029,,19.31134,19.595815
Tmem251,,,,
Mfsd8,21.22653,18.45294,,19.839735
Sema3d,21.29832,21.19069,,21.244505
C8b,17.06844,16.11431,15.64371,16.11431
Sec22a,25.58852,23.43632,24.85657,24.85657
Fam109a,22.43982,,19.54469,20.992255
Creb3l2,,,,
Fbxl4,20.65465,,22.47746,21.566055
Qpctl,,,,
Rnf41,20.95419,21.3405,19.08659,20.95419
Rtn4,,,,
Mapk1ip1l,27.16327,24.73045,24.90192,24.90192
Ino80c,21.37756,19.46509,21.13702,21.13702
Lrrc24,28.41199,,,28.41199
Acpl2;Pxylp1,,,,
Nod1,20.2976,18.91149,17.71122,18.91149
Lyve1,,,,
Rhbdd1,27.10819,25.70256,25.76415,25.76415
Rab39a,,,18.76966,18.76966
Frmd3,18.81572,17.22741,20.05112,18.81572
Pcmtd2,25.72484,26.01546,25.40558,25.72484
Prr11,,,,
Gemin8,,21.68402,22.66884,22.17643
Tmem108,22.43687,21.44253,20.03255,21.44253
Bmp3,,,,
Aqp11,,,,
Tmem179,,,,
Elovl5,23.03894,,19.793,21.41597
Nim1k,20.19893,19.03365,20.0592,20.0592
Gabra5,17.26765,,,17.26765
Pnma2,,,,
Slc36a2,,,,
Ercc6l,,18.08592,,18.08592
Elmo2,23.08257,21.45317,20.88829,21.45317
Cdc42se1,,,,
Ganab,25.56485,24.57917,23.56813,24.57917
Ganab,,,,
Enox1,,,,
Rgp1,25.31133,,,25.31133
Haus1,,18.2605,17.75042,18.00546
Cdca8,,20.07783,20.84957,20.4637
Noc4l,22.34749,22.25142,22.35845,22.34749
Mri,,,,
Cemip,20.89689,20.90874,20.78891,20.89689
Sarg,,,,
Znf526,,,,
Fbxw8,20.80112,22.34997,20.29502,20.80112
Zfp763,,17.01476,18.5016,17.75818
Fbxl14,22.10834,,,22.10834
Fbxo28,22.56204,22.25865,22.10034,22.25865
Dock9,,,,
Msantd1,,,24.28044,24.28044
Zfp947,,,,
Zfp9,,,,
Ccdc126,24.50361,22.25704,21.69859,22.25704
Chtf18,22.10929,,,22.10929
Arl14ep,21.82827,23.05717,22.76856,22.76856
Gpatch3,,,,
Pcdh20,20.61396,,19.75945,20.186705
Anks1b,,,,
Snip1,18.68387,20.00648,,19.345175
Zc3h14,,,,
Marf1,19.98774,21.12736,21.04827,21.04827
Nagpa,22.97085,19.59916,,21.285005
Mfsd11,19.03666,,,19.03666
Lppr5,,,,
Pnpla2,23.9393,23.42278,23.28757,23.42278
Ap5m1,21.75054,21.61266,21.33484,21.61266
Chdh,,22.33495,21.20156,21.768255
Tm2d3,,,,
Znf771,20.80223,19.63373,22.50841,20.80223
Slc41a1,,,,
Mob3c,,19.97701,,19.97701
Kctd7,,,,
R3hcc1l,22.30608,21.06559,20.05059,21.06559
Usp1,,16.24074,16.94855,16.594645
Ticam2,22.44476,17.63644,21.38785,21.38785
Csgalnact1,20.56635,,,20.56635
Sgta,24.10334,22.73316,23.56034,23.56034
Ndufv3,25.92418,20.06973,24.1991,24.1991
Gltscr2,21.44622,21.0627,21.18961,21.18961
Olfml3,,,,
Csnk1a1,,21.90076,21.18785,21.544305
Srrm4,,,,
Polrmt,18.78398,19.38505,,19.084515
Sirt7,21.57459,19.64275,19.70519,19.70519
Ppp1r1c,,,,
Zfp189,,,,
Spock1,,,,
Kiaa0020,24.48487,24.12928,23.7959,24.12928
Haus7,22.9439,19.48135,22.62531,22.62531
Zcchc4,21.04414,,,21.04414
Slc25a29,19.21428,,,19.21428
Rassf10,,,,
Ablim2,,,,
Ablim2,,,,
Gtf3c2,,,,
Arhgap22,23.37557,23.0769,22.54552,23.0769
Zfp3,,,,
Ankrd34c,,,,
Tardbp,,,21.76842,21.76842
Phf20,16.98993,,,16.98993
Lpar4,22.6872,,,22.6872
Dse,20.16153,,,20.16153
Slc7a4,,,,
Psd4,16.503,20.43359,20.81581,20.43359
Sowaha,,,18.34152,18.34152
Slc35c1,,19.42066,19.11304,19.26685
Col16a1,,,,
Smoc1,21.34754,19.10973,19.90104,19.90104
Hps6,23.34381,22.10466,21.59323,22.10466
Lsm14b,,,,
Plekhm3,21.26574,,,21.26574
Arid5b,19.79668,17.5548,18.38541,18.38541
Ctso,24.07104,23.73727,24.75588,24.07104
Cnksr3,23.05953,20.77201,20.6329,20.77201
Npat,19.0302,17.9677,16.46738,17.9677
Emsy,25.95808,25.04135,25.68696,25.68696
Lpar6,,21.73037,,21.73037
Shc2,,,,
Nop9,23.03039,23.66926,22.67325,23.03039
Dzip1;Syce3,21.28692,17.31363,19.22154,19.22154
Slc25a32,23.77696,23.83923,23.71785,23.77696
Gen1,,,,
Cgrrf1,,,,
Sp8,,,,
Mettl2,22.02783,22.48638,15.38104,22.02783
Ccdc184,,,,
Nrros,,,,
Znf76;Zfp523,,,,
Vrk2,24.43638,22.54913,22.52461,22.54913
,23.70028,22.37023,22.47818,22.47818
Arhgap28,,,,
Slc17a5,24.06365,21.38706,22.37316,22.37316
Ddx26b,19.282,18.80467,,19.043335
Derl2,24.70556,25.30156,25.61203,25.30156
Gpr137b,,,,
Sp2,23.88846,21.88077,22.25225,22.25225
Vmac,22.67483,23.41274,22.32691,22.67483
Zfp101,,,,
Tpm1,28.26915,26.87713,25.89581,26.87713
Athl1,28.11376,27.41957,27.26419,27.41957
Pstk,22.15971,21.27816,22.56316,22.15971
Rhbdd3,22.95141,,,22.95141
Efemp1,24.59457,21.66978,22.1731,22.1731
Dnaaf2,23.68014,22.76422,22.46438,22.76422
Zcchc3,,,,
Gpr180,22.65438,21.50237,21.30736,21.50237
Slc15a3,19.39146,17.87921,16.78507,17.87921
Fam175a,,,,
Fjx1,,,,
Smco3,,,,
Eml5,,14.66489,,14.66489
Znf146,,,,
Rab11fip4,,,,
Zdhhc14,,,,
Kansl2,,19.84809,,19.84809
Adipor2,,,,
Fam69c,23.84546,19.61159,,21.728525
Acn9,,,,
Gjc2,20.2543,21.99338,20.14694,20.2543
Rab37,,,,
Tmco6,,20.55703,,20.55703
Hus1,22.86818,18.40649,21.5514,21.5514
Nhlrc1,,18.25636,18.00952,18.13294
Kat6b,18.5403,,14.54267,16.541485
Maats1,23.28221,23.37769,22.53986,23.28221
Gorab,24.87797,24.08902,24.8812,24.87797
Pi15,,,,
Zmym6,18.4897,,16.19216,17.34093
Gpr89a,22.74636,21.24592,22.21815,22.21815
Tyw3,19.3057,21.47531,21.18126,21.18126
Zkscan8,,,,
Arf2,19.20158,26.18705,26.97378,26.18705
Phf23,22.70533,22.35794,22.08018,22.35794
Ncaph2,,,,
Mob3a,,19.07616,17.14878,18.11247
COA4,,,,
Cebpzos,,,,
Lig4,,15.12481,20.70261,17.91371
,20.63014,,,20.63014
Ndrg4,,,,
Scrt2,,,,
Pigz,,,,
Cd200r5,,,,
PcgF3,,,,
Rccd1,,19.47114,,19.47114
Cdk5rap1,21.40816,20.18132,20.67616,20.67616
Pak4,26.61961,25.21234,25.4288,25.4288
Slc4a7,,19.59923,20.19111,19.89517
Ikzf5,21.83225,,,21.83225
Pwp2,23.43007,22.61241,22.32866,22.61241
Pamr1,,,,
Aifm2,22.27031,23.38837,22.70618,22.70618
Txnl4b,,21.90139,,21.90139
Nme7,,,,
LRWD1,22.90969,22.22179,22.34413,22.34413
Lrp12,,17.60682,,17.60682
Ptpn7,,20.23234,21.19442,20.71338
Slc24a2,,,,
Fam43a,,,,
Zfp788,20.95766,,,20.95766
Foxj3,23.06393,22.08579,21.12824,22.08579
Gphn,,,,
Lsm11,17.92497,19.03832,,18.481645
Kcnk10,21.19003,17.62521,,19.40762
Pla2g3,,,,
Ifi44,,,,
Aph1a,23.23739,,,23.23739
Mettl6,23.34895,22.68667,22.93166,22.93166
Trip11,,,,
Sp110,21.52148,19.87307,20.03268,20.03268
Jakmip1,,,,
Azin2,21.041,21.35213,19.66131,21.041
Phf11a,,,,
Mterf4;Mterfd2,23.94092,24.66996,24.49704,24.49704
Rspry1,21.06178,22.40356,22.56635,22.40356
Trim14,22.37406,17.08928,,19.73167
Supt3,,,,
Plin5,20.37624,,,20.37624
Il33,,,,
Ptrh1,22.69925,23.50458,23.73882,23.50458
Nob1,23.81059,22.28833,24.11997,23.81059
Ttc12,22.96215,22.63469,21.92854,22.63469
Ap1s2,20.78899,,19.98022,20.384605
Camk1d,,,,
Steap2,21.66575,21.10329,20.13609,21.10329
Tpcn2,20.90683,18.68558,21.45378,20.90683
Arrb1,,21.82606,18.52784,20.17695
Orai1,24.46389,25.85871,22.54151,24.46389
Slc38a7,24.18699,23.154,23.69975,23.69975
Ldlrad4,,,,
Rbms3,,22.79844,,22.79844
Stfa2l1,,23.29572,,23.29572
Ttpa,,,,
Rhpn2,23.76,21.88885,21.44374,21.88885
Dip2a,,18.685,18.23187,18.458435
Sprn,,,,
Fam131a,,17.24813,,17.24813
Slc39a11,24.25083,23.81402,23.7006,23.81402
Gk5,,19.48127,19.49044,19.485855
Pgam5,21.92133,21.39629,,21.65881
Ube3d;Ube2cbp,,,,
Eda2r,,,21.15616,21.15616
Relt,,,19.02063,19.02063
Vps13c,,,,
Trerf1,19.54744,,,19.54744
,21.0466,18.51476,,19.78068
Ppm1k,20.83815,21.27901,,21.05858
Stard7,,,,
Fam53c,22.84126,18.02405,20.59905,20.59905
Osbpl6,20.96473,,,20.96473
Fgd2,20.29513,20.2976,20.99245,20.2976
Znf574,22.46101,20.55609,20.53886,20.55609
Usp47,,,,
Epha10,,,,
Trmt13,19.34523,,,19.34523
Chd9,16.26118,16.71693,,16.489055
Rsph4a,25.64069,25.55938,25.21889,25.55938
Slc41a2,,,,
Arhgap25,,,,
Elmo3,24.5338,18.86036,17.82028,18.86036
Slc9a9,24.37079,18.82087,20.53412,20.53412
Prkd2,23.41209,22.74606,23.77776,23.41209
Slc25a21,26.58348,24.65753,26.03326,26.03326
Znf609,21.90647,20.48188,,21.194175
Tctn1,24.09668,22.68919,22.52497,22.68919
Slc13a4,,,,
Dnm3,,,,
Gpr26,,,,
Nipal4,19.51757,19.47704,,19.497305
Afap1l1,,,,
Slc35f4,,,,
Neu4,,,,
Klhl12,21.53251,18.87361,19.56507,19.56507
Kcnv1,,,,
Nuak2,,,,
Dhx32,23.05441,21.55065,21.06592,21.55065
Lacc1,22.81681,20.59067,17.35501,20.59067
Sowahb,,,,
Tpbgl,,,,
Chpt1,28.81684,24.52618,24.69556,24.69556
Eno4,,,,
Camkk2,,,,
Ccser1,19.65906,18.34945,17.1632,18.34945
Trub1,21.06592,19.87382,20.27378,20.27378
Ing4,23.36986,,,23.36986
Trim47,24.08869,23.81607,23.47346,23.81607
Trim47,,,,
Prss35,21.52888,,,21.52888
Traf3ip3,,15.07402,,15.07402
Epc2,20.19976,20.45764,18.18742,20.19976
Atg16l1,,,,
Dnai1,22.27816,21.87275,21.36474,21.87275
Agpat9,23.71083,23.34503,23.46476,23.46476
Mastl,,19.32087,,19.32087
Znf451,,,,
Ttc34,,19.99466,,19.99466
Zfp317,,18.14086,,18.14086
Dis3l,20.53971,20.08187,20.38058,20.38058
Mfsd9,21.1379,,,21.1379
Frmd6,23.24461,22.02563,21.5499,22.02563
Slitrk6,,,,
Sh3rf3,,23.2953,20.30408,21.79969
Ldlrap1,24.04902,24.3995,22.41491,24.04902
Mslnl,,,,
Mbnl2,25.99854,22.87192,23.63312,23.63312
Cps1,18.78005,18.67435,18.89395,18.78005
Mtrr,20.46752,21.04226,21.08907,21.04226
,,,,
Iws1,24.15931,23.63012,23.90399,23.90399
Csgalnact2,21.839,19.63488,20.08252,20.08252
Krtap16-3,,,,
Smim4,,,,
Bbs4,25.86266,24.70804,22.79358,24.70804
Trmt10a,,21.4498,22.88041,22.165105
Ikzf4,,,,
Dpep2,,,,
Pqlc3,21.718,21.4399,20.35875,21.4399
Ska3,,,,
Tsen54,22.73215,22.03245,23.27042,22.73215
Suco,22.25459,21.11687,20.4207,21.11687
Layn,22.81223,22.72536,21.72409,22.72536
Rft1,,,,
St6galnac4,,,17.25313,17.25313
Tango6,21.07424,19.384,20.01917,20.01917
Zbtb37,,19.47439,19.50885,19.49162
Kntc1,19.62785,17.87406,17.72733,17.87406
Yipf4,26.02466,21.50077,21.01693,21.50077
Wdpcp,21.41075,21.30519,25.4768,21.41075
Cenpu,,17.39305,17.06434,17.228695
Herpud1,21.24962,20.14046,22.93763,21.24962
,,,,
Tmem154,,,,
Tmem145,,,,
Sfrp1,27.15721,26.41135,26.20019,26.41135
Fbxl3,21.73128,22.81689,21.88289,21.88289
Nrn1l,,,,
A730017C20Rik,,,,
Max,24.7189,24.34293,24.3476,24.3476
Rad51ap1,,,,
Fam78a,,,,
Pias2,,17.78545,,17.78545
Vash2,,,,
,23.21058,19.97014,23.48775,23.21058
Nt5dc1,18.67135,,16.62013,17.64574
Dcun1d4,22.6156,21.80045,,22.208025
Rtkn,,,,
Rps19bp1,26.36743,22.79291,25.2084,25.2084
Fam204a,,,,
Bend5,,,,
Mb21d1,22.20884,,21.3133,21.76107
Zfp57,,18.62335,,18.62335
,,,20.43949,20.43949
Lin9,21.54656,20.61027,20.2383,20.61027
,20.24771,17.10072,15.19117,17.10072
Fam221a,22.32655,22.67868,22.07336,22.32655
Stbd1,,,,
Trim9,,,,
Galnt6,,,18.81691,18.81691
Emc1,,,15.23246,15.23246
Spice1,24.37139,22.98115,22.42816,22.98115
Slc35e2,,,,
Tusc5,,,,
Scara3,,,,
Zfp202,,,,
Rtp1,,,,
Fam60a,,,,
Vwc2,,,,
,,,,
Nrxn3,,,,
Fam26f,,,,
Zfp446,,,,
Atg4a,21.67068,21.50698,19.3894,21.50698
Epc1,22.01954,17.15581,19.49223,19.49223
Atp5sl,,,,
Shisa4,23.72453,24.35884,23.56151,23.72453
Araf,19.79886,21.59304,22.27648,21.59304
Nhsl1,,,,
Rab36,22.8468,22.32658,20.93718,22.32658
Rad23a,,,,
Immt,,,,
Parp9,,,,
Ybey,,,,
Tmem194b,21.89541,23.44708,23.03619,23.03619
Lrp11,,,,
Rassf4,24.09426,21.64939,22.15866,22.15866
Rsad2,20.70269,,19.96226,20.332475
Lrrn3,,,,
Nrip1,15.81318,,,15.81318
Rnf170,,,,
Tsku,23.41918,22.09291,22.07862,22.09291
Dcaf12l1,,,,
Bivm,,,,
Gatc,,22.84841,22.22249,22.53545
Cdan1,21.15332,21.09365,17.5723,21.09365
,,,,
Rybp,23.31562,22.68014,23.51965,23.31562
Amer2,23.15345,21.57131,21.09288,21.57131
Slc35e1,22.63192,23.18565,22.10929,22.63192
,,,,
Zbtb9,20.15795,18.32232,17.85404,18.32232
Lrif1,,20.65045,21.30541,20.97793
Ston1,25.3759,24.79986,24.03002,24.79986
Iqub,,,21.02486,21.02486
Dnal4,,,,
Dmtf1,17.33473,15.88011,18.81594,17.33473
Pramef8,,,,
Znf276,21.5602,19.7796,19.99728,19.99728
Pask,19.89837,,17.8734,18.885885
Fem1c,,13.73661,,13.73661
Ccdc28b,23.91825,22.98992,,23.454085
Usp27,,,,
Smco1,,,,
Zfp263,,,,
Lamtor4,26.99615,26.00515,26.59306,26.59306
Irak2,19.27403,20.41627,,19.84515
Ercc8,,,,
Btbd7,17.62984,19.55562,,18.59273
Sulf2,24.06579,22.96693,24.80558,24.06579
Dmrta1,,,,
Slc25a45,21.24818,20.96585,20.83731,20.96585
Dennd1c,19.72252,18.02237,20.87523,19.72252
Zswim3,,,,
Mef2c,22.092,,,22.092
Setd1b,19.84367,18.87264,16.93997,18.87264
Ngfr,,,,
Tp53inp2,,,,
Ano2,,,,
Cox10,21.80534,,,21.80534
Gpc3,,,,
Ltbp1,24.49911,23.03026,23.24644,23.24644
Smc5,23.48517,21.53388,22.08654,22.08654
Rab43,30.49515,29.57474,30.45474,30.45474
Fkrp,24.55104,23.29334,21.94432,23.29334
Leprel2,19.07616,20.43553,,19.755845
Rpgrip1l,19.52227,19.46673,20.03241,19.52227
Mamdc2,22.83492,21.44121,21.32674,21.44121
Uaca,24.63666,23.53943,23.23644,23.53943
Ifi205a,21.28399,20.63298,20.61531,20.63298
Arhgap29,22.43644,18.88471,26.43293,22.43644
Bcor,17.12343,17.31708,,17.220255
Tshz3,19.3605,21.56151,21.21638,21.21638
Oraov1,,,21.06881,21.06881
Nav1,,,,
Adnp2,19.68694,,17.52045,18.603695
Gltscr1l,,,,
Rln3,,,,
Epn2,,,,
Epn2,,,,
Tada2a,,,,
Mbtps2,,,,
Slain2,24.5998,22.28681,24.14507,24.14507
Pdgfc,,,19.82833,19.82833
Stoml1,,,,
Dis3l2,,18.17202,18.26376,18.21789
Slc35b4,,22.17621,,22.17621
Hiatl1,,,,
Esco2,,,,
Csrp2bp,20.014,,,20.014
Fam20a,,,,
Zmiz2,,,,
Btd,25.46485,22.86081,23.54392,23.54392
Sidt2,23.81548,21.96698,22.10348,22.10348
Kdm1b,26.02115,25.50476,26.56036,26.02115
Crlf2,,18.84095,,18.84095
Rfwd3,,,,
Lrrc45,21.72862,21.25574,20.36922,21.25574
D2hgdh,27.71679,25.79313,24.8606,25.79313
Gpr84,,,,
Card11,,,,
Crh,,,,
Peo1,20.37188,17.9851,20.73752,20.37188
Crocc,,,,
Neurl3,,,,
Ago4,,,,
Mr1,,,,
Znf467,,,,
Rasgef1b,16.80587,,,16.80587
Tifab,,,,
Klhl2,,18.26164,15.45459,16.858115
Crk,19.67442,21.04667,21.9124,21.04667
N4bp2l2,19.75104,20.30184,19.63932,19.75104
Hmgcll1,,,,
Nudt13,25.33221,24.02471,23.95082,24.02471
Pxdc1,22.12808,21.862,22.61538,22.12808
Poc1a,20.58013,19.08921,,19.83467
Clec4a3,22.32454,19.31332,,20.81893
Ammecr1l,19.5721,,20.28376,19.92793
Tma7,28.78628,29.19423,29.68127,29.19423
Sulf1,21.95738,18.51665,19.72738,19.72738
Gtpbp10,21.66397,23.28701,22.40878,22.40878
Cenpo,,,,
Akr1c18,,,,
Stard8,,,,
,22.42191,22.91095,22.93059,22.91095
Ift80,25.24692,24.6274,24.37928,24.6274
Reep4,20.50949,20.71616,22.36046,20.71616
Lmbrd1,26.01861,25.84129,25.51554,25.84129
Osbp2,,,,
Cox19,23.20966,20.7086,,21.95913
Zfp60,,,,
Fgb,,,,
Slc47a1,,,,
Taf10;Gm4799,25.35572,24.81568,23.73727,24.81568
Erich5,,,,
Snapc1,,,,
Tmem17,21.23111,22.62379,19.33715,21.23111
Dph3,24.79605,25.21897,24.52319,24.79605
,21.11826,20.10418,20.58141,20.58141
Pms1,22.23789,20.85848,21.42183,21.42183
Mtrf1,22.86814,,23.17135,23.019745
Scnm1,,,,
Saysd1,,,,
Rnase2a,,,,
Krtap13-1,,,,
Mettl5,23.09862,23.27668,22.5487,23.09862
Angel2,,,,
Slc16a14,,,,
Lrrc41,23.07596,22.00093,21.91086,22.00093
Evc2,20.10418,22.91669,22.86442,22.86442
Tcp11l2,25.13786,23.09737,22.22988,23.09737
Obp2a,,23.30452,,23.30452
Spp2,,20.98099,21.29737,21.13918
Sde2,23.33088,20.58756,20.88807,20.88807
Cenpi,,,,
Serpinb10,,,,
Creb5,21.40987,20.60041,21.72155,21.40987
Phldb2,21.50276,19.37346,20.79329,20.79329
Unc5d,,18.83658,,18.83658
Unc5b,,,,
Lrrc25,21.89774,20.49404,21.90511,21.89774
Kct2,24.41777,25.69014,24.12888,24.41777
Polr1e,21.32997,21.78843,17.18001,21.32997
,23.95314,22.65018,21.26556,22.65018
Slc31a1,29.32837,28.52197,28.69062,28.69062
Relb,23.91989,19.8273,20.6784,20.6784
Hpdl,23.14959,19.36125,,21.25542
Mtmr3,,,,
Gulp1,26.38837,25.91134,26.15232,26.15232
Alg3,23.8892,23.73665,,23.812925
Leprel4,24.11712,23.15443,23.23784,23.23784
Os9,,,,
Plcd3,23.92931,22.83438,22.45418,22.83438
Rell1,26.45562,25.91595,26.16025,26.16025
Agfg1,21.06822,,20.87995,20.974085
Srrd,21.98763,,,21.98763
Lurap1l,,,,
Rfesd,,,,
Chchd7,23.76061,22.84234,,23.301475
Znf668,,,18.83849,18.83849
,,,,
Txndc11,,18.63329,19.45041,19.04185
Atp10d,,,,
Gtf2h5,,,,
Eva1b,,23.934,21.92955,22.931775
Ddx52,20.31783,,21.52741,20.92262
Tmem129,24.17371,24.16108,24.55104,24.17371
FRRS1,22.91649,21.80916,21.28404,21.80916
Usp45,,,,
Cdk5rap2,22.93979,23.24323,22.07477,22.93979
Mnd1,,,,
Trpt1,23.02247,20.50523,20.82431,20.82431
Swi5,,,,
Znf131,,20.40406,18.9822,19.69313
Cables2,19.09316,,,19.09316
Cnot6,,,,
Plcd4,27.32053,26.78681,26.16781,26.78681
Kiaa1024,18.13661,17.24961,,17.69311
Casc3,21.75324,18.72004,19.0547,19.0547
Retnlg,,,,
Emilin2,21.68872,,,21.68872
Mta1,21.38047,,,21.38047
Irak3,19.74363,18.91252,18.29858,18.91252
Slc36a1,19.58639,,20.43441,20.0104
Alms1,18.90189,15.1766,15.46199,15.46199
Mkl1,18.46064,,18.87331,18.666975
Cetn4,26.45356,22.9167,18.86861,22.9167
Pank1,21.73958,20.90566,20.34516,20.90566
Ddx54,21.93373,22.40408,20.97547,21.93373
Pof1b,22.89923,,20.16374,21.531485
St7l,,,,
Neil1,,20.45674,21.48611,20.971425
Pitpnc1,23.48456,22.95164,,23.2181
Dlgap5,21.03678,20.94442,19.08727,20.94442
Plce1,25.13884,23.74355,23.4864,23.74355
Stradb,22.10885,21.84621,21.60752,21.84621
Clcn3,,,,
Treml1,,,,
Mcoln2,,,,
Mcoln2,,,,
Mcfd2,27.45897,26.68632,27.08416,27.08416
Traf3ip2,,,,
Tram1l1,,,,
Oaf,23.10228,20.64711,21.2588,21.2588
Fam58b,21.23824,,20.55918,20.89871
Flcn,23.97666,20.3538,,22.16523
Arhgap9,17.22976,,14.93134,16.08055
Sbk1,24.98355,21.67047,16.11649,21.67047
Glyctk,22.95026,,20.22858,21.58942
Bloc1s5,30.52038,29.84848,30.82699,30.52038
Pcgf1,21.29485,,21.9234,21.609125
Lyrm2,,20.9939,,20.9939
Rpp21,,,,
Bfar,26.68859,20.88829,22.46291,22.46291
Gtse1,,,,
Hnrnpl,,,,
Fbrs,,19.46226,18.85526,19.15876
Zbtb44,,,,
Otx2,,,,
Sumf1,25.19186,25.14453,25.26585,25.19186
Rbmx2,23.37053,21.31041,23.09455,23.09455
Sec14l4,,,,
Tm2d2,,,,
Tmem134,21.92343,21.72787,,21.82565
Ccdc137,23.66471,21.9043,22.75295,22.75295
E2f4,23.74725,22.75316,24.54321,23.74725
Znf768,,,,
Eppk1,19.8548,21.223,,20.5389
Ndfip1,23.35461,22.14557,21.90705,22.14557
Enox2,,,,
Enox2,21.70763,17.60407,17.62892,17.62892
Prelid1,21.02012,24.20284,,22.61148
Serpina10,,,,
Klhl36,,,18.89125,18.89125
Tmem119,,,,
Slc29a4,,,,
Pttg1ip,26.64719,26.38301,26.74253,26.64719
Fam110a,22.86117,21.76239,22.39621,22.39621
Mmd2,,,,
Dock7,,,,
Rorb,20.61036,19.43488,,20.02262
Kcnc4,,,,
Vopp1,,,,
Mettl22,,20.15252,,20.15252
Apbb3,,,,
D8Ertd738e,25.46889,24.50803,24.45501,24.50803
Hyi,27.26329,26.48508,26.99895,26.99895
Rpp40,23.13516,22.32202,22.43153,22.43153
Tasp1,,21.66705,,21.66705
Pdlim2,30.0271,28.51092,28.71057,28.71057
Ubac2,25.80341,22.33615,24.08075,24.08075
Kdelr3,,,,
Hmces,,,,
H2afj,26.14932,26.18694,26.54535,26.18694
Atg10,22.73202,21.043,20.43979,21.043
Il34,,,,
Rnf121,21.95365,15.29372,,18.623685
Zc3h10,18.17738,18.81488,18.7411,18.7411
6330416G13Rik,,,,
Ero1lb,22.87079,22.07738,21.61005,22.07738
Ccdc80,21.92868,21.29866,21.25765,21.29866
Tceanc2,21.4227,,,21.4227
Ccdc59,21.17846,21.84701,21.96102,21.84701
Cirh1a,22.41318,23.00422,22.48653,22.48653
Klhl25,,19.64354,22.67526,21.1594
Zfp940,17.89042,,,17.89042
Tctn3,23.08669,20.1447,20.55964,20.55964
Bst2,26.72936,24.49625,25.82878,25.82878
Pomt1,18.66369,16.57576,,17.619725
Cd177,,,19.62678,19.62678
Actr8,21.93117,22.15125,21.38653,21.93117
BC027231,,,,
Lrrc42,,,,
Adap2,,15.11967,19.10572,17.112695
Pank3,21.67926,23.41751,17.05854,21.67926
Blzf1,20.62149,21.97081,,21.29615
Dolk,21.51581,,20.43715,20.97648
Nabp2,,23.72442,24.25299,23.988705
Slc26a7,,,,
Tmcc3,,,,
Slc35f5,,,,
Ubqln1,25.9035,,22.00192,23.95271
Rerg,,,18.04926,18.04926
Clmp,,,,
Larp1b,,18.68442,,18.68442
Mterf3;Mterfd1,,20.3014,,20.3014
Chac1,,,,
Mmgt2,,,21.225,21.225
Tcf25,,22.74757,23.08973,22.91865
Tcf25,,,,
Slco3a1,,,,
Slco3a1,21.60598,,,21.60598
Cdk8,,,,
Dtx2,21.2,,19.43369,20.316845
Rnf113a1,,,,
Tspan33,,,,
Aimp2,23.71639,19.36711,,21.54175
Sh3glb2,25.56903,23.38745,22.76166,23.38745
Cuedc1,18.62246,23.47073,22.51434,22.51434
0610009B22Rik,,,,
Atp2a1,,15.3861,,15.3861
Nlrp3,,,16.9938,16.9938
Cdt1,,,19.06145,19.06145
Ntng2,,,,
Arhgef12,22.32748,20.55319,20.71975,20.71975
Slc30a5,22.67932,22.82753,22.62663,22.67932
Atxn7,17.1894,16.91788,17.65655,17.1894
Pappa,19.42923,,,19.42923
Abcc10,22.14386,20.77096,21.52936,21.52936
Cys1,,,,
Mypop,22.45033,19.85915,20.37305,20.37305
Nfam1,,24.71225,24.71329,24.71277
Etv3,,,18.53739,18.53739
Fktn,,20.67444,,20.67444
Rhoq,20.45764,,,20.45764
Sh3kbp1,,,,
Gipc3,,,,
Cadm1,,,,
Txlnb,22.7563,20.54633,19.391,20.54633
Apobr,23.16642,22.2181,22.86531,22.86531
Banp,,,,
Bbx,22.37106,21.07894,21.95426,21.95426
Asb13,22.50405,,,22.50405
Dhrsx,20.3274,19.85579,18.67618,19.85579
Akr1c13,22.91468,21.33789,20.72584,21.33789
Rpap2,20.3657,20.66075,20.69081,20.66075
Pex12,24.65354,23.72203,22.72474,23.72203
Wrap53,23.26614,21.95546,22.94346,22.94346
Rbpms2,22.40421,21.83557,20.68183,21.83557
Kctd5,24.09957,22.74028,19.92859,22.74028
Glb1l,23.84814,22.9643,22.91818,22.9643
Nrm,,22.34792,22.42931,22.388615
Ssx2ip,,,,
Slc22a6,,,,
Rbms2,25.95846,24.26098,24.34361,24.34361
Akr1c20,,,,
Cyp4f15,,,,
Tmem161a,23.61178,22.37015,23.30131,23.30131
Med25,25.35568,23.79313,23.77404,23.79313
Hpgd,,17.40383,20.61234,19.008085
Ces1,28.86918,27.18035,28.56278,28.56278
Kdm4c,22.18238,21.45272,22.78009,22.18238
Plekhh3,23.58222,21.83861,21.66596,21.83861
Cant1,23.92533,23.00196,23.58921,23.58921
Dhcr24,24.81314,23.43593,24.00316,24.00316
Rdh10,25.42982,24.43186,23.49363,24.43186
Lrrc3b,,19.3563,,19.3563
Plbd1,24.10502,17.5563,17.14858,17.5563
Swsap1,,,,
Tubg2,,,,
Klhl20,21.77587,21.0252,20.59896,21.0252
Zfp451,,,,
Zfyve21,24.45601,22.79249,23.30201,23.30201
Fgg,,,,
Ak6,23.849,22.89049,22.67515,22.89049
Nrbf2,22.23345,21.20824,19.43249,21.20824
Sgms1,23.22526,20.21205,21.36656,21.36656
Tmem242,22.68307,22.90001,21.22629,22.68307
Abhd14b,27.28736,25.89597,27.28551,27.28551
Med9,21.373,22.26914,20.32213,21.373
Ces1d,,,,
Angel1,,,,
Ces3b,,21.56272,25.44408,23.5034
Ndrg3,,,,
Unc93b1,24.0083,21.55487,23.47581,23.47581
Slc35c2,,,,
Rpusd1,,,,
Tmem97,,,14.21629,14.21629
Gripap1,22.05255,,,22.05255
Tapbpl,22.11067,19.5441,22.18304,22.11067
Sgip1,,,,
Sgip1,22.03705,22.02938,20.75923,22.02938
Sft2d2,20.89393,20.20395,21.35272,20.89393
Evi2b,26.51806,24.87591,23.95793,24.87591
Gtf2h3,18.50479,,,18.50479
Alg12,20.31849,22.81716,22.54399,22.54399
Uhrf1,16.79551,18.83325,15.46719,16.79551
Dapk2,24.38785,,24.84048,24.614165
Epsti1,,,,
Alg9,25.47008,20.96176,23.68656,23.68656
Glis2,22.54873,22.21694,,22.382835
Sirt2,22.01093,23.66481,22.64403,22.64403
Apol9a,,,,
Mitd1,22.93467,,23.17918,23.056925
Ube2w,24.4902,,24.1386,24.3144
Tmem5,19.98092,21.0142,22.64537,21.0142
Efcab7,22.3493,21.31113,23.05487,22.3493
Caap1,22.85897,22.82995,21.83094,22.82995
Mob3b,23.95234,22.73374,23.33361,23.33361
Fbxo33,,,,
Naa40,23.93157,22.34365,19.14156,22.34365
Nkd2,,,,
Ankrd49,,,,
Paip1,,,22.78369,22.78369
Taf12,,19.04676,,19.04676
Rbm4b;Rbm4,23.04452,22.30894,22.76024,22.76024
Slc35f6,,20.54397,25.36423,22.9541
Cd276,24.07047,23.92416,23.80114,23.92416
Rab7b;5430435G22Rik,21.30184,21.17542,17.47461,21.17542
Sav1,23.32375,22.09761,22.52612,22.52612
Ccdc71,16.80763,,,16.80763
Rhbdd2,,,19.27515,19.27515
Ing3,20.7532,,20.80869,20.780945
Mospd1,23.23045,21.9043,22.60845,22.60845
Klhdc3,20.27287,,,20.27287
Olfr284,24.38982,24.86131,26.58892,24.86131
Olfr1184,,22.83938,22.04427,22.441825
Ca9,,,,
Dnah5,22.07042,21.60259,21.43792,21.60259
Agap3,,,,
Ccdc65,21.60205,20.6383,21.06973,21.06973
Crygn,,,,
Cdhr1,,,,
Socs7,,,,
Cacng5,,20.32092,20.2061,20.26351
Imp4,23.18189,23.97491,23.18341,23.18341
Gbgt1,,,,
Noc3l,20.51528,20.88002,24.81558,20.88002
Oasl1,20.96607,19.07961,21.59345,20.96607
St3gal6,23.77122,,21.90852,22.83987
Barhl2,,,,
Recql5,24.73805,19.83983,20.17804,20.17804
Mpv17l2,23.96058,23.31962,23.3656,23.3656
Havcr2,23.10386,,,23.10386
Impa2,22.15629,21.32003,21.90573,21.90573
Tram1,22.19334,21.58935,22.53853,22.19334
Slc12a5,,,,
Lyrm5,,,,
Chn1,,,,
Rbm42,21.91357,,,21.91357
Fgfrl1,22.54194,21.31147,19.00127,21.31147
Npnt,21.20084,20.59823,21.95886,21.20084
Hps3,23.35097,21.36784,21.77282,21.77282
Pcdhb17,19.75436,,19.34722,19.55079
Col26a1,22.76363,,,22.76363
Eef1d,,,,
Zbtb1,19.84261,18.68164,17.81685,18.68164
Lrp5,15.73524,17.08182,,16.40853
Farp2,24.41216,22.87955,22.75305,22.87955
Nsmce2,24.88679,24.33101,23.57911,24.33101
Ptov1,21.50378,,20.05484,20.77931
Dennd2d,,,,
Zkscan3,19.21188,18.3865,17.41856,18.3865
Nxph3,,,,
Tmem168,22.15277,24.16821,23.16516,23.16516
Kdm4b,24.06571,22.99835,25.15341,24.06571
Znf622,24.69917,23.62165,24.70097,24.69917
Cox4i2,24.21741,,,24.21741
Usp3,22.85279,22.82052,22.73502,22.82052
Paip2b,23.11444,,,23.11444
Tmem19,26.67707,26.10019,26.21369,26.21369
Nmrk1,,,20.32652,20.32652
Usb1,17.5912,,18.0228,17.807
Slc15a4,23.17336,22.79952,22.47043,22.79952
Tipin,,,,
Cxxc5,,,,
Ppapdc3,,,20.42481,20.42481
Plekhf2,24.15977,23.35421,23.22998,23.35421
Ubtd1,,24.08026,24.93921,24.509735
Pot1,21.54439,19.99424,20.96317,20.96317
Gpr108,24.83889,18.56856,18.51738,18.56856
,21.2967,22.74267,18.50707,21.2967
Rpp25,20.01509,18.33839,18.63633,18.63633
Trub2,21.1483,16.75225,21.89478,21.1483
Fubp1,,,,
Fubp1,,,,
Ankrd54,,,18.86432,18.86432
Zfp617,,,,
Tmem150a,24.15376,,,24.15376
Calml4,25.79253,24.15638,23.12482,24.15638
Gpx6,,,,
Dnajc17,23.86797,22.80564,23.33606,23.33606
Akr1c14,29.41236,27.41836,27.90913,27.90913
Rbm47,20.54312,,22.35509,21.449105
Tmco4,21.55389,,17.93192,19.742905
Zdhhc7,,,19.81055,19.81055
Dtnbp1,25.28493,24.92778,23.94673,24.92778
Kiaa2013,,17.42316,16.07901,16.751085
Baat,,,,
Zbtb3,19.09001,,,19.09001
Arhgef3,,,,
S1pr5,,,,
Cyp2a5,,,,
Flvcr2,,,,
Tmem98,,,,
Qprt,23.8148,22.08213,19.86759,22.08213
Snapc2,,,,
Klhdc8a,19.69644,20.04767,19.84866,19.84866
Ajuba,22.12906,20.43512,21.41535,21.41535
Dap,27.6679,26.66112,27.08253,27.08253
Slc25a38,20.73628,,,20.73628
Atp6v0e2,,,,
Tmem205,26.05347,25.06048,25.83057,25.83057
Rnf167,,,,
Lrg1,,,,
Lnx2,,,,
Dlg2,,,,
Chst15,,,,
Mtmr4,19.77473,14.43346,18.9807,18.9807
Pcdhgc4,,20.41431,20.71431,20.56431
Pcdhga4,22.307,20.30797,21.8617,21.8617
Pcdhgb6,,20.13057,,20.13057
Pcdhb8,,,,
Pcdhb5,,,,
Pcdhb4,,,,
Pcdhb3,,,,
Pcdhb2,,,,
Pcdhb19,,,,
Pcdhb18,,19.34869,,19.34869
Pcdhb16,24.77931,18.60856,23.58187,23.58187
Pcdhb15,,18.71075,20.66562,19.688185
Pcdhb1,,,,
Pcdha9,,,,
Pcdha9,,,,
Pcdha9,,,,
Pcdha9,,,19.54774,19.54774
Siglec12,,,,
St3gal4,20.44304,18.53936,17.45169,18.53936
Klk6,,,,
Aldob,,,,
Egln1,23.52922,21.81116,,22.67019
Synpo2,,,,
Papd4,20.98231,18.08747,19.95134,19.95134
Fam118a,21.45709,21.99659,22.26359,21.99659
Bcdin3d,,,20.40894,20.40894
Msantd4,,,,
Ppan,24.12163,23.79084,23.66145,23.79084
Themis2,19.60966,20.12553,20.70616,20.12553
Pex2,22.58655,18.90774,19.32281,19.32281
Tmem123,26.66139,26.08574,26.5942,26.5942
Dusp7,19.32898,,,19.32898
Myh7,,,17.53913,17.53913
Emr4,,,,
Mpped1,19.20893,,,19.20893
Ugp2,,,,
Tfap2d,22.42242,22.82771,19.20782,22.42242
Sh2b1,,,,
Dok5,,,,
Nek8,21.14942,,,21.14942
Dst,,,,
Dcbld2,20.94049,18.90824,19.07549,19.07549
Gpr124,20.15078,,,20.15078
Senp2,21.32531,19.55568,20.18398,20.18398
Med28,24.47692,,19.87935,22.178135
Smc1b,21.69047,20.94999,22.69324,21.69047
Gmcl1,,,,
Elovl6,,,,
Coro6,,,,
B3galnt1,21.11388,21.49047,21.39817,21.39817
Med6,,,,
Lrch4,,,,
Ube2s,,,21.34489,21.34489
Fam115c,20.96804,22.34177,21.26814,21.26814
Hemk1,22.71568,22.67747,23.33265,22.71568
Galnt11,18.97777,19.59337,20.07222,19.59337
Gps2,,,,
Tceal1,,,,
Dnajc14,,19.66162,19.62639,19.644005
Tor1aip1,,,,
Smtn,18.952,,,18.952
Tial1,,,,
Polr3f,22.89202,19.33758,21.45558,21.45558
Imp3,23.23748,22.98165,23.63688,23.23748
Mfsd5,,,19.56822,19.56822
Fam76a,23.81538,22.51328,23.24039,23.24039
Znf330,26.045,25.02213,25.30987,25.30987
Clip1,17.79481,,,17.79481
Cdca7l,,,,
Prkx,18.6921,19.54217,19.74471,19.54217
Kif2c,,20.15832,19.64054,19.89943
Mfap3,,,,
Pycr1,28.09788,27.59698,27.91787,27.91787
Ddo,22.69793,23.94118,23.81235,23.81235
Tmem159,,20.87215,20.86265,20.8674
Map3k7,,,,
Nrif1,,,,
Steap4,25.06878,24.07267,22.72551,24.07267
Clec4a;Clec4a2,,,,
Parm1,,,,
Gtpbp3,23.1843,21.60644,20.93575,21.60644
Ear6,,,,
Camk2g,,,,
Camk2g,22.03896,22.31194,21.80337,22.03896
Rad51c,,18.73909,18.83152,18.785305
Xrcc4,21.82869,20.87725,21.08018,21.08018
Smc6,20.03591,18.7011,16.65662,18.7011
St5,24.24938,23.44152,22.35248,23.44152
Lmo1;Lmo3,,20.44071,,20.44071
Cpt1b,,,,
Tram2,19.11533,17.29041,17.5947,17.5947
Cybrd1,29.64654,28.43209,28.24495,28.43209
Asic2,,,,
Krtap19-2,,,,
Sfxn4,,,,
Sfxn2,24.64785,24.35097,22.70206,24.35097
Ceacam2,,,,
Slc8b1,,,,
Dach2,,,,
Plagl2,,,,
Grip1,,17.74524,,17.74524
Edem1,19.89501,21.29564,21.24417,21.24417
Myo5a,15.33004,,,15.33004
Csprs,,18.13481,,18.13481
Ctu1,22.94417,25.65851,22.0021,22.94417
Smim11,,,,
Mcoln1,,15.74982,21.01339,18.381605
Ghdc,24.61386,23.12117,23.46151,23.46151
Mrm1,23.48235,21.912,23.12929,23.12929
Ttc30a1,,,,
Rbm43,23.17556,21.51706,21.42152,21.51706
Ifitm2,26.32241,24.58055,24.07977,24.58055
Calca,,,,
Klf7,,,,
Tnip2,15.92161,16.48419,14.48085,15.92161
Rpp25l,,,,
Kdelr1,,,,
Mustn1,24.25904,,,24.25904
Spef1,,,,
Krcc1,,,,
Tlcd1,,,,
Epcam,,,,
Taf11,,,,
Pdxdc1,21.33685,22.1242,20.93682,21.33685
Nrf1,22.99883,21.34262,23.20119,22.99883
Med24,,,,
Tab2,27.98945,22.38466,28.84332,27.98945
Stat1,,,,
,,,,
Hagh,,,,
Smagp,,,,
Dok4,,,,
Lsr,15.29142,,14.51705,14.904235
Hps4,21.17487,,,21.17487
Arrdc1,,,18.13109,18.13109
Rnf34,23.72993,23.03795,22.97575,23.03795
Ngrn,23.7603,22.47803,22.69925,22.69925
,22.0313,20.59104,20.95191,20.95191
Triobp,23.7417,22.74146,21.42291,22.74146
Znf639,,,,
Haus8,23.78427,22.83738,22.58518,22.83738
PAGR1;Pagr1b,21.91772,,20.07561,20.996665
Gstt3,24.77193,20.95084,24.00196,24.00196
Rsl24d1,26.66194,26.13587,25.86335,26.13587
Pdgfa,,,,
Dnttip1,21.51672,22.3431,20.13571,21.51672
Rilpl2,23.63123,24.22575,20.56104,23.63123
Lysmd3,,,,
Dcaf4,,21.4708,22.65318,22.06199
Gnl2,23.92225,21.90632,23.65283,23.65283
Clp1,20.94842,,,20.94842
Cmtm3,23.75715,21.78145,19.84717,21.78145
Nus1,21.45091,,,21.45091
Chst12,,22.35751,21.7946,22.076055
Yipf2,,,,
Mbip,,,19.02459,19.02459
Mmadhc,21.44288,,,21.44288
Ankrd10,,,,
Mmtag2,21.97253,18.75012,,20.361325
Gins4,16.64146,18.4805,20.74098,18.4805
Rwdd2b,22.26616,19.43862,19.20863,19.43862
,27.8044,27.58456,28.28908,27.8044
Cdca3,20.87485,,20.46374,20.669295
Krt84,18.9769,22.59598,23.10244,22.59598
Scrt1,,,,
Dnaja3,24.13171,21.57325,23.317,23.317
St7,,15.35339,,15.35339
Mtfr1,21.27133,22.31542,21.6906,21.6906
Nme5,22.75554,21.64134,21.22146,21.64134
Erc1,,,,
Rassf1,21.45934,,,21.45934
Zmynd10,23.54828,20.51162,20.41803,20.51162
Bbc3,22.98971,21.80377,22.66134,22.66134
Rnf111,,,,
Bicc1,22.49741,20.5265,21.04507,21.04507
Pink1,21.61288,,,21.61288
Aspn,19.50298,19.38968,,19.44633
Col25a1,14.53534,19.28354,,16.90944
Mpv17l,,,,
Ehbp1l1,,17.96905,18.29925,18.13415
Tpra1,,20.83892,,20.83892
Adar,,,,
Mlxipl,,,,
Ms4a6c,,,,
Ms4a6b,,,,
Dusp22,22.75625,21.69922,22.0425,22.0425
Hdac9,,16.86496,,16.86496
Cyp4f3,,,,
Cyp4f13,17.86852,,,17.86852
Brms1,,,,
Mrpl34,,,,
Srd5a2,,,,
Pcgf6,,,18.58545,18.58545
Bco2,,,,
Ranbp17,21.57662,21.14495,19.0453,21.14495
Trem2,,22.2526,21.94628,22.09944
Gtf2ird2,,,,
Rassf3,,,,
Slc29a3,24.70646,20.78269,23.33456,23.33456
Nuf2,,,,
Rtn4,,,,
Slc24a3,,,,
Cdh23,,,,
Rgs18,23.94931,23.6584,23.25652,23.6584
Lrrc4,,,,
Rtn4r,,,,
Pcdh15,,,13.98273,13.98273
Trim8,,,17.76759,17.76759
Trim26,22.44927,22.20559,21.63148,22.20559
Trim11,,,,
Ino80b,,,,
Kif19;Kif19a,,,,
Bap1,16.74911,19.73385,21.79915,19.73385
Bhlhe41,20.52793,19.06321,17.69785,19.06321
2210010C04Rik,21.05292,,,21.05292
Npm3,23.79124,25.27817,26.85614,25.27817
Cenpq,21.63312,,,21.63312
,,,22.99068,22.99068
Slc31a2,25.82469,,,25.82469
Anapc16,22.20174,23.22594,22.5692,22.5692
Pmf1,,,,
Cntnap2,,,,
Cntnap2,,,,
Ssr2,,25.13485,25.54542,25.340135
Metap1d,24.89273,,23.69869,24.29571
Uqcr11,,,,
Anapc11,24.48922,,,24.48922
Ftsj2,,,,
Mrpl51,23.95136,23.73387,23.25364,23.73387
Ormdl3,25.85743,24.3946,25.01218,25.01218
Tmem261,26.60527,26.83641,26.99313,26.83641
Ogfod2,,,,
Coprs,26.16006,25.63782,25.06698,25.63782
Mcts2,23.3105,,,23.3105
Fbxo36,,,,
Ube2t,19.59674,,,19.59674
Med21,23.70007,21.92445,22.63039,22.63039
Dut,,,,
Efcab2,25.08707,25.20199,24.77701,25.08707
Tctex1d2,26.5862,26.35114,26.053,26.35114
Leprotl1,,,,
Itgb3bp,,,,
Tspan31,23.54109,23.56605,22.6268,23.54109
,,21.1638,,21.1638
Cenpm,,,,
Cep19,,,,
Fam195a,23.97823,22.99229,22.80426,22.99229
Lyrm1,24.18556,23.3152,22.5714,23.3152
Cdc42ep3,,,21.5595,21.5595
Chmp1b2,25.23052,,24.09628,24.6634
Rnf138,20.70176,18.93367,,19.817715
Tmem147,,,,
Tmem100,,,,
Rpp14,19.36344,,,19.36344
Nwc;B230118H07Rik,27.31242,26.19295,26.19543,26.19543
Med30,,,,
Higd2a,,,,
Mettl21A,24.18865,23.65633,25.09293,24.18865
Mrpl18,25.71277,25.4887,24.14235,25.4887
Nicn1,22.90056,,15.81258,19.35657
Kdelr2,,,,
Tmem14c,29.13927,25.75685,25.35404,25.75685
Chchd5,25.34591,24.72463,25.53428,25.34591
Riok2,22.67064,21.33342,22.15131,22.15131
Haus2,,,20.03926,20.03926
Pomp,21.15376,22.76083,21.94006,21.94006
,24.05242,24.93441,24.58061,24.58061
Immp1l,,,20.70548,20.70548
Ywhab,,,,
Emc6,,,,
Ifitm3,30.69087,29.72912,30.78449,30.69087
Paf,21.16797,18.99535,17.47025,18.99535
Ndufc1,24.90348,,,24.90348
Ormdl2,25.3379,,,25.3379
Hsbp1,27.5862,23.72661,25.38545,25.38545
Polr3k,,20.85384,21.81394,21.33389
Pop4,18.16717,19.67948,20.23865,19.67948
Oxld1,25.03107,25.42175,24.30257,25.03107
,26.23473,25.16504,,25.699885
Fancl,,,,
Tmem42,,,,
Ppdpf,26.31257,23.04315,24.69083,24.69083
Klhl28,,,,
Ska2,23.81323,,,23.81323
Hbb-y,,,,
Rchy1,22.06102,22.71364,22.12978,22.12978
,,,,
Slc25a30,23.11256,,20.92636,22.01946
Gadd45gip1,26.44627,25.71492,25.67745,25.71492
Tmem186,24.31119,23.22638,21.69473,23.22638
Msantd3,,,,
Fam32a,27.02665,25.44335,25.60944,25.60944
Rbm18,,22.65027,22.08239,22.36633
Ccdc96,22.50976,21.88453,18.79354,21.88453
Tmem208,,,,
Golph3,25.94013,24.64444,24.97242,24.97242
Vkorc1;Gm21974,26.15296,,26.99032,26.57164
Ociad1,21.57764,24.28235,25.39392,24.28235
Ociad1,,,,
Dbndd2,26.26885,26.52467,24.71141,26.26885
Tm7sf3,21.80625,21.19003,,21.49814
Ecd,21.69319,20.0478,18.24637,20.0478
Atp13a2,20.45252,20.23701,20.43023,20.43023
Rhobtb3,23.49765,22.29832,21.6888,22.29832
Lhfpl3,,,,
Otud1,21.10508,,,21.10508
Sppl3,,,,
Prkrir,20.57367,21.37055,20.11566,20.57367
Fam133b,21.29013,20.71515,22.29715,21.29013
,22.53395,21.14345,20.79962,21.14345
Nudt17,22.33585,,,22.33585
Glipr1,,,21.603,21.603
Bloc1s2,24.7679,22.50993,23.52803,23.52803
Katnbl1,20.58719,20.34191,20.16411,20.34191
Mospd2,,,,
Pold4,,,,
Gatsl3,22.27276,,21.41282,21.84279
Bex4,,19.43302,19.55495,19.493985
Ddx28,23.93319,22.55119,23.20353,23.20353
Zdhhc13,22.05195,23.5552,23.42111,23.42111
Mcm8,,,,
Prkrip1,22.8111,23.18277,23.26842,23.18277
Zswim1,19.62619,,,19.62619
Rpusd4,23.33933,21.87346,22.26528,22.26528
Setd6,21.74788,21.9043,21.89441,21.89441
Rpain,,23.23919,,23.23919
Utp23,25.23889,,23.69232,24.465605
Cnih4,27.77838,27.91148,27.56238,27.77838
Lbh,26.03057,24.82779,23.51605,24.82779
D10Wsu102e,,,,
Cyp2u1,,,,
Grap,,,,
L3hypdh,28.26642,26.23338,26.44995,26.44995
Mgme1,23.26685,22.41491,22.09107,22.41491
Bcl7a,24.45394,23.37822,23.22639,23.37822
Chd1l,24.47438,19.44465,20.99431,20.99431
Tmem50a,22.03942,22.1316,,22.08551
Dcx,,,,
Pbld2;Pbld1,22.23538,,18.58747,20.411425
Exo5,,16.05972,,16.05972
Kdm8,19.89395,19.11637,20.787,19.89395
Tmem192,21.34316,21.13057,19.76497,21.13057
Wbscr22,25.65108,23.47482,24.35131,24.35131
Tmem179b,24.93058,24.32196,24.06677,24.32196
Mis12,18.42337,,,18.42337
Gins3,,,17.00985,17.00985
Trim13,22.76955,,22.3332,22.551375
Dsn1,,,20.39864,20.39864
Crtap,24.58812,22.73672,22.72492,22.73672
Tomm34,,,,
Gfod2,24.30222,22.94798,23.09179,23.09179
Qpct,,,,
Sesn3,20.80601,22.81972,21.82236,21.82236
,,,,
Dph7,24.76491,20.64544,19.8698,20.64544
Tmem135,21.77278,,17.49529,19.634035
Rrp15,,23.1822,22.36776,22.77498
Slmo2,,,18.39414,18.39414
2810428I15Rik,26.42512,26.38476,26.51567,26.42512
Mettl18,21.99542,,,21.99542
Gins1,,,23.1144,23.1144
Nsfl1c,23.04525,24.05656,21.43619,23.04525
St3gal3,,,,
Nsun4,23.78187,20.36709,20.47615,20.47615
Cmtm6,22.47303,25.38686,21.36357,22.47303
Med18,,,,
Srfbp1,23.42008,21.61063,22.45754,22.45754
Cenpp,22.82466,17.41485,,20.119755
Zcrb1,,18.8848,19.57862,19.23171
Nde1,24.34881,24.21475,23.27569,24.21475
Thumpd2,20.29379,,,20.29379
Med7,20.7733,,22.29533,21.534315
Tmem128,25.51204,24.33722,24.52367,24.52367
Mmachc,,,,
Ccdc77,,,,
Aen,24.14383,22.49629,25.58012,24.14383
Utp11l,25.08282,24.40484,24.4592,24.4592
Anks3,21.43731,20.01781,20.51557,20.51557
,,,,
Fopnl,,,,
Vasn,24.4946,24.0496,23.56337,24.0496
Cmss1,24.22516,23.84929,24.42124,24.22516
Eral1,25.26685,23.67487,23.73985,23.73985
Cenpn,,,,
Elp3,,,,
Cep89,20.13057,18.08067,,19.10562
Pinx1,,,,
Ube2v1,22.79681,,,22.79681
Lipt2,22.28633,20.42818,21.71854,21.71854
Nt5c3a,25.41963,22.09281,22.45367,22.45367
Nkain1,,,21.45056,21.45056
Mgrn1,,,,
Alg14,18.18054,22.36533,22.2526,22.2526
Spc24,,,,
Apitd1,,,,
Acer3,,,,
Det1,,,17.06002,17.06002
Rnf115,24.04293,22.44698,22.92624,22.92624
Dimt1,24.69434,24.53605,24.23528,24.53605
Ndc80,24.08156,21.2061,23.13229,23.13229
Zbed3,23.39297,,20.28241,21.83769
Cdca7,,,,
Chaf1b,17.38903,18.21826,19.23599,18.21826
Pygo1,,,,
Psrc1,,16.33193,,16.33193
Wdr89,20.90536,22.09039,23.43301,22.09039
Ebag9,24.86561,,24.52773,24.69667
Cinp,23.16054,22.70597,21.53806,22.70597
Mrpl52,,,,
Mthfs,,,,
Dnlz,23.99593,23.61156,23.77686,23.77686
Znf706,26.50587,25.98822,26.30116,26.30116
Ints12,23.37729,22.92113,22.8365,22.92113
Tomm7,,,,
Ss18l2,,,,
Wdr65,24.89421,20.31959,19.81467,20.31959
Aaed1,21.23397,19.28243,20.34104,20.34104
Ube2c,24.52785,,14.81308,19.670465
Cby1,21.29227,23.34652,23.7681,23.34652
Cthrc1,22.72939,21.47783,20.53203,21.47783
,,,,
Slc37a4,20.55955,23.4386,23.99774,23.4386
Rita1,21.29704,21.00237,,21.149705
Mfap4,,,,
Polr1d,,,,
Fkbp11,25.30716,25.40539,25.70417,25.40539
Mphosph6,25.12822,23.23059,24.78412,24.78412
Dpm3,21.34608,23.81529,27.04145,23.81529
Prr15,,,,
Fam173b,,,,
Cdkn2aipnl,,,,
Bcl9,19.993,17.39272,,18.69286
Plekhj1,21.37337,,,21.37337
Acbd7,,,,
Snapc3,,,,
Klhdc8b,23.58761,22.49514,22.47524,22.49514
Dnaaf1,20.77354,,,20.77354
Arsk,24.00821,23.24854,23.61482,23.61482
Cpxm2,19.78596,,,19.78596
Trmt44,22.26055,21.32937,20.85483,21.32937
S100a14,24.7755,,22.2633,23.5194
Naa38,20.62364,23.68528,22.22412,22.22412
Gramd3,,22.45096,21.63068,22.04082
Ankrd39,21.43502,22.97328,22.15943,22.15943
Mau2,,,,
9130401M01Rik,,20.55272,20.29603,20.424375
Mlkl,,20.34484,,20.34484
Snx20,,,,
Fbxo25,,17.4084,,17.4084
Elovl7,,,,
Rnf128,25.07504,,25.67527,25.375155
Mgat4c,,,,
Snrnp48,,,,
Snrnp35,22.80039,24.644,24.40334,24.40334
Rufy3,,,,
Rufy3,13.37721,,,13.37721
Rhoh,,,,
Obp1a,20.71549,,,20.71549
Krtap7-1,,,,
,21.5588,,,21.5588
Tchhl1,,,,
Nts,,,,
Fsip1,20.95901,21.70788,22.00707,21.70788
Gpn3,20.9379,,,20.9379
Pacrgl,20.90272,,19.77613,20.339425
Mfap3l,24.41635,21.668,22.37178,22.37178
Dlgap1,,,20.60196,20.60196
Uvssa,20.83807,,19.06524,19.951655
Sgms2,19.43561,19.94049,20.64518,19.94049
Ttc25,24.1744,24.15646,24.04535,24.15646
Eaf1,22.42949,20.0551,21.5185,21.5185
Rmi1,,,17.3123,17.3123
Amotl1,24.69402,23.90178,23.56116,23.90178
Dcbld1,,,,
Ccdc130,,,,
Cdyl2,,,,
S100pbp,22.68271,,20.88024,21.781475
Gins2,20.89534,19.5708,,20.23307
Fam84a,23.52528,21.37098,21.47936,21.47936
Zfp84,21.6756,,,21.6756
4632428N05Rik,19.5635,20.32466,19.3234,19.5635
Sun1,,,,
Sun1,,,,
Rin2,22.85468,20.93531,21.17968,21.17968
Zdhhc4,,,20.96303,20.96303
Cxx1c,,,,
Fam69a,23.15218,21.8066,21.17597,21.8066
Cers4,23.93003,23.22086,23.03202,23.22086
Cers5,22.57025,,22.10159,22.33592
Calml3,,,,
Paip2,,,,
Nsmce1,21.05517,23.65425,21.90918,21.90918
,,,,
Tmem206,22.19048,,20.79519,21.492835
Haus5,26.71319,26.48307,27.60052,26.71319
Gpx8,26.66248,25.31032,25.35525,25.35525
Ly6g6e,,,,
Fam83d,,,,
Dnase1l1,,20.14992,20.17377,20.161845
Serpinb12,,,,
Med8,22.14373,22.089,20.38627,22.089
Slx4ip,,,18.58589,18.58589
2200002D01Rik,24.98729,23.3181,23.17402,23.3181
Sapcd2,,,,
Pipox,27.21743,26.12615,25.66674,26.12615
Aplf,21.29541,20.75573,18.16433,20.75573
Tex9,,,,
Actr6,18.24195,21.02823,21.22917,21.02823
Tmem254b;Tmem254,,,,
Aig1,23.95207,22.76286,23.1356,23.1356
Fam210b,22.63432,,,22.63432
Tspan13,,,,
Alg13,16.83738,16.94672,,16.89205
Pnp2,,,,
2010005H15Rik,24.95589,24.01835,,24.48712
Alkbh4,,18.45077,,18.45077
Oma1,23.65119,20.31816,17.28166,20.31816
P2yr13,,,,
Gtf3c6,20.87755,20.75189,,20.81472
Ifrd2,19.76782,18.31234,19.72996,19.72996
Tmem41a,,,,
Mcemp1,,,,
Dtwd1,,,,
Manbal,,,,
Ing5,,,,
1700112E06Rik,,,,
Slc22a17,,,,
Chic2,,,,
Tbc1d20,23.39021,19.34544,21.33631,21.33631
Usp12,20.01944,,,20.01944
Phospho2,24.57514,23.85348,23.36653,23.85348
Pradc1,,,,
Ccdc19,22.0889,17.10083,21.74981,21.74981
Dennd6b,,,,
Knstrn,,,,
Cir1,23.18292,20.64377,23.27085,23.18292
Mfsd2a,22.6428,22.49865,,22.570725
Exosc1,25.79107,24.84943,25.2329,25.2329
Ttc32,19.95802,,,19.95802
Pfn3,,,,
Tekt1,20.99693,19.22774,21.20186,20.99693
Dynlrb2,27.26033,27.00346,27.2691,27.26033
Pacrg,23.03177,21.92734,21.5715,21.92734
Rhobtb1,,,,
Fank1,22.87495,22.24818,22.21715,22.24818
Lrrc46,,22.87826,18.99686,20.93756
Asf1b,,,24.66117,24.66117
Cklf,,24.29481,,24.29481
Mrgbp,23.81284,20.92034,22.53331,22.53331
Znf654,,,18.57482,18.57482
Tmem38b,,20.8271,21.83858,21.33284
,,,,
Yae1d1;Gm6505,,,21.41483,21.41483
Ift46,25.00445,24.74663,24.83045,24.83045
Smdt1,,,,
Pop5,,,,
Znf580,,,,
Med27,23.55298,23.59184,22.68624,23.55298
Znf593,24.66763,24.58365,24.93423,24.66763
Ap1s2,,,,
Fam216a,21.44824,,,21.44824
Emc9,20.93294,,,20.93294
Rrp8,21.57533,18.52845,17.80429,18.52845
Med29,21.92796,,20.84007,21.384015
Wdr53,22.0921,22.68891,21.71875,22.0921
Leng1,23.24902,22.32614,23.86127,23.24902
Tysnd1,22.46144,20.65962,19.5553,20.65962
Amdhd1,,,,
Dusp6,,,19.52005,19.52005
Eif4e3,,20.82881,,20.82881
Cpn2,,,,
2015-03-08 00:00:00,,,,
Cwc25,21.92915,15.93134,,18.930245
Cyp27a1,,19.4327,21.08089,20.256795
Rpn2,,,,
Baiap2l1,,,,
Josd1,,,17.32668,17.32668
Ddx59,18.3931,25.50094,24.73578,24.73578
Scyl3,22.42178,20.52172,20.91064,20.91064
Armc8,22.31177,21.26172,22.30753,22.30753
Apbb2,22.2604,20.59195,21.54802,21.54802
Poc5,26.36931,19.18534,24.74335,24.74335
Osbpl3,22.51244,,,22.51244
Entpd4,,,,
Dmgdh,,18.9085,17.03617,17.972335
Riok3,22.75654,21.83634,20.84337,21.83634
Rnf6,20.47665,,19.43914,19.957895
Dhx34,19.6619,18.98657,19.15803,19.15803
Mxra8,25.69487,24.3658,24.48425,24.48425
Cyp4v2,22.75467,22.36266,22.65746,22.65746
Natd1,21.78069,,,21.78069
Tril,,,,
Plxdc2,26.21743,23.90766,23.2042,23.90766
Slc46a3,,,,
Mfsd1,25.77846,24.66861,25.36212,25.36212
Zfp869,,18.27985,,18.27985
Dram1,,,,
Caly,,,,
Arpp21,,,,
Gabarap,27.02528,27.90104,27.56565,27.56565
Cd302,,,,
Pop7,,25.18741,,25.18741
Zfand6,25.59932,24.5679,24.5675,24.5679
Stard3nl,,22.71018,23.19117,22.950675
Aurkaip1,,,,
Znf414;Zfp414,,,,
Mettl15,22.31728,15.8475,20.85087,20.85087
Nudt12,21.43007,21.45558,23.30591,21.45558
Rnft1,,,17.86695,17.86695
Dazap2,,,,
Eid1,,,,
Tmem176a,,20.48424,19.92125,20.202745
Bap18;0610010K14Rik,21.79527,,,21.79527
Dgat2,23.33197,,,23.33197
Rab13,27.58312,25.2383,25.53943,25.53943
Rarres2,,,,
Nudt22,,,19.40771,19.40771
Wbp5,,,,
Twsg1,25.10502,23.87211,23.52277,23.87211
Tsc1,,,,
Hcar2,,,,
Cd274,16.51001,,,16.51001
Chst7,,,,
Slco1a4,25.06694,23.22585,23.03263,23.22585
Gpr88,,,,
Wwtr1,24.08156,24.58537,24.9554,24.58537
Mettl9,25.58967,24.28764,24.34218,24.34218
Tlr1,20.35853,19.30113,20.3705,20.35853
Pla2g12a,25.62,25.43039,25.70546,25.62
Glce,21.34922,21.6398,19.69641,21.34922
Vmn1r171,,,,
Inpp4a,,,,
Ropn1l,25.34462,22.69332,22.30368,22.69332
Chst1,,,,
Hsd3b7,22.37568,20.5032,20.38258,20.5032
Elovl4,,,,
Dpys,,20.84345,,20.84345
Taf8,,15.9728,,15.9728
Tpcn1,23.68891,20.8723,21.07143,21.07143
Tsc22d4,26.25052,25.46914,25.23903,25.46914
Slc19a2,24.00505,23.88213,23.75532,23.88213
Suv39h2,,,19.47245,19.47245
Kcnn1,,,,
Igdcc4,23.53848,21.28551,21.07123,21.28551
Rhou,18.23771,21.05358,21.40645,21.05358
Tlr9,,18.21457,16.63863,17.4266
Set,28.86364,27.74233,28.40454,28.40454
Olig2,22.57805,,21.22252,21.900285
Ern1,20.22187,18.32562,18.24368,18.32562
Tor3a,25.03292,24.55485,24.4288,24.55485
Wtap,,,,
Rhoj,20.46852,,,20.46852
Rtp4,,,,
Tor1aip2,,,,
Rsc1a1,,,,
Dscam,,,15.2197,15.2197
Krt81,,,,
Sgk3,19.66063,17.36453,18.97259,18.97259
Mesdc1,,,,
Nusap1,,,22.09323,22.09323
Moap1,,,,
Chrnb2,,,15.67032,15.67032
P2ry6,20.20693,,,20.20693
Mllt1,22.53524,20.87725,22.33301,22.33301
Gmfg,24.65031,21.41126,22.72463,22.72463
Znf319,28.16289,28.28978,29.31151,28.28978
Chrm3,18.58857,,,18.58857
Chrm2,,,,
Foxj2,,,,
Arhgef7,22.5166,21.5121,22.25857,22.25857
Arhgef7,,,,
Arhgef7,,,15.90917,15.90917
Inpp5d,,,,
Cd200r1,24.18941,,21.25298,22.721195
Rtn3,,,,
Hrg,,,,
Ypel1,,,,
Cmtm7,,22.85358,,22.85358
Dysf,22.9372,22.79305,22.36658,22.79305
Zdhhc16,,,,
Irak1bp1,21.88703,19.2046,,20.545815
Capn10,20.65709,,18.24102,19.449055
Ing2,22.62605,22.08421,17.87273,22.08421
Zak,23.14085,21.2794,23.79798,23.14085
Gdpd2,26.24612,25.47346,25.76322,25.76322
Doc2g,,,,
Cenpk,,,,
Mapk8ip3,,,,
Mapk8ip3,,,,
Dusp10,,16.34554,20.0258,18.18567
Gsdma,,,,
Eif4enif1,,,,
Nfkbiz,16.43318,,,16.43318
Slc1a5,26.36281,24.97229,25.62856,25.62856
Cldn12,24.56779,22.67297,23.41171,23.41171
Palld,24.71764,23.3656,22.61,23.3656
Palld,25.47785,24.80892,24.78925,24.80892
Timp4,,,,
Elf2,,,,
Elf2,22.89778,21.50901,20.14706,21.50901
Kat2b,,,,
Asah2,18.91026,20.55656,15.03823,18.91026
Gal3st1,,,,
Hpgds,24.09015,19.719,22.82755,22.82755
Pik3cg,19.69523,18.57067,19.82349,19.69523
Copz2,28.62108,26.9266,26.86018,26.9266
Mmp19,21.75365,,25.73149,23.74257
Adat1,22.44952,,21.26218,21.85585
Slc40a1,,,,
0610031J06Rik,26.56587,25.39715,25.47816,25.47816
Icoslg,21.1695,20.79154,20.15128,20.79154
Lat2,,,,
Stk19,18.79931,20.14457,19.9248,19.9248
Kdelc1,23.42008,22.33298,22.07454,22.33298
Ammecr1,,,,
Cdk20,22.26654,22.24577,20.88069,22.24577
Aldh1a3,,16.53303,,16.53303
Bin3,21.30112,20.45202,,20.87657
Ntn4,23.06064,22.08151,22.59478,22.59478
Pus3,21.69034,,20.67107,21.180705
Gtf2ird1,,,,
B3galt5,,,,
Sgpp1,23.52049,23.00225,22.01001,23.00225
Sh2b2,21.31545,21.97928,21.84433,21.84433
Prmt1,,,,
Slc2a8,,,,
Zfand2a,,20.91079,23.08294,21.996865
Kcnmb4,,,,
Panx1,19.22762,19.66953,18.58758,19.22762
Smad9,19.7088,,,19.7088
Cbll1,,,,
Tfap4,,,,
Plscr3,24.62405,23.02158,23.54298,23.54298
Plscr1,,,,
C1galt1,25.66658,20.1598,21.56927,21.56927
Rbfox1,,,,
Zc3h8,,,,
Cdc20,,,,
Pbk,23.35716,22.44895,22.49214,22.49214
Ccdc86,22.44789,23.29418,24.41912,23.29418
Ssna1,23.74827,22.7544,22.57909,22.7544
Ccnl2,20.44111,,20.96986,20.705485
Grasp,20.03443,22.74888,24.20337,22.74888
Nipa2;Nipal1,,,,
Fads3,24.71712,24.79976,19.56811,24.71712
Sppl2a,23.11159,23.22407,23.73665,23.22407
Tacc2,,,,
Tmem47,24.21349,25.35043,26.24198,25.35043
Caln1,,,,
Pigb,23.29039,21.85514,24.07463,23.29039
Cacng4,20.5197,,,20.5197
,,,,
Tdp2,,21.932,21.50227,21.717135
Ube2j1,,,,
Klf13,,,,
Ppp2r3c,19.99659,16.70658,18.99783,18.99783
Orc3,21.23163,20.77917,20.54783,20.77917
Sh3glb1,,,,
Pard6g,,21.82279,22.42273,22.12276
Mlh1,21.89019,20.40135,20.97582,20.97582
Hspb8,29.35876,28.47282,27.82996,28.47282
Ybx3,,,,
Tbx21,,,,
Cyp39a1,22.14308,,20.51345,21.328265
Rcan3,,21.65905,,21.65905
Slc30a7,25.53181,22.68842,24.62695,24.62695
Olig1,18.25718,,,18.25718
Pole3,25.50291,24.50767,20.90411,24.50767
Chrac1,24.83388,22.96095,24.46849,24.46849
Ldb3,,,,
Ick,21.08193,,19.93919,20.51056
Arl6ip1,24.18986,,23.74929,23.969575
Lgals8,24.15846,23.13973,22.46279,23.13973
Isg20,20.99134,19.5845,17.47398,19.5845
Bace2,26.59335,24.15584,20.78692,24.15584
Rgs1,,,,
Gmeb1,21.26172,23.55731,16.32105,21.26172
Rfx5,,,,
Fanca,,18.67459,,18.67459
Mpp6,23.80705,23.25145,22.70656,23.25145
Pvrl3,22.90738,22.08011,21.58957,22.08011
Capn15,17.73826,18.44674,18.02415,18.02415
Capn15,,18.85705,19.30144,19.079245
Akr1c12,,,,
Col5a3,,,,
Spag6;BC061194,22.54602,18.13551,17.8304,18.13551
Selk,20.80554,,,20.80554
Elovl2,,,,
Elovl1,23.3415,22.72499,,23.033245
Tnfrsf19,,,,
Git2,21.581,19.4531,20.63883,20.63883
Sec61a2,,,,
Socs6,20.75287,19.06597,17.90266,19.06597
Hic2,21.58706,19.06957,,20.328315
Sigirr,,,,
Pias4,19.97113,20.03066,20.00854,20.00854
Mink1,,,,
Tob2,,,,
Crlf1,22.29362,20.12123,18.74708,20.12123
Reep6,,17.98593,,17.98593
Srf,,,,
Stap1,23.35595,22.68799,22.34324,22.68799
Wrap73,21.65836,19.42064,,20.5395
Prg4,16.64132,,15.82608,16.2337
Znf207,,,,
Sfmbt1,22.10008,21.89404,21.2143,21.89404
Chst11,22.966,,,22.966
Vstm2b,18.80964,18.12172,,18.46568
Dolpp1,,,,
C1galt1c1,22.88228,21.91327,21.01304,21.91327
Neu3,23.71597,22.58038,22.38116,22.58038
Fbxw4,,,,
B4galt5,17.90677,20.60711,18.00711,18.00711
Mageh1,,,23.10966,23.10966
Polk,20.54548,19.0158,,19.78064
Cln8,24.50349,24.08164,24.73578,24.50349
Tlr4,20.12326,17.75395,19.89815,19.89815
Try4;Try5,,24.64367,24.25422,24.448945
Itga2b,,,,
Tlr2,,,,
Ptk2b,,,,
Rai2,18.86045,,16.49168,17.676065
Chaf1a,18.0828,,,18.0828
Kifc1,,,,
Mlf1,19.42062,,20.78588,20.10325
Rad1,22.05102,21.05927,21.89301,21.89301
Clca1,21.66388,19.39035,20.17146,20.17146
Son,21.37039,20.04059,19.89574,20.04059
Dpf1,,,,
Cyhr1,,,,
Acox2,24.38943,24.83947,25.15182,24.83947
Fbp1,17.91538,17.68593,18.27125,17.91538
Limd1,26.07934,25.06858,25.03716,25.06858
Poll,20.25753,,19.70339,19.98046
Itgax,20.49931,18.15773,18.41415,18.41415
Rad18,,19.46836,19.57758,19.52297
Kif21a,,14.17617,14.8359,14.506035
Kif21a,,,,
Abhd2,21.06881,16.1072,20.53136,20.53136
Mkrn1,,,,
Plec,,,,
Plec,,,,
Plec,19.65368,,19.03429,19.343985
Dbn1,,,,
Dapp1,20.87132,,21.8836,21.37746
Cbx8,22.97271,21.65565,21.47313,21.65565
Spry2,22.55789,23.08876,22.79861,22.79861
Fbxl6,19.79659,,19.50174,19.649165
Nufip1,,,,
Xk,,,,
Macf1,20.40062,20.70134,20.0036,20.40062
Pkp3,22.45,20.80317,,21.626585
Zbp1,,,,
Tspan3,25.34286,24.86136,24.59861,24.86136
Pdzd4,21.53498,,,21.53498
Gpr37,,,,
Tmem59,23.35286,22.85639,22.1884,22.85639
Dctpp1,,22.67579,22.14833,22.41206
Casr,,,,
Dach1,21.55319,,20.86355,21.20837
Add3,,,,
Add2,15.29906,14.81122,,15.05514
Add1,21.95056,23.52958,22.99497,22.99497
Bcl11a,,,,
Bcl11a,,,,
Bcl11a,,,,
Bcl11a,,,,
Jag2,,,,
Dnajb9,25.04185,25.227,25.52076,25.227
Hs6st1,23.35407,23.71461,24.09321,23.71461
Abt1,,19.79627,20.07051,19.93339
Cenph,,,,
Tmeff2,21.58334,15.56671,22.03952,21.58334
Azi2,21.19905,,,21.19905
Map1a,,,,
Qki,22.45981,,,22.45981
Ppm1d,20.76975,,17.30287,19.03631
Iigp1,20.53725,23.2277,22.89639,22.89639
Plekhb2,24.17326,21.14264,21.6835,21.6835
Abhd1,25.31025,23.53742,23.56663,23.56663
Chml,23.28348,21.40338,21.03631,21.40338
Serinc3,23.50325,22.0486,23.24867,23.24867
Ripk3,21.47492,20.51874,21.59509,21.47492
Usp21,,20.94785,18.16654,19.557195
Polg2,20.33625,22.39145,,21.36385
Mllt4,,,,
Mllt4,21.73492,20.6734,20.88807,20.88807
H2afy,,,,
Hipk2,22.54715,19.3853,19.7689,19.7689
Numb,,,,
Sgk2,,,,
Krtap15-1,,,,
Ube2l6,19.44678,23.08182,,21.2643
Nxt1,,,,
Dpt,,,,
Adamts5,,15.32189,,15.32189
Naip5,18.65102,18.6246,18.76199,18.65102
Dnajc12,,,,
Angptl2,21.10904,,,21.10904
Amfr,,,,
Fhl3,26.22566,25.36088,25.18941,25.36088
Hgfac,,,,
Znf346;Zfp346,22.90054,22.74483,22.89147,22.89147
Bloc1s6,,,,
Acox1,,,,
Emcn,,,,
Syt10,,,,
Syt9,20.49395,18.54212,16.62685,18.54212
Clec4e,,,,
Mfi2,23.07024,21.99431,22.07195,22.07195
Mmp24,,19.30392,19.02275,19.163335
Mmp17,,,,
Srsf10,24.4899,,25.31759,24.903745
Med20,23.92615,24.73862,24.42976,24.42976
Gabrg1,,,,
Nat6,21.44294,19.80953,18.65095,19.80953
Rfwd2,23.70419,20.87448,20.51509,20.87448
Taf7,18.96132,21.66557,21.00724,21.00724
Foxo1,21.78505,20.40135,19.88771,20.40135
Tmem176b,25.24434,23.27881,22.7613,23.27881
Plp2,24.80754,26.61709,24.90605,24.90605
B9d1,24.59918,23.81088,24.70425,24.59918
Pign,,,,
Timeless,,16.18061,,16.18061
Abcc5,16.63877,16.06565,19.07697,16.63877
Myo1c,,,,
Myo1c,19.63556,21.38638,21.72055,21.38638
Fiz1,22.92517,21.75222,21.85255,21.85255
Ramp1,,,,
Sema6c,18.55386,16.38342,,17.46864
Nfe2l3,,,,
Spry4,,,21.51668,21.51668
Mmp16,18.2275,,,18.2275
Mapk9,,,,
Usp18,16.8423,21.1359,,18.9891
Rlim,,19.19318,,19.19318
Slc22a3,,,,
Mbtps1,,,,
Bex2;Bex1,,,,
Pdcd6ip,24.93355,23.68078,23.23494,23.68078
Slc37a2,23.45061,21.92122,22.90446,22.90446
Cyb561d2,,24.18314,22.33851,23.260825
Tmem115,22.85943,23.53065,24.45726,23.53065
Sema4g,,,,
Rfc2,24.13234,22.49543,22.5153,22.5153
Srd5a3,,,,
Uchl5,,,20.79408,20.79408
Cxcl14,,,,
St6galnac3,,,,
Cyp2g1,,,,
Atp1a4,23.62868,22.27827,21.83152,22.27827
Mpp2,,,,
Apobec2,,,,
2015-03-07 00:00:00,21.50727,18.38005,18.4594,18.4594
Decr2,25.56576,24.10334,,24.83455
Dmtn,,,,
Noc2l,,,19.07656,19.07656
Asb3,,,,
Stxbp4,28.69538,27.72605,27.71391,27.72605
Epb41l3,,,,
Epb41l3,,,,
Peg12,,,,
Slit3,20.34614,24.18805,24.08408,24.08408
Pole,,,17.695,17.695
Msl3,,,21.39817,21.39817
Agtrap,,,,
B4galt6,,,,
Slc12a7,26.73221,25.70219,26.56433,26.56433
Racgap1,18.75052,,,18.75052
Ap1m2,,,,
Park2,22.69861,20.98203,21.16858,21.16858
Cx3cr1,,,,
Ncdn,,,,
B3galt4,20.2619,,18.68938,19.47564
Cib1,,,,
Rad9a,23.10356,22.71576,22.96254,22.96254
Zbtb22,,,,
Cdc7,,,19.12194,19.12194
Smarcb1,18.75228,,,18.75228
Celf2,,,,
Clip2,17.33682,17.01062,18.56529,17.33682
Slfn3,,,,
Slfn2,,18.09677,19.97771,19.03724
Slfn1,,,18.8296,18.8296
Reck,21.05986,,,21.05986
Vnn1,24.22949,23.13912,24.70583,24.22949
Il18bp,21.96349,,,21.96349
Eif2s3y,23.79452,23.25407,23.78217,23.78217
Sufu,23.16829,22.63425,22.87772,22.87772
Gsg2,,,,
Itsn1,,,,
Lhx2,20.01427,20.64174,20.30263,20.30263
Cldn14,,,,
S1pr3,21.71482,20.22647,24.00958,21.71482
Hmg20b,18.60049,20.68389,21.50271,20.68389
Aldh18a1,,,,
Pf4,,24.11696,23.00861,23.562785
Sh3bp5,19.5813,13.34513,,16.463215
Ror1,20.57395,,,20.57395
Loxl3,21.57898,21.38585,23.29698,21.57898
Shcbp1,18.7177,16.71599,18.89971,18.7177
Padi4,,,,
Phf1,22.1868,19.98871,22.05907,22.05907
Nfkbia,23.99524,23.63777,23.3644,23.63777
Slc7a7,24.66449,,,24.66449
Irgm2,,18.51734,,18.51734
Orc1,14.14553,,,14.14553
Bub1b,,,,
Deaf1,26.26093,24.79283,26.25823,26.25823
Pikfyve,18.38326,16.85575,17.88798,17.88798
Trip6,28.1684,27.33586,27.07755,27.33586
Hnrnpc,,,,
Rfxank,,,,
Diaph3;Diap3,14.09028,20.24249,,17.166385
Pex11a,,,,
Dpp6,,,,
Fxyd1,30.29877,29.8859,29.52778,29.8859
Aebp2,,,,
P2rx4,23.90647,22.62734,23.08763,23.08763
Chek2,22.85559,,21.11382,21.984705
Ate1,22.90056,21.97589,21.00395,21.97589
Dgat1,24.18828,20.74238,21.70889,21.70889
Ggt5,21.36506,18.58119,,19.973125
Sel1l,,,,
Epb41l1,22.81767,20.78572,17.96246,20.78572
Gipc2,,,,
Fkbp1b,24.98663,,,24.98663
Vamp5,27.89579,,24.04185,25.96882
Tsc22d3,,,,
Tsc22d3,22.31127,22.27361,23.68432,22.31127
Krt85,25.0876,,21.25649,23.172045
Zfp292,17.34326,19.55227,19.71082,19.55227
Elf4,,,,
Gria4,,,,
B4galt2,,,,
Homer1,,,,
Gfpt2,23.18731,22.0746,20.52095,22.0746
Snph,,,,
Plekha7,24.99131,24.16546,23.67777,24.16546
Ppfia1,,,,
Birc6,,,,
Ank2,,,,
Ank3,,,,
Gm3839,24.63931,24.39192,24.96451,24.63931
Arhgap12,22.4381,21.04946,,21.74378
Prrc2c,19.41838,,,19.41838
Ank2,,,,
Sipa1l3,,,,
Tbc1d25,,,,
Ank2,22.67051,22.07715,20.96247,22.07715
Gyg,,,,
Gm17190,,,,
Celf2,,,19.0323,19.0323
Mlip,,,,
1110065P20Rik,,,22.26187,22.26187
Gm5269,,,,
Erc1,,,,
Gm12117,,,,
Ccpg1os,23.74878,23.24673,22.34868,23.24673
Gm17087,,,16.59344,16.59344
Nav2,21.67676,20.71289,19.92579,20.71289
Ogdh,,,,
Cluh,21.60933,20.43837,20.99824,20.99824
