gene_name,Neurons div15 1,Neurons div15 2,Neurons div15 3,neuron_div15_log2_median
Sptan1,30.16123,29.94336,29.5888,29.94336
Tubb4b,35.99997,36.13042,35.60054,35.99997
Tuba1b,35.41693,35.5256,35.10677,35.41693
Actb,35.44459,35.2885,35.34328,35.34328
Ckb,32.83934,32.84052,32.37327,32.83934
Cltc,31.34393,31.37493,30.77596,31.34393
Pkm,32.29723,32.11688,31.86201,32.11688
Sptbn1,29.79141,29.52739,29.20583,29.52739
Atp5a1,32.87267,32.78883,32.77087,32.78883
Hspa8,32.8597,32.77962,32.68706,32.77962
Eno1,32.46088,32.46655,32.0442,32.46088
Atp5b,33.34043,33.20442,32.87738,33.20442
Gapdh,33.75215,33.80155,33.3701,33.75215
Aco2,31.60611,31.47431,31.25062,31.47431
Atp1a2,30.90613,30.94321,30.63556,30.90613
Aldoa,31.39831,31.3198,31.18447,31.3198
Ywhae,33.6547,33.44209,33.35547,33.44209
Dpysl2,32.9973,32.82182,32.69281,32.82182
Dync1h1,30.66577,30.6327,30.32109,30.6327
Tubb2b,34.4916,34.56717,34.19432,34.4916
Mdh2,32.68211,32.73747,32.44327,32.68211
Hsp90ab1,32.66829,32.64652,32.4185,32.64652
Map1b,30.51258,30.56928,30.25507,30.51258
Dnm1,30.32603,30.21002,29.7674,30.21002
Stxbp1,31.49018,31.32163,31.2259,31.32163
Cnp,24.93988,24.7638,24.79442,24.79442
Vdac1,32.6468,32.5155,32.30854,32.5155
Syn1,29.99321,30.01824,29.70822,29.99321
Map2,28.83813,28.69209,28.75545,28.75545
Nefm,27.25961,27.38788,27.42966,27.38788
Atp1a3,31.15195,31.09585,30.6976,31.09585
Map1a,27.39092,27.3292,27.05848,27.3292
Mbp,23.81402,22.03523,21.5435,22.03523
Nsf,29.66438,29.63718,29.2197,29.63718
Plp1,22.69859,23.28658,23.02085,23.02085
Ppia;Gm5160,33.72202,33.6501,33.50675,33.6501
Crmp1,32.73219,32.75496,32.5162,32.73219
Gpi,30.67278,30.5,29.85478,30.5
Pgk1,31.37405,31.49715,31.20845,31.37405
Hk1,29.98454,29.90397,29.51693,29.90397
Nefl,26.68833,25.98133,25.69748,25.98133
Pgam1,32.26741,31.93203,31.85233,31.93203
Eef1a1,33.04866,33.25476,32.96201,33.04866
Aldoc,30.25755,29.85564,29.36139,29.85564
Atp6v1a,30.87716,30.87225,30.51813,30.87225
Gnao1,32.83966,32.90153,32.54966,32.83966
Got2,31.22032,31.34488,30.81864,31.22032
Hsp90aa1,31.58741,31.51348,31.40588,31.51348
Got1,29.9603,29.90009,29.57265,29.90009
Eno2,30.07227,29.73447,30.29318,30.07227
Tubb3,33.38651,33.65181,33.1102,33.38651
Hspa4,30.16399,30.23009,29.88797,30.16399
Vcp,31.25974,31.15273,30.67034,31.15273
Tpi1,30.57588,31.0412,30.60435,30.60435
Ap2b1,30.48481,30.44904,30.04869,30.44904
Slc25a5,32.43753,32.53855,31.96079,32.43753
Ywhaz,32.86824,33.10367,32.53591,32.86824
Myh10,30.51202,30.32882,30.12522,30.32882
Hspd1,31.51564,31.44756,31.18807,31.44756
Cfl1,33.3811,33.32335,33.25687,33.32335
Ncam1,31.97114,31.85942,31.68662,31.85942
Mdh1,31.67737,31.42097,31.32839,31.42097
Gdi2,31.22688,31.30378,30.78737,31.22688
Ina,28.96386,28.78731,28.68016,28.78731
Idh3b,30.87049,30.66467,30.44045,30.66467
Syt1,30.69428,30.63079,29.86231,30.63079
Atp5h;Gm10250,31.64642,31.56092,31.36693,31.56092
Sptbn2,27.60795,27.61491,27.2497,27.60795
Gdi1,30.80116,30.77596,30.0966,30.77596
Ank2,27.65185,27.6277,27.26168,27.6277
Atp1b1,32.22337,32.25056,31.96513,32.22337
Glul,29.50841,29.3554,28.76116,29.3554
Uba1,31.37259,31.36479,31.12528,31.36479
Glud1,29.63825,29.48637,29.26653,29.48637
Ldhb,30.69395,30.5871,30.1886,30.5871
Atp6v1b2,30.25011,30.58047,30.24536,30.25011
Camk2a,27.89122,28.06265,26.81029,27.89122
Kxd1;Uba52,32.07909,32.18863,32.07317,32.07909
Camk2b,31.22113,31.21071,30.75724,31.21071
Prdx6,30.52188,30.05801,29.6545,30.05801
Myh9,28.14453,28.26056,27.99664,28.14453
Atp1a1,28.91308,28.73593,28.303,28.73593
Tubb5,32.52176,32.41365,32.31689,32.41365
Hspa9,30.92896,30.73627,30.70231,30.73627
Slc25a4,31.66662,31.13093,31.28273,31.28273
Vim,29.88713,29.78419,29.6387,29.78419
Gfap,29.8187,29.83074,29.41155,29.8187
Canx,29.91613,29.9538,29.59804,29.91613
Abat,29.48853,29.33862,28.74191,29.33862
Ppp2r1a,30.90139,31.01578,30.69012,30.90139
Uqcrc2,31.3931,31.2466,31.19055,31.2466
Slc1a2,26.06827,26.27837,25.77693,26.06827
Pygb,29.51192,29.20616,29.05087,29.20616
Ndufs1,29.39903,29.41143,29.25395,29.39903
Atp5o,32.10378,32.07744,31.59335,32.07744
Gstm1,31.4897,30.96354,30.41589,30.96354
Cntn1,29.06497,28.77002,28.86207,28.86207
Tubb4a,30.60426,30.8846,30.79196,30.79196
Plec,25.59067,23.99196,23.65862,23.99196
Vsnl1,30.23945,30.27575,29.81282,30.23945
Pebp1,32.32501,32.32839,32.37233,32.32839
Ckmt1,28.48704,28.47958,28.27217,28.47958
Actn4,28.56067,28.36081,28.16375,28.36081
Ca2,23.9974,24.70957,24.75057,24.70957
Gstp1,30.85438,30.32023,30.87012,30.85438
Wdr1,30.33873,30.36045,30.08664,30.33873
Prdx2,31.68236,31.68064,31.41049,31.68064
Pdhb,30.88744,30.95248,30.4186,30.88744
Ogdh,29.04786,29.04077,28.67922,29.04077
Hspa5,30.92839,30.66772,30.59966,30.66772
Hist1h2af;Hist1h2ab;Hist1h2ak;Hist1h2ah,35.3479,35.07718,34.91777,35.07718
Hnrnpk;Gm7964,31.2911,31.41493,31.12399,31.2911
Hsp90b1,30.47179,30.13308,29.85966,30.13308
Calr,30.04231,29.78662,29.70953,29.78662
Ywhah,31.39785,31.36562,31.15454,31.36562
Dpysl3,32.65459,32.67905,32.45897,32.65459
Tnr,24.24147,23.95562,23.46014,23.95562
Prdx5,31.26198,31.1853,30.58352,31.1853
Dlat,29.62026,29.68259,29.38967,29.62026
Uchl1,33.12843,32.93256,32.87045,32.93256
Immt,29.27267,29.06366,29.13568,29.13568
Tuba4a,28.0019,27.98913,27.58764,27.98913
Eef2,31.33575,31.50966,31.00751,31.33575
Gnb2,32.23489,32.47771,31.95816,32.23489
Hnrnpa2b1,31.19988,31.24332,31.11873,31.19988
Cs,31.20402,30.99058,30.65198,30.99058
Ldha,30.52999,30.54527,30.33777,30.52999
Myo5a,29.50144,29.51584,29.40115,29.50144
Hist1h4a,35.98214,35.7477,35.51891,35.7477
Syn2,29.15494,29.03483,28.62944,29.03483
Atp6v0a1,29.77925,29.74954,29.22412,29.74954
Arf1,32.49895,32.41097,32.19912,32.41097
Uqcrc1,30.89569,31.08036,30.78916,30.89569
Slc25a12,29.78191,29.76405,29.40702,29.76405
Hnrnpa3,31.72663,31.82574,31.5766,31.72663
Hist1h2bc;Hist1h2bh;Hist1h2bm;Hist2h2bb,34.02993,33.56547,34.34605,34.02993
Slc1a3,28.51841,28.18248,27.86885,28.18248
Actc1,31.74483,31.6895,31.69432,31.69432
Tuba1a,32.49643,33.11819,32.19002,32.49643
Atp6v1c1,29.10577,28.94938,28.71601,28.94938
Gm20390;Nme2,31.13541,31.15702,30.76975,31.13541
Sh3gl2,28.81903,28.88349,28.62289,28.81903
Tkt,31.38566,31.36562,30.98482,31.36562
Aldh2,30.01571,29.96003,29.48002,29.96003
Snap91,30.21489,30.07699,29.59461,30.07699
Ap2a1,29.33249,29.6201,29.03325,29.33249
Cct3,31.33431,31.40644,31.07763,31.33431
Atp2b2,28.8688,28.83509,28.29859,28.83509
Sucla2,30.17546,30.0855,29.59818,30.0855
Acat1,31.44095,31.19066,31.091,31.19066
Nefh,20.87628,21.70371,19.57598,20.87628
Ncl,29.54571,28.95441,29.03596,29.03596
Rtn4,29.10127,29.1726,28.35746,29.10127
Actn1,26.71476,26.51446,26.2823,26.51446
Ppp3ca,29.97295,29.74986,29.64188,29.74986
Npepps,29.99105,29.9709,29.73596,29.9709
Atp6v0d1,29.61328,29.71581,29.24957,29.61328
Gda,28.69229,28.39999,28.15156,28.39999
Gpd2,29.41468,29.46342,29.351,29.41468
Stx1b,30.59744,30.24422,30.30334,30.30334
Pacsin1,27.52813,27.52343,26.98066,27.52343
Epb41l3,27.75181,27.60414,27.53949,27.60414
Snap25,30.28383,30.13198,29.79871,30.13198
Bsn,23.60671,23.42406,23.44152,23.44152
Arpc2,29.91056,29.82051,29.58671,29.82051
Fscn1,31.585,31.81627,31.355,31.585
Atp6v1e1,30.57804,30.45572,30.47943,30.47943
Atp2a2,29.32298,29.20182,28.89926,29.20182
Dpysl5,32.45469,32.55099,32.1929,32.45469
Tufm;Gm9755,30.55764,30.49677,30.22159,30.49677
Map6,26.59292,26.40435,26.1524,26.40435
Matr3,30.36244,30.37358,30.15991,30.36244
Calb1,28.5189,28.00892,28.12327,28.12327
Ndrg2,27.7016,27.42998,26.40853,27.42998
Dpp6,28.00838,27.86679,27.52873,27.86679
Arhgdia,31.22331,31.28162,30.94308,31.22331
Idh3a,30.58441,31.00457,30.07814,30.58441
2015-09-07 00:00:00,29.91014,29.82177,29.65315,29.82177
Ncdn,29.01757,29.40141,28.51525,29.01757
Anxa6,27.24154,26.83135,26.37019,26.83135
Calb2,28.63114,28.52932,28.20951,28.52932
Hnrnpa1,31.77203,31.67552,31.46718,31.67552
Vdac3,31.90189,31.93185,31.58866,31.90189
Sdha,29.58267,29.75964,29.41748,29.58267
Stip1,30.01996,30.19835,29.99307,30.01996
Cadps,28.91977,28.8353,28.45682,28.8353
Cct2,31.22285,31.16722,30.98019,31.16722
2015-09-05 00:00:00,29.80518,30.04362,29.68241,29.80518
Uqcrb,31.50942,31.23432,31.17599,31.23432
Kpnb1,29.51085,29.41933,29.02641,29.41933
Fasn,30.23009,30.43579,30.02036,30.23009
Vdac2,31.21894,30.95927,30.78675,30.95927
Amph,28.84826,28.71263,28.6121,28.71263
Fh,29.92139,29.77313,29.37592,29.77313
Dlg4,26.69006,26.43307,26.27101,26.43307
Hspa12a,28.48151,28.35905,27.99253,28.35905
Oxct1,30.67993,30.80778,30.42412,30.67993
Bin1,28.50199,28.36795,27.95449,28.36795
Pdia3,30.16997,29.89705,29.54654,29.89705
Usp5,29.29977,29.12102,28.89908,29.12102
,24.18971,24.01725,23.6887,24.01725
Otub1,29.96719,30.00249,29.7499,29.96719
Dpysl4,30.1757,30.01956,29.74746,30.01956
2015-09-11 00:00:00,29.89187,29.94377,29.55804,29.89187
Eef1b,30.04166,29.93649,29.831,29.93649
Pfkm,29.57915,29.53291,29.20224,29.53291
Pfkp,28.276,28.25196,27.7018,28.25196
Capza2,30.79436,30.50294,30.23569,30.50294
Mapt,29.15796,29.13252,29.04859,29.13252
Slc12a5,27.22011,27.31967,26.58864,27.22011
Prdx1,30.68871,30.89446,30.38885,30.68871
Stx1a,30.07979,29.6636,29.53332,29.6636
Pclo,23.75847,23.90711,23.46675,23.75847
Plcb1,28.10259,28.10939,27.66411,28.10259
Gap43,29.55197,29.41488,29.40987,29.41488
Cand1,29.49711,29.59007,29.24805,29.49711
Atp2b1,29.21123,29.27822,28.95994,29.21123
Gls,29.26419,29.3607,29.05251,29.26419
Ywhab,31.67842,31.51982,31.49857,31.51982
Anxa5,27.04593,26.48534,26.32354,26.48534
Dnm1l,29.01167,28.97697,28.60311,28.97697
Pdha1,30.26137,30.4941,30.0029,30.26137
Pcx;Pc,27.38706,27.36453,26.8441,27.36453
Cox4i1,31.27292,31.01345,31.11253,31.11253
Dlg2,27.04739,26.98577,26.74381,26.98577
Eef1a2,29.54176,29.95074,29.39589,29.54176
Phb,31.01797,30.88889,30.70751,30.88889
Rab3a,30.61316,30.53927,30.24127,30.53927
Ppp1ca,30.32335,30.68353,29.88384,30.32335
Ndufs2,28.75452,28.66438,28.37136,28.66438
Sod2,30.16639,29.82705,29.81675,29.82705
Tpm3-rs7,30.71972,30.50493,30.22986,30.50493
Basp1,31.65228,31.34366,31.56547,31.56547
Sirt2,27.1454,26.68632,26.35778,26.68632
Synj1,27.71214,27.61175,27.33731,27.61175
Acly,29.48008,29.45744,29.2417,29.45744
Ndufv1,29.54457,29.62821,29.26982,29.54457
Macf1,27.15112,26.96686,26.79476,26.96686
Actr1b,30.91221,31.14236,30.72297,30.91221
Acot7,31.10081,30.91364,30.71334,30.91364
Gnb1,31.48764,31.77992,31.56874,31.56874
Opa1,28.54252,28.39313,28.07933,28.39313
Ywhag,31.72639,31.70689,31.52762,31.70689
Txn,30.59317,30.62471,30.37223,30.59317
Napb,29.59698,29.59584,28.96132,29.59584
Dld,30.3453,30.22009,29.98726,30.22009
Crym,28.30939,27.70193,28.16686,28.16686
Hsph1,28.68117,29.22952,28.43944,28.68117
Snca,29.69714,29.7432,29.52017,29.69714
Dmxl2,27.41248,27.42126,26.77869,27.41248
Tcp1,31.16507,31.29855,30.98264,31.16507
Vps35,30.17319,30.07559,29.89089,30.07559
Hadha,28.29592,28.22504,27.88995,28.22504
Cox5a,29.76958,29.48526,30.09597,29.76958
Srcin1,27.3157,27.17331,27.00389,27.17331
Slc4a4,25.64493,25.73733,25.33967,25.64493
Rap1gds1,28.614,28.75986,28.24186,28.614
Rtn1,29.13053,29.73035,29.26179,29.26179
Atp5c1,31.34541,31.50394,31.0683,31.34541
Ndufa10,29.13665,28.89773,28.6194,28.89773
Ap2a2,29.19359,29.32217,28.76961,29.19359
Ndufa9,28.73676,28.77106,28.24432,28.73676
Hist1h3b,34.26752,34.07591,34.0544,34.07591
Atp6v1h,29.66173,29.50531,29.03483,29.50531
Ndufs3,29.17403,29.34482,28.64931,29.17403
Syngap1,26.10669,26.1524,25.89865,26.10669
Cct8,30.97206,31.03924,30.86563,30.97206
Eif4a1,31.62549,31.769,31.70384,31.70384
Mif,32.14133,32.54931,31.95858,32.14133
Hpca,28.99372,28.77819,28.27573,28.77819
Hpcal1,28.5796,28.46502,28.2305,28.46502
Ran,31.18518,31.36833,30.98373,31.18518
Atp5f1,30.52599,30.36484,29.99051,30.36484
Pitpna,29.24959,29.08489,28.55215,29.08489
Dctn2,30.25597,29.93227,29.87404,29.93227
Sod1,31.1175,30.83266,30.7207,30.83266
Hspa4l,26.6432,26.36761,25.72297,26.36761
,26.14996,26.13449,25.6226,26.13449
P4hb,29.71638,29.44802,29.22559,29.44802
Hnrnph2,31.37026,31.29,31.09773,31.29
Cap1,29.19796,29.00496,29.03604,29.03604
Prkcg,26.75977,27.1736,26.2699,26.75977
Lmnb1,28.80769,28.36386,28.20313,28.36386
Pgm1;Pgm2,27.47352,27.24871,27.0661,27.24871
Ppp2ca,30.7094,30.77667,30.35005,30.7094
Aldh1l1,27.7921,27.45348,27.09969,27.45348
Gpm6a,31.59259,31.78698,32.00655,31.78698
Arpc1a,30.2922,30.41387,29.94294,30.2922
Gnaq,30.69453,30.85088,30.67607,30.69453
Cct5,31.00618,30.95414,30.84655,30.95414
Pfn1,31.54968,31.34144,31.04759,31.34144
Dctn1,29.00102,28.83253,28.75948,28.83253
Mapk1,29.37747,29.71301,29.34769,29.37747
Hnrnpu,30.60231,30.86894,30.40172,30.60231
Ola1,28.88134,28.89273,28.30482,28.88134
Idh3g,29.44283,29.53319,29.08091,29.44283
Dnm3,28.54023,28.34143,28.12519,28.34143
Cct4,30.76525,30.93537,30.391,30.76525
Hnrnpl,31.26696,31.53148,31.3117,31.3117
Cycs;Gm10108,30.37327,29.95906,29.72792,29.95906
Rab1,31.72578,31.53478,31.1313,31.53478
Epb41l2,25.58669,25.58775,25.08197,25.58669
Bdh1,31.17141,31.21865,30.75899,31.17141
Mtco2;mt-Co2,31.71645,31.58253,31.30231,31.58253
Lrpprc,28.48385,28.62328,28.03522,28.48385
Dclk1,30.87533,30.89222,30.69495,30.87533
Rph3a,26.00054,25.69888,25.50258,25.69888
Cyfip2,28.66746,28.75748,28.3575,28.66746
Prdx3,29.29579,29.11153,28.72952,29.11153
Dstn,31.73816,31.90372,31.4701,31.73816
Pygm,21.63045,21.88662,22.65093,21.88662
Prkar2b,30.3687,30.41054,30.03381,30.3687
Dbn1,30.39744,30.51305,30.26539,30.39744
D10Jhu81e,29.30709,29.11905,28.99593,29.11905
2015-09-03 00:00:00,29.76055,29.69646,29.43667,29.69646
Qdpr,28.98512,28.92286,28.71342,28.92286
Mog,18.16039,18.27844,22.27671,18.27844
Aldh5a1,28.58423,28.4449,28.29408,28.4449
Myl6,30.38185,30.21905,29.93452,30.21905
Rab2a,31.17801,31.19167,30.83319,31.17801
Ak1,29.92139,29.62725,29.86731,29.86731
Ywhaq,30.93656,31.01132,30.71563,30.93656
Ogdhl,27.12139,27.10649,26.87654,27.10649
Napa,29.23961,29.17109,28.58649,29.17109
Hint1,31.98227,32.2074,31.71694,31.98227
Oxr1,26.23008,25.50364,25.38765,25.50364
Tppp,26.59463,25.71059,23.86985,25.71059
Marcks,31.55705,31.27825,31.38113,31.38113
Hnrnpr,29.75592,29.88528,29.52404,29.75592
Psma7,30.27963,30.19543,29.76994,30.19543
Uqcrfs1,30.11558,29.96086,29.57328,29.96086
Rab10,30.34435,30.26618,29.99981,30.26618
Map2k1,28.66204,28.39767,28.40304,28.40304
Calm1,33.59746,33.5824,33.16502,33.5824
Gnai2,30.22837,30.25045,29.63384,30.22837
2015-09-08 00:00:00,25.59665,26.24158,25.29218,25.59665
Ddah1,29.3545,29.41512,29.23583,29.3545
Bcan,22.93258,22.67465,22.22291,22.67465
Rab14,30.77706,30.76596,30.46431,30.76596
Park7,30.07546,30.07954,29.81996,30.07546
,28.99574,28.94338,28.51848,28.94338
Cct6a,30.83808,30.75215,30.47102,30.75215
Slc3a2,29.52677,29.57573,29.60389,29.57573
Atp1b2,28.30029,28.30713,28.03821,28.30029
Ap2m1,29.79979,30.01358,29.24284,29.79979
Psd3,27.7855,27.69604,27.43603,27.69604
Actr2,31.26047,31.0416,30.61289,31.0416
Slc25a3,30.97014,30.87694,30.74551,30.87694
Nckap1,28.80766,28.95049,28.39002,28.80766
Add1,28.98163,28.79625,28.56136,28.79625
Ddx5,30.21836,30.31354,30.05323,30.21836
Cadm2,28.86251,29.21174,28.75334,28.86251
Actr3,30.24275,30.62122,30.12053,30.24275
Cct7,30.24139,30.25935,29.96527,30.24139
Pgd,29.14974,29.05183,28.7022,29.05183
Cadm3,28.91872,28.66922,28.32389,28.66922
Aldoa,26.818,26.29327,26.64856,26.64856
Add2,28.5269,28.54477,28.1039,28.5269
Mag,17.6937,17.25488,,17.47429
Eef1g,30.44134,30.67985,30.349,30.44134
Tagln3,28.87736,29.05667,28.69309,28.87736
Gnai1,29.46428,29.69271,29.22301,29.46428
Pvalb,21.67288,22.63956,20.89252,21.67288
Capzb,29.70968,29.81369,29.562,29.70968
Cbr1,30.72102,30.5837,30.43231,30.5837
Pabpc1,29.64727,29.69853,29.34898,29.64727
Pafah1b1,30.4715,30.58271,30.1332,30.4715
Camk2a,26.36908,25.42861,25.60464,25.60464
Epb4.1l1,28.58949,28.46533,28.15668,28.46533
Dnajc6,26.86738,27.34984,26.47754,26.86738
Cndp2,28.26464,27.94033,27.94101,27.94101
Vat1l,27.80489,27.486,26.99766,27.486
Ap1b1,27.04698,27.25205,26.90644,27.04698
Phb2,30.67346,30.45728,30.47663,30.47663
Nbea,28.60106,28.75274,28.3295,28.60106
Slc17a7,23.91707,23.34854,24.04918,23.91707
Dlst,29.31462,29.10415,29.18412,29.18412
Rtn3,27.67896,27.62533,27.3682,27.62533
Csnk2a1,30.52664,30.40598,30.45032,30.45032
Phyhipl,28.70283,28.99167,28.65458,28.70283
Ndufa8,29.9467,29.53875,30.00531,29.9467
Letm1,28.4969,28.46774,28.22343,28.46774
Ppa1,30.45679,30.44589,30.13001,30.44589
Aars,29.81003,29.84476,29.50232,29.81003
Ndufa13,29.6442,29.57199,29.02586,29.57199
Ahcyl1,28.17355,28.39791,27.87713,28.17355
Lap3,27.76636,27.66397,27.46941,27.66397
Ube2n,30.10312,30.15919,29.8429,30.10312
Baiap2,25.95247,25.89041,25.37282,25.89041
Nap1l1,30.50701,30.53353,30.24683,30.50701
Pdxk,29.45097,29.13641,28.94089,29.13641
Sv2b,24.13053,25.35188,25.08586,25.08586
Vamp2,31.53936,31.70545,31.48121,31.53936
Nptn,29.43575,29.20867,28.9213,29.20867
Pak1,28.56515,28.61765,28.29999,28.56515
Rab7a,30.68754,30.66119,30.17081,30.66119
Ppp3r1,30.9016,30.85735,30.71563,30.85735
Atp1b3,28.65407,28.50775,28.23343,28.50775
Cyc1,30.10375,30.01412,29.8481,30.01412
Ehd1,29.47104,29.39856,29.2791,29.39856
Tmod2,28.64808,28.62467,28.39149,28.62467
Rpl23a,30.08499,29.96513,30.04336,30.04336
Ndufa4,30.66653,30.71522,30.09283,30.66653
Gad2,26.59705,26.51637,26.39526,26.51637
Mpp2,27.08801,26.94659,26.71057,26.94659
Efhd2,26.95138,26.23929,26.04568,26.23929
Napg,28.63537,28.46225,28.19498,28.46225
Idh1,31.20694,31.03013,30.81902,31.03013
Sfpq,30.17331,29.89286,29.95671,29.95671
Aldh1a1,25.24311,24.97889,24.58961,24.97889
Aqp4,23.55075,22.14358,17.72959,22.14358
Etfa,29.83068,29.5904,29.37977,29.5904
Syne1,23.35246,23.22219,23.4462,23.35246
Rpn1,29.79467,29.85712,29.58733,29.79467
Gstm5,28.57149,28.42974,27.93871,28.42974
Atp5i,31.13742,31.50644,31.12977,31.13742
Rab11b;Rab11a,30.67733,30.40923,30.38844,30.40923
Tpp2,28.3919,28.42966,27.82432,28.3919
Sncb,30.05232,29.8441,29.29879,29.8441
Ndufb10,29.38113,29.24229,29.20308,29.24229
Pgrmc1,31.86846,31.44855,31.64392,31.64392
Ddx39b,30.32571,30.42092,30.19648,30.32571
Sv2a,28.17026,28.17451,27.73117,28.17026
Lrp1,26.82772,26.97804,26.42167,26.82772
Rps3,31.31111,31.31003,31.04915,31.31003
Psap,28.94349,29.1776,28.69388,28.94349
Mapre2,30.25811,29.91826,30.05155,30.05155
Psmc3,29.75774,29.77798,29.33362,29.75774
Nipsnap1,30.35699,30.1343,29.72394,30.1343
Ryr2,22.09841,21.72484,22.79513,22.09841
Pfkl,28.69574,28.57845,28.21951,28.57845
2010300C02Rik,25.64221,26.19434,25.55397,25.64221
Sh3glb2,27.92581,27.85579,27.39051,27.85579
Kif5b,29.33826,29.02506,29.04158,29.04158
Tln1,24.07725,24.46775,23.8768,24.07725
Sars,28.91177,28.9469,28.25584,28.91177
Rpsa,31.47349,31.5997,31.21083,31.47349
Ncam2,27.07551,26.97147,27.02443,27.02443
Ndufs4,28.43909,27.22702,27.89758,27.89758
Actg1,30.17593,29.99105,29.97131,29.99105
Sptb,21.69281,21.37178,20.84789,21.37178
Ndufv2,28.95096,29.03944,28.88815,28.95096
Ptprz1,23.22089,23.0124,22.46119,23.0124
Lmna,25.65706,25.79519,25.77784,25.77784
Gnb2l1,30.52953,30.83733,30.45797,30.52953
Hspe1,31.08442,30.64804,30.08246,30.64804
St13,30.07061,30.02446,29.85938,30.02446
2015-09-04 00:00:00,21.4247,22.97488,20.12174,21.4247
Slc25a11,30.39999,30.05685,29.59612,30.05685
Hdgf,28.51552,28.04895,27.4438,28.04895
Psmd2,29.35767,29.1525,29.10237,29.1525
Rplp2,32.22018,31.96237,31.29789,31.96237
Map1lc3a,31.14449,31.13388,31.45297,31.14449
Aak1,26.47232,26.76192,26.36434,26.47232
Sfxn3,29.68796,29.65547,29.47414,29.65547
Ank1,23.03594,22.21312,22.05298,22.21312
Cse1l,27.60675,27.75545,27.25169,27.60675
Cotl1,30.2793,30.25642,29.99631,30.25642
Cbx3,30.67202,30.44134,30.4008,30.44134
Thy1,30.16615,30.13406,29.63888,30.13406
Sdhb,29.70803,29.71712,29.2595,29.70803
Skp1,29.2695,29.08342,28.77065,29.08342
Ctnnb1,28.62174,28.60442,28.21665,28.60442
Ctbp1,29.05282,28.99591,28.6231,28.99591
Klc1,29.27919,29.25302,28.86561,29.25302
Pcmt1,28.26696,28.17731,27.92332,28.17731
Hadhb,27.58728,27.32852,26.79662,27.32852
Shank1,23.49351,23.6796,23.02513,23.49351
Pafah1b2,31.64684,31.45601,30.58656,31.45601
Ap3b2,28.93069,28.79011,28.45901,28.79011
Psmd11,30.00397,29.7764,29.63594,29.7764
Psma5,30.55928,30.4961,30.21697,30.4961
L1cam,28.29737,28.23165,28.02163,28.23165
Msn,27.14161,27.04999,26.85472,27.04999
Ddx3y,29.06951,29.15354,28.94416,29.06951
Tomm70a,28.85165,28.85264,28.56808,28.85165
Coro1a,29.10767,29.04794,28.94134,29.04794
Nrcam,25.50516,25.46939,25.31212,25.46939
Acat2,31.17397,31.02888,30.47237,31.02888
Dst,23.74725,23.719,23.37729,23.719
Ptma,30.94852,30.16279,30.46334,30.46334
Rps8,31.60933,31.44884,31.42472,31.44884
Gm20431;Ube2v1,29.42538,29.26848,29.28434,29.28434
Ncald,29.06196,28.84709,28.59089,28.84709
Uchl3,29.74044,29.63256,29.39909,29.63256
Ctsd,29.17436,29.15784,28.86458,29.15784
Camkv,29.3956,29.42742,28.92241,29.3956
Atp2b3,25.48815,25.44664,25.06044,25.44664
Psmc4,29.19312,29.27473,29.08912,29.19312
Gdap1l1,29.47719,29.12337,28.99696,29.12337
Flna,26.36663,26.20475,25.7465,26.20475
Fam49b,29.47433,29.3937,29.17859,29.3937
Akap5,26.80427,26.22714,26.20857,26.22714
Eif3a,28.31734,28.37948,28.26414,28.31734
Aldh6a1,27.83135,27.4255,27.3304,27.4255
Dnaja2,28.49819,28.60869,28.48439,28.49819
Atp5l,30.36703,31.37865,29.95518,30.36703
Arpc5,29.88597,29.83287,29.7466,29.83287
Dhx9,29.46494,29.46151,29.2602,29.46151
Cox6c,28.87742,29.85902,28.70487,28.87742
Anp32a,30.8467,30.77949,30.45317,30.77949
Hpcal4,28.34308,27.96262,27.45568,27.96262
Hnrnpd,30.4827,30.37161,30.38463,30.38463
Wars,28.76218,28.72166,28.71882,28.72166
Prkacb,29.99968,30.00919,29.63428,29.99968
Glod4,28.78669,28.4261,28.15025,28.4261
Cacna2d1,28.35926,28.40726,28.11739,28.35926
Syt2,22.2515,22.2207,19.77277,22.2207
Osbpl1a,26.45359,26.56605,26.12228,26.45359
Cap2,24.7144,24.87984,24.66427,24.7144
Hnrnpa0,30.29417,30.41246,30.51831,30.41246
Lta4h,27.2674,27.09225,26.89504,27.09225
Trio,27.44419,27.34249,26.93607,27.34249
Gria2,28.18054,28.15117,27.78126,28.15117
Ganab,28.70144,28.59028,28.13472,28.59028
Dync1li1,29.83864,29.6688,29.44415,29.6688
Ppp2r2a,29.16892,28.92306,28.68522,28.92306
Hyou1,28.52399,28.37741,28.09315,28.37741
Cab39,28.25854,28.11714,27.81482,28.11714
Hnrnpm,29.43126,29.57949,29.34526,29.43126
Ube2l3,29.31344,29.53001,29.11508,29.31344
Ppp1r11,29.56573,29.39147,29.02797,29.39147
Leprel1,18.44964,25.45814,18.68497,18.68497
Scrn1,29.4702,29.39528,28.98041,29.39528
Ap3d1,28.65096,28.95135,28.31683,28.65096
Tln2,24.91762,24.88362,24.20859,24.88362
Rab5c,30.51333,30.59379,30.14625,30.51333
Pdia6,29.86611,29.75567,29.29931,29.75567
Snd1,28.53986,28.4283,28.18192,28.4283
Prep,28.85884,28.96061,28.67398,28.85884
Lonp1,28.97016,28.68207,28.31212,28.68207
Hnrnpc,29.36653,29.49534,29.30291,29.36653
Rock2,25.7683,25.76694,25.66481,25.76694
Cntnap1,22.42345,23.35622,21.8044,22.42345
Cox6a1,28.84455,28.43372,26.53875,28.43372
Arpc4,30.90512,31.23244,30.63729,30.90512
Gphn,27.65588,27.58276,27.30008,27.58276
S100b,23.78297,26.22138,22.91401,23.78297
Acsl6,26.78132,26.82104,26.25863,26.78132
Ipo5,28.71358,28.80301,28.3871,28.71358
Usp9x,27.57058,27.57319,27.31095,27.57058
Myo18a,27.29413,27.17826,27.34849,27.29413
Usp48,26.39275,26.27492,26.35042,26.35042
Ppid,28.71214,29.00459,28.58398,28.71214
Ndufa12,28.84607,28.76926,28.62115,28.76926
Rab6a,31.60814,31.34064,31.20839,31.34064
Taldo1,28.40418,28.68248,28.44581,28.44581
Hist1h1e,32.42019,31.90767,32.00825,32.00825
Eprs,28.01547,28.11431,27.62282,28.01547
Uqcrq,29.58601,30.02459,29.84627,29.84627
Atl1,28.45721,28.39485,28.11153,28.39485
Ddb1,27.71313,27.61435,27.06989,27.61435
,23.10217,22.51152,21.44799,22.51152
Grb2,28.7025,28.62401,28.36194,28.62401
Akr1a1,29.08487,29.2483,28.698,29.08487
Hmgb1,31.54139,31.61864,31.39243,31.54139
Copa,28.37455,28.3857,28.09879,28.37455
Prkar2a,28.29189,28.22908,28.15122,28.22908
Gpd1,27.23954,27.12119,26.14328,27.12119
Eif5a,30.75597,30.99213,30.41448,30.75597
Mtch2,29.40724,29.46552,28.97585,29.40724
Psmd3,29.49083,29.50389,29.18253,29.49083
Ckap5,27.74304,27.6654,27.21234,27.6654
Rpl17,31.16201,31.31678,31.25023,31.25023
Cox6b1,29.37215,29.98658,29.18825,29.37215
Psat1,30.07572,30.02749,29.3521,30.02749
Sirpa,27.02749,26.58262,26.04614,26.58262
Map4,27.38088,27.0803,27.03999,27.0803
Iars2,27.52156,27.44798,27.08952,27.44798
Myl12b,29.35473,29.12709,28.87065,29.12709
Rps3a,30.35437,30.70463,30.106,30.35437
Ank3,25.77693,25.73162,25.32766,25.73162
Kiaa0513;6430548M08Rik,27.53252,26.64581,26.66234,26.66234
2015-09-06 00:00:00,28.89392,29.05486,28.61684,28.89392
Stmn1,30.87855,31.134,31.25062,31.134
Trim28,30.07112,29.8142,29.5403,29.8142
Pde2a,26.83461,26.95759,26.62031,26.83461
Gars,29.72748,29.8356,29.66046,29.72748
Homer1,27.36503,26.91171,26.53918,26.91171
Kif5c,29.543,29.52507,29.20494,29.52507
Pcbp2,29.65364,29.93537,29.31199,29.65364
Actn2,22.98019,22.3909,20.76806,22.3909
Idh2,29.7473,29.6483,29.26667,29.6483
Ogt,27.89781,28.18154,27.63132,27.89781
Samm50,28.0723,28.08451,28.22578,28.08451
Usp7,27.03423,27.13555,26.66641,27.03423
Gmps,28.47309,28.34418,27.9948,28.34418
Kiaa1671,26.91559,27.5526,27.00207,27.00207
Nsfl1c,28.53326,28.17083,28.06379,28.17083
Mapre3,28.74108,28.45674,27.93275,28.45674
C1qbp,30.40396,30.19894,29.62188,30.19894
Gsn,25.58698,25.43043,25.39129,25.43043
Akap12,25.16668,24.48763,24.62411,24.62411
Cisd1,30.55463,30.48606,30.2762,30.48606
Dync1i2,29.35574,29.49888,29.07437,29.35574
Acsbg1,26.6764,26.80095,26.52965,26.6764
Syncrip,29.0853,29.06412,28.90271,29.06412
Csnk2a2,28.57467,28.75672,28.37061,28.57467
Pgm2l1,27.89689,27.76167,27.64671,27.76167
Myh14,22.98631,22.67855,22.62908,22.67855
Hprt1,29.39981,28.85531,28.6814,28.85531
Cd47,28.67707,28.33799,28.30029,28.33799
Ahsa1,29.19108,29.08195,28.68325,29.08195
Dlg1,25.02026,24.68282,24.16722,24.68282
Cacybp,29.40268,29.45819,29.43119,29.43119
Add3,26.42549,26.00986,25.59901,26.00986
Dars,29.21796,29.10144,28.81546,29.10144
Cox5b,29.86149,29.58047,29.70494,29.70494
Prps1;Prps1l3,29.47758,29.8854,29.30396,29.47758
Cfl2,28.7835,28.69588,28.48405,28.69588
Ppp5c,28.28965,28.01329,27.89406,28.01329
Lsamp,29.2564,29.04189,28.59925,29.04189
G6pdx,28.48953,28.45525,28.09336,28.45525
Mpp6,26.68806,26.9901,26.62324,26.68806
Wdr7,27.40381,27.63547,27.2179,27.40381
Fkbp1a,30.98536,31.29302,30.31236,30.98536
Arpc5l,28.00314,28.05098,27.9684,28.00314
Psmc6,29.94196,29.80447,29.35557,29.80447
Asrgl1,27.25692,27.32826,26.89273,27.25692
Eif4a2,28.74942,28.94246,27.93927,28.74942
Pura,28.93244,29.16171,28.70951,28.93244
Psip1,28.37061,28.14389,28.23635,28.23635
Atp5j2,31.08106,31.7937,31.22561,31.22561
Hnrnpul2,29.27164,29.24075,29.02673,29.24075
Cmpk1,29.77861,30.00504,29.79338,29.79338
Eif1,28.8752,29.20074,29.34801,29.20074
Psmd6,29.53412,29.46764,29.17688,29.46764
Gnas,29.38185,29.25613,28.90104,29.25613
Sptbn4,24.60201,24.56197,23.73397,24.56197
Itpa,30.19671,30.07495,29.85604,30.07495
Psmc2,29.26517,29.36399,28.95124,29.26517
Hsd17b10,30.17653,30.34668,29.89908,30.17653
Echs1,29.60615,29.67795,29.04383,29.60615
Lasp1,28.47962,28.3724,27.89626,28.3724
Blmh,28.62101,28.65287,27.97689,28.62101
Psma6,29.40576,29.46842,28.88687,29.40576
Cops2,28.34702,28.14788,28.24676,28.24676
Ndufc2,27.79841,28.67765,28.11018,28.11018
Shank3,21.13276,21.07261,20.31683,21.07261
Vat1,29.84214,29.67832,29.13594,29.67832
Vcl,25.13544,25.06948,24.7124,25.06948
Set,28.99321,28.67637,29.12591,28.99321
Apoe,30.5495,30.67422,30.41266,30.5495
Sgip1,26.00541,25.77871,25.62687,25.77871
G3bp2,28.96174,28.81806,28.51938,28.81806
Nono,30.27197,30.25968,30.13308,30.25968
Atp6v1d,28.47297,28.38385,27.90139,28.38385
Rtcb,29.27779,29.12815,29.022,29.12815
Strap,29.70113,29.17446,29.34526,29.34526
Rtn1,30.06227,30.77831,30.55846,30.55846
Tubb2a,30.16651,30.12065,29.89879,30.12065
Pkm,28.61894,28.51837,27.75219,28.51837
Mapre1,29.84464,30.1278,29.69028,29.84464
Hnrnph1,30.41094,30.5819,30.31062,30.41094
Ggt7,28.05569,27.20219,26.64554,27.20219
Vapa,29.96609,29.99752,29.98346,29.98346
Clta,29.91071,29.60599,28.88881,29.60599
Psmd1,29.21426,29.31713,28.86139,29.21426
Me1,27.34155,26.88169,26.64691,26.88169
Khdrbs1,30.19835,30.07368,29.94615,30.07368
Cnrip1,30.12115,30.17807,29.99914,30.12115
Phgdh,29.54639,29.47661,29.18293,29.47661
Actbl2,23.4706,23.66123,22.62914,23.4706
Syp,30.00892,30.24411,29.5979,30.00892
Pea15;Pea15a,29.58536,29.38435,29.33368,29.38435
Npm1;Gm5611,30.57741,30.80162,30.54637,30.57741
Atp6v1g2,29.04448,29.34117,29.05597,29.05597
Trim2,28.96378,29.01916,28.61147,28.96378
Nars,30.36963,30.57975,29.98332,30.36963
Aldh7a1,26.68057,26.30751,26.00217,26.30751
Eif4g1,26.78057,26.80304,26.46056,26.78057
Pcca,27.64258,27.56151,27.10829,27.56151
Slc25a22,29.38274,29.59108,29.10162,29.38274
Phyhip,26.14729,26.19524,25.25523,26.14729
Erlin2,29.06371,28.96631,28.76992,28.96631
Pdxp,28.36026,28.19315,27.57845,28.19315
Slc8a2,26.28544,26.06322,25.93333,26.06322
Ddx1,28.93236,28.91684,28.39652,28.91684
Rpl6,30.67506,30.52589,30.73441,30.67506
Ermn,,,,
Psmc5,29.92903,29.85457,29.58783,29.85457
Ahnak,22.15277,21.36608,21.55117,21.55117
Pi4ka,24.71419,25.24187,24.6397,24.71419
ptplad1,29.74195,29.34942,29.10417,29.34942
Stxbp1,26.28946,26.65867,25.41345,26.28946
Dnm1,25.14934,25.16791,24.95469,25.14934
Ap2s1,29.70218,29.68614,29.44281,29.68614
Ehd3,25.94329,25.54363,25.86868,25.86868
Kif21a,26.50747,26.68271,26.03618,26.50747
Rpl9,30.84528,31.03006,30.4826,30.84528
Rpl4,31.27142,31.52402,31.04583,31.27142
Oat,29.82731,29.61674,29.29645,29.61674
Yars,29.1438,29.31881,28.82651,29.1438
Eps15l1,26.76749,26.4118,26.16762,26.4118
Rab1b,29.60703,29.61514,29.18886,29.60703
Suclg1,29.47208,29.83784,29.54898,29.54898
Pdcd6ip,27.37989,27.34647,26.85887,27.34647
Fkbp3,29.31229,28.98096,28.6237,28.98096
Iars,28.69826,28.67384,28.32517,28.67384
Nrxn1,27.12898,27.14938,26.74586,27.12898
Rplp0,30.85638,30.95394,30.77596,30.85638
Pip5k1c,26.88192,26.95382,26.0475,26.88192
Impa1,28.80178,28.75783,28.25435,28.75783
Pcbp1,30.04427,30.09911,29.95421,30.04427
Ppp1r9a,25.28648,25.15016,24.8226,25.15016
Palm,28.16658,28.0661,27.8052,28.0661
Ppfia3,27.87068,27.79879,27.65908,27.79879
Pdia4,28.16461,27.96306,27.62317,27.96306
Cdh13,28.81571,28.6489,28.33326,28.6489
Cltb,28.835,28.81589,28.87279,28.835
Tppp3,23.24725,24.32499,25.4684,24.32499
Nrxn3,26.32886,26.08886,25.99108,26.08886
Clasp2,27.22977,27.27506,26.71686,27.22977
Pip4k2b,28.93061,29.02123,28.83361,28.93061
Gad1,26.33404,26.16888,25.42499,26.16888
H1f0,31.57745,30.75326,30.79838,30.79838
Clip2,27.33151,27.10809,27.02981,27.10809
Epn1,27.42438,26.8028,26.99237,26.99237
Flot1,27.41788,27.66214,27.53297,27.53297
Scn2a1,25.08221,25.03044,25.04993,25.04993
Akr1b1,29.07038,29.39391,28.74304,29.07038
Sirpa,25.38795,26.22527,24.9322,25.38795
Actr1a,29.65118,29.42192,29.3699,29.42192
Cplx2,28.13863,28.86762,27.66919,28.13863
Rgs6,26.77906,27.0221,26.59847,26.77906
Txnl1,28.48247,28.50226,28.43416,28.48247
Sh3glb1,28.51024,28.35064,28.18158,28.35064
Snrnp200,27.54444,27.56202,27.10669,27.54444
Dbnl,28.1205,27.79079,27.53512,27.79079
Mgll,25.84254,26.2776,25.34001,25.84254
Fkbp4,29.29099,29.49783,29.09643,29.29099
Negr1,29.57863,29.29977,29.12709,29.29977
Acadl,27.69219,27.2871,27.1055,27.2871
Gucy1b3,28.34346,28.32655,27.83473,28.32655
Unc13a,25.07492,25.0701,24.32759,25.0701
Slc6a11,26.65554,26.60668,26.04539,26.60668
Nceh1,27.18669,26.4642,26.13669,26.4642
Cdc42,30.40842,30.48049,29.71633,30.40842
Fam213a,28.3509,28.05165,27.87256,28.05165
Psmd13,29.1895,29.36876,28.67263,29.1895
Wdr37,28.5733,28.81415,28.17083,28.5733
Rpn2,29.53866,29.62277,29.00169,29.53866
Ahcy,29.12719,28.95671,28.76689,28.95671
Eif4h,28.55047,28.26298,28.05066,28.26298
Fabp5,31.99419,32.24198,31.94949,31.99419
Gprin1,26.88693,26.81982,26.68003,26.81982
Xpo1,28.2006,28.42662,28.02306,28.2006
Atp5d,30.11719,30.07482,29.93916,30.07482
Prkca,28.4235,28.65222,27.99048,28.4235
Ctsb,28.30717,28.29417,28.05931,28.29417
Alcam,28.66255,28.55582,28.13443,28.55582
Ube2o,27.96047,28.03286,27.7128,27.96047
Ca8,20.78517,21.66596,17.32922,20.78517
Camk2d,27.01574,26.91923,26.84972,26.91923
Huwe1,26.49995,26.72845,26.28907,26.49995
Rpl5,31.24689,31.46207,31.16453,31.24689
Glo1,28.69109,28.69461,28.10219,28.69109
Wasf1,27.82171,27.67331,27.02052,27.67331
Acaa2,28.41659,28.08005,27.97869,28.08005
Mtmr12,19.92262,20.51826,19.13288,19.92262
Prepl,27.02633,26.8839,26.24898,26.8839
Mtnd1,28.58509,28.57178,27.84529,28.57178
Vps29,29.47185,29.72478,28.97443,29.47185
Alb,25.34864,25.6967,25.3097,25.34864
Abr,27.31734,27.30991,26.79402,27.30991
Slc2a1,25.77781,24.83644,23.73128,24.83644
Cadm1,26.84494,26.94156,26.20075,26.84494
Adap1,28.03538,28.4862,27.89597,28.03538
Rad23b,28.69548,28.52556,28.18532,28.52556
Myh11,23.34286,22.88718,23.5373,23.34286
2015-09-02 00:00:00,28.28635,27.95787,27.73169,27.95787
Rasal1,23.52492,23.07444,21.91769,23.07444
Rpl15;Gm10020,30.66008,30.73635,30.45787,30.66008
Eif2s1,29.05258,28.72997,28.57218,28.72997
Psma3,29.97227,29.59987,29.36227,29.59987
Dpp10,24.26234,24.50936,24.26112,24.26234
Psma1,29.27977,29.24086,29.02784,29.24086
Prkce,27.29369,27.53779,26.94101,27.29369
Cyb5r3,29.86437,29.70306,29.48051,29.70306
Cpne6,24.88567,24.69392,25.00372,24.88567
Ppp1r7,28.80523,28.50139,28.01207,28.50139
Rap1gap,25.84632,25.84938,25.61136,25.84632
Cask,28.37547,28.11818,27.86991,28.11818
Prkar1a,27.36753,27.2999,27.14014,27.2999
Eif3b,28.64928,28.61168,28.41893,28.61168
Gna11,29.47605,29.31229,28.80363,29.31229
Atxn10,28.66122,28.50574,28.05077,28.50574
Mthfd1,27.49274,27.46778,26.92863,27.46778
Cryab,21.96074,19.35389,16.85599,19.35389
Sacm1l,27.91125,27.86496,27.38014,27.86496
Rap2a,28.39481,28.19761,27.90627,28.19761
Pa2g4,29.48863,29.73681,29.23375,29.48863
Nudc,28.40337,28.05517,27.94576,28.05517
Crip2,30.25912,30.55252,30.29209,30.29209
Acta2;Actg2,21.16429,19.26405,15.62725,19.26405
Lgi1,24.63694,24.66752,24.27874,24.63694
Arpc3,29.98223,30.06664,29.80444,29.98223
Thop1,27.32389,27.24173,26.95027,27.24173
Enpp6,21.75882,17.97348,22.38745,21.75882
Dbt,27.25674,27.17245,26.81824,27.17245
Thrap3,27.40162,26.78057,26.80943,26.80943
Itsn1,26.7888,26.67465,26.47084,26.67465
Arhgap1,28.3198,28.23402,27.88977,28.23402
Vps13c,23.61605,23.33851,23.2617,23.33851
Map2k4,27.64251,27.72306,27.23462,27.64251
Rpl7,31.20548,31.05232,30.70619,31.05232
Prpf8,27.49358,27.58771,27.29877,27.49358
Mtor,26.29827,26.22562,25.82304,26.22562
Cpe,28.70691,28.97364,28.73354,28.73354
Prmt1,29.81984,30.14479,29.67074,29.81984
Kcnab2,26.54832,26.42331,25.78703,26.42331
Erc2,24.38034,24.67686,23.96737,24.38034
H2afy,30.75502,30.36588,30.1587,30.36588
Dlg3,26.14628,26.13018,25.48916,26.13018
Cntnap2,24.8074,24.59565,24.24002,24.59565
Rps2;Gm5786;Gm18025;Gm6576;Gm8225,30.37348,30.39652,30.304,30.37348
Pin1,29.36315,29.407,28.81818,29.36315
Gpm6b,29.8998,29.60998,29.61726,29.61726
Fabp3,29.14319,29.15192,28.76243,29.14319
Ubr4,26.33373,26.60611,25.95591,26.33373
Igsf5;Pcp4,28.42822,28.55965,28.38952,28.42822
Gnaz,28.68676,28.80002,28.49907,28.68676
Banf1,29.49604,30.87372,29.93284,29.93284
Arhgef7,27.74362,27.77775,27.38212,27.74362
Psmb5,29.53174,29.44295,29.22262,29.44295
Adssl1,23.71408,23.93328,22.64628,23.71408
Myo6,25.34011,24.9033,24.0912,24.9033
Coro2b,27.34807,27.25296,26.6006,27.25296
Vcan,22.22043,21.3899,21.58128,21.58128
Hsd17b4,28.57996,28.39905,27.89828,28.39905
Rps9,31.39958,31.36087,31.2374,31.36087
Kif1a,27.36661,27.49816,27.14034,27.36661
Atic,28.36753,28.23457,27.87719,28.23457
Uggt1,27.24898,27.25422,26.78905,27.24898
Pls3,25.42034,25.09277,24.83586,25.09277
Ncan,24.96248,24.32944,24.10286,24.32944
Plcb4,21.94102,21.74735,19.33119,21.74735
Aifm1,27.49968,27.38985,27.46084,27.46084
Inpp5a,25.27099,24.82313,24.21497,24.82313
Aco1,26.99583,27.1546,26.73531,26.99583
Fbxo2,25.15275,25.30236,24.23345,25.15275
Tpt1,32.04814,31.69938,31.03761,31.69938
2015-09-09 00:00:00,27.2724,27.36778,26.71646,27.2724
Agk,29.43209,29.44421,28.95341,29.43209
Rap1b,29.26551,29.88088,29.5224,29.5224
Myef2,29.45967,29.55536,29.29347,29.45967
Sfxn5,27.09617,27.3697,26.50426,27.09617
Asah1,26.08034,26.04024,24.98919,26.04024
Adh5,29.12588,29.29457,28.84778,29.12588
Sec22b,29.71211,29.65947,29.15161,29.65947
Pfn2,30.59344,30.57118,30.47499,30.57118
Nudt3,28.85757,29.05786,28.44802,28.85757
Madd,26.55972,26.32459,26.25866,26.32459
Usp14,28.53731,28.65625,28.49305,28.53731
Qil1,29.46061,29.16421,28.23352,29.16421
Srgap3,27.54274,27.39893,27.1034,27.39893
Ppp2r4,27.69192,27.93241,27.39297,27.69192
Shank2,22.56162,22.46421,23.48861,22.56162
Rps12,30.15279,30.76999,29.87594,30.15279
Hadh,27.46076,27.31251,26.29829,27.31251
Ssb,29.40852,29.30099,29.07393,29.30099
Nt5c,29.38185,29.29942,28.92493,29.29942
Ndufa5,28.69235,29.17524,28.24989,28.69235
Ptprd,26.49337,26.54785,26.19206,26.49337
Anxa2,25.51938,25.32488,25.2071,25.32488
Tardbp,30.60955,30.55408,30.4182,30.55408
Pcyox1,28.58384,28.45869,28.05124,28.45869
Rapgef2,26.02779,25.97819,25.61293,25.97819
Ppp1r9b,26.80637,26.06042,25.99772,26.06042
Ilf3,28.17855,27.83147,27.68773,27.83147
Agl,24.99714,25.08545,24.70625,24.99714
Snap47,27.82098,27.67277,27.17522,27.67277
Paics,28.55629,28.33492,27.95399,28.33492
2310035C23Rik;Kiaa1468,26.97038,27.24182,26.76269,26.97038
Plxna4,28.03622,28.23457,27.62143,28.03622
Hmox2,27.86697,27.74137,27.89724,27.86697
Nnt,27.46459,27.2488,26.9927,27.2488
Srsf1,30.1973,30.34837,30.08601,30.1973
Kalrn,25.78619,25.75644,25.3481,25.75644
Rab3d,29.20578,29.24148,28.83232,29.20578
Ak3,28.26096,28.35372,27.71352,28.26096
Gapdh,,,21.12364,21.12364
Hdhd2,26.10839,26.14326,25.76828,26.10839
Sf3b2,26.05703,25.70234,25.99088,25.99088
Rpl3,30.36515,30.353,30.17081,30.353
Rap2b,28.30504,27.87038,27.5687,27.87038
Rufy3,28.58057,28.32757,28.20476,28.32757
Rdx,26.99302,26.42651,25.66755,26.42651
Gdap1,29.34251,29.36225,29.16751,29.34251
Arl8a,29.68135,29.99752,29.5194,29.68135
Ndufb8,28.52854,28.02173,28.04812,28.04812
Myo1d,19.88999,18.70796,20.07222,19.88999
Sugt1,26.71489,26.54916,26.67842,26.67842
Ddx6,29.32103,29.30604,29.12455,29.30604
Hspa2,26.01967,25.80875,24.77022,25.80875
Lcp1,23.51557,23.40328,23.18221,23.40328
Por,28.67219,28.45183,28.43317,28.45183
Slc12a2,24.97657,24.53475,23.7601,24.53475
Igsf8,27.78992,27.43627,27.0403,27.43627
Gm10704,28.6655,28.75589,28.38776,28.6655
Tjp1,23.79362,23.9419,23.4821,23.79362
Fus,28.38969,27.9875,28.45093,28.38969
Cep170,26.75264,26.5545,26.20279,26.5545
Clip1,25.67074,25.07133,25.30831,25.30831
Capza1,29.84266,29.22295,29.14577,29.22295
Prkcb,26.66939,27.16365,26.49767,26.66939
Hbbt1;Hbb-bs,29.83927,30.20897,29.69097,29.83927
Rplp1,31.70364,31.79025,31.64272,31.70364
Eif3m,28.71103,28.67781,28.40219,28.67781
Cttn,26.61597,26.2776,26.47403,26.47403
Cd81,29.00638,29.97869,28.23622,29.00638
Gps1,28.88853,29.06474,28.65133,28.88853
Atp8a1,26.8328,26.60851,26.36745,26.60851
Dnaja1,29.18201,29.33371,28.84422,29.18201
Exoc4,27.40665,27.32328,27.06917,27.32328
Cdh2,27.79396,27.48024,27.17398,27.48024
Twf2,26.17423,26.6502,26.44233,26.44233
Dcps,27.45057,27.13575,27.06023,27.13575
Dnajc5,29.76234,29.18603,29.18527,29.18603
Ndufs8,28.03905,27.84733,27.54392,27.84733
Hdlbp,26.23945,26.08588,26.26335,26.23945
Tagln,23.49008,23.26112,23.38416,23.38416
Palm2Akap2;Akap2,22.2209,21.96335,21.62199,21.96335
Ak4,24.29936,24.5611,24.15368,24.29936
Plcxd3,27.24009,27.0503,26.60329,27.0503
Slk,24.49656,25.11358,25.24492,25.11358
Pex5l,23.37026,23.76527,23.07676,23.37026
Copb2,27.97842,28.14516,27.97295,27.97842
Chchd3,28.03113,27.69624,27.63982,27.69624
Cops4,28.79857,28.62774,28.42938,28.62774
Slc4a10,24.68019,24.36011,24.43644,24.43644
Atad3,27.78569,27.53949,27.39795,27.53949
Mapk10,28.63924,28.97328,28.41812,28.63924
Flot2,27.90466,27.76591,27.25449,27.76591
Ctnnd2,26.5207,26.81078,26.10669,26.5207
Ppa2,27.02844,27.02855,26.60102,27.02844
Kctd12,29.1227,29.04445,28.86956,29.04445
Sf3b1,26.44968,26.36828,26.25807,26.36828
Lancl2,29.06425,29.20807,28.79194,29.06425
Mtx2,29.51726,28.94701,28.96315,28.96315
Ppm1h,27.26446,26.79278,26.93112,26.93112
Ddx17,29.07485,28.69478,28.47181,28.69478
Rab35,29.11736,28.96925,28.53853,28.96925
Gna13,28.25115,28.00651,27.44884,28.00651
Khsrp,28.31069,28.15282,28.25588,28.25588
Nt5dc3,28.3277,28.29789,27.80999,28.29789
Cul3,27.53949,27.49717,27.05155,27.49717
Mpst,29.8046,29.91399,29.28191,29.8046
Elavl4,29.41518,29.42101,29.22722,29.41518
Tsn,29.2407,28.8263,28.8662,28.8662
Csde1,27.79414,27.77241,27.80021,27.79414
Tbcb,27.26749,27.51443,27.44608,27.44608
Calu,28.81894,28.19075,28.25845,28.25845
Rpl18,31.20734,31.05989,31.28505,31.20734
Lars,28.56001,28.75379,28.34524,28.56001
Hapln1,24.38093,23.66362,23.25624,23.66362
Osbp,27.30678,27.245,26.80698,27.245
Timm44,27.23444,27.1052,27.05165,27.1052
Esd,28.83945,29.20445,28.53901,28.83945
Scamp5,30.23854,30.14771,29.9407,30.14771
Pdgfrb,25.3003,25.1462,24.60048,25.1462
Psmd12,29.66816,29.53631,29.56051,29.56051
Bpnt1,27.2571,26.93022,26.92173,26.93022
Tollip,27.23736,27.056,26.54143,27.056
Caskin1,24.67568,24.71246,24.70303,24.70303
Capn2,27.30374,27.17931,26.67587,27.17931
Hspa1a,26.78457,26.07092,25.74222,26.07092
Epb4.1l1,26.55763,26.52013,26.47143,26.52013
Arhgef2,27.18971,26.92468,26.09007,26.92468
Tceal5,26.56732,26.84625,26.06823,26.56732
Uqcr10,29.73797,29.80398,29.39999,29.73797
Strn,26.97793,27.17207,26.67357,26.97793
Serbp1,27.56376,26.93393,26.98598,26.98598
Map4,25.23469,24.66129,24.38462,24.66129
Lrpap1,27.57874,27.16701,26.80575,27.16701
Camk4,26.85638,27.04874,26.35417,26.85638
Sorbs2,24.68164,24.42771,24.07112,24.42771
Ndufs6,28.9469,28.86638,28.59328,28.86638
Ptbp2,28.61824,28.36582,28.01824,28.36582
Ndufb6,28.18617,27.70734,28.26365,28.18617
Farsb,28.41474,28.49884,28.1548,28.41474
Cdk5,28.58169,28.88466,28.08035,28.58169
Mgea5,28.13055,28.13848,27.87596,28.13055
Vps26b,29.43704,29.23046,29.14044,29.23046
Srgap2,28.16447,28.39709,27.85739,28.16447
Snx2,27.04989,26.79439,26.84733,26.84733
Anks1b,24.21379,23.50373,23.23444,23.50373
Gm20425,25.3656,25.35656,25.23272,25.35656
Cdc37,28.04067,27.8613,28.00249,28.00249
Purb,30.00624,29.23533,29.33699,29.33699
Rac1,31.67316,31.92256,31.38304,31.67316
Sbf1,26.28697,26.07676,25.91118,26.07676
Top2b,28.07816,27.93691,27.70339,27.93691
Cops5,28.44352,28.5297,28.17174,28.44352
Dynlrb1,30.98285,30.78761,30.40192,30.78761
Setd7,25.89756,25.62906,24.94771,25.62906
Necap1,27.8499,27.70938,27.49228,27.70938
Hrsp12,27.7668,27.31993,26.50031,27.31993
Trnt1,26.99938,26.31998,26.6224,26.6224
Ndrg1,29.2677,29.53312,29.30785,29.30785
Mecp2,27.30182,26.86183,26.89574,26.89574
Psmc1,29.03748,29.33486,28.64684,29.03748
Cyb5a,29.57011,29.19053,29.36135,29.36135
Rars,28.30008,28.42045,27.81091,28.30008
Rab3c,27.93843,27.58714,27.76167,27.76167
Ezr,25.73073,25.16599,25.33749,25.33749
Ugp2,27.40916,27.39272,26.89597,27.39272
Acot9,27.8742,27.81446,27.49106,27.81446
Tst,26.28104,26.40539,25.1352,26.28104
Rpl7a,31.2998,31.36729,31.47798,31.36729
Acaca,27.08628,27.02242,26.52564,27.02242
Cacna2d2,25.91422,26.22836,25.89622,25.91422
Gpd1l,28.2957,28.5494,28.01153,28.2957
Epm2aip1,28.64914,28.70794,28.40007,28.64914
Dynll1,31.85367,32.68539,32.22078,32.22078
Pacs1,27.65342,27.37882,27.37576,27.37882
Ppp3cb,28.86874,28.83479,28.17745,28.83479
Gnb5,27.61393,27.7357,27.4342,27.61393
Ndufs5,27.08446,27.06301,26.62324,27.06301
Ctnnd1,26.8125,27.09959,26.42795,26.8125
Adprh,28.71371,28.69876,28.23968,28.69876
Ubqln2,28.32225,28.15137,27.85775,28.15137
Ptk2b,23.35016,23.98485,23.61234,23.61234
Ntm,28.20359,28.32513,27.90093,28.20359
Htt,24.43345,24.42835,24.26735,24.42835
Ndufa6,28.85151,28.71924,28.80563,28.80563
Atcay,28.18187,27.80544,27.69869,27.80544
Upf1,27.82299,27.87602,27.64588,27.82299
Farp1,27.93854,27.90839,27.62694,27.90839
Lrrc7,24.02259,23.90931,23.18021,23.90931
Pdhx,27.85893,27.85721,27.30391,27.85721
Rbm25,27.02253,26.71188,27.01159,27.01159
Pck2,27.44332,27.12119,27.02528,27.12119
Farsa,29.22887,29.56238,28.53827,29.22887
Ilf2,29.47925,29.26979,29.35077,29.35077
Nipsnap3b,29.16686,28.99264,28.39366,28.99264
Hnrnpab,29.81852,29.59827,29.44744,29.59827
Kctd16,26.80391,26.6454,25.99363,26.6454
Aspa,,,17.27276,17.27276
Adk,26.36246,27.06003,26.91216,26.91216
Picalm,27.3407,27.11128,26.55649,27.11128
Slc17a6,23.12674,23.45976,22.02052,23.12674
Me3,26.13022,26.08734,25.27024,26.08734
Btf3l4,28.92465,28.5323,28.39202,28.5323
Sec31a,27.71286,27.79681,27.35926,27.71286
Aldh1b1,28.10804,27.68104,27.44395,27.68104
Clasp1,28.11178,26.8977,27.63097,27.63097
Erp29,28.48949,28.35771,28.30761,28.35771
Clu,26.74663,26.47593,26.37275,26.47593
Itpka,22.18746,22.25254,21.86094,22.18746
Pspc1,28.70005,28.56674,28.20499,28.56674
Acad9,28.10944,27.93966,27.20228,27.93966
Adam22,25.65775,25.73789,25.03251,25.65775
Tars,28.24545,27.98158,27.67445,27.98158
Slc6a17,26.30304,25.46939,24.95947,25.46939
App,27.73725,27.77744,27.2999,27.73725
Dync1i1,27.2957,27.88443,27.09979,27.2957
Bphl,26.93213,26.77693,26.83762,26.83762
Maob,,20.64403,20.0547,20.349365
Rala,30.78402,30.62958,30.67548,30.67548
Nae1,27.72579,28.16949,27.55047,27.72579
Kiaa1045,26.46218,27.02781,26.18162,26.46218
Anxa3,23.66308,24.2548,23.89208,23.89208
Lamb2,21.43354,20.36975,20.5545,20.5545
Vars,28.06204,28.00437,27.67277,28.00437
Iqsec1,25.59132,25.35161,24.93944,25.35161
Syn3,28.16514,28.00812,27.90185,28.00812
Ppib,29.46262,28.5695,29.08664,29.08664
Stam,27.27364,27.04885,26.59634,27.04885
Eea1,24.50045,24.36098,24.5981,24.50045
Gja1,21.34202,20.80286,20.19988,20.80286
Carkd,29.24885,29.10457,28.19573,29.10457
Wdr47,27.95848,28.03769,27.70273,27.95848
Cnksr2,25.56874,25.23885,25.13457,25.23885
Syt7,25.62252,25.61184,25.17489,25.61184
Ptpn11,26.59662,26.67196,26.75837,26.67196
Opcml,29.98046,29.00392,28.82714,29.00392
Fdps,29.29667,29.11523,28.77263,29.11523
Ipo7,28.55881,28.87502,28.33501,28.55881
Arfgef1,25.40289,25.6726,25.09507,25.40289
Gripap1,25.50999,25.29295,25.31986,25.31986
Inpp4a,27.83316,27.81097,27.3789,27.81097
Hnrnpll,29.01025,29.18064,28.94319,29.01025
Dynll2,29.44904,30.08613,29.34657,29.44904
,27.86154,27.88605,27.28348,27.86154
Ykt6,28.92688,28.90236,28.57459,28.90236
Rbbp7,28.93862,28.97087,28.40202,28.93862
Mat2a,28.66156,28.63803,27.92722,28.63803
Ngef,26.65745,27.1044,26.03967,26.65745
Grin2b,24.56924,24.37192,23.58967,24.37192
Gria3,24.09088,23.90912,23.5087,23.90912
Arhgap35,26.9354,26.67949,26.48693,26.67949
Ppp2r5d,28.52186,28.50085,28.09073,28.50085
Dync1li2,27.92524,27.7304,27.21327,27.7304
Rgs7,26.26983,26.16534,25.6678,26.16534
Tnc,21.16423,20.73273,21.09068,21.09068
Hexb,24.67476,23.91944,24.80882,24.67476
Ktn1,25.29981,24.66622,25.07092,25.07092
Hibch,26.35304,26.25609,26.05374,26.25609
Dock9,24.15715,23.99861,23.05165,23.99861
Dpp3,27.17607,27.17855,26.86903,27.17607
Cldn11,,16.12194,,16.12194
Vps13a,23.04717,23.70366,22.79295,23.04717
Ranbp1,30.18648,29.6358,28.56205,29.6358
U2af2,28.93526,29.32328,28.92003,28.93526
Nomo1,27.26006,27.38418,27.16988,27.26006
Dlgap3,21.48581,20.89416,21.47724,21.47724
Stxbp5l,24.16,24.07839,23.55941,24.07839
Rnpep,26.9673,26.72689,26.77392,26.77392
Lphn1,25.24336,25.12605,24.40041,25.12605
Cit,19.86034,20.38416,19.7177,19.86034
Kars,27.57246,27.45709,27.11605,27.45709
Srsf3;Gm12355,30.73594,30.62532,30.30639,30.62532
Sgta,29.37464,29.23576,29.15204,29.23576
Abi1,27.19901,26.98414,26.59021,26.98414
Hagh,27.08375,26.46983,26.23319,26.46983
Tceb2,29.24885,29.52718,29.29483,29.29483
Ndufb11,29.25762,28.94966,28.91963,28.94966
Pnp,26.80673,26.01789,25.11283,26.01789
Prkcsh,27.98506,27.73931,27.52559,27.73931
Alyref,27.5937,27.09758,27.05848,27.09758
Omg,23.01725,22.3905,22.78227,22.78227
Mapk3,28.31575,28.1042,27.94793,28.1042
Psma2,29.37292,29.33882,29.01874,29.33882
Abhd12,27.91599,27.50764,26.9438,27.50764
Aldh18a1,29.57723,29.63796,29.18952,29.57723
Spr,28.88358,28.96251,28.39092,28.88358
Sec14l2,22.04989,22.18873,21.63671,22.04989
Slc9a3r1,25.35803,24.45538,24.6818,24.6818
Gmfb,29.25647,29.38125,28.99024,29.25647
Blvra,26.70925,26.78519,26.96047,26.78519
Ndufb9,29.30719,29.43058,28.5861,29.30719
Gsk3b,29.66019,29.87751,29.27327,29.66019
Src,28.46221,28.39795,27.75066,28.39795
Sfxn1,28.86859,28.64883,28.27195,28.64883
Glrx3,29.72019,29.21069,28.93789,29.21069
Rps4x;Gm15013,30.47063,30.61395,30.33767,30.47063
Dhx15,28.85192,28.81369,28.82802,28.82802
Sfn,28.88934,28.62892,28.61912,28.62892
Adsl,27.42878,27.35136,26.77618,27.35136
Twf1,27.72293,27.38303,27.33782,27.38303
Psmb7,28.83843,28.61063,28.19042,28.61063
Ubxn6,26.65185,26.47502,26.27528,26.47502
Maoa,27.02591,26.86891,27.19667,27.02591
Rps15a,31.19419,31.034,30.90146,31.034
Mpp3,25.30793,25.05424,24.69906,25.05424
Asna1,29.48784,29.26006,29.28348,29.28348
Rps13,30.30334,30.33298,30.30171,30.30334
Rabgap1,27.16768,27.18471,26.86915,27.16768
Apoo,28.08076,27.83521,26.9516,27.83521
Slc8a1,27.66207,27.64155,27.41869,27.64155
Tpr,24.77264,24.25811,24.51515,24.51515
Asns,28.9901,29.09605,28.33858,28.9901
Dgkb,22.80943,22.11127,21.12729,22.11127
Apoa1bp,28.46291,27.97312,28.27137,28.27137
Acsl1,26.87994,26.95038,26.31209,26.87994
Ass1;Gm5424,23.18823,24.53053,21.51951,23.18823
Puf60,27.69438,27.35161,27.04156,27.35161
Copb1,28.01521,28.16058,27.84936,28.01521
Hars,27.30574,26.87912,26.66601,26.87912
Rpl10a,30.62471,30.51662,30.21153,30.51662
Atp2b4,24.22656,24.36413,23.57819,24.22656
Slc32a1,27.9961,28.21618,27.68739,27.9961
Appl1,27.69876,27.74554,27.13673,27.69876
Ivd,28.06984,27.85353,27.71999,27.85353
Atpif1,30.14297,29.34047,29.92635,29.92635
Cops3,28.29614,28.38439,28.00147,28.29614
Snx5,26.00933,26.1716,25.21974,26.00933
Pak2,28.20308,27.82299,27.58355,27.82299
Etfb,29.03779,29.13134,28.77216,29.03779
Rbmxl1,27.91325,27.6762,27.64058,27.6762
Eif5,28.11242,28.03528,27.45497,28.03528
Lphn3,25.91855,25.6416,25.63303,25.6416
Suclg2,26.03444,25.81091,25.52073,25.81091
Tom1l2,27.36536,27.27062,26.43646,27.27062
Nos1,25.2116,25.24659,24.30779,25.2116
Rps10,29.89908,30.11098,29.94098,29.94098
Ephx1,26.42923,25.91251,25.56912,25.91251
Nampt,26.17613,25.67023,26.14579,26.14579
Ide,27.19451,26.91536,26.63076,26.91536
Ntrk2,28.09048,28.0336,27.55742,28.0336
Chordc1,27.72553,28.44873,27.9948,27.9948
Nisch,25.35814,25.30389,24.83812,25.30389
Dmtn,23.6279,23.52157,23.28546,23.52157
Rpl23,30.51822,30.60823,30.3592,30.51822
Akr7a2,28.35216,28.09728,28.01701,28.09728
Rps6ka1,26.13208,25.88323,25.64372,25.88323
Eif4b,25.63309,25.40191,25.37786,25.40191
Pcdh1,26.23608,26.05047,25.41509,26.05047
Ndrg3,28.67929,28.79758,28.18792,28.67929
Atp6v1f,29.75315,29.59845,28.88172,29.59845
Srrt,27.24173,27.37127,27.00806,27.24173
Soga3,27.20135,26.6224,26.09065,26.6224
Git1,27.59726,27.3533,27.23133,27.3533
Nrbp1,28.11872,28.1715,27.86302,28.11872
Hnrnpdl,29.10986,28.94637,28.84984,28.94637
Elavl1,29.98454,29.61295,29.8732,29.8732
Sipa1l1,22.52974,22.67131,22.12098,22.52974
Psma4,29.20469,29.39297,28.842,29.20469
Rpl31,30.40639,30.26908,29.98046,30.26908
Prex1,24.78766,24.78297,24.02724,24.78297
Camkk2,26.12361,26.05318,25.61997,26.05318
Cul5,27.57766,27.47065,27.17274,27.47065
Hspg2,21.79887,21.60128,21.59751,21.60128
Rps7;Gm9493,29.86924,29.86009,29.70174,29.86009
Fuk,28.50915,28.34668,23.24747,28.34668
Syt1,23.83576,23.40302,22.89639,23.40302
Hba-a2;Hba,28.99626,30.1262,29.21422,29.21422
Rims1,24.88022,24.44866,23.90729,24.44866
Sub1,29.53733,29.17281,29.45213,29.45213
Auh,27.38887,27.52582,27.50998,27.50998
Gk,25.35901,25.30689,24.98906,25.30689
Ap1m1,27.78257,27.65322,27.48876,27.65322
Gcn1l1,26.641,26.73905,26.18164,26.641
Psmb3,29.58611,29.68433,29.30147,29.58611
Ranbp2,24.64927,24.66433,24.47457,24.64927
Pdzrn3,25.87603,26.24762,24.43492,25.87603
Pde1b,25.656,25.29221,25.04239,25.29221
Chl1,26.96917,27.05848,26.9345,26.96917
Grm3,24.94024,24.85481,24.96477,24.94024
S100a1,27.06928,26.18777,25.8818,26.18777
Prkaca,28.31233,28.12549,27.76995,28.12549
Gart,27.58585,27.47018,27.19423,27.47018
Gsr,27.74394,27.36545,26.94078,27.36545
Grin1,24.89989,24.70967,24.33313,24.70967
Rnh1,26.41377,26.93416,26.22674,26.41377
Serpinb1a,18.62235,15.3713,18.51526,18.51526
Ndufb4,29.52423,29.79959,29.74079,29.74079
Gm15800,25.89539,26.12349,25.67767,25.89539
Scai,26.51971,26.58964,25.91928,26.51971
Pgp,27.36995,27.60371,26.41914,27.36995
Csrp1,26.34267,25.55101,25.10494,25.55101
Mpi,27.05393,26.91946,26.21924,26.91946
Eif3c,28.18966,28.04411,27.81653,28.04411
Pccb,26.95394,26.86325,26.93719,26.93719
Cep170b,22.82879,22.26788,22.0458,22.26788
Ablim2,23.35984,24.25169,23.56326,23.56326
Nln,28.34291,28.1756,27.8871,28.1756
Iqgap1,24.44544,24.26033,23.80774,24.26033
Uso1,27.36411,27.26347,27.01956,27.26347
Elmo1,25.59511,25.71937,25.36155,25.59511
Etf1,28.47499,28.40454,28.50673,28.47499
Ndufa2,27.71725,27.903,27.79086,27.79086
Sh3gl1,26.59106,26.59149,26.51964,26.59106
Arcn1,27.79141,27.7795,27.57391,27.7795
Ptprs,26.82736,26.53324,26.41503,26.53324
Copg1,27.74143,28.02078,27.42662,27.74143
Acyp1,26.68819,26.39248,26.309,26.39248
Rabep1,26.15516,25.6329,26.03702,26.03702
Coro7,26.27842,26.31166,25.94637,26.27842
Erc1,26.97388,26.73738,26.53234,26.73738
Nudt21,28.07322,28.04098,27.87531,28.04098
Trap1,27.60534,27.64389,27.241,27.60534
Lamc1,21.23333,21.68123,21.62404,21.62404
Nf1,25.65193,25.6317,25.33091,25.6317
Pdcd6,28.05956,27.76275,27.62268,27.76275
Ncs1,28.34477,28.14258,27.14598,28.14258
Rpl12,30.45523,30.57561,30.231,30.45523
Alg2,29.4396,30.01199,29.21009,29.4396
Pitpnm2,25.07985,25.30337,24.76557,25.07985
Rps16,31.02907,30.77541,30.71865,30.77541
Hgs,27.46108,27.44679,27.1546,27.44679
Gbas,27.25196,26.98218,26.84888,26.98218
Actr3b,26.12116,26.87162,25.92388,26.12116
Pitrm1,26.40149,26.47976,26.08533,26.40149
Abi2,26.66628,26.26232,26.41854,26.41854
Rcn2,28.22545,27.97684,27.66418,27.97684
Kcna1,23.58623,23.90821,23.19396,23.58623
Them4,27.54716,27.06569,26.6381,27.06569
Adrbk1,26.86479,26.94089,26.65308,26.86479
Hcn2,20.655,21.4766,20.32861,20.655
Naca,25.81194,25.66696,25.26145,25.66696
Erh,29.87128,29.86372,29.86106,29.86372
Tbca,29.94782,29.10988,28.65427,29.10988
Rogdi,27.18509,27.2129,26.93461,27.18509
Srm,29.75519,29.64969,29.30315,29.64969
Apex1,29.15076,29.40631,29.16663,29.16663
Ppp6r3,27.10029,27.17236,26.34731,27.10029
Prnp,25.60113,26.31945,24.83316,25.60113
Srr,27.33125,27.80993,27.40031,27.40031
Ablim1,24.65578,24.97321,24.81861,24.81861
Ndufb5,28.13506,28.13477,27.97147,28.13477
Ptges2,27.36127,27.41369,26.90024,27.36127
Grhpr,26.45599,26.33076,25.50297,26.33076
Homer3,24.10406,23.44455,23.34584,23.44455
Tmx3,26.83232,26.98685,26.86432,26.86432
Numa1,24.40126,24.0535,24.25731,24.25731
Grpel1,28.41345,27.89163,27.80575,27.89163
Etfdh,26.62171,26.44017,26.10516,26.44017
Rps18;Gm10260,30.66314,30.59815,30.24479,30.59815
Smarcc2,27.22748,26.88239,26.92603,26.92603
Grid2,20.5827,20.77008,19.34197,20.5827
Psmb2,28.73725,28.73505,28.83289,28.73725
Bsg,27.787,27.71057,27.45348,27.71057
Psmb4,29.49817,29.36676,29.10022,29.36676
Grin2a,19.45326,18.57323,18.26788,18.57323
H2afy2,30.59682,30.58504,30.40781,30.58504
Mars,28.46322,28.67526,28.26293,28.46322
Nans,29.28129,29.40682,28.97651,29.28129
Nedd4,28.06948,28.02089,27.69896,28.02089
Acss1,26.44266,25.72533,25.22475,25.72533
Anxa7,26.75379,27.13975,26.44071,26.75379
Pnpo,26.08978,25.96996,25.45547,25.96996
Txnrd1,27.73143,27.80901,27.58405,27.73143
Fis1,28.10704,28.60159,28.08274,28.10704
Sparcl1,24.22737,23.51581,23.47085,23.51581
Dnpep,28.72796,28.67647,27.98761,28.67647
Srsf7,29.92776,29.67669,29.68838,29.68838
Mprip,22.00949,22.37806,22.07917,22.07917
Rps19,29.12758,29.13136,29.02374,29.12758
Osbpl8,27.63381,27.66506,27.55003,27.63381
Prune,28.38397,28.07577,28.04463,28.07577
Serpinb6;Serpinb6a,25.43186,25.66755,25.16844,25.43186
Snx4,27.053,27.01945,26.69631,27.01945
Acsf2,26.09138,25.23874,24.70456,25.23874
Timm10,28.20261,28.22931,27.77543,28.20261
Slc39a10,26.5402,26.6476,26.25021,26.5402
Mthfd1l,27.38171,27.2525,26.88611,27.2525
Phactr1,23.61526,23.8145,23.51605,23.61526
Stk39,26.21397,26.26508,25.27117,26.21397
Rps14,31.64642,31.57849,31.80463,31.64642
Capn5,26.5374,26.92116,26.46225,26.5374
Flnb,24.96921,24.50124,24.10454,24.50124
Abcd3,27.48693,27.37119,26.95438,27.37119
Aimp1,28.0683,27.69152,27.65322,27.69152
Fth1,28.07842,27.68372,27.509,27.68372
Bcas1,19.54552,19.41181,20.19184,19.54552
Ipo9,27.92587,27.85798,27.58613,27.85798
Hibadh,27.94559,27.88629,26.82189,27.88629
Arfgef3,25.03959,25.40211,25.02369,25.03959
Uqcrh,26.27302,24.9327,25.00877,25.00877
Ppp1r1b,27.79699,27.20088,26.59335,27.20088
Gm20441,27.03433,27.12888,26.8023,27.03433
Asap1,24.20479,23.95447,23.57045,23.95447
Uba2,27.96554,28.25498,27.40422,27.96554
Clic4,27.43046,27.19826,27.06579,27.19826
Cyfip1,24.6904,24.76835,24.05457,24.6904
Slc44a1,23.5451,23.51809,22.2383,23.51809
Eps15,22.81192,22.9304,22.47467,22.81192
Gsto1,27.52679,27.64471,27.07887,27.52679
Bcat1,28.38162,28.26504,27.99172,28.26504
Nap1l4,29.19896,29.10622,28.98411,29.10622
Dclk2,27.73499,27.80772,27.5755,27.73499
Map1lc3b,30.50142,30.52897,30.29143,30.50142
Ruvbl1,29.30817,29.19446,29.06407,29.19446
Rbm8a,28.79362,28.02786,28.04547,28.04547
Eif4g3,25.23103,25.38683,25.08323,25.23103
Cacna2d3,25.42454,25.21745,23.96499,25.21745
Tfrc,28.28021,28.22651,28.10355,28.22651
Kbtbd11,25.39103,25.40558,24.3868,25.39103
Prdx4,28.64798,28.61803,28.13785,28.61803
Sh3bgrl,29.27275,29.65251,29.24318,29.27275
Vps45,27.21438,27.08881,26.65554,27.08881
Prpsap2,28.38208,28.37028,27.7415,28.37028
Ptges3,30.10149,30.6837,29.88062,30.10149
Camk2g,28.09331,28.0574,27.73027,28.0574
Rhoa,30.45748,30.63616,30.63409,30.63409
Trove2,27.54473,27.75882,27.85424,27.75882
Nedd4l,27.4247,27.22738,27.05238,27.22738
Rbbp4,28.65479,28.49895,28.08279,28.49895
Ube3a,27.29737,27.76414,27.12317,27.29737
Lgalsl,28.04166,27.86738,26.70359,27.86738
Ppp2r5e,28.83277,28.80101,27.98555,28.80101
Sorbs1,23.32965,23.51893,23.65009,23.51893
Exoc2,27.08649,27.28047,26.91775,27.08649
Arhgap44,23.9722,24.49644,24.11561,24.11561
Cadps2,23.16073,22.77784,22.35703,22.77784
Mcu,28.03606,27.97946,27.32251,27.97946
Ccdc132,26.81763,26.8776,26.3869,26.81763
Scg2,24.98425,24.58228,24.25516,24.58228
Scrn3,22.73544,22.91136,21.51321,22.73544
Cdc42bpb,26.66452,26.67842,26.36075,26.66452
Hdgfrp2,26.79971,26.32816,26.14816,26.32816
Rps6,31.1531,31.12448,30.82449,31.12448
Cars,27.53653,27.26338,27.15557,27.26338
Bclaf1,26.69922,25.94918,25.80831,25.94918
Hmgcs1,29.12861,29.2841,28.95013,29.12861
Crk,28.22669,27.72358,27.60604,27.72358
Safb,26.60767,26.36092,26.45976,26.45976
Ddost,28.79113,29.05992,28.69166,28.79113
Arhgap5,24.63583,24.46114,24.4665,24.4665
Ap3m2,28.11744,28.34189,27.64993,28.11744
Lin7a,27.71614,27.35926,27.8499,27.71614
Capns1,26.97946,26.76142,26.2279,26.76142
Exoc1,26.9968,26.99021,26.67922,26.99021
Tpd52l2,26.56152,26.98294,26.81348,26.81348
Gabbr1,26.66384,26.74894,26.2549,26.66384
Cul2,27.75704,27.93117,27.70431,27.75704
Kif2a,28.69939,29.09622,28.77455,28.77455
Olfm1,23.56221,23.92705,24.04568,23.92705
Chchd6,27.80372,28.053,27.64306,27.80372
Rab5a,28.87871,28.91439,28.43524,28.87871
Lmnb2,26.53364,26.47706,25.95653,26.47706
Dbi,30.50484,30.10999,30.27231,30.27231
Eif3f,29.06723,28.95953,28.68539,28.95953
Hint2,28.09793,27.59953,26.45855,27.59953
Ppfia2,26.2611,26.57436,26.48672,26.48672
Fsd1,28.6552,28.64344,28.26696,28.64344
mt-Co1;Mtco1,28.31601,28.40015,28.45666,28.40015
Ttc7b,24.88916,24.87933,25.51896,24.88916
Ensa,25.23294,24.12471,22.63467,24.12471
Scp2,27.39803,27.50612,27.21558,27.39803
Rasgrf2,24.25176,24.48351,24.2379,24.25176
Pip4k2c,25.70359,25.63851,25.67463,25.67463
Nras,29.11634,28.9643,28.31562,28.9643
Hnrnpf,29.44253,29.51271,29.35531,29.44253
Mccc1,26.08357,27.1519,26.96124,26.96124
Rpl13,30.70099,30.6186,30.42902,30.6186
Acot13,27.94431,27.30295,27.80655,27.80655
Cenpv,29.74913,29.9474,29.2059,29.74913
Pde1a,23.98033,23.04915,23.80882,23.80882
Hsd17b12,29.47267,29.43008,29.2624,29.43008
H2afv;H2afz,31.55215,31.08493,30.8067,31.08493
Gspt1,28.60431,28.58778,28.31536,28.58778
Tpm1,26.61709,25.99772,26.05194,26.05194
Iqsec2,23.60885,23.45839,23.31562,23.45839
Lrrc47,27.81635,27.61477,27.27195,27.61477
Sf3a1,26.54943,25.66622,25.31776,25.66622
Eif2s2,27.95149,27.97574,27.32937,27.95149
Dip2b,26.95903,27.05144,26.51034,26.95903
Vps26a,27.24717,27.3726,26.72715,27.24717
Efr3b,25.53273,25.44518,24.74607,25.44518
Slc25a18,26.94134,26.79117,27.77065,26.94134
Rps11,30.2474,30.47305,30.10162,30.2474
Rapgef4,24.73092,24.84542,24.51334,24.73092
Arl6ip5,28.71732,28.72104,28.29675,28.71732
Sacs,22.82114,23.27654,23.0375,23.0375
Slc6a1,28.2454,28.1882,27.04667,28.1882
Snx3,28.50877,28.09159,27.77518,28.09159
Hip1r,26.06778,25.99912,25.83769,25.99912
Arl3,30.08929,29.87665,29.45317,29.87665
Kpna3,28.98872,28.93559,28.40129,28.93559
Ache,26.68525,22.36335,26.53373,26.53373
Fabp7,31.62662,31.27492,31.03682,31.27492
Arhgap32,23.7063,23.84766,23.40106,23.7063
Nucb1,27.72149,27.22398,27.35422,27.35422
Ccar2,27.02528,27.06969,27.23133,27.06969
Snrnp70,27.99432,27.56318,27.35347,27.56318
Snrk,22.93747,23.57554,23.43161,23.43161
Gltp,22.21318,22.25396,21.36746,22.21318
Gpr158,23.33593,20.0125,19.05051,20.0125
Agap2,25.04748,25.07173,24.66177,25.04748
Tnpo2,28.02855,28.03847,27.54532,28.02855
Tubb6,26.32917,23.66014,25.46292,25.46292
Rras2,28.61824,28.63592,28.81302,28.63592
Pdk2,25.51072,25.25634,24.42924,25.25634
Atp5j,31.08151,30.62645,30.39499,30.62645
Pgls,29.62909,29.60302,29.23633,29.60302
Cryz,26.61695,26.27892,26.60654,26.60654
Ndrg4,28.84428,28.62568,28.56474,28.62568
Sar1a,29.05946,29.0516,28.97517,29.0516
Rrbp1,24.35904,23.61223,22.9945,23.61223
Acadvl,26.81115,26.75723,26.38977,26.75723
Astn1,25.46719,25.13731,24.98898,25.13731
Rhob,29.69315,30.12534,29.49977,29.69315
Eftud2,27.74188,27.77756,27.27071,27.74188
Dlgap2,20.42665,20.74944,16.73542,20.42665
Arfgap1,24.94971,24.80218,24.67098,24.80218
Atad1,27.69744,27.88449,27.55179,27.69744
Nid1,21.13896,21.10303,20.50494,21.10303
Gfm1,26.54075,26.07386,26.24164,26.24164
Emc1,28.13472,27.97607,27.68043,27.97607
Eci1,26.49049,25.99669,25.30247,25.99669
Msra,27.04375,26.61947,26.17604,26.61947
Lama5,19.33787,20.38343,19.75789,19.75789
Ftl1,29.93185,29.73929,29.86582,29.86582
Cald1,22.53146,21.29002,20.69277,21.29002
Gsta4,26.26576,25.53291,25.40545,25.53291
Mpp1,23.9604,23.16153,23.17055,23.17055
Ccdc136,23.3415,23.0466,22.88815,23.0466
Esyt1,23.20029,22.75855,22.031,22.75855
Gng13,,16.61554,,16.61554
Gas7,27.23571,27.07867,26.35153,27.07867
Rps28,30.89302,30.72996,30.4745,30.72996
Arrb1,27.29465,27.15219,26.95271,27.15219
Btbd17,25.55625,25.2314,18.54461,25.2314
Syngr3,28.785,28.91442,28.73612,28.785
Psmd4,29.53834,29.5675,28.76582,29.53834
Acot1,27.46139,27.35674,25.50124,27.35674
Cds2,27.47367,27.49052,27.09738,27.47367
Lamtor1,28.69073,28.73509,28.53653,28.69073
Eif4a3;Gm8994,28.35637,28.66133,28.82948,28.66133
Dnm2,27.17636,26.77744,26.55119,26.77744
Cend1,27.44845,27.99701,27.67007,27.67007
Plxnb2,26.51829,26.50012,26.22558,26.50012
Acot11,21.31484,21.50169,21.08213,21.31484
Ubap2l,25.96873,25.68939,25.77698,25.77698
Rbbp9,28.00496,27.46505,27.45411,27.46505
Map4k4,27.56718,27.62547,27.28551,27.56718
Mpc2,29.21011,29.18419,28.72241,29.18419
Rps5,29.98699,30.43698,29.8826,29.98699
Hp1bp3,29.63462,29.31557,29.56378,29.56378
Txndc5,26.61133,26.21605,26.092,26.21605
Xpnpep1,28.03967,28.12898,27.6107,28.03967
Ptprn2,24.0814,24.05109,23.43936,24.05109
Grm1,21.72263,21.62029,21.00956,21.62029
Mgst3,29.63429,29.93832,29.34251,29.63429
Psmb1,29.11798,29.75251,29.7591,29.75251
Slc25a25,25.28171,25.11227,24.87164,25.11227
Tenm4,24.5764,24.37723,24.02547,24.37723
Ppp1r12a,27.00796,27.14909,26.83087,27.00796
Ephx2,21.68898,21.33979,20.25557,21.33979
Snx27,27.18035,27.37923,27.08598,27.18035
Inpp1,27.13271,26.85186,26.31088,26.85186
Clint1,26.495,25.60218,25.48646,25.60218
Dlgap1,24.8005,24.72546,23.99032,24.72546
Hapln4,22.70003,21.99324,17.5092,21.99324
Me2,25.96195,26.27112,25.61167,25.96195
Spag9,25.6209,25.40607,25.2442,25.40607
Rps25,30.8886,30.64263,30.78097,30.78097
Sae1,28.57423,28.21919,28.11267,28.21919
Psmd14,29.58486,29.3919,29.05809,29.3919
Mcts1,28.73638,29.15776,28.44114,28.73638
Vwa5a,23.86136,24.16346,23.0955,23.86136
Ak5,25.98843,25.8469,24.78611,25.8469
Etl4;Skt,21.84938,22.06444,21.43349,21.84938
Scfd1,26.36505,26.27028,26.24963,26.27028
Qars,26.80501,26.65281,26.48573,26.65281
Prkcd,24.22568,24.81264,23.57704,24.22568
Eif3d,27.97285,28.12544,27.72481,27.97285
Vapb,27.9077,27.84254,27.5634,27.84254
Mtpn,30.68746,30.72809,30.7643,30.72809
Eif3l,27.7483,27.45089,27.44884,27.45089
Tceb1,29.87732,29.68679,29.62975,29.68679
Gpx1,27.70655,27.12001,27.12672,27.12672
Exoc7,27.24735,27.1716,27.21456,27.21456
Eif3j1;Eif3j2,24.73536,25.59181,25.1575,25.1575
Sult4a1,26.95382,27.04687,26.46973,26.95382
Fgf12,25.39071,24.93197,23.47964,24.93197
Sf3a3,26.85174,26.89111,26.68003,26.85174
Ppp1r21,26.82917,26.76332,26.73092,26.76332
Mical3,25.18044,25.26821,24.54156,25.18044
Dusp3,27.1032,27.49343,27.20238,27.20238
Tsfm,28.34929,28.52597,27.96791,28.34929
Ppm1a,26.92976,27.01478,26.72573,26.92976
Txnrd2,26.64361,26.41846,25.36973,26.41846
Icam5,22.32232,21.79388,22.3365,22.32232
Exog,26.98923,27.1992,27.486,27.1992
Tpd52,27.08821,26.76269,26.41971,26.76269
Cbx5,29.91413,29.42486,29.7991,29.7991
Mark2,26.85234,27.04166,25.98596,26.85234
Cyp46a1,26.24204,25.93238,25.35148,25.93238
Psmd7,29.67403,29.61423,28.89519,29.61423
Pmpca,27.13448,27.14822,26.78556,27.13448
Idi1,28.4635,28.40466,27.92937,28.40466
Snx1,27.58169,27.09909,27.53245,27.53245
Tssc1,28.35477,28.15267,27.3262,28.15267
Ppme1,28.16485,28.5226,28.13085,28.16485
Enoph1,26.66153,26.53958,25.27021,26.53958
Bag6,27.36753,27.31544,26.99658,27.31544
Ppp1cb,28.8759,29.23777,28.37571,28.8759
Lingo1,25.45995,25.55215,25.42368,25.45995
Sec23a,27.67034,27.57008,27.37235,27.57008
Nlgn3,26.73156,26.95038,26.04831,26.73156
Afg3l2,26.60795,26.79922,26.73363,26.73363
Igsf8,,,,
Vcpip1,26.22207,26.17379,26.57629,26.22207
Epdr1,26.09471,26.17037,25.74853,26.09471
Cyb5b,30.39591,30.1671,29.99456,30.1671
Eml1,26.70925,26.92037,26.31879,26.70925
Rpl8,30.61456,30.94468,30.02644,30.61456
Fxr1,27.53423,27.26446,26.62868,27.26446
Snrpd2;Gm5449,28.23023,27.98446,27.97147,27.98446
Nadk2,26.60555,26.68779,26.54907,26.60555
Cnot1,26.50992,26.54276,26.22812,26.50992
Inf2,22.16549,22.18891,21.23666,22.16549
Ttll12,28.10034,28.22743,28.03831,28.10034
Aldh9a1,26.01704,25.7436,25.71994,25.7436
Ptpn23,26.0224,25.42541,25.39937,25.42541
Cacnb4,25.19554,25.14005,25.20512,25.19554
Ssbp1,28.7592,28.18966,28.14783,28.18966
Fnbp1,23.05049,22.66594,23.25854,23.05049
Pcsk1n,25.99229,26.00089,25.09092,25.99229
Ociad1,27.88879,27.80236,27.22371,27.80236
Gria1,26.009,26.08815,25.16492,26.009
Gstz1,26.91479,26.65526,25.66411,26.65526
Nlgn2,26.8688,26.9266,26.66614,26.8688
Bcs1l,26.50132,26.8642,26.46203,26.50132
Nptx1,21.43461,21.79412,21.49882,21.49882
Ruvbl2,28.88539,28.74191,28.49903,28.74191
Agrn,26.01986,26.30977,25.59394,26.01986
Diras2,27.37567,27.55691,26.81336,27.37567
Oxsr1,27.50105,27.70589,27.00078,27.50105
Slc38a3,22.50385,24.0899,22.74037,22.74037
Sf3b3,27.76863,27.63381,27.51036,27.63381
Plch2,24.82571,24.32347,23.58003,24.32347
Fam49a,29.60844,29.60588,29.24352,29.60588
Ubqln1,28.15711,28.19648,27.69179,28.15711
Pitpnm1,25.85348,25.68024,25.28757,25.68024
Fech,26.70491,26.34706,26.09444,26.34706
Wdr44,25.76631,25.63356,25.39414,25.63356
Csnk2b,29.90985,30.26383,29.7351,29.90985
Epha4,26.81446,26.14833,25.5934,26.14833
Clpp,28.41909,28.38299,28.00753,28.38299
Acaa1a,27.73195,27.796,27.61295,27.73195
Lcmt1,27.89227,28.05605,27.69205,27.89227
Dazap1,29.82681,30.42912,29.61043,29.82681
Snph,23.21365,23.15589,23.20426,23.20426
Coro1b,27.86449,27.39877,27.20723,27.39877
Pkp4,24.02293,24.00975,23.98815,24.00975
Rps21,29.23706,29.36173,29.42408,29.36173
Slc25a23,25.00526,24.92502,24.91875,24.92502
Map7d2,21.74456,21.93995,21.9502,21.93995
Acadm,27.44229,27.45325,27.1977,27.44229
Mccc2,26.87537,26.78681,26.54095,26.78681
Rabggta,26.43436,26.50685,25.95863,26.43436
,22.92345,22.2105,22.2029,22.2105
Wdr48,26.58449,26.58764,26.43204,26.58449
Tomm34,27.45552,27.37509,27.26069,27.37509
Ptms,29.95809,29.49473,29.98956,29.95809
Sh3kbp1,24.84742,24.51971,24.72083,24.72083
Myl6b,28.07821,27.95931,27.97268,27.97268
Tjp2,22.8027,22.73134,22.45423,22.73134
Isyna1,26.30368,25.95892,25.31046,25.95892
Pde4b,24.85015,24.9317,24.50088,24.85015
Gabrb2,27.2893,27.4415,27.12524,27.2893
Dlgap4,26.36212,26.32053,25.61964,26.32053
Pld3,28.16437,28.08537,27.95449,28.08537
Cope,28.49381,28.58499,28.20695,28.49381
Ndufa11,28.96003,29.17596,28.31993,28.96003
Dhrs1,27.23068,27.47584,27.06538,27.23068
Mllt4,26.17242,26.45122,26.03865,26.17242
Hook3,27.13673,26.63187,26.02929,26.63187
Pdpk1,26.15244,26.25234,25.81367,26.15244
Llgl1,27.0337,26.89897,26.37748,26.89897
Pmm1,27.06497,27.02411,26.80008,27.02411
Ctbp2,27.94609,27.97071,27.69525,27.94609
Tomm40,29.90785,29.84788,28.86853,29.84788
Vta1,28.75478,28.67422,28.51664,28.67422
Prmt5,28.03606,28.128,27.3784,28.03606
Prpf19,29.33085,29.53202,29.33616,29.33616
Nmral1,28.90452,28.70971,28.28357,28.70971
Ppm1g,27.61933,26.94994,27.15132,27.15132
Hebp1,25.6124,25.40344,24.32752,25.40344
Nrd1,26.99151,26.95482,26.51959,26.95482
Ecm29;AI314180,26.71411,26.71004,26.13604,26.71004
Cntn2,25.04439,24.72442,24.69779,24.72442
Arhgap26,25.00659,25.30034,24.74796,25.00659
Cplx1,28.40373,28.27453,26.6432,28.27453
Erp44,27.90225,28.0019,27.25566,27.90225
Ralgapa1,25.18401,25.13222,25.06472,25.13222
Hist1h1b,30.70989,30.23375,30.18494,30.23375
Larp1,25.16273,24.2887,23.76172,24.2887
Trim3,27.96648,28.10009,27.85198,27.96648
Gnl1,27.04895,27.37741,26.94503,27.04895
Hdac2,28.62188,28.39893,28.21044,28.39893
Eif5b,26.63312,26.6637,26.26941,26.63312
Pfas,25.9476,25.71586,25.58092,25.71586
Coro1c,29.72626,29.6029,29.14217,29.6029
Pip4k2a,26.13577,26.0704,25.38509,26.0704
Tnpo3,26.5734,26.54554,26.21982,26.54554
Pcyt2,27.05683,27.00646,26.65363,27.00646
Cat,28.24549,28.18504,28.12785,28.18504
Gon4l,17.40333,21.28895,21.35078,21.28895
Tcp11l1,27.09285,26.96124,26.5717,26.96124
Mtch1,28.36236,28.45337,27.93854,28.36236
Prrt2,27.83262,27.08172,26.95027,27.08172
Bcr,26.26397,26.09607,25.83783,26.09607
Cd9,23.2781,25.84151,15.81153,23.2781
Clmn,21.84816,21.898,22.21241,21.898
Tenm2,26.43651,26.17984,25.87755,26.17984
Pdap1,28.56023,28.19737,28.20862,28.20862
Rps20,30.03249,30.172,30.12509,30.12509
Tnks1bp1,22.62865,23.95748,22.21071,22.62865
Itgav,24.72848,23.91907,23.76446,23.91907
Nptxr,23.00684,22.76626,22.56848,22.76626
Psmd5,27.3746,27.24427,26.71686,27.24427
Rabl6,25.43161,25.21738,24.86745,25.21738
Fbxo41,25.97014,26.60922,25.6011,25.97014
Mfn2,26.61905,26.4355,25.82644,26.4355
,23.6221,23.55649,23.50142,23.55649
Cpne5,24.97123,24.71487,24.36373,24.71487
Hist3h2bb;Hist3h2ba,29.6349,28.99167,29.00319,29.00319
Plcl1,24.39362,24.62361,24.06915,24.39362
Brsk1,26.38299,26.37836,26.11295,26.37836
Mut,26.38561,26.41566,26.12847,26.38561
Uba6,26.60823,26.6454,26.02739,26.60823
Cdc42ep4,24.99675,24.47822,24.81069,24.81069
Cdc42bpa,25.30445,24.9697,24.56825,24.9697
Exoc5,26.73815,27.0276,26.90724,26.90724
Rab3gap1,25.4222,25.65524,25.10161,25.4222
Wdfy3,25.1817,25.00217,24.85105,25.00217
Cstb,29.34372,28.73121,28.94899,28.94899
Ndufs7,28.30186,27.57167,27.45576,27.57167
Ckap4,28.77769,28.57996,28.51175,28.57996
Stx12,28.6978,28.32753,28.53764,28.53764
Nop56,28.57091,28.72855,28.42886,28.57091
Ccdc6,26.504,25.92454,25.73753,25.92454
Nme1,27.97126,28.10794,27.238,27.97126
Chmp4b,27.98093,27.84583,27.87408,27.87408
Slc2a3,27.35917,26.87807,26.96862,26.96862
Cul1,26.95782,26.77643,26.33906,26.77643
Specc1,22.3,22.65783,21.92049,22.3
Uba5,28.24934,28.78425,27.79668,28.24934
Slc27a4,27.20807,27.37973,26.65281,27.20807
Akr1b10,25.38156,27.06054,24.92329,25.38156
Glg1,26.4702,26.71686,26.26576,26.4702
Mapk8ip3,26.85234,26.48213,26.32649,26.48213
Dag1,25.1663,24.95096,24.81392,24.95096
Rpl19,30.11731,30.32956,30.835,30.32956
Ap1g1,27.22545,27.37708,26.6133,27.22545
Tprg1l;Tprgl,25.27206,24.93026,24.63788,24.93026
Usp24,25.97064,25.86382,24.95877,25.86382
Bcl2l13,26.34227,26.0618,26.00159,26.0618
Srsf2,30.02314,29.8904,29.95019,29.95019
Pacsin2,24.82138,24.50658,23.53148,24.50658
Camsap2,24.9968,24.80543,24.62689,24.80543
Osbpl2,27.11267,26.99938,26.3604,26.99938
Plxna1,26.97924,27.27719,26.94123,26.97924
Naa15,27.01563,27.09567,26.80304,27.01563
Map2k2,27.02105,27.21623,27.01903,27.02105
Usp47,26.20423,25.98246,25.83461,25.98246
Rap1gap2,24.24902,24.54928,24.30543,24.30543
Actr10,27.52163,28.05186,27.51991,27.52163
Gga3,25.62391,25.22255,25.13053,25.22255
Ogdh,24.15491,22.96983,21.17944,22.96983
Bag5,26.08703,26.06827,25.66365,26.06827
Epb41,25.77455,25.72874,25.49531,25.72874
Cdc5l,26.49587,25.96682,25.97356,25.97356
Rpl11;Gm10036,29.82112,30.13834,29.84125,29.84125
Fxyd6,30.21755,30.0922,30.12078,30.12078
Tmx4,28.96516,28.80511,28.66794,28.80511
Pds5b,26.35037,26.03,25.98767,26.03
Fyn,27.89064,27.90931,27.22876,27.89064
Cacna1a,18.85675,19.60074,19.91644,19.60074
Klc2,27.33943,27.11833,26.7291,27.11833
Trim9,24.24249,24.86387,24.00864,24.24249
Dock3,25.9814,25.99753,25.73286,25.9814
Cul4b,25.56599,25.67082,25.21007,25.56599
Pfdn5,26.36103,28.36035,26.71607,26.71607
Flii,25.88213,25.9718,25.58397,25.88213
Sec24c,26.81665,27.03276,26.57039,26.81665
Rnmt,28.0748,28.01153,28.04718,28.04718
Agap3,28.28776,28.20686,27.90805,28.20686
Pnn,26.90081,26.88972,27.01755,26.90081
Fmnl1,22.06431,21.79182,21.42854,21.79182
Selenbp1,23.87652,23.30048,22.52612,23.30048
Lrrc59,29.42192,29.17217,28.68341,29.17217
Chd4,26.59861,26.369,25.95786,26.369
Eif2s3x,29.0143,29.21801,28.70444,29.0143
Endod1,26.15761,25.63749,25.17341,25.63749
Cox7a2,28.78226,29.1518,28.37716,28.78226
Edc4,26.91878,27.24645,26.80649,26.91878
Wnk1,23.58383,24.10005,23.41777,23.58383
Sec23ip,27.00207,26.60074,26.80181,26.80181
Snx6,27.13555,27.12001,26.66763,27.12001
Ptgds,21.5346,21.38522,,21.45991
Sccpdh,27.13868,27.34232,26.334,27.13868
Katnb1,24.85005,25.20056,25.0599,25.0599
Celf2,29.56584,29.80531,29.55662,29.56584
Tmx2,26.15455,26.35683,25.42053,26.15455
Cst3,24.68233,25.20646,24.50537,24.68233
Ndufa7,27.76427,27.98267,28.15465,27.98267
Stim1,24.27718,24.03154,24.55585,24.27718
Nutf2,29.60964,29.85204,28.96455,29.60964
Nit2,27.62087,27.53979,27.56034,27.56034
Pabpc4;Gm10110,26.96961,26.67155,26.9007,26.9007
Sh3bgrl3,29.35323,29.34591,28.88556,29.34591
Ergic1,28.43821,28.53323,29.03845,28.53323
Usp15,26.55306,26.28221,26.02011,26.28221
Sart1,26.49054,23.6841,23.29572,23.6841
Wbp2,27.38772,27.35876,27.51683,27.38772
Rpl27a,30.68495,30.61123,30.46597,30.61123
Dnajc11,27.09114,27.19761,26.34902,27.09114
Adam23,24.66498,24.62595,23.35124,24.62595
Uba3,26.95172,27.28516,26.7103,26.95172
Timm8a1,27.35674,28.27555,25.71607,27.35674
Cltb,24.26119,25.0109,23.14691,24.26119
Fam21,24.3345,22.30276,22.88618,22.88618
FAM120A,25.1806,25.02107,24.57311,25.02107
Dnajc3,25.30424,23.98242,24.51677,24.51677
Mff,27.02918,27.03139,26.12788,27.02918
Sec13,28.39243,28.50711,27.8846,28.39243
Gng2,26.16521,28.84658,26.52855,26.52855
Taok1,26.7183,26.40157,26.19257,26.40157
Kif3b,26.47859,26.80796,26.33661,26.47859
Epn2,24.02631,23.67325,23.84527,23.84527
Gclc,25.7965,25.58081,24.96552,25.58081
Echdc1,25.05714,24.64998,24.09168,24.64998
Mvp,23.60705,21.1893,21.59682,21.59682
Eif3h,27.07908,26.93899,26.61569,26.93899
Rpl24,30.25856,30.48501,30.07814,30.25856
Cirbp,27.54635,26.85828,27.02009,27.02009
Trim32,26.45197,27.15393,26.42265,26.45197
Vamp1,24.85339,25.70388,23.80912,24.85339
Rasgrf1,21.58582,21.60711,21.17493,21.58582
Ncaph,26.05171,21.32954,23.83355,23.83355
Hmgn5,24.09989,23.51917,23.13402,23.51917
Cspg5,26.1764,25.63204,25.47076,25.63204
Brsk2,25.72005,25.60221,25.6205,25.6205
Bckdha,27.11575,26.55716,26.72624,26.72624
Acox1,27.81072,27.85686,27.71037,27.81072
Nploc4,26.73092,26.90035,26.39189,26.73092
Smap;1110004F10Rik,27.78319,27.0802,27.27444,27.27444
Strn3,26.58434,26.98794,26.98566,26.98566
Vwa8,23.65458,25.30838,23.65785,23.65785
Mtap,26.60315,26.14392,25.36776,26.14392
Rab3gap2,25.42928,25.4075,24.75236,25.4075
Atg3,27.41191,27.09567,26.93044,27.09567
Cadm4,26.9546,26.85698,26.95571,26.9546
Fermt2,26.09148,25.66774,25.2484,25.66774
Rbm39,28.2062,28.31225,27.87168,28.2062
Smc1a,25.91388,25.60981,25.27459,25.60981
Psme1,28.68552,28.26092,28.40819,28.40819
Znf207;Zfp207,25.98553,25.10366,25.63193,25.63193
Fmnl2,26.72975,26.52419,26.27821,26.52419
Arf6,29.02438,29.16339,28.41728,29.02438
G3bp1,28.33573,28.26575,28.07301,28.26575
Kras,28.78263,28.65884,28.53967,28.65884
Rbm3,27.60378,27.37476,27.66628,27.60378
Serpinh1,28.05719,27.46045,27.04822,27.46045
Ndufb7,28.72468,28.71316,28.43197,28.71316
Grm5,24.48019,24.3394,23.99706,24.3394
Tsg101,27.6764,27.30217,27.13634,27.30217
Sh3gl3,24.07202,24.25997,24.32224,24.25997
Caprin1,27.70695,27.30287,27.33577,27.33577
Snta1,23.79035,23.67282,23.12147,23.67282
Rmdn3,26.16139,25.8463,25.72853,25.8463
Psmb6,28.92411,29.16133,28.43396,28.92411
Ralgapb,26.65513,25.45438,26.2903,26.2903
Kcnma1,23.35864,23.48579,22.34803,23.35864
Gabbr2,24.31513,24.53118,24.02808,24.31513
Syap1,24.34415,25.02973,24.99843,24.99843
Rhog,26.5278,23.43733,23.16046,23.43733
Magi2,23.42752,24.24278,23.50082,23.50082
Rpl30,30.57037,31.42882,30.64272,30.64272
Ddah2,29.97076,29.88298,29.80395,29.88298
Atp6ap1,27.78025,27.58871,28.12001,27.78025
Eif3i,28.02892,28.00833,27.8438,28.00833
Phpt1,28.56009,28.35683,28.08628,28.35683
Alad,27.84308,27.6013,27.55837,27.6013
Dock4,23.819,23.81294,23.58463,23.81294
Camk1d,26.37809,26.83726,26.94235,26.83726
1700037H04Rik,26.6071,26.1331,25.63677,26.1331
Gnpda1,25.97007,25.70567,24.94806,25.70567
Eif4g2,27.14773,27.12238,26.7497,27.12238
Ptrf,20.56542,20.19629,,20.380855
Irgq,27.80778,27.79786,27.42093,27.79786
Riok1,21.18229,21.59682,21.86827,21.59682
Sri,25.99987,26.05459,26.51612,26.05459
Fahd1,26.86231,26.92252,26.17104,26.86231
Cops6,28.78971,28.95119,28.19136,28.78971
Fry,23.9805,24.20165,23.4491,23.9805
Slc25a13,26.50945,25.80112,25.79476,25.80112
Usp4,26.19957,26.30112,25.8326,26.19957
Rpl13a,30.59424,30.82388,30.37679,30.59424
Nebl,24.7751,24.40633,24.70846,24.70846
Tsnax,28.13462,27.73905,27.09003,27.73905
Tuba8,19.25038,19.17119,13.87267,19.17119
Aldh3a2,27.49732,27.41917,26.93168,27.41917
Smc3,26.2432,25.75251,25.79546,25.79546
Padi2,21.96575,22.64293,19.5594,21.96575
Kbp;2510003E04Rik,26.7585,27.02665,26.39316,26.7585
Gpsm1,28.13663,28.15687,27.4708,28.13663
Gak,25.44834,25.82936,25.15341,25.44834
Pepd,26.87115,26.45819,26.07441,26.45819
Adss,28.21336,27.98142,27.87391,27.98142
Ikbkap,26.47857,26.72442,26.60442,26.60442
Mrps23,27.38055,27.68097,27.61632,27.61632
Plbd2,25.23371,26.05548,25.2996,25.2996
Shmt2,29.38679,29.30639,29.01073,29.30639
Gapvd1,26.87455,27.24916,26.56931,26.87455
Birc6,25.10518,25.1312,24.87441,25.10518
Tcerg1,26.54797,26.0843,26.27453,26.27453
Sf1,26.81336,26.44971,26.10372,26.44971
Krt82,22.93079,21.31058,23.33347,22.93079
Mia3,24.8243,24.28249,24.40594,24.40594
Armc6,28.33884,28.50964,28.06034,28.33884
Pfdn6,25.72845,27.87824,26.84685,26.84685
Thnsl1,25.47113,25.51506,24.95722,25.47113
Pdcd5,27.47437,28.04171,27.48715,27.48715
Tbc1d10b,26.53958,26.47857,26.3441,26.47857
Psmd8,28.79579,28.46513,28.14331,28.46513
Cttnbp2,25.13363,24.75246,24.34618,24.75246
Ube2m,28.56678,28.57661,28.32757,28.56678
Eml2,24.4771,24.60008,23.87267,24.4771
Ctnna1,25.83142,26.19686,25.72775,25.83142
Vps4a,26.97257,27.18679,26.44708,26.97257
Apmap,27.1794,26.89389,26.7474,26.89389
Decr1,24.62494,24.9729,24.86036,24.86036
Plcg1,26.91331,26.9292,26.34198,26.91331
Smap1,28.4088,28.1049,27.90455,28.1049
Fahd2,26.56451,26.56523,26.21908,26.56451
Rab5b,28.52973,28.78338,28.00523,28.52973
Asap2,25.9175,25.96179,25.56564,25.9175
Wnk2,24.04252,24.0597,24.13289,24.0597
Slc25a1,28.51638,28.37065,27.68137,28.37065
Hist1h1d,30.41034,29.65038,30.10762,30.10762
Scamp1,27.84912,27.62003,27.41119,27.62003
Syt12,21.63245,20.70481,19.83297,20.70481
Eif4e,28.66139,28.6982,28.52578,28.66139
Golgb1,22.25796,21.27668,23.23225,22.25796
Rangap1,26.96411,27.58721,27.25737,27.25737
Mtdh,26.2878,26.47472,26.48613,26.47472
Eif3g,27.07979,26.95172,27.02094,27.02094
Ahi1,23.29614,23.34082,23.42675,23.34082
Atp6v0c,32.46351,32.0898,32.57269,32.46351
Bola2,29.08078,29.45191,28.6698,29.08078
Dnajc13,26.02732,25.94304,25.18824,25.94304
Atp2a3,20.90536,21.00182,,20.95359
Kif3a,27.24036,27.20032,26.92739,27.20032
Gnpda2,25.26757,25.13242,25.21945,25.21945
Nrgn,24.96622,24.01171,24.14717,24.14717
Sh3bgrl2,26.12469,26.58291,25.36202,26.12469
Prkar1b,25.94902,25.94889,25.69535,25.94889
Nup98,25.13938,24.9558,24.90504,24.9558
Sema7a,23.86778,23.57265,22.58758,23.57265
Cmas,28.18792,27.96163,27.97935,27.97935
Api5,27.04135,26.93719,26.49169,26.93719
Acss2,25.02196,24.9839,25.04026,25.02196
Dctn4,28.01239,28.24866,27.61323,28.01239
Atox1,28.82636,28.97804,28.38607,28.82636
Tmed10,29.75159,29.75047,29.53358,29.75047
Snrpf,28.90575,29.23603,28.92238,28.92238
Rab21,27.30051,27.56435,27.65915,27.56435
Arhgap21,23.50918,23.30675,23.12052,23.30675
Mapt,21.89067,21.89697,21.77088,21.89067
Coasy,27.65274,27.31095,26.90219,27.31095
Vps16,26.84733,26.80255,26.58133,26.80255
Trappc8,25.36212,25.44177,25.05138,25.36212
Tomm22,27.94509,29.33739,27.61512,27.94509
Tanc2,24.66237,24.72843,24.12534,24.66237
Msmo1,28.48865,28.55859,28.28277,28.48865
Hip1,26.25113,26.2668,25.80139,26.25113
Prodh,21.85704,21.09204,21.13777,21.13777
Nck2,25.74376,26.35181,26.21056,26.21056
Gpr37l1,,,18.10518,18.10518
Nova2,28.41006,28.6729,28.56863,28.56863
Hepacam,22.05752,22.48966,20.99182,22.05752
Eri3,27.53882,28.11322,27.29123,27.53882
Ppm1e,27.26874,27.43825,27.1898,27.26874
Ogfod1,21.81671,21.70252,22.01944,21.81671
Rpl27,31.21135,31.09723,30.71579,31.09723
Prosc,27.22085,27.30374,27.29973,27.29973
Abcf2,26.68579,26.49456,26.51327,26.51327
Mobp,,,,
Cryl1,23.18485,22.21012,22.52901,22.52901
Htatsf1,26.68151,26.1557,25.98694,26.1557
Synrg,23.45701,23.3656,23.1534,23.3656
Plcl2,25.89169,25.96805,25.59722,25.89169
Abce1,27.41208,27.49579,27.37044,27.41208
Aacs,27.67378,27.8546,27.16413,27.67378
Gucy1a2,24.35743,24.45494,23.5932,24.35743
Pitpnb,27.93038,27.33977,26.96565,27.33977
Srp72,28.32371,28.24486,27.11991,28.24486
Drg2,27.75735,27.88034,27.44016,27.75735
Plaa,27.2699,27.21521,27.06836,27.21521
Cdv3,25.32151,24.98659,25.70155,25.32151
Rps17,30.61877,30.95227,30.5037,30.61877
Trappc10,24.90885,24.95514,24.23367,24.90885
Nfasc,23.77122,23.46688,23.39702,23.46688
Ehd4,23.31091,25.4924,23.55039,23.55039
Nucks1,27.65116,26.22358,26.85079,26.85079
Vps33b,26.53044,26.52837,26.31067,26.52837
Elmo2,26.24362,26.0008,25.64537,26.0008
,27.60788,27.39869,27.1849,27.39869
Gm996,20.56523,21.15307,20.82306,20.82306
Brk1,23.02366,28.48896,23.28757,23.28757
Rab31,28.10144,28.59452,27.61077,28.10144
Cyb5r1,27.68144,27.48401,26.95338,27.48401
Ylpm1,23.48259,23.86495,23.01156,23.48259
Oscp1,25.78047,25.14771,25.07227,25.14771
Ccdc88a,25.72866,25.36236,25.34076,25.36236
Dis3l2,25.61986,25.88535,25.12892,25.61986
Impact,27.54112,27.31354,27.13252,27.31354
,23.82172,23.90104,23.86202,23.86202
Parp1,26.93888,26.63284,26.68565,26.68565
Utrn,21.10604,20.92303,20.42275,20.92303
Clic1,26.96411,26.63506,25.96974,26.63506
Anxa11,23.45601,24.05598,22.59842,23.45601
Tra2b,29.3935,29.5026,29.03732,29.3935
Sec24b,26.9752,27.14957,26.58449,26.9752
Rbp1,28.47537,27.61379,27.7431,27.7431
Ppp1cc,27.08578,27.18149,27.16241,27.16241
Vipas39,25.68429,25.66736,25.37255,25.66736
Ndufb3,28.86862,28.84521,28.70041,28.84521
Setd3,25.91278,26.10901,25.5118,25.91278
Stxbp5,26.11971,26.29976,25.93652,26.11971
Lactb,25.56555,25.9844,25.49491,25.56555
Vps52,26.90965,26.78444,26.61625,26.78444
Chn2,24.97544,24.95544,24.89449,24.95544
Pitpnc1,25.54424,25.96957,25.32591,25.54424
Cd200,30.16674,30.20081,29.55943,30.16674
Fkbp2,27.56877,27.50105,25.8998,27.50105
Vac14,26.59363,26.77819,26.23312,26.59363
Rpl35a,30.41377,30.30802,30.31268,30.31268
Rpl10;Rpl10l,30.99395,31.12762,30.74927,30.99395
Mtmr7,25.78094,25.97253,25.37971,25.78094
Gpx4,26.90541,27.4708,26.94179,26.94179
Dnm1l,22.44377,21.59291,21.63325,21.63325
Osbpl6,24.57121,24.80553,24.48757,24.57121
Pdxdc1,25.7476,25.93744,25.3688,25.7476
Stk32c,26.2522,25.72377,25.19408,25.72377
Srp54,27.34172,27.38558,26.75532,27.34172
Lama2,18.95421,18.37058,20.17353,18.95421
Rab3b,26.4495,26.02846,25.92207,26.02846
Hdgfrp3,28.79039,28.29347,27.82869,28.29347
Tfam,27.00496,26.8783,26.70899,26.8783
Lmtk3,24.86089,24.39643,24.5405,24.5405
Ncln,27.88908,27.9034,27.83617,27.88908
Sugp2,26.19753,26.65935,25.9362,26.19753
Hsdl1,28.33368,28.49888,28.51631,28.49888
Ube2i,28.81225,29.77448,29.65492,29.65492
Itm2c,26.91969,26.64141,26.30899,26.64141
Sdr39u1,24.97408,24.3887,24.69339,24.69339
Lgi3,18.1749,18.75773,18.69422,18.69422
Tom1,24.23666,24.70972,23.28701,24.23666
Bai1,24.63915,23.82445,21.85821,23.82445
Capn1,23.0653,22.85633,23.63034,23.0653
Ptk2,25.15804,25.74011,25.37322,25.37322
Rasa1,26.6088,26.45312,26.26308,26.45312
Fam177a1,24.6006,23.82929,23.75471,23.82929
Nmt1,27.15885,27.1025,26.752,27.1025
Apeh,26.00949,26.23087,26.02907,26.02907
Ciao1,26.48613,26.5705,26.52876,26.52876
Apbb1,25.65373,25.834,25.34979,25.65373
Cyld,25.31824,22.65622,22.73016,22.73016
Camk1,27.05538,27.11942,26.76294,27.05538
Apc,24.4698,24.60942,24.64477,24.60942
Dock1,21.15388,21.02905,21.6601,21.15388
Arpp19,26.0046,20.68115,24.89703,24.89703
Brinp1,24.23345,23.03852,22.68378,23.03852
Arhgef9,23.92615,23.45098,24.40093,23.92615
Dnajb1,27.92841,27.00892,26.6432,27.00892
Tmem11,28.11857,28.11719,27.7082,28.11719
Cops8,28.40337,28.36732,28.29868,28.36732
Rnf14,28.61277,27.22343,27.04093,27.22343
Ak2,27.90248,27.95405,26.74201,27.90248
Rnf214,26.37758,26.48482,26.04777,26.37758
Nid2,19.02497,19.35357,18.53632,19.02497
Rpl21,30.53083,30.75478,30.43788,30.53083
Mlec,27.94799,28.14734,26.95294,27.94799
Tecr,28.43928,27.95077,27.93764,27.95077
Adcy9,22.70843,21.87856,21.73277,21.87856
Ahcyl2,24.8674,25.38696,24.86235,24.8674
Fuom,21.87391,23.15586,22.10447,22.10447
Lamtor3,28.86068,28.68529,28.30969,28.68529
Crbn,24.93121,25.33477,24.75822,24.93121
Rpl26,30.32367,30.16639,30.03852,30.16639
Hsdl2,24.61414,24.00247,23.92967,24.00247
Hectd1,24.66438,24.73205,24.25811,24.66438
Plxnb1,24.08489,23.87895,23.22105,23.87895
Cad,26.75455,26.68177,26.91411,26.75455
Arfgef2,24.01197,23.95695,23.24699,23.95695
Trappc4,26.94637,26.94927,26.62115,26.94637
Mast1,25.39976,25.27767,24.67901,25.27767
Gtpbp1,27.32526,27.53341,27.08071,27.32526
Pgam5,27.76913,27.9457,27.66479,27.76913
Cetn2,26.02642,23.96393,24.99714,24.99714
Ddx23,26.24062,26.22821,26.24701,26.24062
Hn1,27.70015,27.6071,27.16519,27.6071
Dgkg,22.56697,21.8101,22.514,22.514
Gtf2i,26.25018,26.44523,26.3767,26.3767
Srpk2,26.22968,26.13692,25.65201,26.13692
Tpm1,26.15254,26.01765,24.71811,26.01765
Tbc1d24,27.8597,28.30326,27.54922,27.8597
Ppm1f,25.33698,24.80971,24.79561,24.80971
Pcyox1l,27.59719,27.60682,27.07429,27.59719
Stk24,26.34138,26.33603,26.53395,26.34138
Umps,26.49866,26.73583,26.25232,26.49866
Dab2ip,24.74817,25.02196,24.76749,24.76749
Sgtb,26.58835,26.83038,25.51093,26.58835
Fnta,25.90557,25.75259,26.31562,25.90557
Mtfp1,24.7225,25.90727,24.14048,24.7225
Ptpra,25.74471,25.33269,24.69748,25.33269
Lxn,28.32139,27.84194,27.1052,27.84194
Tnik,25.41764,25.38354,25.22953,25.38354
Fam126b,23.48062,23.66709,23.33674,23.48062
Sorl1,22.18238,22.48628,21.85848,22.18238
Daam1,26.03261,25.9449,25.36416,25.9449
Gcc2,22.81742,26.30269,21.67569,22.81742
Pef1,27.16643,27.12879,26.25861,27.12879
Map1s,27.28842,27.2116,26.92626,27.2116
Lrrc57,26.34474,26.41592,25.5721,26.34474
Vps53,26.39324,26.53179,26.0475,26.39324
Abcb7,26.67344,26.53594,25.96144,26.53594
Pdp1,26.45111,26.2078,26.10302,26.2078
Txn2,27.04489,26.06694,25.96926,26.06694
Ufm1,29.36277,29.04659,28.84077,29.04659
Lman2,27.30138,27.33185,26.76951,27.30138
Magi1,24.57854,24.53765,24.30758,24.53765
Itfg1,27.75532,28.18509,27.47057,27.75532
Agpat3,26.8114,26.96939,26.64774,26.8114
Snx12,27.5852,27.89753,27.88588,27.88588
Copz1,28.5974,28.63834,27.90144,28.5974
Sort1,24.97845,24.65971,24.7239,24.7239
Acadsb,28.56536,28.70859,28.1694,28.56536
Fbxl16,25.74545,26.0227,25.67887,25.74545
Fam169a,25.28894,25.05159,24.65141,25.05159
Abcb1a,19.9082,20.4913,21.13715,20.4913
Dgkz,24.43517,24.23703,23.96508,24.23703
Lsm2,28.23183,28.02348,27.88268,28.02348
Snap29,26.94268,26.39953,25.95411,26.39953
Fah,21.79982,22.67556,22.03466,22.03466
Eci2,27.05321,26.66601,26.7604,26.7604
Rimbp2,23.11267,21.92713,22.27014,22.27014
Rab8a,27.56282,27.40617,26.84086,27.40617
Rab15,24.0411,24.39715,23.93346,24.0411
Nfs1,26.83882,26.54784,26.22372,26.54784
Map7d1,24.75062,24.735,25.06246,24.75062
Rpl14,31.37083,31.35195,30.93769,31.35195
Golga3,24.85747,24.95234,24.65758,24.85747
Ndufaf4,27.58764,25.74065,25.59061,25.74065
Ciapin1,27.08314,26.9069,26.31491,26.9069
Sgsm1,23.60513,23.23804,22.92532,23.23804
Gaa,26.47692,26.32249,25.62324,26.32249
Stt3a,27.24463,27.04156,27.09396,27.09396
Cygb,24.66031,24.47896,23.41209,24.47896
Kiaa0196,25.20903,25.38926,24.97303,25.20903
Uchl5,27.06054,27.05548,26.46346,27.05548
Hcfc1,25.6036,25.73934,25.41613,25.6036
Pick1,26.04887,26.15933,25.61327,26.04887
Coq9,27.58556,27.07449,26.92445,27.07449
Tfg,27.51028,27.41538,27.14783,27.41538
Chp1,27.01744,26.72195,27.27968,27.01744
Ddt,26.60724,26.32473,26.18391,26.32473
Dnajb4,26.62324,26.32447,26.03301,26.32447
Snrpd3,30.63919,30.40629,30.26718,30.40629
Lgals1,26.63478,27.17997,26.24425,26.63478
Ddx19a,27.35901,27.38294,27.07796,27.35901
Ppt1,27.19385,27.20341,26.59064,27.19385
Sos1,24.57051,24.2446,24.9589,24.57051
Neo1,26.65363,26.4595,26.5145,26.5145
Tecpr1,25.09269,25.46205,24.79595,25.09269
Stoml2,27.84464,27.87842,27.56602,27.84464
Kpna6,26.54187,27.06157,26.68859,26.68859
Rps27l,30.47904,30.64719,30.39407,30.47904
Rab11fip5,24.57433,25.00984,25.10522,25.00984
Qki,26.59178,26.27617,24.96274,26.27617
Ube2k,27.63623,28.10525,27.60067,27.63623
Necab1,25.84766,25.8333,25.54972,25.8333
Rps6ka2,23.63334,23.38047,22.81237,23.38047
Cmpk2,25.26012,25.71942,24.91045,25.26012
Arl8b,27.8387,27.98452,27.75691,27.8387
Rab39b,27.3692,27.34976,26.91559,27.34976
Ampd2,25.09414,25.06233,24.93715,25.06233
Atg7,25.61902,25.67266,25.46771,25.61902
Necab2,24.59889,23.83865,23.42944,23.83865
Dbi,25.20445,,24.97946,25.091955
Ccar1,26.53902,26.47622,26.34888,26.47622
Atrx,26.16269,26.23708,25.91639,26.16269
Vcam1,21.19274,20.98148,18.9691,20.98148
Atg2b,23.94387,23.83297,23.66427,23.83297
RtcA,27.76091,27.88873,27.39133,27.76091
Ube3c,26.57467,26.13258,25.87427,26.13258
Fam162a,27.72949,27.50915,27.44261,27.50915
Mesdc2,27.99389,27.45442,27.09013,27.45442
Mrps9,26.82092,26.60116,26.39315,26.60116
Pycr2,28.25232,28.62582,28.14637,28.25232
Ehbp1,24.67514,24.63799,24.70187,24.67514
Wdr26,25.96104,26.37191,25.91614,25.96104
2015-03-02 00:00:00,25.45551,25.19246,24.66644,25.19246
Stmn2,28.78054,27.93292,28.93764,28.78054
Ero1l,25.58918,25.48475,25.22861,25.48475
Mcf2l,24.45017,24.31652,23.79778,24.31652
Acsf3,25.47618,25.05519,24.45387,25.05519
Atl3,25.23158,24.76248,25.04897,25.04897
Arhgap23,24.37577,24.27689,23.95527,24.27689
Dctn3,27.21327,28.22959,27.25773,27.25773
Slc16a1,24.97211,24.02124,24.06571,24.06571
Sarm1,28.25038,28.09305,27.7656,28.09305
Glyr1,27.14763,27.02369,26.48213,27.02369
Cntfr,26.53156,27.26544,26.46697,26.53156
Ranbp3,26.04939,25.71767,25.43081,25.71767
Cnn3,26.70425,27.04082,26.66343,26.70425
Ndrg2,23.10165,23.2637,21.59701,23.10165
Pam,23.30952,23.39061,22.6946,23.30952
Acin1,26.12631,26.27904,25.88481,26.12631
Atp9a,26.31748,26.32034,26.02147,26.31748
Ttyh1,26.23798,25.5086,25.56761,25.56761
Tmod1,23.24589,24.23264,22.30563,23.24589
Arfip2,26.68043,26.58377,26.55198,26.58377
Ptgr2,25.76519,25.26252,23.88762,25.26252
Daam2,24.41203,24.21638,23.01108,24.21638
Vps51,26.70187,27.19901,26.82481,26.82481
Hras,27.2615,27.61779,26.96895,27.2615
Ocrl,25.4921,25.29372,25.04856,25.29372
Fubp1,26.46012,26.27668,26.58635,26.46012
Sdhc,27.97345,28.38311,27.60449,27.97345
Spock2,27.52545,27.28621,27.30843,27.30843
Sncg,24.90412,21.6039,,23.25401
Limch1,23.65895,23.64526,23.16746,23.64526
Slc1a4,27.77712,27.74714,27.7805,27.77712
Exoc6b,25.81563,25.91056,25.79756,25.81563
Pdk1,25.67185,24.99335,24.73474,24.99335
Hnrnph3,28.54422,28.16485,28.00174,28.16485
Prrc2c,23.05245,22.45771,22.38682,22.45771
Gss,25.51512,25.51289,25.07259,25.51289
Grm2,23.79471,23.28037,22.89082,23.28037
Gnai3,28.71637,28.50968,28.15509,28.50968
Fn3krp,24.98037,25.07378,26.10875,25.07378
Arhgef11,23.86306,23.88539,23.0481,23.86306
Ppm1b,26.70226,26.92728,26.89227,26.89227
C2cd2l,26.03456,25.70068,25.72273,25.72273
Rnps1;Gm9825,28.56551,28.23704,28.15682,28.23704
Hmgcl,27.24118,27.5708,26.98294,27.24118
Prom1,22.79832,22.62914,21.23216,22.62914
Nif3l1,27.55772,27.79489,27.09748,27.55772
Arfip1,24.26992,23.77032,23.72015,23.77032
Bub3,28.02126,27.76477,27.77335,27.77335
Trappc3,27.55238,27.58212,27.55223,27.55238
Urod,26.83388,26.76028,26.24958,26.76028
Nudt11;Nudt10,27.49014,27.68063,27.04416,27.49014
Ptpn5,24.52409,24.56912,25.77153,24.56912
Gcsh,25.49604,26.13142,22.6657,25.49604
Pde10a,26.23019,26.35637,25.61015,26.23019
Crkl,27.82614,27.48708,27.5695,27.5695
Cmtr1,25.60229,25.52743,24.71728,25.52743
Ccdc47,27.73286,27.72436,27.17893,27.72436
Shroom2,23.76334,22.76154,22.76375,22.76375
Rab12,27.59306,27.48393,27.0749,27.48393
Arih1,26.36112,26.51688,25.83142,26.36112
Metap2,26.82966,27.33083,26.3551,26.82966
Kcnab2,24.20165,23.94351,,24.07258
Mat2b,26.99755,27.03391,26.91422,26.99755
Lnpep,24.87,24.52618,24.65682,24.65682
Ccdc22,25.88749,25.86858,25.94165,25.88749
Rragc,27.19554,26.74881,26.42224,26.74881
Ubfd1,27.07714,26.26762,26.79303,26.79303
Dmd,21.26241,21.07783,20.92868,21.07783
Gpc1,28.40381,28.30108,28.21595,28.30108
Wasl,24.15599,24.84886,24.01979,24.15599
Trp53bp1,26.45648,26.37776,26.29248,26.37776
Ociad2,23.87858,25.21004,23.97027,23.97027
Sqstm1,25.21434,26.10392,25.58497,25.58497
Mink1,20.96698,22.05484,21.48168,21.48168
Wasf3,23.12514,23.92841,23.00989,23.12514
Micu3,26.44242,25.57808,25.15619,25.57808
Hectd3,25.42069,25.49969,24.93225,25.42069
Drg1,27.26866,27.4739,26.96257,27.26866
Rbm14,27.59477,27.54259,27.38805,27.54259
Arhgdib,26.39486,25.6355,24.90035,25.6355
Ago1,24.89564,24.81309,24.50882,24.81309
Fkbp8,26.70701,26.1579,26.22083,26.22083
Dock7,27.105,26.83388,25.96992,26.83388
Tial1,27.308,27.17465,27.17455,27.17465
Rps27,27.1883,26.70398,27.2833,27.1883
Cbl,24.67266,24.31886,24.03263,24.31886
Trp53i11,29.13836,27.64623,27.31907,27.64623
Ddx42,25.15549,24.60145,24.49473,24.60145
Chmp2a,27.4603,27.06054,27.07806,27.07806
Lmo7,20.21276,19.57356,21.80191,20.21276
Naa10,27.87303,27.62352,27.31553,27.62352
Gmpr,25.0375,25.44028,24.41538,25.0375
Hnrnpk;Gm7964,26.28238,26.55145,26.1036,26.28238
Exoc8,26.10843,26.06585,26.52301,26.10843
Nck1,25.42733,24.79283,24.97001,24.97001
Lztfl1,26.40618,26.52962,26.20765,26.40618
Hecw2,23.5285,23.49521,23.35917,23.49521
Srrm2,24.58199,24.34976,24.56668,24.56668
Nudcd3,25.73995,25.54975,24.89606,25.54975
Magoh;Magohb,28.50707,28.40868,28.03564,28.40868
Supt6h,23.998,24.64124,24.05184,24.05184
Eif3e,27.33219,27.63554,27.07551,27.33219
Prrc2a,23.25059,22.78586,22.63121,22.78586
Pdk3,25.4665,25.63303,24.91274,25.4665
Top1,28.08482,27.63969,27.74214,27.74214
Cdc16,26.23338,26.84218,26.15358,26.23338
Srp68,26.92909,27.15528,26.97312,26.97312
Dtna,24.76901,24.78387,24.13359,24.76901
Braf,25.62959,25.39382,25.00779,25.39382
Nt5c3a,26.66492,26.48262,25.97909,26.48262
Nova1,27.13359,27.13006,27.23809,27.13359
Gng3,23.15323,28.51405,25.06353,25.06353
Lypla2,28.34697,28.65826,28.39509,28.39509
Slc9a6,26.06279,25.93692,25.77349,25.93692
Rps6ka5,26.71004,26.63132,26.25222,26.63132
Zfr,25.59221,25.4996,25.27046,25.4996
Fam129b,25.25803,25.90129,25.30911,25.30911
Dnaja4,22.92765,22.10597,22.94088,22.92765
Nup155,26.38998,26.44552,26.20695,26.38998
Atp5e,29.87668,29.92762,29.48853,29.87668
Syn1,20.94428,19.90432,20.02823,20.02823
Snrpa;Gm5145,27.00378,27.90993,27.07327,27.07327
Ankfy1,27.43006,27.46855,26.97989,27.43006
Cdh11,21.6891,22.6616,20.80412,21.6891
Pmpcb,27.07255,27.18338,26.7934,27.07255
Habp4,22.30226,22.63713,22.23307,22.30226
Manf,27.93613,26.65335,26.15767,26.65335
Trappc11,25.55028,25.50776,25.05978,25.50776
Ccdc104,24.64823,24.19993,23.78606,24.19993
Msi2,26.48004,26.26783,26.40775,26.40775
Arvcf,25.71707,25.5936,25.30229,25.5936
Cdc26,26.65826,26.36603,26.22909,26.36603
Atp13a1,26.18745,26.91513,25.63744,26.18745
Folh1,15.49323,20.92796,13.22355,15.49323
Vps28,28.34384,27.76275,27.8484,27.8484
Sall2,29.28034,29.26448,29.60428,29.28034
Coro2a,21.93923,22.40919,21.08109,21.93923
Mast2,21.8858,21.68735,21.4765,21.68735
Plxnd1,24.73268,24.9852,24.25061,24.73268
Gabarapl2,26.68083,27.36052,26.58018,26.68083
Dnajc8,26.11299,24.87343,24.77957,24.87343
Rps23,30.25732,30.31192,30.14139,30.25732
Dnaja3,25.86036,25.8659,25.46731,25.86036
Rasa3,23.95269,23.43314,23.43708,23.43708
Fam114a2,25.49558,25.64491,24.98763,25.49558
Lin7c,26.6363,27.4255,27.5244,27.4255
Ptrh2,28.65253,28.29758,28.29413,28.29758
Usp8,25.55792,23.15973,22.56943,23.15973
Sik3,23.90976,24.37756,23.55871,23.90976
Wdr11,25.80314,25.76,25.52841,25.76
Tpm1,26.964,26.12224,25.87138,26.12224
Arhgef12,25.00894,25.19133,25.19152,25.19133
Exoc3,26.64609,26.47282,26.58806,26.58806
Ppp6r2,25.67718,25.81248,25.14071,25.67718
Prickle2,23.93157,23.95056,23.34327,23.93157
Arf5,28.88393,29.2643,28.17508,28.88393
Lancl1,26.49402,26.84062,26.22092,26.49402
Slc6a9,25.50179,25.38044,25.48496,25.48496
Gamt,26.53026,26.14725,25.60532,26.14725
Gbf1,25.12388,25.04939,24.30487,25.04939
Scyl1,25.45851,25.36866,25.14523,25.36866
Svop,25.31077,24.47141,25.04364,25.04364
Plrg1,25.80629,25.42406,25.43946,25.43946
Dgki,25.50112,25.37126,25.08123,25.37126
Luc7l2,26.92059,26.92581,26.79501,26.92059
Rims2,22.31976,21.81941,21.96902,21.96902
Ate1,26.46222,26.1802,25.45557,26.1802
Arsb,23.626,23.92823,24.34482,23.92823
Pik3r4,24.79198,24.94333,24.32093,24.79198
Akap9,23.60264,23.20329,23.35394,23.35394
Rpl38,30.33437,30.48827,30.08942,30.33437
Slc1a6,18.6453,,,18.6453
Impdh2,29.43796,29.72022,29.0155,29.43796
Cstf2,26.14009,26.2486,26.35788,26.2486
Gcdh,26.37996,26.22175,25.73859,26.22175
Pgm3,26.5044,26.6302,26.27421,26.5044
Pgap1,28.10534,28.43734,27.83008,28.10534
Cacna1e,23.26699,22.97926,22.50286,22.97926
Pafah1b3,29.96513,30.20676,29.71895,29.96513
Dcaf7,28.22357,28.03323,27.55186,28.03323
Numbl,25.03141,25.3455,25.04914,25.04914
Gclm,27.49496,27.45685,25.87239,27.45685
Agfg1,26.23659,26.26746,25.52438,26.23659
U2af1,28.31077,29.42017,28.31246,28.31246
Cyp2d22,19.69444,20.30006,19.21012,19.69444
Rptor,25.71211,25.59602,25.56819,25.59602
Sephs1,26.83665,26.95848,26.41582,26.83665
Mark1,26.14455,26.3227,25.61555,26.14455
Ssrp1,27.66492,27.50309,27.3741,27.50309
Rps6kc1,22.49821,21.84743,22.01536,22.01536
D430041D05Rik,24.39499,24.85486,24.18563,24.39499
M6pr,24.45017,25.3123,24.56639,24.56639
Lrrc40,26.40204,26.55774,25.95214,26.40204
Pddc1,28.38336,27.83232,27.92388,27.92388
Rgs10,24.33736,24.61386,24.3682,24.3682
Gm20521,27.30843,27.28189,27.08942,27.28189
Agpat4,27.53319,27.40625,26.96157,27.40625
Dmxl1,23.26728,23.52946,23.04186,23.26728
Mapk8,27.62638,27.56674,26.99959,27.56674
Ddhd1,23.89551,24.06604,23.05857,23.89551
Gabra1,24.72343,24.30389,24.16192,24.30389
Smcr8,24.64504,24.51099,24.2553,24.51099
Plcb3,22.11082,22.12452,17.91468,22.11082
Mob4,28.55072,29.00606,28.03234,28.55072
Appl2,24.21,24.26849,23.75634,24.21
Tbcel,24.14872,24.30194,24.0757,24.14872
Wdr77,28.59374,28.46108,28.32911,28.46108
Atxn2l,24.93647,26.73622,24.8667,24.93647
Ctps1,27.61569,27.99053,27.54392,27.61569
Elavl3,29.60012,29.68114,29.34896,29.60012
Fsd1l,28.00582,28.03128,27.71614,28.00582
Commd9,26.96565,26.68752,25.30497,26.68752
Pign,27.24916,26.7082,25.80796,26.7082
Evi5l,25.6689,25.57045,25.30977,25.57045
Acy1,24.57375,24.46681,24.46719,24.46719
Xpo7,26.52019,27.2007,26.67331,26.67331
Pak3,26.68833,25.85859,26.08195,26.08195
Aimp2,27.55779,27.83533,27.57967,27.57967
Scn1b,19.71023,19.62975,,19.66999
Armc1,26.23325,26.33084,25.62876,26.23325
Ndufab1,29.94657,29.76354,29.68494,29.76354
Crat,25.92911,26.1707,25.67487,25.92911
Rcc2,27.86195,28.26705,27.90242,27.90242
Tmpo,24.96252,24.56151,24.62025,24.62025
Gorasp2,27.18914,27.90397,27.4549,27.4549
Atl2,27.04906,26.87185,27.18773,27.04906
Memo1,26.37945,25.99164,25.62288,25.99164
Ahnak2,21.16981,19.81711,19.58804,19.81711
Son,24.74571,24.57986,24.46955,24.57986
Tsr2,23.89994,23.92624,22.61261,23.89994
Zfyve1,24.54557,24.44209,24.25314,24.44209
Smarca5,26.1117,26.07089,25.70422,26.07089
Rab6b,29.07974,28.98202,28.63416,28.98202
Lnp,26.53413,26.06883,25.85633,26.06883
Atp6ap2,27.5847,27.59199,26.78681,27.5847
Cops7a,25.99097,25.54212,26.13153,25.99097
Acyp2,24.62856,24.8998,24.37868,24.62856
Lzic,27.68899,27.9907,27.56173,27.68899
Dip2c,26.39823,26.61203,26.1168,26.39823
Rprd1a,27.29955,27.2379,26.59989,27.2379
Igsf21,25.16385,24.9668,25.09245,25.09245
Ppp1r2,25.62165,26.00118,25.80489,25.80489
Tmsb4x,31.12836,30.79103,31.36677,31.12836
Cdk16,25.72299,25.93979,25.64389,25.72299
Eps8,25.08974,24.76916,24.584,24.76916
Slc9a1,22.91103,21.6457,21.94321,21.94321
Slc24a2,22.12231,22.41872,21.87452,22.12231
Isoc2a,25.43489,26.46944,25.58703,25.58703
Tmem65,27.22122,27.15345,27.21484,27.21484
Cul4a,25.34042,25.52076,24.99339,25.34042
Tubgcp2,24.68982,24.63256,23.92125,24.63256
Rbfox2,27.72221,27.67949,27.57391,27.67949
Tpm4,26.24476,26.26234,25.8925,26.24476
Aldh4a1,25.19487,25.67847,25.27562,25.27562
Scarb2,28.15919,28.90441,27.55508,28.15919
Nav1,26.02819,25.07504,25.58806,25.58806
Reep5,28.94983,29.70251,28.90441,28.94983
Nacad,25.47125,25.18609,23.87098,25.18609
Eef1e1,27.31467,27.20564,26.97651,27.20564
Psd,25.89064,25.73733,25.4177,25.73733
Atpaf1,25.82888,25.98913,25.22328,25.82888
Scn2b,25.53878,25.14091,24.98533,25.14091
Eps8l2,19.04017,,,19.04017
Ppfia4,22.08057,20.70252,20.91539,20.91539
Rcn1,26.49005,26.09927,25.91882,26.09927
Timm50,27.81946,27.65082,27.2787,27.65082
Amer2,25.14597,24.39519,24.97819,24.97819
Ppif,25.77799,25.71652,24.53967,25.71652
Prpsap1,27.47676,27.18357,26.7898,27.18357
Grk6,28.71879,25.56014,25.83603,25.83603
Cyth2,27.12623,27.1278,26.36551,27.12623
Zc3h15,25.22336,24.64785,24.88479,24.88479
Prkra,28.68742,28.74874,28.16202,28.68742
Hdhd3,26.82457,27.15904,26.75455,26.82457
Smchd1,25.54866,25.36383,24.95624,25.36383
Akt3,26.26969,26.29414,25.65674,26.26969
Hspb1,20.72384,20.71708,18.56982,20.71708
Ddc,22.82524,22.84529,21.78393,22.82524
Zmpste24,26.29207,25.98796,26.08424,26.08424
Tpp1,25.60961,24.24402,24.62059,24.62059
Ptbp1,26.56497,26.7107,26.02699,26.56497
Tiprl,27.92513,28.06286,27.93151,27.93151
Xpo5,26.29653,26.58047,25.95547,26.29653
Grcc10,25.61526,28.27017,26.06242,26.06242
Srsf11,28.2006,28.10395,28.21336,28.2006
Kcna2,23.03991,22.3657,21.23935,22.3657
Ago2,25.90949,25.95764,25.63059,25.90949
Serpinb1b,,,,
Nagk,27.20163,27.04187,27.06085,27.06085
Mon2,25.25079,25.50476,25.26001,25.26001
Dkc1,26.39072,26.43725,25.91623,26.39072
Pigs,26.79017,26.98989,26.78144,26.79017
Timm13,26.93089,27.85103,26.99021,26.99021
Vbp1,27.22591,26.98794,27.00217,27.00217
Ilk,25.37594,24.62037,24.30096,24.62037
Cluh,25.10566,24.91666,25.48965,25.10566
Mrps36,29.25645,28.57863,28.36114,28.57863
Creld1,26.2865,25.94,24.85476,25.94
Fam213b,27.02083,26.84793,26.59747,26.84793
Fnbp1l,26.68552,26.55764,26.29896,26.55764
Stub1,27.84344,28.09124,27.48155,27.84344
Ube4b,26.26401,26.65472,26.07449,26.26401
Sec16a,23.96005,24.00161,23.62031,23.96005
Ablim3,22.53526,22.798,21.98109,22.53526
A830010M20Rik;Kiaa1107,21.57501,21.38874,21.4108,21.4108
Flad1,24.98307,25.21605,24.73428,24.98307
Smap2,26.30543,26.25688,25.85369,26.25688
Tor1aip1,23.97788,23.63854,23.92588,23.92588
Nt5c2,26.96356,27.29378,26.47267,26.96356
Clpb,25.34482,25.47048,24.98898,25.34482
Pdlim5,23.20647,23.42291,23.99464,23.42291
Eif2b2,27.74432,27.50105,27.21863,27.50105
Palm,24.52671,23.40639,24.12471,24.12471
Tiam2,22.08382,21.34462,20.40052,21.34462
Lamp1,26.91205,27.2488,26.98392,26.98392
Cdipt,27.89012,27.99776,27.59392,27.89012
Gbe1,24.18616,24.03381,23.20792,24.03381
Mpdz,21.7647,21.12092,20.69464,21.12092
Uap1l1,24.28553,24.57467,24.21778,24.28553
Tbcd,26.46789,26.71096,26.04741,26.46789
Fam120c,26.40222,26.31361,25.82452,26.31361
Ethe1,27.11615,27.70207,26.46424,27.11615
Ddi2,25.06899,24.67341,23.67519,24.67341
Nckipsd,22.65559,22.79616,22.7324,22.7324
Cdc42,26.72091,27.79377,26.94268,26.94268
Mtatp8;mt-Atp8,26.36888,25.68838,26.89758,26.36888
Ppp2r2d,27.12209,26.97454,26.83352,26.97454
Dnajb11,27.43404,27.03097,27.39125,27.39125
Arhgap39,24.5852,24.69057,24.17242,24.5852
Crocc,19.39371,19.66101,20.32652,19.66101
Atxn2,24.17158,23.97474,24.07822,24.07822
Ubl4a,27.97131,27.34655,26.93764,27.34655
Hap1,23.53908,23.63478,23.35676,23.53908
Scn1a,20.56523,19.62667,18.47275,19.62667
Tpm3,27.51616,27.39901,27.25205,27.39901
Zfml;Znf638,24.27291,24.25364,24.0209,24.25364
Hint3,26.95038,26.99906,25.28866,26.95038
AI837181;Bles03,24.95744,25.6829,25.81734,25.6829
Anp32b,28.74657,28.85766,28.57503,28.74657
Acad10,23.39585,24.23454,20.47001,23.39585
Seh1l,26.91262,27.02422,26.42923,26.91262
Ufd1l,26.84566,27.19779,26.6284,26.84566
Fam98b,27.28012,27.50325,27.49473,27.49473
Acsl3,27.36302,27.22793,27.0086,27.22793
Pik3r1,25.6221,25.37571,25.73203,25.6221
Ostf1,24.07651,23.83277,22.78949,23.83277
Camsap3,25.35212,25.19095,25.4265,25.35212
Copg2,25.6949,26.07604,25.79885,25.79885
Nup205,24.67745,25.15031,24.44991,24.67745
Adam11,21.34419,21.52291,22.86325,21.52291
Snap25,27.86779,27.54995,27.409,27.54995
Ddx3x,26.47128,27.24336,26.4338,26.47128
Ythdf3,25.6876,25.64282,24.81441,25.64282
Hdac4,24.67584,24.42976,24.308,24.42976
Vps39,25.22858,25.15592,24.7634,25.15592
Aip,26.03676,26.43436,25.80282,26.03676
Pdpr,25.59722,25.50845,25.3537,25.50845
Ubtf,26.50123,26.1239,26.06046,26.1239
Nrxn2,25.66552,25.64262,25.05772,25.64262
C1qb,23.90729,22.73911,22.59694,22.73911
Arfgap2,24.74817,24.63721,24.19821,24.63721
Smarca4,27.06938,26.8853,26.38795,26.8853
Vps41,25.73291,25.58666,25.23564,25.58666
Pgm2,25.35064,25.3267,24.92493,25.3267
Etnppl,,,,
Lrrc8a,25.55663,25.4656,24.87933,25.4656
Spg7,25.08424,25.10129,24.2422,25.08424
Clstn1,24.27888,24.45613,24.20217,24.27888
Enah,26.17621,26.25337,25.5648,26.17621
Fam131b,24.02259,23.84785,23.60082,23.84785
Mlycd,25.89118,25.73164,25.29,25.73164
Asl,25.83788,25.42822,25.30894,25.42822
Ncor2,20.99369,20.8738,20.92071,20.92071
Bola1,26.17011,25.84422,25.98585,25.98585
,22.97923,22.93749,21.70514,22.93749
Cdkl5,21.94885,22.33759,21.22623,21.94885
Als2,24.60716,24.52301,24.16154,24.52301
Rab24,27.02242,27.03528,26.48932,27.02242
Nsun2,26.48815,26.67909,26.43686,26.48815
Adcy5,23.91898,23.45776,23.50494,23.50494
Ppp2r5c,26.79216,26.71148,26.11446,26.71148
Rpl22,30.509,30.20116,30.17748,30.20116
Isoc1,27.81696,27.72553,27.56362,27.72553
Itih3,,18.98799,18.59805,18.79302
Kcnj10,21.50911,21.54028,20.60449,21.50911
Ndel1,25.44916,25.39725,25.33006,25.39725
Emc8,27.35473,27.48808,27.51698,27.48808
Gucy1a3,27.62331,27.98229,27.41353,27.62331
Ppp2r5a,25.64136,25.61737,24.59719,25.61737
Sart3,26.24456,26.35064,26.05036,26.24456
Pithd1,25.23637,24.76426,24.86623,24.86623
,24.28256,24.32354,22.6667,24.28256
Plin3,25.07993,22.07366,19.96099,22.07366
Znfx1,23.2141,22.80813,22.63341,22.80813
Tagln2,27.00892,27.01287,26.49208,27.00892
Rab18,29.52423,29.55239,28.87651,29.52423
Camsap1,24.1848,24.33231,23.85785,24.1848
Lgi2,24.11442,23.86448,23.58199,23.86448
Pde4d,24.04768,24.28968,22.64709,24.04768
Ddhd2,22.75258,22.25225,22.64852,22.64852
Tceal3,24.86821,23.61941,24.04151,24.04151
Ca4,18.33132,,19.05611,18.693715
Rhot1,27.08284,27.1044,26.80292,27.08284
Abhd16a,25.43329,25.64254,25.14063,25.43329
Ttr,25.07108,24.45595,24.11839,24.45595
Cbr3,24.62929,24.12337,24.33067,24.33067
Mtfr1l,25.81512,26.365,25.55774,25.81512
Tmem163,24.16783,22.51085,24.23652,24.16783
Prune2,20.22282,19.403,20.71775,20.22282
Rasal2,22.5292,22.67431,22.65334,22.65334
Itga6,25.67804,25.85272,25.09071,25.67804
Micu1,24.67783,24.30862,24.09676,24.30862
Diras1,26.89897,26.73415,26.17638,26.73415
Acads,25.6627,26.27281,24.78576,25.6627
Rpl28,29.85426,29.84781,29.73261,29.84781
Ksr1,22.80416,23.11081,23.027,23.027
Tcea1,27.4303,27.03244,27.14317,27.14317
Samhd1,22.47271,24.0535,22.89746,22.89746
Sdcbp,28.7836,28.75028,28.81069,28.7836
Itgb1,26.3919,26.0155,25.70168,26.0155
Nt5c3b,26.42077,26.32543,25.97526,26.32543
Diap2;Diaph2,22.99146,22.79636,22.29429,22.79636
Hnrnpul1,26.64636,27.1044,26.91342,26.91342
Rps24,29.72376,29.35666,28.81146,29.35666
Hist1h1a,30.31095,29.62675,29.48531,29.62675
Pmm2,26.98663,26.95804,26.59833,26.95804
Nup62,27.39656,27.02306,27.27906,27.27906
Sltm,25.38169,25.03481,24.83624,25.03481
Tdrkh,26.41254,26.17226,26.01548,26.17226
Cpne2,26.78019,26.62506,26.37071,26.62506
Man2c1,25.63782,25.34918,24.60801,25.34918
Gga1,26.01333,25.92857,25.77816,25.92857
Gabrg2,25.92676,25.84031,25.66479,25.84031
Kiaa1033,25.04385,25.17104,25.09965,25.09965
Acot2,23.11661,23.79064,23.50385,23.50385
Kif21b,28.47267,28.61779,28.26365,28.47267
Map4k3,25.10161,24.59092,24.00282,24.59092
Rilpl1,22.36709,22.01727,20.90823,22.01727
Heatr5b,24.38364,24.23973,24.26571,24.26571
Rtn3,29.14385,30.09648,29.22034,29.22034
Cplx3,,,,
Ppp2r2c,22.68983,23.58646,22.49962,22.68983
Paip1,26.34259,26.42605,25.92323,26.34259
Ric8a,26.97443,27.50809,27.39002,27.39002
Tarsl2,25.78711,25.58804,25.76101,25.76101
Oplah,23.94905,24.3538,22.92457,23.94905
Pgrmc2,29.20951,28.49259,28.90251,28.90251
Diap1;Diaph1,24.78357,24.82619,24.70525,24.78357
Mrpl1,26.92298,26.8846,26.28856,26.8846
Baiap3,17.91742,17.63969,16.83442,17.63969
Dnajc16,23.94226,23.48075,23.35394,23.48075
Wipi2,25.90353,25.98787,25.9859,25.9859
Camkk1,23.85576,24.00847,23.56837,23.85576
Rab9b,24.68907,25.23305,26.15341,25.23305
Nwd2,25.37815,25.6209,25.65026,25.6209
Bcar1,24.81714,24.41873,24.27767,24.41873
Palm2;Palm2Akap2,22.2678,20.89881,21.553,21.553
Ica1,24.7454,25.3838,25.01137,25.01137
Actn1,23.24121,23.51845,18.94051,23.24121
Pten,27.15238,26.87865,26.47754,26.87865
Rpl18a,30.0855,30.19202,29.99335,30.0855
Vps4b,25.41448,25.62377,25.52758,25.52758
Rab4a,27.78538,27.67094,26.81299,27.67094
Tra2a,28.10854,28.12539,27.70015,28.10854
Mtmr1,25.41777,25.03674,24.73521,25.03674
Csnk1d,27.18319,27.22793,27.03737,27.18319
Chmp7,25.78766,25.32649,24.91488,25.32649
Guk1,26.69988,26.68846,26.48623,26.68846
Dynlt1,30.34202,30.58585,29.86338,30.34202
Ufsp2,25.77989,25.49121,25.17188,25.49121
Wdfy1,27.19178,27.4307,26.79699,27.19178
Gipc1,26.48994,26.07531,26.2367,26.2367
Mtx1,25.63412,25.55265,25.90578,25.63412
Adi1,26.67317,25.75139,26.40532,26.40532
,26.73867,26.78207,26.72936,26.73867
Npl,24.62511,24.26949,24.04059,24.26949
Vps33a,26.43194,26.01871,25.80794,26.01871
Mrpl12,29.12881,28.74381,28.65918,28.74381
Mblac2,27.66391,27.34571,27.39428,27.39428
Pde6d,29.32101,28.9791,28.87511,28.9791
Ncoa7,23.26184,24.19378,23.71072,23.71072
Csk,27.67512,27.79458,27.306,27.67512
Itsn2,22.98897,21.38116,21.88062,21.88062
D17Wsu104e,27.13065,26.93089,27.03716,27.03716
Supt5h,26.53295,26.57001,26.4302,26.53295
Yars2,26.32706,26.66574,26.31183,26.32706
Lama4,18.826,18.71927,24.10117,18.826
Phkb,23.12972,22.09003,22.69279,22.69279
Mtnd5;mt-Nd5,24.61476,25.1961,24.6402,24.6402
Gid8,26.14211,26.85721,26.04329,26.14211
Lsm4,27.51209,27.31164,27.18971,27.31164
Gria4,22.62569,23.01308,21.9011,22.62569
Serpina1a,13.88969,17.64273,,15.76621
Tubg1,26.11928,26.05994,25.55113,26.05994
Dopey2,23.93301,23.3041,22.66592,23.3041
Pex19,25.87,25.77218,24.88567,25.77218
Fn3k,24.3763,23.75593,22.86682,23.75593
Serpine2,25.49595,26.06143,25.0687,25.49595
Chd2,24.17058,26.83882,26.65526,26.65526
Cpne4,26.48735,26.60003,26.19704,26.48735
Strbp,26.29271,26.3312,25.85683,26.29271
Wdr61,26.92366,27.21743,26.92196,26.92366
Znf326;Zfp326,27.37691,27.59648,27.40072,27.40072
,16.26466,17.14221,,16.703435
Ccsap,19.69173,21.06197,21.50601,21.06197
Gba,27.09104,27.62247,26.9476,27.09104
Herc4,25.30793,25.65837,25.20064,25.30793
Snrpc,26.61541,27.43825,26.09321,26.61541
Zadh2,23.68848,24.34591,23.25854,23.68848
Hspa12b,22.82505,23.00165,22.67642,22.82505
Fmr1,26.5203,26.52136,26.27046,26.5203
Arhgef33,,,18.22284,18.22284
Fbl,28.45595,28.26387,28.06728,28.26387
Sez6l2,26.0037,25.91513,25.33142,25.91513
Pank4,25.08046,25.07145,24.04535,25.07145
Cryzl1,26.90461,26.67236,26.43611,26.67236
Eef1d,21.12054,19.91554,19.55787,19.91554
Elp2,26.17705,26.61639,25.87329,26.17705
Fibp,26.03873,25.7434,25.65548,25.7434
Tsc2,24.72702,24.56459,24.07349,24.56459
Rheb,28.99515,28.37638,28.74201,28.74201
Wdr13,26.54382,26.38681,25.67882,26.38681
Pls1,23.11788,21.13784,21.32383,21.32383
Gng12,22.48134,25.1341,20.74534,22.48134
Nup133,25.50385,25.75205,25.01167,25.50385
Pik3c3,24.37451,24.1206,25.62293,24.37451
Acp1,27.51668,28.06363,28.1954,28.06363
Ctnnbl1,25.82255,25.41716,25.15012,25.41716
Mtx3,23.99006,23.83769,23.25465,23.83769
Map9,23.91598,23.79333,23.89458,23.89458
Prmt8,25.52674,25.61389,24.8436,25.52674
Nol3,24.37637,24.37405,23.66047,24.37405
Mecr,27.38969,27.525,26.98989,27.38969
Comt,25.19959,26.64787,25.38054,25.38054
Igbp1,25.11418,24.77811,25.81546,25.11418
Faf2,26.60964,26.18194,26.08324,26.18194
Fkbp15,23.89661,23.70366,23.12786,23.70366
Prkab2,26.06717,25.93521,25.7483,25.93521
Gstm7,25.40626,24.85081,25.0945,25.0945
Ccdc93,25.87404,25.74466,25.37677,25.74466
Th,22.38044,22.93623,,22.658335
Khdrbs3,27.48961,27.17693,27.39624,27.39624
Usp10,25.93652,26.0678,25.89097,25.93652
Stam2,26.1715,26.28327,26.09442,26.1715
Abcb8,24.27313,23.77917,23.40263,23.77917
Acbd3,26.75187,26.63865,26.24641,26.63865
Lypla1,25.27064,25.70366,25.6167,25.6167
Commd8,26.87197,27.22186,26.55312,26.87197
Dhx30,26.55114,26.55356,26.33964,26.55114
Syt3,23.47568,23.92805,23.77455,23.77455
Ptpn1,26.95826,27.21503,27.02189,27.02189
Zzef1,23.78207,23.82823,23.57126,23.78207
Mcee,25.37309,25.24369,24.80563,25.24369
Fxr2,26.07788,25.90564,25.98646,25.98646
Tgm2,23.649,23.22581,20.44769,23.22581
Nrbp2,26.37554,26.76787,25.62037,26.37554
Anpep,20.64165,21.78137,18.92986,20.64165
Papss1,25.44761,25.07997,25.04394,25.07997
Timm9,26.72416,28.74938,27.40755,27.40755
Rftn2,22.76107,22.26127,21.7536,22.26127
Mrps5,25.13806,25.54778,24.96182,25.13806
Arhgef1,23.45989,23.70999,24.06044,23.70999
Snrnp40,27.68799,27.76021,27.63464,27.68799
Ppp1r12c,22.97067,22.97013,21.55717,22.97013
Itgb8,21.29883,21.82811,21.12035,21.29883
Tacc2,22.86068,22.48094,22.59601,22.59601
Sphkap,22.12443,21.88855,21.87493,21.88855
Myg1,26.10482,25.88052,25.92438,25.92438
Ppp1r17,,,,
Avl9,26.26037,25.15472,26.08323,26.08323
Ddx46,25.8877,25.89032,25.69819,25.8877
Lman1,27.01712,26.78606,26.69909,26.78606
Pvrl1,26.16687,26.02039,25.76319,26.02039
Iqsec3,22.1781,22.11172,22.09213,22.11172
Srpk1,25.51256,25.5231,25.21271,25.51256
Snx7,25.15383,24.9958,24.46076,24.9958
Supt16;Supt16h,27.12751,27.36302,27.18319,27.18319
Clybl,23.93688,23.28348,21.48148,23.28348
Abhd11,24.24931,24.23783,24.23958,24.23958
Thumpd1,25.2995,26.35683,25.64606,25.64606
Denr,27.88652,27.12711,27.55998,27.55998
Rpa1,25.43524,25.32014,24.46283,25.32014
Rexo2,24.19175,22.94901,23.19776,23.19776
Abcb9,21.97827,21.05,21.8977,21.8977
Cpt1a,24.29053,24.02293,23.68325,24.02293
Akt1,26.57687,26.45659,26.17887,26.45659
Sbds,26.32026,26.18811,25.15329,26.18811
Ubp1,26.2018,25.49433,25.65856,25.65856
Rsu1,26.48919,25.71495,25.68931,25.71495
Cdyl,22.74018,19.06973,,20.904955
Pcsk2,23.82289,23.35407,23.38745,23.38745
Abcf1,25.89122,25.88707,25.88788,25.88788
Usmg5,30.08093,30.55316,29.71062,30.08093
Cacng8,25.89694,25.29674,25.09652,25.29674
Mcam,21.80943,22.32655,22.01689,22.01689
,24.32334,24.39852,23.99688,24.32334
Wdr54,26.75735,26.62101,26.12489,26.62101
Nudt2,27.7368,27.7105,27.21808,27.7105
Tbce,25.62998,25.61543,25.6699,25.62998
Pla2g7,25.54954,24.88744,24.73583,24.88744
Clvs1,26.46572,26.49488,26.03842,26.46572
Slc25a42,22.0175,21.87923,21.62952,21.87923
Txndc17,27.97065,27.78132,27.51968,27.78132
Mien1,25.19727,25.51256,25.96838,25.51256
Gcat,26.94123,26.64471,26.19503,26.64471
Pcp2,,,,
Gdpd1,29.10737,28.96306,28.82529,28.96306
Extl2,26.15991,26.55286,25.93015,26.15991
Map6d1,22.47593,22.72582,22.77991,22.72582
Sparc,23.59241,24.51244,23.15724,23.59241
Cpt2,24.96367,24.7474,24.55526,24.7474
Map2k6,26.83014,26.86985,26.52746,26.83014
Cpd,25.27281,25.34489,25.32992,25.32992
Ccdc177,25.16974,23.16114,23.04287,23.16114
Ampd3,23.90591,23.3002,21.66861,23.3002
Nup93,25.77362,25.82622,25.31133,25.77362
Ap3m1,27.60618,27.96439,27.5253,27.60618
Tmem9b,26.20482,25.77987,25.39499,25.77987
Abhd6,27.58506,27.35506,26.71004,27.35506
Aarsd1,27.1736,27.58928,27.29457,27.29457
Sel1l,26.92479,27.09698,26.39821,26.92479
Chmp5,27.23004,27.28674,27.67216,27.28674
Brox,27.66905,28.24898,27.68852,27.68852
Pfdn2,28.21794,27.8773,28.11729,28.11729
Smarce1,27.07602,26.40866,26.6013,26.6013
Plxnc1,23.46351,23.33429,22.71871,23.33429
Casp3,30.28571,30.51803,30.21766,30.28571
Gbp9,21.41493,21.41818,22.00216,21.41818
Mrps25,27.01755,27.11714,26.37716,27.01755
Tax1bp1,22.5988,21.22641,20.61018,21.22641
Gfpt1,26.04045,26.03888,25.64174,26.03888
Naga,24.45243,24.31969,23.79541,24.31969
Usp11,25.81123,25.31347,25.40243,25.40243
Fam91a1,24.89938,25.22243,24.77027,24.89938
Anp32e,28.89203,28.89325,27.95466,28.89203
Glrx,27.17265,27.30652,26.77756,27.17265
Carm1,27.60357,27.53148,27.2116,27.53148
Stxbp3,23.58864,22.9733,23.19025,23.19025
Robo2,25.12195,24.86938,24.57865,24.86938
Tspan2,20.79899,,,20.79899
Ppp1r1a,25.6294,25.25328,25.42381,25.42381
Dgkh,25.35998,25.62553,25.44702,25.44702
Inpp5j,22.13668,22.0597,20.91452,22.0597
Usp32,23.40886,23.18066,22.86656,23.18066
Erlec1,25.76691,26.24144,25.64911,25.76691
Dtd1,24.92003,25.01882,25.95802,25.01882
Cnnm1,21.45593,22.32092,19.67059,21.45593
Lsm14a,24.24967,24.16829,23.20376,24.16829
Nudt5,26.05794,25.83415,24.90821,25.83415
Slc30a3,17.07043,,18.81284,17.941635
mt-Nd4;Mtnd4,26.14909,25.92563,26.83473,26.14909
Luzp1,19.28816,18.90366,18.69033,18.90366
Pnpla8,25.63193,25.39673,25.10538,25.39673
Iqgap2,23.46775,23.57045,23.46051,23.46775
Cmbl,,,17.88286,17.88286
Tmem43,28.62763,28.7181,28.09109,28.62763
Snrpa1,27.66207,27.33509,27.36328,27.36328
Tsta3,27.23809,26.99248,27.04854,27.04854
Chm,26.04899,25.90683,25.95387,25.95387
,25.90129,25.73449,25.12656,25.73449
Smu1,27.30678,27.40827,27.209,27.30678
Fez1,24.58405,23.84479,24.23637,24.23637
Raly,27.3827,27.48554,27.62171,27.48554
Trmt10c,25.54324,25.93053,25.46145,25.54324
Jup,25.86257,26.29385,25.4772,25.86257
Gramd1b,22.36485,22.0592,21.26608,22.0592
Lamb1,21.02682,21.24377,21.36693,21.24377
Cpne1,25.63045,25.64993,25.69112,25.64993
Slc9a3r2,23.70599,23.60162,25.90949,23.70599
Slc25a46,25.80826,25.50464,25.33262,25.50464
Mycbp2,25.09523,25.29404,24.92034,25.09523
Abhd10,25.04639,24.89268,25.1059,25.04639
Bai3,22.42499,22.5363,22.56446,22.5363
Dhx36,25.98917,26.24623,26.09112,26.09112
Fmn2,20.75401,25.12711,20.64535,20.75401
Pfdn1,27.06928,27.44624,27.76642,27.44624
Spire1,24.50767,24.20053,23.76901,24.20053
Mrps27,26.7753,26.86396,26.15408,26.7753
Prkag2,25.6624,25.64334,24.88428,25.64334
Tamm41,26.21469,26.37766,26.50992,26.37766
C2cd5,24.51725,24.31098,24.00582,24.31098
Cacnb3,25.47578,24.95007,24.74381,24.95007
Gm20498,25.25418,25.04268,24.36513,25.04268
Enpp5,25.80154,25.38798,24.76987,25.38798
Dcun1d1,26.10859,26.51961,25.66405,26.10859
Strn4,26.95848,27.0041,26.4954,26.95848
Ipo11,24.38785,24.86122,24.12218,24.38785
Dnajc7,26.40018,26.6979,26.42222,26.42222
Cdkn1b,25.6471,25.12719,25.21627,25.21627
Gbp5,23.31493,23.12918,23.3656,23.31493
Epn3,24.30027,24.01827,23.44253,24.01827
Tacc1,21.30408,21.90976,21.4027,21.4027
Ik,25.30288,24.24394,24.63948,24.63948
Zc2hc1a,26.83966,26.55843,26.49628,26.55843
Psme3,26.69922,26.19584,25.78414,26.19584
Polr2a,24.87652,24.49222,24.25645,24.49222
Ranbp9,25.63619,25.56369,25.62252,25.62252
Msi1,25.97261,25.65924,25.62293,25.65924
Cdc23,26.95682,27.15923,26.66384,26.95682
Clptm1,26.99712,26.98359,26.73299,26.98359
Nop58,28.22352,28.47611,28.08957,28.22352
0610011F06Rik,25.76334,25.06624,25.23122,25.23122
Bri3bp,27.93168,28.12504,27.83786,27.93168
Golga4,21.99566,21.95319,21.24261,21.95319
Pcdh7,24.85205,24.68153,23.98076,24.68153
Aplp2,26.16549,26.34065,25.45673,26.16549
Dynlt3,25.8758,26.7893,26.42039,26.42039
Tmem256,27.43722,27.32303,26.65322,27.32303
Amacr,22.78684,23.84153,24.65174,23.84153
Crot,25.03779,24.54439,23.07104,24.54439
Gstk1,22.07146,23.16971,22.7184,22.7184
Bzw1,27.58799,27.62958,27.6478,27.62958
Vps11,26.19498,26.19972,25.92162,26.19498
Gsk3a,28.01441,28.24817,27.73892,28.01441
Eif3k,28.32907,28.31739,27.90862,28.31739
Eftud1,25.08513,25.10486,24.60733,25.08513
Plcd1,23.51497,22.89562,23.04729,23.04729
Immt,22.8906,21.25032,22.5405,22.5405
Dgke,26.87888,27.16385,26.61569,26.87888
Arl6,27.60229,27.37235,26.91923,27.37235
Col6a3,14.96416,18.34117,16.18735,16.18735
Rgs8,,21.32564,20.1946,20.76012
Fam160b1,25.18854,25.67796,24.74062,25.18854
Rps26,30.45366,30.57208,30.11756,30.45366
Mipep,24.88129,24.67847,24.36453,24.67847
Ankmy2,26.96873,27.66932,26.53767,26.96873
Tmed4,26.85222,26.8375,26.23369,26.8375
Fto,25.39859,24.7752,24.77032,24.7752
Stk38l,23.46886,23.25162,22.18779,23.25162
Rltpr,22.91836,22.32116,21.97638,22.32116
Aprt,27.49732,27.62129,27.65451,27.62129
Ech1,26.0008,25.45729,24.70403,25.45729
Pnpt1,25.7177,25.52734,24.99006,25.52734
Naa35,26.65185,26.62185,26.09533,26.62185
Mpc1,24.64361,27.14967,25.77944,25.77944
Becn1,23.23812,23.91807,24.79397,23.91807
Ythdf1,25.75323,25.30567,25.37561,25.37561
Zc3h7b,25.07606,24.92732,25.40682,25.07606
Sash1,19.96296,19.09288,18.55153,19.09288
Prkaa1,25.60727,25.73895,25.73694,25.73694
Bre,26.55983,26.53626,25.98533,26.53626
Plgrkt,28.39092,28.63914,28.15378,28.39092
Vps13d,21.59067,21.81366,21.1374,21.59067
Blvrb,24.83817,24.07871,23.79094,24.07871
Tsc1,24.77836,24.51008,24.31534,24.51008
Kif5a,24.84599,24.50276,23.89984,24.50276
Golga2,24.86339,25.75957,25.42355,25.42355
Ybx1,28.5396,27.95399,28.00394,28.00394
Ppap2b,24.58841,23.30313,23.70915,23.70915
Pfkfb2,25.00915,24.58543,24.6174,24.6174
Spryd4,25.20628,25.25212,25.43495,25.25212
Arhgap12,23.33388,23.29908,23.04332,23.29908
Rps15,27.80008,28.11506,27.54119,27.80008
Scyl2,25.8085,26.0332,25.67387,25.8085
Ulk1,21.37156,23.57865,24.2953,23.57865
Klhl22,25.35296,25.14262,25.13042,25.14262
Glrx5,28.67293,28.66641,28.15383,28.66641
Suox,23.56779,23.16171,23.16363,23.16363
Snx30,25.15769,25.2214,24.76501,25.15769
Mrpl39,26.50608,26.71385,26.17221,26.50608
Chd1,25.45663,23.64933,27.13673,25.45663
Gmds,26.26381,26.26351,25.70751,26.26351
Atxn1,29.22534,23.2974,23.2368,23.2974
Mtss1l,23.63622,23.52241,23.20255,23.52241
Cc2d1a,25.27661,25.02644,24.78492,25.02644
Tnpo1,26.34838,26.49957,25.58635,26.34838
Coa7,25.94764,26.24523,25.92187,25.94764
Pdzd8,24.32944,23.66915,23.23817,23.66915
,22.14979,21.92005,20.5499,21.92005
Sms,27.08456,27.71823,27.21429,27.21429
Snrpb;Snrpn,27.10829,27.43277,26.82517,27.10829
Cspg4,21.24203,18.65568,21.26745,21.24203
Mrps34,27.39428,26.74227,26.89897,26.89897
Lpgat1,23.86259,23.87324,22.95992,23.86259
Nexn,21.90146,19.89782,21.58578,21.58578
Enpp2,16.02159,14.21728,15.2004,15.2004
Lppr4,25.60987,25.73047,25.75944,25.73047
Pbdc1,26.28047,26.41443,25.40604,26.28047
Stt3b,27.37981,27.28577,26.83268,27.28577
Hcn1,24.2371,23.55098,20.43685,23.55098
Abracl,29.75411,30.00865,28.69684,29.75411
C530008M17Rik;Kiaa1211,25.04231,24.61206,24.14305,24.61206
Smad4,25.27263,25.83685,24.93701,25.27263
Sestd1,26.63962,26.72234,26.5842,26.63962
Nfu1,27.06322,27.29544,26.79328,27.06322
Kcna4,22.65633,22.53654,22.13326,22.53654
Bcap31,26.77656,25.99151,25.97077,25.99151
Gmppa,24.67643,25.32306,24.72203,24.72203
Pon2,23.54062,22.86136,23.11559,23.11559
Pip5k1b,22.17188,21.31495,20.71599,21.31495
Anln,19.29578,19.48958,16.57038,19.29578
Dek,27.93134,27.60463,27.75691,27.75691
Nsdhl,28.25921,28.11113,27.72358,28.11113
Prps1l1,25.03309,26.17585,25.83803,25.83803
Reep2,25.16369,25.08805,25.15163,25.15163
Glb1,25.01682,25.47964,25.44493,25.44493
Ccny,25.89171,26.08201,25.95868,25.95868
Lace1,23.53065,23.78077,23.49302,23.53065
S100a13,21.82594,21.5435,25.46061,21.82594
Acan,19.78793,17.20428,19.95575,19.78793
Homer2,22.11229,22.40458,22.00751,22.11229
Adnp,25.70881,25.89627,25.71043,25.71043
Dtymk,24.90348,24.83528,24.71256,24.83528
Atp6v1g1,29.40149,28.91761,28.98791,28.98791
Slc2a13,24.37458,24.03515,24.40918,24.37458
Wfs1,22.0671,20.32652,20.49707,20.49707
Jcad,21.19412,21.11965,17.04324,21.11965
Pptc7,23.74314,23.79769,23.96869,23.79769
Trpv2,22.35361,23.45061,21.54095,22.35361
Cpne3,24.89217,24.73562,24.52809,24.73562
Scn8a,18.12268,19.98245,19.36402,19.36402
Kiaa1549;D630045J12Rik,24.54433,24.39904,24.1888,24.39904
Evl,27.71424,27.50446,27.3731,27.50446
Gstm2,22.25352,21.78193,21.84609,21.84609
Gmppb,26.30014,26.31953,25.981,26.30014
Mtmr2,24.85942,25.06151,24.7191,24.85942
Scamp3,26.40767,26.00672,26.3962,26.3962
Dao,,,,
Cd82,23.31479,,,23.31479
Ppp6c,27.34291,27.49205,26.70028,27.34291
Srsf6,28.1969,28.2641,27.72676,28.1969
Lpcat4,24.40328,24.35857,23.60332,24.35857
Nudcd1,25.79313,25.40158,25.35528,25.40158
Dpp9,24.60411,24.55286,23.92732,24.55286
Osbpl3,23.50603,23.00455,22.41116,23.00455
Hnmt,24.17623,24.16139,23.7083,24.16139
Pcbd1,22.49887,21.85726,17.97208,21.85726
Tbk1,23.85148,24.00239,23.61515,23.85148
Dusp15,22.99129,23.00309,21.87079,22.99129
Trip12,24.94597,24.83384,24.5341,24.83384
Mkl2,24.05887,23.64724,23.39532,23.64724
Tmem30a,26.48524,26.48933,25.82646,26.48524
Mogs,26.52096,26.37031,26.17936,26.37031
Prph,21.78943,21.43944,21.91178,21.78943
Tgfbrap1,25.19813,25.11601,24.87624,25.11601
Dap3,26.01517,26.05012,25.81027,26.01517
Coq6,25.54038,24.31555,23.93274,24.31555
Gldc,24.55022,24.4386,23.57854,24.4386
Acad8,26.55243,26.93753,26.1824,26.55243
Pcp4l1,26.88809,26.02208,25.77321,26.02208
Tmem132a,25.83759,25.64177,25.35579,25.64177
Ugt8,23.84479,23.19268,23.37544,23.37544
Cbr4,27.04145,27.10169,26.9901,27.04145
Tmed7,28.06502,28.67384,28.6585,28.6585
Kcnc3,,,,
Mavs,21.33756,22.20452,22.28557,22.20452
Slc25a51,26.1959,26.61274,25.62185,26.1959
Marcksl1,31.57768,31.16423,31.29176,31.29176
Elfn2,22.05976,22.57228,21.9155,22.05976
Tmed2,27.85031,28.13399,28.30356,28.13399
Akap8l,24.76663,24.84081,24.35037,24.76663
Tanc1,16.63962,17.57681,17.9841,17.57681
Hax1,24.15669,23.76769,23.89975,23.89975
Zranb2,26.20314,25.67015,25.879,25.879
Zfyve20,23.8348,23.85529,23.87727,23.85529
Hecw1,25.97079,25.82153,25.54289,25.82153
Sar1b,27.36545,27.70451,26.87842,27.36545
Dhrs4,26.2641,26.57759,25.81683,26.2641
Apool,26.3724,25.8399,25.506,25.8399
Ccdc92,24.59963,24.50312,23.80863,24.50312
Alg11,23.25624,23.99955,23.54227,23.54227
Znf512,28.03323,28.19479,27.57852,28.03323
Gyg1;Gyg,25.74018,25.39712,25.29288,25.39712
Map3k5,22.02276,21.45202,22.04186,22.02276
Fam135b,23.66947,23.76436,23.22171,23.66947
Slc30a9,24.54616,24.64113,24.35003,24.54616
Atg16l1,23.96217,23.64504,23.39074,23.64504
Mob2,24.25155,23.41377,24.10637,24.10637
Lrrc4b,25.94757,25.94436,25.62673,25.94436
Nup85,24.84594,25.18082,24.74776,24.84594
Fhit,17.86236,21.61275,21.18519,21.18519
Slc27a1,24.78117,24.18805,24.10181,24.18805
Gigyf1,20.32279,19.86697,20.06434,20.06434
Syt6,24.52624,24.2123,23.94646,24.2123
Ewsr1,26.12981,25.99613,26.13891,26.12981
Usp39,26.69445,26.52809,26.29193,26.52809
Snw1,24.80946,24.54215,24.95536,24.80946
U2surp,25.54716,25.74142,25.92232,25.74142
Cdk18,21.43609,15.24161,14.98997,15.24161
Cep76,,20.88926,,20.88926
Ncbp1,26.85745,26.94871,26.5106,26.85745
Slmap,24.28553,24.25551,23.11848,24.25551
Cox7a2l,29.19108,28.81394,28.80329,28.81394
Cpm,19.02226,17.3544,19.02961,19.02226
Dip2a,23.65764,23.82765,23.91169,23.82765
Prrc2b,22.45979,21.8584,21.60372,21.8584
Ndufv3,24.74827,24.75934,23.98346,24.74827
Ufl1,24.8761,24.82503,24.13782,24.82503
Rabgef1,24.73681,25.00415,24.61324,24.73681
Armc8,25.0304,25.17691,24.90729,25.0304
Ctsa,25.62522,26.20613,24.84685,25.62522
Mras,26.83099,26.22542,25.75223,26.22542
Apip,24.91223,25.21148,25.19287,25.19287
Bcas3,21.85852,25.01218,22.6688,22.6688
Lmtk2,22.17609,21.79903,21.65587,21.79903
Osbp2,22.24557,22.18749,22.09738,22.18749
Kpna4,26.43087,27.4267,26.46214,26.46214
Tenm1,24.3455,24.41183,24.1164,24.3455
Pacsin3,22.09655,21.8939,21.53393,21.8939
Dnajb2,25.03158,24.62103,24.1418,24.62103
Thyn1,25.55289,25.12837,24.05515,25.12837
Hdac6,25.54804,25.97323,25.57946,25.57946
Ptprj,24.19551,23.84374,23.78117,23.84374
Mta1,25.4011,25.39976,25.63157,25.4011
Luc7l3,27.45646,26.22273,26.168,26.22273
Pts,23.15139,22.11959,22.56488,22.56488
Kctd13,21.49829,22.9574,21.16956,21.49829
Nt5m,24.67039,23.66817,22.7533,23.66817
Tpm2,16.21549,23.26284,24.15754,23.26284
Pdcd10,26.39991,26.11303,26.20473,26.20473
Abca5,23.93499,23.69816,22.96686,23.69816
Htra2,26.27492,25.91246,25.34979,25.91246
Atg4b,26.27491,26.06301,25.87837,26.06301
Gstm3,24.46532,24.48124,24.5538,24.48124
Ntrk3,24.29691,24.89643,24.26671,24.29691
Cpsf6,25.38403,26.20579,26.46094,26.20579
Mdp1,25.92123,25.89083,24.71225,25.89083
Numb,20.96226,21.6641,22.50874,21.6641
Prex2,19.22595,17.63566,17.87748,17.87748
Grsf1,25.36276,25.19798,24.7263,25.19798
Usp19,24.61082,24.16039,23.97614,24.16039
Tns1,19.66537,19.27399,21.18095,19.66537
Nrip2,,,,
Ildr2,21.59291,20.28195,20.56188,20.56188
Wdr82,27.42158,27.45372,27.32174,27.42158
Pcyt1a,26.78594,26.85911,26.70754,26.78594
Osbpl11,26.10596,26.12135,25.49299,26.10596
Ublcp1,23.78885,23.69965,22.91643,23.69965
Pik3cb,23.06041,23.88976,22.96675,23.06041
Rap1a,26.43168,26.32822,26.87138,26.43168
Acbd6,26.13905,26.10109,25.98072,26.10109
Gabrb3,26.25672,25.47624,26.11581,26.11581
Agps,26.9061,26.89643,26.02221,26.89643
Ap1s1,26.74957,27.26222,26.60399,26.74957
Baz1b,25.54601,25.60659,25.16388,25.54601
Gstt1,19.98912,,22.54597,21.267545
Mcat,26.78119,26.71227,26.28238,26.71227
Purg,27.32869,27.07959,26.80538,27.07959
Hspa13,26.54141,26.94011,26.03034,26.54141
Rnf20,24.99356,24.74822,24.66411,24.74822
Gab1,22.78117,23.09624,21.8674,22.78117
Dscr3,26.98425,27.0336,26.58219,26.98425
Celf4,27.59882,27.78138,27.26696,27.59882
Cpox,24.06546,24.10238,24.2527,24.10238
Sirt5,26.57917,26.78107,26.55552,26.57917
Uap1,24.88101,24.48148,24.12581,24.48148
Gabarapl1,27.15817,26.78319,26.94592,26.94592
Ube2d3,29.62392,30.21847,29.91613,29.91613
Gprasp1,24.15105,24.47636,24.51196,24.47636
Stat3,23.63887,23.08042,23.1193,23.1193
Ranbp6,24.3656,25.16764,24.41693,24.41693
Spata5,26.42381,26.32519,26.03928,26.32519
Grm7,23.55086,23.65218,23.58095,23.58095
Cuta,25.77113,26.77153,26.70477,26.70477
Zwint,25.75142,25.5225,25.38555,25.5225
Serpinb9,21.86876,21.88189,21.85259,21.86876
Cnpy3,25.40002,25.51971,25.50154,25.50154
Dagla,21.82792,21.94228,21.24226,21.82792
Reps1,23.49216,23.78017,22.44587,23.49216
Gnb4,27.5979,27.90006,27.43014,27.5979
Cnpy2,26.53974,26.04685,24.97189,26.04685
Emd,25.52901,25.48763,25.31941,25.48763
Igsf9b,23.20296,21.14874,24.18056,23.20296
Nup210,26.41474,26.54799,26.23621,26.41474
Rmnd1,23.76486,24.43466,24.16092,24.16092
Nlgn4l,24.83302,24.70086,24.08481,24.70086
Wipf2,24.15429,24.57715,22.87744,24.15429
Nit1,24.92388,24.94967,24.86524,24.92388
Sdf4,24.82012,24.45262,24.30626,24.45262
Uhrf1bp1l,23.66199,23.28926,22.99592,23.28926
Cspg5,26.44417,26.03938,26.06958,26.06958
Rab23,27.14657,27.03223,26.58291,27.03223
Commd2,26.10348,26.15702,26.0151,26.10348
Nup214,22.69681,23.0638,22.79269,22.79269
Arl1,28.58939,28.65619,28.47626,28.58939
Ubr1,24.07912,24.45488,23.95278,24.07912
Atp5s,26.05585,26.35562,25.80809,26.05585
Kidins220,25.82614,25.60549,25.23699,25.60549
Gpc4,27.30973,27.44766,27.17512,27.30973
Ttc37,23.58463,23.43339,22.56737,23.43339
Trim46,26.57802,26.95726,26.58319,26.58319
Prps2,25.55707,25.51177,25.32076,25.51177
Ca14,,13.39781,,13.39781
Mtmr9,25.59167,25.87893,25.13712,25.59167
Traf3,21.82788,22.09607,21.86374,21.86374
Acap2,24.28193,23.75338,23.05925,23.75338
Jam3,22.56337,22.51015,19.90993,22.51015
Ube2e3,25.35703,25.24978,26.46733,25.35703
Prpf40a,26.46048,26.40918,25.79764,26.40918
Srgap1,25.38561,25.5979,25.2557,25.38561
Ptcd3,25.88862,25.79402,25.98774,25.88862
Unc45b,20.73694,,,20.73694
Uckl1,25.38943,25.09237,24.8986,25.09237
Ubac1,25.2322,25.19761,24.91063,25.19761
Rab9a;Rab9,27.33586,27.31346,26.74188,27.31346
Ppie,22.79313,23.04557,22.16693,22.79313
Txndc12,27.09597,26.48789,26.46006,26.48789
Supv3l1,25.19475,25.93364,25.12888,25.19475
Xrn2,25.72531,26.15781,25.94662,25.94662
Kiaa1467,25.52966,25.34851,25.0653,25.34851
Clic6,17.78315,20.85605,19.45882,19.45882
Vps25,27.10669,27.16394,26.80587,27.10669
Srsf5,28.86192,28.51315,28.78722,28.78722
Dzank1,22.43946,22.03076,21.32405,22.03076
Timm23,27.67074,27.15364,26.89966,27.15364
Rras,24.40009,23.42573,22.6657,23.42573
Cpne9,,,,
,26.19191,26.5241,26.25647,26.25647
Fcho2,23.58623,23.15522,22.22491,23.15522
Pum1,26.36349,26.06842,25.81809,26.06842
Naa25,25.488,25.36976,24.88721,25.36976
Cyp51a1,26.94525,26.94414,26.72975,26.94414
Vps8,25.41635,25.18382,24.9376,25.18382
Nudcd2,26.58018,26.95837,26.10474,26.58018
Hexa,24.58532,23.99654,23.52229,23.99654
Erbb2ip,23.46089,23.32292,23.16907,23.32292
Faah,24.2071,24.61846,23.93697,24.2071
Atg9a,23.99757,24.60179,23.97649,23.99757
Vps36,26.21475,26.16498,25.48022,26.16498
Pikfyve,23.06375,23.11929,23.29165,23.11929
Prdm16,25.5754,25.74373,25.89308,25.74373
Mrpl40,26.29099,25.65105,24.82483,25.65105
Vps18,25.47302,25.50588,25.27615,25.47302
Nbas,23.86505,23.96526,23.75817,23.86505
Fgf1,24.45325,23.78506,20.50349,23.78506
Prpf6,26.30105,26.18115,26.23949,26.23949
Adrm1;Gm9774,27.94129,27.96637,27.3726,27.94129
Dfna5,25.82464,25.71581,25.53148,25.71581
Tpm3,21.59805,20.91561,18.8087,20.91561
Zw10,25.19114,24.8321,24.01945,24.8321
Ccdc90b,24.89162,24.9771,24.37232,24.89162
Zyg11b,25.45312,25.63326,25.03192,25.45312
Trmt112,27.89122,27.69325,27.64458,27.69325
Rps6ka3,24.8683,24.44979,24.5027,24.5027
Sec63,25.8642,26.17531,25.97237,25.97237
Eif1a;Gm8300;Gm2016;Gm21936;Gm2035,28.19943,28.11297,28.02892,28.11297
Trappc12,25.61555,25.30062,25.31831,25.31831
Apba1,25.19727,24.83576,25.08986,25.08986
Atg5,25.32667,25.68453,24.54963,25.32667
Srsf10,27.62561,27.30138,26.64664,27.30138
Atat1,28.23059,28.08015,27.82669,28.08015
Dnajb6,25.63395,25.42191,25.45522,25.45522
Ncstn,25.54893,25.04126,25.19299,25.19299
Metap1,26.80193,27.19056,26.58964,26.80193
Ubxn2b,24.18246,24.2006,23.61257,24.18246
Rpap3,24.79902,24.36693,24.2333,24.36693
Mrps22,26.09079,26.3688,26.21453,26.21453
Mta2,26.50415,26.23186,26.43875,26.43875
Lrrc16a,23.37265,23.16805,22.45616,23.16805
Mvb12b,26.92309,26.79897,26.11144,26.79897
Ggps1,25.2617,25.03196,25.50349,25.2617
Zbtb8os,25.05833,24.76486,24.00684,24.76486
Tm9sf2,27.68959,27.93196,27.21873,27.68959
Kcnc1,20.73132,19.53627,20.99348,20.73132
Adcy2,20.62006,22.28501,21.39357,21.39357
Acox3,24.66639,23.61941,23.21166,23.61941
Sdk2,20.65692,20.52793,21.0452,20.65692
Pin4,26.62812,26.02806,25.59611,26.02806
Wdr41,25.21082,25.4339,24.63317,25.21082
Drap1,29.03517,28.62708,25.08253,28.62708
Synpr,25.64513,23.8931,24.3837,24.3837
Akap10,24.35198,24.24895,24.05829,24.24895
Commd4,26.37187,26.38415,25.70941,26.37187
Stat1,25.84984,25.65783,24.60975,25.65783
Tiam1,20.93395,21.6321,21.6894,21.6321
Calcoco1,22.29387,23.02251,21.47497,22.29387
Hist1h1c,28.44904,28.90899,27.99243,28.44904
Eny2,27.56209,27.9941,27.32817,27.56209
Poldip2,26.56168,26.54008,26.30619,26.54008
Prrc1,24.9822,24.85234,24.39754,24.85234
Shisa7,22.4957,21.90786,19.04065,21.90786
Fxn,24.9313,25.47324,24.75776,24.9313
Smarca2,24.46139,24.08197,24.08934,24.08934
Ttl,26.92173,26.79414,26.78357,26.79414
Inadl,19.02958,,,19.02958
C1qa,23.3692,21.02195,16.74004,21.02195
Dctn5,27.61751,27.18433,27.34249,27.34249
Cpsf7,26.28664,26.01958,26.05159,26.05159
Dhx29,25.0106,25.1404,24.7145,25.0106
Aida,26.05501,25.92592,25.66338,25.92592
Wipf3,22.45048,23.11143,21.99262,22.45048
Ggct,23.86344,23.35259,23.35313,23.35313
Snrpg,29.18137,29.49137,29.12908,29.18137
Gpcpd1,21.08784,21.83611,21.46638,21.46638
Cbx1,26.85079,26.4895,26.4646,26.4895
Shisa6,18.56915,20.48611,17.32843,18.56915
Lrsam1,25.34035,25.34526,25.05325,25.34035
Mospd2,24.69906,23.89032,23.80095,23.89032
Sars2,25.91978,25.69853,24.52301,25.69853
Nxf1,26.55164,26.80907,25.86889,26.55164
Dhrs7,24.31001,24.1997,23.55824,24.1997
Cacna1b,21.33167,21.95013,21.53867,21.53867
Znhit6,21.10111,20.94942,21.10572,21.10111
2015-09-03 00:00:00,,24.83803,24.61504,24.726535
Ccbl1,22.7604,23.41351,22.50707,22.7604
Adar,24.88078,24.74776,24.43543,24.74776
Crmp1,26.73982,26.99442,27.26329,26.99442
Trappc9,24.74904,25.26485,24.94042,24.94042
Lars2,25.02884,24.97719,24.6726,24.97719
Il1rapl1,22.71835,22.52636,22.90296,22.71835
Prpf4,25.25598,25.74083,25.22714,25.25598
Clstn3,25.10105,25.25688,24.34035,25.10105
Slc4a7,24.72671,24.61386,23.86127,24.61386
Fads2,27.53103,27.09184,27.16701,27.16701
Cstf3,24.68057,24.54593,24.48087,24.54593
Mapk9,24.45463,24.37749,24.31555,24.37749
Get4,27.03633,27.04604,26.89389,27.03633
Eif2b3,27.10629,26.95371,26.64279,26.95371
Rbm10,23.46762,23.35084,23.51929,23.46762
Kifap3,26.86726,26.75494,26.49421,26.75494
Bcl2l1,25.54218,25.47516,25.22634,25.47516
Fryl,23.24645,23.21704,22.51836,23.21704
Gatm,25.12159,25.21048,24.87436,25.12159
Ift22,27.42374,27.3652,26.88542,27.3652
Esyt2,24.29915,24.0426,24.06661,24.06661
Synm,21.59901,19.23587,21.1414,21.1414
Safb2,22.47823,21.82656,22.40652,22.40652
Pfdn4,29.40736,29.05346,28.87347,29.05346
Mtcl1,19.6292,21.27373,21.02432,21.02432
Dpp8,25.56381,25.26528,24.95349,25.26528
Mp68,29.00919,28.9718,28.63256,28.9718
Rin1,19.57247,14.18069,17.30269,17.30269
Pgs1,24.74458,24.72234,23.51364,24.72234
Anapc1,25.83137,25.61782,24.92805,25.61782
Adhfe1,23.09091,21.45212,21.54232,21.54232
Slc6a3,22.38464,24.67082,22.62752,22.62752
Nmt2,27.08081,27.19676,26.8839,27.08081
Dnmt1,24.55462,24.45607,24.16653,24.45607
Lin7b,22.33949,22.08974,21.21424,22.08974
Sord,23.53801,23.72546,23.98598,23.72546
Gnao1,26.24336,27.4174,25.31427,26.24336
Magi3,24.11965,23.81176,22.96897,23.81176
Mal2,27.87121,27.022,27.46389,27.46389
Aspscr1,25.3805,25.61577,24.99317,25.3805
Skiv2l,23.39126,23.37026,22.94997,23.37026
Tmem33,26.57759,27.6095,26.20313,26.57759
Actl6b,27.44664,27.53014,26.91934,27.44664
Pak7,25.76035,25.93995,25.3041,25.76035
Ecsit,24.65294,24.97044,24.54522,24.65294
Syngr1,27.86726,28.0211,27.43968,27.86726
Cntn4,21.52602,20.24237,20.45372,20.45372
Stk4,24.43103,23.76759,24.76896,24.43103
Celf1,28.19878,28.57967,27.73847,28.19878
Cd99l2,25.84917,25.71146,25.29869,25.71146
Pigk,26.56545,26.11991,26.29723,26.29723
Fundc2,25.59007,25.79749,24.89966,25.59007
Ubash3b,24.04252,25.08489,23.69424,24.04252
Ap3b1,24.30925,23.93535,23.80351,23.93535
Rab4b,26.34684,26.30205,25.65908,26.30205
Mrpl13,26.97847,29.36129,29.10182,29.10182
Smpd1,24.89125,24.95265,23.81675,24.89125
Bcap29,23.00517,22.87661,23.33756,23.00517
Prkab1,25.89275,25.74024,24.86971,25.74024
Pde4a,19.24741,20.841,17.78622,19.24741
Faf1,25.51072,25.65927,25.38499,25.51072
Ttc9,24.78492,26.28704,25.65875,25.65875
Lamp2,25.65351,25.34218,25.23524,25.34218
Ogfrl1,22.51065,22.01049,22.14551,22.14551
Begain,18.23776,17.92515,17.41328,17.92515
Ctsl,25.9237,24.84412,24.5604,24.84412
Rmdn1,26.2438,25.58586,24.93607,25.58586
Ipo4,26.72676,26.82226,26.36995,26.72676
Hsd17b11,24.54345,23.88101,23.63567,23.88101
As3mt,22.99891,21.65478,19.98676,21.65478
mt-Cytb;Mt-Cyb,24.61049,24.78526,24.30222,24.61049
Macrod1,26.35872,26.71096,25.65824,26.35872
Myo1c,23.88893,23.46501,23.87399,23.87399
Rpa3,27.23891,26.62478,26.23341,26.62478
Edil3,29.02197,28.9073,28.68214,28.9073
Ube2z,26.41772,26.64609,26.81458,26.64609
Gopc,25.67042,25.75931,24.66606,25.67042
Akr1e2;Akr1e1,24.25731,23.99757,23.36413,23.99757
Them6,25.83485,26.12437,23.37186,25.83485
Strip1,26.20682,26.52914,26.00067,26.20682
Sympk,24.79104,24.68843,24.49467,24.68843
Rb1cc1,22.86321,23.27668,22.28059,22.86321
Agap1,26.18813,26.4284,25.49338,26.18813
Ulk3,22.73504,24.70614,22.0891,22.73504
Lsm14b,26.32131,26.8098,26.62798,26.62798
Tm9sf4,26.67034,26.98098,26.58133,26.67034
Eml4,25.49802,25.85954,25.60385,25.60385
Cnnm2,22.48072,22.30159,22.88991,22.48072
Ndufa3,,24.56686,,24.56686
Cnot7,26.96113,27.09708,26.48441,26.96113
Ufc1,26.29469,25.81892,25.61734,25.81892
Ccdc50,23.11164,23.62344,22.33287,23.11164
Stim2,21.2454,21.79114,21.93157,21.79114
Herc2,24.07659,24.03473,23.61919,24.03473
Ptprn,20.25257,19.67682,16.79462,19.67682
Ace,20.03684,20.01577,19.55791,20.01577
Nudt9,26.33812,25.84592,25.5864,25.84592
Nenf,26.05068,25.67527,25.77661,25.77661
Rpl32,29.80541,30.22228,29.5745,29.80541
Nhlrc2,25.7986,24.35991,23.62756,24.35991
Rdh14,25.64138,26.36357,26.01744,26.01744
Mfge8,28.4219,27.41006,27.27311,27.41006
Zyx,22.21875,24.11402,22.6289,22.6289
Ccbl2,23.43797,23.12084,21.18095,23.12084
Clcn6,25.9697,25.89101,25.59784,25.89101
Ccz1,26.02924,25.22667,25.0178,25.22667
Eif2b4,26.90173,26.97946,26.87736,26.90173
Osbpl9,25.71578,26.15464,25.82784,25.82784
Mrpl37,26.29249,26.1848,25.47008,26.1848
Plekha5,22.06812,21.62458,21.50572,21.62458
Herc1,23.85681,24.30194,23.70925,23.85681
Eif4e2,25.82277,25.6279,25.35043,25.6279
Adprhl2,26.05314,25.68116,25.69102,25.69102
Reps2,23.40989,22.76415,22.70757,22.76415
Ilkap,25.45356,25.48889,25.15839,25.45356
Slc25a20,26.86891,27.11168,26.67371,26.86891
Zer1,25.02445,24.78511,24.33334,24.78511
Tigar,26.10063,26.05594,26.17056,26.10063
Spcs2,28.01356,27.70523,27.77323,27.77323
Map3k19,23.24926,23.94074,22.16619,23.24926
Acsl4,27.49587,27.75805,27.40397,27.49587
Frmd4a,26.46184,26.33826,25.92384,26.33826
Elp3,26.66912,26.6071,26.27238,26.6071
Ubr3,23.92262,23.78367,23.41467,23.78367
Gatsl2,26.02722,26.11172,25.66253,26.02722
D6Wsu163e,25.38472,25.7033,25.06632,25.38472
Rgs14,19.10395,17.24535,14.45879,17.24535
Tm9sf3,27.68144,27.78375,27.43682,27.68144
Dyrk1a,25.77165,25.27533,25.29299,25.29299
Isca2,25.54731,25.10358,24.69631,25.10358
Ist1,26.96631,26.66492,26.2321,26.66492
Ltn1,23.81656,24.18238,23.1628,23.81656
Dos,23.59991,23.54404,23.22185,23.54404
Skiv2l2,25.35548,25.36873,24.89208,25.35548
Gdpgp1,24.71968,24.42797,24.10246,24.42797
Chid1,24.78197,24.77796,24.35286,24.77796
Fubp3,24.61941,24.16592,23.86221,24.16592
Ppp4r2,25.22549,25.17851,25.08857,25.17851
Uck1,25.59747,25.30041,24.82313,25.30041
Rad21,23.86439,24.22207,23.6811,23.86439
Gigyf2,23.47085,23.30661,22.90544,23.30661
Anapc5,25.30501,25.70073,25.36246,25.36246
Uqcc2,27.24952,27.32526,26.01952,27.24952
Nemf,24.18412,24.17097,24.124,24.17097
Sorcs2,24.24699,23.74694,23.60048,23.74694
Rhot2;Gm20683,24.14289,25.42768,24.50288,24.50288
Prpf31,26.01924,25.76474,25.85738,25.85738
Fam171a2,26.50966,26.52489,26.30262,26.50966
Ubap1,23.07017,23.75634,23.05297,23.07017
Tmsb15l;Tmsb15b2,27.4893,26.9486,26.89481,26.9486
Ppp2r5b,26.77165,25.97218,26.31044,26.31044
Dak,27.11744,27.17588,26.15111,27.11744
Anxa1,20.85871,23.33497,25.83171,23.33497
Ube2h,26.39349,25.56892,26.22192,26.22192
Arhgef17,23.2764,22.64121,21.98555,22.64121
Col4a3bp,24.44683,23.97036,24.28093,24.28093
Galk1,28.22972,27.22931,26.90862,27.22931
Tbc1d17,25.7586,25.14903,25.10157,25.14903
Zc3h4,23.13483,22.975,22.86595,22.975
Nqo2,22.28156,18.51572,22.45894,22.28156
Cdk14,20.88643,21.55244,20.65788,20.88643
Mtr,22.60729,23.99593,22.51773,22.60729
6330403A02Rik,25.99419,26.64334,26.40454,26.40454
Abca2,22.61914,22.24853,22.17764,22.24853
Smarcd1,25.54486,25.61175,25.34932,25.54486
Serpina3k,14.11553,,,14.11553
Ppp6r1,25.73727,25.74737,24.93161,25.73727
Ralb,26.29983,25.75379,26.59719,26.29983
Armc10,28.2415,28.41603,27.86821,28.2415
Anks1b,20.56532,21.35202,19.67414,20.56532
Arpin,24.52001,23.62678,22.91714,23.62678
Ubl7,26.06755,25.14818,26.2778,26.06755
Ncoa5,26.83135,27.13839,26.89643,26.89643
Gns,24.13046,24.71482,24.61969,24.61969
Slc20a2,20.62346,21.63001,19.62416,20.62346
Map4k5,26.19003,26.17347,25.98553,26.17347
Arf4,29.04539,28.99402,29.29152,29.04539
Mark3,25.46986,25.41287,25.15491,25.41287
Tesc,19.92607,21.49194,19.29556,19.92607
Lrp1b,21.46608,20.89371,21.45247,21.45247
Sfr1,25.08898,24.23118,23.49644,24.23118
Xpnpep3,24.01086,23.99049,23.51232,23.99049
Aftph,22.1408,21.47442,21.69604,21.69604
Emc2,27.52783,27.04802,26.96091,27.04802
Tdrp,,21.239,,21.239
Mms19,25.25115,25.6147,25.05399,25.25115
Crtc1,24.64905,23.62511,22.69954,23.62511
Kcnip4,23.42008,23.68913,23.10369,23.42008
Bax,27.98397,27.95516,28.10864,27.98397
Tmco1,28.16816,28.22016,27.53438,28.16816
Eif2a,25.60241,25.79206,25.26685,25.60241
Ctage5,22.74337,23.27142,23.17922,23.17922
Mgrn1,24.70409,24.8044,23.95925,24.70409
Cops7b,26.20296,27.26508,26.71122,26.71122
Lrba,21.03355,21.0745,20.4709,21.03355
Ogfr,26.56253,26.19749,25.86122,26.19749
Prrt3,20.645,21.49028,20.41803,20.645
Tex2,22.39511,21.373,21.15524,21.373
Mylk,21.351,23.14849,22.34741,22.34741
Pi4k2a,25.46167,25.17908,25.28796,25.28796
Nup107,24.38844,24.70688,24.08724,24.38844
Tnxb,23.12291,23.16817,19.21608,23.12291
Uprt,25.43832,25.44834,23.91251,25.43832
Nhp2,26.25286,25.97537,25.79466,25.97537
Dguok,25.53181,24.94015,25.58138,25.53181
Spg20,21.00003,20.51826,20.86408,20.86408
Psmd9,26.01827,26.49265,26.19348,26.19348
Cpeb4,25.41287,25.46529,25.56596,25.46529
Taok2,25.4646,25.6782,25.38265,25.4646
Mrpl44,26.71869,26.89308,26.47361,26.71869
Pik3r2,23.35703,23.47482,22.01825,23.35703
Myo1b,26.93663,26.71895,26.15308,26.71895
Kiaa1109,21.34635,21.82981,21.49799,21.49799
Grip1,25.1514,25.01534,24.99542,25.01534
Hdac11,22.40831,22.87266,22.80753,22.80753
Emc3,27.21965,26.97115,26.63506,26.97115
Iscu,25.28517,25.01695,23.69317,25.01695
Lamp5,18.507,,18.55169,18.529345
Ube2g1,26.35973,26.48585,26.0677,26.35973
Sf3b5,27.21595,26.62729,27.09497,27.09497
Csdc2,26.58319,25.53582,25.09188,25.53582
Fntb,24.01035,24.70872,24.92913,24.70872
Wbp11,24.02597,23.21433,23.54816,23.54816
Ado,26.1151,25.99734,25.54819,25.99734
Rab22a,26.23195,26.36726,25.75797,26.23195
Stat5b,21.00422,21.63072,20.93438,21.00422
Cdk17,24.40834,24.53843,24.12392,24.40834
Grid1,24.24336,24.13218,23.54934,24.13218
Slc7a2,25.02593,25.31762,24.84168,25.02593
Fam98a,25.48272,25.21941,25.50758,25.48272
Rabgap1l,25.7934,25.30348,25.50151,25.50151
Ephb2,26.42021,26.4474,25.86927,26.42021
Fam175b,25.86179,26.23142,26.806,26.23142
Dars2,25.2738,24.93899,24.74294,24.93899
Lima1,22.79766,21.77656,22.78995,22.78995
Dtx3,25.681,25.71434,24.46008,25.681
Tbr1,23.96631,24.02952,24.35313,24.02952
Ftsj1,24.33838,24.29425,24.37504,24.33838
Dhdh,18.90604,16.7378,21.21892,18.90604
Pcdh17,23.06242,23.89624,24.16791,23.89624
Csad,22.03123,22.05026,21.56025,22.03123
Clec16a,23.91889,23.65294,23.10669,23.65294
Pdia6,18.24377,,,18.24377
Gcfc2,19.97729,21.28387,21.6838,21.28387
Scg3,24.88479,24.68105,25.16269,24.88479
Spred1,20.89356,19.28591,22.09003,20.89356
Kcnj6,26.58921,22.11009,21.99462,22.11009
Wdr12,25.16707,24.93396,25.14965,25.14965
Mrps31,25.66338,25.16787,25.20937,25.20937
Mpp5,22.26388,21.80286,21.67689,21.80286
Tenm3,25.04706,24.89018,24.43886,24.89018
Pam16,25.95779,25.83627,25.69357,25.83627
Rgs12,23.9974,23.70936,22.63407,23.70936
Wdr91,24.30334,24.60445,23.71492,24.30334
Srp9,26.99776,27.18433,26.35026,26.99776
Coq5,25.06032,24.77092,24.24844,24.77092
Chga,23.56639,22.27429,22.48886,22.48886
Srsf4,26.62255,26.21727,26.21043,26.21727
Mrpl45,26.41698,26.57975,25.41658,26.41698
Podxl,24.64807,24.37882,24.24394,24.37882
Psme2,27.88122,27.58018,27.79501,27.79501
Tpmt,25.17272,25.2103,24.7959,25.17272
Lppr3,26.70293,26.61723,26.34206,26.61723
Ttyh3,25.20348,25.22376,25.50413,25.22376
Fbxo21,25.61122,25.24956,25.03251,25.24956
Impdh1,27.12337,26.85305,26.51569,26.85305
Chmp6,26.91582,26.78955,26.03834,26.78955
Sec61b,28.33879,27.70813,27.99178,27.99178
Mlf2,24.81934,24.88999,25.48514,24.88999
Tmem132b,22.86908,22.1022,20.92085,22.1022
Prkag1,25.24808,25.02555,24.03414,25.02555
Rpl36,30.17057,29.49947,30.99766,30.17057
Dnajb5,25.37069,25.24394,24.82934,25.24394
Sema4b,23.06334,22.17804,21.34954,22.17804
Paox,24.93634,25.01321,24.4256,24.93634
Pomgnt2,25.46563,25.45504,25.16346,25.45504
Hdac5,23.20589,23.12424,22.29337,23.12424
Hscb,24.21549,24.94521,24.12581,24.21549
Acp1,24.04343,24.48155,,24.26249
Tapt1,25.45413,25.57882,24.93067,25.45413
Cpne7,22.54168,22.00556,22.08323,22.08323
Grik2,25.22681,24.03699,23.43262,24.03699
Scrg1,21.36746,20.0486,21.89829,21.36746
Pxk,24.22486,23.07915,23.20474,23.20474
Cpt1c,24.2781,24.94655,24.3672,24.3672
Dhodh,26.08186,26.15489,25.38772,26.08186
Ptprt,21.67741,21.3005,21.36367,21.36367
Tubgcp3,23.97806,24.35911,23.34313,23.97806
Agbl4,,,,
Lamtor5,27.94352,28.11634,28.40207,28.11634
Phax,22.3493,21.8245,21.43538,21.8245
Grid2ip,18.04878,13.7752,,15.91199
Ccm2,24.10238,23.80646,23.6826,23.80646
Ttc38,18.73003,18.70745,20.05907,18.73003
Ilvbl,26.4968,26.37948,26.08669,26.37948
Polr2c,26.49376,26.06741,26.55681,26.49376
Ctps2,24.83224,25.12676,24.89611,24.89611
Vwa1,20.40717,,,20.40717
Psmg1,27.22306,27.24771,26.74906,27.22306
Sema4a,24.39682,18.50125,19.77382,19.77382
Tomm20,28.52096,28.22283,28.01169,28.22283
Lpin2,22.09491,22.1688,21.87,22.09491
Swap70,23.60365,22.29981,22.54642,22.54642
Surf4,26.30765,26.66085,26.26302,26.30765
Slc39a12,17.25451,19.58716,16.1512,17.25451
Coa3,,27.30617,23.88455,25.59536
Dock10,18.39586,19.6837,17.94289,18.39586
Phka1,19.35804,20.14743,18.68291,19.35804
Xpot,26.325,26.55544,26.0422,26.325
Pvrl3,23.65611,22.84458,22.81816,22.84458
Katnal1,25.58308,25.44111,25.12317,25.44111
Dpp7,23.01206,22.50407,21.81241,22.50407
Slc12a9,25.03255,24.41751,23.98893,24.41751
Nptn,,,,
Necap2,22.09452,23.01517,20.05682,22.09452
Pter,24.72993,24.8347,23.64427,24.72993
2210016F16Rik,24.02141,24.25789,23.13643,24.02141
Fhl1,27.69757,28.25647,27.42262,27.69757
Carhsp1,28.46404,28.30413,28.2833,28.30413
Raph1,24.01478,23.37199,23.54191,23.54191
Nek9,23.97719,25.22369,24.37955,24.37955
Ankrd28,25.50009,25.40071,24.89384,25.40071
0610037L13Rik,26.70094,26.13377,25.68209,26.13377
Commd10,26.32857,26.07759,26.14715,26.14715
Golt1b,26.37011,26.49531,26.37994,26.37994
Lrrc8c,22.40296,23.16045,22.66902,22.66902
Tmem35,28.33441,28.10495,28.25894,28.25894
Selm,19.9631,23.64042,20.60775,20.60775
Wash1,24.76501,24.97329,22.03204,24.76501
Stx7,27.43547,27.52418,27.42518,27.43547
Nme3,26.94369,27.37294,26.91707,26.94369
Efnb3,26.41743,25.9655,26.10512,26.10512
Mrpl49,25.99604,26.04473,25.61383,25.99604
Rapgef5,23.24952,23.05729,23.11932,23.11932
Marco,18.18974,15.34638,18.48188,18.18974
Cfdp1,24.91889,24.81343,24.78796,24.81343
Psd2,25.95963,25.6462,25.43635,25.6462
Haghl,25.06172,26.90828,24.94494,25.06172
Ptprf,24.29677,24.55807,23.98381,24.29677
Slc4a3,20.39414,18.38174,17.45169,18.38174
Rae1,28.00758,27.86278,27.53378,27.86278
Hexdc,22.32375,22.80195,22.11604,22.32375
Trappc6b,25.49054,26.10524,25.11601,25.49054
Otud7b,20.43125,21.21774,19.30839,20.43125
Pag1,24.10653,23.41957,23.40665,23.41957
Elp4,24.34415,24.19468,23.17014,24.19468
Arpp21,24.48597,23.2025,23.5438,23.5438
Commd3,25.5754,25.85688,26.3735,25.85688
Slc7a14,22.96533,23.73138,23.91798,23.73138
Dnal1,26.70701,26.4748,26.23433,26.4748
Chn1,25.73047,25.82866,25.55628,25.73047
Hars2,26.26053,26.34121,25.23513,26.26053
Emc7,26.77518,26.87397,26.59278,26.77518
Mvd,28.10184,27.7986,27.81097,27.81097
Pycrl,27.82517,27.86443,27.13975,27.82517
Rwdd1,26.56033,25.30476,25.3435,25.3435
Fip1l1,24.32759,24.04335,22.70087,24.04335
Txndc9,26.24018,25.8084,25.32663,25.8084
Efr3a,20.83599,19.21854,20.30808,20.30808
Arl2,27.23882,27.59434,26.87853,27.23882
Nos1ap,22.89008,21.40759,20.72501,21.40759
Cbln1,22.23023,19.68844,23.09685,22.23023
Ube2v2,26.98403,26.42664,26.88145,26.88145
Pcbp3,26.61526,26.12605,25.97452,26.12605
Abcg2,23.25246,22.91702,22.90008,22.91702
Ctdp1,24.19701,23.68228,23.52325,23.68228
Clgn,21.27287,19.00794,19.48856,19.48856
Map4k2,19.49264,19.55474,15.98186,19.49264
Ttc1,25.40536,25.38047,25.12971,25.38047
Sh2b1,24.44809,24.85134,24.60077,24.60077
Rwdd2a,19.84459,20.08226,19.83841,19.84459
Dctn1,18.53321,,19.91503,19.22412
Crnkl1,25.46389,24.38397,24.87497,24.87497
Stx16,25.0914,24.54038,24.48401,24.54038
Pde12,26.25488,26.53211,26.19689,26.25488
Rbm15,24.55292,24.20933,23.99723,24.20933
Ssr4,30.29088,30.18719,29.69954,30.18719
Ptpn9,25.38564,25.26438,25.19854,25.26438
Dnajc9,24.14118,23.25289,22.58194,23.25289
Napepld,20.10252,18.59536,19.29849,19.29849
Rprd2,23.37398,23.2981,22.18728,23.2981
Gmpr2,26.47246,26.3928,25.35488,26.3928
Ctbp1,,,,
9030617O03Rik,23.85091,24.11521,22.68609,23.85091
Hspbp1,26.04402,26.76648,25.8148,26.04402
Arhgap25,20.17998,16.89427,22.03009,20.17998
Pex14,26.06089,26.02488,25.83668,26.02488
Vti1b,25.57288,25.52229,25.75692,25.57288
Cacnb1,25.4425,25.65111,25.18892,25.4425
Ppp3r1,16.1113,18.0234,17.88292,17.88292
Grik3,22.53303,22.57404,21.82602,22.53303
Rprd1b,25.90196,25.29035,25.63945,25.63945
Ap3s1,27.53445,27.70583,27.49663,27.53445
Mybbp1a,26.54025,26.60159,26.22138,26.54025
Psip1,24.67169,24.39408,23.58566,24.39408
L2hgdh,25.41548,25.45535,24.83562,25.41548
Scrn2,24.50039,24.52277,24.24285,24.50039
Agpat1,27.13359,27.28595,27.01393,27.13359
Brcc3,25.43625,25.92264,25.75103,25.75103
Cadps,18.00135,17.79373,,17.89754
Btf3,27.63962,27.33952,27.22389,27.33952
Kcnd2,25.39758,24.89555,24.45344,24.89555
Gprc5b,22.84562,22.95308,22.39553,22.84562
Ntng1,21.05112,20.97001,20.9512,20.97001
Pitpnm3,18.15135,20.23245,21.68915,20.23245
Rab11fip2,23.27441,23.27355,22.92738,23.27355
Cpped1,25.65742,25.34723,26.36205,25.65742
Tbc1d15,23.26442,22.34989,23.07645,23.07645
Slirp,26.44755,26.37916,24.91027,26.37916
Rabggtb,25.46799,25.85491,24.75807,25.46799
Rp2,24.48505,24.8146,23.79679,24.48505
Cc2d1b,21.92358,21.24702,21.39822,21.39822
Polr2b,25.7518,25.86143,25.96376,25.86143
Agpat5,24.70641,24.9693,23.64801,24.70641
Rundc3a,26.28107,26.53767,25.91513,26.28107
Ube4a,25.52692,25.73743,24.69365,25.52692
Vgf,26.46064,20.81597,22.26339,22.26339
Cd38,,,,
Slc12a6,21.36885,20.30886,20.3144,20.3144
Rnf123,23.80872,24.02715,23.15823,23.80872
Nasp,26.24085,25.09567,25.89504,25.89504
Bckdhb,25.79489,26.48815,25.15368,25.79489
Ccrn4l,24.43199,24.94775,24.45432,24.45432
Hmga1,27.08639,25.91762,26.75621,26.75621
Pacs2,25.19103,25.77334,24.89684,25.19103
Tbrg4,25.64952,25.819,25.18616,25.64952
Fam195b,26.2126,26.23226,25.92275,26.2126
Ccdc124,24.98081,24.01818,24.22066,24.22066
Rpl34,30.13651,30.13919,29.91613,30.13651
Ncbp2,25.96338,26.22221,26.19203,26.19203
Tmx1,28.37997,28.4885,27.40007,28.37997
Hmgb3;Gm6104,29.03031,28.71983,29.08101,29.03031
Il1rap,21.35466,23.18309,19.19456,21.35466
Nrn1,,,,
Itch,24.55039,23.98676,24.3841,24.3841
Soga1,24.75302,23.92551,24.75083,24.75083
Tstd3,25.50042,25.30163,25.14402,25.30163
Gprin3,21.7248,19.55152,21.66027,21.66027
Phf6,26.11178,25.7889,25.80723,25.80723
Ndufaf2,26.66777,26.80427,26.92241,26.80427
Slc23a2,24.4729,24.38364,23.95163,24.38364
Fam151b,23.16457,23.13644,23.20686,23.16457
Ndufaf1,23.88855,23.7318,24.31285,23.88855
Clec2l,23.36119,23.69636,21.2092,23.36119
Prpf3,25.1658,24.78412,24.50154,24.78412
Sarnp,26.59235,25.90653,26.10973,26.10973
Tango2,25.377,25.4921,24.93755,25.377
Psd3,21.75593,19.34979,21.32152,21.32152
Wfs1,,,23.98251,23.98251
Insr,23.62868,23.27853,23.0022,23.27853
Fam63a,25.26589,25.38505,24.37046,25.26589
Ttc39c,22.58091,22.25191,22.67355,22.58091
Csnk1g2,25.13163,25.47837,25.13258,25.13258
Taco1,26.557,26.75277,26.20981,26.557
Prkg1,21.94557,15.39851,17.21,17.21
Nup37,24.29831,24.56987,24.04385,24.29831
Spin1,26.77605,26.66696,26.84936,26.77605
Ttc3,25.16166,25.1303,24.81856,25.1303
Cpsf3,25.13352,25.43781,24.76218,25.13352
Sardh,18.10983,20.53374,18.89608,18.89608
Nhp2l1,28.03276,28.56315,27.87888,28.03276
Minpp1,24.46899,24.74227,22.94714,24.46899
Tmed9,28.13085,28.29855,28.03727,28.13085
Mtss1,24.67309,24.39643,24.42579,24.42579
Tph2,,17.1332,,17.1332
Porcn,25.02077,25.3676,24.74026,25.02077
Tmcc2,23.91998,23.56139,23.06181,23.56139
Hid1,24.91948,24.96468,24.24887,24.91948
Gspt2,24.89282,24.67422,23.34841,24.67422
Ankrd46,26.6443,26.60003,26.33538,26.60003
Map2k7,23.44101,23.23501,23.44278,23.44101
Cntnap4,22.22515,22.4094,22.28193,22.28193
Tbc1d13,25.5899,25.91757,25.34015,25.5899
Gale,24.49808,24.29116,24.27831,24.29116
Vars2,22.92991,22.86699,22.2951,22.86699
Vldlr,24.14787,24.09997,23.49717,24.09997
Zfyve9,23.01403,23.18988,22.83337,23.01403
Pcdhgc5,20.90954,20.17658,19.4246,20.17658
Mark4,24.76091,24.8491,24.33804,24.76091
Fam136a,26.94971,27.06846,26.42541,26.94971
Nlgn1,22.91692,22.70944,22.08677,22.70944
Opa3,26.40111,26.32181,25.69692,26.32181
Dad1,26.24947,27.43936,26.22861,26.24947
Ubap2,24.12353,24.04469,23.99619,24.04469
Tbc1d9b,23.48161,23.61336,22.57462,23.48161
Zmat2,24.18775,23.94494,24.31077,24.18775
Mta3,24.26807,24.09965,24.18003,24.18003
Agfg2,23.9331,23.83904,23.01492,23.83904
Hcfc2,22.17795,21.95971,23.43301,22.17795
Pygl,25.2394,25.4248,24.85239,25.2394
F3,23.14714,21.86869,21.06197,21.86869
Upf3b,24.44506,23.69275,23.61818,23.69275
Trip11,22.11308,22.57057,21.97691,22.11308
Vhl,26.66343,25.26148,26.19779,26.19779
Limk1,23.41931,23.0931,22.12348,23.0931
Cmtm5,,,,
Bcat2,24.7759,24.80961,24.44107,24.7759
Nanp,25.47147,25.65597,25.01967,25.47147
Gabra4,18.90045,19.38661,19.55927,19.38661
Wapal,21.47996,21.66904,22.06161,21.66904
Bcas2,26.82566,26.45345,26.42702,26.45345
Kit,24.70081,24.8291,24.34279,24.70081
Rnf141,23.56256,23.80243,24.18336,23.80243
Smpd3,26.5979,26.37809,25.73314,26.37809
Ganc,20.78397,17.2379,20.92296,20.78397
5730455P16Rik,24.99787,24.92583,24.77384,24.92583
Mrps10,26.54086,26.76053,26.39594,26.54086
Mars2,24.82731,25.158,24.1191,24.82731
S100a10,24.48198,24.46133,20.67237,24.46133
Ppp1r16b,17.23323,15.5849,16.31681,16.31681
Rgs7bp,25.07218,25.259,24.09241,25.07218
Kif3c,22.59719,22.70531,21.51441,22.59719
,26.56869,26.77969,26.41418,26.56869
Aplp1,24.12029,24.58084,24.23623,24.23623
Prorsd1,22.6907,22.0033,20.77201,22.0033
Stambp,25.34293,25.55004,25.48873,25.48873
Cpsf2,24.22118,24.83639,24.29873,24.29873
Pbrm1,24.77163,24.65726,24.29292,24.65726
Stx4,19.90073,22.75593,20.59614,20.59614
Slc4a8,24.26592,23.91607,23.01531,23.91607
Lzts3,,,,
Ptrhd1,23.92769,25.46871,23.92949,23.92949
Mdga2,23.29558,22.51771,22.85654,22.85654
Fam65a,24.63395,24.71931,24.10909,24.63395
Cnot3,26.21069,25.49866,24.4567,25.49866
Nudt16l1,26.60215,26.22903,26.03748,26.22903
Ppip5k1,21.58806,21.98694,21.46129,21.58806
Kif13b,22.21267,21.89456,21.65417,21.89456
Rab8b,27.01712,26.70094,26.78107,26.78107
Akap1,23.97719,23.49179,23.74684,23.74684
Pcdh9,23.08654,22.95865,22.22128,22.95865
Dcun1d2,24.48849,24.15143,23.79521,24.15143
Daglb,22.63032,22.79796,22.44695,22.63032
Mettl7a1,22.19102,23.19734,21.92031,22.19102
Gnal,24.53558,24.58084,23.69732,24.53558
Spon1,20.95326,20.4959,21.77812,20.95326
Rnf31,22.37883,21.95851,21.50057,21.95851
Adck1,25.07137,25.21708,24.1747,25.07137
Mrps24,25.58583,26.05968,25.39156,25.58583
Rab33a,27.55494,27.54399,27.08152,27.54399
Trpc4ap,22.36378,21.47551,22.22706,22.22706
Pnmal2,25.74386,25.77203,25.26953,25.74386
Dr1,21.96934,24.47475,23.83923,23.83923
Fat2,18.45258,18.41712,19.09674,18.45258
Adck3,20.88174,17.17758,23.19426,20.88174
Anxa4,25.69246,25.42762,25.07386,25.42762
Plekha6,19.59896,19.01004,20.0961,19.59896
Cdk5rap3,22.82268,22.4491,21.83356,22.4491
Scg5,26.58907,26.37541,25.81274,26.37541
Plekhd1,,,19.39831,19.39831
Pdlim1,19.33976,20.04193,19.29298,19.33976
Pcm1,22.11165,22.36271,21.83565,22.11165
Inpp5f,23.31672,23.41944,23.19921,23.31672
Tfcp2,24.82221,25.06089,24.9581,24.9581
Mbp,23.15054,22.93307,22.92232,22.93307
Nup160,25.36643,25.57317,24.76991,25.36643
Stk11,25.19269,25.40912,24.89092,25.19269
Tns3,22.38998,22.82485,20.74796,22.38998
Slc12a4,21.81335,21.69383,21.24039,21.69383
Arl15,27.056,27.48147,27.40211,27.40211
Pik3ca,24.86627,24.75771,24.2446,24.75771
Cog3,24.76966,24.81592,24.46039,24.76966
Plekha1,22.45821,22.69368,21.79479,22.45821
Impad1,26.50767,26.61541,25.80198,26.50767
Ids,24.68175,25.06899,23.75205,24.68175
Idi1,25.75251,25.51806,25.05441,25.51806
Pwp1,25.5899,25.77394,25.09619,25.5899
Cmip,26.3255,26.21928,25.87497,26.21928
Nrp1,26.23952,25.88136,25.86957,25.88136
Prpf4b,25.6937,25.33596,25.13022,25.33596
Cox15,23.93805,24.79189,23.68774,23.93805
Cab39l,22.93618,21.56844,21.19274,21.56844
Isca1;AK157302,26.54276,26.59861,26.30297,26.54276
Rbm17,25.69726,25.46445,25.46451,25.46451
Asph,24.13367,24.00359,22.84709,24.00359
Ubxn7,25.62416,25.56735,25.33163,25.56735
Fads1,26.63644,26.40332,25.92694,26.40332
Cd47,25.36676,25.04268,24.41177,25.04268
Fbxo22,25.6936,26.07218,25.70512,25.70512
Syt17,17.00141,16.3452,15.60458,16.3452
Ankrd17,23.53433,23.84134,22.87271,23.53433
Vamp7,26.89064,26.56767,25.96607,26.56767
Actn4,25.82121,25.58044,25.0549,25.58044
Commd5,26.09299,26.05494,25.50561,26.05494
Slc7a8,15.96977,16.14722,16.92381,16.14722
Cog6,25.20426,25.08837,24.68923,25.08837
Baiap2,19.40978,20.24016,20.25638,20.24016
Gpt2,26.34846,25.81919,25.57309,25.81919
Ash2l,24.73954,24.25364,24.158,24.25364
Chmp3,26.6327,26.79476,26.9198,26.79476
Cacng3,22.27977,,19.16693,20.72335
Abl2,24.55356,24.56232,24.08245,24.55356
Wdr20,25.10562,24.79049,24.38627,24.79049
Trappc13,25.29765,25.26256,25.52058,25.29765
C2cd4cC2CD4 family,24.23498,24.54191,23.89152,24.23498
Fam134a,24.38864,24.7366,23.89689,24.38864
Fam160a2,23.19907,23.54014,23.48554,23.48554
Stard10,23.60184,24.02749,23.49351,23.60184
2015-09-15 00:00:00,26.65185,26.09281,23.75695,26.09281
Nubpl,25.31251,24.81631,24.4902,24.81631
Guf1,24.8846,24.25241,23.57369,24.25241
Kcnd3,23.91369,24.28898,23.83961,23.91369
Babam1,24.59622,24.24547,24.67901,24.59622
Ppp1r12b,21.70982,21.3024,21.18936,21.3024
Arid1a,24.3132,23.86032,24.13766,24.13766
Abcf3,24.77575,24.12226,23.84451,24.12226
Wdr6,25.80912,25.915,24.90857,25.80912
Ccdc91,24.05928,22.99424,22.89527,22.99424
Gba2,25.38729,26.05053,25.46644,25.46644
Ehmt2,23.76911,23.74673,23.12802,23.74673
Ankrd13d,24.29011,24.14079,23.57957,24.14079
Mef2c,25.97257,25.63788,24.93818,25.63788
Irak4,24.65971,18.3679,,21.513805
AW551984,24.62795,24.01759,24.10893,24.10893
Hmgb2,27.98691,27.81397,27.63672,27.81397
Dgkq,21.8464,22.38777,21.42783,21.8464
Tars2,23.36159,23.07372,23.17969,23.17969
Mtif2,24.14973,24.05747,24.4768,24.14973
Arpc1b,23.53029,23.67077,22.42842,23.53029
Pum2,25.52701,25.84139,25.467,25.52701
Rars2,24.91274,24.81787,24.31036,24.81787
Qrich1,25.74016,25.64793,24.88962,25.64793
Tbl1x,24.22162,24.30382,24.03448,24.22162
Galc,22.84644,23.73511,22.10258,22.84644
Ecel1,22.74244,17.50525,17.98008,17.98008
Wbp4,23.94208,24.89426,22.47929,23.94208
Ssr1,24.97815,26.50549,25.86611,25.86611
Ergic2,25.23334,25.32093,25.28708,25.28708
Osbpl10,23.16661,23.53386,23.09329,23.16661
Pelp1,26.04421,26.2247,25.79771,26.04421
Dus3l,25.98187,26.03781,26.14351,26.03781
Ralyl,26.17156,26.22902,25.41918,26.17156
Kcnb1,18.66011,18.63076,18.24307,18.63076
Camk2n1,,,23.0222,23.0222
Piezo1,19.33449,20.62676,20.77644,20.62676
Fbxo3,26.28658,26.5349,25.94954,26.28658
Lyst,22.10229,22.37968,21.85011,22.10229
Abhd14b,24.12282,24.19925,22.74714,24.12282
Eif2b5,26.0919,26.26476,25.41835,26.0919
Kctd4,25.1268,25.37865,24.63766,25.1268
Tcof1,23.31852,22.8817,23.11548,23.11548
Nsg1,27.6095,27.71738,26.98663,27.6095
Thumpd3,24.90706,24.7144,24.37478,24.7144
Mast3,21.77692,22.16772,21.4171,21.77692
Rbm12;Gm28036,25.68255,26.12745,25.67166,25.68255
Nyap2,20.41462,20.25176,,20.33319
Sema4d,22.18529,21.11452,20.52879,21.11452
Gabra2,26.1712,26.27274,25.88483,26.1712
Trrap,24.34401,24.16622,23.90921,24.16622
Ispd,22.88297,23.52492,23.26771,23.26771
Ythdc2,23.78157,23.99352,23.32499,23.78157
Poglut1,23.4902,28.32178,22.0124,23.4902
Smyd5,25.90637,26.03034,25.42461,25.90637
Top3b,25.13747,25.15376,24.99848,25.13747
Tcf25,23.83335,23.41854,23.78826,23.78826
Slc6a5,20.71423,,18.8672,19.790715
Trappc2l,26.50403,26.86561,26.52853,26.52853
Naa50,26.88716,27.1776,26.94537,26.94537
Smpd2,26.84458,27.25539,24.56738,26.84458
Ttpal,23.88185,23.59161,23.84316,23.84316
Ophn1,24.97426,24.93225,24.04277,24.93225
Qrsl1,24.35259,24.60445,24.19798,24.35259
Acsl5,22.72817,23.34854,22.47388,22.72817
Palm3,21.08712,20.68799,20.6206,20.68799
Dcakd,28.77112,28.97717,28.85944,28.85944
Dcun1d5,23.88874,23.92931,22.65493,23.88874
BC068157,24.62428,23.62901,24.11362,24.11362
Fam81a,,,22.22264,22.22264
Gm2a,27.35439,27.43173,26.72117,27.35439
Slc7a5,26.72221,26.73789,26.82554,26.73789
Emb,22.647,22.76219,22.11356,22.647
Pdcl3,24.63898,25.24518,24.70271,24.70271
Arfgap3,23.52444,22.90672,25.97091,23.52444
Eefsec,25.73549,25.94411,25.57022,25.73549
Egfr,23.91588,23.49155,22.83854,23.49155
Ntng2,23.25311,23.09772,22.31002,23.09772
Pcdh8,24.90944,24.53718,24.68955,24.68955
Dnm1,,,,
Rcc1,25.69973,25.8983,26.4444,25.8983
Kndc1,21.02689,21.17907,20.67055,21.02689
Adcy3,21.4156,21.15456,20.58132,21.15456
Kcnip2,21.34592,21.13408,18.72087,21.13408
2610301B20Rik,25.34089,25.43549,25.26406,25.34089
Mrpl38,25.84316,25.83256,25.62472,25.83256
Nab2,22.07532,21.11025,19.52235,21.11025
Rbm22,24.45275,24.22545,24.46382,24.45275
Cxx1b,25.77158,25.65826,25.45428,25.65826
Fam171b,22.618,22.04663,22.44892,22.44892
Sf3b4,22.56681,24.23462,23.43657,23.43657
Frmd8,23.08024,23.25566,21.919,23.08024
2310061I04Rik,21.86037,22.43286,21.00237,21.86037
Mkln1,23.83932,23.63201,23.04817,23.63201
Snrpd1,29.80985,29.58034,29.3106,29.58034
Lats1,22.39767,23.25551,23.65556,23.25551
Sec24a,24.71623,24.53522,24.63887,24.63887
Naaa,24.0421,22.84056,21.70578,22.84056
Rcan1,26.17341,26.27457,25.45234,26.17341
Ica1l,23.85386,23.29221,23.88204,23.85386
Tldc1,24.88381,24.70715,24.85899,24.85899
Ptprg,22.16537,21.73045,22.11258,22.11258
Akt2,23.80922,23.72224,23.44101,23.72224
Thnsl2,19.32799,19.50034,21.06447,19.50034
Ptpre,24.26671,22.98111,23.23241,23.23241
Znf365,19.43945,19.38072,18.25146,19.38072
Rasgrp2,26.26835,26.43455,25.96488,26.26835
Rps27a,28.95394,30.03577,29.41016,29.41016
Pex5,25.34096,25.30553,24.77002,25.30553
Tbc1d7,24.39545,24.33122,23.94378,24.33122
Dhx38,24.13548,24.20516,23.6608,24.13548
Syne3,15.61004,,19.40618,17.50811
BC037034,24.65633,24.76208,23.9649,24.65633
2015-03-05 00:00:00,27.16528,27.15904,26.9619,27.15904
2810408M09Rik,24.83113,25.0518,24.92257,24.92257
Axin1,22.25176,,21.81014,22.03095
Myh10,24.19513,24.14344,23.87708,24.14344
Sv2c,22.77892,22.90568,18.03112,22.77892
Fars2,24.0242,23.453,23.58749,23.58749
Kif1b,23.34191,23.17092,22.66462,23.17092
Iba57,26.15996,25.91689,25.55333,25.91689
Csnk1a1,27.00314,27.01861,26.50373,27.00314
Lama1,18.5806,16.31405,18.77259,18.5806
Rdh11,28.32449,28.18631,27.59128,28.18631
Inpp4b,21.58495,21.09526,21.22276,21.22276
Fam73a,22.6116,21.64672,20.65622,21.64672
Mrrf,27.13761,26.60116,26.46365,26.60116
Sptan1,22.23824,22.33293,21.65596,22.23824
Chmp1a,26.89655,26.60017,26.39051,26.60017
Aldh1l2,29.08995,29.01209,28.49255,29.01209
Nudt16,25.73982,25.55783,25.1922,25.55783
Bmpr2,23.88623,23.5438,23.44443,23.5438
Kpna1,25.08128,25.27927,26.01582,25.27927
Dock5,19.27987,18.31225,18.73711,18.73711
Sumo1,25.74258,25.52286,23.6646,25.52286
Hccs,25.92963,26.20749,26.10446,26.10446
Mrpl10,25.82082,26.211,24.87173,25.82082
Mrpl4,27.00314,26.61737,26.45745,26.61737
Fam96b,27.1029,26.83738,26.72104,26.83738
Aamp,25.41803,25.00992,24.91921,25.00992
Pgam2,,,15.13415,15.13415
Cep55,21.19532,23.72983,22.64884,22.64884
Lphn2,24.24989,24.51593,23.58383,24.24989
Gng4,22.80116,25.03746,23.26471,23.26471
Elp6,25.42352,25.56587,25.32086,25.42352
Amdhd2,23.6156,21.41694,22.00086,22.00086
Syne2,22.65613,22.44096,22.24246,22.44096
Brap,24.18556,23.95624,23.30215,23.95624
Macf1,20.6428,19.60023,19.59971,19.60023
Lactb2,22.59566,21.57473,22.32713,22.32713
Shc3,23.49534,23.57831,24.10597,23.57831
Praf2,27.69505,27.70464,24.365,27.69505
Lrrc16b,23.84498,23.34082,23.28785,23.34082
Arl2bp,25.12609,25.68467,24.63909,25.12609
Map3k4,22.82544,23.06947,22.58827,22.82544
Hsd11b1,17.18592,,12.55252,14.86922
Ndufaf3,26.12822,26.18843,25.38844,26.12822
Txlna,24.41867,24.05267,24.12581,24.12581
Dpm1,27.02168,27.05992,26.34289,27.02168
,22.69215,18.54461,,20.61838
Myadm,24.46669,25.15016,24.584,24.584
Alpk1,20.94514,19.96014,18.0395,19.96014
Samd4b,24.71492,24.47587,23.7678,24.47587
Chchd4,27.26687,27.48393,26.91513,27.26687
Wdr45b,26.53697,26.45908,25.58537,26.45908
Csmd2,20.25396,20.30563,19.72157,20.25396
Ccdc51,24.97605,24.66888,24.16668,24.66888
Sdf2,27.3621,26.66438,26.46821,26.66438
Rpp14,21.16036,22.80609,22.2438,22.2438
Gng7,23.36212,23.95624,21.22205,23.36212
Arhgef6,21.00354,20.68209,20.50911,20.68209
Sephs2,24.17455,24.37152,24.37318,24.37152
Cnot10,25.05681,24.84379,24.04427,24.84379
Scfd2,24.36953,24.81039,24.74165,24.74165
Oxsm,23.11612,24.28207,24.20038,24.20038
Mertk,22.50618,19.19943,17.47738,19.19943
Zcchc17,23.45073,23.30647,23.18713,23.30647
Lrrc8b,25.04893,25.32615,24.44569,25.04893
Ttbk1,22.22276,21.4917,21.4493,21.4917
Sec23b,24.22634,24.55573,24.36152,24.36152
Smek1,24.84043,24.76501,24.33851,24.76501
Vps37c,25.32107,25.36343,25.31257,25.32107
Rapgef1,24.50954,24.45801,23.34055,24.45801
Rpl35;Gm10269,30.28129,30.5376,30.08967,30.28129
Cog5,24.63023,24.71051,25.18952,24.71051
Gm10094;Sap18,26.26048,25.97717,25.66812,25.97717
Kank4,,,,
Nhsl2,18.92605,,18.26385,18.59495
Araf,25.04272,25.30907,24.58578,25.04272
Adcy1,23.70694,24.01223,22.68955,23.70694
Stxbp6,23.8261,23.24211,24.67498,23.8261
Upf2,25.11648,25.07259,25.44174,25.11648
Adam10,25.45917,25.55163,25.2781,25.45917
,23.14113,21.79134,20.57099,21.79134
Dmwd,23.95677,24.83827,23.22985,23.95677
Nsg2,28.05765,27.61835,27.73712,27.73712
Ccdc85c,21.44334,21.3705,21.01488,21.3705
Plekhm2,22.40047,23.01163,21.35612,22.40047
Ano10,24.77319,24.4346,24.57317,24.57317
Gar1,26.32323,27.56652,27.54008,27.54008
Tsc22d1,25.32224,25.81426,24.40652,25.32224
Ksr2,22.05192,22.35448,22.01103,22.05192
Kcnip3,18.84779,20.80168,,19.824735
Ipcef1,23.17243,21.87545,21.56351,21.87545
Lias,24.85024,24.51376,23.42316,24.51376
Slc25a27,25.98516,25.66384,25.46351,25.66384
Serpini1,24.51563,24.31181,24.77032,24.51563
Tmpo,26.01897,25.40201,26.12252,26.01897
Lyn,21.50179,21.27446,20.81847,21.27446
Celsr2,21.98999,21.59969,21.89855,21.89855
Nrcam,,18.07164,,18.07164
Iglon5,25.81069,25.93375,26.19509,25.93375
Adpgk,26.12404,26.18845,25.83468,26.12404
Bag2,26.32872,26.20818,25.71256,26.20818
Ppp1r13b,20.91867,21.22853,20.45111,20.91867
Parn,24.14219,23.78676,23.76729,23.78676
Mtus2,23.16886,23.96049,22.82767,23.16886
Fdxr,26.5226,26.71502,25.8393,26.5226
Elac2,24.0089,24.04735,23.34069,24.0089
Frrs1l,23.44278,25.09245,24.22634,24.22634
Chkb,25.27927,25.08898,25.07263,25.08898
Dgkd,22.40647,22.2478,22.03855,22.2478
Astn2,21.07848,21.84583,21.99628,21.84583
Actl6a,25.7709,25.27021,25.62514,25.62514
Clcn3,25.38805,25.57297,24.91771,25.38805
Acp6,24.86424,24.79084,23.81333,24.79084
Ppp1r8,26.35552,26.47503,26.18901,26.35552
Myo9a,22.35437,21.48876,21.39147,21.48876
Snx14,22.60365,22.84401,22.70068,22.70068
Rufy1,22.04833,23.70293,22.20819,22.20819
Ube3b,23.66351,22.77884,21.63524,22.77884
Cog7,25.0783,25.05672,25.03351,25.05672
Chtop,26.18994,25.88744,25.92567,25.92567
Ppox,25.29278,25.3892,25.45243,25.3892
Kcnj4,20.70278,20.8472,20.9281,20.8472
Serac1,23.9061,22.09629,22.13834,22.13834
Bai2,19.44221,19.91485,19.34739,19.44221
Trappc1,26.18652,25.72874,25.86152,25.86152
Nup54,24.84671,24.19641,24.27519,24.27519
Poldip3,25.02437,24.91593,25.07259,25.02437
Galns,23.78826,20.83969,21.00175,21.00175
Ptpn4,21.00546,21.09487,21.00806,21.00806
Lman2l,26.11245,26.24091,25.4759,26.11245
Fmo5,19.56466,18.20691,19.6942,19.56466
Rad23a,24.02968,22.33582,23.07847,23.07847
Preb,26.53224,26.36593,26.34957,26.36593
Cbs,24.72239,24.33634,24.1563,24.33634
Smarcal1,23.76648,24.25133,23.24296,23.76648
Nsmf,20.17755,22.49631,21.86321,21.86321
Tmcc1,23.50203,23.71146,23.01431,23.50203
Irf2bpl,24.59736,25.02268,24.74057,24.74057
Hddc2,26.29498,25.50149,25.15866,25.50149
Sdf2l1,25.05701,25.16787,24.6678,25.05701
Snx9,19.74121,21.33593,19.19825,19.74121
Srrm1,24.30841,24.1925,24.37518,24.30841
Klhl6,22.71798,23.04577,22.74024,22.74024
,20.34516,23.46339,22.3002,22.3002
Mob1a,25.2267,24.61835,25.00174,25.00174
Sdhaf2,23.73583,23.37677,23.55579,23.55579
Rabepk,25.78995,25.60034,25.70314,25.70314
Epg5,20.91174,20.71398,21.18047,20.91174
Cecr5,23.98146,23.56953,24.06874,23.98146
Ipo13,22.88407,23.18994,23.19629,23.18994
Rbm10,21.50969,21.29424,21.69838,21.50969
Dctn6,27.63187,27.33705,27.64691,27.63187
Ikbkb,24.38818,24.79362,22.71368,24.38818
Nptx2,20.66544,22.38545,19.98774,20.66544
S1pr1,,,,
Rtn4ip1,24.87797,25.1332,24.38344,24.87797
Mri1,24.82138,24.7601,24.6988,24.7601
Ccp110,19.98593,20.42767,18.87807,19.98593
Mrps35,26.76648,26.73544,25.83598,26.73544
Csmd1,22.38835,21.62114,21.07979,21.62114
Rab33b,26.31783,25.46304,25.38561,25.46304
Smpdl3a,21.26184,21.68016,21.05411,21.26184
Fen1,25.66804,25.70925,25.56334,25.66804
Slc30a1,24.66058,25.11112,23.86571,24.66058
Fam73b,22.43135,23.04509,21.73331,22.43135
Wibg,22.64603,21.67202,22.69922,22.64603
Snrpb2,26.17879,25.93073,25.77485,25.93073
Scaf8,24.67314,24.72505,24.60162,24.67314
Dclk1,23.79501,24.95925,24.79243,24.79243
Rtkn,22.60858,,17.86212,20.23535
Chl1,,,,
Pcif1,25.45951,25.32961,24.9252,25.32961
Rragb,27.18092,26.96422,26.55862,26.96422
Nlrx1,21.9668,22.91809,20.54585,21.9668
Khdrbs2,24.58532,24.1418,23.61964,24.1418
Rassf2,25.22854,25.32248,24.72863,25.22854
Cenpf,,17.9659,19.81866,18.89228
Surf1,25.66671,25.49659,25.42848,25.49659
Cyth1,23.81939,24.51593,24.40328,24.40328
Thsd7a,22.11661,22.62502,22.44283,22.44283
Garnl3,22.47328,22.91964,23.01153,22.91964
Zfyve19,21.49258,22.62925,17.72454,21.49258
Sdsl,19.39108,17.43111,19.2919,19.2919
Rictor,21.21199,21.49243,21.88562,21.49243
Chgb,22.83214,22.17032,21.85502,22.17032
Myo5b,22.73084,22.88502,21.08472,22.73084
Mpdu1,28.97681,28.9553,27.85555,28.9553
Aamdc,23.62008,23.38495,22.97886,23.38495
Mrps18b,25.69208,25.0118,25.26446,25.26446
Cav1,20.5696,21.43135,21.38937,21.38937
Ubr2,24.12849,24.40613,23.80144,24.12849
Mrps17,28.10974,28.36319,27.85228,28.10974
Mrpl15,26.86136,26.97902,26.59178,26.86136
Hace1,22.10322,21.86397,21.82295,21.86397
Gabrb1,22.93251,22.80516,22.3199,22.80516
Spast,24.40536,23.95651,24.22612,24.22612
Lrrtm1,20.43155,21.40072,20.01985,20.43155
Wdr5,26.99992,26.88728,26.13512,26.88728
Lsm8,27.01818,26.06729,26.01557,26.06729
Vasp,26.39251,26.62199,26.46837,26.46837
Fau,28.9426,28.55175,28.12278,28.55175
Mrps16,26.94503,26.82748,26.76383,26.82748
Ppil1,27.2359,27.80286,27.41062,27.41062
Zc3h18,23.93121,23.7082,24.06168,23.93121
Coil,25.15919,24.92334,24.14024,24.92334
Ntmt1,26.73673,25.8387,25.30946,25.8387
Naa20,25.37617,25.04256,24.72495,25.04256
Ctsz,23.3806,21.42003,23.3889,23.3806
Lsm5,26.45905,20.29614,25.23334,25.23334
,25.00312,25.3395,23.91771,25.00312
Rbm6,23.16748,22.72869,22.656,22.72869
Ogt,24.10117,24.47209,23.53291,24.10117
Ano6,23.84057,23.53291,22.56339,23.53291
Ankrd29,,18.44992,16.73582,17.59287
Cpeb2,21.91013,21.73384,20.69702,21.73384
Mic1,25.66744,25.56529,24.95078,25.56529
Epb41l5,23.95349,23.50227,22.61791,23.50227
Pcdh10,22.82446,22.80408,23.48013,22.82446
Lyrm4,26.28583,26.72884,26.886,26.72884
Fam184a,20.3829,18.78206,19.29197,19.29197
Enpp1,17.34802,16.88524,,17.11663
Prpf38a,26.02403,26.61793,26.18497,26.18497
Mocs3,25.23008,25.52764,24.89328,25.23008
Susd2,17.47223,17.57725,,17.52474
Tmem263,25.59676,25.51147,23.45726,25.51147
Anks1a;Anks1,23.8102,23.49253,22.77487,23.49253
Erap1,22.85363,22.05643,21.75585,22.05643
Trpm3,20.09905,19.91681,19.80436,19.91681
Fam45a,26.28217,25.73467,25.18204,25.73467
Apod,20.80774,,22.13104,21.46939
Gjc3,,,,
Ptp4a2,27.72195,27.95344,27.64924,27.72195
Thoc3,25.97655,26.21612,26.35802,26.21612
Psph,28.62282,27.67202,28.18815,28.18815
Bag3,20.51007,18.24739,19.37496,19.37496
Ppm1l,25.78064,25.42458,25.47503,25.47503
Fam63b,22.31711,22.73163,23.1131,22.73163
Nufip2,23.15758,22.77575,22.30747,22.77575
Jph3,21.10661,19.8545,19.67502,19.8545
Bzw2,27.46956,27.74092,27.50165,27.50165
Ikbkg,22.71463,23.61347,24.59064,23.61347
Galnt16,23.26828,23.87286,23.2346,23.26828
Pdcl,25.40542,25.06069,24.28968,25.06069
Ppp1r37,23.4929,23.65502,23.93049,23.65502
Ptk7,23.54262,22.92464,23.16289,23.16289
Cnnm3,24.08756,23.72546,23.92895,23.92895
Mrpl9,25.46351,25.76981,25.58703,25.58703
Slc25a10,25.24362,25.70137,24.46258,25.24362
Rufy3,25.48791,26.31069,25.6021,25.6021
Fam107b,23.3415,22.65423,23.80233,23.3415
Atp2c1,25.26227,25.11323,24.85262,25.11323
Ncam1,25.54386,24.78591,25.7305,25.54386
Nars2,24.93328,25.44395,24.80976,24.93328
Sntb1,19.92744,17.53032,17.4598,17.53032
Rer1,27.66912,27.48355,26.99183,27.48355
Snrpe,28.24372,28.91738,27.82037,28.24372
Adarb1,23.44834,22.78652,23.24824,23.24824
F8a;F8a1,24.85329,25.23561,24.51117,24.85329
Clcn4,24.84709,24.70477,23.74561,24.70477
Nup43,25.90846,25.84417,26.03261,25.90846
Clcc1,23.66014,22.98327,22.35283,22.98327
Mfn1,23.78267,23.53136,23.22364,23.53136
Abca3,24.2637,24.05614,22.96404,24.05614
Prkaa2,24.79452,25.01031,25.1439,25.01031
Ints4,23.03971,23.13804,22.52397,23.03971
Tinagl1,,,16.24728,16.24728
Cstf1,26.43369,26.10173,26.25332,26.25332
Letmd1,25.89975,26.4624,25.27099,25.89975
Plekhb1,19.89949,,,19.89949
Bad,24.1321,23.75634,23.46126,23.75634
Dhps,24.27881,24.52946,23.55262,24.27881
Ccdc28a,21.89249,,,21.89249
Patl1,23.36946,23.75878,22.80902,23.36946
Cdk7,23.52049,22.97425,22.87085,22.97425
Tmed5,22.83173,23.50191,20.93186,22.83173
Bpgm,25.66381,25.07578,25.28079,25.28079
Gpr56,24.6548,24.37451,23.15761,24.37451
Lrrtm2,23.47593,22.30221,21.98645,22.30221
Ndufaf5,24.19385,23.75552,21.46364,23.75552
Pnkd,24.42118,24.63123,23.94378,24.42118
Itpk1,26.1386,26.27719,25.73825,26.1386
Lemd3,24.1404,23.70946,22.87061,23.70946
Atp2b2,21.22058,21.29541,20.56728,21.22058
Snx18,25.25915,25.00101,24.11617,25.00101
Plekhf1,,24.07578,21.8278,22.95179
Krt222,,,23.75022,23.75022
,24.97259,24.98211,24.5093,24.97259
Adck4,25.32059,25.18075,24.72239,25.18075
Frmpd4,21.44834,21.43746,20.97211,21.43746
Ddx50,24.69609,24.66351,24.27049,24.66351
Ccdc25,23.08266,23.00065,24.35636,23.08266
Edc3,25.4607,25.56162,25.16496,25.4607
Paf1,25.33943,24.70535,24.84938,24.84938
Kazn,21.76118,21.71787,20.58316,21.71787
Rbm42,24.24213,25.11156,23.88064,24.24213
Msto1,25.43905,26.06087,25.62185,25.62185
Gtf2f2,24.24837,24.4346,23.92107,24.24837
Mlc1,22.28433,21.18253,22.42493,22.28433
Slc25a24,22.34373,21.68316,22.28246,22.28246
Nek7,21.65005,22.71674,22.44635,22.44635
Cdc42se2,28.04848,27.71122,27.34325,27.71122
Gde1,26.93371,27.26464,26.43938,26.93371
Bbs1,22.9702,22.74794,21.95372,22.74794
Elavl2,27.38336,26.98174,26.22852,26.98174
Yod1,21.7876,19.44516,17.74182,19.44516
Ankrd34a,21.34949,20.86136,21.81554,21.34949
Tbc1d5,23.40821,23.67842,22.42939,23.40821
Thoc1,25.26871,25.04281,24.32313,25.04281
Adcy8,22.40182,22.06059,21.66175,22.06059
Itgb1bp1,19.13744,21.90951,22.5378,21.90951
Arsa,24.90935,25.18132,24.78811,24.90935
Tor1a,25.12357,25.20326,24.55169,25.12357
Prkci,25.75659,26.11625,24.97356,25.75659
Srp14,26.70859,26.20762,26.43573,26.43573
Ints3,24.55438,24.7334,24.02825,24.55438
Rgs20,23.34055,23.11248,22.67855,23.11248
Gfer,23.65796,23.6919,23.61302,23.65796
Dcp1a,24.40996,24.62522,23.97071,24.40996
Mmab,24.01078,24.39153,23.44076,24.01078
Ubxn1,26.53066,26.57112,24.95438,26.53066
Etnk1,25.37199,25.28104,25.04856,25.28104
Sipa1l2,23.66677,23.656,23.73066,23.66677
Kdm1a,25.79338,25.68311,25.75924,25.75924
Cutc,22.95367,22.88193,22.68868,22.88193
Atg2a,21.19814,21.17998,21.36602,21.19814
Ppil3,25.72268,25.55092,25.24956,25.55092
Bscl2,24.07374,24.05482,23.88985,24.05482
Arhgef10,21.3559,21.30703,21.11407,21.30703
Yme1l1,25.37779,25.70962,25.06924,25.37779
Wwox,23.07048,23.00811,23.30201,23.07048
Cic,21.3783,20.54151,20.90793,20.90793
Phkg2,23.40587,23.76557,24.56976,23.76557
Ttc39b,22.75042,22.87693,22.81061,22.81061
Snx16,25.515,25.65924,24.86604,25.515
Trappc5,24.12195,24.42605,23.62856,24.12195
Mfap1,25.10001,24.23403,24.16867,24.23403
Kiaa1468,21.19958,20.39132,20.58334,20.58334
Tfip11,24.12037,24.33334,24.52504,24.33334
Smarcb1,26.95737,26.29883,25.82119,26.29883
Snx17,25.05337,25.07822,24.85567,25.05337
Chac2,25.23107,25.07541,24.34388,25.07541
Prcp,23.29025,24.22803,23.26556,23.29025
Gosr2,24.79511,24.34814,23.83624,24.34814
Nt5c1a,,,15.75726,15.75726
Pde8b,20.73884,19.4529,20.03308,20.03308
Edf1,25.37212,24.47636,25.00011,25.00011
Zdhhc5,23.3585,23.31948,22.59206,23.31948
Fat1,22.06079,21.91496,22.09236,22.06079
ORF11;0610007P14Rik,24.33715,26.03513,23.03885,24.33715
Ddx19b,23.5285,23.0467,22.65929,23.0467
Ankrd13a,22.5695,22.69356,21.65347,22.5695
Fam192a,23.20877,24.40321,19.44655,23.20877
Ubqln4,23.48272,23.40536,21.8839,23.40536
Exosc10,23.92107,24.31541,23.65009,23.92107
Ttc19,23.40691,24.13563,24.54085,24.13563
Ttc9b,26.41044,27.12001,25.88888,26.41044
Mbd3,25.70049,25.44183,25.48622,25.48622
Mapk14,22.56749,23.53291,24.95917,23.53291
Reep1,25.3009,25.45488,27.40981,25.45488
Cog8,24.09152,23.86439,23.2737,23.86439
Hs2st1,27.35489,27.26732,25.93737,27.26732
Hsd17b8;H2-Ke6,27.06887,26.78631,26.92536,26.92536
Mapk11,22.05629,21.83183,20.23199,21.83183
Bnip3,23.45563,23.1449,23.0702,23.1449
Dnm1l,22.99955,22.99127,22.15644,22.99127
Rmnd5a,24.51611,24.38311,23.67551,24.38311
Ndufaf7,23.94217,23.81157,22.82236,23.81157
Degs1,25.12837,24.32203,25.03456,25.03456
Slc27a2,27.72845,19.1916,20.75148,20.75148
Eif2b1,26.73673,26.99356,26.8236,26.8236
Spag7,23.68614,22.49592,22.8864,22.8864
Selo,24.86278,24.4197,24.61678,24.61678
Cwc27,26.02075,24.4279,25.49753,25.49753
Mrpl47,26.27375,26.14915,25.58414,26.14915
Mrpl28,26.86703,26.20449,26.55397,26.55397
Cp,21.91145,22.97982,23.78676,22.97982
Tpr,21.65604,21.80479,21.54269,21.65604
Garem,23.0979,22.45259,22.74624,22.74624
Bag4,23.52444,23.12455,22.97701,23.12455
Rnf2,25.81917,25.53386,25.61891,25.61891
Polb,25.15116,25.02365,25.04197,25.04197
Stx17,22.47887,23.48763,23.62031,23.48763
Hbs1l,25.95214,25.99231,25.45789,25.95214
Clpx,25.52268,25.23593,25.11474,25.23593
Fam98c,23.04477,22.44119,21.84946,22.44119
Podxl2,25.21993,25.20531,24.75425,25.20531
Snf8,26.73402,25.96246,25.72882,25.96246
Ppil4,24.34537,24.67098,23.79877,24.34537
Dnajc10,24.52868,24.52737,24.03414,24.52737
Urm1,26.46899,26.99453,25.76623,26.46899
Fkbp5,24.84321,25.01755,25.02855,25.01755
Tmem126a,25.8624,26.07688,24.6685,25.8624
Olfm2,23.53706,23.71366,23.03421,23.53706
Igf2r,24.41158,24.69509,24.31513,24.41158
Jakmip3,21.58146,21.00443,21.14127,21.14127
Tgoln1;Tgoln2,22.26238,20.15326,21.47254,21.47254
Myl9,,,,
Eif6,28.07199,28.38661,27.7952,28.07199
Alg10b,25.37786,25.94548,25.11736,25.37786
Pnpla6,22.89916,23.19656,22.62406,22.89916
Cds1,22.92561,23.18891,22.70394,22.92561
Spock1,27.19807,26.96356,26.82953,26.96356
Rnf40,23.77766,23.9188,23.78037,23.78037
Ttc9c,26.73092,26.62812,26.46717,26.62812
Tsen34,24.05034,23.89301,23.4763,23.89301
Cacul1,22.38922,22.19033,20.2397,22.19033
Loh12cr1,22.85207,23.93652,23.29348,23.29348
Mrpl16,27.26767,27.15866,27.18631,27.18631
Cdh9,19.99148,21.57874,21.65443,21.57874
Mvk,26.57255,26.69657,26.08377,26.57255
Bud31,25.38067,25.83726,23.66568,25.38067
Sphk2,25.81617,25.77324,25.92902,25.81617
Dync2h1,22.43064,22.49573,22.29732,22.43064
Serpina1e,18.81847,18.96048,19.20908,18.96048
Casc4,26.22268,25.71327,25.24333,25.71327
Phospho1,,,,
Taok3,23.09828,22.47293,21.73132,22.47293
Nudt18,23.8691,21.76697,23.34245,23.34245
Cars2,24.07659,23.95278,23.30689,23.95278
Sdc4,22.42801,22.19779,19.52938,22.19779
Mapkap1,23.86976,23.80164,22.73738,23.80164
Nell2,24.33552,24.58955,24.00118,24.33552
Timm8b,,25.06447,23.11934,24.091905
Cog2,24.81617,24.54239,23.60592,24.54239
,26.24002,26.14311,26.2222,26.2222
Tnrc6b,16.97925,14.8476,16.71733,16.71733
Inpp5b,23.74016,23.48812,23.24393,23.48812
Ube2g2,27.01308,27.24889,25.59554,27.01308
Spryd7,26.04485,26.3836,25.76373,26.04485
Thoc2,25.18416,25.20501,24.34415,25.18416
Aars2,24.62316,24.25731,24.17843,24.25731
Cnst,21.88647,21.12849,20.94899,21.12849
Adcyap1r1,24.97417,22.26834,22.22232,22.26834
Galm,22.27977,20.19051,21.41849,21.41849
Gosr1,24.17081,24.13485,24.2322,24.17081
Tbc1d4,21.49907,21.7218,21.04066,21.49907
Ict1,26.59306,25.9695,25.3281,25.9695
Irf3,24.63195,25.83357,24.5412,24.63195
Trmu,24.9376,25.22795,24.33824,24.9376
Hp1bp3,24.04943,23.34976,23.69158,23.69158
Uros,26.00973,26.18151,26.58849,26.18151
Dennd5a,22.15851,22.25399,19.36147,22.15851
Kctd8,22.84741,22.74823,22.60901,22.74823
Pigt,25.79704,25.46273,25.49561,25.49561
Nelfb,26.72351,27.07337,23.80302,26.72351
Champ1,24.44114,24.23783,24.31852,24.31852
S100a6,23.38232,23.23358,23.40704,23.38232
Nup35,24.84785,25.07631,24.71004,24.84785
Hdac1;Gm10093,24.66747,24.37046,24.31886,24.37046
Synpo2,17.38077,,18.81394,18.097355
Gusb,22.68095,22.39286,22.23055,22.39286
Mrpl50,26.90254,26.89724,26.49457,26.89724
Jakmip1,22.86652,22.84184,22.14155,22.84184
Pmch,20.32235,,19.92295,20.12265
Syt11,26.86502,26.61779,25.56903,26.61779
Rpl36a,28.66831,29.65031,28.77982,28.77982
Slc25a44,24.71025,21.77012,20.95893,21.77012
Atrn,23.44569,24.05457,23.39571,23.44569
Kcnj3,23.48714,23.05633,22.55901,23.05633
Ankib1,22.89979,22.78672,22.44796,22.78672
Dennd1a,23.28051,23.21095,22.28571,23.21095
Vmp1,25.01886,24.2371,25.75282,25.01886
Tspan9,25.24902,25.28054,23.95925,25.24902
Os9,25.10554,24.98572,24.3946,24.98572
Bptf,22.49695,21.68667,22.06743,22.06743
Hspa14,25.45917,25.46551,25.46073,25.46073
Lysmd1,26.07437,25.30191,26.00871,26.00871
Thtpa,25.90141,25.84898,25.64524,25.84898
Dhrs7b,26.23909,26.54634,25.99408,26.23909
Odr4,24.65179,25.17611,24.90628,24.90628
Ankrd50,24.97097,24.86287,24.70498,24.86287
Cherp,24.45036,25.54648,25.27402,25.27402
Phkg1,,17.44451,,17.44451
Syt7,19.53653,17.30893,19.21338,19.21338
Anks1b,20.87605,20.56263,20.49619,20.56263
Arap1,20.99016,20.13333,20.53469,20.53469
Gbp4,20.68132,17.33752,18.43644,18.43644
Elmod1,27.40048,27.19807,27.24336,27.24336
Tmod3,25.37302,23.43479,24.95607,24.95607
Slc14a1,,,20.96965,20.96965
Rabgap1l,25.13163,24.64141,24.73557,24.73557
Nfia,22.31255,20.70523,20.03187,20.70523
Rap2c,24.50403,24.22243,23.78167,24.22243
Rps6kb1,25.03086,24.83519,25.26714,25.03086
Nup153,22.29339,21.92358,22.7232,22.29339
Mrpl3,25.5518,26.08211,25.20318,25.5518
Hsd17b7,25.88082,26.01674,25.58276,25.88082
Zcchc8,24.12991,24.39414,23.75124,24.12991
Ddx21,26.20406,26.26721,25.98789,26.20406
Usp31,21.64104,22.2912,20.70193,21.64104
Ip6k1,24.64796,24.59577,24.06948,24.59577
Cpsf1,24.19272,24.39532,24.15946,24.19272
Ubtd2,26.07351,25.70738,24.95509,25.70738
Gys1,25.12218,25.0818,24.44164,25.0818
Mrps2,26.76863,26.73673,26.74047,26.74047
Amt,24.17585,23.40704,24.02166,24.02166
Pdcd4,25.07664,24.54669,23.74909,24.54669
Slc25a31,22.6486,22.92937,22.66249,22.66249
Mb21d2,23.9657,23.69211,23.67573,23.69211
Ngly1,23.50506,23.08242,22.47892,23.08242
Picalm,,,,
Tdrd7,22.56512,21.82935,22.15771,22.15771
Fam171a1,21.22488,20.48089,21.63059,21.22488
Atp2b3,,,,
Pqbp1,22.95624,23.53172,21.99869,22.95624
Scly,23.10936,22.55955,21.81441,22.55955
Plxna2,26.88507,27.04999,26.44604,26.88507
Sec11c,26.33477,26.52139,26.78706,26.52139
Ap3s2,25.88465,25.98742,25.16887,25.88465
Mrpl46,25.83043,25.60961,25.09575,25.60961
Ralbp1,22.8011,22.24577,22.39213,22.39213
C1qc,23.44228,20.45192,22.28771,22.28771
Sf3a2,26.1606,25.71942,26.10829,26.10829
Dcaf8,24.59952,24.02217,24.12542,24.12542
Col4a1,20.14855,20.66162,19.55648,20.14855
Kcnab1,20.06224,20.51855,19.39287,20.06224
Lrrfip2,22.59314,25.42573,21.96937,22.59314
Slc25a40,23.68046,23.32347,21.09713,23.32347
Ankrd63,21.97067,20.78333,21.71436,21.71436
Stau2,25.62525,24.84005,24.87244,24.87244
Sqrdl,22.48844,23.18641,21.54567,22.48844
Rbfox1,25.91875,26.33846,25.85462,25.91875
Pogz,24.95947,24.79203,24.47302,24.79203
Prpf39,23.85586,23.72203,23.71963,23.72203
Acp2,25.59636,26.40513,24.84972,25.59636
mt-Nd2;Mtnd2,24.74391,,22.13746,23.440685
Smg1,23.80183,23.99671,23.82055,23.82055
Ctnna3,19.23018,20.63812,21.04607,20.63812
Fgd4,24.42387,24.19798,24.92071,24.42387
Rbm7,23.81724,22.85681,22.75611,22.85681
Rpe,22.94219,22.91191,22.37037,22.91191
Strada,22.88783,22.93041,22.02002,22.88783
Osbpl7,22.67562,22.64823,22.48517,22.64823
Mios,24.3771,24.43536,23.81851,24.3771
Zc3h14,22.17545,22.75562,22.09404,22.17545
Frmd4b,21.5899,20.63085,19.8222,20.63085
Psmd10,24.40074,24.16844,24.24416,24.24416
Sbf2,24.01129,24.06546,23.80282,24.01129
Ctsh,18.44403,20.47348,,19.458755
Sun2,26.27302,26.36836,25.81044,26.27302
Macrod2,25.17946,25.47441,25.59759,25.47441
Traf7,22.84755,22.94453,22.31992,22.84755
Smad2,25.72905,25.8541,26.41371,25.8541
Spcs3,27.70827,27.68773,26.93067,27.68773
Smndc1,27.10949,24.79417,25.42522,25.42522
Arhgef4,22.14805,22.69064,22.3065,22.3065
Pkn1,25.55476,25.24165,24.67568,25.24165
Nt5e,21.34142,21.45116,23.06876,21.45116
Cdk19,22.91865,23.14571,23.35917,23.14571
,20.91138,18.70158,,19.80648
Atp8a2,23.94548,23.58084,23.28093,23.58084
Clns1a,26.09253,26.53844,26.15414,26.15414
Dock11,24.16645,23.98172,23.76081,23.98172
Sorbs3,20.93776,20.81143,20.29659,20.81143
mt-Atp6;Mtatp6,27.16346,27.07775,27.04677,27.07775
Cog4,23.90113,24.29151,24.08869,24.08869
Mrpl19,26.11388,25.97607,25.63284,25.97607
Erlin1,24.85258,24.62572,24.18382,24.62572
Slc38a2,27.23352,26.74073,26.50359,26.74073
Tbc1d10a,21.71645,21.6348,22.60318,21.71645
,23.14091,22.99859,20.48993,22.99859
Scn3b,25.93535,25.32564,24.96208,25.32564
Dennd4b,21.65639,22.0899,21.26819,21.65639
Ctr9,24.37166,24.08375,23.84747,24.08375
Sec14l1,24.31486,24.24503,23.99507,24.24503
B3gat3,25.33548,25.17024,25.42889,25.33548
Anapc2,24.80646,25.40555,24.93315,24.93315
Wars2,25.2281,25.22055,25.11823,25.22055
Abhd4,22.68307,22.19403,23.41106,22.68307
Igsf1,,19.09486,18.21812,18.65649
Glmn,25.65638,25.5277,24.39532,25.5277
Plch1,20.66518,19.64873,15.31334,19.64873
Creg1,25.56349,24.89989,24.54109,24.89989
Tbl2,24.19603,23.66308,23.99835,23.99835
Bod1l,19.25967,20.72434,20.13132,20.13132
Hypk,25.77794,23.07609,24.98542,24.98542
Jmy,25.17794,25.0829,25.37103,25.17794
Gtf2f1,25.32694,24.27398,24.40938,24.40938
Brinp2,22.23664,21.81671,21.57948,21.81671
Fbll1,27.11714,26.87666,26.39712,26.87666
Ptn,27.69252,27.9526,26.50007,27.69252
Mrpl11,26.5267,26.63519,26.38266,26.5267
Hapln2,,23.02108,,23.02108
Myo10,15.22087,17.88739,13.29577,15.22087
Strip2,20.56123,18.84959,20.48856,20.48856
Ppip5k2,23.78566,23.54274,23.61246,23.61246
Kcnt1,20.43583,20.06461,18.79383,20.06461
Dzip3,23.96596,24.04009,23.25237,23.96596
Lyplal1,25.31057,25.37176,24.63832,25.31057
Mapk15,24.79352,25.82845,24.02876,24.79352
Serbp1,23.93211,23.19905,23.18471,23.19905
Pcdh19,22.83657,22.46777,22.45531,22.46777
Trim23,23.12605,23.05537,21.80286,23.05537
Slc43a2,20.47021,21.64253,19.90691,20.47021
Oxnad1,25.59503,24.20948,24.06357,24.20948
Cyp2j9,18.13024,17.36871,18.80373,18.13024
Thoc6,26.68191,26.13436,25.94561,26.13436
Nub1,24.56697,24.84336,24.99196,24.84336
Cptp;Gltpd1,23.93984,23.67799,23.42969,23.67799
Epb41l3,19.95333,19.98064,19.422,19.95333
Lysmd2,22.87955,22.48986,22.18532,22.48986
Pir,19.33662,,,19.33662
Rab2b,26.88995,26.83966,26.68819,26.83966
Ddrgk1,22.51939,22.25275,22.02496,22.25275
B2m,22.73184,25.31365,22.85772,22.85772
Lhpp,24.55906,23.93796,23.82202,23.93796
Endog,23.93076,23.72515,22.73223,23.72515
Arhgap17,19.92059,21.92448,20.41049,20.41049
Nedd8,29.92832,29.75307,29.33731,29.75307
Aldh3b1,,21.14731,,21.14731
Stau1,24.37577,24.21482,23.934,24.21482
Tmem9,24.22413,25.28154,24.28637,24.28637
Prkcz,24.20747,23.89938,23.49814,23.89938
Yes1,23.93634,24.5294,23.56848,23.93634
Gabra3,24.53659,25.2422,24.70672,24.70672
Hif1an,23.27696,23.1678,22.71956,23.1678
C1ql3,21.29637,21.70274,21.50218,21.50218
Heph,16.06808,14.8606,21.6926,16.06808
Anapc7,25.20933,25.15573,24.65097,25.15573
Ankle2,23.74181,23.03179,23.63256,23.63256
Yif1b,25.78019,25.54857,25.79667,25.78019
Bcam,21.93308,21.78017,,21.856625
Ccdc58,25.35175,24.85951,24.75343,24.85951
Pds5a,25.04402,25.14527,24.82406,25.04402
Opcml,25.45851,25.45098,25.58262,25.45851
Mrpl21,27.25656,26.9266,26.32703,26.9266
Comtd1,25.28937,25.47296,25.31941,25.31941
Nrp2,24.97456,24.38627,24.42586,24.42586
Cisd2,26.27684,26.99345,26.0112,26.27684
Nat10,24.88563,24.98364,23.86155,24.88563
Ptpmt1,23.75746,23.62845,23.49485,23.62845
Snx15,23.41609,24.42937,24.49631,24.42937
Meis1,22.49155,23.02597,23.24184,23.02597
Col1a1,17.51291,21.25425,17.1681,17.51291
Shoc2,25.34018,26.07981,25.58084,25.58084
Mmaa,24.84312,24.96688,24.06915,24.84312
Parg,21.8319,21.70662,21.88863,21.8319
Stx18,23.62756,23.5511,22.96654,23.5511
Man2b1,23.78547,22.86982,22.82299,22.86982
Nqo1,19.87517,22.14582,21.97281,21.97281
Slc13a5,,20.16325,,20.16325
Cnot2,23.5798,22.35278,22.57522,22.57522
Dpp4,,,,
Fam3c,25.50591,25.63802,24.85177,25.50591
Znf598,23.30494,22.94226,22.9757,22.9757
Gtf2b,24.13977,24.54203,25.04093,24.54203
Kdsr,25.38354,25.8435,24.99304,25.38354
Cadps,24.24634,23.22738,18.86185,23.22738
Wdr43,24.99023,25.29028,24.31741,24.99023
Pofut2,25.01214,25.13434,24.09861,25.01214
Kcnq2,21.95401,22.08525,21.14793,21.95401
Sez6l,24.27263,24.19723,23.51027,24.19723
Scaf11,18.28631,17.21333,16.96409,17.21333
Unc80,19.60337,18.62884,19.56985,19.56985
Unc13b,22.54456,21.69188,21.05775,21.69188
Tom1l1,21.04813,21.63041,18.30247,21.04813
Leo1,23.08552,22.92517,22.42977,22.92517
Dhx32,24.02665,24.30487,23.56546,24.02665
Vps37b,25.18139,25.21305,25.24318,25.21305
Csnk1g1,24.76845,24.35951,23.82075,24.35951
Slitrk5,21.66006,21.28308,19.34226,21.28308
Lzts1,23.45776,23.32059,23.27838,23.32059
Eogt,21.40935,20.45141,19.30744,20.45141
Speg,19.56149,19.65967,18.67349,19.56149
Commd6,26.56044,26.56974,25.75852,26.56044
Pcdhgb6,24.34564,23.99395,23.40963,23.99395
Sos2,21.39645,21.05278,21.14656,21.14656
Wdr18,27.08365,26.69365,26.95238,26.95238
Rnf181,21.57177,21.17255,21.17329,21.17329
Secisbp2l,20.22211,20.29838,20.55656,20.29838
Rbmx,23.99628,23.95651,23.87605,23.95651
Mttp,23.24333,22.80107,22.4237,22.80107
Luc7l,24.37398,22.65981,24.18782,24.18782
Sra1,23.53338,22.95589,23.20588,23.20588
Brd3,24.84009,24.40918,24.59974,24.59974
Neto2,24.40419,24.10973,23.25422,24.10973
Larp6,23.79054,24.24605,24.0441,24.0441
Uvrag,22.06217,21.75352,21.90345,21.90345
Zpr1,25.02357,24.76223,24.37272,24.76223
Ptplb,26.63755,25.54787,24.23125,25.54787
Tmem88b,,,,
Sh3bp1,26.12985,26.05823,20.81174,26.05823
Wwc2,22.64768,22.66726,20.471,22.64768
,26.00498,25.26012,29.55582,26.00498
Golga7,25.66058,27.20695,25.27138,25.66058
Hs1bp3,23.05976,23.27682,24.01504,23.27682
Arc,,18.62874,,18.62874
Ptgs1,21.01345,21.49673,19.98231,21.01345
Micall1,22.91203,23.0111,22.56834,22.91203
Dnajc2,24.63976,24.55818,24.03246,24.55818
Tbl3,23.95863,24.50136,23.13724,23.95863
Syt5,26.41679,26.4516,25.77321,26.41679
Scaper,24.20314,24.09079,24.08026,24.09079
Mrps7,26.65212,26.33989,25.72099,26.33989
Rfk,24.38897,23.52397,23.12244,23.52397
Kiaa1598,27.03538,27.15952,26.97147,27.03538
Cdkn2aip,24.65589,24.91196,23.97316,24.65589
Mrpl53,26.61288,26.80538,25.63165,26.61288
Ctss,22.09886,22.13984,20.47259,22.09886
Col6a1,19.13448,18.78673,,18.960605
Tyk2,22.79553,21.96063,20.47011,21.96063
Cxadr,30.68043,30.55197,30.35699,30.55197
Asic1,22.90947,22.14871,22.082,22.14871
Aatk,21.4107,21.58132,20.55927,21.4107
Mrpl24,26.66275,26.04496,26.03206,26.04496
Kcna6,21.95631,21.6468,21.88364,21.88364
Psmf1,23.21316,24.17828,24.37292,24.17828
Cdk5r2,22.33293,22.1161,21.5435,22.1161
Dcaf11,22.17752,22.13022,20.67124,22.13022
Kcna3,21.40286,21.51398,22.49042,21.51398
Alkbh3,21.19916,20.87545,20.047,20.87545
Prelp,17.86411,18.64692,,18.255515
Ndufaf6,22.81368,22.06572,22.63132,22.63132
Tsc22d2,24.49363,24.34537,24.06217,24.34537
Scoc,23.30772,24.98351,20.05841,23.30772
Dpysl4,,,,
Entpd5,23.87605,22.9771,23.05515,23.05515
Wsb2,24.14663,24.09595,23.18769,24.09595
Bid,25.24627,24.87131,25.5728,25.24627
Uhrf1bp1,22.74458,23.68432,24.18397,23.68432
R3hdm1,22.82759,21.79966,21.77286,21.79966
,23.27895,23.32937,22.09336,23.27895
Aes,23.07971,24.55836,23.6138,23.6138
Lamtor2,25.91752,27.88792,26.35212,26.35212
Cdh10,24.04752,24.24503,23.9322,24.04752
Faim,25.6945,24.89087,25.37898,25.37898
Klhl9,24.36105,24.19551,23.71597,24.19551
Sh2d3c,22.67966,22.64933,22.79491,22.67966
Tab1,25.29299,25.16756,24.92583,25.16756
Megf9,22.84481,23.13008,22.94077,22.94077
Tmcc3,21.85056,21.99141,20.04327,21.85056
Klc4,24.7016,24.56151,24.16638,24.56151
Zfp407,20.74296,22.07038,21.19412,21.19412
Lrrc73,25.32003,25.24761,22.17292,25.24761
R3hcc1,22.18568,21.61576,22.28678,22.18568
Ndufb2,25.70385,26.74817,26.18699,26.18699
Emc4,23.63666,23.78845,25.29565,23.78845
Stk38,25.15376,24.80523,24.45218,24.80523
Elp5,23.9664,23.16492,23.2988,23.2988
Pcna,25.09164,25.62681,24.68244,25.09164
Cdc42ep1,23.48395,23.8399,,23.661925
Myo16,23.02867,23.07798,22.95113,23.02867
Dvl1,23.60365,23.07601,22.68273,23.07601
Mbnl2,23.16622,24.04444,24.11012,24.04444
Tpd52l2,23.21605,23.44316,23.27526,23.27526
Rbfox3,25.2043,25.11858,24.43071,25.11858
Timm21,23.99809,24.21653,24.62545,24.21653
Commd7,24.60388,25.17387,25.16089,25.16089
Mboat2,23.93211,24.48019,23.21424,23.93211
Coq3,24.74129,24.5844,24.73278,24.73278
Gm21992;Rbm4,25.28486,25.84292,25.01436,25.28486
Glipr2,26.65758,26.37217,26.31926,26.37217
Reep3,22.7701,21.67719,22.04953,22.04953
Mfsd6,22.67053,22.28082,21.51528,22.28082
Lmf2,24.67756,25.05408,24.14016,24.67756
Scd2;Scd3,24.14779,23.5093,23.0119,23.5093
Sugp1,21.12887,20.96127,21.03059,21.03059
Trp53rk,20.22022,19.71206,23.73138,20.22022
Polr2d,23.41931,23.60524,23.33347,23.41931
Srpr,25.4303,25.35538,25.37189,25.37189
Jakmip2,24.11418,23.81392,24.25364,24.11418
Lsm12,26.82736,26.11833,26.3889,26.3889
Tomm40l,25.40331,24.83079,24.4968,24.83079
S100a16,24.34672,23.54898,22.69581,23.54898
Trmt6,24.38054,23.28023,23.67498,23.67498
Tmem87a,25.27071,25.30456,24.32306,25.27071
Pde8a,19.94206,19.82118,19.55641,19.82118
Aqr,24.84561,24.64069,24.42066,24.64069
Cpq,21.26591,21.92085,19.26959,21.26591
Tmem178b,26.2032,25.663,25.57045,25.663
Wrnip1,25.78646,26.14042,25.78269,25.78646
Wdr45,23.52217,23.95642,23.67885,23.67885
Phyhd1,18.19446,20.42951,,19.311985
Plekha7,19.19504,16.27336,18.19378,18.19378
Mrps11,25.11637,25.13903,25.3683,25.13903
Ube2q1,24.38251,24.46787,23.9574,24.38251
Unc119b,24.34394,24.31741,24.95367,24.34394
Slc4a1ap,23.06812,23.42316,23.8259,23.42316
Matn4,16.94958,20.38711,17.76007,17.76007
Mlip,17.70036,16.01579,17.89356,17.70036
Arap2,19.75422,18.72167,20.11515,19.75422
Spg21,24.73939,24.63234,24.19046,24.63234
Rims3,23.69785,24.32643,22.38648,23.69785
Stambpl1,24.70525,22.88673,22.99662,22.99662
Ppp2r2b,24.45657,25.61141,23.78067,24.45657
Tpbg,24.87671,24.19933,24.22648,24.22648
Lrrfip1,22.58339,24.70757,23.26528,23.26528
Eml3,18.21528,18.60139,18.18785,18.21528
Cdr2l,22.72542,21.30686,21.90331,21.90331
Lpp,20.01236,21.72588,17.11248,20.01236
Sumo2,30.08677,29.85231,29.70023,29.85231
Galk2,24.077,23.76507,23.86391,23.86391
,23.42458,23.72484,22.94451,23.42458
Mapk8ip2,20.6709,19.61942,18.47378,19.61942
B3galtl,23.68848,23.20246,23.02511,23.20246
Abhd3,20.84245,21.7432,20.59869,20.84245
Tmem201,24.24612,25.32557,23.94753,24.24612
C330007P06Rik,24.00941,18.91237,22.79725,22.79725
Ddx41,24.90113,25.1145,24.54215,24.90113
Dnajc24,22.83805,21.95738,22.06618,22.06618
Eno3,22.07123,17.9881,,20.029665
Smek2,21.4957,20.19689,19.8349,20.19689
Mmgt1,26.95859,27.4592,26.00179,26.95859
Gatad2b,26.286,24.44872,25.81809,25.81809
Snx25,22.40226,22.08615,21.48532,22.08615
Cdh8,21.09133,22.35818,20.6368,21.09133
Arfgap1,,,21.78193,21.78193
Gpld1,19.0128,14.44353,15.09115,15.09115
Rif1,18.90965,16.58766,16.76953,16.76953
Mtmr6,24.63716,24.19543,23.71806,24.19543
Bnip3l,24.72817,24.52987,23.78347,24.52987
Pars2,24.77891,25.35961,24.26306,24.77891
Lims1,25.12908,23.74653,24.0333,24.0333
Lclat1,25.88665,25.09632,24.95154,25.09632
Lmbrd2,24.92012,24.72093,24.75287,24.75287
Thra,24.40106,24.28461,23.86155,24.28461
Slc1a1,23.38482,24.13344,23.68357,23.68357
No66,23.77706,23.38588,22.70927,23.38588
Slitrk1,22.4985,22.4265,20.90749,22.4265
Phlpp1,21.12288,22.71557,21.82943,21.82943
Agt,19.21333,19.47939,19.80939,19.47939
Tspan7,27.29938,26.67128,27.35464,27.29938
Cyth3,24.69546,24.75776,24.56052,24.69546
Slc22a23,24.35219,24.33708,22.74166,24.33708
Itih5,19.38155,18.31287,18.07331,18.31287
Vamp3,26.04172,24.67244,24.68233,24.68233
Gemin5,23.22848,22.98329,22.83892,22.98329
,24.37345,22.80884,22.34199,22.80884
Cd2ap,20.87094,17.2379,18.30274,18.30274
Atf2,22.1399,20.72351,22.51504,22.1399
Mlst8,25.96303,25.7334,25.71513,25.7334
Ppwd1,23.4665,22.17758,22.592,22.592
Nubp2,26.43393,26.06271,25.50103,26.06271
Uck2,23.36252,23.7292,23.51869,23.51869
Rbm26,23.75644,23.95527,23.68902,23.75644
Dync2li1,23.849,23.26299,22.84007,23.26299
Pgbd5,24.47853,24.72796,24.71848,24.71848
Pcnp,23.40302,23.07785,24.29116,23.40302
Kcmf1,24.29719,24.92886,24.10613,24.29719
Cep97,23.20132,23.31659,21.65062,23.20132
Tbc1d22a,21.90239,21.42496,21.51485,21.51485
Ppp4c,26.26363,26.86065,25.9646,26.26363
Acap3,23.63157,23.76152,23.31852,23.63157
Fam50a,23.34543,23.37981,23.58898,23.37981
Rpp30,23.26799,22.8641,23.16415,23.16415
Cblb,22.43921,22.61425,23.84623,22.61425
Gabra6,,,,
Nfix,26.60781,26.16753,26.06454,26.16753
Maged1,22.9484,23.57508,22.57092,22.9484
C1qtnf4,27.24663,27.31181,26.73492,27.24663
,22.71473,22.10594,21.84797,22.10594
5031439G07Rik,25.10905,25.23743,25.40367,25.23743
Ppp1r10,22.49502,22.95757,22.53891,22.53891
Nup88,24.23579,24.49601,23.7684,24.23579
Jak1,22.08657,22.28226,20.46732,22.08657
Itga7,20.12402,19.96846,19.62042,19.96846
Pom121,20.90176,21.20866,19.38482,20.90176
Mapt,27.20536,26.99895,27.3424,27.20536
Ubxn4,25.52364,25.61498,25.21201,25.52364
Ap1s2,22.62943,22.65031,22.73043,22.65031
Exd2,24.50543,24.17387,23.54793,24.17387
Cntnap5a,18.96076,19.28134,18.85535,18.96076
Vwa9,23.81167,23.45438,23.86599,23.81167
Pak1ip1,24.91319,24.53937,24.35138,24.53937
Hacl1,22.98057,22.58907,24.01648,22.98057
Hmg20a,24.59554,23.82104,23.74499,23.82104
Gm20671;Pisd,24.21616,24.32313,24.65938,24.32313
Abcd2,22.40494,22.71442,22.13301,22.40494
Gpam,25.82624,25.66006,24.45029,25.66006
Slc44a2,24.63782,24.55789,24.17425,24.55789
Flrt2,23.45488,23.68143,22.83686,23.45488
Galnt13,20.24028,19.54712,19.09677,19.54712
Aagab,24.92039,25.00582,25.17699,25.00582
Svip,,,,
Akt1s1,24.90757,23.60637,24.77223,24.77223
Bsdc1,22.22985,24.80887,22.44309,22.44309
Bccip,26.24153,25.75078,26.24822,26.24153
Tbck,25.30229,25.59218,24.96891,25.30229
Ctif,23.88744,24.3254,23.37465,23.88744
Scpep1,23.13353,23.7263,23.07148,23.13353
R3hdm2,20.7563,20.94442,21.20365,20.94442
Dtd2,22.91139,22.86786,20.5468,22.86786
Vamp8,22.12965,19.4271,21.00333,21.00333
Inmt,16.03024,,21.87639,18.953315
Cav2,,20.13659,18.78053,19.45856
Arhgap31,22.82481,22.51372,21.0208,22.51372
Slc6a15,23.91415,23.55286,24.26971,23.91415
Prc1,21.8864,19.55622,21.53559,21.53559
Eepd1,23.17962,22.87254,21.15666,22.87254
Lrrc8d,24.11791,23.8259,23.39793,23.8259
Lrrfip1,23.80489,24.21074,22.13361,23.80489
P2ry12,19.35902,20.71699,21.43553,20.71699
Maged2,24.96873,24.89004,24.73758,24.89004
Hist2h2ab,26.58133,26.44881,27.14287,26.58133
Nol4l,23.11437,23.586,23.24341,23.24341
Ston2,21.56132,21.04587,21.50954,21.50954
Wnk3,21.55749,21.58687,21.99666,21.58687
Tia1,25.38726,25.23958,25.15136,25.23958
Rufy2,22.81021,23.03899,22.20917,22.81021
Bop1,24.81446,24.73738,23.92152,24.73738
Tmem62,23.85548,23.62187,23.49753,23.62187
Gna12,22.37231,21.64553,21.3611,21.64553
Stx6,24.3965,25.14402,24.44278,24.44278
Vkorc1l1,25.7445,26.60088,24.47073,25.7445
Map7,12.02504,19.99962,,16.01233
Dcaf5,23.30855,23.26571,22.67773,23.26571
Man1a2,23.32841,23.13066,23.11504,23.13066
Hlcs,23.03061,23.02648,22.57579,23.02648
Mrpl23,27.16969,27.09104,26.86029,27.09104
Cd151,22.6731,22.92162,23.3181,22.92162
Irs2,21.6058,21.33036,20.11375,21.33036
Phf10,22.12814,22.1337,21.89578,22.12814
Apba2,24.42175,24.53136,24.74924,24.53136
Smad5,24.36366,24.57479,24.7889,24.57479
2015-09-10 00:00:00,21.32839,21.7258,22.05636,21.7258
Prkg2,19.85903,22.58733,23.1431,22.58733
Uevld,23.63034,23.50676,23.2399,23.50676
Unc5c,22.06779,21.28811,20.38711,21.28811
Rcbtb1,23.47667,24.14063,24.20911,24.14063
Ccnyl1,24.75435,24.62266,24.05672,24.62266
Tbpl1,27.07826,27.70642,27.19985,27.19985
Glrx2,25.57839,25.13637,24.52999,25.13637
Ralgps1,23.70988,24.41009,22.92761,23.70988
Morn4,25.33895,24.04485,23.77806,24.04485
Akap8,24.87586,24.69774,24.55538,24.69774
Golga1,21.34657,20.93488,20.50359,20.93488
Peak1,20.92499,20.60784,20.3014,20.60784
Tnip1,20.64474,20.5031,18.29194,20.5031
Fer,24.47432,23.89254,23.53552,23.89254
Asphd2,22.21845,22.31199,21.01168,22.21845
Dapk3,20.29883,21.65106,21.60878,21.60878
Pofut1,24.03993,24.00949,23.47346,24.00949
Arid1b,24.05449,23.80607,23.42137,23.80607
Rad50,21.14538,21.77808,20.55712,21.14538
Mul1,23.50167,22.68224,22.8053,22.8053
Mettl3,21.75046,21.11553,22.34646,21.75046
Paxbp1,23.86231,23.60309,23.02459,23.60309
Ttc5,25.4484,24.88381,25.54469,25.4484
Lppr2,25.42512,25.06792,24.8905,25.06792
Echdc2,22.76681,22.13132,21.45277,22.13132
Entpd2,21.69846,17.93687,,19.817665
Bbs7,21.86839,21.66479,20.49248,21.66479
Stmn3,26.83906,26.91308,26.0008,26.83906
Gfm2,24.14554,24.21438,23.40938,24.14554
Snapin,24.73273,24.32396,23.44796,24.32396
Tcf4,21.23087,20.71624,21.03248,21.03248
Cpne8,25.09386,25.02263,24.94762,25.02263
Stk25,24.82866,24.57317,23.97806,24.57317
Dmap1,23.68442,23.94199,23.51159,23.68442
Bicd2,22.16644,21.9451,23.19018,22.16644
Lipa,21.05821,20.76959,22.32372,21.05821
Arhgef10l,24.02724,23.75471,23.63832,23.75471
Pip5k1a,22.59003,22.25992,22.1327,22.25992
Nfil3,21.81886,23.33783,22.34849,22.34849
Fn1,21.86374,22.65123,22.74694,22.65123
Raver1,24.77565,24.63006,24.76304,24.76304
Itm2b,25.45428,25.54616,24.8925,25.45428
Aldh16a1,22.77068,22.44387,22.51994,22.51994
Galt,21.02269,22.10085,20.6163,21.02269
Ppp1r3f,23.18541,22.84374,21.59678,22.84374
Gtf2e2,23.08706,23.41132,22.01471,23.08706
Jam2,18.50719,18.3475,,18.427345
Tha1,24.1404,24.57467,24.10502,24.1404
Usp35,20.60991,20.47269,20.28308,20.47269
Fam208a,21.15078,21.08855,20.52688,21.08855
Cx3cl1,22.64342,22.48873,22.1337,22.48873
Hmgcs2,26.01859,26.61512,26.17889,26.17889
Pcmtd1,23.84738,23.78646,23.66156,23.78646
Efnb2,24.60235,24.52205,23.24853,24.52205
Cnn2,22.57561,21.82924,,22.202425
Pkib,,,,
Selt,27.53036,26.36645,24.56174,26.36645
Acvr1b,23.96182,24.21697,23.79778,23.96182
Gabrd,,,18.80285,18.80285
Pomgnt1,21.4371,21.97393,21.98791,21.97393
Rasgrp1,20.43298,20.76304,,20.59801
Abcc8,18.59816,19.30984,18.91497,18.91497
Hmgxb4,22.33325,22.11283,19.1966,22.11283
Tcf20,20.76118,20.55159,20.86529,20.76118
Npepl1,21.16705,19.92441,21.20926,21.16705
Slc25a15,20.79828,20.79717,22.96272,20.79828
Acad11,21.81178,21.29732,21.656,21.656
Sorbs1,17.99551,17.42169,15.95665,17.42169
4931406P16Rik,24.1961,24.10613,24.02073,24.10613
Aatf,23.84115,24.2875,23.53754,23.84115
Golga5,20.58325,20.21134,20.70295,20.58325
Ephb6,20.83938,21.65075,20.80751,20.83938
Unc119,25.85365,25.87949,25.52121,25.85365
Ca7;Car7,20.83214,,,20.83214
Tktl1,24.89064,,,24.89064
Map3k7,22.76191,22.23228,22.86942,22.76191
Eif4enif1,22.63008,22.4533,22.49972,22.49972
,24.52987,24.88897,24.80897,24.80897
Urgcp,22.46894,22.75691,21.44086,22.46894
Rnf126,25.71458,26.77404,26.0531,26.0531
Mrps30,26.09158,26.27569,25.62533,26.09158
D3Ertd751e,,,,
Gprasp2,22.57048,22.91954,20.3496,22.57048
Rai14,21.59678,22.05278,22.57455,22.05278
Cr1l,22.47383,22.57344,21.4498,22.47383
Mrps26,26.91365,27.05703,26.42908,26.91365
Zeb2,23.31008,23.58806,23.20104,23.31008
Mycbp,25.58474,25.59582,25.31275,25.58474
Pet112,24.30006,22.95654,23.18265,23.18265
Aldh1a2,17.69798,18.01296,19.79988,18.01296
Ccdc43,,20.3792,20.95823,20.668715
Fpgs,21.26711,20.54331,19.17221,20.54331
Mrps15,25.35612,24.86839,24.6151,24.86839
Mib1,22.08005,22.62145,22.48222,22.48222
Kctd3,22.42291,22.81788,22.98876,22.81788
Tmem106b,24.32052,25.02956,24.2129,24.32052
Iqcb1,25.21682,25.28789,24.37431,25.21682
Itpkb,22.21543,21.86722,19.65809,21.86722
Rapgefl1,21.56197,21.3063,21.1832,21.3063
Slmo1,25.28281,25.08513,24.2887,25.08513
Serpinf1,,17.32641,19.20247,18.26444
Otud6b,27.00774,26.38796,26.3577,26.38796
Mrpl54,25.61186,25.31859,24.61532,25.31859
Cox7c,26.49717,26.81678,25.62642,26.49717
Smg8,23.89846,23.79223,23.60998,23.79223
Kdm4a,22.74063,22.43903,22.54804,22.54804
Sh2d5,20.94728,22.91075,20.09442,20.94728
Grk5,22.37624,22.09423,20.163,22.09423
Klhdc2,22.99569,23.36506,22.29625,22.99569
Mrpl57,21.17542,,23.22307,22.199245
Parva,23.98381,21.99155,21.91017,21.99155
Tpgs1,22.7858,23.13918,22.60892,22.7858
Brd2,23.9526,23.37239,23.52289,23.52289
Pcdha9,22.18767,22.58877,22.47078,22.47078
Rbbp5,24.26614,23.64944,24.09023,24.09023
Akap6,20.36442,20.62042,20.13157,20.36442
Arhgap33,24.57548,24.43173,24.24147,24.43173
Fdx1l,24.13907,23.69678,21.84042,23.69678
,22.07366,23.04913,22.73521,22.73521
Cep68,18.73658,18.80857,17.61482,18.73658
Cd34,,21.18507,,21.18507
Cdc27,23.7684,24.09063,22.90691,23.7684
Slc6a7,20.71003,20.51595,,20.61299
Ddhd1,,18.83522,,18.83522
Frs2,21.97215,22.54324,21.82551,21.97215
Naa30,25.70396,25.49896,25.06612,25.49896
Dennd4a,21.04066,20.18095,20.35928,20.35928
Unc13c,18.3055,,,18.3055
Diablo,24.48278,24.62305,24.56512,24.56512
Incenp,18.59685,18.94312,,18.769985
Swi5,25.86609,25.99103,26.20085,25.99103
Alpl,22.86554,22.05009,21.48675,22.05009
Snx32,24.35984,24.445,24.31976,24.35984
Rlbp1,24.68121,24.0135,23.22182,24.0135
Vps37a,22.97502,22.75892,22.79806,22.79806
Krt8,,,,
Srp19,26.4154,26.72117,26.07867,26.4154
Foxk2,22.84272,22.99543,21.83198,22.84272
Hdac3,24.13069,23.34895,23.95003,23.95003
Bola3,23.04202,23.34462,22.46306,23.04202
Cnnm4,22.86049,22.88619,22.56878,22.86049
Rbck1,20.86234,19.60453,19.76612,19.76612
Rgs3,22.34093,22.50208,21.71268,22.34093
Fkbp9,20.68166,20.78915,18.07007,20.68166
Grm4,,17.09476,19.02851,18.061635
Pcdh1,22.6787,21.20723,22.83898,22.6787
Lsm3,27.61393,27.34087,27.38286,27.38286
Mid1ip1,23.10021,22.78475,21.01488,22.78475
Ahsa2,25.88672,25.68003,24.98798,25.68003
Fbxl15,23.51437,24.30654,23.53243,23.53243
Mllt4,24.08188,24.11339,23.77062,24.08188
Armcx3,25.68688,25.84182,25.18805,25.68688
Irf2bp1,24.83379,24.80646,24.36212,24.80646
Tatdn1,24.04635,24.74335,23.92162,24.04635
Ankrd44,25.20314,25.20471,24.97762,25.20314
Arnt2,23.86618,24.03297,23.26899,23.86618
Alkbh7,23.00481,23.14636,23.00907,23.00907
Saraf,24.44518,25.4562,24.55327,24.55327
Nfat5,20.61279,18.96787,18.69268,18.96787
Phldb1,22.38153,21.93452,21.86778,21.93452
Brd9,22.88439,21.6628,22.50664,22.50664
Tmem132e,18.41823,18.7836,18.52822,18.52822
Gtf2e1,25.02102,25.12183,24.78072,25.02102
Tmem222,23.51821,24.10877,23.61953,23.61953
Sec61g,28.83358,28.98471,28.63277,28.83358
Cdk9,26.80796,27.05466,25.14075,26.80796
Timm22,26.39334,26.34016,26.02817,26.34016
Cd99,19.55607,22.09016,23.08104,22.09016
Cmtm4,23.99179,23.81978,23.90582,23.90582
Slc15a2,21.15041,21.30936,21.61329,21.30936
Rit2,24.99589,24.60246,24.25212,24.60246
Sun1,23.6147,23.81997,23.64603,23.64603
Lhfpl4,22.38556,23.4902,21.27895,22.38556
Doc2a,22.96939,22.28884,22.4381,22.4381
Rundc3b,24.18858,23.9518,23.87455,23.9518
Ptpn2,24.83692,24.47141,23.8811,24.47141
Rbm5,21.80766,22.45631,22.11191,22.11191
Rims1,19.35836,18.73195,19.51874,19.35836
Mtpap,24.20754,24.56308,23.83576,24.20754
Mdga1,23.39467,23.63688,23.52576,23.52576
Nucb2,24.25278,24.09909,24.04984,24.09909
Cnpy4,24.04943,23.99499,23.21079,23.99499
Hexim1,22.95211,22.53105,22.41664,22.53105
Stx5;Stx5a,25.594,25.56387,25.46684,25.56387
Tceb3,21.51716,21.97046,22.67829,21.97046
Angel2,24.66947,24.65513,24.37597,24.65513
Slc10a4,22.49663,22.42864,22.8837,22.49663
Pllp,,,,
Nf2,22.48822,22.65281,22.43408,22.48822
Rela,24.85795,25.00903,23.82474,24.85795
Palmd,,,,
Pkia,27.27097,25.04643,25.96688,25.96688
Srsf9,25.11613,24.59258,24.85429,24.85429
Ears2,25.79558,24.46936,24.08529,24.46936
Add1,20.40166,20.93869,,20.670175
Dvl3,23.32677,22.3735,22.77243,22.77243
Ptprr,22.25977,22.69789,22.33519,22.33519
Ngb,,22.25957,,22.25957
Fchsd2,25.15858,25.13997,25.45042,25.15858
Osgep,25.3758,25.10725,24.76699,25.10725
Zbed5,23.99205,23.66232,23.55274,23.66232
Exoc6,24.02191,24.91916,23.40432,24.02191
Sec61a1,27.09416,27.41103,26.93876,27.09416
Cyp2s1,16.57663,15.31178,,15.944205
Faim2,24.27491,22.51143,23.46588,23.46588
Txndc15,26.44985,26.49937,26.19712,26.44985
Anapc4,26.25389,26.31986,25.905,26.25389
Gng5,,,,
Brd4,24.56987,24.36373,24.13485,24.36373
Fbxw17,20.42614,21.48753,20.91882,20.91882
Appbp2,23.58864,22.68987,22.34654,22.68987
Med1,22.72134,22.41145,22.49033,22.49033
Unk,23.27014,23.23052,23.13124,23.23052
Shc1,,,,
Rpl22l1,26.4206,26.52561,24.98845,26.4206
Arid4b,23.84451,21.71419,21.94899,21.94899
Cdc40,23.1811,22.87487,22.21863,22.87487
Git2,23.89901,23.6634,23.27512,23.6634
Tmem214,24.02724,23.81997,23.36132,23.81997
Ssh2,23.14288,22.70563,22.4019,22.70563
Pla2g6,23.30647,20.43797,19.95589,20.43797
Cdh6,21.96077,21.71121,18.55101,21.71121
Fastkd5,20.75426,21.2454,21.24173,21.24173
Gnb2,,,,
Npc2,26.4761,26.86868,25.95471,26.4761
Pla2g15,24.56186,24.39813,22.60098,24.39813
Pltp,21.79701,21.90661,21.79031,21.79701
Kcnj9,,,,
Myof,21.79947,21.56556,21.80392,21.79947
Gan,24.9952,25.06258,24.53576,24.9952
Rpl37a,29.10074,30.07839,29.32157,29.32157
Cwc15,23.49436,22.5885,24.2451,23.49436
Kctd10,22.58174,22.78612,21.90514,22.58174
Kiaa0100,19.73577,18.85653,19.37207,19.37207
Pank2,24.97255,24.0466,24.18963,24.18963
Ppfia1,23.17156,22.32336,22.83409,22.83409
P33monox;4833439L19Rik,20.78405,19.24286,18.8042,19.24286
Suds3,23.38073,23.4924,23.8227,23.4924
Rqcd1,26.79984,27.22986,26.60795,26.79984
Bicd1,21.94199,21.16466,21.12622,21.16466
Thoc5,24.98163,24.88707,24.68325,24.88707
Slc4a4,19.52187,19.35122,18.65885,19.35122
Wdr4,24.85362,24.35662,24.29025,24.35662
Pcbd2,23.95011,23.6502,23.61863,23.6502
Sdpr,21.9852,19.03534,21.72167,21.72167
Cwf19l1,22.95568,23.34001,23.101,23.101
Vti1a,23.94458,24.92606,23.19336,23.94458
Nsd1,20.83221,20.43715,21.03758,20.83221
Morc2a,23.64746,23.21965,23.33906,23.33906
Rims4,25.42998,25.04373,25.10177,25.10177
Trip4,23.0756,20.94892,20.20419,20.94892
Bag1,24.81934,24.445,24.22369,24.445
Mapt,28.23822,28.18381,27.63596,28.18381
Gjb6,,,,
Triobp,19.56961,19.48071,18.27712,19.48071
Enpp4,22.89781,22.71908,22.16598,22.71908
Keap1,23.64328,23.69965,23.1179,23.64328
Itfg3,23.03428,23.96614,23.56372,23.56372
Thg1l,23.47853,22.27225,22.34468,22.34468
Smyd2,23.43352,23.49326,23.15287,23.43352
Whsc1,23.07988,22.71461,22.70957,22.71461
Dkk3,18.77665,,17.01846,17.897555
Hcn4,21.88039,21.8668,20.61252,21.8668
Tmem38a,22.76276,22.97579,22.61027,22.76276
Optn,19.42089,19.35557,18.87999,19.35557
Adrbk2,19.62738,20.48611,19.94249,19.94249
Mto1,22.34142,20.23643,21.07117,21.07117
Phf3,22.20413,21.38163,21.38648,21.38648
Rnf113a2,21.87575,22.07133,19.01351,21.87575
Cacng2,23.17618,23.39624,21.49174,23.17618
Galnt2,25.82068,26.13146,25.62397,25.82068
Cep131,21.35493,20.63387,21.226,21.226
9330182L06Rik,21.67038,23.29151,22.59828,22.59828
Pnck,25.54371,25.27459,24.72458,25.27459
Rasd2,,,,
Otub2,21.50485,22.29359,22.04577,22.04577
Zbtb20,24.53671,24.37974,24.78811,24.53671
Adal,20.1893,19.66223,19.65667,19.66223
Mcmbp,24.56697,25.11779,24.53925,24.56697
Pdzd11,25.03976,24.79397,22.33538,24.79397
Nupl1,24.39297,24.76719,24.4215,24.4215
2015-09-08 00:00:00,,,,
Rpl29;Gm17669;Gm10709;Gm3550,28.30226,29.42061,28.96752,28.96752
Msrb2,17.4151,17.51815,,17.466625
Zhx3,20.93797,21.0899,19.07512,20.93797
Tmem56,23.16602,22.70506,23.83576,23.16602
Crabp1,25.07553,24.98824,26.40852,25.07553
Las1l,25.51241,25.90467,25.69562,25.69562
Sco2,24.89171,24.93575,23.80243,24.89171
Phf5a,25.53674,25.30198,24.8531,25.30198
Rem2,25.34499,25.58552,25.13395,25.34499
Fig4,23.41119,23.73779,23.5291,23.5291
Klhl42,21.30039,21.85787,20.93941,21.30039
Irs1,20.02256,20.66092,21.03026,20.66092
Tulp3,23.28122,23.77475,20.33995,23.28122
Rbm27,23.42726,24.03187,21.78584,23.42726
Ppih,25.26263,25.83668,25.55031,25.55031
Itgb2,20.53545,20.44142,19.20036,20.44142
Dis3,25.08156,25.22475,24.92329,25.08156
Mrpl55,26.65526,25.74694,25.05146,25.74694
Kmt2a,19.33638,19.63701,19.97323,19.63701
Dusp19,22.59005,22.85671,,22.72338
Ank3,17.95963,16.93744,16.27389,16.93744
Phactr2,,,,
Arhgef18,23.12021,23.09444,22.5603,23.09444
Lrrc75a,23.23665,23.36078,22.23436,23.23665
Dock6,22.82619,22.09039,21.19051,22.09039
Pdlim4,22.7186,22.96667,21.8631,22.7186
Gng11,,,24.43682,24.43682
Lsm1,26.88227,26.97956,26.43465,26.88227
Rabif,27.70108,27.39149,25.30487,27.39149
Hm13,25.96919,26.01188,26.06561,26.01188
Rsf1,23.00415,22.8926,23.04425,23.00415
Mepce,23.38469,23.23305,22.41519,23.23305
Ranbp10,20.73694,22.13587,23.08766,22.13587
Spcs1,27.21937,28.39374,28.09315,28.09315
Mettl16,23.90747,23.72806,23.03857,23.72806
Taf9,23.454,22.58987,22.0969,22.58987
Rab11fip1,21.00512,21.06276,21.24632,21.06276
Opalin,,,,
Engase,22.80463,22.9618,22.1988,22.80463
Cerk,21.59464,21.88372,21.40821,21.59464
Ddx18,23.44164,23.75542,23.80213,23.75542
L7rn6;l7Rn6,26.59648,26.74484,26.74586,26.74484
Rab26,,,,
Lrig1,20.25419,19.30846,18.13014,19.30846
Wac,22.96268,22.88157,23.29404,22.96268
Wdr81,23.59446,23.17843,23.42522,23.42522
Slc18a2,20.34495,20.52076,20.01195,20.34495
Cstf2t,23.76901,23.43581,23.5087,23.5087
Vps9d1,22.0451,21.9733,21.76927,21.9733
Olfm3,18.81641,,,18.81641
Mre11a,21.14625,21.07907,21.0713,21.07907
Tmf1,22.52368,21.76048,19.78852,21.76048
,21.18059,21.72692,21.55997,21.55997
Snap23,26.36361,25.98,26.32679,26.32679
Dopey1,21.71293,22.61045,21.64417,21.71293
Alg5,25.34807,25.13332,25.30966,25.30966
,20.84161,21.74653,20.92093,20.92093
Shf,20.13996,18.89886,12.68663,18.89886
Aup1,23.60908,22.59298,22.34965,22.59298
Tprkb,25.49186,25.74386,25.45585,25.49186
Ncor1,20.38816,21.55675,19.79978,20.38816
Serpinb9b,19.38716,23.89698,21.51879,21.51879
Aaas,25.09844,25.31814,25.1168,25.1168
Iah1,25.06919,25.53552,24.92506,25.06919
Madd,18.06723,17.95968,,18.013455
Ints7,24.63301,24.49387,24.6725,24.63301
Cdc37l1,23.42227,23.01437,23.27028,23.27028
Gpc6,24.24612,23.31354,23.57288,23.57288
Ttc4,21.32734,21.07862,19.22105,21.07862
Apc2,22.24429,22.46792,22.60309,22.46792
Orc5,22.44935,22.13119,20.93797,22.13119
Sec62,24.3839,24.51418,24.63998,24.51418
Cntn6,20.10188,21.0901,18.93408,20.10188
Tpd52l1,15.38175,15.75269,14.95101,15.38175
Isy1,22.93207,22.76784,23.32869,22.93207
Ift172,22.18933,21.72159,21.84548,21.84548
Zbtb7a,19.257,19.00339,14.88221,19.00339
Mrpl41;Gm6434,25.88337,25.436,25.38502,25.436
Prss23,17.73595,,,17.73595
Coq7,24.98524,24.21342,22.89141,24.21342
Ephb3,21.71238,21.09178,20.42686,21.09178
Ppil2,22.33552,22.7648,22.50242,22.50242
Slc25a19,23.46762,23.35756,23.05927,23.35756
Tmem177,24.40067,24.49503,23.81685,24.40067
Fyttd1,25.59104,25.94751,24.99783,25.59104
Otulin,23.08732,22.80692,22.55333,22.80692
Smpdl3b,21.93272,21.92241,19.77536,21.92241
Msh6,24.12786,24.19535,23.95251,24.12786
Szrd1,22.09658,22.71064,,22.40361
Crlf3,22.92893,22.41113,22.89,22.89
Ccdc88c,18.9187,20.55749,18.70614,18.9187
Ca10;Car10,,17.463,,17.463
Uqcc1,24.73221,24.67627,23.87202,24.67627
Sipa1l3,21.38269,20.97344,20.83669,20.97344
Cep170,16.04734,,,16.04734
Mbp,,,,
Col4a2,17.96877,15.28146,,16.625115
Slit2,23.64482,23.46837,23.28912,23.46837
Clcn3,20.55375,17.19191,,18.87283
St8sia3,24.45595,24.17539,24.08213,24.17539
Fbxo6,22.25931,19.54875,21.09359,21.09359
Scamp4,24.63937,24.38495,24.47914,24.47914
Mrpl43,26.02608,25.88958,25.54194,25.88958
Pelo,24.82498,24.84943,25.04685,24.84943
Pcf11,21.24551,21.06098,21.07561,21.07561
Cbfb,24.08643,24.59929,23.90839,24.08643
Cep128,19.74872,19.73226,18.92155,19.73226
Pex3,25.05424,24.98902,24.60167,24.98902
Gtf3c4,24.7226,24.82512,24.47865,24.7226
Ift88,21.90209,21.22476,22.22993,21.90209
Tub,24.76279,24.18956,23.88493,24.18956
Gls2,,,,
Pbx1,25.51313,25.53866,25.59027,25.53866
Fam210a,22.80162,22.61695,21.37904,22.61695
Tbcc,24.79362,24.80361,23.93022,24.79362
Smarcd3,25.51271,25.42281,25.22913,25.42281
Polr2h,25.95533,25.78945,25.65395,25.78945
Trhde,22.87226,22.96259,22.83782,22.87226
Rbm45,22.44877,21.54326,20.77338,21.54326
Kiaa0319l;AU040320,23.81274,23.19901,23.42265,23.42265
Eif1ad,24.50821,23.66036,22.14647,23.66036
Rabep2,21.86835,22.35089,21.78285,21.86835
Gtf3c1,23.92162,23.99421,23.07987,23.92162
Trim36,21.19039,21.01332,20.32487,21.01332
Gpt,13.42206,13.09996,,13.26101
Hm13;H13,25.5373,25.13191,24.94668,25.13191
Cbwd1,25.95538,25.97498,27.34714,25.97498
Tgs1;Gm5117,23.27028,23.06467,23.39336,23.27028
Smarcc1,26.29455,26.53525,24.00393,26.29455
Fam20b,25.01465,24.41545,24.47104,24.47104
Larp7,24.99455,24.41106,24.18101,24.41106
Plekho1,24.33484,23.34449,23.35542,23.35542
Pja1,21.46164,20.37539,21.60558,21.46164
Pros1,21.28444,20.5064,21.28354,21.28354
Cacna1c,20.51326,19.76895,19.9011,19.9011
Slc4a2,20.13671,13.88988,19.94178,19.94178
Clip3,24.71691,24.79986,23.86514,24.71691
Mon1b,23.71324,23.80705,22.89584,23.71324
Calu,23.47914,23.00847,23.39375,23.39375
Tmed8,24.82333,24.71177,24.83282,24.82333
Hps5,20.22612,20.24771,13.44954,20.22612
Xab2,24.57721,24.4049,23.7604,24.4049
Zcchc6,24.11378,23.60309,23.70092,23.70092
Sgpl1,26.34171,25.35407,25.825,25.825
Aga,22.83775,22.79881,22.0437,22.79881
Synj2bp,21.82485,22.72584,20.46712,21.82485
Prpf38b,25.20337,25.77879,25.1787,25.20337
Mapk8ip1,23.85358,23.804,23.59423,23.804
Maf1,22.53865,23.90307,22.37698,22.53865
Spryd3,24.78531,24.81465,24.27327,24.78531
Abcb10,22.64579,22.46199,21.92202,22.46199
Snx11,27.53185,25.2329,24.99882,25.2329
Rgs17,24.73428,23.81225,22.5322,23.81225
Lgmn,24.04852,23.28828,22.93761,23.28828
Ercc4,23.47222,23.26528,23.19575,23.26528
Ccdc85a,16.79703,16.12699,,16.46201
Mocs2,24.65278,25.07402,25.0554,25.0554
Fbxo42,23.9094,24.14616,23.78676,23.9094
Dlg5,20.93373,21.07366,20.12641,20.93373
Dctn4,23.03763,23.86325,23.06686,23.06686
Pi4kb,22.4288,23.4339,22.02621,22.4288
Zdhhc17,24.79595,25.10438,24.52468,24.79595
Fundc1,23.41041,22.26971,,22.84006
Man2a2,23.78127,23.75969,23.59776,23.75969
Myl12a,21.27589,22.64139,21.60232,21.60232
Tecpr2,23.59764,23.98251,22.85367,23.59764
Rcbtb2,24.22383,23.86835,22.64205,23.86835
Eif1ax,26.28129,26.77706,25.90268,26.28129
Fam219a,24.01385,23.23362,23.64064,23.64064
Map3k10,21.21074,19.95957,20.3705,20.3705
Tyw5,23.08508,22.64998,21.59291,22.64998
Xxylt1,23.37385,24.28524,21.38174,23.37385
Pja2,20.61845,18.56985,18.35372,18.56985
Sclt1,16.67135,21.47521,,19.07328
Mtm1,19.33143,20.18894,19.25909,19.33143
Pkig,22.18973,22.57076,21.51581,22.18973
A2m;Pzp,22.0283,22.50964,20.89748,22.0283
Rpf2,25.85935,25.14857,24.1118,25.14857
Des,,,,
Chadl,17.21618,21.77354,21.80365,21.77354
Mrps33,25.67171,25.39169,25.26989,25.39169
Syt13,20.58132,20.40686,19.96056,20.40686
Sec11a,27.60442,27.4684,26.68472,27.4684
Ccdc12,23.59423,22.87925,22.9606,22.9606
Cox20,24.55871,25.02614,24.96895,24.96895
Lmcd1,21.79757,23.26442,21.93704,21.93704
Wipi1,21.39137,21.06894,20.78285,21.06894
Ly6h,28.17755,29.15216,28.66047,28.66047
Ttc26,25.15495,25.56544,25.26649,25.26649
Usp25,23.79054,20.55675,22.97672,22.97672
Mga,20.31705,19.48263,17.51299,19.48263
Hmbs,23.02391,23.62187,22.47793,23.02391
Nes,23.94922,23.41403,23.42163,23.42163
Hook1,23.89837,23.55368,22.60917,23.55368
Cdh12,19.02637,19.3105,18.63013,19.02637
Col1a2,,18.07713,,18.07713
Foxred1,20.03134,21.64948,18.73493,20.03134
Ift74,21.55553,20.94285,21.5232,21.5232
Chmp2b,23.53338,23.95189,24.35629,23.95189
Aktip,24.31852,23.65764,23.05426,23.65764
Lingo2,22.00813,22.44109,21.75923,22.00813
Mkrn2,22.23342,23.39571,22.9652,22.9652
Adprm,24.26928,23.66568,22.94598,23.66568
Cox7a1,,,15.73034,15.73034
Sdc3,26.57658,26.05223,25.94936,26.05223
Nr2f1,26.71122,26.95172,26.19511,26.71122
Ssh3,20.68492,19.4894,19.98635,19.98635
Polr2e,24.91752,25.04723,25.44405,25.04723
Tpk1,23.51147,23.02069,23.41725,23.41725
Cdc73,23.86363,23.94824,23.20359,23.86363
Cobl,17.95714,18.69961,16.86036,17.95714
,,,,
Tssc4,20.2105,,,20.2105
Cd97,20.40676,21.42941,19.49837,20.40676
Rps29,29.08342,28.45795,28.46131,28.46131
Ccdc127,23.8423,24.81875,23.88213,23.88213
Parl,21.72754,21.86801,20.86846,21.72754
Peg3,20.56207,20.36698,20.93797,20.56207
Tnk2,21.15505,21.09107,18.40383,21.09107
Timm17a,25.20888,25.49717,24.98103,25.20888
Ralgps2,24.51129,24.37749,24.10941,24.37749
Arhgef40,21.55759,21.89023,21.68188,21.68188
Rint1,23.08133,23.92624,22.61578,23.08133
Mphosph10,22.77139,22.49052,21.80428,22.49052
Deptor,23.3585,23.42969,19.3218,23.3585
Rnf219,20.43583,19.72993,18.78568,19.72993
Nosip,26.30602,25.23779,25.82291,25.82291
Igtp,20.67883,18.1994,20.86454,20.67883
Msh2,25.63876,25.45469,25.21412,25.45469
Wdr24,22.75279,23.32265,22.44088,22.75279
Otud4,22.64544,22.80308,22.48527,22.64544
Ctsf,23.02877,23.83836,22.82672,23.02877
Fndc3a,23.63001,24.15892,23.09846,23.63001
mt-Co3,29.47773,29.78369,29.13396,29.47773
Ctc1,25.22277,24.79278,24.4837,24.79278
H1fx,27.4538,26.88064,27.39485,27.39485
Kif13a,17.85044,25.04852,23.0693,23.0693
,26.65854,26.05505,26.16116,26.16116
Gfra2,19.89478,20.91991,22.36909,20.91991
Mapk7,23.89874,24.44342,24.05523,24.05523
Parvb,22.4154,22.12792,22.31752,22.31752
Fbxl18,25.57456,25.60068,25.11617,25.57456
Gdap2,24.35656,23.67885,23.24767,23.67885
Jmjd6,24.29656,23.90224,23.63157,23.90224
Rock1,21.31113,20.66127,20.07653,20.66127
Agpat6,24.10566,23.70007,23.63998,23.70007
Dnmt3a,25.85766,25.91611,25.63918,25.85766
Lbr,23.97474,23.40639,23.52528,23.52528
Btbd11,22.67444,22.47095,23.07601,22.67444
Sbno1,23.0912,22.38748,22.42949,22.42949
Slfn5,21.45141,21.79388,21.18089,21.45141
Pbxip1,22.82534,19.92985,19.27494,19.92985
Arih2,24.97692,25.45001,24.83364,24.97692
Atxn3,22.19307,22.77465,21.70784,22.19307
Eif1b,25.028,24.77087,24.52624,24.77087
Fbln5,17.12898,,,17.12898
Cyb5r4,23.54026,23.18507,22.64654,23.18507
Ago3,19.43078,17.65081,18.36935,18.36935
Ept1,24.4711,24.44903,22.98609,24.44903
Prpf40b,24.37537,24.07757,23.96288,24.07757
Gfod1,24.67826,24.43141,24.05772,24.43141
Pdcd2,24.37974,24.45186,24.49942,24.45186
S100a4,24.54357,17.15403,23.13468,23.13468
Trmt11,23.9736,25.13085,24.74083,24.74083
Ccdc141,20.23911,19.20476,18.54072,19.20476
Ccnt1,23.60422,23.66503,22.85399,23.60422
Dym,21.54406,22.66566,21.23427,21.54406
Gemin4,22.77878,22.80392,22.239,22.77878
Mxra7,20.97771,21.45588,21.23134,21.23134
Nek4,22.05963,22.00203,22.16343,22.05963
Ncoa2,22.55864,21.89045,21.2802,21.89045
Usp54,21.40218,16.89238,20.57838,20.57838
Drp2,19.90644,18.44338,21.66865,19.90644
Itgb5,22.44599,23.30382,21.38047,22.44599
Fcho1,22.19677,22.74833,22.90465,22.74833
Moxd1,19.64542,19.45854,18.2552,19.45854
Rbm12b2,24.16492,23.82784,23.72546,23.82784
Kdm3b,22.06979,22.14563,22.15644,22.14563
Trim16,19.27687,22.22096,19.62856,19.62856
Trappc2,26.80169,26.11092,25.63442,26.11092
Trmt1,24.25422,23.94851,23.68292,23.94851
Gpx3,,21.97348,21.46309,21.718285
Exosc6,26.05614,25.16538,25.35084,25.35084
N6amt1,25.6413,25.7487,25.15047,25.6413
Rrp1,24.34854,24.54475,23.9247,24.34854
Fam96a,24.26678,23.80233,23.48345,23.80233
Tmtc3,23.30201,23.8532,22.77435,23.30201
Wdr34,22.98817,23.84594,24.22302,23.84594
Cth,,14.45764,18.62706,16.54235
Ireb2,22.43456,21.41106,21.77205,21.77205
Ptgis,19.47712,19.17636,17.39899,19.17636
Myo1e,23.12304,23.02879,23.85339,23.12304
Mterf2,24.45413,24.35629,23.43135,24.35629
Taf15,21.2674,22.25549,23.34665,22.25549
Itga1,20.41018,20.32762,19.04308,20.32762
Pcdhgb6,22.54376,23.0234,22.59423,22.59423
3110043O21Rik,24.0491,23.77535,23.50458,23.77535
Depdc5,22.42068,21.9105,21.77125,21.9105
Dyrk1b,20.78029,20.04166,20.74952,20.74952
Wdr35,22.68671,22.66923,22.80556,22.68671
H2-D1,21.37798,22.02371,21.03086,21.37798
Gnptg,22.71308,21.7704,22.17054,22.17054
Syf2,23.07215,21.88971,22.61699,22.61699
Ythdf2,24.08869,23.79372,24.12123,24.08869
Arrb2,25.31427,25.37162,24.93549,25.31427
Gpkow,22.66897,22.99747,22.19575,22.66897
Noc2l,22.93317,23.0476,22.91148,22.93317
Fkbp10,20.94249,20.94213,21.02296,20.94249
Kcnn2,17.95111,19.92948,19.41596,19.41596
Mettl13,24.47859,24.51923,23.87436,24.47859
Ssu72,25.42204,25.4139,25.60939,25.42204
Kcnh1,17.33132,,14.86593,16.098625
Dpy19l1,25.08302,25.12333,24.855,25.08302
Ssr3,27.84685,24.04635,23.35272,24.04635
Abca7,18.69411,,18.56223,18.62817
Rwdd4,22.34827,24.57589,23.24793,23.24793
Pfkfb4,22.60012,22.7471,22.3637,22.60012
Mrpl17,25.37232,25.36643,24.78905,25.36643
Rnf25,24.20471,24.41693,23.78187,24.20471
Papola,24.56535,24.92416,24.68678,24.68678
8030462N17Rik,21.94999,20.04593,18.04372,20.04593
Eml6,17.23519,19.15182,18.78062,18.78062
Paqr4,23.04487,22.2721,21.88047,22.2721
Col18a1,21.2674,20.68475,20.29424,20.68475
Tubgcp4,23.17071,21.94742,22.50167,22.50167
Itpr3,19.52342,19.23074,20.92513,19.52342
Dut,24.30201,24.58789,24.50227,24.50227
Gnpat,23.55274,23.98024,23.26742,23.55274
Tyro3,13.12841,14.8362,12.9497,13.12841
Spata2l,17.79386,,,17.79386
Inpp5k,24.84245,25.46513,24.68576,24.84245
Arsg,,,,
Smim8,24.57132,23.29866,24.34685,24.34685
Abhd5,24.29292,23.71219,24.1418,24.1418
Tmem63a,,,,
Cast,17.39473,20.81143,21.02432,20.81143
Dus2,21.2967,21.72322,22.37031,21.72322
Sema6d,20.28433,20.13721,19.45002,20.13721
Ints9,22.34987,22.13806,22.65042,22.34987
Ppat,23.96904,23.91552,23.52576,23.91552
Scaf1,22.44779,22.10859,22.16368,22.16368
Cgnl1,16.74426,19.42759,,18.085925
Rhof,25.67061,26.57802,24.9044,25.67061
Ccdc186,22.82322,23.00058,22.5226,22.82322
Grwd1,25.27583,23.92189,23.88595,23.92189
Dock8,22.25327,22.35587,22.3959,22.35587
Mdn1,23.03053,23.12353,22.85247,23.03053
Ptdss1,25.47311,25.37667,24.77696,25.37667
Rnf157,21.966,20.31518,20.6999,20.6999
Sirt4,21.71154,,21.96046,21.836
Phf2,24.56023,24.17691,24.12005,24.17691
Akap7,26.97115,26.84529,26.39093,26.84529
Cdc123,24.69466,23.56314,23.55298,23.56314
Map4,25.20015,25.66321,26.92671,25.66321
Nap1l5,25.28061,25.00093,24.15669,25.00093
Pvrl2,25.68825,25.29593,25.24067,25.29593
Trafd1,20.69209,22.26579,22.22016,22.22016
Rnf112,19.76775,18.1784,18.86284,18.86284
Capn7,24.35743,24.34428,24.12526,24.34428
Rc3h2,22.27358,22.21009,21.68093,22.21009
Abhd17b,26.28981,26.59206,25.52919,26.28981
Slc7a3,26.62143,26.74471,25.87706,26.62143
Sowahc,23.8866,23.56697,23.71219,23.71219
Mrpl22,26.71188,26.78631,25.89975,26.71188
Pcdhgb6,21.34776,21.79539,19.14353,21.34776
Tmem70,21.52941,22.74234,23.97412,22.74234
Dnajb12,23.7213,23.4979,23.19508,23.4979
Pex16,22.16432,21.2049,15.10239,21.2049
Disp2,23.50142,24.05705,23.12149,23.50142
Tnfrsf21,19.81839,19.89547,18.95566,19.81839
,23.5134,22.2149,21.39488,22.2149
Amigo1,21.22382,18.6972,,19.96051
Myrip,,,,
Ggact,23.86108,24.42073,23.91616,23.91616
Prmt3,25.20516,25.53629,25.25915,25.25915
Sin3a,23.97071,23.98155,23.50591,23.97071
Setd2,21.16066,21.1114,19.99231,21.1114
Hk2,22.07009,22.17469,21.27025,22.07009
Ppp2cb,24.61347,25.84714,25.25739,25.25739
Pla2g16,,18.55184,,18.55184
Tmem143,26.14005,23.63633,24.20821,24.20821
Pgm5,21.34337,,15.36366,18.353515
Tenc1,,,17.37992,17.37992
Ankrd34b,20.49892,19.8637,20.36538,20.36538
Vrk1,25.37338,25.78032,24.81465,25.37338
Spred2,23.72203,23.14366,23.38982,23.38982
Ube2f,23.76739,25.27998,24.29165,24.29165
Ghitm,24.34279,25.562,24.3688,24.3688
Ermp1,24.01852,23.28079,23.57311,23.57311
Nmnat3,21.90676,22.31385,20.06868,21.90676
Pkp2,21.47961,,21.08388,21.281745
Dph6,21.96624,22.65907,22.5567,22.5567
Myt1l,26.06495,25.94165,26.12246,26.06495
,22.8592,23.11399,23.49363,23.11399
Mtg1,23.20869,24.01257,21.43038,23.20869
Shpk,19.16538,20.50184,20.21537,20.21537
Zfp318,19.33802,19.59345,19.72391,19.59345
Prrt1,25.1873,25.01146,25.15101,25.15101
Tex10,26.06314,26.4729,26.31034,26.31034
Slc5a3,24.38614,24.44758,24.49942,24.44758
Ada,23.47234,22.67605,23.36853,23.36853
Zdhhc6,22.64394,21.96099,22.32136,22.32136
Cers1,25.82219,25.76025,25.71594,25.76025
Ubl3,24.31548,22.87893,22.71655,22.87893
Pxn,23.23564,23.77836,22.98921,23.23564
Nelfcd,25.07892,25.13006,23.92298,25.07892
Dnajc21,19.50707,16.36869,19.2061,19.2061
Sp3,24.24808,23.54156,22.73115,23.54156
Inppl1,24.49595,24.76936,20.68029,24.49595
Csnk1g3,24.0476,23.73086,23.45889,23.73086
Hcls1,13.82058,,15.27121,14.545895
Cachd1,20.68688,21.10853,20.24853,20.68688
Cnr1,25.00449,25.29056,24.6381,25.00449
Heatr3,24.22059,24.66866,24.03179,24.22059
Pcyt1b,25.15399,24.87051,23.80922,24.87051
Clvs2,24.68747,24.99568,25.12704,24.99568
Gnl3l,24.71083,24.78596,24.2875,24.71083
Ap4e1,22.23275,22.38253,23.63522,22.38253
Dnajc27,21.12307,21.08712,20.86416,21.08712
Clta,,24.32086,24.5969,24.45888
Pcsk1,,19.07298,17.0507,18.06184
Sf3b6,24.13422,25.29751,24.01137,24.13422
Snrnp27,25.29271,23.62956,24.58663,24.58663
Tmem63c,21.5275,20.61764,20.20383,20.61764
Slc6a6,23.89698,24.08278,24.51033,24.08278
Hcn3,22.08797,21.63449,21.27333,21.63449
Usp22,23.93301,24.55069,22.34335,23.93301
Ccdc85a,20.70616,21.37023,21.09113,21.09113
Zc3h11a,23.30201,23.62288,22.83792,23.30201
Mettl10,25.03166,25.18688,25.50413,25.18688
Tbl1xr1,23.1626,23.31465,23.18828,23.18828
Crtac1,23.65414,22.97213,22.66014,22.97213
Rps6ka4,19.31035,18.60621,19.24827,19.24827
Nat8l,,17.43852,18.10247,17.770495
Pde4dip,22.53661,22.61158,22.74115,22.61158
Rnf13,23.73469,24.34861,24.62968,24.34861
Atg101,23.34854,22.55787,22.44579,22.55787
Htra1,24.58703,23.72099,23.11377,23.72099
Pik3c2a,20.82757,19.76288,19.00805,19.76288
Ptgr1,23.5636,23.692,23.49253,23.5636
Gnpnat1,24.34746,24.801,24.68121,24.68121
Fgfr3,18.63633,18.96821,18.93684,18.93684
Tmem240,,,,
Fam115a,25.52809,25.5552,25.12569,25.52809
Pkn2,20.23023,21.09223,19.68849,20.23023
Crebbp,22.37986,22.15085,22.5666,22.37986
Rnaset2,23.29908,23.74919,23.19516,23.29908
Grb10,22.65718,22.59323,22.25448,22.59323
Setd1a,22.47261,21.86072,21.10316,21.86072
Ppp4r4,20.65613,21.96106,19.60491,20.65613
Ccdc53,22.07284,22.37549,22.3824,22.37549
Scn4b,,,,
Trmt61a,24.75001,24.40113,24.38614,24.40113
Ercc3,23.96667,23.43936,23.13866,23.43936
Spata2,21.80782,22.25753,22.02587,22.02587
Nkrf,24.35427,23.60998,23.45976,23.60998
Nfib,25.50543,25.08119,24.84431,25.08119
Serpinb6b,,,,
Cuedc2,23.72422,23.76689,20.20502,23.72422
Eif4ebp2,23.2717,24.45023,22.93648,23.2717
Itgam,22.82464,22.82483,22.79033,22.82464
Cyp20a1,23.65218,23.35084,22.89377,23.35084
Mboat7,25.67161,25.76172,26.03798,25.76172
Stard7,25.02272,23.93894,24.0112,24.0112
Vwa5b1,,14.23609,,14.23609
Mrps28,23.37132,24.52839,25.43952,24.52839
Timmdc1,23.50579,22.90014,22.81388,22.90014
Sh3glb2,21.69744,22.35612,21.35073,21.69744
Dpy30,25.20367,26.63034,23.9715,25.20367
Dcc,24.22781,23.73138,23.84967,23.84967
Fbxw5,21.11203,20.00251,19.69931,20.00251
Stag1,22.02432,21.01638,20.76061,21.01638
Nkiras2,26.47761,26.25879,26.23398,26.25879
Znf281,21.67047,21.61009,21.043,21.61009
Dixdc1,20.58197,20.61018,20.96473,20.61018
Il6st,21.07431,20.65141,20.88226,20.88226
Lsm6,26.52664,26.74471,26.68979,26.68979
Sez6,23.90555,23.9402,23.99671,23.9402
Stag2,21.72904,21.12647,20.54312,21.12647
Phka2,20.80475,20.51557,20.27116,20.51557
Zmynd11,22.65831,21.62511,22.09578,22.09578
Cog1,24.04293,23.64812,22.73639,23.64812
Ccdc115,25.7496,25.36336,25.26277,25.36336
Usp30,24.96054,24.9055,24.74473,24.9055
Atp6v0a2,21.98482,21.4804,21.04953,21.4804
Atp11a,20.53915,20.85438,19.7269,20.53915
Ythdc1,24.85172,24.05854,24.57265,24.57265
Sgsm2,21.87324,21.07084,21.47521,21.47521
Tbc1d14,23.37729,22.85182,22.73585,22.85182
Palld,21.54359,21.35579,19.29069,21.35579
Nol4,21.48015,18.27608,20.55431,20.55431
Ptpn3,,20.46692,21.92886,21.19789
Crabp2,23.97395,23.20047,23.06516,23.20047
Nmd3,23.46526,23.96534,23.70176,23.70176
Accs,19.60275,18.33778,20.28365,19.60275
Lipe,23.43339,23.53576,23.21663,23.43339
Fam185a,23.01835,21.52736,22.24229,22.24229
Fhl2,22.01974,22.17749,21.87245,22.01974
Aass,23.96385,19.99562,17.94255,19.99562
Znf512b,23.4968,23.48935,22.84182,23.48935
Ctbs,19.99231,19.86001,20.89844,19.99231
Pycard,21.79982,,17.8684,19.83411
Zc3h6,20.45874,22.07326,22.64112,22.07326
Ajap1,,18.34568,,18.34568
Brd7,23.22839,22.97346,22.24838,22.97346
Xpr1,25.94429,25.86188,25.10865,25.86188
Rab3ip,24.44563,24.6216,24.56366,24.56366
Ptpn12,22.08884,22.7223,22.34432,22.34432
Gpr162,22.18438,21.91583,21.71917,21.91583
Zc3hc1,22.317,21.91046,22.0627,22.0627
Ckm,21.96853,21.72263,21.22016,21.72263
Rcan2,20.79954,22.43499,21.39979,21.39979
Zmynd8,23.60343,23.66796,23.43644,23.60343
Mpp7,22.25606,21.35676,21.30797,21.35676
Slitrk2,19.60045,19.71409,18.56417,19.60045
Kctd1,22.96196,22.78624,22.76545,22.78624
Fam103a1;Gm10767,23.33525,22.60069,21.90492,22.60069
Sptlc1,23.74263,24.10925,29.4241,24.10925
Polr1c,25.52055,25.35585,24.82837,25.35585
Phlpp2,22.67848,23.43314,23.01839,23.01839
Lemd2,24.58021,24.41345,24.01937,24.41345
Tk2,24.05424,24.1885,23.72723,24.05424
Mrpl42,24.73805,26.10302,24.89013,24.89013
Sike1,22.6373,21.56146,,22.09938
Lcmt2,21.00182,21.25673,22.74435,21.25673
Kbtbd2,24.44531,24.00084,24.13344,24.13344
Qtrtd1,23.05212,21.99002,22.91018,22.91018
Vamp4,26.03341,25.75098,25.73371,25.75098
Stk11ip,20.10636,20.28749,20.51307,20.28749
Spns1,24.26892,24.19693,24.38929,24.26892
Exosc8,24.93427,24.08966,24.56616,24.56616
Shank2,17.5841,17.49138,17.84586,17.5841
Cdk11b,24.97031,24.87844,24.73784,24.87844
Pard3,20.0021,20.30408,19.99893,20.0021
Clec4d,18.38359,18.81872,20.68475,18.81872
Uhrf2,22.30566,23.27142,22.50448,22.50448
Lrrc20,25.1191,25.35622,23.38601,25.1191
,23.626,23.03137,23.35434,23.35434
Pou5f1,,,20.67866,20.67866
Bbs2,22.30251,21.29036,19.37184,21.29036
Cmc2,22.30775,22.45277,19.6372,22.30775
Hivep2,18.83547,18.41088,18.01922,18.41088
Tbc1d19,24.33224,25.44872,25.55561,25.44872
Pcnx,18.57507,14.57347,14.03978,14.57347
Pyurf,22.10053,22.13301,22.10229,22.10229
Gcc1,19.50397,19.63738,19.62223,19.62223
Ctu2,24.49631,24.98385,24.92502,24.92502
Jmjd7;Gm28042,19.82901,20.26476,,20.046885
Tusc3,26.7213,26.49098,26.49043,26.49098
Megf8,20.86982,21.49712,20.9643,20.9643
Acot8,24.90825,24.54115,24.81509,24.81509
Htatip2,,21.45186,,21.45186
Glrb,21.35386,21.80211,21.5015,21.5015
Lonrf2,23.87821,24.37597,24.33006,24.33006
Syn2,,22.56032,20.73513,21.647725
Ppfibp2,19.40412,19.31562,21.1317,19.40412
Dapk1,24.99654,25.14137,24.96424,24.99654
Ccdc32,,,21.39194,21.39194
Snx13,22.41661,22.49458,22.09828,22.41661
Xrcc6,25.71114,26.10322,22.27813,25.71114
Pggt1b,22.94692,21.88024,22.36081,22.36081
2010107G23Rik,26.15487,25.89428,22.727,25.89428
Znf592,22.66967,19.5188,19.57768,19.57768
Kiaa0391;1110008L16Rik,24.15769,23.9313,23.57485,23.9313
Rcn3,22.15706,21.50562,21.3545,21.50562
Spag1,15.98973,18.68801,17.87873,17.87873
Rapgef6,21.07516,20.69719,20.45473,20.69719
Dhx8,22.39723,22.58033,22.70658,22.58033
Dicer1,22.853,22.71316,22.37263,22.71316
Gne,24.93796,24.57911,24.07161,24.57911
Clptm1l,25.41844,25.3673,24.79283,25.3673
Slc13a3,20.65438,21.74567,,21.200025
Fut8,24.10805,23.65218,23.18641,23.65218
Dpf2,19.66004,20.17365,16.8065,19.66004
Lrrk2,,10.43806,15.43026,12.93416
Spcs1,28.06034,28.40738,28.08796,28.08796
Tp53bp2;Trp53bp2,21.16913,20.6015,20.52411,20.6015
Sorbs2,,,,
Fbxl20,23.47296,23.69689,23.60479,23.60479
Use1,22.11537,20.59623,21.77772,21.77772
Cep41,23.41905,23.88521,23.00091,23.41905
Srek1,25.5087,25.49939,25.49887,25.49939
Nop10,27.25979,26.96653,25.7682,26.96653
Atf7;Gm28047,21.78712,23.74006,20.52181,21.78712
Epha5,25.86898,26.31297,25.4597,25.86898
Tmem259,25.26076,21.50606,21.30908,21.50606
Ccsmst1,24.36706,24.18109,23.8292,24.18109
Vash1,24.97985,23.93058,24.34665,24.34665
Zswim8,23.48824,23.66807,23.1538,23.48824
Fv1,20.61549,21.28008,19.06755,20.61549
Lrrc4c,23.58818,22.93106,23.40002,23.40002
Ttc33,23.41931,23.32951,22.91402,23.32951
Sdhd,24.40931,26.22133,25.30351,25.30351
Gjb1,,,,
Phactr3,18.82131,17.90624,19.99245,18.82131
Tnfaip8,22.05497,21.36148,19.50252,21.36148
Ddx20,22.91598,22.55913,22.62567,22.62567
Lrfn5,23.03379,23.47383,22.32789,23.03379
Fbxw11,24.3866,24.80523,24.07887,24.3866
Slc25a14,20.92846,21.3326,21.11114,21.11114
Krit1,22.58024,23.13402,23.47085,23.13402
Pld2,19.60489,19.55411,17.6656,19.55411
Urb2,21.41359,22.28093,20.69897,21.41359
Col6a2,,,,
Dhcr7,27.40884,27.67452,26.68525,27.40884
Lrfn2,20.85156,21.98357,,21.417565
Pcnxl3,22.18423,22.35756,22.17329,22.18423
Phactr4,22.39679,22.1842,21.65631,22.1842
Golph3l,23.45689,23.13784,23.06447,23.13784
Tmem160,25.55999,24.61431,24.41209,24.61431
Ccdc9,16.16585,15.19395,19.24502,16.16585
Stx2,23.01728,23.22164,21.84391,23.01728
Gkap1,22.73585,21.78808,21.13232,21.78808
Jak2,23.66861,23.7237,22.9733,23.66861
Tor2a,25.06398,24.77706,24.27633,24.77706
Polr3h,23.69232,23.25997,23.03564,23.25997
B3galt6,24.1536,23.88558,23.62478,23.88558
Zfp280d;Znf280d,20.57071,20.33265,19.78299,20.33265
Cobll1,18.34642,18.95194,18.54359,18.54359
Nprl2,21.36869,22.6437,20.94799,21.36869
Fbxo9,20.4501,18.05245,16.27798,18.05245
Mon1a,24.00873,23.81695,23.63223,23.81695
Aifm3,,,,
Spcs3,26.52328,26.7474,26.28498,26.52328
Ptdss2,23.83615,24.27874,23.64966,23.83615
Ldlr,21.06763,21.65469,20.23433,21.06763
Polr2g,25.55336,24.59201,23.67303,24.59201
Specc1l,24.41429,23.66893,23.57068,23.66893
Fhod3,20.29177,19.85999,20.91357,20.29177
Fam120b,24.76501,24.77876,23.85129,24.76501
Nek6,19.26746,22.05881,21.02452,21.02452
Nfkb1,20.92868,19.97435,20.41967,20.41967
,22.72829,24.27177,21.63989,22.72829
Fgfr1op2,23.45663,23.49619,22.99412,23.45663
Polr3c,21.93499,21.37745,21.35154,21.37745
Endou,,14.89083,,14.89083
Dnajc30,25.01555,24.07659,24.1251,24.1251
Ivns1abp,23.35649,23.79333,22.40875,23.35649
Dph5,24.91452,25.13226,24.23892,24.91452
Ctnnal1,20.57626,19.12923,19.43862,19.43862
Zfpl1,24.6825,24.69376,24.76385,24.69376
Fam193a,22.26,22.41573,21.66397,22.26
Derl1,26.22586,26.06472,23.08198,26.06472
Dync1i1,,,,
Aif1l,20.26144,,,20.26144
Tdp1,21.50159,20.04514,21.61041,21.50159
Cggbp1,23.04587,21.88189,21.6903,21.88189
Txlng,22.22273,21.49838,21.68055,21.68055
Cbln4,,,,
Fbxo7,23.60377,23.37438,23.98042,23.60377
Cetn3,23.54498,22.52872,22.59174,22.59174
Psmg2,26.59449,26.65567,26.32783,26.59449
Mapkapk2,22.45548,22.1855,22.1055,22.1855
Serhl,21.95908,22.47222,20.56011,21.95908
Zrsr1,22.64665,22.78911,21.81652,22.64665
Dennd5b,21.13314,20.88487,20.45051,20.88487
Abcg1,22.90911,21.49282,21.78656,21.78656
Znhit2,22.48316,21.78943,21.65866,21.78943
Taf5l,22.50753,22.82338,22.5054,22.50753
Snx33,18.07509,,19.53587,18.80548
Col12a1,20.40686,15.29731,15.74286,15.74286
Afg3l1,23.92434,24.23469,23.45413,23.92434
Oxa1l,24.4582,24.94628,24.45061,24.4582
Gm16286;Naa11,24.86854,25.4231,25.0239,25.0239
Xrn1,23.85415,24.0431,23.72224,23.85415
Utp20,22.33745,22.35116,21.62685,22.33745
Dpf3,21.94156,21.6712,21.8685,21.8685
Rab30,24.56587,25.11613,24.57115,24.57115
Map2k5,23.21514,23.43924,22.4891,23.21514
Ano8,23.43237,23.33279,22.98831,23.33279
Lpcat1,27.38878,27.54679,27.05972,27.38878
Smyd3,24.53005,23.91351,24.31845,24.31845
Lpar1,,21.66891,,21.66891
Mief1,22.40585,21.6737,20.84682,21.6737
Atp11c,23.50773,22.88683,23.00743,23.00743
Ntrk3,19.53003,19.43583,19.64846,19.53003
Csmd3,19.89186,20.03403,19.32036,19.89186
Ttbk2,21.81999,18.52635,19.40098,19.40098
Cnot11,24.19114,25.18945,24.33933,24.33933
Fam172a,24.07855,21.94746,23.26299,23.26299
Wdr59,23.18843,23.44796,22.93065,23.18843
Ctdspl2,22.9934,22.02506,22.79529,22.79529
Brat1,21.65382,21.81245,22.4278,21.81245
Myl4,19.75429,,,19.75429
Agtpbp1,24.44063,24.68378,24.27078,24.44063
Helz,20.57828,20.05205,21.12282,20.57828
Bgn,21.65762,22.10594,22.12152,22.10594
Bnip2,20.86189,19.71406,20.24133,20.24133
Qsox2,24.16507,24.63206,24.07112,24.16507
Serpina1b,19.23053,19.01697,,19.12375
Ndrg4,24.79986,24.77465,23.94922,24.77465
Timm10b,24.02985,26.16252,23.8468,24.02985
Slc24a4,23.39963,22.26058,20.54924,22.26058
Prr14,19.04244,19.71679,18.53583,19.04244
B3gnt2,,17.27676,,17.27676
Rassf8,18.27417,17.76558,,18.019875
Baalc,19.224,20.63892,19.58533,19.58533
Mical1,23.45651,22.65303,22.7013,22.7013
Ngdn,21.43588,22.02611,22.1764,22.02611
C5,22.44053,23.98755,24.02884,23.98755
Chrm1,23.04113,22.1389,22.23421,22.23421
Nudt4,26.30913,26.07645,26.19263,26.19263
Fgd6,,16.45918,15.78287,16.121025
Ube2b,26.30987,26.33686,26.24695,26.30987
Nudt19,19.56171,22.32314,22.14127,22.14127
Mthfd2l,23.34164,22.90205,22.2912,22.90205
Camk2d,,,,
Arhgef26,22.60046,23.23459,21.80581,22.60046
Sypl1;Sypl,22.73804,21.51297,22.67588,22.67588
Chd5,22.87042,23.05202,22.05682,22.87042
Nme7,24.01776,22.46852,23.33306,23.33306
,24.09563,23.56104,23.7292,23.7292
Vrk3,22.04123,20.97001,19.73915,20.97001
Kat5,21.8166,21.37624,21.69651,21.69651
Kank3,16.86436,18.33184,17.17816,17.17816
Itpr2,21.79685,23.92823,24.56558,23.92823
Wtap,23.50167,22.40943,22.21172,22.40943
Lrfn1,22.63218,23.03832,24.73066,23.03832
Ppp1r16a,24.44872,24.64147,24.06554,24.44872
Ubr7,20.97085,21.88424,19.5964,20.97085
Btaf1,23.40237,24.01265,24.96407,24.01265
Ttll1,23.93562,24.33279,23.27895,23.93562
Ugdh,25.3478,25.084,24.5559,25.084
Larp4b,23.63931,23.34354,22.84835,23.34354
Rtn2,23.56232,23.80754,22.11385,23.56232
Kdm2a,21.89204,22.77515,21.40322,21.89204
Ccdc101,23.16378,22.59833,21.55525,22.59833
Nup188,22.9013,22.93866,22.7495,22.9013
Ccs,23.16086,24.48965,24.76258,24.48965
Slc25a36,22.98028,22.94835,,22.964315
Txnl4a,24.3644,24.51021,24.06283,24.3644
Islr2,25.51956,25.71064,25.71479,25.71064
Rdh12,18.29657,,23.32869,20.81263
Mcm3ap,22.98336,22.01134,21.44354,22.01134
Flnc,21.95312,22.70117,20.6472,21.95312
Vezt,24.50519,25.26974,25.07912,25.07912
Fam129a,21.21068,20.81174,20.81597,20.81597
Desi1,24.06628,23.94315,22.80538,23.94315
Rab34,23.37398,23.30939,22.70955,23.30939
Cisd3,22.98482,23.29418,22.11404,22.98482
Rbx1,28.64492,28.86738,28.9491,28.86738
Sssca1,25.60382,25.91205,23.99196,25.60382
Mgat5,22.60071,22.08605,22.11791,22.11791
Setdb1,21.90856,22.24699,21.48188,21.90856
Tox4,23.95234,23.76365,23.41867,23.76365
Stard5,25.0092,21.0673,22.13774,22.13774
Fam65b,21.97183,21.07953,21.19141,21.19141
Focad,21.89722,21.81577,20.94056,21.81577
Mrps6,25.03901,24.52468,25.1395,25.03901
Creld2,23.81627,23.89735,21.41168,23.81627
Lyrm9,22.05046,22.66408,22.59382,22.59382
Atg14,19.05417,19.35563,16.40765,19.05417
Rraga,25.35209,25.52815,25.29817,25.35209
Dusp12,23.02933,23.07419,22.42611,23.02933
Nbn,17.45579,16.6492,13.88674,16.6492
Dhx57,25.9657,26.12896,25.71709,25.9657
Cpeb3,21.45518,20.32586,18.7201,20.32586
Lrch2,26.01805,26.06423,25.74673,26.01805
Exosc3,23.21054,24.67573,24.06727,24.06727
Bbox1,16.73754,,15.17032,15.95393
Rdh13,24.56697,24.47568,23.73438,24.47568
Pou3f3,26.18111,25.93242,25.76073,25.93242
Plod1,22.05414,22.23102,21.94031,22.05414
Kat8,23.44582,23.15792,23.05881,23.15792
Ercc1,23.19502,23.5973,22.88887,23.19502
Pet100,,,,
Trim27,23.82813,23.59821,24.23812,23.82813
Ptp4a1,26.17887,26.8977,25.89786,26.17887
Ppapdc2,,20.37825,,20.37825
Pcid2,24.8501,24.65004,24.80995,24.80995
Lsm7,24.50736,25.13977,23.14759,24.50736
Hn1l,22.8102,22.9307,21.04953,22.8102
Nolc1,24.7033,24.13336,24.3837,24.3837
Apoa1,,,,
Ptcd1,22.9646,22.18302,22.30394,22.30394
Lrch4,19.34143,19.66499,,19.50321
Neurl4,22.89056,22.82846,23.02284,22.89056
Esrra,21.42332,21.6383,21.60639,21.60639
Fem1aa,21.20544,21.7543,21.9397,21.7543
Stx8,26.6095,25.37345,25.1851,25.37345
Tmem63b,23.26241,23.92615,22.50562,23.26241
Akap11,19.88828,18.86677,18.25622,18.86677
Ca5b,22.05374,19.47072,18.95971,19.47072
Sytl2,,18.5257,17.64259,18.084145
Ankrd52,21.66114,21.85882,20.23736,21.66114
Ap4m1,23.66036,23.2798,23.36893,23.36893
Wdr19,21.68863,21.20836,21.84881,21.68863
Clcn7,24.07194,23.09379,22.4533,23.09379
Cnn1,24.27668,,23.53979,23.908235
Fam117b,23.50215,23.22038,23.33074,23.33074
Chat,,19.5051,18.93756,19.22133
Ccnh,23.58738,26.64636,23.03969,23.58738
Slc38a1,25.25332,25.88474,25.2827,25.2827
Tmem223,24.35488,23.6319,24.03162,24.03162
Ptar1,22.66726,21.68153,20.87613,21.68153
Parp14,24.35602,23.17595,24.39021,24.35602
Ptprk,25.23739,25.46855,24.66188,25.23739
Polr2i,24.33518,25.03381,24.93481,24.93481
Rtf1,23.98737,24.54398,23.56302,23.98737
Def6,21.9851,18.48436,22.41692,21.9851
Kiaa1841;0610010F05Rik,23.96561,23.62611,23.21676,23.62611
Dido1,20.97197,21.594,21.59113,21.59113
Xrcc5,21.89323,21.07868,21.87515,21.87515
Rac3,29.83792,29.42612,28.85843,29.42612
Shisa9,21.73293,20.85018,20.50959,20.85018
Nr2c2,23.36773,23.33484,21.07568,23.33484
Whsc1l1,21.65966,21.19165,21.78173,21.65966
Xpo4,21.38274,21.42255,21.67271,21.42255
Ankhd1,21.14998,20.82392,21.2727,21.14998
Mad1l1,22.67653,21.96733,21.45929,21.96733
Grm8,19.03187,17.59565,18.36893,18.36893
Gpatch1,21.04354,20.92745,20.09738,20.92745
Tmlhe,22.40065,22.61342,21.63834,22.40065
Surf2,23.09955,22.87998,23.02269,23.02269
Tmem63b,22.85863,23.86806,23.2617,23.2617
Vav1,23.09465,22.7913,21.37528,22.7913
Bloc1s3,,,18.73109,18.73109
Svil,20.29782,21.66822,20.9502,20.9502
Pcnt,18.12928,21.69519,21.56723,21.56723
Rab6a,22.96429,22.66132,22.59487,22.66132
Crip1,20.67383,21.65988,,21.166855
Kctd12b,,,18.75499,18.75499
Robo1,22.55223,23.36132,23.02839,23.02839
Atp11b,19.27606,19.91017,20.91035,19.91017
Sat2,20.80475,21.42291,,21.11383
Pus7,24.11418,23.83036,23.11016,23.83036
Tbc1d1,19.41807,19.87731,21.0058,19.87731
Hdac8,23.51989,22.8465,22.71852,22.8465
Mrpl14,26.38383,26.33885,25.92613,26.33885
Tnrc6c,20.64983,17.17133,21.123,20.64983
Cdip1,,,,
Mtmr10,19.92132,21.07725,20.78029,20.78029
Frg1,25.08651,24.77696,24.62003,24.77696
Cdh5,19.41082,,,19.41082
Cartpt,18.44387,20.60458,21.75858,20.60458
Exosc4,26.0969,25.65946,25.26159,25.65946
Fastkd2,22.96774,23.24647,22.78939,22.96774
Ift27,23.85766,23.91442,23.5013,23.85766
,17.74156,19.20965,19.66598,19.20965
Tomm6,27.29981,27.92875,27.77014,27.77014
Efhd1,,,,
Lss,27.49579,27.40949,27.17369,27.40949
Rbm15b,24.48824,25.68814,24.62154,24.62154
Uxs1,23.18873,22.29771,21.86079,22.29771
Tle1,20.39519,21.2277,20.10955,20.39519
Rtn4rl2,23.34272,23.66156,23.89013,23.66156
Ccdc134,22.36967,22.47487,22.85262,22.47487
Enpep,,,,
Usp29,22.99562,23.34489,23.13389,23.13389
Ints6,22.85778,22.97787,22.6688,22.85778
Cbln3,,,,
Gab2,23.41493,22.9757,22.84518,22.9757
Ufsp1,22.30916,22.46421,22.0805,22.30916
Eif2ak4,21.62185,21.19292,21.62297,21.62185
Npdc1,23.15066,22.27901,22.68851,22.68851
Slc26a6,16.99126,18.87069,19.88945,18.87069
Chpf,22.47927,22.30483,22.17895,22.30483
Bnip1,23.67023,24.06332,24.6435,24.06332
Dpcd,20.59478,23.14757,22.54527,22.54527
Dlg1,,,,
Cdh20,17.85884,16.22998,16.51345,16.51345
Mbd2,21.61872,21.1934,19.22072,21.1934
Dact3,22.48829,23.25883,21.87436,22.48829
Tmem68,24.50294,24.62567,23.94673,24.50294
Dhx16,23.51857,23.59343,23.44291,23.51857
Surf6,22.55436,21.3038,21.58889,21.58889
Psme4,24.30876,24.03607,23.76769,24.03607
Lrch1,23.2839,23.89745,22.96053,23.2839
Dusp28,19.60018,19.67093,,19.635555
Dcaf13,22.77024,23.51677,22.92792,22.92792
Dner,25.61046,25.90104,25.63605,25.63605
Sidt1,,15.70687,,15.70687
Dab2,22.59871,18.01433,22.42793,22.42793
Lancl3,24.69891,24.53677,23.74386,24.53677
Ep300,19.60252,20.55478,19.92966,19.92966
Stk3,22.74546,20.76685,19.20867,20.76685
Cabp1,20.76652,18.759,18.39745,18.759
Rab27b,,,,
Pcdhga12,22.87847,22.74559,21.52535,22.74559
Pcdhgb6,22.56735,22.51246,22.0096,22.51246
Dnttip2,21.96621,22.35536,21.96751,21.96751
Mknk1,21.83043,21.63755,20.91342,21.63755
Mettl1,24.43593,24.75822,24.60789,24.60789
Clcn2,19.42728,19.51243,18.92804,19.42728
Aif1,23.26671,17.48345,22.40432,22.40432
Cul9,22.17758,22.35848,21.25805,22.17758
Pih1d1,23.88874,23.42944,23.09047,23.42944
Wls,24.52349,24.88828,25.09426,24.88828
Abhd17c,25.32461,25.9731,25.40938,25.40938
Fadd,24.49076,23.25609,23.58199,23.58199
Mctp1,20.44889,19.34404,19.05862,19.34404
Tor1b,23.6513,23.82968,23.44847,23.6513
Narfl,21.79122,22.60691,22.58914,22.58914
Yeats4,24.75822,24.44019,24.11744,24.44019
Cfap20,25.95613,25.86971,23.74827,25.86971
Slc33a1,24.95992,24.3234,24.61347,24.61347
Utp15,24.55397,24.01572,24.29516,24.29516
Ring1,22.47991,22.30045,23.09037,22.47991
Lyar,23.16593,22.76415,22.04434,22.76415
Fntb,22.94165,23.4501,23.23219,23.23219
Slc8a3,23.38929,23.30994,22.44516,23.30994
Glcci1,23.49363,23.41313,23.27398,23.41313
Vwf,17.19681,18.597,,17.896905
Dtnb,22.69083,21.07855,21.65587,21.65587
Pus1,22.92566,22.27489,22.12619,22.27489
Rsrc1,24.68774,22.9433,21.37045,22.9433
G6pc3,22.96337,23.30647,22.68831,22.96337
Mtmr14,22.54985,22.54809,21.40218,22.54809
Plekho2,21.36885,20.76482,21.52631,21.36885
A830018L16Rik,18.08587,18.26979,,18.17783
Sp4,23.64845,22.41393,22.49958,22.49958
2410002F23Rik,26.78007,27.02041,26.56982,26.78007
Aven,21.98947,20.78397,20.54066,20.78397
Amot,17.26838,21.11591,19.24985,19.24985
Nop16,22.81825,21.90944,23.49948,22.81825
Kiaa0907,23.45764,23.09309,22.38929,23.09309
Usp34,22.17338,22.3796,22.12893,22.17338
Npc1,24.00282,23.719,23.33593,23.719
2310045N01Rik;Mef2bnb,,21.35526,,21.35526
Rell2,21.21715,22.98482,20.63396,21.21715
Mfsd10,22.12458,21.70405,21.55225,21.70405
Naprt,19.52108,19.66962,15.81951,19.52108
Nup50,23.9542,23.44228,23.48824,23.48824
Abl1,21.83807,21.74792,20.97155,21.74792
Hirip3,21.78193,21.49003,20.06907,21.49003
Fra10ac1,22.46229,22.14566,21.7455,22.14566
Rtfdc1,21.25176,21.20102,20.70159,21.20102
Lig3,24.27427,24.19046,23.93544,24.19046
Sfswap,22.11305,21.31926,21.17579,21.31926
Pld1,19.10211,17.66247,13.16381,17.66247
Rnf11,24.22751,24.32958,24.5566,24.32958
,21.65482,21.26659,21.66982,21.65482
Morf4l1,25.41487,25.31327,24.65349,25.31327
Acsl6,,,,
Bmp2k,20.21715,20.22117,20.0696,20.21715
Wdsub1,20.15845,20.6696,18.0209,20.15845
Prpf18,23.20929,21.89981,21.17194,21.89981
Sgsm3,21.8117,20.91437,21.02384,21.02384
Smg9,24.35562,23.9805,24.09297,24.09297
P4htm,23.23371,22.77722,22.59473,22.77722
Atg4c,19.77452,19.38387,,19.579195
Scamp2,25.33994,25.15147,25.32951,25.32951
Hddc3,27.27551,27.56405,27.41248,27.41248
Asf1a,26.70121,26.27654,25.12794,26.27654
Grip2,21.70611,22.24188,22.56855,22.24188
N6amt2,23.50142,24.18246,23.19116,23.50142
Sco1,24.27973,23.55251,23.29039,23.55251
Pml,17.73244,18.78014,17.43217,17.73244
Ptprm,19.28125,19.85197,17.89883,19.28125
Entpd6,23.6371,24.28404,23.30076,23.6371
Fam92a1;Fam92a,20.28749,19.4904,20.35488,20.28749
Birc2,21.49438,20.84,20.84544,20.84544
Gtf3c2,23.53718,23.42995,22.77726,23.42995
Ptpro,25.66647,25.52388,25.66131,25.66131
Bend6,,,,
Ube2j1,23.70271,23.81343,22.80757,23.70271
Polr3b,20.80152,21.09371,22.25136,21.09371
Fam110b,21.41751,22.05056,21.7416,21.7416
Ric8b,23.43033,24.24779,23.32882,23.43033
Tdrd3,23.15205,23.04883,22.99058,23.04883
Ggt1,,,,
Lurap1,18.12161,,,18.12161
Msrb3,,,,
Arglu1,25.57063,25.54389,25.32017,25.54389
Ndrg4,26.45585,26.63145,25.01359,26.45585
Tmem55b,26.21921,26.79303,25.50015,26.21921
Dnajc19,25.34868,24.06036,25.05974,25.05974
Zmym3,22.90193,23.25969,22.24333,22.90193
Rftn1,22.38132,21.00127,19.75307,21.00127
Mtrf1l,23.3676,23.05738,22.83954,23.05738
Ebna1bp2,23.26499,21.83869,22.1237,22.1237
Znf148,21.12887,21.1654,22.60465,21.1654
Gabpa,23.00922,23.11567,22.96107,23.00922
Rabl2,24.96561,24.49503,23.90536,24.49503
Shh;Ihh,19.922,19.49816,17.48707,19.49816
Tax1bp3,27.46466,27.1915,26.76648,27.1915
Cntn3,20.44435,20.54934,20.44607,20.44607
Ube2a,25.26696,24.40347,25.29702,25.26696
Casp9,21.19946,20.37624,,20.78785
Irgm1,23.56046,23.57888,23.66362,23.57888
Fmod,,,,
Map2k3,21.10879,22.1874,21.89178,21.89178
Ptbp3,23.51039,23.64339,22.94181,23.51039
Ctnnbip1,24.86599,24.70282,23.84076,24.70282
Ube2r2,25.61147,25.78674,25.76777,25.76777
Cep192,20.63245,20.4247,21.34028,20.63245
Samd14,21.26459,21.3159,20.98704,21.26459
Arl6ip4,22.83439,19.50193,23.06723,22.83439
Sugct,18.76357,,20.48719,19.62538
Nhsl1,18.43249,16.59888,16.60795,16.60795
Trip10,16.62328,23.25652,19.53739,19.53739
Rasgef1a,18.59175,20.44263,20.31937,20.31937
Rrm1,25.91486,26.15794,25.41645,25.91486
Tf,20.25003,20.49385,21.0549,20.49385
Ift57,20.29311,19.93316,20.69863,20.29311
Tor1aip2,21.98308,21.76511,21.63984,21.76511
Tspyl4,24.35387,23.67777,23.28193,23.67777
Klhl11,23.01214,23.11383,22.0831,23.01214
Crybg3,,,,
Tmem230,24.26842,23.44695,23.59389,23.59389
Cd59a,19.7361,22.96985,22.37716,22.37716
Wdr73,22.65816,22.27628,21.84866,22.27628
Epha7,22.83445,22.63622,22.71324,22.71324
Cnot4,20.74041,19.94821,19.65636,19.94821
Pid1,24.91283,25.32024,24.73985,24.91283
Gm17296,21.81874,11.07521,15.07757,15.07757
Foxp1,23.81597,24.10685,23.84948,23.84948
Kat7,22.33265,22.3556,22.72092,22.3556
Trpc4,21.9083,20.64333,20.09081,20.64333
Slc7a11,,,16.86677,16.86677
Pdyn,18.81494,,,18.81494
Nipa1,23.20147,23.38982,25.12692,23.38982
Mfsd4,,,,
Sirt3,21.74065,21.97956,22.72879,21.97956
B4galt4,21.38901,20.55347,20.36933,20.55347
Smg5,22.67607,21.90496,22.21948,22.21948
Slc22a4,,,,
Trim33,24.79059,24.69806,24.83957,24.79059
Mbnl1,21.46164,20.00648,17.47263,20.00648
Tmem245,23.47407,23.82289,23.63533,23.63533
Bms1,23.90417,23.31824,23.15321,23.31824
Dlc1,18.28546,18.34443,19.08249,18.34443
GOLGA7B,24.59206,23.52205,24.39767,24.39767
Man1b1,23.16463,22.87236,23.21901,23.16463
Adck5,17.36273,19.37241,19.63729,19.37241
Aar2,23.29221,23.23833,22.93632,23.23833
Entpd1,,,,
Mrs2,18.50824,16.60113,16.10083,16.60113
Colgalt1,25.47834,24.697,24.92931,24.92931
Gtf3c3,23.85576,23.46451,23.36025,23.46451
Mpped2,25.17322,24.28588,23.78586,24.28588
Znf704,22.66197,22.82922,22.41429,22.66197
Slc25a16,20.85999,21.62422,22.02894,21.62422
Ubl5;Gm16381,25.41896,26.50732,25.76048,25.76048
Usp20,22.0446,22.02425,22.00854,22.02425
Tmem161b,22.17962,21.72688,19.94149,21.72688
Gorasp1,24.76051,24.90086,25.96976,24.90086
Wwc1,22.72236,22.69198,22.08832,22.69198
Ercc2,22.43262,21.986,21.9431,21.986
Chmp1b1,26.21518,26.32692,25.50452,26.21518
Tmem120a,24.88628,25.34723,25.30518,25.30518
Ift81,23.67702,23.31879,24.59531,23.67702
Gpaa1,25.83993,25.97046,25.9406,25.9406
Ccdc149,22.34109,21.68564,20.2832,21.68564
Ift122,22.30728,22.18241,21.85498,22.18241
2900011O08Rik,24.34116,24.05689,22.72546,24.05689
Higd1a,24.26828,24.22133,22.94106,24.22133
,21.777,21.91262,22.72042,21.91262
Ccdc109b,19.94435,18.3644,18.95572,18.95572
Ydjc,24.63245,23.71356,23.33593,23.71356
Exosc7,23.27611,23.96675,23.57704,23.57704
Phc3,21.92078,21.44015,22.64904,21.92078
Dcp2,23.44278,23.90701,22.96983,23.44278
Kctd21,21.324,21.34468,20.74098,21.324
Ttc8,23.49485,23.12846,22.71557,23.12846
Psen1,24.92642,24.03741,24.23206,24.23206
Ptpdc1,21.68983,20.99638,20.18386,20.99638
Kpna2,24.97928,24.42278,24.25357,24.42278
Cd180,20.07405,20.76361,20.08226,20.08226
Bloc1s1,22.14827,23.3684,21.95457,22.14827
Bbs9,22.09136,22.17448,21.81621,22.09136
Zfand2b,21.02472,22.84439,22.18646,22.18646
Ift140,23.01574,22.84869,22.53003,22.84869
Jph1,21.33189,21.61027,21.74772,21.61027
Vav3,22.17048,19.60303,20.79193,20.79193
Tsen15,23.34814,23.51244,23.27739,23.34814
Tmem55a,25.61074,26.10841,25.3319,25.61074
Tmem175,21.4976,21.04727,20.84337,21.04727
Saal1,25.00945,25.12052,24.79481,25.00945
Ints1,22.76662,22.84917,22.36728,22.76662
Plod3,23.1303,23.43759,22.86642,23.1303
Lonp2,25.98503,26.07012,26.11553,26.07012
Mad2l1bp,22.03473,22.30516,20.68183,22.03473
Gas2l1,,,,
Thoc7,23.75664,24.31341,24.46195,24.31341
Rcor1,23.24837,22.9222,23.31879,23.24837
Sox2,21.50407,20.51605,20.78963,20.78963
Ece1,20.06487,21.26734,21.24063,21.24063
Ccdc181,19.27594,17.25599,17.45659,17.45659
D1Ertd622e,20.33364,21.6154,18.30216,20.33364
Terf2ip,22.79001,22.58916,23.19375,22.79001
Slc39a6,25.68801,26.84206,24.34496,25.68801
Serpinb8,21.42987,21.80045,,21.61516
Mettl14,19.07324,,18.13059,18.601915
Tjap1,20.02729,15.05503,15.08887,15.08887
Daxx,23.39937,23.29011,22.65421,23.29011
Shisa6,,,,
Nudt15,20.53336,21.07254,21.30452,21.07254
Lchn,22.07676,23.03466,21.88588,22.07676
Csnk1e,24.09965,24.68902,24.08659,24.09965
Tefm,22.03554,22.79513,23.2627,22.79513
Mrpl20,27.3841,26.75723,26.65116,26.75723
Ppp1r14a,,,,
Rgma,25.96556,25.83908,25.16035,25.83908
Epb41l3,22.51946,21.65757,21.86997,21.86997
Polr3e,21.1154,20.33243,20.96388,20.96388
Smarcad1,24.2827,24.55725,24.08327,24.2827
Sepsecs,21.26979,20.78125,20.36389,20.78125
Nsmaf,21.76146,21.20991,22.9107,21.76146
Atpaf2,22.64931,23.97097,23.83287,23.83287
Cnksr2,,,,
Wrb,25.02606,25.34411,24.24771,25.02606
Sergef,23.97876,22.97157,19.83704,22.97157
Commd1;Gm28048,23.52862,23.86703,25.53002,23.86703
Nifk,24.34286,24.42758,24.81763,24.42758
Chuk,22.93025,22.77171,22.57302,22.77171
Nipbl,21.51007,21.83854,21.88293,21.83854
Tlk2,22.68599,22.2397,22.32424,22.32424
Fat3,22.14753,21.71356,21.89115,21.89115
Dbh,19.90569,,,19.90569
N4bp1,17.41129,18.62114,20.89785,18.62114
Dgcr8,17.73132,17.78909,21.27827,17.78909
Cttnbp2nl,25.32083,25.42611,25.01291,25.32083
Fhl4,,17.9907,,17.9907
Fam107a,21.30986,,,21.30986
Cldnd1;Cldn25,24.7264,24.14562,23.73583,24.14562
Sh3pxd2a,20.3538,20.56039,20.26717,20.3538
Nprl3,23.22616,22.82767,22.42332,22.82767
Cgn,19.826,20.06605,17.59018,19.826
Camk2b,23.53872,22.96342,23.01403,23.01403
Dusp23,21.6439,21.49809,22.77664,21.6439
Yjefn3,,,,
Herc3,19.64105,20.27014,18.28378,19.64105
Mib2,22.61773,22.64011,22.65855,22.64011
Cd44,17.03176,22.21196,21.93578,21.93578
Nat14,25.21801,25.30313,24.0441,25.21801
Usp46,23.70324,23.56267,24.17242,23.70324
Elfn1,21.84858,21.81882,20.92376,21.81882
Tfb1m,24.26084,24.29102,23.91907,24.26084
,22.43301,22.52996,22.12931,22.43301
Celf5,24.87037,25.84422,25.70767,25.70767
Nmnat1,23.93912,23.64218,23.24466,23.64218
Rfc1,20.26075,17.46698,19.71942,19.71942
Dnmbp,20.28636,16.02562,13.58578,16.02562
Rnf114,24.03078,25.14895,24.59201,24.59201
Adcy6,23.10273,22.74513,22.46727,22.74513
Pald1,23.44342,23.62154,22.9206,23.44342
Frs3,,,,
Caskin2,17.65004,16.99325,,17.321645
Plxdc1,,,,
Lifr,20.32531,19.95532,18.65882,19.95532
Creb1,22.57891,,23.79154,23.185225
Vprbp,22.77445,22.70464,21.995,22.70464
Telo2,22.53635,23.12294,22.73977,22.73977
Maea,23.18095,22.74014,22.94714,22.94714
Ssh1,17.25562,18.7054,20.50096,18.7054
Cnot6l,22.62945,21.76862,20.85194,21.76862
Lmf1,18.49138,20.73934,18.99802,18.99802
Smug1,24.95996,24.67185,23.84986,24.67185
Trabd,17.99065,21.84992,17.4529,17.99065
Aasdhppt,23.58726,23.69328,22.98692,23.58726
Kbtbd3,24.16054,21.2149,21.48513,21.48513
Kdelc2,20.71984,19.35591,19.44714,19.44714
Ddx27,23.15156,22.52659,23.826,23.15156
Nip7,24.65704,24.79223,25.17604,24.79223
Atg13,21.02012,20.5956,21.45156,21.02012
Tulp4,20.03174,19.74088,19.45643,19.74088
Otud5,19.64218,19.21333,20.49414,19.64218
Snupn,21.19922,21.22388,20.68055,21.19922
Spred3,21.65644,21.60295,21.14731,21.60295
Tesk1,19.20629,19.00701,19.73019,19.20629
Rhbdf1,19.08822,19.85424,15.13113,19.08822
Jmjd1c,18.00657,14.93286,14.64374,14.93286
Nelfe,22.51571,20.07705,18.54646,20.07705
Gca,22.59261,21.79333,,22.19297
Camlg,24.89587,25.29379,24.85937,24.89587
Ppp3cc,,20.76806,20.5093,20.63868
Phip,24.02606,24.22413,23.46986,24.02606
Sybu,23.08382,23.17868,21.75805,23.08382
Tmco3,21.39524,21.14252,19.71582,21.14252
Ntpcr,25.06427,25.13085,24.26949,25.06427
Diexf,22.53112,22.50519,20.8711,22.50519
Pigg,23.25218,22.97143,22.70132,22.97143
Zkscan16,19.82397,19.63614,19.22513,19.63614
Slc9a7,21.08499,18.96561,22.11054,21.08499
Dcun1d3,24.00736,24.33443,23.74827,24.00736
Mllt4,19.78182,18.90912,16.54135,18.90912
Rabl3,21.37135,27.96163,21.62881,21.62881
Fuca2,22.31446,22.43672,23.87558,22.43672
Xpo6,22.55307,22.29986,22.00587,22.29986
Gbp6;Gbp10,21.82528,22.09462,19.38964,21.82528
Idnk,22.83569,22.09636,22.50935,22.50935
Rbbp6,21.67297,21.19009,21.26155,21.26155
Tbc1d23,24.44063,25.37182,24.42554,24.44063
Exosc2,24.84494,24.43835,23.87923,24.43835
Arfrp1,23.79243,23.5821,23.14628,23.5821
C78339,24.25429,21.89119,23.89319,23.89319
Atrnl1,23.16803,23.60738,23.46526,23.46526
Erbb4,24.3835,24.55894,23.69445,24.3835
Itfg2,17.59696,18.60332,18.73635,18.60332
Bmi1,24.29999,23.90518,23.3692,23.90518
Bin2,22.8472,17.75551,23.38811,22.8472
Tex264,25.77671,25.95172,25.31164,25.77671
BC024978,24.83166,24.36886,23.85852,24.36886
Ccdc39,20.90881,19.22628,17.7512,19.22628
Mast4,20.88681,20.17451,19.42128,20.17451
Ascc1,23.37531,23.22385,23.27313,23.27313
Grtp1,23.93814,23.08049,23.24262,23.24262
Lrrn1,22.64141,21.88476,22.15922,22.15922
Pmvk,24.96477,26.74175,26.28926,26.28926
Rrp12,23.85005,23.78057,23.66731,23.78057
Sh3pxd2b,24.90784,24.26506,23.8707,24.26506
Zbtb40,20.1916,19.52581,19.0377,19.52581
Abcc4,22.08903,21.36464,21.24261,21.36464
Flywch1,21.28574,21.37401,20.3014,21.28574
Mrto4,24.02107,23.88008,23.83653,23.88008
Prkcdbp,20.46543,20.00196,,20.233695
Cdk13,22.07107,21.6712,20.33189,21.6712
Nacc1,22.57679,23.09716,23.6584,23.09716
Cbln2,17.53351,17.17192,,17.352715
Rmdn2,20.65988,21.28042,19.98774,20.65988
Trpc3,15.65455,,,15.65455
Wdfy4,21.59364,21.41782,21.04434,21.41782
Brix1,25.51361,25.37322,24.90628,25.37322
Cux1,21.03456,21.38095,17.15422,21.03456
Mthfr,22.52717,21.84176,20.77941,21.84176
Prdm2,21.13853,21.3921,20.7766,21.13853
Zfp334,19.3569,18.19302,18.2259,18.2259
Tmppe,22.28034,22.90617,21.35563,22.28034
Xiap,21.82026,22.14644,17.85063,21.82026
Atg12,23.33115,25.77387,24.79744,24.79744
Usp13,21.27019,21.07627,19.26052,21.07627
Bet1,25.14694,25.50151,25.05883,25.14694
Sorcs1,19.09182,19.13791,17.7186,19.09182
Ascc3,23.72161,23.71009,22.93003,23.71009
Med19,24.71408,24.53017,24.23096,24.53017
Evi5,18.04985,20.98891,20.93582,20.93582
Pla2g4e,24.22523,24.30215,23.15354,24.22523
Trmt5,21.95823,20.4338,21.92394,21.92394
H2-K1,,16.99932,23.05696,20.02814
Unc5a,19.38978,19.92602,20.28297,19.92602
Ccdc94,21.71846,17.24396,20.91452,20.91452
Gramd4,24.2071,23.90141,23.68357,23.90141
Scube1,24.63589,24.38258,23.68614,24.38258
Cdr2,,,18.88241,18.88241
Rsl1d1,26.17632,26.09543,26.01086,26.09543
Pick1,20.49258,20.59778,19.51867,20.49258
Nfasc,,,,
Haus3,19.18311,15.7147,18.90169,18.90169
Sema4f,20.30975,22.08945,20.37433,20.37433
Dph2,23.97325,24.84723,24.14094,24.14094
Plxna3,25.35414,25.21264,24.2627,25.21264
Zfr2,22.97399,23.82987,21.64192,22.97399
Frmd5,23.72619,23.76507,23.69615,23.72619
Fgfr1,17.18921,16.00849,16.66609,16.66609
Prkd3,21.93398,21.12943,22.33241,21.93398
Klhl5,21.92372,20.7866,21.35251,21.35251
Plekhg5,20.65316,21.1622,20.52497,20.65316
Rnf7;Gm7075,26.4299,26.5041,25.23286,26.4299
Dhtkd1,23.06108,22.55333,22.67213,22.67213
Rrp9,22.41972,21.61041,21.46772,21.61041
Lyrm7,23.76456,,24.46712,24.11584
Ncoa1,22.4665,22.36287,22.54213,22.4665
Wwp1,20.96198,11.83051,20.18156,20.18156
Aoc3,,,,
Lrfn4,21.87414,22.24272,21.53621,21.87414
Atf7ip,21.0452,20.44111,20.86121,20.86121
Mapre3,24.84235,23.98407,24.48818,24.48818
Xrcc1,24.09668,24.80361,24.57433,24.57433
Papss2,20.80341,19.02104,16.04467,19.02104
Vill,22.12972,21.5643,21.13709,21.5643
Galnt1,23.66774,23.3769,23.05386,23.3769
Prcc,21.43426,22.51944,21.30586,21.43426
Casp1,23.43186,21.13859,27.08243,23.43186
Samd8,22.5438,23.05303,22.56321,22.56321
Mtmr3,22.31642,22.32408,20.95759,22.31642
Extl3,22.80947,22.72424,22.63223,22.72424
Kdm5a,20.42029,20.30875,20.2528,20.30875
Fam188a,23.56465,23.51917,23.53943,23.53943
Serinc5,18.18335,18.3279,,18.255625
H6pd,21.23853,23.7686,20.83931,21.23853
Rgs9,,18.96017,,18.96017
Nek1,21.13352,20.7628,20.70024,20.7628
Rsrc2,23.14534,21.79198,23.63788,23.14534
Pan3,23.68228,23.05097,22.93747,23.05097
Ddx24,24.98928,19.05195,24.94962,24.94962
Necab3,,,,
Rit1,22.58449,22.2476,21.41535,22.2476
Bach2,20.92506,21.32932,20.59705,20.92506
Sorcs3,20.13471,19.36594,19.4404,19.4404
Dcaf6,21.01971,20.67124,20.98975,20.98975
Ypel5,24.28905,24.11561,24.07104,24.11561
Dhfr,24.78097,25.26642,25.12301,25.12301
Fam114a1,19.00253,15.84989,19.82927,19.00253
Tusc2,24.06398,23.95127,23.466,23.95127
Plekhg1,15.90642,17.29365,18.29594,17.29365
Dennd6a,22.40346,22.55887,23.03875,22.55887
Slc35f1,26.21397,26.61989,26.23925,26.23925
Nudt7,18.39674,19.15973,18.68822,18.68822
Tmem209,23.73086,23.66774,23.31783,23.66774
Kbtbd7,23.80754,23.52205,23.32347,23.52205
Unc45a,23.57715,23.4957,22.67057,23.4957
Flrt3,23.46949,23.55098,23.23355,23.46949
Khnyn,20.10431,20.46164,20.33353,20.33353
Ca13,24.61953,24.23228,23.52612,24.23228
H3f3a;H3f3c,21.84111,,27.82299,24.83205
Pgpep1,24.83971,24.69785,23.72827,24.69785
Hgh1,25.01912,25.27327,25.129,25.129
C2cd2,20.40093,,20.6127,20.506815
Brd8,21.1452,22.97801,22.73049,22.73049
S100a8,,,,
Dph1,22.2839,21.718,22.10383,22.10383
Med24,24.48124,23.78566,22.6782,23.78566
Tomm5,20.20431,23.45199,,21.82815
Mrps18c,24.6936,23.56221,24.5245,24.5245
Mrpl48,25.14647,24.83721,24.55016,24.83721
Pdia5,24.09788,21.89811,21.49984,21.89811
Rbks,20.98357,,20.82369,20.90363
Tmeff1,26.93225,27.00603,26.41232,26.93225
Ca3,,,,
Fam13c,19.42831,19.0813,16.99336,19.0813
Ebp,27.33586,27.67263,26.80378,27.33586
Map3k12,22.26104,21.26356,22.55382,22.26104
Atn1,19.88386,19.10523,,19.494545
,24.43205,23.89883,,24.16544
Wdyhv1,20.0547,21.30302,21.86389,21.30302
Pomk,24.96054,24.20486,24.44278,24.44278
Stom,27.53823,23.61986,24.319,24.319
Acss3,21.59427,21.28636,20.92434,21.28636
Limk2,21.27679,22.5404,22.47504,22.47504
Gatad1,22.53595,21.93445,21.03859,21.93445
Ttc30b,22.08304,21.02066,21.59268,21.59268
D17h6s53e,19.70176,19.49826,,19.60001
Pcdhb20,22.94059,22.56897,22.15573,22.56897
Tbc1d9,22.25471,22.03066,21.94364,22.03066
Kbtbd4,22.59817,23.4179,22.87787,22.87787
Wbscr17,22.70016,22.73835,22.0033,22.70016
Adam17,20.43502,21.1465,23.88008,21.1465
Micu2,24.38528,23.88409,23.67659,23.88409
Acad12,21.27196,,17.90012,19.58604
Serinc1,24.47914,24.73221,24.72318,24.72318
Wdr17,,,19.51308,19.51308
Nol7,24.36246,23.77455,21.77507,23.77455
Slco1c1,20.52526,20.76895,,20.647105
Cacnb2,20.69634,23.25327,20.21975,20.69634
Cebpz,22.31052,21.60123,21.97754,21.97754
Acy3,,,17.91742,17.91742
Col3a1,15.1007,,16.4128,15.75675
Usp38,22.80138,23.58612,24.01725,23.58612
Tle3,23.5657,22.56023,22.993,22.993
Slc7a1,26.32658,26.23548,26.39225,26.32658
Arel1,21.32685,20.75287,19.28976,20.75287
Suz12,22.97025,22.92745,22.51487,22.92745
Triap1,24.36078,24.99399,22.57157,24.36078
Chst2,22.28003,21.54934,22.22066,22.22066
Ubxn2a,20.03429,19.66221,19.44042,19.66221
Rfc3,21.46573,22.42109,22.45686,22.42109
Armc9,20.44779,20.82018,19.15946,20.44779
Isoc2b,,,,
Casp6,24.35542,22.59336,21.787,22.59336
Mocs2,21.95067,22.9778,,22.464235
Sil1,20.72126,22.1791,20.15425,20.72126
2700097O09Rik,23.26914,23.53611,22.68534,23.26914
Cmc1,22.74349,23.48284,22.07287,22.74349
Phlda3,,,,
Kctd6,21.60264,21.41936,21.72675,21.60264
Fdft1,26.70517,26.413,25.6533,26.413
Sult1a1,21.19743,,,21.19743
Scn3a,21.81409,21.2898,21.50412,21.50412
Ankrd13c,21.33979,20.53877,20.3566,20.53877
B3gnt1,23.45563,23.5254,23.28658,23.45563
Nkiras1,19.09383,22.08274,18.13961,19.09383
Sel1l3,21.2178,20.15178,19.9333,20.15178
Taf6,21.80951,21.54293,22.05096,21.80951
Chchd10,,,,
Kcnj16,,,,
Coa5,,,,
Amfr,23.24156,22.85781,22.20756,22.85781
Cdc42ep2,,,21.05232,21.05232
Rbm12b1,21.88881,21.86854,21.33353,21.86854
Synj2,,15.89926,,15.89926
Lpin1,19.97911,17.50145,21.33391,19.97911
Slc9a6,23.32677,22.64893,22.3955,22.64893
Ddx25,23.86032,23.03386,21.45453,23.03386
Apaf1,23.5291,23.84719,23.82415,23.82415
Isg15,23.88446,24.29572,21.74329,23.88446
Smc4,21.70121,21.48783,20.62435,21.48783
Slc2a5,,,,
Rrm2b,16.17047,16.72627,,16.44837
Coq10a,21.28534,22.28003,22.2331,22.2331
Cdh22,19.22244,,,19.22244
Tpgs2,24.31036,24.29796,23.78217,24.29796
Mrpl2,26.2359,26.03813,25.83219,26.03813
Arid4a,20.55525,18.06555,18.957,18.957
Nubp1,25.03082,23.69062,23.6712,23.69062
Slc35b2,23.74037,24.31098,23.76699,23.76699
P4ha1,24.48499,23.79452,23.80656,23.80656
Jph4,21.21229,21.23801,20.75197,21.21229
Hspbap1,22.74915,23.23219,19.46006,22.74915
Slitrk3,22.13295,24.07529,21.59113,22.13295
Nelfa,23.13386,22.25569,22.23418,22.25569
Ap4s1,23.86145,23.77394,23.73107,23.77394
Cdh7,19.50874,19.98454,19.67795,19.67795
Fut11,21.82838,21.02972,20.06737,21.02972
Lrp8,23.11351,22.85827,20.9202,22.85827
Sobp,22.07975,22.84682,21.92463,22.07975
Lrtm2,,,18.07243,18.07243
Meaf6,24.5099,24.31541,23.78087,24.31541
Dok3,21.47075,,,21.47075
Eif2d,22.47326,22.55251,21.97341,22.47326
Rrp7a,23.37624,23.19272,24.84475,23.37624
Dyx1c1;Dyx1c1Ccpg1,,,,
Kri1,20.17121,20.77072,19.94678,20.17121
Sntb2,,20.41669,19.7086,20.062645
Gse1,20.00826,19.11589,19.1283,19.1283
Rasa2,22.50276,22.73608,22.28785,22.50276
Pes1,24.43854,24.66264,24.35313,24.43854
2015-03-06 00:00:00,22.69349,22.85679,22.57573,22.69349
Nsun5,19.92197,20.83692,18.84252,19.92197
Lrrtm3,21.05947,19.10715,19.93431,19.93431
Gnptab,20.14308,20.52258,19.07446,20.14308
St3gal5,20.44617,20.56151,21.67232,20.56151
,23.50966,20.28794,22.21555,22.21555
Alk,18.2121,17.18253,17.33595,17.33595
Mrpl32,23.53588,23.7167,23.83884,23.7167
Tsc22d4,,,,
Tmem87b,21.53592,21.8014,20.38501,21.53592
Limd2,23.91452,24.39663,23.29502,23.91452
Nfya,25.07623,24.37186,24.73055,24.73055
Ergic3,25.38939,25.71652,25.81646,25.71652
Cldn10,22.79664,22.57395,22.67767,22.67767
Ephb1,23.59923,23.68078,23.27042,23.59923
,22.58687,23.50009,23.23055,23.23055
Bckdk,24.43854,24.1102,22.51538,24.1102
Epb4.1l4b;Epb41l4b,19.80541,17.2158,18.7279,18.7279
Rnase4,,,,
Mina,,14.85497,12.26204,13.558505
Fam57b,23.77565,24.19873,23.226,23.77565
Lrrc1,20.81831,20.94607,18.66879,20.81831
Mphosph8,22.21315,22.70877,23.93355,22.70877
Uri1,21.40852,20.94407,20.4866,20.94407
Bysl,23.39624,24.11664,23.18311,23.39624
Stard4,23.85091,23.7083,22.23801,23.7083
Tmem130,23.31271,23.25407,22.23547,23.25407
Rab27a,,,,
Klhl7,20.70134,20.30073,20.16656,20.30073
Fbxo38,22.68145,22.27293,21.66791,22.27293
Gramd1a,23.60071,23.37345,22.99335,23.37345
Matk,22.50167,21.72929,21.93582,21.93582
Mex3a,23.67874,24.62533,23.8227,23.8227
Mest,26.51128,26.81617,26.03857,26.51128
Hdhd2;Ier3ip1;Gm10784,20.17377,23.60637,,21.89007
Nacc2,20.11794,21.3053,19.7748,20.11794
Dda1,23.6753,23.36159,23.71282,23.6753
Lrrtm4,20.23643,21.22117,19.14763,20.23643
Ash1l,17.0395,,15.64914,16.34432
Ggh,21.50528,22.27395,22.07777,22.07777
Fam126a,24.47438,24.26814,24.68453,24.47438
Snx8,23.1545,23.14984,22.27787,23.14984
Wwp2,22.78915,23.22199,22.18389,22.78915
Dlg2,,,,
Dpf1,23.94423,24.36993,23.99196,23.99196
Asb6,23.92533,24.01529,23.21592,23.92533
Prmt7,24.79729,24.90058,24.92438,24.90058
Coro6,,13.39888,19.92706,16.66297
Fosb,,,18.55457,18.55457
Rbm19,22.48917,22.23237,22.27804,22.27804
Fam84b,20.14805,20.00936,17.86689,20.00936
Usp6nl,18.84334,19.01264,20.05378,19.01264
Slu7,22.3399,21.22099,21.44106,21.44106
Noa1,24.28164,24.64075,24.43511,24.43511
Grb14,21.17627,21.49517,21.3713,21.3713
Ndc1,24.94338,24.83706,24.34726,24.83706
Gtf2h1,20.82291,22.29452,21.46019,21.46019
Utp18,23.37265,23.649,22.83773,23.37265
Toe1,23.14322,23.11759,23.20281,23.14322
Pnpla7,18.69588,,,18.69588
Mef2d,22.80294,22.32268,20.94442,22.32268
Wdr74,21.57838,20.58838,19.35664,20.58838
Ppt2,23.07524,19.50467,22.00488,22.00488
Heatr1,23.74386,23.75022,23.57068,23.74386
Slc2a6,21.38664,20.79844,18.24028,20.79844
Pold2,23.42483,23.89846,22.2252,23.42483
Ascc2,22.39665,22.50514,22.15949,22.39665
Cdk5r1,22.4761,23.15416,22.4226,22.4761
Cdh18,15.27048,,19.97253,17.621505
Srbd1,22.71779,23.47494,22.849,22.849
Spen,20.18495,19.92103,19.83391,19.92103
Ankh,23.32594,23.52934,22.65992,23.32594
Yif1a,23.91934,23.49057,23.29754,23.49057
Supt7l,21.76357,19.96226,21.40556,21.40556
Tti1,20.27116,22.51282,22.14249,22.14249
1810009A15Rik,22.88461,22.42834,22.34139,22.42834
Rnaseh2a,23.60014,22.94442,22.4531,22.94442
Mrps21,26.58449,27.08932,25.46961,26.58449
Efna3,24.77284,23.83268,22.56577,23.83268
Znrf1,22.25488,22.26616,22.601,22.26616
Zkscan1,20.92194,19.48066,20.91998,20.91998
Zcchc18,21.73231,20.73694,20.92731,20.92731
Lrrc49,23.63998,24.05556,23.3648,23.63998
Mturn,28.49522,28.51145,27.43722,28.49522
Smurf1,22.44531,20.908,21.18035,21.18035
Kcnab3,19.17128,18.79329,19.63009,19.17128
Ppfibp1,21.39744,21.5148,19.82163,21.39744
Smg7,20.78093,20.73513,20.59651,20.73513
Fbxo30,22.82223,23.24803,22.45618,22.82223
Fmo1,18.61166,17.06392,17.76604,17.76604
Cwc22,23.42829,23.79432,22.79479,23.42829
Shmt1,23.24577,24.55356,24.39545,24.39545
Ggcx,21.96007,20.98704,20.26052,20.98704
Zhx1,23.15499,22.34522,22.44995,22.44995
Wbscr16,21.50509,22.20508,22.52073,22.20508
Gstm4,22.76935,22.14105,21.46862,22.14105
Ddx47,23.84919,23.15948,23.41209,23.41209
Kank2,16.72481,18.51576,14.86771,16.72481
Nmnat2,23.37172,22.41627,22.0912,22.41627
Sumf2,24.23936,22.73471,23.33156,23.33156
Xkr4,22.70052,23.28842,22.43627,22.70052
Plekhm1,19.92829,19.61421,19.92593,19.92593
Dchs1,22.22223,22.14631,22.3103,22.22223
Trim65,22.52912,21.03859,18.51476,21.03859
Gpr123,,,19.75045,19.75045
Szt2,20.08784,19.65929,20.33068,20.08784
Klhl3,20.31285,19.74719,19.41433,19.74719
N4bp2,21.01086,20.56663,19.24553,20.56663
Kctd15,23.74909,24.0135,23.56593,23.74909
Cd2bp2,23.4968,21.97813,23.18918,23.18918
Sh3bp5l,17.0396,13.79726,18.10697,17.0396
Cers2,23.74735,,21.32767,22.53751
Odf2,21.40837,18.63842,22.96883,21.40837
Ttc27,23.89948,24.07733,23.33552,23.89948
Phc2,23.70904,23.51869,21.75642,23.51869
Aff4,21.66219,21.79404,20.91196,21.66219
Rpa2,22.34142,23.22733,23.18601,23.18601
Slc7a10,,,,
Esam,,,,
Rgs19,22.60616,22.90746,22.25344,22.60616
Eps15l1,17.68278,,19.85571,18.769245
Terf2,24.86089,24.36399,23.76749,24.36399
Ovca2,22.41795,22.52953,21.84307,22.41795
Slc35g2,20.7766,20.62533,20.0208,20.62533
Dcxr,22.65264,22.46134,23.02205,22.65264
Stmn4,23.69402,23.71649,23.81734,23.71649
Plxnb3,21.2953,22.48313,20.83144,21.2953
Kansl3,20.986,21.0172,21.18544,21.0172
Cpsf4,24.18843,23.74981,22.81157,23.74981
Polr2j,24.16753,24.32807,23.59958,24.16753
Pus7l,20.72526,19.04591,20.13333,20.13333
Armcx1,22.23087,22.67536,21.99852,22.23087
Irf2bp2,21.92911,21.74968,21.1013,21.74968
Znf830,22.06421,22.0921,20.69362,22.06421
Ugcg,24.95607,23.89106,24.37471,24.37471
Senp7,22.0692,22.63533,22.42931,22.42931
Rpgr,22.83353,22.58779,21.82575,22.58779
Smad3,19.68346,19.40456,17.93785,19.40456
Tma16,22.11829,21.80223,23.07281,22.11829
Prmt9;Prmt10,20.74526,22.08654,20.95063,20.95063
Coq4,24.19092,23.97526,23.24519,23.97526
Slc16a7,24.18185,24.44076,23.52277,24.18185
Tfe3,19.28708,21.94821,22.49763,21.94821
Med17,23.35984,23.08027,22.79404,23.08027
Cecr6,22.46049,20.56616,21.3559,21.3559
Sod3,,,,
Kirrel3,22.66151,22.57699,20.84598,22.57699
Dpyd,19.39001,19.28902,19.17314,19.28902
5330417C22Rik;Kiaa1324,21.34224,21.69621,21.40171,21.40171
Atad2,17.83183,16.97645,18.53848,17.83183
Zhx2,20.63476,20.57589,19.84606,20.57589
Rxrb,23.04852,23.41803,22.70377,23.04852
Sh3d19,19.14036,18.29531,19.04982,19.04982
Itga3,23.06661,23.56709,23.26699,23.26699
Arl10,25.34898,24.61088,23.86193,24.61088
Msrb1,,,,
Acbd5,25.66134,24.03984,23.00857,24.03984
Kiaa0556;D430042O09Rik,18.59113,15.51428,16.09437,16.09437
Abca1,21.03369,21.06979,20.82672,21.03369
Trim44,22.54274,22.68603,22.11816,22.54274
Dck,23.85234,23.6699,22.71228,23.6699
Nol8,21.33723,19.84265,19.40351,19.84265
Tab3,22.63896,22.63312,21.84969,22.63312
Wdtc1,20.5363,21.34749,20.53526,20.5363
Mapkbp1,20.2948,20.52468,21.81382,20.52468
Il16,15.97583,16.81541,15.09569,15.97583
Fez2,20.04367,20.73372,20.51961,20.51961
Fbxo45,24.44683,24.7681,24.66666,24.66666
Rbm34,21.31379,21.42085,21.0561,21.31379
Gtf2h2,23.29754,22.58813,21.80593,22.58813
Ace2,,,,
Xkr6,22.03396,21.92839,21.6082,21.92839
Snn,25.04272,25.52958,24.85581,25.04272
Stxbp5l,19.6109,19.03128,18.62432,19.03128
Spire2,17.74228,22.45784,17.72014,17.74228
Kalrn,18.64305,18.92524,17.50673,18.64305
Plekha2,18.68271,19.0533,,18.868005
Epm2a,18.57174,19.86018,17.2813,18.57174
Creg2,21.37045,23.00601,19.64635,21.37045
Ptcd2,23.31714,23.6781,22.89488,23.31714
Myo9b,21.94102,20.93747,20.91452,20.93747
Zfyve28,,,14.4806,14.4806
Rfc5,24.74673,25.0421,24.6944,24.74673
Adat2,20.56113,22.43334,19.09094,20.56113
Bud13,19.55397,,12.62751,16.09074
Rpap1,23.26942,22.11534,22.47432,22.47432
Gabrg2,,,,
Sts,24.67476,24.30083,24.41706,24.41706
Erf,19.22701,19.17835,19.32017,19.22701
Plec,,,,
Lage3,22.05341,23.60546,22.15289,22.15289
Hykk,19.15093,18.91269,18.86154,18.91269
Rhobtb2,17.0366,16.56187,16.11774,16.56187
Xdh,22.85403,22.77601,12.7692,22.77601
Lrrc58,22.57635,23.57554,22.82571,22.82571
Fam102a,19.40771,17.55697,,18.48234
Ndnl2,22.3676,22.23055,21.6518,22.23055
Rnf130,23.59787,23.31382,23.63157,23.59787
Elac1,16.61439,23.08769,20.62916,20.62916
Fuca1,21.97137,22.27076,20.62792,21.97137
Ulk2,21.55206,20.10738,20.46174,20.46174
Nme4,22.32496,22.06684,21.50257,22.06684
Mcc,18.94886,19.74228,19.25541,19.25541
Btbd9,21.89289,21.5475,21.31374,21.5475
Fam134b,22.84151,22.80923,21.46169,22.80923
Heca,23.31022,22.89078,22.90404,22.90404
Arhgap27,22.9166,,,22.9166
Spats2,24.66574,26.92343,22.40917,24.66574
Tbc1d12,21.41101,18.97371,21.42055,21.41101
Tpd52,20.39488,21.08421,20.82275,20.82275
Gpr107,22.8631,23.18029,23.38271,23.18029
Vangl2,27.33977,27.10809,26.76951,27.10809
Senp8,23.9604,21.49165,,22.726025
Rngtt,23.79253,24.52594,23.81763,23.81763
Ppp1r3g,,,,
Vcpkmt,,,,
Ntn1,23.79362,24.00393,23.49984,23.79362
Fcgrt,,,,
Yaf2,21.54618,22.21359,20.92325,21.54618
Dstyk,17.13561,,,17.13561
Mroh1,22.2615,22.02985,21.44208,22.02985
Nxn,24.38949,23.45764,23.58795,23.58795
Slc5a7,,,,
Rpusd2,20.92216,21.56039,21.00669,21.00669
Sin3b,23.60365,23.32828,23.54581,23.54581
Ppp1r14c,23.8674,25.97222,24.76101,24.76101
Med4,22.33396,22.01998,22.04093,22.04093
Rnaseh2c,20.35488,,18.60455,19.479715
Fgfr1op2,22.38163,23.1546,18.64361,22.38163
Lgi4,,,,
Rap1gap,,23.23678,,23.23678
Med14,23.7455,23.05127,22.4216,23.05127
Abca8b,18.92978,16.73714,18.58479,18.58479
Meis2,19.86952,19.70171,19.83407,19.83407
Satb1,21.14843,21.56174,20.36922,21.14843
Fam69b,23.63157,24.22376,22.41279,23.63157
Polr3a,21.94607,22.35893,22.33508,22.33508
Utp6,23.17729,22.97612,22.88573,22.97612
Cbx6,22.37186,22.32017,21.57552,22.32017
Stard13,12.9048,12.99181,19.24908,12.99181
Myd88,,,,
Ss18l1,25.9664,25.97579,24.82973,25.9664
Ppp2r1b,24.1937,24.48892,24.03582,24.1937
Ephx4,,,,
Tgfb1,15.26993,18.86988,20.8994,18.86988
Otud7a,19.79084,20.47001,18.29876,19.79084
Zmiz1,23.56326,23.43161,21.98155,23.43161
Chka,24.6445,24.68934,23.75154,24.6445
Rfc4,23.89763,23.70514,23.13826,23.70514
Frmpd1,17.1337,,,17.1337
Ten1,21.69302,23.65981,22.4979,22.4979
Nhlrc3,23.51917,21.83098,20.46683,21.83098
Shd,19.83766,18.8889,17.23032,18.8889
Med31,20.71389,23.59514,21.69638,21.69638
Fam134c,24.95003,25.17725,23.66709,24.95003
Cactin,22.94953,21.96899,22.0446,22.0446
,,22.06042,,22.06042
Rtn4rl1,19.93977,20.71028,,20.325025
Wasf2,21.35998,20.6696,20.67573,20.67573
Sltm,19.36926,19.4806,19.75571,19.4806
Igfbp5,21.06461,21.56132,21.046,21.06461
Lpcat3,23.0241,21.9693,21.87953,21.9693
Cdkn2a,22.66724,,21.96286,22.31505
Arhgef28,20.0868,20.99189,19.91959,20.0868
Emc10,24.43333,23.13948,23.75011,23.75011
Tmed1,25.8833,25.94737,24.93495,25.8833
Sepn1,23.19302,22.99959,22.85802,22.99959
Iqce,20.09571,17.29903,16.58207,17.29903
Gmeb2,22.88601,21.81468,22.34757,22.34757
Ext2,22.14492,23.38903,22.26216,22.26216
Tmem260,20.08654,20.54642,18.86181,20.08654
Fyco1,19.92389,20.57321,20.49863,20.49863
Arhgef25,20.14271,19.18788,20.17572,20.14271
Tcf4,23.32361,22.92497,22.8625,22.92497
Supt4h1a;Supt4h1b,24.82226,25.24369,25.33443,25.24369
Enc1,23.55894,23.98685,22.68947,23.55894
Ep400,22.50632,22.13774,21.79998,22.13774
Wdr3,23.51063,26.36095,23.56523,23.56523
Arl5a,25.27117,24.76248,24.25458,24.76248
Kiaa1161,19.79249,19.52959,,19.66104
Clip4,22.10965,22.10265,21.29782,22.10265
Nsrp1,22.23488,22.1842,18.24512,22.1842
Maz,21.13396,20.85833,20.77531,20.85833
Tmem189,18.94258,18.10057,,18.521575
Ehhadh,23.15766,22.72413,23.23138,23.15766
Med15,22.39469,23.60829,23.01613,23.01613
Ccdc85b,19.55759,21.37252,,20.465055
Bmpr1a,23.82542,23.6634,22.84134,23.6634
Nipal3,20.94906,21.2458,20.02012,20.94906
Tbc1d8,20.38132,18.81972,17.20409,18.81972
Eef2k,19.57363,20.67771,19.38494,19.57363
,24.76056,24.3995,24.03288,24.3995
Abcc1,21.31257,21.42198,22.33783,21.42198
Traf6,23.12602,22.83113,21.37103,22.83113
Kcnh7,19.73909,18.93012,19.24971,19.24971
Ppcs,18.81181,20.68269,20.29692,20.29692
Gatad2a,21.42214,18.82879,19.55392,19.55392
Rfx3,24.99861,24.72119,25.06862,24.99861
Unc79,20.38385,19.58782,19.99976,19.99976
Mrpl35,23.0826,21.28675,21.82575,21.82575
Nudt8,25.06665,23.6138,24.73547,24.73547
Znrf2,26.37317,26.44386,26.16785,26.37317
Txnrd3,22.54734,22.3717,21.46428,22.3717
Pcdhga9,22.04166,21.51089,22.09523,22.04166
Clasrp,23.06787,22.70645,22.88056,22.88056
Larp4,23.86155,23.41777,22.96566,23.41777
Gtf2a1,23.98633,23.26942,21.62836,23.26942
Slc41a3,17.89741,20.16681,19.25481,19.25481
Entpd3,22.20317,22.63973,21.6943,22.20317
Lrp4,21.45086,18.71649,19.33623,19.33623
Sap130,22.8632,22.61493,22.08599,22.61493
Zc3h13,19.56412,14.57116,17.48974,17.48974
Ap1ar,21.841,21.32141,20.93575,21.32141
Casd1,22.14923,21.7872,20.63494,21.7872
Neto1,21.32356,20.95546,20.56923,20.95546
Baz2b,19.45097,19.21786,18.78953,19.21786
Ube2q2,,20.44314,,20.44314
Lingo3,,,,
Dohh,24.96137,24.70809,24.49192,24.70809
,,,,
Mnat1,19.40578,19.66832,21.98496,19.66832
Foxo3,20.1447,19.79562,19.42495,19.79562
Arntl,20.50582,17.88124,18.63272,18.63272
Ints5,23.35582,23.33402,23.48738,23.35582
Slc6a4,,,,
Usp33,22.21877,22.82995,19.71678,22.21877
Phactr1,19.44223,,,19.44223
Rgl2,22.39428,21.16546,21.7999,21.7999
Prkg1,,,,
Tada1,24.2844,24.47723,22.25647,24.2844
Kptn,21.94767,23.42085,22.08654,22.08654
Dnajb14,22.92412,20.21252,22.58488,22.58488
Mau2,22.37305,22.6737,21.994,22.37305
Esf1,21.97425,22.09729,22.26971,22.09729
Ipo8,22.98829,22.43459,22.41475,22.43459
Chd8,23.70219,23.41532,22.63314,23.41532
Neurod2,23.35824,23.69965,20.92694,23.35824
Abcb6,25.62045,25.78524,25.03972,25.62045
Cdh15,,21.56207,19.25951,20.41079
4930402H24Rik,21.68829,21.98704,21.15196,21.68829
Gnl3,22.69198,22.67554,22.87697,22.69198
Ppp1r3d,22.77987,22.39391,22.07774,22.39391
Mrps14,24.85381,25.2919,24.72083,24.85381
Wbscr27,25.4257,19.37668,,22.40119
Pde1c,20.2627,19.07786,19.69882,19.69882
Nvl,23.50882,23.59069,23.42573,23.50882
Amz2,24.65256,25.08339,24.51274,24.65256
Gbp7,21.78453,19.0841,18.35113,19.0841
Ahctf1,22.56976,22.5511,22.20783,22.5511
Pde9a,20.8732,21.11006,20.57506,20.8732
F13a1,22.89942,21.49409,22.44503,22.44503
Atm,20.08187,19.52478,18.79978,19.52478
A2mp,19.08036,21.66549,18.96652,19.08036
Spg11,21.31512,20.36624,19.94464,20.36624
Josd2,21.43171,21.69506,21.9699,21.69506
Gtpbp4,24.40438,24.43917,23.81118,24.40438
Gpx7,23.79184,23.06707,24.13281,23.79184
Lrch3,21.03557,22.34077,20.07979,21.03557
Efnb1,25.78823,26.65635,26.24704,26.24704
Pigu,24.81196,24.57727,24.3532,24.57727
Fam160b2,20.24598,19.24551,20.55075,20.24598
Cbll1,21.82679,21.94324,21.0547,21.82679
Fat4,24.35763,24.5242,24.00273,24.35763
Armcx2,23.71072,24.21704,23.84355,23.84355
1810043G02Rik,22.98465,22.85861,23.36292,22.98465
Asphd1,21.76369,20.02621,21.03597,21.03597
Timm17b,27.31726,26.69949,26.65731,26.69949
Ttc21b,21.24644,21.41602,20.93265,21.24644
Sh3rf1,21.37962,21.89848,21.39932,21.39932
Parp3,22.63436,22.90406,21.95514,22.63436
Nlk,18.3544,17.23313,17.28636,17.28636
Arhgap30,20.74763,23.75267,19.08254,20.74763
Ppap2a,20.01277,21.2469,,20.629835
Pyroxd1,21.61764,21.51975,20.51932,21.51975
Rbpms,,,,
Ssfa2,18.64723,21.36533,21.31457,21.31457
Asun,22.05669,21.67986,22.26976,22.05669
Zfp644,22.44473,21.81621,21.65779,21.81621
Mab21l1,,21.4502,,21.4502
Pou3f1,22.58465,22.98551,22.93486,22.93486
Ankrd11,18.88241,19.1482,19.03316,19.03316
Fgd1,22.35493,22.48981,22.81178,22.48981
Gpn2,23.36986,,20.0696,21.71973
Echdc3,,16.11305,,16.11305
Nrcam,22.58458,19.90076,21.34798,21.34798
Gtpbp2,22.3585,22.85816,22.00443,22.3585
Pdgfra,,,,
Gbp2,18.86393,16.30905,,17.58649
Pm20d1,,18.47302,,18.47302
Sox10,,20.25269,20.2383,20.245495
Mrpl33,22.65307,19.25673,23.21424,22.65307
Hist2h2ac;Hist2h2aa1;Hist1h2al,23.224,21.32218,18.97782,21.32218
Heatr5a,20.34419,18.65344,19.97911,19.97911
Fam217b,,,,
Kiaa1429;1110037F02Rik,21.71599,21.80633,21.48694,21.71599
Stac2,18.87009,18.19494,18.01105,18.19494
Srcin1,19.98064,19.58567,17.88423,19.58567
Magee1,23.41455,22.91017,23.02496,23.02496
Syndig1,23.63644,23.71691,18.83176,23.63644
Mrpl30,26.24316,26.4334,26.12177,26.24316
Zmym4,22.97532,23.5335,22.88252,22.97532
Tubgcp6,20.20538,19.23697,19.27869,19.27869
Zfp871,21.13119,23.27994,21.22099,21.22099
Pex13,22.86335,22.64399,22.64698,22.64698
Pex11b,25.37723,24.98932,25.0065,25.0065
Cand2,23.78137,23.06704,23.0777,23.0777
Uba7,21.77748,19.70372,21.24783,21.24783
Syvn1,24.52402,25.09132,24.1453,24.52402
Fbxo11,21.59669,21.80262,20.87793,21.59669
Ambra1,21.14233,20.02877,20.64491,20.64491
Kcnc2,21.32937,22.0034,19.54828,21.32937
Kif26b,20.02851,19.29163,18.27376,19.29163
Cfh,,,,
Slc3a2,23.17884,22.63748,22.77569,22.77569
Exosc5,23.7168,24.17028,23.95394,23.95394
Cep350,18.27472,16.67893,17.65459,17.65459
Wdr33,21.7725,21.02039,21.01604,21.02039
Slc16a2,25.44383,24.11108,23.32334,24.11108
Mdm1,,,,
Dhrs13,26.26084,26.64636,26.03297,26.26084
Helb,16.3587,15.883,14.28764,15.883
Serpina3n,20.56421,21.22447,19.61146,20.56421
Mgat2,23.41841,22.95481,21.08758,22.95481
Znf385b;Zfp385b,19.54333,15.09651,19.00846,19.00846
Hopx,,,,
Cox17,23.90003,24.9657,24.00992,24.00992
Znf143,21.24882,19.91225,18.81763,19.91225
Dbr1,24.10318,23.58646,24.46669,24.10318
Rel,22.62638,22.84663,20.62587,22.62638
Slitrk4,22.75721,22.65088,22.43092,22.65088
Mpv17,,18.02815,,18.02815
Timp2,23.82386,23.73117,22.23134,23.73117
Trmt1l,23.68581,23.65305,23.10974,23.65305
Fgfr2,,,,
Ap4b1,22.32259,21.67982,21.74993,21.74993
Spock3,24.0662,25.12068,25.09515,25.09515
Naa16,19.94592,19.99286,19.78552,19.94592
Abcc9,,,,
Mvk,,,,
Wdr55,21.40593,23.50154,21.99517,21.99517
Asap2,,,,
,20.88024,21.96811,20.44395,20.88024
Ptp4a3,22.71959,22.96858,20.96226,22.71959
Mtif3,22.99873,23.20361,23.39689,23.20361
,18.47841,,19.69717,19.08779
Hebp2,,,,
Tmem126b,23.68603,23.45626,23.69891,23.68603
Ankrd27,19.88914,20.49551,18.61393,19.88914
Zbtb21,20.89045,20.88271,19.71534,20.88271
Mrc1,21.5108,20.00717,24.43498,21.5108
Clstn2,22.5869,23.55368,22.88131,22.88131
Tmem165,24.19925,23.86712,23.73107,23.86712
Vimp,21.79745,22.46446,25.72383,22.46446
Psmg4,26.27608,25.69604,25.19378,25.69604
Pex1,23.30034,23.14507,22.98891,23.14507
Tfeb,21.7986,20.22353,20.72925,20.72925
Men1,22.91214,22.23298,22.28912,22.28912
Pex6,23.83827,23.82474,23.00746,23.82474
Nrip3,,,,
Zbtb18,24.64367,24.29866,24.56197,24.56197
Psmg3;Gm26938,28.16969,27.99938,27.65123,27.99938
Fbxo4,20.54802,21.61486,20.67314,20.67314
Crtc3,,,20.90323,20.90323
Pvr,23.12868,22.21715,22.59332,22.59332
Ppp1r18,23.68143,22.54222,23.1561,23.1561
Mif4gd,18.55618,17.59164,17.93813,17.93813
Ccdc97,22.77617,22.02952,22.13853,22.13853
Acvr2a,24.35535,24.54734,23.8224,24.35535
Nfic,,,,
Col15a1,17.04035,18.60433,,17.82234
,23.33919,23.3073,23.43733,23.33919
,19.14465,18.62149,19.89745,19.14465
Crybb1,,,,
Ppp4r1,23.93229,24.34679,23.41287,23.93229
Nfkbib,22.56544,22.12146,22.43581,22.43581
Wdr66,17.084,15.97184,16.83504,16.83504
Prickle1,18.61727,18.04767,18.91573,18.61727
Nol9,24.77565,25.48711,24.83417,24.83417
Uggt2,22.78913,24.46145,22.55518,22.78913
Nadk,22.1893,22.63586,21.96056,22.1893
Mcm6,23.33919,23.52803,22.28184,23.33919
Prkcq,21.24057,21.5264,21.1934,21.24057
Thbs4,19.03187,,,19.03187
Pafah2,22.80821,20.76862,21.50616,21.50616
Slc38a10,21.32866,20.14433,21.74049,21.32866
4933434E20Rik,24.40983,24.36979,23.82114,24.36979
Rab28,22.14009,22.13934,22.30616,22.14009
Kcnq3,18.80848,17.5939,18.14241,18.14241
Hhatl,19.10907,15.71067,16.11531,16.11531
Snx19,21.46433,20.99859,20.34668,20.99859
Panx2,20.06868,19.40499,,19.736835
,,25.75491,,25.75491
Zfp655,,19.20483,,19.20483
Zfand1,,,21.44587,21.44587
Lztr1,21.73525,21.92513,21.22682,21.73525
Wdr60,20.53782,21.13959,20.68123,20.68123
Tmem246,23.09034,23.68442,22.85565,23.09034
Capzb,,20.22081,,20.22081
Foxk1,23.0571,22.98123,23.01224,23.01224
Pkd2,22.78804,24.43606,19.82138,22.78804
Hmox1,22.88159,24.1354,23.27256,23.27256
Smarcd2,17.49084,17.12666,20.19508,17.49084
Ifit2,20.90786,21.22764,19.12976,20.90786
Lpcat2,19.70075,,,19.70075
Jag1,18.78411,20.41689,20.32025,20.32025
Heatr6,22.56521,22.4657,21.72084,22.4657
Mblac1,23.91934,23.43224,22.67284,23.43224
Brinp3,19.69083,19.0168,18.54189,19.0168
Herpud2,20.9315,18.75117,18.90018,18.90018
Nsa2,22.58912,22.25061,21.89752,22.25061
Tmem106a,24.14756,22.70415,22.18752,22.70415
Phyh,19.72279,19.94535,19.10444,19.72279
Tmem200a,21.04906,20.77233,21.48198,21.04906
Afap1,26.0661,26.33749,25.92173,26.0661
Pnkp,23.1114,22.20562,23.38561,23.1114
Ifnar2,,,19.22894,19.22894
Pop1,22.42396,22.81601,20.88859,22.42396
Hectd2,21.97691,20.59933,20.2588,20.59933
Bcl11a,24.80597,24.87404,24.74386,24.80597
Mat2b,22.79604,22.74585,22.68188,22.74585
Edem3,24.31022,23.99187,23.55321,23.99187
B4galnt1,22.83117,22.97549,21.86989,22.83117
Frmpd3,20.27742,20.07874,19.51227,20.07874
1110004E09Rik,21.76591,21.51099,21.17347,21.51099
Tada3,22.14638,22.07473,21.43094,22.07473
Znf536,20.47714,19.70833,19.35701,19.70833
Chrna4,,19.71399,20.07457,19.89428
Polr3d,20.61072,22.35054,21.0855,21.0855
Hat1,24.01376,24.50767,24.50597,24.50597
Vps13b,18.89936,18.89166,19.21954,18.89936
Scaf4,22.73917,22.20842,22.91809,22.73917
Renbp,19.30028,13.48054,19.33948,19.30028
Sptlc2,24.34983,25.08261,23.64537,24.34983
Hook2,22.40873,23.20541,23.00445,23.00445
Ppig,25.34922,25.61989,24.83538,25.34922
Zfp37,20.24412,20.11159,20.14532,20.14532
Rdh5,20.34299,,19.83228,20.087635
Cdc34,23.76598,23.58314,23.68763,23.68763
Bod1,,,,
Yipf5,26.54584,26.82687,26.62715,26.62715
Lrfn3,22.8098,23.12371,22.82881,22.82881
0610010K14Rik;Bap18,24.69578,22.24133,20.03214,22.24133
Abhd17a,22.6869,23.08792,19.83087,22.6869
Stox2,19.52453,21.3596,19.57162,19.57162
Trak2,18.12994,17.93157,17.58351,17.93157
Zdhhc3,24.38232,24.77022,24.88507,24.77022
Bhlhe22,23.7145,23.09486,23.58978,23.58978
Ifit3,16.01807,20.73999,21.14457,20.73999
Etl4,18.10799,,,18.10799
Man2a1,20.06303,22.52578,21.52836,21.52836
Morf4l2,22.65077,21.69439,22.17819,22.17819
Nkap,24.21119,23.32485,23.7546,23.7546
Mcrs1,21.63675,20.82904,20.14917,20.82904
Senp3,25.94275,25.68977,25.50158,25.68977
Pdlim3,21.763,20.18423,21.81738,21.763
Fbxl17,18.91199,21.01835,19.8654,19.8654
Kcnj2,23.2094,22.47551,17.6622,22.47551
Nr3c1,19.5553,20.80892,16.48344,19.5553
Emilin1,,,,
Ifi35,19.90391,15.61226,20.62507,19.90391
Mrpl27,25.85873,25.67823,25.39966,25.67823
Ttf2,21.04113,20.685,14.22136,20.685
Tbc1d25,22.32036,21.09462,21.87931,21.87931
Fa2h,,,,
Ldhd,19.19429,,,19.19429
Rragd,21.80751,21.59327,21.41988,21.59327
Zfyve26,17.81535,17.56108,19.09527,17.81535
Qtrt1,25.85067,24.86074,24.61773,24.86074
Nle1,23.58852,23.32553,23.45337,23.45337
Braf,,20.24249,19.26194,19.752215
Rpia,25.74353,25.04764,24.57288,25.04764
Mmp14,21.96102,18.76694,18.39243,18.76694
Mzt2,17.88893,21.52765,20.51307,20.51307
Gga2,22.69143,22.52581,22.46226,22.52581
Bcl10,22.17088,21.90738,23.02357,22.17088
Cntrob,18.05245,19.09401,18.64723,18.64723
Nol6,23.14467,23.0891,22.44129,23.0891
Mtdh,22.37079,22.26657,22.02672,22.26657
Med10,24.93044,24.59246,23.64889,24.59246
Tyw1,22.2157,22.76008,22.26046,22.26046
Plekha3,20.64015,19.91927,20.28139,20.28139
Gemin6,22.75181,22.0192,23.30591,22.75181
Glra1,,,,
Mad2l1,23.732,23.83682,23.21861,23.732
Ralgapa2,21.80266,22.37342,20.80743,21.80266
Nap1l2,,,,
Cspp1,,,,
Zgpat,21.07045,21.35084,22.23026,21.35084
Fkbp7,,,,
Rpl37,25.18843,25.50479,25.64853,25.50479
Nuak1,18.81597,18.57474,18.66171,18.66171
Retsat,,19.48593,18.02237,18.75415
Alkbh6,19.56322,19.88597,19.90179,19.88597
Cda,,19.57777,,19.57777
Fam118b,23.1901,21.96719,21.7882,21.96719
Bcar3,17.09743,18.03171,20.31119,18.03171
Nfyc,22.16365,19.55131,21.59505,21.59505
Scap,21.522,21.61095,20.68953,21.522
Tdg,25.40256,25.52564,25.47101,25.47101
Fkbpl,22.65384,22.38648,21.47798,22.38648
Inpp5e,21.26368,20.4051,19.98426,20.4051
Gpsm2,24.38172,23.76253,23.67217,23.76253
Ptprd,,,,
Zak,21.8963,,19.62533,20.760815
Ccdc167,23.75776,22.42281,,23.090285
Ubr5,22.90837,22.57909,22.66692,22.66692
Rc3h1,21.09346,20.92593,21.12269,21.09346
Dcx,29.87087,29.92804,29.77088,29.87087
Dennd4c,22.36453,22.6441,22.19093,22.36453
Prr12,20.94592,20.3595,20.51152,20.51152
Lcat,,,20.878,20.878
Siae,20.54208,20.5816,18.70513,20.54208
Usp16,20.86808,19.0376,21.63259,20.86808
Tmem51,,,,
Dffa,21.29384,21.60671,19.90303,21.29384
Bloc1s4,,19.17307,19.08472,19.128895
Kank1,15.67576,19.15891,18.9954,18.9954
Lynx1,,20.99417,18.50936,19.751765
Carns1,18.61676,18.10303,18.54389,18.54389
Pou3f2,25.62884,25.86188,26.09168,25.86188
Mex3d,23.77766,24.27732,24.20725,24.20725
Tradd,19.97533,20.30819,19.46022,19.97533
Pik3r5,18.38999,,,18.38999
Ddx60,,19.05478,20.72042,19.8876
Rcor2,22.3194,21.81671,19.23851,21.81671
Hpx,21.19634,22.76219,22.31592,22.31592
Mtcl1,15.47079,,,15.47079
Cyhr1,23.78835,24.02859,23.79956,23.79956
Gpbp1,19.81232,20.48748,19.32446,19.81232
Plek,20.42562,,21.48272,20.95417
Rrs1,20.3689,20.72858,22.03174,20.72858
Rnf185,,22.34624,22.99895,22.672595
Cyp4x1,24.0937,23.99533,23.2967,23.99533
Nrbp1,23.89032,23.97395,23.84153,23.89032
Samd4a,20.0671,19.29914,18.96874,19.29914
Lipt1,21.88937,21.87106,22.43494,21.88937
Ndn,22.84188,23.2839,22.80043,22.84188
Epha6,19.90469,18.59051,17.69995,18.59051
Igsf6,17.22844,25.28274,,21.25559
Smpd4,25.59337,25.9271,25.28789,25.59337
Aim2,20.09854,21.07182,20.88196,20.88196
Btbd1,21.19748,22.08887,20.54717,21.19748
Smarca1,24.05862,23.76324,23.5745,23.76324
Fmn1,,,,
Igf1r,22.41101,22.65406,21.9648,22.41101
Pdf,21.45463,21.75234,22.64665,21.75234
2010300C02Rik,,,,
Chchd1,23.3577,24.32574,24.48124,24.32574
Cnot6,21.71452,21.70468,20.26625,21.70468
Tmem181a,24.80006,24.47828,24.69732,24.69732
Kti12,23.28785,23.52934,23.00645,23.28785
B4galt7,21.89652,23.19324,22.16883,22.16883
Sytl5,,,,
Dnajc28,20.72692,20.84889,19.17743,20.72692
Igf2bp3,25.63862,25.92232,25.38255,25.63862
Kif1c,14.89012,17.09393,15.65704,15.65704
Tbc1d22b,21.74008,21.30067,22.61153,21.74008
Phf8,21.63245,20.08758,21.5751,21.5751
1110051M20Rik,22.07362,23.25059,22.89076,22.89076
Clk3,21.10566,19.01648,20.7514,20.7514
Ints10,23.35394,23.4325,22.87361,23.35394
Atat1,22.12975,22.40525,19.74547,22.12975
Map2,20.43431,,,20.43431
B630019K06Rik,23.62366,22.51029,23.68667,23.62366
Trim21,,,,
Rab20,,,,
Lum,18.22143,17.54465,,17.88304
Tmem178a,20.03201,20.30017,19.07143,20.03201
Yipf3,20.8845,21.44314,23.25695,21.44314
Tspan14,22.96062,23.48591,22.37894,22.96062
Ahdc1,21.27787,21.05364,21.08932,21.08932
Gpr17,21.01686,,,21.01686
Pak6,23.50252,23.36226,23.01487,23.36226
Zfp532;Znf532,23.05752,22.97115,23.06746,23.05752
Ssbp2,25.58081,26.45098,25.52001,25.58081
Irak1,18.40541,18.03413,19.9812,18.40541
Ehd2,18.70769,19.71381,13.80544,18.70769
Flrt1,,,13.54738,13.54738
Rcl1,22.98498,22.47147,22.69765,22.69765
Ift20,,,,
Cep250,15.33713,20.47902,17.63863,17.63863
Ifih1,21.55248,17.95441,18.55431,18.55431
Cyp7b1,20.03012,20.21003,19.80596,20.03012
Cyp4f16;Cyp4f37,18.11903,17.93249,18.28771,18.11903
Fam122a,,,20.22929,20.22929
Mvb12a,23.96781,24.16852,24.81753,24.16852
Zmym2,23.33851,23.66687,22.72771,23.33851
Parp10,17.24804,17.71867,19.14627,17.71867
Wdfy2,22.57117,22.45227,20.03966,22.45227
Clec12a,,22.17469,,22.17469
Pla2g4a,25.82219,18.72461,20.59213,20.59213
Atp7a,21.44627,21.75026,20.53251,21.44627
Hfe,,,,
Ell,22.17368,23.31562,20.84184,22.17368
Kiaa0195,19.75186,20.76927,19.93301,19.93301
Elmod2,23.52981,23.63356,22.98024,23.52981
Zfyve16,19.89263,16.98582,19.70823,19.70823
Med12,21.98284,21.70037,21.84364,21.84364
Nudt14,21.69422,23.38416,22.42979,22.42979
Pus10,20.72941,20.64359,19.23224,20.64359
Pde5a,19.65629,17.81215,18.37823,18.37823
Kin,22.4709,21.8662,22.19577,22.19577
Crhbp,,,,
Rai1,20.9061,20.39739,18.42399,20.39739
Oard1,23.63301,19.84247,22.62404,22.62404
Kcnd1,21.55253,21.14694,20.98774,21.14694
Grin3a,,,15.72946,15.72946
Rgl3,21.02317,19.37494,20.19785,20.19785
Abcg4,22.38089,20.79638,19.30325,20.79638
Dennd2a,23.98216,23.12866,19.54011,23.12866
Fbxl8,21.26991,20.28139,20.32915,20.32915
Trak1,20.24284,19.78216,20.18604,20.18604
Reln,24.72166,25.0161,24.82221,24.82221
Utp3,21.93301,21.86756,22.19403,21.93301
Lgals3bp,23.18998,21.73364,22.7324,22.7324
Cxxc1,22.72709,23.84096,22.83395,22.83395
Emr1,19.34683,19.81713,16.84794,19.34683
Myo7a,19.35847,20.03187,15.90736,19.35847
Fam206a,20.34981,21.1937,22.08102,21.1937
Tmbim1,,,,
Cntn5,21.15363,21.42014,20.80057,21.15363
Pard6b,21.45598,21.3889,21.43064,21.43064
Wdr36,24.46625,24.72005,24.15661,24.46625
Npr2,22.16454,21.69842,21.47951,21.69842
Steap3,18.09295,14.45269,,16.27282
Fzd1,18.68171,18.32698,19.68905,18.68171
Dnajc18,19.18204,21.16429,18.90151,19.18204
Ogfod3,23.24009,23.12643,22.24896,23.12643
Gh1,12.7087,,,12.7087
Rgcc,,16.88274,16.82613,16.854435
D17Wsu92e,21.61149,20.75752,18.79506,20.75752
Rsph1,,18.73135,17.96944,18.350395
Sik2,21.98221,22.06655,21.74772,21.98221
Smyd4,18.81984,19.8667,18.30091,18.81984
Scmh1,18.94344,18.23486,,18.58915
Snx10,24.6953,24.05598,24.3181,24.3181
Far1,24.84503,25.03842,25.63782,25.03842
Gid4,22.59241,23.37279,22.64623,22.64623
Ctdspl,19.74739,,17.7929,18.770145
Mpnd,21.28754,22.53284,21.59227,21.59227
Gtpbp8,23.65294,22.67607,22.56711,22.67607
Antxr1,20.33658,20.33364,19.76361,20.33364
Alas1,18.65858,17.77494,20.62176,18.65858
Ccser2,20.9595,19.49095,20.08291,20.08291
Polr2l;Gm10774,,22.54503,22.73513,22.64008
Mcur1,17.03639,18.4758,16.42151,17.03639
Arhgap18,20.92781,20.36078,20.86522,20.86522
Inip,19.12017,,21.147,20.133585
Gstt2,16.95311,,,16.95311
Igsf11,23.65971,23.28207,22.76519,23.28207
Gtf3c5,24.32182,24.38007,23.6102,24.32182
Paqr6,23.45814,,,23.45814
Fkbp14,20.84261,20.53981,20.74682,20.74682
Znf24,21.81194,21.25061,15.03256,21.25061
Irf8,,16.48665,,16.48665
Cnot8,22.69719,22.0058,20.89689,22.0058
Plcxd2,23.17362,23.50325,22.38872,23.17362
Usp40,19.56713,,,19.56713
Gng10;Gm20503,23.66839,23.15971,22.82048,23.15971
Sirt1,20.80782,21.5955,19.88332,20.80782
Trex1,18.82904,20.51874,17.17913,18.82904
Clec2d,,,21.12987,21.12987
Mgst1,23.26299,23.82503,22.1322,23.26299
Ino80,21.30919,20.08226,18.4974,20.08226
Stk10,22.44314,22.11775,21.87068,22.11775
Camk2n2,20.52334,19.99051,20.01835,20.01835
Tbc1d2b,19.08325,21.12553,18.92233,19.08325
Tubgcp5,21.06861,20.82423,19.48056,20.82423
Dram2,19.90925,20.60032,20.19328,20.19328
Clic5,,,,
Kdm5b,22.86457,22.57925,22.57874,22.57925
Xylt2,22.70383,22.86037,20.4341,22.70383
Ankrd12,18.45519,19.25082,19.4215,19.25082
Dusp14,17.29059,,,17.29059
Rnf146,20.38722,21.75544,21.21217,21.21217
Eed,22.96585,24.19408,21.85125,22.96585
Gemin2,22.26608,21.08297,20.8729,21.08297
Pnma3,19.24883,18.17431,17.87837,18.17431
Cep135,18.01231,18.58266,15.87404,18.01231
Zcchc11,21.79364,21.95681,21.48458,21.79364
Fhod1,18.24056,19.11703,18.14116,18.24056
Aox1,21.24934,18.36461,19.30499,19.30499
N4bp3,19.91566,,19.63734,19.7765
Znf385a,21.0553,,20.76717,20.911235
Cln5,19.80306,14.98103,18.27699,18.27699
Xrcc6bp1,21.31882,22.59165,21.06677,21.31882
Mcm4,23.80902,22.94117,22.11753,22.94117
Nol10,23.1923,23.09668,22.42824,23.09668
P2rx7,23.37106,19.2166,22.57948,22.57948
Ndst2,21.09242,15.0535,20.07156,20.07156
Igsf3,27.94324,27.91826,27.42998,27.91826
Abca9,16.96995,,21.05444,19.012195
Cyb5d2,24.28419,23.13774,22.25977,23.13774
Polr1a,21.72347,21.27577,20.12465,21.27577
Nckap1l,21.05358,21.55459,25.73823,21.55459
Ctdsp1,,,,
Ndor1,22.77435,22.43038,20.72142,22.43038
Tlk1,20.58344,20.04073,18.76943,20.04073
Smim20,,19.84367,19.03845,19.44106
B4galt3,21.73818,19.91197,18.17568,19.91197
Dlgap4,,18.8593,17.58915,18.224225
Mtf2,19.96339,19.05502,18.90116,19.05502
Thada,22.01553,21.9941,21.41931,21.9941
Fut9,24.26155,24.62778,23.79174,24.26155
Recql,24.73314,25.23889,24.75211,24.75211
Nphp4,21.24986,20.39812,21.05019,21.05019
Agpat2,,,,
Armcx4,23.52659,24.09555,22.56295,23.52659
Wdr26,14.6727,15.19426,,14.93348
Igfbp4,21.17499,22.18595,21.31578,21.31578
Ctcf,24.37716,24.68811,24.0011,24.37716
Rnasel,22.18247,21.26178,21.68192,21.68192
Osbpl5,22.57108,22.75892,23.05094,22.75892
Pkp4,,,,
Slc29a1,21.65031,22.25822,20.51989,21.65031
Trim25,20.00251,21.06999,19.65283,20.00251
Rbfa,19.28308,18.84821,,19.065645
Trim35,21.93341,22.82094,20.59021,21.93341
Sec24d,24.00127,23.71461,24.14608,24.00127
Kmt2d,19.89555,17.32553,20.28365,19.89555
Ahnak2,18.98582,,15.72957,17.357695
Kifc2,20.52602,20.92521,18.807,20.52602
Cck,,19.42058,21.79796,20.60927
Cstf2,22.32424,22.21505,22.42378,22.32424
Anapc10,20.79939,22.46556,20.25661,20.79939
Fam13b,18.82969,19.57371,18.53237,18.82969
Vangl1,21.56141,16.87915,17.36521,17.36521
Atxn7l3b,23.69996,24.92329,,24.311625
Art3,,,,
Gdpd5,23.78556,23.61695,23.36866,23.61695
Zfp384,20.61764,21.40473,21.39137,21.39137
Calcrl,,,21.88777,21.88777
Il18,22.89794,21.57006,18.54819,21.57006
Sphk1,,,,
Arhgef17,,,18.07264,18.07264
B4galnt4,20.73868,21.13533,20.10534,20.73868
Phykpl,,17.34386,20.89275,19.118305
Slc5a6,21.57066,,,21.57066
Gm16039,22.36744,22.48751,23.2754,22.48751
Uxt,21.11693,20.27355,,20.69524
Ppcdc,21.56987,21.46129,21.53938,21.53938
Spty2d1,15.49454,14.7772,,15.13587
Trmt2a,22.7649,23.64856,22.67784,22.7649
Nav3,21.39069,21.36906,21.3165,21.36906
Mcm3,23.95934,22.93767,22.14277,22.93767
Large,23.4929,23.15866,23.17685,23.17685
Igfbp6,,,22.67385,22.67385
Dhrs11,17.52589,21.5582,18.07305,18.07305
Tmem41b,22.15912,23.97255,23.99248,23.97255
Pdcd11,24.61144,25.31931,22.95553,24.61144
Pstpip2,17.49584,17.9266,,17.71122
Mpg,22.25848,21.90054,22.12647,22.12647
Cul7,21.48454,21.6611,20.24272,21.48454
L3mbtl3,21.29036,20.49414,20.73661,20.73661
Kcnj12,16.59253,,,16.59253
Ccdc40,24.63057,18.88712,18.7195,18.88712
Slc18a3,,,,
Snx29,21.69732,21.53535,21.68385,21.68385
Pdp2,24.71874,23.85272,23.89911,23.89911
Romo1,26.38108,27.39591,26.38947,26.38947
Ddx39a,26.12205,26.35488,25.90587,26.12205
Dock2,21.8759,21.61778,20.61684,21.61778
Phf20l1,21.87343,21.59905,20.76668,21.59905
Alg1,23.29123,23.64361,23.26928,23.29123
Cpsf3l,23.3648,22.75801,23.28037,23.28037
Yy1,21.26802,21.64773,25.14044,21.64773
,21.14656,20.6926,21.11965,21.11965
Ttc13,22.7141,22.67842,21.81714,22.67842
Raf1,24.84302,25.01572,24.56709,24.84302
Elmsan1,18.26275,17.06034,18.29545,18.26275
Celsr3,23.65862,23.77786,23.25695,23.65862
Chsy1,21.30157,21.59332,20.42562,21.30157
Rbm28,22.7525,22.19436,22.93101,22.7525
Rnd2,21.71385,22.23067,22.67715,22.23067
Cep120,19.11378,18.39427,18.36683,18.39427
Ndnf,26.51301,26.29955,26.39687,26.39687
Zcchc14,18.5726,17.91017,18.41761,18.41761
Bace1,25.64372,25.41751,25.42614,25.42614
Nop14,21.90478,20.53326,21.45116,21.45116
Mtfmt,22.98753,23.67917,22.17048,22.98753
Mbd1,20.63059,19.91682,20.76741,20.63059
Gpnmb,19.36369,17.00405,16.7129,17.00405
Fam219a,,,,
Lzts2,,,,
Utp14a,21.70379,21.84625,21.99731,21.84625
Wdr46,23.39441,22.82809,23.23986,23.23986
Atp9b,20.59814,20.96621,21.30285,20.96621
Zic2,,,,
Arg1,24.65491,23.40158,23.24285,23.40158
Fem1b,23.18026,23.00167,22.74275,23.00167
Dfnb31,,,,
Haghl,,,,
Dgcr2;Gm20518,20.99707,19.43262,20.92369,20.92369
Tmpo,18.65522,18.85014,19.25887,18.85014
Trpm7,17.50409,17.87718,17.05611,17.50409
Cry2,22.05874,21.93337,21.58054,21.93337
Psmb8,21.20514,21.82287,21.33462,21.33462
Leng8,22.20165,22.41408,22.07028,22.20165
Ttc28,22.63025,22.7208,22.01103,22.63025
Adipor1,19.05219,18.19378,19.35322,19.05219
Als2cl,18.73598,,18.22284,18.47941
Arap3,14.94384,,16.42284,15.68334
9230110C19Rik,21.54142,20.9268,19.56149,20.9268
Cacfd1,,,,
Nol11,22.74632,22.42127,21.42265,22.42127
Capg,22.56158,21.91805,22.13097,22.13097
Pno1,24.22685,23.99213,23.39349,23.99213
Pon3,,,,
Abtb2,20.95617,18.51926,16.33286,18.51926
Dera,21.98346,21.33941,18.77227,21.33941
Faxc,21.6333,21.73558,21.16435,21.6333
Sharpin,18.44111,,20.66631,19.55371
Lonrf3,16.19967,,,16.19967
Gas6,19.98676,21.7094,19.04073,19.98676
Ftsj3,22.32836,22.59186,21.89486,22.32836
Shroom4,18.25488,,,18.25488
Eomes,,,,
Casq2,,,,
Tgfb1i1,18.21276,,17.81516,18.01396
Qsox1,18.48566,22.78544,17.0719,18.48566
Csl,19.98593,19.36765,,19.67679
Cct6b,25.40944,26.04864,21.59792,25.40944
Mcm7,23.85062,23.01968,22.92493,23.01968
Smpx,,,,
Znf22,22.74972,24.07227,23.37796,23.37796
Cybb,18.5813,19.78011,15.95044,18.5813
Fam163b,,,,
Nt5dc2,26.79166,26.9215,26.349,26.79166
Exosc9,23.66481,23.27455,23.58841,23.58841
Tifa,20.5955,17.88124,19.48876,19.48876
Abi3,,24.37842,,24.37842
Tmem151a,21.14886,20.72167,19.89278,20.72167
Lrrc14,22.0158,22.42347,21.22075,22.0158
Ddx58,19.68344,22.76662,20.25373,20.25373
Sema6a,18.87589,19.90395,20.61773,19.90395
Tut1,23.17397,23.42842,22.61252,23.17397
Lsg1,21.39613,21.5821,21.06618,21.39613
Rabac1,25.66533,24.73805,23.86844,24.73805
Tmem109,22.84038,20.60032,24.71025,22.84038
Zc3hav1,21.88342,20.45232,20.96395,20.96395
Fibcd1,22.78602,21.26728,23.17773,22.78602
Klhdc7a,16.08165,16.63396,15.44064,16.08165
Ptprc,22.1168,23.19385,21.50678,22.1168
Lsp1,18.80631,19.25454,20.66657,19.25454
Cc2d2a,20.30463,19.77242,18.80927,19.77242
Snx24,23.23234,22.86526,22.97029,22.97029
Otud3,,,,
Manba,21.82155,21.4889,21.30034,21.4889
Kiaa0226;1700021K19Rik,20.19039,20.11591,20.46453,20.19039
,24.83615,25.52241,24.09748,24.83615
Slc30a6,19.38831,21.17895,21.9001,21.17895
Upf3a,13.25457,,,13.25457
Camsap3,17.20199,17.29374,,17.247865
Cyp4f14,,,,
Tapbp,19.27196,17.4373,17.77809,17.77809
Hmgn3,,,,
Rnf135,19.49066,,,19.49066
,,,,
Klhdc4,24.95837,24.998,24.06677,24.95837
Zdhhc21,21.99417,21.57159,,21.78288
Pigm,21.5799,21.26408,20.90771,21.26408
Myh7b,20.00648,18.81728,18.11151,18.81728
Selh,25.95189,24.68795,24.91853,24.91853
Samd12,,,,
Kcnip1,22.46124,21.82528,20.05881,21.82528
Peli1,23.12057,22.12152,21.25523,22.12152
Parp9,,,21.05709,21.05709
Tbxas1,21.91525,21.96663,22.07447,21.96663
Fli1,,19.34158,18.94089,19.141235
Rpl7l1,25.16454,25.20056,24.2617,25.16454
Kdm5c,21.5751,21.98603,20.85612,21.5751
Ccdc102a,18.03757,17.83529,16.58392,17.83529
Ddx56,22.89173,22.71148,23.31161,22.89173
Pex7,21.14694,23.50422,22.71387,22.71387
Usp28,20.52583,20.5265,20.69124,20.5265
Tnfaip8l2,21.5231,16.87975,,19.201425
Mrps36,19.06663,,,19.06663
Arid2,21.9018,22.12089,21.25188,21.9018
Shprh,22.81076,22.41645,22.17713,22.41645
Fcgr2,16.92799,20.13107,17.96364,17.96364
Med11,22.47001,23.64504,22.59284,22.59284
Hspb11,23.88772,24.79595,23.44164,23.88772
Rhebl1,,18.57766,,18.57766
Parp12,,16.70198,21.63931,19.170645
Hmha1,20.91583,20.10534,20.70041,20.70041
Malsu1,20.84015,21.76511,21.23585,21.23585
Cebpb,23.85529,,20.655,22.255145
Tm9sf1,22.573,23.61594,23.37478,23.37478
Unkl,20.72974,20.83113,20.86212,20.83113
Tvp23b,21.52931,16.3523,22.02786,21.52931
Klc3,17.9514,,18.96387,18.457635
Rnaseh2b,20.89667,,19.36703,20.13185
Gsdmdc1,20.85529,21.05199,23.41442,21.05199
Rangrf;Gm10355,19.60746,19.00182,20.42019,19.60746
Xkr7,21.77246,22.12921,21.98645,21.98645
Ifi47,17.91479,22.3493,17.61669,17.91479
Drc1,17.31787,23.4265,,20.372185
Krr1,23.15281,23.94592,22.90159,23.15281
Ift43,,20.4108,,20.4108
Phf21a,20.293,19.88853,18.82,19.88853
Zfp62,19.28048,18.48589,18.61094,18.61094
Cryba4,,,,
Rab3il1,21.55159,23.43593,22.24048,22.24048
Kif20b,17.21845,18.16786,17.12081,17.21845
Zcchc12,20.84015,20.43756,20.02864,20.43756
Gle1,21.06513,21.14258,19.05179,21.06513
Arl4c,25.19024,25.1292,24.76956,25.1292
Naglu,23.586,23.11428,22.74351,23.11428
Ptgfrn,24.80794,24.97985,24.70129,24.80794
Mcm2,22.27079,22.22211,22.59475,22.27079
Itga4,17.07012,18.21888,19.05227,18.21888
Omp,19.99576,,,19.99576
Cluap1,22.51157,21.6999,21.66241,21.6999
Bcl11b,24.75613,24.43237,24.23623,24.43237
Celf3,25.72824,26.19577,25.76585,25.76585
Tfap2a,16.53438,,,16.53438
Xpc,19.00152,18.67855,18.49166,18.67855
Edem2,18.42959,19.29612,19.70492,19.29612
Fnbp4,21.03825,20.59587,17.5383,20.59587
Itga5,20.22647,20.0988,19.33636,20.0988
Cald1,,,17.74149,17.74149
Rab32,23.31755,22.83569,23.46164,23.31755
Arhgap6,15.00396,16.62884,18.54872,16.62884
Sema3e,21.71011,20.78189,20.60639,20.78189
Trim24,21.95102,22.12114,21.24057,21.95102
Igf2bp2,24.75537,24.22773,23.09326,24.22773
,20.03483,21.3497,21.76454,21.3497
Soat1,22.66882,20.90345,21.20455,21.20455
Prkdc,19.04196,19.2096,19.36316,19.2096
Dcn,,,,
Apbb1ip,20.68594,22.26842,21.68611,21.68611
Ptpn13,17.98721,15.92453,19.39995,17.98721
Rrp1b,,19.59833,18.03042,18.814375
Zfpm2,18.02183,19.44022,18.08379,18.08379
Tap1,18.94424,17.55435,21.48974,18.94424
S100a5,15.92172,,,15.92172
AU019823,,,20.62596,20.62596
Tcirg1,19.74865,23.5821,19.8967,19.8967
Ifit1,22.56409,21.71678,21.21839,21.71678
Psmb10,20.82268,19.57561,20.72067,20.72067
Lgals9,23.2863,23.24931,19.95802,23.24931
Pyroxd2,23.45714,22.87542,22.14868,22.87542
Nop2,24.69546,24.23549,24.26349,24.26349
Pex10,21.68414,20.36922,22.41542,21.68414
Gpc2,29.91042,29.84122,29.63748,29.84122
Cd84,20.57607,20.79994,18.8412,20.57607
Ncapd2,22.63706,21.50363,21.37465,21.50363
Gpn1,22.3988,23.04181,21.38169,22.3988
Pphln1,18.58134,20.78628,20.61297,20.61297
Ap5z1,21.15709,21.63821,20.79424,21.15709
9930111J21Rik2,,19.33505,19.56796,19.451505
Gpalpp1,19.72845,,,19.72845
Ralgapb,19.74637,,16.82215,18.28426
Neurod1,19.41681,16.5376,19.93229,19.41681
Sipa1,16.37006,18.26137,17.08773,17.08773
Fyb,21.30558,14.27685,19.19924,19.19924
Clasp2,19.65148,18.56707,17.84812,18.56707
Obfc1,24.8867,25.06526,24.5044,24.8867
Thap11,22.73298,22.30686,21.97666,22.30686
Btk,24.02918,22.67411,22.45181,22.67411
Med23,23.28447,23.36653,23.12712,23.28447
Chd7,18.3792,19.62865,20.06158,19.62865
Cdkal1,21.86575,21.32658,20.90558,21.32658
Egr3,,,,
Narf,19.70421,19.91121,18.93143,19.70421
Stab1,20.70176,20.7395,19.94978,20.70176
Pold3,,20.76838,20.11528,20.44183
Was,19.87623,18.34469,,19.11046
Fzd2,,18.81872,17.90177,18.360245
Golm1,22.52853,21.92799,22.63542,22.52853
Zmat4,20.27901,,,20.27901
Ube2e2,,,,
Znf787,21.17194,19.98649,18.10784,19.98649
Chd3,25.46111,25.5378,25.0077,25.46111
Msr1,15.29225,20.99328,10.91438,15.29225
C3,21.92962,22.73923,22.20938,22.20938
Dtx3l,22.41338,20.49765,24.00307,22.41338
Tlr3,17.77732,18.12717,,17.952245
Yap1,,19.3806,,19.3806
Srxn1,22.44761,22.19208,18.79563,22.19208
Hrc,,,,
Oasl2,21.11369,16.59216,16.66414,16.66414
Smc2,24.22876,23.15746,24.82721,24.22876
Stat2,23.72046,23.86391,23.13384,23.72046
Ybx3,23.14367,22.10613,22.26388,22.26388
Pan2,22.7661,24.09981,21.86359,22.7661
Ripk1,20.96747,17.45635,19.91152,19.91152
Ikbip,22.10961,22.21472,17.14887,22.10961
Znf687,19.29246,19.44358,18.9533,19.29246
Wdr75,23.65644,23.68046,23.0281,23.65644
Parp4,16.48169,19.24163,18.59021,18.59021
Top2a,21.87192,20.88733,21.02357,21.02357
Sesn1,19.5329,18.12177,19.29455,19.29455
Ptpn6,22.14211,20.65316,22.19433,22.14211
Sema3c,24.67066,24.65611,24.10621,24.65611
Trim67,26.45613,26.75315,25.99257,26.45613
Sash3,,,,
Pi4k2b,,17.93733,18.19609,18.06671
Ints2,22.81029,22.66373,21.48846,22.66373
Phf14,22.06437,22.25142,22.12679,22.12679
Vezf1,22.0628,22.04033,21.75311,22.04033
Wipf1,19.21302,,,19.21302
Galnt7,22.9812,21.06796,20.90228,21.06796
Atad2b,23.87586,23.75898,23.44872,23.75898
Tprn,19.76639,17.93618,18.02464,18.02464
Pik3ap1,18.11177,20.71188,18.36965,18.36965
Cnbp,26.66343,28.01829,27.05889,27.05889
Epha3,24.09168,24.10701,23.44063,24.09168
Gla,23.82987,24.66395,23.89412,23.89412
Znf521,23.79054,,20.56997,22.180255
Hk3,25.04448,22.7017,20.5499,22.7017
Icam1,22.37955,23.15842,22.15607,22.37955
Sgsh,21.02641,21.67284,20.9083,21.02641
Ifi30,23.6699,23.0935,21.42275,23.0935
Slit1,25.14492,25.23425,24.69885,25.14492
Lgals3,23.10712,23.81783,23.9198,23.81783
Lpxn,18.6329,,18.1563,18.3946
Afap1l2,17.60841,21.94892,21.18186,21.18186
Ing1,24.73428,24.19723,23.96719,24.19723
Xaf1,,,,
Fermt3,23.60569,23.12947,24.89828,23.60569
Rnf213,20.37124,21.79269,20.9583,20.9583
Acvr1c,15.75063,15.94574,16.01844,15.94574
Ugt1a7c,22.1201,18.03901,19.63112,19.63112
,20.36666,20.04913,18.01018,20.04913
Gtdc1,24.96327,24.94083,24.90265,24.94083
Stx3,20.65237,,20.29715,20.47476
Ucp3,,,,
Ncf2,19.52417,18.99153,19.89383,19.52417
Slc25a11,,,,
Adam9,21.14805,22.04674,21.32003,21.32003
Fam168a,24.8615,24.12888,24.75185,24.75185
Dysf,19.37901,17.95646,16.71934,17.95646
Fcrls,16.7032,17.8925,17.4005,17.4005
Zfp219,20.85125,20.878,20.61675,20.85125
Lrrc61,,,,
Ehbp1l1,22.53713,,19.79203,21.16458
Tgm1,19.05997,18.98546,19.15835,19.05997
Pold1,21.67379,22.08534,20.76012,21.67379
Tap2,16.71666,22.30438,16.34657,16.71666
Irf5,,18.71508,18.80272,18.7589
Pik3cd,21.1225,21.23275,20.33167,21.1225
Met,24.91766,24.84254,24.44702,24.84254
Dsp,19.47259,19.52713,19.11782,19.47259
Gvin1,20.30764,18.79611,18.92584,18.92584
Sh3bp4,23.8892,24.51129,23.98529,23.98529
Upp1,,,,
Mndal,20.6784,21.29771,23.75969,21.29771
Arhgap4,14.61126,19.13062,18.96556,18.96556
Rsph9,18.98643,20.12452,20.00045,20.00045
Trim30a,,,,
Dhx58,17.62664,17.41568,19.51893,17.62664
Tes,25.43936,25.9638,25.60558,25.60558
Lcp2,21.13075,20.79058,20.67866,20.79058
Fcgr1,,,23.81441,23.81441
Csf1r,15.77733,22.16374,22.05801,22.05801
Ccdc88b,18.78507,18.80445,16.82762,18.78507
Pld4,24.91063,23.92669,22.16429,23.92669
Parvg,20.53811,18.54276,18.28573,18.54276
Avil,18.08696,12.93151,,15.509235
Siglec1,24.08651,22.68149,23.58463,23.58463
Myo1f,20.37507,,19.8555,20.115285
Abcd1,20.80923,20.9782,20.59632,20.80923
Man2b2,21.15616,21.8068,21.06664,21.15616
Rasal3,17.57134,19.20889,18.69944,18.69944
Nfatc2,,19.10952,19.17543,19.142475
Pawr,,18.14051,17.79741,17.96896
Krt33a,,,15.04422,15.04422
Ust,20.68569,21.58118,20.5418,20.68569
Stxbp2,22.09819,24.6075,21.21815,22.09819
Irg1,21.80428,22.45207,21.54585,21.80428
Cd109,18.96998,23.0202,21.21673,21.21673
Naip2,21.31849,20.74107,,21.02978
Mov10,17.24005,23.48935,20.4493,20.4493
Zdhhc2,19.62688,19.74545,,19.686165
Itgal,23.75073,19.29957,19.27196,19.29957
Rcsd1,,16.21117,,16.21117
Colec12,21.40078,21.444,16.36025,21.40078
Hck,19.54155,18.56044,19.97491,19.54155
Tmem29,17.50223,18.79424,16.29795,17.50223
Ikbke,,21.41142,,21.41142
Fmn1,,17.74202,,17.74202
Oas3,15.90893,15.31274,18.5582,15.90893
Lrp2,16.98226,15.73039,18.93396,16.98226
Scgn,20.62015,19.82513,19.74665,19.82513
Nfkb2,19.98801,19.35752,19.88437,19.88437
Stat6,13.85087,21.11235,21.40556,21.11235
Alox5,22.4805,22.87155,19.43278,22.4805
Satb2,25.24909,25.16573,24.51352,25.16573
Mocos,20.56141,,18.40914,19.485275
Myo1g,21.32394,20.96028,21.91368,21.32394
Ttc21a,,,15.09474,15.09474
Pde3a,19.4967,19.46463,19.04378,19.46463
Eif2ak2,20.62319,22.45901,18.79915,20.62319
Fbn1,15.8298,18.72284,,17.27632
Pard3b,16.74084,13.44954,17.07556,16.74084
Ncf4,22.11984,23.84441,20.39278,22.11984
Nbeal2,18.64178,18.80596,18.43172,18.64178
Slc16a3,22.13342,20.37825,20.56132,20.56132
Inpp5d,19.77481,20.96176,18.55041,19.77481
Sp100,20.87125,15.6803,20.04554,20.04554
Grn,24.03951,25.95502,24.63998,24.63998
Syk,19.96705,19.85211,21.12048,19.96705
Plcg2,18.64952,20.09262,19.23507,19.23507
Ncf1,22.40909,22.91649,21.01441,22.40909
Krt86,16.44642,17.08856,19.5438,17.08856
Mpeg1,20.44182,19.85544,22.14292,20.44182
Tlr7,20.09636,22.02378,18.59813,20.09636
Ifi204,22.46685,22.07669,22.32276,22.32276
Mmp12,23.19196,21.58036,22.50504,22.50504
Alox15,26.53839,26.34366,17.56063,26.34366
Pyhin1,23.91816,21.01665,22.26284,22.26284
Mcm5,23.92741,22.95697,22.12862,22.95697
Cd14,,20.1317,20.95433,20.543015
Ifi202,17.1948,18.1437,19.10641,18.1437
Gm5483,21.62015,21.22347,18.71773,21.22347
Cd36,17.55225,21.91273,20.36912,20.36912
Col11a1,20.72551,20.40322,22.56456,20.72551
RBM8;Rbm8a,22.47331,,21.21419,21.84375
2010012C16Rik,19.87623,19.88932,,19.882775
Igkv17-127;Igkv17-121,,,,
Igkv9-124,,,,
Igkv5-39,,,,
Igkc,,,,
Ighg2b,,,,
Ighg1,,,,
Ighv5-16,,,,
Ighv4-1,,,,
Ighv1-31,,,,
Trav12-1,,,,
Igha,,,,
,,,,
,27.67452,,,27.67452
Clec7a,,,,
Ly6e,24.42323,25.43342,24.64284,24.64284
,,,,
,,,,
Ly6c1;Ly6c2,,,22.59821,22.59821
Cd164,,,,
,19.78953,20.10098,19.20242,19.78953
Galntl6,17.45764,18.54457,18.00848,18.00848
,14.65715,15.85536,,15.256255
Auts2,17.5229,21.17396,21.06651,21.06651
,21.59017,22.20711,21.79273,21.79273
,,,,
,19.40643,19.30057,,19.3535
,20.57311,20.02594,20.77957,20.57311
,18.40997,18.25898,19.81875,18.40997
,16.90759,16.67162,16.36443,16.67162
,14.6201,17.24135,17.59507,17.24135
,15.67339,15.59158,,15.632485
Skp2,21.68123,22.41532,22.41421,22.41421
Msh3,20.70868,20.9583,21.16607,20.9583
,,,,
,,,,
,,,,
Traf3ip1,16.91765,15.41052,17.76027,16.91765
Gm21698;Gm10220;5031410I06Rik;Gm7347,,,,
,19.73471,18.84925,19.12697,19.12697
Atp5g2;Atp5g3,,15.75118,,15.75118
Casp8,,18.7936,22.07578,20.43469
Ly96,,,,
,,,,
,,,,
Clasp1,,,,
Mdfic,,,,
,17.8731,15.82675,19.1736,17.8731
,,,,
,21.50179,21.73851,21.86253,21.73851
,,,,
,,,,
,,,,
Col6a3,,,,
Fam46a,19.67872,,,19.67872
,,,,
Kcnma1,19.32098,19.38877,19.0547,19.32098
,22.79013,22.46448,23.55696,22.79013
,,23.27113,,23.27113
,,,,
Pigx,19.73754,22.87091,20.19244,20.19244
Fn1,,,,
,,,,
Nab1,18.15071,19.1865,17.7936,18.15071
Ccdc173,,,,
Aspg,21.6001,20.31063,,20.955365
Zdhhc22,,,,
Veph1,16.48103,14.41389,15.39386,15.39386
Arhgef37,13.02547,,,13.02547
Mpeg1,,,,
Nlrp1b,25.00359,20.42358,18.44306,20.42358
Akap17b,19.12,17.8214,18.50059,18.50059
Zbtb33,20.692,20.6832,20.84598,20.692
Slc9a8,16.91322,20.14532,19.7281,19.7281
Ncoa3,18.8527,15.73762,17.65144,17.65144
Tox2,19.53262,20.37326,18.81725,19.53262
Lpin3,,,,
Gm11568;Krtap9-1;Gm11559;Gm11567,,,,
Gm11565,,,,
Pgap3,22.718,21.76426,21.46094,21.76426
Krtap3-1;Krtap3-2,,,,
Znf385c;Zfp385c,,,,
Kcnh4,,,,
Neurl2,17.6387,19.2663,19.44215,19.2663
Znf335;Zfp335,21.10156,20.72209,19.04102,20.72209
Stau1,20.49326,20.57884,19.41012,20.49326
Smurf2,18.88196,19.40717,17.85294,18.88196
Tanc2,,,,
Gpatch8,21.19893,20.75825,20.78843,20.78843
Lasp1,,,,
Fam104a,,21.41509,25.92531,23.6702
Cdc27,,17.05038,,17.05038
Tmem104,19.70868,18.89146,19.16076,19.16076
Cd300lf,22.22235,22.20108,,22.211715
Rlf,20.67857,21.14805,19.44944,20.67857
Fbxo44,,,,
Zfp691;Znf691,,16.49665,16.30837,16.40251
Ccdc23,23.79104,24.25508,23.15478,23.79104
Kiaa1522,,,,
Zmym1,,,,
Gm12942;Zmym6nb,18.87288,20.14121,,19.507045
Cd300lh;Gm11709,19.91599,23.05848,,21.487235
Epb4.1,,,,
Itgb4,17.97544,21.41028,20.52497,20.52497
Hivep3,,16.11573,,16.11573
Camta1,20.84805,21.16423,20.50378,20.84805
Camta1,,,,
Camta1,,,15.91548,15.91548
Gpr153,,,,
Gm13152,,,,
Gm13248;Gm13139;Gm13251,,17.95782,17.6506,17.80421
C8a,,,,
Cep85,23.06204,22.87435,18.35247,22.87435
,,18.57854,,18.57854
Tbkbp1,,20.19051,20.30017,20.24534
Kctd2,22.21386,21.64803,22.08223,22.08223
Dmd,18.66376,,18.31535,18.489555
Mettl23,21.50843,22.76543,20.05881,21.50843
Jade2,17.72,,,17.72
Sec24a,19.67038,19.37594,19.02851,19.37594
Klhl15,,,,
Arhgap27,,,,
Fmnl1,21.51147,20.86869,20.82042,20.86869
Tbc1d16,24.17691,23.1234,22.92078,23.1234
Axin2,20.26602,19.00566,18.31132,19.00566
Stra13,,,,
Suv39h1,17.73919,,,17.73919
Vstm2l,23.07297,22.64355,,22.85826
Faap100,24.39126,24.80144,24.4508,24.4508
Trim45,,,,
Dhx35,20.9693,21.78321,20.52784,20.9693
Col9a3,17.3569,18.15531,,17.756105
Frmd7,,,,
Mst4;2610018G03Rik,,,,
Pusl1,25.46889,24.88101,24.90399,24.90399
Spen,,,17.25026,17.25026
Slc25a34,,,,
Magt1,23.60975,23.55391,21.73314,23.55391
4932429P05Rik,19.73783,22.0731,22.27702,22.0731
Cyb561d1,,,,
Sypl2,,,,
Ofd1,16.33478,16.62557,,16.480175
Gpm6b,23.54227,23.56442,23.50349,23.54227
Cstf2,,,,
Obp1b;Gm14743,,20.31263,,20.31263
Slc35a2,21.81753,17.77565,,19.79659
Ccdc120,22.10229,22.25194,21.71875,22.10229
Gripap1,,,,
Fhl1,,,,
Slc25a53,18.90557,19.09432,18.42062,18.90557
Tmsb15b1,,,,
Dock11,22.47224,23.12056,20.25753,22.47224
Dock11,17.62442,16.45709,16.9465,16.9465
Mtg2,21.38769,22.29679,20.65255,21.38769
Gemin5,19.01288,18.60588,18.51795,18.60588
Pigo,21.6001,21.22264,21.65377,21.6001
,19.40177,20.26854,19.02443,19.40177
Wdr47,,,21.90757,21.90757
Tesk2,16.69016,,,16.69016
Gm20489;Il2rg,,,15.14263,15.14263
Ryr3,15.64709,15.31476,,15.480925
1700012B07Rik,,,,
Madd,,,,
Madd,,,,
Prdm11,14.69794,15.70288,19.83615,15.70288
Klhl8,20.3978,19.97897,19.71284,19.97897
Kif1b,,,,
Gyltl1b,22.38374,22.5715,22.62905,22.5715
Brwd3,17.85136,17.77847,19.08075,17.85136
Ano3,17.68941,,,17.68941
Gpr64,,,,
Id1,,,,
Grin1,,,,
Grin1,18.92059,18.17655,,18.54857
Cd72,,21.70028,20.64737,21.173825
Fam166b,,,,
Card9,21.00566,24.86036,23.6319,23.6319
Sdccag3,,,17.23771,17.23771
Fubp3,,,,
Tmem141,15.65366,,,15.65366
Bpifb9b,,,,
Rpp38,21.73587,22.20508,21.0482,21.73587
Fggy,19.21992,18.27962,18.92024,18.92024
Tmem67,19.33001,18.93531,20.29412,19.33001
Dpy19l4,20.0099,20.6479,21.01004,20.6479
Pnisr,22.71653,22.09071,21.46204,22.09071
Ralgds,21.89818,22.0714,21.26282,21.89818
Slc30a4,,,,
Gm13695;Gm13697,19.2516,19.0555,15.41452,19.0555
Dcaf10,22.47838,22.70757,18.71719,22.47838
Pxmp4,23.56546,22.98038,23.02234,23.02234
Focad,,,,
Ptplad2,,,,
Mup1;Mup6;Mup15;Mup4;Mup9;Mup8;Mup17;Mup14;Mup7;Mup19;Mup13;Mup11,,,,
Slc35d1,,,,
Atp5c1,22.24043,21.07757,21.03798,21.07757
Atp5c1,,,,
Setx,20.61153,19.52145,19.90987,19.90987
Cntrl,17.35277,14.64909,19.82302,17.35277
Asph,24.81147,24.86093,24.54239,24.81147
Rexo4,15.37307,20.80751,19.65807,19.65807
Dnajc25,21.81405,21.70523,22.18007,21.81405
Cntln,22.17682,,,22.17682
Mllt3,17.62521,,16.7936,17.209405
,,,,
Uck1,,,,
Ap5s1,,,,
Anks6,,16.56285,15.8201,16.191475
Znf711;Zfp711,20.37135,20.32828,19.61651,20.32828
Sptbn5,,,,
Taf9b,,,,
Tfap2c,,,,
Tpx2,17.64336,14.36105,18.89042,17.64336
Zbp1,,18.84319,20.28365,19.56342
Slc1a2,,,,
Nphp1,19.18991,18.86405,18.93678,18.93678
Fmnl2,,,,
Tubb1,23.02872,23.65305,23.30563,23.30563
Fnbp1,,,,
Fnbp1,,,,
Hipk3,,,,
Bcorl1,,10.42899,,10.42899
Epc2,19.90804,19.7318,19.63665,19.7318
Fmnl2,21.68209,22.3026,21.22028,21.68209
Tank,,,,
Itga8,,20.13508,,20.13508
Kynu,21.75589,22.08466,21.34001,21.75589
Lgr4,23.78716,21.77515,23.66936,23.66936
Helz2,18.879,16.02091,18.11507,18.11507
Fbxo18,20.69982,20.48099,21.04667,20.69982
Ankrd16,20.30062,19.80475,,20.052685
Mllt10,,,,
Itpripl1,,15.7462,16.73991,16.243055
Agrn,17.32983,19.30846,20.33963,19.30846
Slc25a25,19.76568,19.54117,18.36577,19.54117
Plcb4,,20.70514,20.32762,20.51638
Lamc3,,,,
Myef2,22.0233,21.70839,19.43697,21.70839
Zbtb34,14.28055,17.9907,,16.135625
Tmem74b,22.36148,22.87341,22.36113,22.36148
Armc3,,16.98437,17.31946,17.151915
Trp53bp1,,,16.57412,16.57412
Bbs5,20.49267,18.52045,,19.50656
Tpd52l2,22.38343,22.14367,21.22028,22.14367
Fbxw2,22.41457,22.73781,21.82648,22.41457
Epb4.1l1,,,,
Cep152,14.61321,,13.69349,14.15335
Pfkfb3,19.45197,19.99189,19.30601,19.45197
Prr5l,,,,
Bcas1,,,,
Sema6d,,,,
Ly75,,,,
Gpr155,22.35687,20.31374,18.74577,20.31374
Atxn7l3,20.75107,20.83407,20.99272,20.83407
Ubtf,,,,
Mlx,,,14.16255,14.16255
Bpifb4,,,,
Lmo2,,,,
Lcn11,,,,
Qser1,15.46314,18.97969,14.64346,15.46314
Mup2;Mup10,,,,
Zxdb,,,,
Rps6ka6,17.61705,17.21779,17.0365,17.21779
Clec10a,22.98696,16.6277,,19.80733
Kalrn,,16.38708,,16.38708
Chst10,22.76876,23.29922,22.63682,22.76876
Arfip1,19.33821,,,19.33821
Dennd3,18.42935,19.54076,18.4917,18.4917
Morn1,,,,
Chd6,21.63812,20.64869,22.00048,21.63812
G6pdx,,,,
Srsf12,24.50616,,22.97946,23.74281
Pm20d2,18.04761,18.96964,19.19253,18.96964
Mpdz,,,,
Tbc1d8b,21.86283,21.19634,20.2573,21.19634
Plcb2,17.8214,21.41349,21.40961,21.40961
Dhdds,22.042,21.76474,20.0794,21.76474
Hmgn2;Gm16494;Gm6594,27.08416,26.90942,26.46,26.90942
Cercam,,,,
Aff1,,,,
Nr3c2,,,,
Glt1d1,18.70927,,,18.70927
Cma1,24.28058,24.47128,24.62756,24.47128
Gbp4,,,,
Ppp1r11,,,,
Phf11,22.59762,22.24873,21.45674,22.24873
Nwd1,18.43323,17.2193,16.81741,17.2193
Nwd1,,,,
Phrf1,21.31529,21.55075,20.6015,21.31529
Gm266,,,,
Tcte1,,,,
Ppp1r12b,,,,
Sac3d1,24.25184,23.5335,20.93135,23.5335
Mmrn2,,,,
Ttc23l,21.20252,21.37013,19.60977,21.20252
Dennd4c,,,,
Kcnb2,17.07159,19.11034,18.21585,18.21585
Mapk8,19.30492,,19.60652,19.45572
Lepre1,25.13641,25.30744,16.25333,25.13641
Atrx,,,,
Usp43,22.20222,22.48249,21.78501,22.20222
Wdr76,,,25.62628,25.62628
Itih4,,,,
Fermt2,,,15.58467,15.58467
Aldoart1,,,,
Slc4a4,,,,
Hbz;Hba-x,22.20654,24.74067,23.7167,23.7167
Rnls,19.07522,,,19.07522
Gm8909,,,,
Rbbp4,,,,
Lsm10,,,,
Map7d1,,,,
Mgl2,,18.46826,,18.46826
Eno1,,,,
Slc45a1,21.35536,20.92723,20.88308,20.92723
Tmc8,21.87815,21.71041,22.1187,21.87815
Syngr2;Gm20708,23.38509,,23.9004,23.642745
Myt1,18.37967,19.75667,,19.06817
Scai,25.17782,24.28207,25.00002,25.00002
Sh3kbp1,,,,
Dmxl2,,,,
Zfp472,,,,
Atp7b,,,,
Krt36,,,,
Krtap4-9,,,,
Usp36,19.20877,19.16938,18.99637,19.16938
2015-09-08 00:00:00,,,,
Mllt6,,,,
Dlg4,,,,
Dnah9,18.75913,17.72201,17.80725,17.80725
Bcas3,,,,
Pecam1,,,,
Slfn9,16.42679,,13.47142,14.949105
Slfn8,21.6417,16.02618,17.8831,17.8831
Ssbp3,,,,
Zfp362,20.84805,21.86522,21.73347,21.73347
Ube2j2,20.58288,22.04437,20.98982,20.98982
Rasgef1c,,,,
Dus1l,15.96276,18.98426,17.58255,17.58255
Clcn5,21.46204,20.25937,21.53811,21.46204
Actg1,,,,
Adra1b,,,,
Mospd2,21.24673,17.57696,20.09133,20.09133
Nasp,,,,
Nfia,,,,
Ski,19.80426,20.58077,20.13157,20.13157
Ptpru,,,,
Cask,22.6098,,22.81962,22.71471
Mms22l,,,,
Mid1,20.54915,18.30675,20.05616,20.05616
Yipf6,23.11232,22.28314,22.25566,22.28314
Scml2,,,,
Mid2,,,,
Tbc1d2,14.96312,19.79842,15.35201,15.35201
Col4a6,,,,
5430402E10Rik;Gm14744,,,,
Kif16b,19.51728,22.21143,15.50566,19.51728
Pde4b,,,,
Tmem8b,20.88837,20.92013,19.16057,20.88837
Zfp462,22.78379,22.19147,21.19827,22.19147
Zfp462,,,,
Zfp462,,,16.77533,16.77533
Zcchc7,,18.0366,,18.0366
Akirin2,20.70312,20.18773,19.82679,20.18773
Runx1t1,22.50637,22.22223,20.89238,22.22223
Enthd2,19.73541,20.417,17.81685,19.73541
Nfx1,19.01411,20.47843,19.39559,19.39559
Plxdc2,,,,
Scn9a,17.89989,17.35724,17.62478,17.62478
Scn7a,20.54038,19.75734,,20.14886
Cobll1,,,,
Chmp6,,,,
Klhl4,19.94935,19.7719,16.25709,19.7719
Zrsr2,20.31959,19.31161,19.72657,19.72657
Oxr1,,,,
Triqk,,,,
Stat5a,,15.66661,,15.66661
Efhc1,,,,
Brpf3,,13.32811,,13.32811
Kctd20,20.58141,19.93474,19.78564,19.93474
Bcat1,,,,
Sox5,,,,
Sox5,20.23152,22.52413,21.00703,21.00703
Serinc2,21.89774,23.2165,21.38995,21.89774
Cpsf4,,,,
Cpsf4,,,,
Trpc1,20.90874,20.76093,18.81325,20.76093
Mdm1,,,,
Zbtb32,,,,
Usp42,17.12757,16.50883,,16.8182
Dip2b,21.61153,20.68423,20.74878,20.74878
Arhgap42,18.94381,,17.8734,18.408605
Ece2,,,,
Strn3,21.61167,21.53507,21.69226,21.61167
Slc6a5,,,,
Zfp236,,,,
Brpf1,19.12916,18.85453,21.12351,19.12916
Znf518b;Zfp518b,18.08374,17.50766,18.1016,18.08374
Jrkl,,,,
Rrn3,19.82779,19.45577,19.1631,19.45577
Zfc3h1,21.23415,19.40906,19.10336,19.40906
Slc22a28;Slc22a30;Slc22a29,,,,
Tmem158,23.03113,22.71119,22.18662,22.71119
Prdm8,21.11318,21.07509,19.60223,21.07509
Ybx2,20.37486,,19.99424,20.18455
Unc13d,,,18.61007,18.61007
Trpm3,,,,
Gm5741,,,,
Zcchc24,,,,
Tagap,,,,
Abcc3,21.9556,21.81363,20.88867,21.81363
Zscan25,22.55492,22.41627,21.59473,22.41627
Ppp2r3a,17.61633,24.01018,22.31551,22.31551
Slc9a5,,,,
Sec14l5,,17.92213,17.81616,17.869145
Setdb2,,,,
Flvcr1,18.03128,21.30969,21.01304,21.01304
Armc4,19.37694,18.96127,19.08291,19.08291
Wdr63,,,,
Pfkfb2,,,,
Phf11b,,,,
Nfatc1,17.23939,,16.66011,16.94975
Mgam,,,,
Ncoa5,,17.62235,17.83294,17.727645
2015-09-08 00:00:00,,,,
Tnrc6c,17.7264,17.48668,,17.60654
Stx16,,,,
Bpifa2,21.93618,19.70573,,20.820955
Tcea2,,,,
Abi1,20.51778,19.50331,19.7031,19.7031
Mlip,,,,
Dip2c,13.46608,17.59696,17.69839,17.59696
Tmprss5,,,16.99656,16.99656
Col14a1,19.93229,21.93844,17.62399,19.93229
Tatdn2,19.84282,20.38406,20.34863,20.34863
Cbfa2t3,,,,
Lst1,,,,
Cep57,,,,
Crebrf,,,,
Gm20547;Cfb,18.55262,19.53245,18.29701,18.55262
Zfp81,21.00731,20.18204,20.87027,20.87027
Hnrnpm,,18.48259,18.38659,18.43459
Itga9,20.66891,20.14457,,20.40674
Amotl2,,,,
Mettl20,,,,
Amn1,,23.15419,19.79398,21.474085
Zmat3,21.03046,21.90544,21.66358,21.66358
Dcp1b,21.76511,22.00463,21.49106,21.76511
Pms2,24.0231,23.38667,18.80259,23.38667
Vwa7,,,,
Tmem229a,20.34765,17.7407,19.51982,19.51982
S100z,,,,
Heatr2,21.22941,21.80164,20.94221,21.22941
Nhs,19.23444,,,19.23444
Taf2,21.76203,19.96916,21.25298,21.25298
Krtap21-1,,,,
Tnik,,,,
Nlrc5,,,17.92978,17.92978
Thap1,,,,
Gimap4,,,,
Mbd3,,,,
Zzz3,,,,
Fzr1,21.78009,21.97736,21.62422,21.78009
Dhx34,19.20993,21.17475,18.23426,19.20993
Ric3,,,,
Celf6,24.02437,25.10641,24.87895,24.87895
Ncln,,,,
Asb10,,,,
Chpt1,,,,
Atp13a5,,,,
Fbxw7,19.60868,19.94249,19.41111,19.60868
Btbd8,,,,
1700026D08Rik,,,,
Msrb3,,,,
Mcf2l,18.72823,18.26508,,18.496655
Arhgap20,20.51229,20.91466,20.4868,20.51229
Inpp4a,19.17331,21.23058,,20.201945
Gm4950,,,17.60769,17.60769
Dgcr6,,17.26398,,17.26398
Tnni1,,,,
Rundc3b,,,,
Dpysl3,,,,
Mdfi,,,,
Ccdc13,,,,
Nell1,,,,
Chrdl2,,,,
Cops4,,,,
Cystm1,,24.92994,23.31479,24.122365
Kdm2b,20.59414,20.74345,19.64262,20.59414
Golim4,22.84265,23.39506,23.17484,23.17484
Trim56,,,,
Zfp963;Gm20422,,,,
2015-03-01 00:00:00,20.32036,20.9869,20.22553,20.32036
Dscc1;DSCC1,,18.25769,,18.25769
Ttll5,,11.85452,,11.85452
Tada2b,22.90354,21.97799,22.01601,22.01601
Capns1,20.56811,,,20.56811
Spsb3,,,,
Rps6kb2,22.50455,21.54985,21.92325,21.92325
Nell1,19.88338,19.44176,18.94298,19.44176
Mn1,,18.58435,,18.58435
Aldoa,,,,
Radil,21.2383,19.70624,20.7936,20.7936
Dgki,,,,
Blnk,19.55272,20.22729,20.45734,20.22729
Dlg2,21.06224,21.30408,,21.18316
Rasal2,,,17.97662,17.97662
Vsig10,,,,
Tm6sf1,,,,
Fanci,14.28569,14.66261,17.86266,14.66261
Skor1,,,,
Adamts17,21.86442,20.98405,19.11454,20.98405
Clec12a,,,,
Samd1,20.48168,20.32586,19.12434,20.32586
Ccdc170,,,,
Atp8b2,14.98611,15.34544,,15.165775
Polr3gl,,,,
Hyal1,21.78481,22.73117,20.80931,21.78481
Llph,17.33289,20.41152,19.01552,19.01552
Unc50,24.42182,23.53112,23.67573,23.67573
Slc35a3,,,,
Lonrf1,,,,
Ica;1300017J02Rik,,,,
Repin1,,,,
Lrr1,20.33451,19.79897,,20.06674
Disc1,18.02977,,17.58886,17.809315
Olfm4,,,,
Prdm10,21.86707,20.76644,20.8723,20.8723
Fam111a,,,,
Pex5l,,,,
Pex5l,,,,
Gm7293,,,,
Bcl7b,,,,
Iqck,,,,
Naa60,,,,
Smim14,22.77076,25.06431,23.67691,23.67691
Asic4,18.9764,,20.36826,19.67233
Obsl1,20.09648,21.7094,20.98787,20.98787
Znf32;Zfp637,19.70364,20.58344,,20.14354
Gm5239,16.34068,,18.51256,17.42662
Nfix,,,,
D430041D05Rik,14.02436,14.47915,13.20191,14.02436
Znhit1,,,22.09058,22.09058
Ucp2,,,,
Unc45a,,,,
Tarbp2,23.02335,22.61009,22.14697,22.61009
Shank1,,,,
Shank1,,,,
Shc1,,20.56542,,20.56542
Lrrc16a,,,,
Sorbs2,,,,
Zc3h3;Gm7353,,,,
Aldh16a1,,,,
Trim59,16.07596,19.35184,18.16315,18.16315
Rsbn1l,20.97176,21.14158,20.84827,20.97176
Slc36a4,22.61248,22.72841,22.21128,22.61248
Actn4,,,22.12969,22.12969
1700009P17Rik,,,,
Tmem200b,,,,
Tgif1,,,,
Tpmt,,,,
Add1,,,,
Samsn1,20.35488,,14.72083,17.537855
Abcg3,,,,
Gm5069,,,,
Tmub1,25.08881,24.52856,24.99088,24.99088
Sec22c,,,18.81434,18.81434
Lgals7,,,,
Foxp2,,,,
Gm5519,,,,
Paqr3,,,,
Gm9847;Socs2,20.36848,19.87602,19.90547,19.90547
Gprin2,20.58141,23.20042,21.97102,21.97102
Mospd3,18.40133,21.07437,22.25595,21.07437
Cd209f,,,17.1336,17.1336
Trpv4,,,17.08825,17.08825
Git2,,18.98885,,18.98885
Ttc18,17.257,,,17.257
Mlec,,,,
Rnf10,21.47675,21.54764,21.45,21.47675
Gnb2,,,,
Cit,,,,
Nfu1,25.82119,25.79546,24.92551,25.79546
Shisa5,,,,
AI607873,18.58948,15.05676,,16.82312
Calhm2,,,,
Pard6a,22.38853,21.87328,21.66609,21.87328
Crem,,,24.80528,24.80528
Tnfaip8,,,,
Whsc1,,18.1996,,18.1996
Ino80e,,23.47098,20.13684,21.80391
Paip1,22.49902,21.81866,22.21632,22.21632
Clip1,,,,
Gm15440,,,,
2015-09-01 00:00:00,,,,
Bcl7c,,,,
Pira2,,,,
Lphn3,15.71304,16.11462,16.49004,16.11462
Sh2b3,,,,
Sh3bgr,,,,
Vat1l,,,,
Serpina3i,,,,
Ms4a15,,,,
Farp2,,,,
Celf5,24.61543,24.29446,23.381,24.29446
Rufy2,19.82611,19.2519,20.08434,19.82611
Il4i1,,,,
Tnfaip2,16.12533,,17.50758,16.816455
Prpf40b,,,,
Nkx6-2,,,,
Uox,,,,
Dlgap1,,,,
Eva1a,,,,
Dnase2;Dnase2a,,,,
Sgce,,,,
Kcnt2,19.87968,21.29547,12.81988,19.87968
Ltbp4,,,,
Ces1b,,,,
Rbm33,21.35864,21.38137,21.40671,21.38137
Plekhg2,19.39167,,17.44992,18.420795
Zfp740,,,,
Ighmbp2,21.68196,22.02709,21.61396,21.68196
Cpeb3,,,,
Fam124a,25.72174,25.82944,24.49954,25.72174
Gm15446;Zfp932,19.91614,20.64421,20.13684,20.13684
Mylk3,,,,
Iffo1,,,,
Tpd52,19.80922,20.49111,18.79921,19.80922
Gemin7,20.89519,21.30608,18.37467,20.89519
Adamtsl5,,,,
Dctn6,,,,
Dlgap1,,,,
Amd1;Amd2,20.53886,20.78469,20.49414,20.53886
Ctse,21.96162,22.42109,,22.191355
Iqsec2,,,,
Arhgdig,,19.74404,18.92709,19.335565
Gxylt1,21.12338,20.58334,20.14619,20.58334
Foxp4,19.26144,19.94292,19.65812,19.65812
Eif4e2,,,20.51152,20.51152
Boc,18.81143,18.87367,,18.84255
Mamld1,17.3075,,,17.3075
Lin37,,,,
Kiaa1524;C330027C09Rik,17.74787,19.24244,18.33272,18.33272
Eps8,,,,
Gsg1l,,,,
Paqr7,18.61953,19.09218,,18.855855
Igf1,,,,
Gls,22.12455,21.6853,21.26751,21.6853
Rad51,23.47988,21.38485,22.34085,22.34085
Slc16a11,,,,
Asxl2,,,,
Casp2,20.92687,20.20812,19.61321,20.20812
Pex11b,,,,
Mia;Gm21983,,,,
Manba,,,,
Wdr83,21.59277,22.00148,20.79186,21.59277
Ddhd1,,,,
Tmem50b,,,,
Dgkz,24.47686,24.46619,,24.471525
Iqsec3,,,,
Dirc2,23.24926,22.98765,23.77716,23.24926
Pttg1,,,,
Tmbim4,22.88202,23.34652,23.22631,23.22631
Flywch2,,,,
Ttc39b,,,,
Phkb,,,,
Psma3,,,,
Tmbim6,25.11989,23.45789,25.07419,25.07419
Ctnna2,24.22406,24.57196,23.35138,24.22406
Gm28043,,,,
Pcdh1,,,,
Eif2s2,,,,
Lypd1,,23.26198,,23.26198
Dnm3,19.43815,,18.65979,19.04897
Tmem167a;Tmem167,24.88893,25.37845,22.67101,24.88893
Pole4,,,,
Kctd17,21.6894,21.2972,20.85483,21.2972
Spef2,,,,
Filip1l,14.84769,19.90101,15.71269,15.71269
Desi2,23.05613,22.60668,22.26777,22.60668
Atrip,14.60241,13.64453,14.54061,14.54061
Vwa5b2,,,,
Kctd18,19.89944,20.66622,21.21815,20.66622
Nrxn1,,,,
Foxp1,,,19.2267,19.2267
Urb1,22.35958,22.50055,21.77109,22.35958
Kifc5b,15.53223,15.7711,17.24841,15.7711
Kctd9,21.19832,21.53678,21.45894,21.45894
Bri3,22.09526,,,22.09526
Fbrsl1,21.69893,21.66887,21.46787,21.66887
Zscan18,25.44228,25.66506,25.67069,25.66506
Ece2,16.14255,17.14011,20.85719,17.14011
Rbm26,,,,
Crls1,,20.682,21.2535,20.96775
Fnbp1l,,,,
Mycbp2,18.00146,18.25142,16.77172,18.00146
Cml1,,,,
Nrxn2,,,21.2287,21.2287
Ror2,19.83022,19.15887,17.51868,19.15887
Syde2,18.67242,,,18.67242
Btbd2,21.31689,,19.17319,20.24504
3110052M02Rik,18.43119,19.06705,,18.74912
Smim19,24.38936,21.84349,,23.116425
Fcgr3,,,,
Sox6,,18.35384,16.11093,17.232385
Mrps12,23.62366,24.67831,23.73397,23.73397
Pdzrn4,,,18.54815,18.54815
Fga,12.18134,,,12.18134
I830012O16Rik,,,,
Trim5,,,,
Ttc17,22.10098,21.65316,21.6413,21.65316
Akap13,18.71069,,,18.71069
Adcyap1r1,,,,
Gm9008;Rnf26,19.65762,,,19.65762
Map4k4,21.83792,,,21.83792
Aim1,18.54691,18.16212,17.91637,18.16212
Spats2l,21.97554,22.93812,21.35665,21.97554
Immt,,,,
Mki67,21.55609,20.57089,20.74698,20.74698
Trmt1,,,,
Tcf3,,,16.04371,16.04371
Myl1,25.95945,25.9691,25.66313,25.95945
Ncapg,22.31976,23.08195,21.1218,22.31976
Lmo3,21.39446,,,21.39446
Trim30d,,,,
4931408C20Rik,12.82241,12.30115,13.66156,12.82241
Evi5,,,,
BC052040,,,,
Adamtsl1,,,17.03896,17.03896
Zc3h7a,21.73446,21.54849,21.84311,21.73446
Mcph1,,,,
Krtap27-1,,,,
Kif6,,,,
Samd9l,20.8783,15.841,16.67576,16.67576
Hdac7,20.79994,18.47017,22.97493,20.79994
Nedd4l,21.71666,21.73335,22.02891,21.73335
Srp54c,,,19.95816,19.95816
Gm14446,,,16.90701,16.90701
Dlg4,,,,
Fam222b,,19.5031,,19.5031
Rab40c,24.55426,24.22413,22.73537,24.22413
Cul4b,,,,
Lcorl,,,,
Itga10,,,,
Tstd1,,,,
Erg,21.00895,,21.81726,21.413105
Erich1,,19.2215,,19.2215
Cntnap3,20.81621,21.10354,20.24144,20.81621
Ctage5,,,,
Lmo7,,,,
Pitpnm2,,,,
Ces1a,23.65392,24.69205,24.76253,24.69205
,20.27048,19.49088,20.71255,20.27048
Rsph10b,,19.45135,19.16842,19.309885
Chd5,15.32182,,15.82878,15.5753
Rnf168,18.35582,17.8388,18.11314,18.11314
Mark2,,,,
Wdr78,23.30911,,,23.30911
Trim34a,19.75944,17.83195,14.38707,17.83195
Zfp651,20.6971,20.94642,19.88931,20.6971
Rbms1,25.03091,26.77128,25.81091,25.81091
Brd1,20.1432,21.03355,20.68475,20.68475
Mitf,17.21712,17.60023,19.46734,17.60023
Tead1,20.20705,20.26717,19.76103,20.20705
Gm5093,17.36939,16.70482,,17.037105
Anp32e,,,,
Katna1,,,,
Irf9,,20.21122,17.35595,18.783585
Ndst3,22.03046,,,22.03046
Trim66,17.56443,,18.60005,18.08224
Papola,,,,
Gm4782,18.86185,,18.2091,18.535475
Fam196a,15.72361,14.81112,,15.267365
Myo9b,,,,
E2f5,18.05415,,,18.05415
Gm8730;Rplp0,26.64924,26.50705,26.28829,26.50705
Habp2,24.32732,23.9943,23.68228,23.9943
Arhgef11,,,,
Oxr1,,,,
,,,,
Hsp90ab1,,,,
Fuz,,,,
Neu2,,,,
Mx1,24.96825,24.71586,23.93903,24.71586
Samhd1,16.26092,,,16.26092
Araf,20.16276,21.52784,,20.8453
Pde7b,,,,
Anapc15,,,,
Abhd14a,21.03624,21.25286,21.15116,21.15116
Slc6a8,24.05225,18.63955,23.83036,23.83036
Fcf1,20.68859,22.53196,21.90984,21.90984
Hbp1,17.20734,19.25564,18.19969,18.19969
Sgk1,,,,
Ltbp2,,,,
Pdzd2,,16.88608,13.76715,15.326615
Rbak,14.4283,13.97969,,14.203995
Khk,19.82989,20.48148,,20.155685
Lrp3,23.63821,23.43873,24.26435,23.63821
Cpne5,,,,
4732456N10Rik,,18.84834,,18.84834
Gm14548,,,,
Dennd1b,15.93985,18.35582,20.813,18.35582
Ice1,16.1332,,17.50866,16.82093
Acbd4,,,,
Hrh3,,,,
Ncor1,,,,
Inpp4b,,,,
Rapgef3,,18.70742,18.00289,18.355155
Krtap11-1,,,,
Tanc2,22.11791,23.0496,23.78277,23.0496
Dlg2,,,,
Zfp867,19.58764,19.66518,19.28638,19.58764
Brwd1,17.12797,17.98437,16.78647,17.12797
Ulk4,,16.2303,,16.2303
Zfp266,20.44819,20.40447,20.09648,20.40447
Cecr2,,,,
Baz2a,18.30657,17.3099,21.65023,18.30657
Cd1d1,,,,
Cdh19,21.65115,15.2957,,18.473425
Pogk,,19.62257,19.63773,19.63015
Peg10,19.61144,18.70408,20.15882,19.61144
Apopt1,22.19063,21.92419,21.62952,21.92419
Spata13,21.82862,21.2596,21.60177,21.60177
Itsn1,,,13.27132,13.27132
Myo6,21.34933,20.88844,20.29289,20.88844
Zfp169,,,23.23374,23.23374
Gm10073,22.04677,23.07607,,22.56142
Kif14,15.46461,18.48782,16.98571,16.98571
Mvp,18.42874,,,18.42874
Dlg4,,,,
Apob,21.3399,18.68428,17.02724,18.68428
Klra2,,,,
Tpm1,,,,
Tpm1,,23.18389,,23.18389
Zfp160,,18.51005,23.77505,21.14255
Akap13,20.15178,20.74246,19.15477,20.15178
Tfb2m;Gm1818,20.41978,20.39163,19.83569,20.39163
Sncaip,17.00536,19.44451,16.41662,17.00536
Dennd2c,,,,
Klhl18,22.06454,21.42614,21.6313,21.6313
Tmem44,,19.78746,19.92548,19.85647
Fam102b,23.02086,23.69424,23.11612,23.11612
Nin,23.56813,23.71146,22.3444,23.56813
Arhgap19,,,,
Ccdc71l,22.05321,,21.93826,21.995735
Eps8l1,,,,
Acacb,17.98588,18.39983,20.5574,18.39983
C2cd3,17.47556,17.15798,16.01611,17.15798
Uimc1,21.11858,20.8511,20.76822,20.8511
Hnrnpd,,,,
Actb,,,,
Pcdhb9,21.74078,22.50455,22.04019,22.04019
Kif23,20.0125,18.54299,19.57156,19.57156
Zfp820,,,,
Eng,19.06844,,,19.06844
Tpm3,,,,
Cyp2c44,,,,
Glyatl3,,24.99882,24.65349,24.826155
Clk2,22.44892,22.07731,21.14656,22.07731
Reps1,,,,
Sema3a,21.51085,22.1029,20.61764,21.51085
Camk1g,19.4157,15.65846,18.9241,18.9241
Robo2,,,,
Prdm15,19.36472,18.19571,18.79817,18.79817
Bptf,18.37547,18.03993,18.38776,18.37547
C1s1,,,,
Ttll7,17.79189,18.50312,,18.147505
C6,16.60945,,,16.60945
Simc1,19.12795,18.76652,19.14753,19.12795
Il1rap,,,,
Tmem40,,,,
Pibf1,15.42407,,,15.42407
Btbd10,23.12106,22.68509,22.24664,22.68509
Lilra6,,,,
Rap1gds1,18.96677,21.18229,,20.07453
Zfp597,,,,
Mapre2,23.54321,23.2727,23.92497,23.54321
Cul5,,,,
Tmem194a;Tmem194,21.34061,20.74082,18.76108,20.74082
Pou2f1,,,,
Plod2,20.3581,19.67735,20.0961,20.0961
1700030K09Rik,21.01638,,,21.01638
G2e3,,,,
Prr14l,,18.50001,17.90425,18.20213
Rnf169,,,,
Bahcc1,,,,
Mettl17,22.11118,22.49197,21.912,22.11118
Gal3st4,19.98621,21.98277,,20.98449
Dnah11,17.25571,19.34019,18.31575,18.31575
Cacna1i,13.26427,16.56775,,14.91601
Rhpn1,,,,
Wdr96,,,,
Synj1,,,,
Zfp106;Znf106,18.93759,19.28627,17.80177,18.93759
Heg1,,15.50463,17.93664,16.720635
Foxm1,20.47803,18.24047,,19.35925
,,18.5962,19.80529,19.200745
Immt,,,,
Serhl,,,,
Zfp108,18.76649,,19.06055,18.91352
Nfxl1,22.1602,21.98322,21.24028,21.98322
Zfp358,21.88577,20.72775,17.84384,20.72775
Rgl1,20.48168,22.58845,19.56521,20.48168
Clasp2,20.67754,,,20.67754
Pdlim5,,,,
Zbtb10,15.84144,20.31893,,18.080185
Smim13,27.95199,27.77134,27.59442,27.77134
Cpeb2,,,,
Trim12c,,16.91823,17.6701,17.294165
Tcf7l2,,,,
Snap91,19.4187,,,19.4187
Oas2,,,,
Ablim1,,,,
Ablim1,,,,
Cd84,,,,
Kcnq5,21.28574,22.27088,20.71842,21.28574
Edrf1,20.06684,20.39467,19.47076,20.06684
Kif1a,,,,
Cep290,21.81581,21.41926,21.39,21.41926
Pwwp2b,,,,
Ino80d,24.5122,20.05999,18.19412,20.05999
Ddx55,21.70345,21.51234,21.13984,21.51234
Ccdc74a,21.11235,21.43644,18.83238,21.11235
Ms4a7,,,,
Rxrg,17.42669,16.51191,17.03338,17.03338
Slc27a6,19.74644,22.85937,22.17381,22.17381
Ncor1,,,,
Tacc2,18.29064,18.70873,16.42331,18.29064
Inpp4a,,,,
Ccdc93,,,,
Nckap5,18.86538,17.2905,,18.07794
Rad51d,17.692,16.69629,,17.194145
Golgb1,,,,
Arhgap17,,18.28306,,18.28306
Pik3c2b,21.70978,21.83314,21.3257,21.70978
Ifi203,,,,
Taf4a,20.17536,17.07211,19.3472,19.3472
Oprm1,,,,
Naf1,20.57478,19.79163,19.61849,19.79163
Sft2d3,,,,
Papd5,19.82893,19.79022,20.3444,19.82893
Sh3bp2,,,,
Ablim1,,,17.07043,17.07043
Mpz,,,,
Mdc1,21.42363,20.28715,20.87162,20.87162
Cux1,18.51661,17.51515,18.63392,18.51661
Katna1,21.28506,20.95511,20.77644,20.95511
Cenpe,,,13.05452,13.05452
Rad54l2,20.30251,20.16411,19.91669,20.16411
Knop1,,,,
Enah,,,,
Ttc23,19.02923,,17.81722,18.423225
Fgd5,17.0295,17.27912,17.31823,17.27912
Nupl2,18.94829,19.61031,19.71719,19.61031
Nalcn,,,,
Trim9,20.15462,,20.20538,20.18
D8Ertd82e,,18.46706,18.58773,18.527395
Med13l,20.82772,20.33789,20.64957,20.64957
Trim39,20.02378,19.85808,20.86318,20.02378
Rnaseh1,,,,
Pde3b,21.82349,22.63735,22.56892,22.56892
Rab29,21.87901,23.09031,,22.48466
Igf2,,,,
Enah,,,,
Bak1,21.50644,23.0193,21.01801,21.50644
Ube2ql1,,,,
Zfhx3,15.61137,17.80278,15.90846,15.90846
Nsl1,,,,
Osgep,,,,
Apobec3,19.77539,,,19.77539
Ikbip,,14.77777,15.56947,15.17362
Dock9,,15.64106,,15.64106
Kif7,18.91759,,,18.91759
Shroom3,17.2336,,19.18959,18.211595
Srgap3,,,,
Lhx6,,,,
Pcnxl4,19.58397,17.62071,18.60758,18.60758
Setd8,,,,
Lrrcc1,16.08655,16.34691,,16.21673
Pi16,,,,
Sult1a1,,,,
Macf1,18.89217,18.71652,17.97807,18.71652
Hrnr,16.86846,18.70364,,17.78605
Myl10,,,,
Cic,,,,
Gadl1,,,,
Apoc3,,,,
Tmem132c,,,,
Med16,22.79911,21.9518,22.88675,22.79911
Kiaa1432;C030046E11Rik,21.26934,21.26619,21.4866,21.26934
Cct6a,,,,
Wdhd1,21.3783,19.71337,21.49082,21.3783
Znf664;Zfp664,,,,
Kiaa0232;D5Ertd579e,,,16.29519,16.29519
Cgref1,21.11439,21.84571,21.73678,21.73678
Atr,19.09936,17.48133,18.26696,18.26696
Ccdc106,18.72364,21.61576,19.42337,19.42337
Peli2,20.88859,21.16895,20.48306,20.88859
Mrpl48,,,,
Dscaml1,19.61721,17.91754,19.30345,19.30345
Zcchc9,18.75525,,,18.75525
Eif2ak3,19.98468,20.2227,19.34798,19.98468
Prx,19.02953,18.67666,18.58277,18.67666
Sorcs1,,,,
Tcf7l2,,,18.62607,18.62607
Setbp1,17.30394,16.87867,,17.091305
Chodl,,,,
Serpina3g,,,,
Vma21,,,,
Herc6,25.27149,23.55848,23.30229,23.55848
Raph1,18.92781,19.38349,19.20567,19.20567
Usf2,23.72036,23.75888,24.23133,23.75888
Klhl5,,,,
Jmjd8,21.47368,22.21312,22.3374,22.21312
Macf1,19.50829,19.29578,18.70266,19.29578
Mthfs,,,,
Rps6ka1,,,,
Ubr3,19.12472,19.22046,18.62064,19.12472
Nap1;5830415F09Rik,,17.95106,,17.95106
BC007180,,,,
Zcchc10,,,25.75865,25.75865
Plec,,,,
Nr4a3,20.90338,20.98676,20.88569,20.90338
Slc35a1,,,,
Ep400,,,,
Gm340,,,,
Ndfip2,23.32828,23.87211,23.42573,23.42573
Ankhd1,,,,
Ppp2r2d,,,,
Atraid,,21.73173,21.94535,21.83854
Galntl6,18.45687,18.36875,,18.41281
Pik3ip1,22.16815,21.97067,,22.06941
3010026O09Rik,17.15956,,20.20144,18.6805
Sik3,,,,
Pdcd2l,,20.48689,,20.48689
Ncor2,19.21174,,17.50269,18.357215
Mycbp2,,,,
Sf1,17.53344,18.30781,16.93076,17.53344
H2-T22;H2-T10;Gm11127,,,,
Fbxo11,,,,
Mtmr1,19.57825,,,19.57825
Lmo7,,,,
Cript,,,,
Ighg2c,,,,
Maml2,,,,
Atxn2,18.24465,,,18.24465
Mfsd6,,,20.7021,20.7021
Rreb1,,,,
Kcnq2,,,,
Col20a1,22.06207,,17.86617,19.96412
4933403O08Rik,,,,
Maml1,16.26638,22.29516,22.61259,22.29516
Klc1,,,,
Atg2a,,,,
Atf6,,,,
Mus81,16.43018,,,16.43018
Bcas3,,,,
Sgip1,,,,
Hnrnpdl,,,,
Lgals3bp,,20.45714,19.08364,19.77039
C030048H21Rik,,,,
Chd8,,,21.8321,21.8321
Ighe,,,,
Dnm1,,,,
Pvrl4,,,,
Gstm1,,,,
Lphn3,17.28292,,,17.28292
Git2,19.1696,19.00405,19.35419,19.1696
Epha10,,,,
Macf1,,,,
Synj1,,,,
E030010N08Rik,,,,
Zfp827,,,,
Ppp1r12c,,,,
Gm21970,,17.67066,,17.67066
Impdh1,,,,
Ppp1r35,,21.99845,29.79445,25.89645
Tbp;Tbpl2,19.32586,19.32509,18.22256,19.32509
Srebf1,,,,
Nrxn2,21.61966,21.45899,22.10197,21.61966
Ptprf,19.99852,19.86384,18.76289,19.86384
Vstm2a,,,,
Ctsd,,,,
Macf1,,,,
Dzip3,22.37629,17.84291,21.69,21.69
Strn,,,,
Senp6,19.09684,19.49523,19.13441,19.13441
Wiz,,,20.08797,20.08797
Myo18a,,,,
Tnrc6a,20.45714,18.08654,18.3803,18.3803
Numa1,18.26838,19.81315,,19.040765
Mtdh,,19.33162,,19.33162
Slc1a2,,,,
Dync1h1,,,,
Atp2b4,,,,
Zfp433,23.57288,23.09997,22.35375,23.09997
Phrf1,17.45266,17.11929,,17.285975
Nkain4,,,,
Slc45a4,18.36786,17.10922,15.6865,17.10922
Mier3,20.42562,,18.78363,19.604625
Morc3,23.38706,22.91993,22.92171,22.92171
Tspan15,18.80669,17.70516,15.31107,17.70516
Glud1,,,,
Ahnak2,,,,
Plaa,,,,
Mtss1l,,,,
Atp5o,,,,
Slain1,22.14532,21.85453,17.55734,21.85453
Rfxap,,,,
Wdr26,,,,
Rfx7,,,13.56605,13.56605
Hivep1,17.20189,16.18313,13.24812,16.18313
Lmod1,18.35294,,21.74804,20.05049
Fbxw9,24.81958,25.27909,24.88707,24.88707
Taf5,22.02154,21.32548,21.59623,21.59623
Ercc6,20.03497,20.37677,18.60603,20.03497
Gltscr1,17.62107,17.88947,16.62728,17.62107
Ltbp3,15.93933,15.43411,15.8357,15.8357
Iqgap3,17.05325,10.37101,17.46858,17.05325
Krtap19-5,,,,
Map3k1,18.61594,18.66899,17.99026,18.61594
Npas3,21.75951,21.72092,21.44678,21.72092
Npcd,21.35364,20.37156,20.39665,20.39665
Kif21b,18.08892,17.94781,20.39467,18.08892
H2-T24,17.9138,18.50936,18.04035,18.04035
Trpc2,,,,
Nek3,20.54038,19.07025,19.41468,19.41468
Slc35b3,,,,
Abca8a,19.13024,21.16552,19.87093,19.87093
Phf21b,,,,
Stxbp2,,,,
Igfbp7,,,,
C1qtnf5,24.53588,24.65845,18.60422,24.53588
Stag1,,,,
Ecm1,,18.0442,18.59874,18.32147
Bclaf1,18.50378,18.75942,19.1613,18.75942
Kmt2c,13.77602,14.90835,14.09135,14.09135
Ak7,18.58244,13.23761,,15.910025
Spp1,18.98262,18.08244,18.59827,18.59827
Itih1,19.41545,18.59288,15.7406,18.59288
Kmt2b,18.5442,18.37873,17.76617,18.37873
Cdc45,,,,
2015-03-03 00:00:00,20.84353,,20.22647,20.535
Mex3b,17.39933,,19.60805,18.50369
Samhd1,,,,
Cd300lb,,,,
Elk3,,,,
Nol4,,,,
Cdadc1,19.79804,20.414,,20.10602
Mcc,,,,
Zbtb25,,,,
A230065H16Rik,,,,
,,,,
Susd5,,17.51753,,17.51753
Insc,,18.89386,18.37067,18.632265
Cyp4f17,,,,
Myh2,,,,
Tonsl,18.71035,16.48445,18.85562,18.71035
Erh,20.69592,,18.77285,19.734385
Gm17455,,,,
Znf423;Zfp423,,,,
Trps1,,,,
Tmem255b,,,,
Naalad2,16.33134,,16.79601,16.563675
Runx1,19.12371,17.69486,,18.409285
Bdh2,,23.78856,,23.78856
A330050F15Rik,,,,
Fam168b,24.76071,24.19761,,24.47916
Sumo3,25.4829,,25.41393,25.448415
Icam2,21.71523,22.29033,,22.00278
Ppp2r1a,,,,
Abl2,,,,
Map2,,,,
Baz1a,17.77146,17.53085,15.28331,17.53085
Smarca4,19.22055,19.16207,18.86248,19.16207
Adamtsl3,16.15415,15.03995,15.13475,15.13475
Tmcc1,,,,
Tmem127,23.70967,24.21586,23.73985,23.73985
Fap,19.40663,21.69362,18.94647,19.40663
Lgr5,19.88044,14.76539,13.61586,14.76539
Gypc,,,,
Pabpn1,24.16062,23.65567,24.93997,24.16062
Usp9x,,22.96054,,22.96054
Ccnb1,,19.28093,18.26756,18.774245
Ptprd,15.874,16.2994,16.55382,16.2994
Erich3,18.49732,17.69656,,18.09694
Chek1,18.35888,,,18.35888
Xbp1,,,,
Serpinb10,21.98822,19.9912,20.64808,20.64808
Prrx1;Prrx2,,,,
Map2,,,,
Map2,,,22.89863,22.89863
Brsk2,19.16204,,,19.16204
Tubb5,,23.72318,21.47645,22.599815
Slc5a5,,,,
Sp1,22.42232,,,22.42232
Cabin1,20.28613,19.00533,19.65272,19.65272
Cp,,,,
Pax2,,,,
Rrnad1,14.83467,13.85643,,14.34555
Brf1,21.25505,21.40598,21.47115,21.40598
Tsen15,,,,
Serpina3n,,,,
Rnf219,,,,
Osmr,18.91105,16.94729,18.25082,18.25082
Slc27a3,23.40119,23.50978,23.65196,23.50978
Tlr2,19.48393,15.69297,16.7478,16.7478
Arhgap39,,,,
Wdr70,22.21356,23.17473,23.21199,23.17473
Kat6a,22.35078,20.17451,19.76956,20.17451
Galnt9,,,,
Ccdc151,18.20046,18.14773,,18.174095
Pphln1,,,,
Itih2,20.62114,20.13996,20.44597,20.44597
Aox3,,,,
Tcaim;TCAIM,22.69198,,19.51191,21.101945
Nccrp1,,,,
Gpr22,,,,
Lix1l,23.21694,22.3854,21.67668,22.3854
Adamts3,20.86128,20.27105,19.91322,20.27105
Ankrd45,,,,
Tll1,19.98565,20.36378,18.88447,19.98565
Sh3tc1,,17.59878,18.43074,18.01476
Zfp809,14.82982,15.04644,,14.93813
Alyref2,22.42701,22.05692,21.56867,22.05692
Zc3h12b,16.42535,16.3629,15.77944,16.3629
Slc8a1,,,,
2310035C23Rik,,,,
Asb1,18.94409,19.5192,18.76794,18.94409
Arhgap24,19.04586,19.30632,,19.17609
Zbtb43,19.35468,17.10677,,18.230725
Nxph4,,,,
Lrif1,,,,
Zfp715,20.14457,18.81716,18.57282,18.81716
Zfp619,,,,
Mgarp,,,,
Ttc14,19.87012,19.20134,17.79125,19.20134
Def8,21.02364,20.72559,19.65008,20.72559
Psme2,,,,
Rhod,,,,
Zwilch,18.66313,17.06886,15.05363,17.06886
Tmem219,,,,
5730559C18Rik,19.81149,20.01141,17.04655,19.81149
Kxd1,17.84034,16.78213,16.81816,16.81816
Zfp26,,,,
Nsmce4a,21.20024,20.70438,19.73461,20.70438
Znf316;Zfp316,21.38105,21.10649,20.48217,21.10649
Lrrc10b,,,,
Mtx1,,,,
Rnpepl1,,,19.8662,19.8662
Lca5,19.77995,,,19.77995
Rfx3,,,,
Ppl,,16.58264,17.74852,17.16558
Mmp1b,,,,
Zbtb11,19.62072,,19.9999,19.81031
Zfp612,,,,
Efemp2,,,,
Mlxip,18.09466,18.46953,18.41278,18.41278
2310022A10Rik,21.8485,21.95546,20.73975,21.8485
Zmat1,,,,
Fpgt,22.13705,22.35429,22.79342,22.35429
Hnrnpd,,,,
Gria2,20.23853,20.2528,15.57935,20.23853
Ikzf1,,,,
Notch2,15.85686,14.85584,16.45076,15.85686
Scyl2,,,,
Ank3,,,,
Ahnak,,,,
Klrg2,,,,
Map3k2,22.23128,22.11343,22.22114,22.22114
Gstm6,20.09016,,,20.09016
Brd1,,,,
Gpr116,,,,
Ppp6r3,,,,
Lrrc49,21.56904,20.41576,20.76085,20.76085
Znf827;Zfp827,18.74294,17.69159,16.88453,17.69159
Cox18,23.59776,23.68742,22.14833,23.59776
Zfp185;Znf185,16.56391,19.76711,18.05976,18.05976
Dhrs3,,,,
Chst3,,19.73404,19.98273,19.858385
Ube2m,,,,
Tmub2,22.69666,22.59919,22.15906,22.59919
Ptbp3,17.45988,15.15058,19.92352,17.45988
Anapc15,,,,
Cyhr1,21.54354,21.94006,21.73244,21.73244
Mta3,18.52955,18.55951,17.3051,18.52955
Arhgef6,,,,
Gm7120,18.57592,20.04993,26.87326,20.04993
Ppp1r3e,17.72281,19.17568,18.04041,18.04041
Gmnn,23.23112,24.13516,24.52229,24.13516
Cux1,19.64347,20.1657,21.26991,20.1657
Gpc5,22.06943,20.28534,21.74661,21.74661
Lekr1,,,,
Ctage5,,,,
Cdhr4,19.78336,,19.51661,19.649985
Taf6l,22.99208,23.33047,22.95479,22.99208
Dbndd1,23.52588,23.16754,22.09767,23.16754
Pou6f1,,,21.7369,21.7369
Pou2f2,,,,
Lsm5,,,,
Dusp3,20.84245,19.067,19.44433,19.44433
Tirap,,16.78226,,16.78226
Hmbox1,22.17191,22.32182,21.24806,22.17191
Hmox1,,,,
9930021J03Rik,17.75271,,,17.75271
Otud7a,,,,
Znf428;Zfp428,25.57741,26.23816,26.07128,26.07128
Cers6,25.00376,25.31534,25.12341,25.12341
9930021J03Rik,12.70988,12.76352,,12.7367
Eps15,,,,
Cux1,,,,
Gm20695,,,20.25246,20.25246
Agxt2,24.59991,,23.38324,23.991575
Dlg1,,,,
Rbp4,,,,
Tsr2,,,19.81193,19.81193
P4ha3,18.03521,16.94467,16.61856,16.94467
Cxcl12,20.81699,21.4269,20.85521,20.85521
Wdr90,13.67882,19.73618,15.91174,15.91174
Pot1b,19.28311,17.08742,18.47631,18.47631
Zbtb18,21.77262,21.09533,21.4,21.4
Rbm48,20.09687,19.9192,22.03258,20.09687
Bdnf,,,,
Rbm11,,,,
Son,17.75551,17.09774,17.68332,17.68332
Tmem150c,24.31029,,24.54957,24.42993
Hist1h1t,,,,
Snap47,,,,
Tp53;Trp53,21.9797,21.9836,20.12022,21.9797
Ubxn11,,,,
Taz,21.48242,21.86416,18.46256,21.48242
Mpdz,18.6988,,16.99225,17.845525
Fam3a,19.60987,22.08229,20.15746,20.15746
Gprc5c,19.58208,,,19.58208
Wnt9a,,,17.07253,17.07253
Mia3,,,,
Taf1a,16.78277,,18.2081,17.495435
Hbs1l;Gm9923,18.47971,17.25137,,17.86554
Tfdp2,21.23567,21.58578,20.946,21.23567
Tmem200c,,,,
Gm4944,,,,
Mink1,,,,
Lmbr1,19.57387,19.34013,19.3763,19.3763
Ankzf1,22.7189,22.68177,22.14995,22.68177
Zfp799,16.59852,,17.79836,17.19844
Bbip1,,22.68878,22.14703,22.417905
Carkd,25.50749,25.05171,24.99002,25.05171
Fmo6,,,,
Gm7694,,,17.49005,17.49005
Ankrd44,,18.82227,,18.82227
Dnmt1,,,,
AI848285,,,,
Krtap22-2,,,,
Gm9242;Hnrnpa3;Gm6793,27.3333,27.4523,27.56107,27.4523
Abcb11,18.89327,20.2267,23.7043,20.2267
Mrfap1;Gm5814,,,24.22832,24.22832
Spata18,,,,
Mplkip;Gm7102,,,,
Sh3gl3,,,,
Gm4845,,,,
Nbr1,21.06079,21.32965,21.59273,21.32965
Immp2l,,,,
Creg1,,,,
Cirbp,,,,
Ncapd3,17.27066,19.43133,19.16735,19.16735
Rnf121,,,,
Zfp825,,,,
Sirpb1c,,,,
Ugt1a6b,19.10431,,,19.10431
Tet3,16.93905,,,16.93905
Mthfsl,20.81816,19.51231,20.85795,20.81816
Metap2,,,,
Gm27021,,,,
Gm2042,,,,
Senp1,20.87778,21.15777,20.03376,20.87778
Sema3b,,,,
Cacna2d1,,18.42049,,18.42049
Angpt1,,,,
Efna5,20.03617,20.9402,,20.488185
Kcnk1,,21.95177,,21.95177
Klf6,22.63591,21.69268,,22.164295
Myh11,,,,
Krtap14,,,,
Sh3yl1,21.35434,21.35907,19.782,21.35434
Bcl7c,,,,
Kng1,16.21864,,,16.21864
Kng1,16.6781,17.72354,,17.20082
Barx2,,,,
Mstn,18.35548,17.31407,,17.834775
Arg2,26.76775,27.63941,27.31424,27.31424
Ngp,,,,
Casp12,,17.60596,,17.60596
Matn2,21.22305,21.41245,21.11038,21.22305
Ogg1,,,,
Prss12,22.18156,21.96582,21.31374,21.96582
Clock,16.2625,16.10007,,16.181285
Mnt,15.57116,11.73877,18.93157,15.57116
Ebf3,,18.01558,20.1322,19.07389
Galnt4,,15.36765,,15.36765
Pkd1,,,,
Mapk12,,18.17937,,18.17937
Uncx,,,,
Slc22a1,25.10849,25.79107,24.159,25.10849
Tuft1,19.28034,18.74554,,19.01294
Hps1,,,,
Rfng,21.64834,22.57175,20.96296,21.64834
Lfng,,,,
Pex5,20.70193,20.37252,19.25799,20.37252
Il13ra1,,14.78013,14.63742,14.708775
Napsa,,,,
C3ar1,,,20.12893,20.12893
Krtap6-1;Krtap6-5;Gm10229,,,,
Wrn,18.12369,17.8176,,17.970645
Dusp8,20.3218,21.0462,,20.684
Epha8,,,,
Nfatc2ip,24.13602,22.82468,22.58907,22.82468
Casq1,27.95876,27.30008,27.19545,27.30008
Psmc3ip,,,,
Arx,21.11388,22.23628,21.72501,21.72501
Cnih2,,,,
Lrrc23,16.97332,21.05039,15.31426,16.97332
Emg1,23.98789,24.10221,23.4946,23.98789
Terf2,,,,
Bet1l,,,,
Celsr1,18.60975,17.29132,16.61727,17.29132
Nedd9,20.78772,,,20.78772
Cdk2ap1,,,,
Cenpa,,21.27555,,21.27555
Kcnh2,16.5936,,,16.5936
Psmd4,25.55754,25.25958,25.354,25.354
Ebi3,,,,
Kifc3,21.88476,22.32677,21.22111,21.88476
Smad7,,,,
E2f3,,,18.68801,18.68801
Batf,,,16.64442,16.64442
Aoah,,,21.43837,21.43837
Tnfrsf11a,,,,
Nmi,18.68134,17.57555,18.30408,18.30408
Hs3st1,24.88222,23.85481,23.60851,23.85481
Pbx3,24.25068,24.11791,24.18185,24.18185
Bok,20.48866,18.78711,16.82724,18.78711
Crcp,23.9453,23.49534,23.75481,23.75481
Rnf5,22.5155,21.7402,21.62006,21.7402
Atf6b,,,,
C1d,,,19.70273,19.70273
Crygs,,,16.42733,16.42733
Bhmt,20.93251,,,20.93251
Clk4,23.0222,22.89595,23.14165,23.0222
Zfpm1,,,,
Hyal2,24.31278,23.82231,23.58898,23.82231
Stag2,,,,
Anxa8,,,,
Capn6,,,13.49611,13.49611
Neu1,22.98517,22.8948,22.7702,22.8948
Hap1,,,,
Ndufa1,29.25714,27.36378,28.42081,28.42081
St8sia2,24.68603,24.87797,24.39355,24.68603
Rad51b,,,,
Cflar,,,,
Klf12,20.7563,20.08835,20.90463,20.7563
Klf9,,,,
Cited2,,,,
Chil3,,,,
Emp3,,,,
Ctnnd2,20.19893,20.52908,19.28857,20.19893
Aldh1a7,22.42265,23.80784,20.77282,22.42265
Per1,20.52296,20.74526,17.6918,20.52296
Nthl1,20.76418,19.51463,19.83884,19.83884
Pbx2,,,18.57389,18.57389
Pias3,19.4306,20.71364,20.26522,20.26522
Mmp15,,20.30229,19.73985,20.02107
Cyp2j6,,,,
Dffa,,,,
Dffb,19.94006,20.71632,19.2702,19.94006
Mafg,22.66893,22.88288,22.98353,22.88288
Maff,,,,
Gjd2,,,14.25473,14.25473
Tyrobp,,,,
Itgb3,14.264,18.80974,19.77338,18.80974
B3galt1,21.1114,20.74706,20.74862,20.74862
B3galt2,24.29474,23.63356,24.10037,24.10037
Nfkbie,17.46873,,,17.46873
Bcl2l11,,,16.88632,16.88632
Wsb1,17.43151,13.10447,,15.26799
Akap2,,,,
Akap2,,,,
Sema6b,19.66414,21.71749,19.13573,19.66414
Pole2,18.82926,18.43766,16.21202,18.43766
Mapkapk5,21.98888,22.98378,21.86053,21.98888
Trdmt1,17.13641,18.679,,17.907705
Syngr1,,,,
2015-09-07 00:00:00,,19.51705,,19.51705
Atp2a2,,,,
Cbx4,21.22894,20.50242,19.97897,20.50242
Slc6a2,,,,
Ldb2,23.68239,24.53243,24.44695,24.44695
Sigmar1,24.75817,25.62145,25.76045,25.62145
Aurkb,17.71994,,17.49123,17.605585
Ninj1,,19.26687,,19.26687
Fcn1,,,20.1673,20.1673
Adcyap1,,,,
Birc5,,,,
Atp9a,18.98654,18.61763,,18.802085
Tpst1,21.45974,21.16766,21.2719,21.2719
Grem1;Grem2,20.81049,22.02871,21.79986,21.79986
Dxo,20.79432,20.25638,20.62703,20.62703
Ca11,20.88174,20.36698,20.02066,20.36698
Cbfa2t2,17.37186,19.21494,17.5966,17.5966
Tspan6,24.69014,25.6445,24.54646,24.69014
Gtf2h4,21.83838,22.52793,21.51143,21.83838
Bard1,,,,
Dok2,19.24195,,14.5417,16.891825
Tmem131,21.05603,20.79456,19.26835,20.79456
Pknox1,22.20072,,,22.20072
Tnfaip1,19.77523,19.40195,19.76474,19.76474
Stra6,,,,
Hsd17b12,,,,
Kdm6a,20.28399,20.99002,20.10201,20.28399
Pdk4,,,,
Slc25a17,25.24909,24.39904,24.83668,24.83668
Cask,,,,
Myoc,21.05219,20.92484,20.29749,20.92484
Ly86,24.64218,24.13673,23.70134,24.13673
Ttc3,19.23215,17.38776,17.95855,17.95855
Ttc3,19.26522,17.63651,17.73919,17.73919
Col5a1,19.0495,18.16138,,18.60544
Wiz,20.2939,20.21146,19.95816,20.21146
Agr2,,,,
Ntsr1,25.07896,25.84522,24.9077,25.07896
Cd83,,,,
Tgfbr3,,,19.48458,19.48458
Grpel2,24.12731,23.91114,23.05217,23.91114
Nme6,,21.8506,21.62903,21.739815
Igf2bp1,25.78047,25.74566,25.5684,25.74566
Plin4,,16.5782,19.70029,18.139245
Gpr50,,,,
Ap1g2,20.21786,,,20.21786
Dll3,,,,
Fpr2,,,15.73352,15.73352
Parp2,22.11286,18.94858,21.13508,21.13508
Hnrnpa2b1,,,,
Lrp6,17.45675,18.64906,19.36877,18.64906
Sap30,20.71188,22.67855,21.98857,21.98857
Pglyrp1,,,,
Usp2,18.13396,17.30777,17.9333,17.9333
Slc28a2,18.51237,18.3247,,18.418535
Emp2,,,,
Rrad,20.01495,,19.56227,19.78861
Dgka,19.02042,22.6136,18.5315,19.02042
Stk16,20.66891,22.13927,21.36046,21.36046
Blm,17.64808,,17.50471,17.576395
Orc4,24.24053,24.18276,22.79011,24.18276
Map7,,,,
F11r,,,,
Lect2,,,,
Sc5d,22.91818,21.34792,18.21272,21.34792
Jtb,,,21.1855,21.1855
Spsb2,,19.00673,20.92267,19.9647
Adam15,18.852,18.45008,18.6266,18.6266
Fgd3,,,,
Cradd,24.57744,24.08618,23.31783,24.08618
Tspyl1,19.05269,21.35746,20.52468,20.52468
Tpst2,18.44726,18.49451,17.89557,18.44726
Hunk,21.00984,20.87665,20.69098,20.87665
Ccnk,22.13217,21.2781,20.48099,21.2781
Zfand5,,19.83612,,19.83612
Apba3,16.83343,17.16722,,17.000325
Hipk1,20.02985,20.50106,,20.265455
Pias1,22.77595,22.52179,22.32841,22.52179
F10,,,16.01424,16.01424
Tcn2,,,,
Actn3,,19.44028,,19.44028
C1ql1,,,,
Abcd4,20.82096,20.86778,20.43563,20.82096
Afm,,,,
Pde4a,,,,
Pde4a,,,,
Fgf14,,,,
Cst7,21.24905,18.69805,17.94929,18.69805
Fgf18,,,,
Cd93,,,,
Adh1,,,,
Amy1,,,,
Odc1,,26.90701,,26.90701
C4b,21.50819,21.04587,20.54151,21.04587
Fos,,,,
Pomc,,,,
Ins1,26.61175,26.60116,26.36923,26.60116
Il1a,,,,
,,,,
Ighm,,,15.9827,15.9827
H2-L,17.60719,17.56704,17.68716,17.60719
H2-Q10,,,,
H2-D1,19.01302,21.07444,21.54213,21.07444
H2-K1,21.55506,22.1527,20.2207,21.55506
Hbb-b1,26.96455,27.84242,27.18367,27.18367
Hbb-b2,25.08046,26.95038,25.31627,25.31627
Hbb-y,24.25039,23.64361,24.69035,24.25039
Afp,24.13438,24.58915,23.79432,24.13438
Mt2,24.01316,26.2475,21.9893,24.01316
Mt1,24.72728,26.94581,24.73825,24.73825
mt-Nd3;Mtnd3,23.82706,24.30654,23.96102,23.96102
mt-Nd4l;Mtnd4l,,,,
Cfd,,,,
Iap,20.87957,21.29064,18.49985,20.87957
H2-K1,,,,
Gfap,18.22854,18.01138,19.34365,18.22854
Krt1,23.0613,,22.94999,23.005645
Fabp4,20.81956,22.33889,18.04057,20.81956
Tk1,18.86157,18.39816,,18.629865
H2-K1,,,,
Mb,,,,
Mbp,20.89711,20.93207,19.85442,20.89711
Mbp,,,,
Cd74,,,,
Cd74,,,21.0208,21.0208
Hbb-bh1,21.58072,22.99656,22.44182,22.44182
Saa3,,,,
Slc4a1,19.23979,19.11258,20.30797,19.23979
Tuba3a,,,,
Xlr,,,,
Ly6a,,,,
Jun,22.48851,22.42744,21.81182,22.42744
H2-T23,,,19.76082,19.76082
H2-Ab1,,,14.1986,14.1986
H2-Ab1,,,,
C9,,,,
Apoa4,,18.05515,17.25359,17.65437
Abcb1b,18.63517,17.41163,18.16712,18.16712
Plau,,,,
Prl,,,,
Csf1,,,,
Tyms,20.99307,21.79317,21.0233,21.0233
Spta1,,,,
Egr1,,,,
Ltf,21.06375,,,21.06375
Cbr2,21.31645,23.97404,,22.645245
Fcgr2;Fcgr2b,,,,
Fcgr3,,,,
Lyz2,19.74315,20.31672,18.70293,19.74315
Hoxa5,,,,
Pgk2,,,,
En1,,,,
En2,,,,
Junb,,,,
Cdh1,,,,
Apoa2,,,,
Pde11a,,,,
Gpr52,,,,
Atxn1l,20.8108,19.91121,19.39571,19.91121
Gm20604;Gm28051;AK010878,22.78459,23.94762,22.25793,22.78459
Smim1,,,,
Alkbh1,21.82159,20.27036,20.29109,20.29109
Chtf8,,,,
Znf703,,,,
Nrxn1,,,,
Pet117,,,,
Bcl2,21.54076,21.16226,21.82279,21.54076
Eif4a2,,,,
Mapt,,,,
Tcea1,,,,
Hist1h2bf;Hist1h2bb,26.42956,25.41161,26.43652,26.42956
Parp1,20.72334,16.54811,18.6492,18.6492
Lpl,23.94396,24.07839,23.83355,23.94396
Rrm2,18.93583,22.14588,20.51547,20.51547
Plat,24.16231,24.96402,24.29817,24.29817
Mpo,,,17.31416,17.31416
Fn1,,,,
Fv4,,,,
Cdk1,23.52253,22.974,22.05029,22.974
Cd1d1;Cd1d2,21.07738,21.28382,,21.1806
Lcn2,,,,
Cfp,,,,
Otc,24.0181,24.69838,26.17171,24.69838
Gas2,,,,
,,,,
,,,,
,,,,
Oas1a,15.3811,,,15.3811
App,21.07084,20.9226,19.11627,20.9226
Mdk,19.48006,22.09934,20.44536,20.44536
Apcs,,20.73173,21.30296,21.017345
Serpinb2,21.70936,21.74041,21.88878,21.74041
Ctla2b,,,,
Fabp1,,,,
Fgl2,,,,
Gsn,,,,
Rb1,21.11159,20.12881,23.68357,21.11159
Scd1,,,,
Myh3,,,,
Myh8,,,,
Srgn,,,,
Ca1,22.8389,,,22.8389
Ccl4,,,,
Slc2a4,,,,
Gypa,,,,
Fgr,,,,
Il1rl1,24.39983,23.89264,,24.146235
Anxa6,,,,
Ets2,,,,
Jund,,21.64531,,21.64531
Cpa3,,,,
Ifi204,,,,
Ifngr1,20.25673,,,20.25673
Thbd,,,,
Irf1,,,,
Prph,,,,
B4galt1,14.29498,19.99962,13.63061,14.29498
Znf271,19.18889,,,19.18889
Fgf2,24.0912,24.38278,24.32793,24.32793
Klk1b11,,,,
Klk1,,,,
Klk1b9,21.00409,22.01862,,21.511355
Usp53,16.20191,15.72627,16.7276,16.20191
Il4r,,,,
Sptan1,,,,
Hspa1l,20.24783,,,20.24783
Fes,,17.80656,,17.80656
Zfx,20.51701,20.06618,20.04473,20.06618
Hmga1,23.3652,19.73096,22.2826,22.2826
Spi1,,,,
Hk1,,,,
Hspa1b,,,,
Lyz1,22.13006,24.07668,21.33598,22.13006
Mthfd2,26.15157,26.52036,25.79375,26.15157
Cd48,,,,
Npr1,,19.30846,,19.30846
Sell,,,,
Cyr61,21.41163,16.13354,17.26957,17.26957
Ighv5-2;Ighv5-9,,,,
Hmgn1,26.36856,24.93058,24.84652,24.93058
Rps6ka1,,,,
Sdc1,18.54223,17.54984,18.48664,18.48664
Ifrd1,23.20329,23.42803,23.51159,23.42803
F2,16.65704,17.17543,,16.916235
Mgp,,,,
Lsp1,,,,
Sag,,18.75871,18.13981,18.44926
Fcer1g,,,,
Prim1,20.56598,18.20065,20.49062,20.49062
Bmp6,,,,
Mag,,,,
Plg,20.94642,21.99006,21.2828,21.2828
Evi2a,,,,
C2,,,,
Bmp4,16.67893,,,16.67893
Akr1b7,,16.84941,19.91026,18.379835
Abcb4,,,,
Gc,,,,
Penk,23.3577,22.98285,21.07751,22.98285
Il6ra,,,,
Wnt5a,20.85597,22.64223,20.64966,20.85597
Serpine1,21.16705,21.23707,20.97967,21.16705
Zfp36,,,,
Furin,19.65517,19.23421,17.4069,19.23421
Prkch,19.94735,18.21243,20.78596,19.94735
Ggta1,14.636,,,14.636
Pcgf2,24.45757,24.14701,23.20471,24.14701
Mdm2,,,14.38316,14.38316
Gria2,,,,
Irf2,,,,
Zfp36l2,,18.3792,20.62703,19.503115
Zfp36l1,,,,
Ces1c,,19.25569,,19.25569
Wnt7a,19.00903,,19.26591,19.13747
Pmp2,,,,
Tec,16.2895,19.29123,,17.790365
Il1rn,22.72939,14.8452,,18.787295
Tnfrsf1a,,,14.35094,14.35094
Tnfrsf1b,19.53395,,19.60449,19.56922
Col8a2,,,,
Ccnd1,,19.38968,,19.38968
Fas,19.22647,18.36474,16.8109,18.36474
Lyn,,,,
Mgmt,19.55182,,22.99897,21.275395
Klkb1,,,,
Sars,22.09639,21.64262,22.41251,22.09639
Il3ra,,,,
Csf2rb2,,,,
Csf2rb,18.68322,,13.76249,16.222855
Tgfb2,19.47336,19.15699,21.57607,19.47336
Cd40,,20.42859,,20.42859
H2afx,25.61018,23.85557,23.67185,23.85557
Ccl6,,,,
Cenpb,18.66577,,,18.66577
Mgat1,20.35359,19.15011,19.18306,19.18306
Cebpb,,,,
Wnt7b,18.98951,20.98933,18.84876,18.98951
Psmb9,22.03392,23.1178,22.37547,22.37547
Mt3,26.92807,26.82929,26.56446,26.82929
Gjc1,23.48824,23.6413,23.64867,23.6413
Ctsg,,,,
Lox,,,,
Htr1b,,,,
Hoxd10,,,,
Ipp,18.45691,19.94235,19.33741,19.33741
2015-09-04 00:00:00,,,,
Mug1,17.09228,17.83109,18.32865,17.83109
Mug2,,,,
Rxra,19.53454,15.5371,18.95103,18.95103
Kif2a,20.14358,20.15091,20.0551,20.14358
Prkcd,,,,
Ctgf,,,,
Nos2,,,,
Ahsg,23.14746,,20.92781,22.037635
Vtn,21.80093,21.87669,22.12616,21.87669
Dct,19.84593,,20.97841,20.41217
Gsta3,,,,
Ccnb2,18.01193,,,18.01193
Ccnd2,22.42645,,,22.42645
Ccnd3,,,,
Cdk4,24.42995,24.25126,24.12345,24.25126
Alox5ap,24.43205,,23.88483,24.15844
Ppic,22.8429,20.03805,19.11825,20.03805
Nktr,18.47469,12.39167,19.78646,18.47469
Tacr1,20.68106,22.04407,21.91116,21.91116
Cbx2,,,,
Gna14,,17.4298,14.5224,15.9761
Gna15,20.7032,23.34787,17.7962,20.7032
Sstr2,21.70835,22.28554,,21.996945
Ctnnd1,,,,
Pdgfb,,,,
Uba1y,,,,
Rbpj,21.71247,22.60205,22.13053,22.13053
Saa4,,,,
Slc6a13,,,,
S100a9,,,,
Ceacam1,,,,
Cd68,22.07114,20.60386,20.84827,20.84827
Ghrhr,,,,
Chrm4,,,,
Serpinc1,20.79202,19.53009,18.4523,19.53009
Oprd1,,,,
Pvrl2,20.04767,17.52619,18.49631,18.49631
Vip,,23.20086,19.95589,21.578375
Kif4,19.33453,17.83059,18.31252,18.31252
Nedd1,14.71323,18.63013,20.34505,18.63013
Cyp2f2,,,,
Mmp13,15.42269,,17.60661,16.51465
Proc,,,,
Pola1,20.49999,19.59144,17.79087,19.59144
Prim2,25.94398,21.51677,20.98141,21.51677
Pola2,20.00347,18.88896,19.98482,19.98482
Fpr1,,,,
Ifnar1,19.7946,20.53507,17.26765,19.7946
Apoc1,,,,
Stfa3,18.0134,20.41535,20.40676,20.40676
Stfa2,,,,
Stfa1,,,,
Rab12,,22.02803,,22.02803
Rab17,,,,
Rab19,,,15.89498,15.89498
Crhr1,,,,
Htr2a,,15.33933,,15.33933
Hspb7,,19.19357,19.79298,19.493275
Ppard,,,,
Thbs1,,16.74281,15.38704,16.064925
Avp,,,,
Plaur,,21.41787,,21.41787
Hal,,17.50572,,17.50572
Ercc5,20.16202,19.69922,19.26357,19.69922
Ttk,17.96747,,16.8472,17.407335
Folr1,,,20.01345,20.01345
Fmr1,22.37074,22.24627,21.98607,22.24627
Egfbp2;Klk1b26,,,,
Bmpr1b,,,,
Ppm1b,20.36292,20.10853,19.99217,20.10853
Acvr1,23.69721,23.67196,23.69147,23.69147
Cd69,,,,
Fbln2,16.52499,16.08146,16.3295,16.3295
Lig1,,,,
Hsf1,21.00216,21.74251,19.06413,21.00216
Hsf2,20.2049,,,20.2049
Cdh4,22.9136,22.71486,22.1855,22.71486
Mbl1,,,,
Dnm2,,,17.71451,17.71451
Dnm2,19.04863,,,19.04863
Traf1,21.43827,20.51249,20.10674,20.51249
Traf2,22.4423,22.93941,22.64218,22.64218
Alox12,,,,
Fyn,,16.85842,,16.85842
Cdkn1a,17.74819,16.88846,,17.318325
Timp3,20.35982,,19.19012,19.77497
Csf3r,,,19.24205,19.24205
Sox6,,,,
Syt4,21.06079,21.93801,21.39477,21.39477
Id4,,,,
Bcl6,,20.59742,,20.59742
Mmp9,,,20.87125,20.87125
Slc11a1,19.20433,18.91476,20.10008,19.20433
Tnfsf9,18.05854,16.63368,17.94427,17.94427
Mbl2,,,,
Tac1,,,,
Vipr2,,,,
Cd63,25.865,25.67751,16.02222,25.67751
Elk1,19.75214,18.09326,,18.9227
Cd86,,,,
Stat3,,,14.41976,14.41976
Nkx2-2,,,,
Dpagt1,21.29995,22.11883,19.84485,21.29995
Clec3b,,,,
Hhex,21.52664,20.3849,20.41627,20.41627
Nr2f2,21.24226,22.65692,22.01679,22.01679
Nr2f6,21.47724,19.75333,,20.615285
Sdc2,22.69979,21.99428,21.56565,21.99428
Plin2,19.22734,20.88211,20.45994,20.45994
Akr1b8,,18.82467,21.64469,20.23468
Man1a1,21.03664,19.19837,19.64862,19.64862
Fdx1,,19.61585,24.10957,21.86271
Zic1,,,,
Myo1b,21.10796,21.39231,20.61459,21.10796
Gal,,19.74662,21.69621,20.721415
Ccr7,,,,
Gsr,,,,
Wee1,,,,
Mapk14,20.88629,,20.84789,20.86709
Igfbp2,22.23999,21.96751,22.12202,22.12202
Igfbp3,12.9908,20.88024,18.99935,18.99935
Fosl2,22.7275,14.13683,20.66492,20.66492
Epb41;Epb4.1,,,,
Ednrb,,,15.00013,15.00013
Il15,,,,
Rfx1,21.70244,21.06362,21.28828,21.28828
Rfx2,14.08098,,,14.08098
Prox1,20.56421,21.74053,20.05775,20.56421
Idua,18.24358,19.87659,,19.060085
Fosl1,,,,
Ptx3,,,,
Neurod6,21.26945,21.16109,20.90154,21.16109
Ivl,,,,
Bmp5,,,18.3964,18.3964
Serpind1,19.55039,19.78392,16.81077,19.55039
Epb42;Epb4.2,,22.58385,,22.58385
Slc11a2,23.06344,23.25048,22.48284,23.06344
Slc11a2,22.06349,22.55939,21.7685,22.06349
Epx,,,,
Cenpc,17.02605,16.97466,23.93661,17.02605
Cdkn1c,,,,
Ltbr,19.97001,17.57511,,18.77256
Nat1,,,,
Nat2,20.30897,17.93882,20.40468,20.30897
Shmt1,,,,
Csrp3,,,,
S100a11,19.18503,20.68517,20.49843,20.49843
Tspo,20.07822,,,20.07822
Camp,,,,
Rora,,,,
Cntf,22.57207,,22.52924,22.550655
Hsd11b2,,,,
Ccl9,,,,
Ccr1,,16.60755,,16.60755
Adcy7,20.06999,20.58178,15.79984,20.06999
Ocm,,,,
Apobec1,,,19.16497,19.16497
Ccna2,16.7563,16.50809,,16.632195
Sqle,25.35579,24.60829,23.55169,24.60829
Pon1,20.59396,19.8233,19.69734,19.8233
Usp10,,,,
Ube2e1,23.56162,22.92196,22.6285,22.92196
S1pr2,,,22.29866,22.29866
Efna2,21.24702,20.28568,,20.76635
Hmga2,21.72092,,22.03513,21.878025
Epb41l4a,22.02307,20.5966,19.32021,20.5966
Rpl10a,,,,
Map3k1,,,14.14617,14.14617
Plk2,21.95195,20.88785,21.15369,21.15369
Nudt1,,,,
Cux1,,,,
Cebpa,,,21.78736,21.78736
Cebpg,,,,
Pklr,,,18.86771,18.86771
Arnt,20.80041,20.66145,,20.73093
Sox1,,20.18604,19.57113,19.878585
Sox3,21.18912,,,21.18912
Pctp,21.93582,,,21.93582
Cnbp,23.91907,25.01304,23.98737,23.98737
Eln,20.94428,21.3444,20.01182,20.94428
St3gal1,21.46996,21.89227,21.92274,21.89227
Ephb4,17.73351,18.27808,,18.005795
Mafb,,,,
Maf,,,,
Mfap2,,,,
Gcg,23.5451,21.72866,23.03137,23.03137
Adk,,,,
Cdkn2b,15.8119,,,15.8119
Dsc2,21.9491,21.68037,21.29726,21.68037
Golga3,18.7282,18.81934,19.13974,18.81934
Cks2,22.75693,21.47853,22.25301,22.25301
Cox7b,28.53092,29.28405,29.06296,29.06296
Cckbr,,,,
Csta,,,,
St14,21.42941,21.42019,,21.4248
Evc,13.45263,,,13.45263
Pcbp3,22.81507,22.63673,22.59211,22.63673
Pcbp4,25.44376,26.08211,25.09346,25.44376
Rce1,22.9732,23.57738,18.62988,22.9732
Loxl2,,,18.35836,18.35836
Sesn2,22.46645,22.41965,21.64895,22.41965
Plscr4,,,16.7176,16.7176
Rnf216,19.38446,18.08851,19.26215,19.26215
Kcnn3,,,,
Fam207a,19.88377,19.03478,17.86985,19.03478
Btbd3,,,,
Tlr8,,,13.70412,13.70412
,23.69466,,22.56614,23.1304
Tpm2,19.27157,,,19.27157
Ripk2,20.79883,,,20.79883
Lrrc3,,,,
Pdrg1,,,22.60664,22.60664
Csrnp3,21.03127,22.39545,19.87807,21.03127
L3mbtl2,,,,
Scarf2,,,,
Fitm2,,,23.24266,23.24266
Zdhhc9,,,,
B3gat2,20.36442,,18.23159,19.298005
Adamts15,19.95376,20.22317,18.04905,19.95376
Asxl1,17.58908,,17.21134,17.40021
Fxyd7,,,,
Anks1a,17.42677,18.41026,19.48168,18.41026
Rin3,,20.27719,,20.27719
Sirt6,22.17609,21.21229,21.39702,21.39702
Elof1,26.00652,25.74193,25.9183,25.9183
Sst,25.74191,26.46112,26.17999,26.17999
Cks1b;Cks1brt,,,,
Ube2d1,27.69763,27.86361,27.55896,27.69763
Tmem258,23.85662,24.2558,23.63677,23.85662
Drd2,,,,
Cops2,,,,
Arf3,21.4497,20.96557,20.0494,20.96557
Arl4a,20.92223,20.56197,,20.7421
Taf13,22.21027,21.45834,20.4139,21.45834
Polr2f,,,24.16607,24.16607
Ypel3,,,,
Gal3st3,19.65139,17.3705,18.71954,18.71954
Fgf12,,,,
Lhx5,17.21086,,16.11831,16.664585
Smg6,19.77275,21.49546,20.94206,20.94206
Rnd3,21.89944,20.38553,20.75287,20.75287
Itga11,19.44437,16.66108,,18.052725
Lmo4,24.05953,24.56349,24.48235,24.48235
Tspan5,20.60386,21.77197,21.87972,21.77197
Btg1,22.63856,,,22.63856
Rab11a,,,,
Tsc22d1,24.24757,25.50413,24.94962,24.94962
Esrrg,,19.32797,,19.32797
Pou3f4,22.62388,22.42511,20.8148,22.42511
S100a3,,,,
Rab1A,,19.612,,19.612
Ube2d2,,,,
Rpl39,29.24459,27.90931,28.74666,28.74666
Cacng7,15.39393,20.59432,,17.994125
Pax6,,,,
Pax6,,,,
Hspd1,,,,
Gng8,,21.96965,,21.96965
Nfyb,22.75293,22.4366,22.36592,22.4366
Barhl1,,,,
Sepw1,,,,
Acta1,,,,
Prkacb,,,,
Tuba1c,24.68806,24.74417,22.97225,24.68806
Prkcb,,,,
Hist1h3a,,,,
Serpinb5,20.9549,20.1795,19.15393,20.1795
Cpeb1,,15.51508,,15.51508
Pip5k1a,,,,
Hiat1,,,,
Traf5,18.26723,,20.01264,19.139935
Map4k1,19.74585,,,19.74585
Gimap1,,,,
Nfix,,17.41005,,17.41005
Sepp1,,,,
Cux2,17.719,,15.41495,16.566975
Ntsr2,18.64945,,19.10365,18.87655
Nos3,19.00963,,,19.00963
Rock2,20.74534,,,20.74534
Smad1,23.35326,24.44316,24.00076,24.00076
Casp4,,,,
Ezh1,20.01373,18.92335,18.94392,18.94392
Ncoa1,15.64909,14.60044,14.32734,14.60044
Terf1,,,,
Igfals,,,,
Dlx5,21.36762,18.59936,19.47398,19.47398
Tp53bp1,20.84437,20.4865,20.09777,20.4865
Galnt3,,,,
Erbb2,18.6792,,17.07525,17.877225
Irf7,,,,
Fer,,,,
Pde7a,21.49121,21.00922,20.72351,21.00922
Cxcr4,15.53303,15.70076,22.09429,15.70076
Ldb1,26.09561,26.07786,24.84115,26.07786
Fbp2,,,,
Polr1b,20.85003,21.4027,19.75112,20.85003
Atp8a1,22.20675,21.01352,21.97918,21.97918
Gabpb2,17.46746,,,17.46746
Atf1,,,23.10885,23.10885
Tgfbi,,15.6586,,15.6586
Sgcd,18.07195,,19.39303,18.73249
Sgcb,19.53746,,20.64834,20.0929
Tnfrsf26,,,,
Serf2;Serf1,22.94296,24.01878,23.48272,23.48272
Kcnj13,,,,
Bend4,22.98485,24.11791,22.88138,22.98485
Mcl1,20.27025,15.27917,20.88725,20.27025
Serping1,,,,
Bach1,19.11543,20.38248,16.51246,19.11543
Polr1d,22.45949,23.09819,23.11044,23.09819
Csrp2,25.85754,25.58646,25.35491,25.58646
Dab1,22.55157,21.48025,22.79555,22.55157
Kif20a,,,,
Uhmk1,,,,
Pkp1,16.34447,16.50227,,16.42337
Taf1b,19.10375,18.66664,18.02036,18.66664
Etv6,19.46519,19.63858,17.27467,19.46519
Bpifa1,25.9675,,22.35127,24.159385
Cdk2,22.45866,22.09133,21.35445,22.09133
G3bp2,,,,
Lyst,,,,
Ear2;Ear3,,,,
Ear1;Ear10,,,,
Rgs16,,,,
Mprip,18.54215,17.84506,,18.193605
Slbp,,,,
Mylpf,,,,
Npas1,18.43803,18.05743,18.95617,18.43803
Ext1,22.6445,23.75032,22.3792,22.6445
Dok1,17.61022,17.49935,,17.554785
Nog,,,,
Cmklr1,,,,
Aurka,18.61313,17.23173,16.82811,17.23173
Lilrb3,24.35857,,22.6929,23.525735
Tep1,19.28374,19.71109,20.32619,19.71109
Nkx3-2,,,,
Adra1a,19.65505,21.80274,,20.728895
Gdf10,23.71051,24.12353,23.15604,23.71051
rp9,21.01767,21.04827,20.92839,21.01767
Grm1,,,,
Mllt11,25.84391,25.30375,24.60688,25.30375
Cry1,19.39192,17.88608,20.09042,19.39192
Gfra1,18.70978,,17.98904,18.34941
Gfra1,,,,
Sirpa,,,,
Smn1,26.27556,26.12648,25.49433,26.12648
Fxyd5,,,,
Pstpip1,20.62801,,21.34001,20.98401
Pla2g6,,,,
Ctsc,23.18742,22.4679,21.28071,22.4679
Adamts1,18.94278,17.6473,19.1804,18.94278
Slc35b1,23.97701,24.43962,23.59218,23.97701
Nfib,,,,
Casp7,23.31838,23.22401,22.48139,23.22401
Loxl1,,,,
Bmp1,18.02869,19.37301,17.62835,18.02869
Masp1,,,17.57637,17.57637
Gchfr,20.3848,,21.72476,21.05478
Cebpd,,,,
Gabpb1,22.77842,20.59532,21.09359,21.09359
Hmmr,,,,
Cd80,17.27294,16.84843,,17.060685
Col8a1,,,14.48142,14.48142
Serpina1c,,,,
Serpina1d,,,27.84524,27.84524
Csf2ra,21.19478,,20.68851,20.941645
Gjb2,,,,
Axl,18.39058,,15.07548,16.73303
Pde4d,,,,
Hmgcr,22.46869,22.97181,21.92969,22.46869
Adra2a,22.46941,22.11124,21.48724,22.11124
Apoh,,,,
Notch1,14.66911,19.4529,14.49835,14.66911
Gas1,24.73221,24.96996,,24.851085
Ly9,19.63752,14.60432,,17.12092
Aqp1,,,,
Ascl1,,,,
Zfp39,11.98142,12.42022,20.99811,12.42022
Zfp41,21.82275,20.02391,,20.92333
Sap30bp,21.85331,21.6699,21.40883,21.6699
Epha2,15.89536,15.01968,,15.45752
Ddr1,21.08479,20.29771,20.5242,20.5242
Bche,,,,
Grin2d,17.93128,18.70229,18.8665,18.70229
Crisp3,19.26728,20.72376,19.02033,19.26728
Serpina3m,,,,
Npy1r,20.52593,20.34635,19.92476,20.34635
Emx1,21.31943,19.45184,20.87192,20.87192
Pkib,,19.98412,,19.98412
Sox8,,,,
Sox9,18.39507,,,18.39507
Sox13,18.53366,,18.10221,18.317935
Sox14,,,,
Inhba,17.01476,18.07828,18.2945,18.07828
Acp5,20.12326,20.72442,,20.42384
Rac2,,,21.66726,21.66726
Folr2,16.0799,16.50465,15.85199,16.0799
Col9a1,,,20.04767,20.04767
Sry,,,,
Ptgs2,,18.61018,,18.61018
Hspg2,19.1696,18.60041,18.27585,18.60041
Adam8,18.85833,19.074,20.39352,19.074
Gch1,,21.45543,,21.45543
Intu,15.10803,15.73121,,15.41962
Intu,,,,
Mex3c,22.44104,21.33358,21.57094,21.57094
,18.54601,18.55112,,18.548565
Eml1,,20.71448,20.58353,20.649005
Fam89b,24.4084,24.58761,24.33974,24.4084
Hbegf,23.15485,21.85761,22.34646,22.34646
Aplp2,19.5382,,18.80373,19.170965
Serpina6,,,,
Sox4,21.24522,20.97001,20.53535,20.97001
Ect2,,,,
Map3k8,,,,
Zscan21,,,19.72798,19.72798
Mtf1,23.37451,23.01441,22.58873,23.01441
Ambp,19.63142,19.6076,,19.61951
Cd244,21.07581,,,21.07581
Ebf1,,,,
Plk1,,,,
F13b,17.01672,15.38542,19.60174,17.01672
Cbfb,22.15001,,19.78208,20.966045
Tle3,19.85223,,,19.85223
Tgm3,,16.78724,,16.78724
Zbtb14,,17.93962,,17.93962
Kcnma1,16.87364,16.95821,,16.915925
Ifi205b,21.8187,,,21.8187
Tfdp1,23.62834,21.67172,21.37571,21.67172
Rbp2,,,,
,,,,
Galnt14,18.15872,18.69193,,18.425325
Gcnt1,,,,
Asprv1,,,,
Inf2,,,,
Fam184b,18.31004,20.71045,19.44271,19.44271
Neurl1b,,,,
Eif4e2,,21.23128,,21.23128
Cntnap5c,14.13723,18.46639,,16.30181
Cntnap5b,20.13934,19.57034,20.4496,20.13934
Exph5,,,,
Tigd2,,,,
Ppapdc1a,,,,
Rundc1,,14.6967,18.96107,16.828885
Znf800;Zfp800,23.00337,17.10973,19.14549,19.14549
,21.51321,,,21.51321
Mgat3,18.73922,,,18.73922
Fut4,,,,
St3gal2,18.69193,20.72949,20.35649,20.35649
Ppp1r32,18.46152,20.62435,18.5521,18.5521
Fam83h,,16.3707,16.4742,16.42245
Perm1,,,,
Tekt4,,,,
Ppm1j,19.21464,,,19.21464
Cenpl,,,,
Rpusd3,22.95349,22.90239,22.4197,22.90239
,,18.38334,,18.38334
Cdk12,20.06526,19.52507,18.62628,19.52507
Cep95,21.40831,21.18773,13.17814,21.18773
Cdca2,,,15.00062,15.00062
Kif9,,,,
,,,,
Zfp935,13.09731,,,13.09731
Fam219b,20.14345,18.48373,,19.31359
Dok7,,,,
Zbtb48,,,17.34013,17.34013
Map3k13,20.1488,18.09342,19.6386,19.6386
Slc35f3,25.12041,25.33691,25.30574,25.30574
Trim72,,,,
Dok6,18.14554,17.84224,,17.99389
Tctn2,,,19.25772,19.25772
Vax1,19.33313,19.76715,18.98771,19.33313
Malt1,,,,
Malt1,16.32589,18.10973,16.71773,16.71773
Ms4a6d,,,,
Col28a1,,,,
Gbp8,,,,
Cd163,,21.33511,,21.33511
Helq,15.20086,16.12995,15.00825,15.20086
Pilra,,,,
H2-M3,,,21.87965,21.87965
H2-DMb1;H2-DMb2,,19.03864,18.82115,18.929895
Slc39a7,22.2633,20.84827,22.39908,22.2633
H2-DMa,,,,
Ak8,,18.82243,,18.82243
Dus4l,,,18.66112,18.66112
,,,,
Acot6,,19.14213,18.29244,18.717285
Pdss1,19.8662,19.20036,23.38192,19.8662
Pdss2,20.74411,20.97274,20.90969,20.90969
Nhej1,,,,
Cyb5r2,,,,
Tmem69,,,20.80041,20.80041
Zbtb38,19.49561,19.85524,18.94252,19.49561
Ccbe1,25.9877,,18.98022,22.48396
Tnip3,,,,
Slc2a9,,,19.78035,19.78035
Tmem120b,,18.79192,18.55839,18.675155
Selplg,22.61304,,,22.61304
Alg6,20.57348,20.31926,,20.44637
Ap5b1,19.31922,21.1384,20.18604,20.18604
Milr1,,,,
Tnfaip8l3,,,21.82198,21.82198
Tmem248,,,,
Tmem173,14.94814,,20.00333,17.475735
Kcnk6,,,,
Il1rn,,,,
Dnm2,,,,
Entpd7,19.83336,19.2444,19.3125,19.3125
Gsap,,,,
Pigq,16.60367,20.69124,22.45721,20.69124
Sppl2b,22.83076,23.31907,22.41364,22.83076
Zfp444,21.05132,16.45885,,18.755085
Mpzl1,23.98468,24.34103,24.24887,24.24887
Gpatch4,17.00624,16.83294,18.29158,17.00624
Atxn2l,,,,
H2-K1,,,,
Ttyh2,,,,
Schip1,,18.53799,,18.53799
Slc37a3,,,,
Fubp3,,,,
Llgl2,,17.33743,,17.33743
Pdlim7,19.95589,,17.85172,18.903805
Cenpt,,,,
Uba3,,19.46842,18.7761,19.12226
Prrc2c,,17.59572,,17.59572
Dtl,,,,
Smox,19.40047,18.75009,18.50475,18.75009
Micall2,,,19.96127,19.96127
Xylb,17.96882,21.91317,,19.940995
Fgd3,22.85835,22.01747,20.63812,22.01747
Itprip,18.28243,21.62663,17.63055,18.28243
Adamts4,18.72321,16.29582,18.94097,18.72321
Ctdnep1,24.21482,22.94185,23.75908,23.75908
Tmem184c,22.055,,20.1603,21.10765
Fbxo31,21.58339,21.36693,20.76879,21.36693
Zfp607,,,,
Calr4,,,,
Orc6,,,,
Gm1604A,27.14598,26.83978,25.78214,26.83978
Alkbh5,24.19746,23.67142,23.00818,23.67142
Ubxn8,20.00525,18.81312,18.52669,18.81312
,24.43606,20.79567,20.50359,20.79567
Yeats2,20.80475,16.36979,16.56689,16.56689
Dcaf17,19.38427,21.56295,20.63626,20.63626
Tex30,22.28314,23.03834,22.04933,22.28314
Nr2c2ap,23.89855,23.52636,23.34557,23.52636
Ccndbp1,,,,
Hexim2,,,18.4473,18.4473
Fam105a,,,,
Tchp,,16.50201,,16.50201
Pnrc1,17.28762,15.20922,16.74123,16.74123
Gabbr1,,,,
Ap2m1,,,,
Inip,,,,
Zfyve27,22.13113,23.10207,19.78663,22.13113
Aox4,,,,
C5ar1,22.90716,22.08372,,22.49544
Slc25a33,,,,
Hbq1b;Hbq1a,,,,
Trappc9,,,,
Il1f9;Il36g,,,,
Rasip1,18.42829,17.35759,,17.89294
Zfp277,17.43852,17.24915,18.46675,17.43852
Zfp217,22.61079,22.3103,19.17048,22.3103
B3gntl1,,18.69364,,18.69364
Znf746,20.90566,,19.68295,20.294305
Cables1,18.52444,,,18.52444
Ccdc174,17.81222,16.15502,16.07946,16.15502
Crtc2,17.22138,17.99706,,17.60922
Secisbp2,18.08265,19.2668,19.85424,19.2668
Tatdn3,21.19448,21.73335,20.05325,21.19448
Lins,20.10917,20.90859,20.06815,20.10917
,,,,
Isg20l2,23.06704,22.47452,20.46144,22.47452
Slc38a5,,,,
Tfpt,,,,
Zmynd8,,,,
Srebf2,18.91319,19.47631,17.97354,18.91319
Brms1l,24.50221,23.9679,24.14562,24.14562
Map3k9,,20.24725,17.70678,18.977015
Gpsm3,24.43822,,23.14979,23.794005
Tstd2,19.11271,18.81212,17.76344,18.81212
Sdhaf1,,,,
Tmem231,,,,
Lcorl,20.71515,21.03966,14.15537,20.71515
D030056L22Rik,18.5503,,,18.5503
Rnf149,21.0482,20.40624,20.49365,20.49365
Zmym5,,,,
Camkmt,,18.02751,21.47487,19.75119
Fam193b,20.88889,19.48821,19.96818,19.96818
Hvcn1,17.08057,,,17.08057
Pdcd7,20.68646,19.64153,20.22423,20.22423
Kiaa0922,20.53251,20.69396,20.12578,20.53251
Znf865;Zfp865,18.12772,20.74485,20.5148,20.5148
Clec4n;Clec6a,,,18.47338,18.47338
Mier2,,20.01318,,20.01318
Wdr62,19.58637,14.48092,17.33726,17.33726
Mxi1,,,,
Cd37,,,,
Cln6,22.10076,21.52807,22.46082,22.10076
Mfsd12,,,,
Ssbp4,,,,
Icmt,22.75847,22.3283,18.01851,22.3283
Psen2,20.82353,21.02222,20.97547,20.97547
Lig1,22.71448,22.33903,22.02591,22.33903
Yrdc,24.48462,24.48148,23.66319,24.48148
Stx11,,,,
Spata6,18.66484,15.7184,,17.19162
,,,,
Pik3r6,19.6447,,,19.6447
Gtpbp6,23.53184,23.37491,23.6672,23.53184
Rnf180,21.14233,22.32693,20.80892,21.14233
Arhgap26,,,,
Myeov2,,,,
Suv420h1,,18.76429,17.37941,18.07185
Col5a2,22.3778,21.46224,21.20586,21.46224
Rnf166,20.77724,21.37539,21.5106,21.37539
Bad,,,,
Slc16a10,21.91422,20.66631,,21.290265
Trip13,21.82516,21.47254,22.34749,21.82516
Spc25,,21.98151,,21.98151
Tbrg1,22.42419,21.98381,,22.204
Rsrp1,,,,
Rffl,20.06197,,,20.06197
Foxk2,,,,
Poldip3,,,,
Mob1b,21.19827,22.90696,18.97715,21.19827
Hgsnat,21.62382,19.37558,19.30466,19.37558
Puf60,,,,
Gm4951,,17.34326,,17.34326
Uroc1,22.45516,20.28173,19.25606,20.28173
Rnft2,20.05523,18.99181,20.34093,20.05523
Bag6,19.75326,,20.54943,20.151345
Nom1,20.47981,20.99106,20.46802,20.47981
Dgcr14,22.35566,21.22612,21.75996,21.75996
Gpatch11,23.04223,21.29367,23.23343,23.04223
Rrp36,,26.30701,,26.30701
Rsph3a;Rsph3b,,,,
Kmt2e,19.22769,14.9805,19.24878,19.22769
Nat9,22.38722,23.85586,22.21519,22.38722
Rreb1,17.806,16.50865,16.13419,16.50865
Sdk1,17.51568,,16.728,17.12184
Limch1,,,,
Lrrk1,,16.43736,14.90745,15.672405
Ndst1,23.55508,22.62228,21.97004,22.62228
D2Wsu81e,,,,
Prmt2,22.95587,23.33579,23.23393,23.23393
Cnep1r1,,19.93171,19.69156,19.811635
Ccdc61,,,17.76273,17.76273
Armc7,,,,
B9d2,23.09442,21.17731,23.04534,23.04534
Pcgf5,15.92831,,,15.92831
Ell2,21.51215,22.24551,19.36147,21.51215
Btrc,,,,
Pin1rt1,,,,
Cdk10,,,,
Mapkapk3,18.02886,14.74231,,16.385585
Eml4,,,16.79981,16.79981
Mcpt4,,,,
Nxt2,21.59131,21.35687,22.57858,21.59131
Skap2,19.57626,19.0813,21.30647,19.57626
Nlrc4,16.63098,,,16.63098
Cd22,,,15.20105,15.20105
Cracr2a,,21.50329,22.07401,21.78865
Elane,,,,
,16.33176,15.18096,20.04807,16.33176
Arhgef40,,,,
Fam198b,,,,
Cep63,23.69254,18.98812,22.2678,22.2678
Shisa3,,,,
Kcnab2,,,18.94389,18.94389
Zfp953;Gm28044,,,,
Elf3,,14.96916,15.05579,15.012475
Sema5a,14.60328,18.56268,,16.58298
Zbtb16,18.52214,20.00429,,19.263215
Pxdn,19.61358,20.33429,19.96522,19.96522
Fam188b,21.33811,19.87421,14.66955,19.87421
Kbtbd8,23.74991,22.22538,,22.987645
Gm1673,,,,
Myrf,,,,
Snx21,14.06474,,14.13451,14.099625
Slmap,,,,
Nkain3,,,,
Mthfsd,23.0549,22.95372,20.82229,22.95372
Tbc1d32,17.80606,17.70259,18.8684,17.80606
R3hdm1,,,,
Znf48,16.6918,15.87558,,16.28369
Fchsd2,,,,
Klhdc9,,21.74008,22.94947,22.344775
Foxred2,21.67676,20.58426,20.74501,20.74501
Lipo1;Lipo2,19.55067,,,19.55067
A630001G21Rik,15.99539,16.00303,,15.99921
Mdm4,18.53408,19.658,15.66864,18.53408
Smim15,,,,
Zfp868,,,,
Thsd4,,,,
Scimp,,,,
Chpf2,20.3208,19.69212,19.77881,19.77881
Cdc42bpa,,,,
Ciz1,22.66622,22.47662,20.49042,22.47662
Itpripl2,,,,
Krt76,17.94889,,,17.94889
Nr1d1,,,,
Tmtc1,17.5743,16.09873,,16.836515
Tlr6,,,,
Lgr6,,,,
Slc30a10,19.13566,22.028,19.49652,19.49652
Dlgap1,,,,
Gpr149,18.78896,18.95552,20.37962,18.95552
Kdm7a,16.69057,18.82423,,17.7574
Gas2l3,13.27692,,,13.27692
Tubal3,24.24402,24.42406,24.54032,24.42406
Ccdc114,,,,
Pecr,22.78778,21.93391,19.58391,21.93391
Kiz,,20.73967,,20.73967
Ccnc,,,,
Fdxacb1,,,20.85946,20.85946
Atrx,,,,
Lrrc55,,,,
Dnaaf3,22.58671,21.66917,,22.12794
Rnpc3,21.20938,20.26511,20.33919,20.33919
Nfatc3,,16.46076,,16.46076
Fam86a;Fam86,20.8711,,,20.8711
Sult1d1,,,,
Usp48,16.15326,,16.05831,16.105785
Prr7,22.68097,22.17268,22.05205,22.17268
Tmem237,20.83082,17.27676,21.29154,20.83082
Spag8,,,,
Prr3,22.09713,22.91771,22.08138,22.09713
Phc1,20.21691,21.52865,21.26344,21.26344
Olfml2b,17.59951,17.72767,16.38499,17.59951
Ckap2,20.52267,20.47536,19.0081,20.47536
Slco2b1,19.24447,19.55992,20.0426,19.55992
Igsf10,,,,
Mfhas1,20.91371,20.79337,19.89112,20.79337
Rusc2,19.64375,21.32108,21.15943,21.15943
Rps4l,21.26539,21.61477,20.38848,21.26539
N4bp2l1,19.34339,,17.47833,18.41086
Kif22,19.47507,17.41262,20.00484,19.47507
Gpr165,,,,
Zbtb2,21.15376,21.59864,16.86375,21.15376
,,,,
Gm561,22.41784,22.53155,22.65851,22.53155
Krtap4-6,,,,
Naa10,,21.31274,21.52602,21.41938
Vezt,,20.17255,,20.17255
Zfand3,19.9583,19.8103,,19.8843
BC100530,,,,
Bahd1,,,,
Foxn3,16.96285,17.07138,21.36094,17.07138
,21.84995,21.32762,21.47492,21.47492
Shank3,,,,
Ddx49,21.07874,21.99866,20.41369,21.07874
Ndufa4l2,,,,
Ubn1,18.61795,,17.30626,17.962105
Tet2,16.80019,17.72674,17.47239,17.47239
Oxr1,21.03302,,17.47263,19.252825
Unc13a,21.15171,20.60991,19.42984,20.60991
Sema3g,,,,
Nkain2,,,,
A530054K11Rik,16.91555,19.4132,16.34776,16.91555
Atad5,16.27511,19.14435,20.00648,19.14435
Srek1ip1,21.4405,20.9851,21.27253,21.27253
Sez6l2,,,20.48621,20.48621
Ccdc84,,,,
,22.41266,22.5605,21.37119,22.41266
Plekhg3,,,,
Gzf1,18.34694,17.41856,17.31981,17.41856
Egflam,15.43648,15.64569,15.39238,15.43648
R3hdm4,22.21558,22.30739,18.13781,22.21558
Fam173a,20.31019,14.46678,22.72119,20.31019
Ddx17,,,,
Phactr4,,,,
Nr2c1,18.56466,,18.97953,18.772095
Ldoc1l,,,,
Six3,19.12442,,19.77491,19.449665
Ccnl1,21.29905,22.43331,21.07881,21.29905
Dlg3,,,,
Magee2,22.24835,21.52912,21.99407,21.99407
Zbtb45,,,,
Kif26a,19.5816,20.1673,19.42933,19.5816
OTTMUSG00000017677,21.12041,18.4228,19.3073,19.3073
Nxpe4,,,,
Lrig2,19.70779,19.84023,20.58279,19.84023
Prune2,,,,
Cenpj,12.5762,13.97163,,13.273915
Tmtc2,17.94552,17.92596,19.36937,17.94552
Znf608,16.54872,,16.94786,16.74829
Bdp1,14.32383,11.4491,14.7079,14.32383
Lin54,,,19.31221,19.31221
Sgk223,,,,
Znf354c,20.47447,20.01604,18.93385,20.01604
Spag9,16.20995,15.71414,16.19443,16.19443
Eapp,22.57015,21.73107,19.52633,21.73107
Pxmp2,,,,
Zc3h12a,,,,
Tshz1,,,,
Kiaa2022,20.25649,20.1107,19.59829,20.1107
Psd,,,,
Fam208b,18.20953,17.98982,17.38978,17.98982
Zc3h12c,19.07796,17.45193,17.11573,17.45193
Kiaa1551,18.8516,18.98095,,18.916275
Nynrin,17.86647,18.25907,18.03123,18.03123
Dcdc2;Dcdc2a,24.75226,,19.77692,22.26459
Cep164,14.75645,14.08912,13.95991,14.08912
Znf652;Zfp652,16.98804,22.41759,16.55573,16.98804
Ehmt1,22.67062,22.7602,22.37069,22.67062
Hspb6,,21.83549,,21.83549
Rassf5,,,,
Armc5,19.9032,20.17439,18.16207,19.9032
Acd,21.41276,21.60286,19.94963,21.41276
Kctd14,,,,
Wdr16,,,,
Mdh1b,,,,
Git1,,,,
Ankrd13b,21.17846,21.27906,20.93733,21.17846
Zbtb4,,,,
Abhd15,,15.37344,,15.37344
Fut10,15.9269,19.28417,16.89758,16.89758
Mup20,,,,
Ecm2,13.40288,15.43957,15.45337,15.43957
Tmem2,22.71314,22.36159,22.52114,22.52114
Arhgap1,,,,
Taf3,,,,
Znf488,,,,
Tsr3,23.3181,22.75089,22.77664,22.77664
Mtus1,,18.67807,,18.67807
Drosha,21.74209,22.00553,22.23468,22.00553
Cep44,,,17.89741,17.89741
Ppp1r13l,,,,
Serpina3g,19.10587,15.58822,21.29995,19.10587
Odf3b,,,,
Fam20c,22.89356,22.56314,21.61621,22.56314
Patz1,21.03999,21.226,22.094,21.226
Gm5431,,,,
Trim7,,,,
Trim41,21.08693,19.97407,20.40083,20.40083
Polm,,,,
Mief2,20.55065,20.10712,18.0776,20.10712
Kdm6b,21.6667,22.5736,13.94618,21.6667
Rilp,23.06627,22.67252,22.16843,22.67252
Rnmtl1,22.23658,22.90921,22.76602,22.76602
Cep112,,,,
Proser1,20.71222,19.90902,21.64002,20.71222
Slc10a7,,21.18241,18.84135,20.01188
Fam64a,,,,
Zscan26,,,,
Slc44a5,20.3186,20.522,19.24507,20.3186
Capza1,23.14678,23.58864,22.40681,23.14678
Mocs1,19.92138,19.57023,18.47394,19.57023
Gstcd,19.85887,19.03096,19.92557,19.85887
Krtcap2,24.20948,24.52898,24.68298,24.52898
4930438A08Rik,,,,
Phf12,18.79513,,,18.79513
Vps54,16.02564,18.81863,19.70447,18.81863
Sec14l3,17.80707,17.86484,17.01857,17.80707
Sap30l,18.0164,17.93974,,17.97807
Tom1l2,20.78037,22.82586,22.63695,22.63695
Zdbf2,20.66952,19.81403,20.51432,20.51432
Ehbp1,,,,
Gm11992,,,,
Gas2l2,,,19.7083,19.7083
Wfdc17,,,,
Abr,,,,
Sft2d1,,,,
Tns3,20.52028,20.85399,,20.687135
Fstl4,20.77973,20.84238,20.81878,20.81878
E130309D14Rik,21.4998,20.94092,21.04039,21.04039
Ankrd40,19.22343,18.55127,22.37573,19.22343
Cacna1g,17.24998,18.10804,16.90642,17.24998
Clint1,18.62988,,,18.62988
Ctc1,20.29165,19.04388,19.6714,19.6714
Ggnbp2,18.77533,19.70634,19.09636,19.09636
Synrg,18.96065,,18.3623,18.661475
Fam101b,,,,
9930111J21Rik1,,,,
Mks1,17.06118,15.77597,,16.418575
Lpo,17.07148,,,17.07148
Tsr1,24.33599,24.28341,24.25551,24.28341
Ebf1,,,,
Rnf145,,,,
Slc25a35,19.66233,,16.12376,17.893045
Ikzf1,,,,
Med13,20.39174,20.92376,20.38606,20.39174
Myh4,,,,
Myh1,20.29715,19.34315,19.52818,19.52818
P4ha2,19.86816,,16.42177,18.144965
Shroom1,,,16.24275,16.24275
Vmo1,,,,
Znf496,,,,
Brip1,,,,
Specc1,,,,
Tmem199,20.69489,21.63165,20.72767,20.72767
Nf1,19.40433,19.00925,19.52669,19.40433
Zkscan4,,,,
Kiaa0319;D130043K22Rik,20.66362,21.74813,19.06142,20.66362
Sh3bp2,22.4978,22.85816,22.43693,22.4978
Mfsd3,,21.92922,21.08174,21.50548
Asap3,20.59131,20.17133,17.42579,20.17133
Dpp6,,,,
Dyrk2,19.92036,20.18942,21.04247,20.18942
Pou6f1,22.49045,21.90165,21.81449,21.90165
Ncoa4;Gm6768,,,16.95401,16.95401
Mrps18a,,23.61829,22.86812,23.243205
Slc25a26,21.65075,21.45403,20.69149,21.45403
Mier1,20.10942,19.5242,19.59452,19.59452
Klc1,19.22696,19.03947,19.00075,19.03947
Atp13a3,21.21353,21.41627,18.64192,21.21353
Ncoa6,18.99725,23.22344,17.1448,18.99725
Setd5,21.92038,23.16232,18.55345,21.92038
Jagn1,23.02746,27.40211,25.93988,25.93988
Zdhhc20,20.809,20.08044,17.40275,20.08044
Zdhhc18,19.4563,,,19.4563
Zdhhc8,20.38848,20.59978,20.61387,20.59978
Sema5b,19.68118,18.49623,18.36162,18.49623
Orm1,,16.8505,,16.8505
Ogdh,,,,
Scin,21.8795,20.98628,20.97295,20.98628
Adora2a,,,,
Nr1h4,,,,
Nr1h2,18.66615,18.39079,,18.52847
Klra2,,,,
Lrmp,,,,
Skil,16.22068,15.76012,15.15236,15.76012
P4ha1,,,,
Cyb561,,,,
Tcf4,,,,
Ctf1,,,,
Mkrn3,23.76608,18.70114,24.23601,23.76608
Atf3,,,,
Irgm1,,,,
Tnfaip3,16.93698,19.60275,17.5706,17.5706
Cdkn2c,,15.06874,,15.06874
Cdkn2d,,,,
Elf1,,,,
Gas8,,24.07561,13.8396,18.957605
Zbtb17,,,,
Dvl2,18.28722,20.01141,20.30251,20.01141
Klf2,,,,
Hells,19.98871,,12.29336,16.141035
Ltc4s,,,,
Orc2,20.62391,19.85436,19.60243,19.85436
Eif4ebp1,26.66302,24.61762,26.17043,26.17043
Sla,22.65316,21.08323,22.13129,22.13129
Dbp,,,,
Mef2a,21.32003,24.50422,19.12093,21.32003
Mef2a,18.19677,17.65417,17.46969,17.65417
Styx,20.1493,19.59738,18.91456,19.59738
Klf3,,,,
Foxg1,23.25465,23.34571,21.94188,23.25465
Vav2,22.12569,22.91121,21.88487,22.12569
Adipoq,21.189,22.22853,20.48454,21.189
Scarb1,,20.07561,,20.07561
Dtx1,22.14585,20.65465,19.29773,20.65465
Gnb3,15.39814,,,15.39814
Gngt2,19.98899,,,19.98899
Tmpo,,,,
Tmpo,,,,
Pak3,,,,
Tsc2,19.44972,19.53765,18.94946,19.44972
Usf1,22.38435,22.29835,21.77945,22.29835
Ei24,24.73511,24.66319,24.64207,24.66319
Map3k3,,,,
Fzd3,22.68769,22.54988,22.52181,22.54988
Fzd8,,,,
Prtn3,,,,
Ksr1,15.9448,19.05139,18.7603,18.7603
Ptch1,15.81983,15.64456,,15.732195
Cln3,19.9113,22.29905,20.73851,20.73851
Cfi,20.82641,21.15283,20.05696,20.82641
Ocln,19.31526,18.99292,,19.15409
Ptpn18,,,20.90918,20.90918
Laptm5,,,,
Ezh2,21.50683,22.14607,20.63635,21.50683
Nxph1,24.21519,23.54793,23.31948,23.54793
Hif1a,20.10546,,,20.10546
Serpinf2,,,,
Tcf12,17.32105,,,17.32105
Acvrl1,18.26031,18.42608,17.29652,18.26031
,,,19.7085,19.7085
Tfap2b,,,,
Apc,,,,
Traf4,20.25707,21.94385,21.11356,21.11356
Mme,20.62239,20.70961,19.10354,20.62239
Pcolce,25.21427,24.30668,,24.760475
Gp49a,,,,
Ccne1,20.31628,19.87596,18.90419,19.87596
Cyba,,,,
Znf638;Zfml,,,,
Tob1,,,,
Cd55,,,,
Dll1,18.6454,,,18.6454
Rev3l,19.70634,18.62542,18.76072,18.76072
Dsg1a;Dsg1b,,,,
Itm2a,,,,
Erbb3,16.84635,16.6967,,16.771525
Mapk6,,,,
Stard3,22.82999,22.57279,23.11786,22.82999
Fbn2,14.03205,16.36271,17.65571,16.36271
Fxr1,,,,
Ktn1,,,,
Slc20a1,18.01884,17.11685,17.1726,17.1726
Drd1,,,,
Grik5,20.77427,21.50455,18.12953,20.77427
Hp,,,,
Foxj1,,,,
Hira,22.68157,23.89023,22.75695,22.75695
Hira,16.43881,15.34013,15.08439,15.34013
Hira,,,,
Hlx,,,,
Slc29a2,23.29404,23.37557,23.98928,23.37557
Dnajc1,18.75075,16.77172,13.49673,16.77172
Itga7,,,,
Itga6,15.50392,,,15.50392
Kcnj11,,,,
Klk1b21,,,,
Kcna5,16.42726,16.27164,17.05653,16.42726
Epha7,19.66924,19.3837,19.31566,19.3837
Lag3,18.72401,,19.82467,19.27434
Lbp,17.59237,21.01427,15.08435,17.59237
Mafk,,,,
Meig1,,,,
Melk,16.97298,16.05839,12.17826,16.05839
Prg2,,,,
Mns1,,,,
Cmc4,22.96943,21.31948,22.6237,22.6237
Zfp90,18.90051,,17.75936,18.329935
Notch3,,21.93463,22.26055,22.09759
Pcbp2,21.72949,25.84802,25.38281,25.38281
Ogn,,,,
Postn,21.49096,21.00134,,21.24615
Pdpn,,,,
Ptafr,,,,
Ppp1r14b,25.24343,25.26574,24.89389,25.24343
Prkd1,19.30055,20.52908,19.29177,19.30055
Ptpn14,,17.42103,17.55615,17.48859
Ptpn21,19.79445,16.58967,19.58553,19.58553
Jak3,,,,
Rhoc,23.86872,24.00992,23.54132,23.86872
Rbm38,20.43258,,,20.43258
Ttf1,18.50483,14.09721,15.22521,15.22521
Kdm5d,,,13.3461,13.3461
Spa17,,,,
Sall3,21.04173,,,21.04173
Sptbn1,,,,
Thrsp,22.39746,21.70058,21.97572,21.97572
Sprr1a,,,,
Slc26a2,,,,
Med22,24.17592,24.29852,23.92669,24.17592
Ss18,,,,
Ifggb5,21.24858,19.91551,21.25315,21.24858
Tgfbr2,19.69712,20.44121,17.36316,19.69712
Jarid2,12.97937,16.04533,18.89537,16.04533
Fstl1,20.3688,19.77915,19.63527,19.77915
Ddr2,18.92277,18.88116,,18.901965
Phlda1,19.76613,,,19.76613
Cnga2,,,,
Sorbs1,,,,
Sorbs1,,,19.26534,19.26534
Arid3a,,19.83695,19.77551,19.80623
Tle4,,,,
Eif4g2,20.55394,20.20502,19.91272,20.20502
Vil1,21.37624,,21.50586,21.44105
Itga2,,,,
Vps72,23.74078,23.04589,21.77712,23.04589
Coch,18.81168,19.65549,,19.233585
Zfp91,15.62268,17.72647,13.93802,15.62268
Znf260,19.56677,20.86808,18.02778,19.56677
Ift52,,18.12465,,18.12465
Polr2k,19.87902,20.84,20.40862,20.40862
Ces3a,,,,
Ifngr2,21.95216,21.71473,21.48267,21.71473
Insm1,,,,
Col4a5,,18.05383,19.23648,18.645155
Phc1,,,,
Ccpg1,20.93402,20.42645,20.74977,20.74977
Aebp1,19.56752,,20.03106,19.79929
Arl13b,19.09239,19.60948,18.73556,19.09239
Nr2e1,19.44127,19.20686,20.0442,19.44127
Runx3,21.05112,20.50145,18.17655,20.50145
Pik3r3,18.49009,18.47168,,18.480885
Sema4c,23.54934,24.11004,23.65185,23.65185
Btf3,,,,
Nhlh2;Nhlh1,,,,
Cdk6,20.64201,19.91149,19.30202,19.91149
Htr1a,20.87635,20.46254,20.16497,20.46254
Xpa,22.04926,22.00124,22.58332,22.04926
Bst1,,,,
Lilrb4,,,22.73298,22.73298
Nov,19.83351,21.37687,,20.60519
Fau,,,,
Ntan1,23.83016,23.90976,23.21288,23.83016
Cd34,,,,
Dlx1,18.63934,18.24493,17.45354,18.24493
Zeb1,16.92868,,,16.92868
Zbtb7b,,,,
Piga,18.80839,18.2459,,18.527145
Mea1,24.63367,24.31022,24.72926,24.63367
Sqstm1,,,,
Efs,,,,
Rgn,19.65313,17.286,23.78636,19.65313
Pnoc,22.60279,23.09883,22.17228,22.60279
Cyp1b1,,,19.41024,19.41024
Ugt1a6,20.7778,20.6856,18.3497,20.6856
Adh7,,,,
Cox8a,,,17.63424,17.63424
Mrc2,18.17334,17.95054,,18.06194
Tpp2,,,17.92665,17.92665
Guk1,25.16189,25.20434,25.84048,25.20434
St6gal1,23.03324,,,23.03324
St8sia1,22.64243,25.75438,24.65152,24.65152
St8sia4,23.86929,23.91506,22.84011,23.86929
Procr,,,,
Rbl2,20.09558,19.45884,19.03397,19.45884
Rbl1,16.15519,17.0069,16.76604,16.76604
Azgp1,,,,
Tgfbr1,21.00799,20.19604,,20.602015
Col11a2,12.08779,18.97163,,15.52971
Sp9,20.60531,19.21298,18.86284,19.21298
Ypel4,,,,
Tox,20.33995,20.00525,20.1182,20.1182
Fgfr1op,,22.48072,,22.48072
Cilp,,,,
Zfp945,,,,
Scube3,20.66405,21.65997,20.85316,20.85316
Tusc1,28.49876,28.58255,27.82941,28.49876
Nlrp1a,,,16.98215,16.98215
Bcl9l,21.33336,18.19974,,19.76655
Fnip1,18.06975,18.7127,18.31101,18.31101
Tmem151b,22.80475,22.73876,22.03312,22.73876
Slain1,21.57704,21.15567,,21.366355
Zc4h2,21.25546,20.6631,19.55996,20.6631
Pwwp2a,,,,
Mysm1,18.68723,17.3026,18.45539,18.45539
Esco1,,,,
Brsk2,,,,
Brsk2,18.32316,,,18.32316
Brsk2,22.04877,21.6281,22.06924,22.04877
Tspyl5,21.97397,22.34887,20.62854,21.97397
Zcchc2,17.47445,17.52436,27.49899,17.52436
Msl2,21.68799,19.73326,21.10993,21.10993
Klhl14,22.43433,22.05963,21.47487,22.05963
Stk36,,,,
Pnkd,,,,
Fan1,,,,
Tbc1d30,20.89089,19.45216,20.40821,20.40821
Kiaa0754,23.62031,,,23.62031
Kiaa0753;4933427D14Rik,16.16493,,15.4219,15.793415
Fam179b,16.8919,17.25128,16.31503,16.8919
Znf629,22.91061,23.86637,21.81609,22.91061
Ddx11,16.12012,15.84171,15.95889,15.95889
Pram1,15.88066,12.98014,,14.4304
Zfp948,18.04655,17.60726,,17.826905
Ncapg2,19.214,18.86039,18.6889,18.86039
Arhgap21,20.94192,19.91238,19.98593,19.98593
Antxr2,16.96691,16.84156,,16.904235
Syne2,18.07963,17.96189,17.91333,17.96189
Churc1,23.1986,22.59152,23.14647,23.14647
Fastkd1,21.6796,21.77491,21.56723,21.6796
,18.77407,18.90771,17.59434,18.77407
Exoc3l4,19.05881,18.66778,19.64463,19.05881
Megf10,17.47215,,,17.47215
Tro,18.40678,15.48749,16.09011,16.09011
Mum1,21.08537,20.85331,21.43089,21.08537
Nrg1,,,,
Enpp3,,18.28559,,18.28559
Utp14b,25.1139,25.07615,24.36513,25.07615
SIRP-beta,,,,
Znf329,20.58399,18.86644,,19.725215
,,,,
Nckap5l,18.6048,17.92596,18.51036,18.51036
St6galnac5,23.30313,23.09168,22.82054,23.09168
Islr,23.80813,22.85749,22.65825,22.85749
Gm5416,,22.63569,,22.63569
Jade3,17.8964,18.45631,,18.176355
Krt83,,,,
Cep70,16.728,,16.15622,16.44211
Cep78,18.63414,20.20252,20.18628,20.18628
Atg16l2,19.88136,,,19.88136
Nipbl,15.56054,15.11215,15.74389,15.56054
Ccdc66,,,,
Dgkb,20.59996,20.02107,19.89734,20.02107
Amer3,,,,
Sp140,,,21.64974,21.64974
Ltv1,20.25292,,19.33608,19.7945
Adck2,20.34549,20.15289,19.70595,20.15289
Glt8d1,22.68475,23.35178,21.14215,22.68475
Tacc3,19.80206,19.12913,18.43274,19.12913
Zfp646,17.20905,17.44653,17.09362,17.20905
,17.99595,17.68339,19.95148,17.99595
Haus6,18.00646,19.00031,,18.503385
Frem2,17.31867,16.60619,15.94638,16.60619
Bfsp2,,17.20381,,17.20381
Spin2c,21.20687,21.08486,15.48457,21.08486
Colgalt2,19.64762,17.98543,17.68175,17.98543
Kif24,,,,
Fndc3b,19.72318,19.99604,18.97595,19.72318
Manea,19.50804,19.08065,15.11069,19.08065
Mettl25,,,,
Dusp11,,19.62339,18.88834,19.255865
Man1c1,19.14271,,16.89652,18.019615
Rad17,16.88226,22.0312,16.81178,16.88226
Tbc1d31,22.44794,22.41975,22.33789,22.41975
Polr3g,,24.83384,,24.83384
Arl5b,20.67822,20.71465,19.03408,20.67822
Tsga10,15.90956,19.54796,,17.72876
Prmt6,22.06174,21.92231,19.16519,21.92231
Fam122b,,,,
Rasgrp3,,,,
Zfp180,16.08084,14.23766,20.6383,16.08084
Eif4g1,17.78558,18.2082,,17.99689
Eif4g1,,,,
Dhx37,19.81244,21.30658,20.87267,20.87267
Hdac4,20.99693,20.11261,21.31413,20.99693
Rbm26,22.61574,22.24847,22.62002,22.61574
Zranb3,19.61536,16.35078,,17.98307
Gpbp1l1,,,,
Zfp943,18.33044,,17.89581,18.113125
Ddx31,22.48308,22.2837,22.13652,22.2837
Paxip1,18.1449,18.5951,18.44859,18.44859
Znf740;Zfp740,20.69379,21.72101,,21.2074
Msantd2,21.71854,21.14843,20.52497,21.14843
Arl5c,,,,
Znf511,22.71041,22.19466,21.45327,22.19466
Pianp,22.47502,18.59197,21.7035,21.7035
Bin1,,,,
Ippk,12.97823,,,12.97823
Lrig3,15.71185,15.03179,15.76049,15.71185
Slx4,22.78682,22.61749,21.41121,22.61749
Fam167a,,,,
BC048403,20.36025,19.55577,19.45756,19.55577
Maneal,22.91397,22.97621,22.81108,22.91397
Whsc1l1,,,,
Vsig8,,,,
Arl11,,20.57496,,20.57496
Ubald1,22.25168,,,22.25168
Hdac10,22.19286,21.93726,20.1029,21.93726
Znf280c,19.18947,20.5062,19.95262,19.95262
Thap4,19.81774,19.74363,18.04937,19.74363
Kat2a,18.89903,21.667,20.55759,20.55759
Sik3,,,,
Eya3,19.32882,20.8292,20.26144,20.26144
Thsd7b,,20.33462,19.67054,20.00258
Lix1,23.88064,,20.69651,22.288575
Mtmr2,,,,
Sall1,18.43074,17.72833,18.89116,18.43074
Mapk4,17.01204,,,17.01204
Mbtd1,22.28543,23.0837,21.91893,22.28543
Ubxn7,,,,
Polr2m,16.50386,16.82153,,16.662695
Alkbh2,,,,
Serpinb6c,,,,
Shkbp1,,,,
Tsen2,20.94228,20.82935,21.15542,20.94228
Alg8,21.3932,20.63768,18.70688,20.63768
Cox11,24.15468,24.12621,24.08756,24.12621
Ckmt2,,,,
Clpx,,,,
Capsl,,,,
Caskin1,,,,
Kif15,19.31174,18.98276,19.53678,19.31174
Kif11,18.87252,20.28996,22.81638,20.28996
Zbtb26,,,,
Ddx51,23.2524,23.31257,22.60368,23.2524
Galnt10,,,,
Gareml,21.02025,21.60535,19.40091,21.02025
Bend3,,,11.53916,11.53916
Draxin,20.02472,19.42534,18.22006,19.42534
Prr18,,19.35234,17.92781,18.640075
Prrg3,,,,
Klhdc10,23.88082,24.01784,23.45475,23.88082
Adat3,22.76377,20.87568,21.50775,21.50775
Ccdc117,,19.88072,,19.88072
Bhlhb9,21.7786,21.62337,19.99921,21.62337
Adarb2,20.89304,20.6515,19.38984,20.6515
Pcdhb14,18.82373,17.13019,17.55375,17.55375
Fbxl19,23.34908,24.23213,23.15037,23.34908
Papolg,18.48915,19.40904,20.08913,19.40904
Kdm3a,19.7057,19.32668,19.01887,19.32668
Hltf,19.50411,20.06408,19.88651,19.88651
Dusp16,,,,
Mff,23.69083,22.26439,22.15128,22.26439
Mff,,,,
Efcab14,20.02526,19.92535,16.69084,19.92535
Trim37,17.02356,17.94094,19.2243,17.94094
Znf821,17.89089,15.22023,13.68639,15.22023
Shb,20.02769,21.51523,18.26769,20.02769
Znf513,,,,
Ces2b;Ces2c;Ces2g,,,,
Ugt2a2,,,,
Zbtb39,,22.26221,,22.26221
Dtx4,19.31478,17.70164,19.16035,19.16035
Msl1,22.76596,22.97738,22.77233,22.77233
Rnf220,,19.65262,20.19928,19.92595
Taf1c,18.3513,19.145,,18.74815
Dhx40,21.75185,25.0044,25.24136,25.0044
Gpatch2l,,,,
Osgepl1,,,20.87395,20.87395
Ctif,19.04415,,,19.04415
Slc46a1,18.7637,22.25736,22.03265,22.03265
Kif18b,,,,
Tmeff1,21.12143,21.29311,20.6903,21.12143
Dcaf15,,19.42912,,19.42912
Rasa4,21.52172,20.34722,18.15763,20.34722
Tra2a,18.82789,18.53693,18.80606,18.80606
Cdh24,,,,
Nyap1,23.45488,23.61538,22.9876,23.45488
Rimkla,19.91466,,19.49127,19.702965
Tnks,23.08698,22.56249,22.27122,22.56249
Fchsd1,21.74517,22.08112,22.35756,22.08112
Cramp1l,16.69452,19.95305,18.38279,18.38279
Rcor3,23.12304,,,23.12304
Rcor3,,,,
Zfp866,19.22593,,,19.22593
Gmip,23.16826,22.7318,23.27256,23.16826
Dcx,,,,
Dclk2,,,,
Dclk2,18.85218,17.50487,,18.178525
Erc2,17.08119,19.70983,18.7273,18.7273
Tmem164,,,,
Lrrn2,21.24179,20.8759,19.45308,20.8759
Cacna2d2,,,,
Cacna2d2,,,,
Camk2d,,20.3567,,20.3567
Camk2d,,,,
B3gat1,22.50961,21.65145,21.9607,21.9607
Nfrkb,19.42919,18.68278,18.59241,18.68278
D11Wsu47e,19.22445,20.68398,19.54736,19.54736
Dalrd3,19.29019,18.75124,14.00475,18.75124
Atp2b4,,,,
Suv420h2,21.78692,22.06947,20.9194,21.78692
B430306N03Rik,,,,
Neil2,,,,
Poli,20.55459,20.56356,20.73826,20.56356
Tlr13,22.48055,22.75674,22.91674,22.75674
Rxfp1,,,,
Magi1,,,,
Cd300a,18.56908,17.49052,,18.0298
Paqr9,23.50736,23.06978,18.76215,23.06978
Klhl17,19.98926,20.46274,19.0569,19.98926
Fez2,,20.67245,,20.67245
Ccdc135,12.85083,,17.40041,15.12562
Tardbp,,,,
H2-M2,,,,
Nostrin,,19.67223,,19.67223
Eid2,17.78296,19.5168,19.49482,19.49482
Dot1l,,16.87819,18.15684,17.517515
Arhgap10,17.85909,19.21269,19.08701,19.08701
Hpse,21.02066,19.26245,19.4752,19.4752
Fetub,,,,
Sbf1,19.92994,,19.58626,19.7581
Tiam2,,,,
Fmnl3,16.05327,16.06474,13.93765,16.05327
Jade1,,13.0992,,13.0992
Pitpnm2,16.30371,15.95529,,16.1295
Smpd4,,20.26396,,20.26396
Ibtk,21.14923,21.34841,20.85984,21.14923
Zc3h4,,,,
Cep162,18.04062,16.98582,,17.51322
Cnot1,19.04129,19.17214,19.03658,19.04129
Ppip5k2,,,,
Topbp1,18.14241,16.99943,17.57289,17.57289
Dna2,,,17.81109,17.81109
Syne1,,,,
Syne1,,,,
Spop,,,,
Akap9,19.03066,18.75313,19.52631,19.03066
Synm,,,,
Foxo6,13.07798,13.11263,,13.095305
Dpy19l3,23.53445,23.5354,23.55567,23.5354
Fblim1,22.73461,26.23436,22.74989,22.74989
Tm7sf2,24.00676,23.80676,24.26778,24.00676
Slc39a14,17.82569,20.02715,,18.92642
Recql4,,23.31769,,23.31769
Hide1;AB124611,,,,
Polg,20.41936,19.75422,20.08913,20.08913
Slc35d2,20.87695,,,20.87695
Mgat5b,21.10008,20.87313,20.7862,20.87313
Tmem132d,,,,
St6gal2,23.19564,23.65502,22.69313,23.19564
Sema6d,,,,
Cd3eap,,,20.67943,20.67943
Tmed3,24.58118,23.79511,23.0875,23.79511
Haao,,,,
Slc22a18,,,,
Smim12,,,,
Vma21,,20.65727,23.25309,21.95518
Map4,,,,
Twistnb,20.92477,,20.71347,20.81912
Ostc,28.14734,28.67061,28.05357,28.14734
Trappc6a,,21.17518,20.4289,20.80204
Dnajc15,17.7613,23.78477,,20.773035
Znrd1,,,22.15851,22.15851
Try10,,,,
Nap1l3,18.25691,17.92202,,18.089465
Zfp874b;Zfp874a,18.03047,17.97197,17.98654,17.98654
Zfp759,,17.37551,15.07898,16.227245
Sox11,20.35348,21.36693,20.4703,20.4703
Kif27,19.75957,18.99653,,19.37805
Rtl1,,,15.02419,15.02419
Zranb1,17.89936,17.96426,17.33508,17.89936
Tigd3,17.27185,,,17.27185
Cyfip1,20.39759,20.35917,18.79058,20.35917
Dsg4,19.22216,19.86455,20.04193,19.86455
Eri1,22.19604,22.5216,22.37199,22.37199
Syncrip,22.60064,22.44033,22.17066,22.44033
Slc35f2,21.17213,21.1756,21.09925,21.17213
Parp16,19.0312,18.19321,18.21935,18.21935
Zfp420,17.80719,,17.18747,17.49733
Rnf139,22.98097,19.93015,18.13175,19.93015
Shq1,22.06609,21.2027,20.40541,21.2027
Med26,18.88804,18.63364,19.2519,18.88804
Ap1s3,,,,
Hhip,,,17.0323,17.0323
Txndc16,23.51545,23.13756,22.61574,23.13756
Aggf1,16.13713,17.53814,18.61328,17.53814
Tmc6,,,13.32896,13.32896
Syt16,17.67252,19.75605,18.08794,18.08794
Eras,,,,
Gria1,20.47734,20.38532,,20.43133
Sbno2,,,15.66311,15.66311
Glra2,17.95054,18.61551,18.7813,18.61551
Rpf1,19.71403,20.12237,19.15684,19.71403
Nphp3,24.65152,20.4287,18.50955,20.4287
Tmem59l,22.17179,22.7144,,22.443095
Rfx4,,,,
Zfp397,,17.75818,18.98315,18.370665
Dusp9,,,,
Minos1,26.57115,27.25142,26.70951,26.70951
Far2,,,,
Zfp954,19.72221,18.86354,18.88629,18.88629
Znf250,,,,
Cdsn,,,16.2629,16.2629
Robo2,21.17828,21.15653,18.377,21.15653
Raver2,,,,
Slc7a6os,21.15326,23.2988,21.58123,21.58123
Fam19a2,23.56546,23.8624,21.25615,23.56546
Fam19a1,25.77636,,,25.77636
Prrc2b,,,,
C2cd5,,,,
Dzip3,,,15.68338,15.68338
AI987944,,20.51547,,20.51547
Rgmb,21.55567,,,21.55567
Zic5,19.31595,,20.15388,19.734915
Srl,,,,
Aptx,22.19893,22.5297,21.80943,22.19893
Gpatch2,,,15.96864,15.96864
Tmem57,20.75955,19.93589,19.79878,19.93589
Fbxo10,22.09045,22.51039,21.98353,22.09045
Zbtb5,,16.38271,,16.38271
Atxn2l,,,,
Lrp10,,,19.37305,19.37305
Tspyl2,18.43856,17.69118,16.92393,17.69118
Wtip,,16.70712,15.97011,16.338615
Ccnt2,21.13019,20.08602,21.35542,21.13019
Olfr309,,,,
Nsun6,20.07457,19.45643,20.35907,20.07457
Itpkc,21.80207,21.52621,21.12029,21.52621
Fam101a,,,,
Ckap2l,18.13225,17.61152,,17.871885
Amer1,14.06668,14.73508,,14.40088
Proser3,24.09499,,,24.09499
Znf516,17.60176,17.22185,17.2616,17.2616
Map6,,,,
Lats2,,,,
Sez6,,,,
Gpr151,,,,
Samd10,21.97813,20.57838,22.07549,21.97813
Kirrel2,,,,
Zfp606,19.55084,17.90272,17.33447,17.90272
Enkd1,22.14746,21.98902,21.53976,21.98902
Sgol2,,,21.804,21.804
Supt20h,20.66223,21.40811,20.239,20.66223
Rexo1,17.7544,15.065,17.73932,17.73932
Gpr125,18.80552,17.59994,18.23566,18.23566
Gvin1,,,,
Stard4,,,,
Otop2,,,,
Atp6v0d2,17.06466,,14.35301,15.708835
Eef1d,,24.82862,24.62973,24.729175
Adamtsl4,,,,
Rsbn1,21.96243,22.49541,21.06118,21.96243
Klhl29,,22.97441,,22.97441
Zswim6,19.34618,15.29989,,17.323035
Klhl13,22.33789,19.23881,17.91666,19.23881
Kansl1,15.94455,19.98649,19.05357,19.05357
Plekhh1,,,,
Mon2,,,,
Lphn1,,,,
Ddn,18.68041,18.08908,16.50093,18.08908
Fnbp1,14.17687,,,14.17687
St18,,,,
Dnajc6,20.63865,20.19412,19.8355,20.19412
Dnajc6,,,,
Rere,21.31396,21.08667,20.26465,21.08667
Clec16a,,,,
Pum2,16.4539,,,16.4539
Pum1,21.07862,21.71339,21.82073,21.71339
Sdccag8,16.79652,,16.22244,16.50948
Ticam1,,,,
Fads6,,,,
2015-09-09 00:00:00,,,,
Clec4a1,,,20.6728,20.6728
Slc22a20,,,,
Sass6,,,,
Trit1,20.50339,21.38632,20.81722,20.81722
Prss34,,,,
Actr5,23.20781,23.10266,21.92187,23.10266
Taf1,20.50213,19.99258,20.00635,20.00635
Hs6st2,21.51109,22.71971,21.00127,21.51109
Cdc42bpg,21.9079,22.95831,17.92138,21.9079
Abhd13,23.71377,23.28517,23.07243,23.28517
,20.81488,22.13828,20.70767,20.81488
Fgd5,17.38507,17.75192,16.77931,17.38507
Sdad1,21.29491,21.53217,21.30897,21.30897
Vgll4,17.34863,16.61267,,16.98065
Cep104,16.36702,,,16.36702
Chst14,,22.13179,21.67172,21.901755
Fancd2,17.59885,17.1336,16.43391,17.1336
Megf6,,,,
Ip6k2,20.07143,19.96691,,20.01917
Pygo2,22.13336,22.84351,22.13163,22.13336
Trim62,22.01352,20.082,19.44658,20.082
Ints8,23.44164,22.63052,22.21863,22.63052
Dclk1,20.49453,,,20.49453
Trnau1ap,,13.11063,16.02667,14.56865
Fam181b,,,,
Trim56,21.16386,19.00017,18.30501,19.00017
Dnph1,26.01331,25.95358,24.1741,25.95358
Arhgef38,,,,
Znf579,17.03885,22.17118,19.58826,19.58826
Dpp6,,,18.75356,18.75356
Ankrd24,19.44421,23.46762,23.25883,23.25883
Pnmal1,,,,
AA987161,,,,
Epn1,,,,
Spata7,17.8469,18.02275,17.1332,17.8469
,21.58761,,,21.58761
Tmem106c,22.23137,20.83098,18.53309,20.83098
Sult1c1,,,,
Akna,19.02326,19.19528,15.05964,19.02326
Dhx33,21.22193,19.98718,19.90522,19.98718
Igfbpl1,24.21512,24.06677,23.11334,24.06677
Chil6,27.94319,28.01249,27.80501,27.94319
Znf569,,,,
Acsm4,,,,
Kirrel,20.23199,19.75058,19.45874,19.75058
Plekha8,16.84684,,,16.84684
Homez,18.00179,17.94226,17.9375,17.94226
Ubn2,18.96714,13.92806,18.46028,18.46028
Tnrc18,17.56963,16.45469,15.0723,16.45469
Hapln3,,,,
Tnfrsf14,,,,
Kiaa1456,,,,
Rhbdf2,,16.56479,15.96925,16.26702
Tspan18,24.24598,22.15246,24.12762,24.12762
A430005L14Rik,,,,
Rimklb,20.33919,19.96169,,20.15044
Nanos1,18.29091,,,18.29091
,20.0692,19.33014,,19.69967
Ubap2l,19.86753,19.76563,19.20154,19.76563
Ubap2l,,,,
Lrrc15,,,,
Acat3,,,,
Ugt2a1,,,,
Nrde2,20.6305,20.69345,19.22898,20.6305
Chn2,,,,
Wscd1,19.59583,18.40483,18.32545,18.40483
Eif4g3,,,,
Map3k11,,,,
,18.21821,,17.90865,18.06343
Mppe1,17.20314,20.41411,18.57592,18.57592
Pqlc1,,,,
Fam76b,23.53683,22.00823,23.07754,23.07754
Git2,,,,
Arhgap11a,,,,
Alkbh8,23.99645,24.04285,23.91278,23.99645
Zfp454,,,,
Ddx10,22.16002,21.04613,20.47961,21.04613
Camta2,17.54736,21.34976,,19.44856
Baiap2l2,,,20.13696,20.13696
Dnajb13,22.60682,,,22.60682
Crb2,,,14.41012,14.41012
F12,,,,
Pde4dip,20.66066,21.97509,19.57076,20.66066
Cyth4,,,15.46741,15.46741
Tnc,,,,
Znf618;Zfp618,15.7754,21.02432,20.08939,20.08939
Astn2,,19.05107,,19.05107
Topors,16.28318,16.21407,15.23197,16.21407
Shank2,,,,
Shank2,,,16.838,16.838
Ece2,,,,
Slc26a11,19.36429,18.67045,18.63527,18.67045
Amigo2,18.9046,20.14146,,19.52303
Paqr8,18.43392,19.40108,,18.9175
Rtp2,,,,
Mrps10,22.50172,21.89626,22.259,22.259
Gtf2a2,24.18026,24.9839,,24.58208
Jazf1,22.18858,21.34354,,21.76606
Stk35,,,,
Tia1,,18.64248,,18.64248
Kiaa0895l,23.96252,23.67595,23.67508,23.67595
Vps37d,23.33238,21.68834,22.30198,22.30198
Gxylt2,,,,
Chfr,21.16601,20.47348,19.82018,20.47348
Tmem39b,,,,
Nmes1;AA467197,,,,
Nrcam,19.92405,18.898,18.91047,18.91047
Xylt1,19.25811,19.68548,18.35883,19.25811
Dlg1,17.77764,17.1321,17.20991,17.20991
Arhgap15,18.30176,19.10516,,18.70346
Sox21,,,,
Cyp26b1,,,,
Prr5,21.78724,21.86725,20.59596,21.78724
Mgat4b,22.99557,20.90647,22.7961,22.7961
Mgat4a,21.12041,20.09442,21.15301,21.12041
Gpr68,,,,
Zc3hav1l,19.74209,20.39299,18.99667,19.74209
Fstl5,19.58095,20.12578,20.89807,20.12578
Asnsd1,18.53054,18.48211,20.12717,18.53054
Haus4,18.5173,16.15656,15.47107,16.15656
Jmjd4,,18.18379,,18.18379
Slc39a9,18.84684,,,18.84684
Rnf214,,,,
Slc17a8,,,,
Slc2a12,,,,
Rnf187,,,,
Lppr1,25.55643,25.80929,25.34364,25.55643
Rbm3,,19.92238,,19.92238
Nol12,21.3029,,21.82186,21.56238
Tmtc4,22.67457,23.2286,22.9278,22.9278
Rusc1,21.00113,18.42562,19.84612,19.84612
,,,,
Prdx6b,,,,
Stk17b,,,,
Tmem169,15.08614,14.99325,,15.039695
Rhot1,18.80747,16.4869,16.70563,16.70563
Rhot1,15.39513,15.6036,15.42233,15.42233
Txnip,20.65342,21.28636,20.87523,20.87523
Tmem198,17.95498,17.75792,16.81491,17.75792
Cwf19l2,25.0035,24.43835,23.67217,24.43835
Fbxo46,19.07143,,19.17097,19.1212
Lair1,,21.52109,,21.52109
Pknox2,22.55845,22.07826,21.21537,22.07826
Lhfpl2,21.61356,22.71837,20.94492,21.61356
,18.19123,21.34299,21.11299,21.11299
Ttc7a;Ttc7,13.02671,,,13.02671
Slc38a9,22.50235,23.38851,22.12647,22.50235
Npas4,,,,
Coa6,22.83078,22.68588,22.17393,22.68588
4933426M11Rik,23.63245,23.85984,,23.746145
Wdr92,21.80333,21.33565,21.95127,21.80333
Slc35d3,,,,
Rnf24,22.3921,23.4367,,22.9144
Fam13a,15.75277,18.82932,,17.291045
Pex26,22.05755,22.08719,23.62678,22.08719
U2af1l4,22.58729,24.03599,23.92913,23.92913
Slc7a6,24.44316,24.27078,22.89075,24.27078
Csrnp2,17.08784,,,17.08784
Pomt2,21.83715,21.49306,21.72559,21.72559
Gskip,23.25609,23.70904,22.242,23.25609
Mak16,21.52502,21.95692,22.39255,21.95692
Cept1,24.37345,24.59776,23.84038,24.37345
Ostm1,,22.83586,,22.83586
Galnt12,,,,
Tti2,20.61962,20.7478,21.21365,20.7478
Zfp128,,17.31256,,17.31256
Themis,19.50549,19.4943,19.36451,19.4943
Wbp1l,19.99051,18.60628,19.54223,19.54223
Nabp1,,,,
Stk32a,,,,
Spidr,,,,
Eif5a2,21.40868,,,21.40868
Luzp2,21.64112,21.47951,21.70843,21.64112
Klhl26,21.06763,20.049,20.45463,20.45463
Dcaf12,18.83201,15.28482,15.09992,15.28482
Aldh8a1,23.4737,23.52564,23.44884,23.4737
Tor4a,18.10958,19.29235,18.93362,18.93362
Arl6ip6,,20.86476,,20.86476
Orai2,22.36274,22.79784,,22.58029
Fbxl2,20.89423,20.45583,17.82842,20.45583
Tmem117,,,,
Tmem251,,,,
Mfsd8,23.70208,23.31631,23.40406,23.40406
Sema3d,,18.18151,,18.18151
C8b,,,,
Sec22a,23.89477,24.15939,23.88213,23.89477
Fam109a,23.28701,23.4051,23.33374,23.33374
Creb3l2,,,,
Fbxl4,20.68097,19.6432,18.95069,19.6432
Qpctl,19.97729,21.59154,,20.784415
Rnf41,22.87603,22.82943,23.05943,22.87603
Rtn4,17.16634,,,17.16634
Mapk1ip1l,,24.89994,22.73934,23.81964
Ino80c,,,20.3053,20.3053
Lrrc24,17.60342,18.7703,17.97012,17.97012
Acpl2;Pxylp1,18.15556,18.33355,,18.244555
Nod1,,,,
Lyve1,,,,
Rhbdd1,21.26029,20.39592,20.45583,20.45583
Rab39a,21.96818,19.67661,16.09783,19.67661
Frmd3,14.02851,15.28688,,14.657695
Pcmtd2,23.13267,23.80735,23.74222,23.74222
Prr11,,,,
Gemin8,,20.20443,,20.20443
Tmem108,,,,
Bmp3,18.53366,21.69375,20.2143,20.2143
Aqp11,,,,
Tmem179,23.79035,21.5121,,22.651225
Elovl5,23.39663,23.72067,,23.55865
Nim1k,20.37645,,20.78867,20.58256
Gabra5,24.35266,24.82915,24.25904,24.35266
Pnma2,20.11337,21.5956,20.89984,20.89984
Slc36a2,,,,
Ercc6l,,17.24859,20.31252,18.780555
Elmo2,,,21.22152,21.22152
Cdc42se1,,,,
Ganab,20.04447,20.70388,19.4875,20.04447
Ganab,,,,
Enox1,20.90661,15.407,20.33145,20.33145
Rgp1,21.62649,21.86348,20.55441,21.62649
Haus1,15.67403,16.61353,14.78208,15.67403
Cdca8,,,,
Noc4l,23.45914,23.05069,22.80479,23.05069
Mri,,,,
Cemip,22.96367,22.53101,21.68406,22.53101
Sarg,,,,
Znf526,,18.54502,,18.54502
Fbxw8,21.48837,22.08109,21.13383,21.48837
Zfp763,17.12596,17.19412,,17.16004
Fbxl14,21.44718,20.4706,21.61194,21.44718
Fbxo28,21.76915,21.60205,20.45944,21.60205
Dock9,,,,
Msantd1,,,,
Zfp947,21.30022,,21.04527,21.172745
Zfp9,15.39694,14.6101,19.64871,15.39694
Ccdc126,,,,
Chtf18,16.73317,,15.06243,15.8978
Arl14ep,23.27199,23.45312,23.33197,23.33197
Gpatch3,,,,
Pcdh20,21.57145,19.8283,18.66525,19.8283
Anks1b,,,,
Snip1,21.79237,21.74139,,21.76688
Zc3h14,,,,
Marf1,20.64121,21.43583,19.86661,20.64121
Nagpa,16.55932,13.31217,,14.935745
Mfsd11,,,,
Lppr5,23.49521,22.90639,23.8906,23.49521
Pnpla2,19.25038,18.91096,,19.08067
Ap5m1,20.69744,21.30519,20.20156,20.69744
Chdh,,,,
Tm2d3,18.09934,13.82675,19.74003,18.09934
Znf771,23.23169,22.68949,22.47697,22.68949
Slc41a1,,,,
Mob3c,,,,
Kctd7,20.043,21.25373,,20.648365
R3hcc1l,,19.28417,20.21833,19.75125
Usp1,17.88083,15.54194,14.79619,15.54194
Ticam2,,,,
Csgalnact1,,,,
Sgta,22.20526,21.51865,22.07532,22.07532
Ndufv3,24.53053,23.6633,24.43365,24.43365
Gltscr2,19.88994,19.06516,21.80869,19.88994
Olfml3,,,,
Csnk1a1,,,,
Srrm4,,,18.7563,18.7563
Polrmt,20.51884,22.11267,18.97802,20.51884
Sirt7,21.52874,23.89837,19.18258,21.52874
Ppp1r1c,,,,
Zfp189,,,,
Spock1,17.80221,18.04857,18.04894,18.04857
Kiaa0020,22.75179,23.72661,22.44273,22.75179
Haus7,20.11617,19.40539,17.88101,19.40539
Zcchc4,16.74741,19.16096,19.07436,19.07436
Slc25a29,23.25796,23.13163,23.15507,23.15507
Rassf10,19.19403,18.68229,18.59631,18.68229
Ablim2,,,,
Ablim2,,,,
Gtf3c2,,,,
Arhgap22,26.78457,19.77164,23.70852,23.70852
Zfp3,17.81234,17.82047,,17.816405
Ankrd34c,19.90292,19.96593,19.34035,19.90292
Tardbp,21.23034,,20.2454,20.73787
Phf20,14.65234,15.24228,16.20846,15.24228
Lpar4,,,,
Dse,15.86962,22.41795,15.97782,15.97782
Slc7a4,22.90967,,,22.90967
Psd4,17.22053,15.8362,13.85048,15.8362
Sowaha,,,,
Slc35c1,,,20.40041,20.40041
Col16a1,18.30706,,18.76746,18.53726
Smoc1,20.71917,20.19544,19.18819,20.19544
Hps6,16.27325,19.29372,20.42696,19.29372
Lsm14b,,,,
Plekhm3,,,,
Arid5b,21.92868,21.84426,19.17475,21.84426
Ctso,,,,
Cnksr3,,15.87652,,15.87652
Npat,,,,
Emsy,22.34708,21.39613,21.61863,21.61863
Lpar6,,,,
Shc2,16.94169,16.67797,,16.80983
Nop9,23.28306,23.78077,23.13173,23.28306
Dzip1;Syce3,18.5912,18.45728,18.98529,18.5912
Slc25a32,25.42198,24.50227,23.77122,24.50227
Gen1,,,,
Cgrrf1,,,,
Sp8,,,,
Mettl2,21.86529,21.98047,21.17213,21.86529
Ccdc184,,21.26539,21.33467,21.30003
Nrros,20.70514,,,20.70514
Znf76;Zfp523,,,,
Vrk2,,19.45236,19.28288,19.36762
,22.09803,21.6865,21.85673,21.85673
Arhgap28,18.46391,20.06065,20.00113,20.00113
Slc17a5,18.86789,20.34808,19.90407,19.90407
Ddx26b,,12.77046,,12.77046
Derl2,19.81367,,,19.81367
Gpr137b,,,,
Sp2,,,,
Vmac,,21.90643,21.76777,21.8371
Zfp101,16.27542,15.33682,15.62131,15.62131
Tpm1,22.56377,22.07091,21.62082,22.07091
Athl1,23.56128,21.45603,20.72318,21.45603
Pstk,21.43888,21.68055,21.25315,21.43888
Rhbdd3,21.03113,21.11191,20.00539,21.03113
Efemp1,,,,
Dnaaf2,,,,
Zcchc3,,16.82898,,16.82898
Gpr180,22.74318,22.95996,20.888,22.74318
Slc15a3,20.77563,21.15524,24.42015,21.15524
Fam175a,19.59552,,,19.59552
Fjx1,22.86678,22.45259,22.19665,22.45259
Smco3,,,,
Eml5,19.96084,21.28636,18.6968,19.96084
Znf146,,,18.69422,18.69422
Rab11fip4,,,,
Zdhhc14,,,17.33429,17.33429
Kansl2,,,,
Adipor2,19.40129,,19.12853,19.26491
Fam69c,25.2844,22.67941,24.14639,24.14639
Acn9,,,,
Gjc2,,,16.1323,16.1323
Rab37,,,,
Tmco6,,,,
Hus1,,19.47322,22.75782,21.11552
Nhlrc1,20.51941,19.88557,19.75237,19.88557
Kat6b,19.76239,19.43151,19.01225,19.43151
Maats1,22.54543,21.01209,19.28776,21.01209
Gorab,23.77826,22.11598,22.29499,22.29499
Pi15,,,,
Zmym6,20.66327,21.10949,17.84886,20.66327
Gpr89a,22.41604,22.85095,21.70738,22.41604
Tyw3,19.03604,18.90242,18.88002,18.90242
Zkscan8,15.55477,,14.8496,15.202185
Arf2,26.13285,26.6618,26.26803,26.26803
Phf23,17.86423,,16.64174,17.252985
Ncaph2,16.65004,,13.74882,15.19943
Mob3a,21.97869,21.91903,22.30316,21.97869
COA4,,,,
Cebpzos,25.10125,25.00363,,25.05244
Lig4,21.59778,21.7423,20.85422,21.59778
,20.01618,21.00997,18.41596,20.01618
Ndrg4,,,,
Scrt2,,,19.05936,19.05936
Pigz,,18.72277,,18.72277
Cd200r5,,,,
PcgF3,14.65257,20.29356,,17.473065
Rccd1,,,,
Cdk5rap1,20.13458,21.02073,22.93409,21.02073
Pak4,22.72467,22.50001,21.49453,22.50001
Slc4a7,18.21039,,19.36001,18.7852
Ikzf5,19.4145,17.47287,16.62899,17.47287
Pwp2,24.4008,24.28122,23.53659,24.28122
Pamr1,,18.2793,,18.2793
Aifm2,21.0414,20.45111,20.33778,20.45111
Txnl4b,,,,
Nme7,21.021,21.54307,21.1218,21.1218
LRWD1,20.77925,21.53773,20.84153,20.84153
Lrp12,21.4493,20.64992,17.55315,20.64992
Ptpn7,,19.35574,22.24039,20.798065
Slc24a2,20.68748,19.96296,18.69129,19.96296
Fam43a,16.81077,21.37226,,19.091515
Zfp788,20.68046,19.52449,17.28311,19.52449
Foxj3,20.66882,21.92281,21.46379,21.46379
Gphn,,,,
Lsm11,22.46324,22.07169,21.43502,22.07169
Kcnk10,20.63777,21.48134,21.84199,21.48134
Pla2g3,,,,
Ifi44,,,,
Aph1a,,,,
Mettl6,21.12143,20.58729,21.27475,21.12143
Trip11,,,,
Sp110,18.24195,,19.81124,19.026595
Jakmip1,,,,
Azin2,,21.72,22.30983,22.014915
Phf11a,,,,
Mterf4;Mterfd2,26.60456,26.61512,20.4172,26.60456
Rspry1,23.12539,22.90536,22.28348,22.90536
Trim14,21.40458,21.99721,17.09743,21.40458
Supt3,21.408,20.63334,19.95858,20.63334
Plin5,24.7179,24.31472,16.34641,24.31472
Il33,,,,
Ptrh1,20.53716,20.94956,19.89012,20.53716
Nob1,24.17211,23.82571,24.02344,24.02344
Ttc12,20.74222,23.30257,20.2383,20.74222
Ap1s2,,17.97584,,17.97584
Camk1d,,,,
Steap2,,,18.77204,18.77204
Tpcn2,21.58527,,20.8946,21.239935
Arrb1,,,,
Orai1,21.96106,21.30034,,21.6307
Slc38a7,21.06467,21.51239,19.89029,21.06467
Ldlrad4,,,,
Rbms3,,,,
Stfa2l1,,18.84797,,18.84797
Ttpa,,,,
Rhpn2,,,,
Dip2a,,,,
Sprn,,,,
Fam131a,,,,
Slc39a11,23.28982,24.04034,22.67159,23.28982
Gk5,,,,
Pgam5,23.85833,24.02834,23.80902,23.85833
Ube3d;Ube2cbp,,,,
Eda2r,,,,
Relt,,,,
Vps13c,,,,
Trerf1,18.22331,,16.85404,17.538675
,21.77848,21.52435,18.24284,21.52435
Ppm1k,20.18156,,,20.18156
Stard7,,,,
Fam53c,20.97288,20.85612,20.8112,20.85612
Osbpl6,,21.07835,19.85469,20.46652
Fgd2,17.01171,13.63424,20.52009,17.01171
Znf574,13.50556,,,13.50556
Usp47,,,,
Epha10,19.36662,,,19.36662
Trmt13,,17.68736,15.97632,16.83184
Chd9,18.79313,19.01596,18.95691,18.95691
Rsph4a,,15.26529,,15.26529
Slc41a2,20.03792,19.51131,,19.774615
Arhgap25,,,,
Elmo3,22.25649,,20.30129,21.27889
Slc9a9,18.29513,21.347,22.15379,21.347
Prkd2,20.27492,19.93131,19.69697,19.93131
Slc25a21,,,,
Znf609,20.97946,20.18107,17.29248,20.18107
Tctn1,19.97575,,18.49178,19.233765
Slc13a4,,18.29616,,18.29616
Dnm3,,,,
Gpr26,20.36975,21.72322,21.57985,21.57985
Nipal4,,,,
Afap1l1,,,,
Slc35f4,,,,
Neu4,,,,
Klhl12,20.95893,21.25511,20.55497,20.95893
Kcnv1,21.52353,17.58005,,19.55179
Nuak2,,,,
Dhx32,,,,
Lacc1,17.48864,,19.83627,18.662455
Sowahb,,,,
Tpbgl,,,,
Chpt1,19.67026,,,19.67026
Eno4,17.46953,18.89475,17.70286,17.70286
Camkk2,20.72384,19.7937,19.3398,19.7937
Ccser1,21.94614,23.81987,21.46777,21.94614
Trub1,21.53687,21.46324,22.86013,21.53687
Ing4,19.59671,,22.17992,20.888315
Trim47,16.55139,,19.65425,18.10282
Trim47,,,,
Prss35,,,,
Traf3ip3,19.48176,19.07509,19.29057,19.29057
Epc2,20.97001,20.69396,20.86333,20.86333
Atg16l1,,,,
Dnai1,,,,
Agpat9,23.52049,23.7103,,23.615395
Mastl,,14.91821,,14.91821
Znf451,18.97264,16.93168,16.73991,16.93168
Ttc34,20.89334,,,20.89334
Zfp317,16.66511,15.93724,,16.301175
Dis3l,20.55065,18.58053,20.00374,20.00374
Mfsd9,,,19.47148,19.47148
Frmd6,20.45453,,,20.45453
Slitrk6,,,,
Sh3rf3,22.54569,23.20784,22.56419,22.56419
Ldlrap1,,,20.37337,20.37337
Mslnl,,,,
Mbnl2,21.79035,,,21.79035
Cps1,23.62522,23.84384,23.63367,23.63367
Mtrr,17.23397,20.23725,20.53687,20.23725
,18.41146,18.1246,,18.26803
Iws1,24.45205,24.2027,24.10653,24.2027
Csgalnact2,20.12553,20.17426,20.64632,20.17426
Krtap16-3,23.66709,,,23.66709
Smim4,,,,
Bbs4,21.75193,21.88584,22.3844,21.88584
Trmt10a,21.97025,21.12389,20.54009,21.12389
Ikzf4,,,,
Dpep2,17.26929,20.50756,,18.888425
Pqlc3,,,,
Ska3,18.07796,17.08286,,17.58041
Tsen54,20.52219,18.88128,19.29309,19.29309
Suco,21.05099,20.69702,20.57099,20.69702
Layn,,,,
Rft1,20.97014,18.1138,18.11787,18.11787
St6galnac4,,,,
Tango6,21.24574,21.53431,20.59787,21.24574
Zbtb37,19.98426,21.11623,21.46867,21.11623
Kntc1,19.87746,18.04825,18.60096,18.60096
Yipf4,22.25035,22.31788,21.07731,22.25035
Wdpcp,17.16172,,18.11294,17.63733
Cenpu,,,,
Herpud1,22.0234,21.96642,20.49463,21.96642
,,,,
Tmem154,,,,
Tmem145,16.7276,17.65774,18.19701,17.65774
Sfrp1,28.05631,28.68187,27.4906,28.05631
Fbxl3,20.52755,17.08317,18.12364,18.12364
Nrn1l,,,,
A730017C20Rik,19.08525,19.47483,20.5925,19.47483
Max,16.39208,19.82875,18.97239,18.97239
Rad51ap1,,,,
Fam78a,,,19.13408,19.13408
Pias2,20.90176,22.10454,19.71972,20.90176
Vash2,22.33914,22.71408,20.84766,22.33914
,21.42091,20.59596,21.08894,21.08894
Nt5dc1,,,,
Dcun1d4,19.67558,16.8764,17.27858,17.27858
Rtkn,,,,
Rps19bp1,20.07366,20.30797,20.02553,20.07366
Fam204a,,,,
Bend5,18.90853,,18.17045,18.53949
Mb21d1,20.5417,22.11807,21.47586,21.47586
Zfp57,22.41243,22.6988,22.23693,22.41243
,,,,
Lin9,17.68968,20.76028,19.97771,19.97771
,,,15.06154,15.06154
Fam221a,19.39605,,,19.39605
Stbd1,17.85769,,,17.85769
Trim9,,,,
Galnt6,,,,
Emc1,23.94333,22.96853,22.98675,22.98675
Spice1,18.42382,19.27367,18.61698,18.61698
Slc35e2,18.01443,17.60675,,17.81059
Tusc5,,,,
Scara3,,,,
Zfp202,,,,
Rtp1,,,,
Fam60a,,,,
Vwc2,,,,
,,,,
Nrxn3,,,,
Fam26f,,16.41899,,16.41899
Zfp446,19.33523,,,19.33523
Atg4a,17.12848,,19.59769,18.363085
Epc1,19.02726,19.58094,20.16974,19.58094
Atp5sl,20.14793,22.35931,19.9655,20.14793
Shisa4,,,18.04559,18.04559
Araf,23.38245,23.91095,24.18382,23.91095
Nhsl1,,,,
Rab36,21.65277,23.09181,21.20126,21.65277
Rad23a,,,,
Immt,,,,
Parp9,,,,
Ybey,24.08554,23.96798,22.07048,23.96798
Tmem194b,,18.24005,18.15185,18.19595
Lrp11,,,,
Rassf4,18.25243,19.82201,,19.03722
Rsad2,18.09027,17.6692,17.71398,17.71398
Lrrn3,20.25661,20.85643,20.49726,20.49726
Nrip1,18.06339,18.62492,,18.344155
Rnf170,23.13615,23.2487,23.20817,23.20817
Tsku,,,,
Dcaf12l1,,,,
Bivm,20.77668,21.20461,20.73223,20.77668
Gatc,21.90415,22.25153,21.93665,21.93665
Cdan1,20.92165,19.21193,17.99551,19.21193
,,,,
Rybp,,21.15863,20.32367,20.74115
Amer2,23.41867,22.85793,22.81163,22.85793
Slc35e1,22.50899,21.83634,22.85641,22.50899
,,,,
Zbtb9,17.60328,16.82401,,17.213645
Lrif1,,,,
Ston1,18.98754,17.82128,18.03607,18.03607
Iqub,18.36926,,17.74583,18.057545
Dnal4,22.22329,22.7728,23.04891,22.7728
Dmtf1,21.95294,21.94009,17.19653,21.94009
Pramef8,17.77886,18.95188,,18.36537
Znf276,20.02837,20.70278,19.31261,20.02837
Pask,,16.95753,16.95106,16.954295
Fem1c,19.91459,19.91421,19.36767,19.91421
Ccdc28b,23.06174,22.65964,,22.86069
Usp27,19.23173,18.76163,17.7743,18.76163
Smco1,,,,
Zfp263,,,18.03987,18.03987
Lamtor4,,,24.74996,24.74996
Irak2,,21.45714,21.31518,21.38616
Ercc8,18.54879,18.38675,17.70056,18.38675
Btbd7,,16.02484,,16.02484
Sulf2,20.09713,21.3443,17.45033,20.09713
Dmrta1,,,,
Slc25a45,,,,
Dennd1c,,,,
Zswim3,17.6918,16.93064,17.59222,17.59222
Mef2c,,,,
Setd1b,21.32499,24.23922,20.40499,21.32499
Ngfr,21.07477,20.87733,16.73026,20.87733
Tp53inp2,,,,
Ano2,16.51898,,16.55451,16.536745
Cox10,23.42227,22.095,22.05073,22.095
Gpc3,23.18233,22.2159,21.95699,22.2159
Ltbp1,,17.11756,,17.11756
Smc5,21.42808,23.93301,23.68325,23.68325
Rab43,20.91116,20.37592,20.9679,20.91116
Fkrp,23.73304,20.26602,19.44795,20.26602
Leprel2,,,,
Rpgrip1l,18.5723,18.52749,18.1206,18.52749
Mamdc2,16.81603,16.457,16.91684,16.81603
Uaca,19.10049,16.69547,17.87322,17.87322
Ifi205a,,,19.55437,19.55437
Arhgap29,23.54428,23.2863,22.78159,23.2863
Bcor,20.37624,20.7144,16.09754,20.37624
Tshz3,19.49058,19.30748,19.8042,19.49058
Oraov1,20.28816,21.36624,20.98545,20.98545
Nav1,19.10789,19.51559,19.0107,19.10789
Adnp2,19.7637,17.13561,18.55266,18.55266
Gltscr1l,18.02718,19.46443,17.24776,18.02718
Rln3,,,,
Epn2,,,,
Epn2,,,,
Tada2a,,,,
Mbtps2,,,,
Slain2,21.18507,19.64105,18.67221,19.64105
Pdgfc,19.53035,19.58802,19.38703,19.53035
Stoml1,25.87166,25.5257,22.09742,25.5257
Dis3l2,,,,
Slc35b4,,,22.95559,22.95559
Hiatl1,,,,
Esco2,,,,
Csrp2bp,,18.99697,19.05783,19.0274
Fam20a,,,,
Zmiz2,22.54007,22.46966,22.32276,22.46966
Btd,21.1254,,,21.1254
Sidt2,22.37904,22.62384,21.22729,22.37904
Kdm1b,23.20698,22.3648,23.13602,23.13602
Crlf2,,,19.79335,19.79335
Rfwd3,,,,
Lrrc45,21.53834,,17.60942,19.57388
D2hgdh,24.99123,25.45839,24.29467,24.99123
Gpr84,,20.43939,,20.43939
Card11,,,,
Crh,,,,
Peo1,22.15258,21.53041,20.01577,21.53041
Crocc,,,,
Neurl3,,,,
Ago4,17.29455,16.38217,15.69857,16.38217
Mr1,,,,
Znf467,,,,
Rasgef1b,,17.20218,,17.20218
Tifab,,,,
Klhl2,20.17439,21.5491,22.25217,21.5491
Crk,23.63456,22.76725,22.28529,22.76725
N4bp2l2,17.80971,16.92799,18.22732,17.80971
Hmgcll1,,,,
Nudt13,19.52296,15.61672,,17.56984
Pxdc1,24.47172,23.67077,16.997,23.67077
Poc1a,,,,
Clec4a3,,17.85726,,17.85726
Ammecr1l,21.27736,20.69592,21.23859,21.23859
Tma7,24.90215,23.92922,21.90591,23.92922
Sulf1,,,,
Gtpbp10,23.01264,23.66936,19.86713,23.01264
Cenpo,,,,
Akr1c18,,,,
Stard8,,,17.17612,17.17612
,17.63275,,,17.63275
Ift80,21.11807,21.24493,20.10367,21.11807
Reep4,,,,
Lmbrd1,24.5686,24.43078,24.62801,24.5686
Osbp2,,,,
Cox19,,,,
Zfp60,17.57843,18.18331,,17.88087
Fgb,,,15.95946,15.95946
Slc47a1,,,,
Taf10;Gm4799,,22.84451,17.15066,19.997585
Erich5,,,,
Snapc1,,,,
Tmem17,20.34571,,21.76967,21.05769
Dph3,22.12117,,,22.12117
,,18.68459,17.12424,17.904415
Pms1,18.49744,13.88216,,16.1898
Mtrf1,23.13648,23.13597,17.19844,23.13597
Scnm1,,,,
Saysd1,,17.23472,,17.23472
Rnase2a,,16.08061,,16.08061
Krtap13-1,,,,
Mettl5,22.77901,22.29944,21.86578,22.29944
Angel2,,,,
Slc16a14,22.15019,21.86544,21.53422,21.86544
Lrrc41,23.86325,24.13923,23.04795,23.86325
Evc2,,,,
Tcp11l2,17.68811,19.00939,,18.34875
Obp2a,,20.62391,,20.62391
Spp2,,,,
Sde2,20.55815,17.94146,,19.249805
Cenpi,,,,
Serpinb10,,,,
Creb5,,,,
Phldb2,,,15.54578,15.54578
Unc5d,21.50077,20.64386,20.5346,20.64386
Unc5b,19.86206,18.80281,19.06655,19.06655
Lrrc25,,19.1487,18.6314,18.89005
Kct2,21.77242,22.77652,21.58454,21.77242
Polr1e,18.08566,20.58921,19.61626,19.61626
,21.80912,22.1691,22.30627,22.1691
Slc31a1,26.63506,27.54444,27.01201,27.01201
Relb,22.19135,22.31191,18.07316,22.19135
Hpdl,18.95731,18.96894,18.52118,18.95731
Mtmr3,,,,
Gulp1,21.7915,22.60402,21.39153,21.7915
Alg3,,21.04647,18.40237,19.72442
Leprel4,17.28437,15.13815,,16.21126
Os9,,18.38961,,18.38961
Plcd3,20.44152,19.81151,19.25121,19.81151
Rell1,21.49872,21.38216,20.55328,21.38216
Agfg1,21.69748,,,21.69748
Srrd,,,,
Lurap1l,20.38785,,20.47298,20.430415
Rfesd,22.60567,21.44844,19.81581,21.44844
Chchd7,,,,
Znf668,20.09378,20.10457,19.81619,20.09378
,,,,
Txndc11,19.06865,18.85121,19.14123,19.06865
Atp10d,22.61556,20.53317,23.34584,22.61556
Gtf2h5,,,,
Eva1b,,,,
Ddx52,22.06924,22.70809,21.84521,22.06924
Tmem129,17.27912,20.67245,,18.975785
FRRS1,,18.98415,,18.98415
Usp45,20.09905,20.05801,19.44336,20.05801
Cdk5rap2,18.4435,19.60243,19.68752,19.60243
Mnd1,,,,
Trpt1,,,,
Swi5,,,,
Znf131,20.63609,20.31462,20.68312,20.63609
Cables2,20.99776,20.67676,,20.83726
Cnot6,19.64827,18.44071,20.0258,19.64827
Plcd4,17.29733,20.20096,17.60971,17.60971
Kiaa1024,25.7712,,19.71358,22.74239
Casc3,19.15776,18.01841,,18.588085
Retnlg,,,,
Emilin2,,23.62109,23.634,23.627545
Mta1,22.1418,22.37682,21.70594,22.1418
Irak3,17.2393,20.34028,21.37023,20.34028
Slc36a1,22.61329,22.53711,22.29777,22.53711
Alms1,14.0977,19.25622,19.13295,19.13295
Mkl1,,,,
Cetn4,,,,
Pank1,22.57143,22.79487,21.20932,22.57143
Ddx54,21.8155,22.12398,20.68149,21.8155
Pof1b,,,,
St7l,18.75978,19.01737,,18.888575
Neil1,19.0329,,,19.0329
Pitpnc1,,,,
Dlgap5,15.64047,,,15.64047
Plce1,15.78141,16.04506,14.36236,15.78141
Stradb,22.10476,22.34914,20.37581,22.10476
Clcn3,,,,
Treml1,,,,
Mcoln2,17.43819,19.42177,22.88206,19.42177
Mcoln2,,18.0474,18.16177,18.104585
Mcfd2,24.33286,24.1149,,24.22388
Traf3ip2,,,,
Tram1l1,20.86665,21.02513,20.8662,20.86665
Oaf,,,,
Fam58b,,18.68709,19.1865,18.936795
Flcn,21.75821,21.67094,23.40185,21.75821
Arhgap9,18.6358,19.47888,18.84058,18.84058
Sbk1,23.15252,22.67368,23.31202,23.15252
Glyctk,21.66891,21.04206,20.08187,21.04206
Bloc1s5,26.34912,26.7618,25.40181,26.34912
Pcgf1,22.69789,22.45714,22.03966,22.45714
Lyrm2,21.6348,21.85977,,21.747285
Rpp21,,,20.76296,20.76296
Bfar,23.12532,23.1453,22.18979,23.12532
Gtse1,,,,
Hnrnpl,21.60508,22.3141,19.77038,21.60508
Fbrs,18.28451,17.39046,18.69517,18.28451
Zbtb44,,,,
Otx2,,,,
Sumf1,,19.46521,20.01645,19.74083
Rbmx2,23.09987,23.43148,23.05798,23.09987
Sec14l4,,,,
Tm2d2,,22.87288,,22.87288
Tmem134,15.20762,,,15.20762
Ccdc137,,,19.03601,19.03601
E2f4,14.79452,20.00141,19.70462,19.70462
Znf768,,,,
Eppk1,,,15.96844,15.96844
Ndfip1,21.15721,24.07235,16.4812,21.15721
Enox2,,,,
Enox2,19.19003,21.66462,19.91341,19.91341
Prelid1,,,,
Serpina10,,17.74695,,17.74695
Klhl36,19.62228,16.0454,20.20084,19.62228
Tmem119,,,,
Slc29a4,20.29939,22.44816,20.38321,20.38321
Pttg1ip,,19.79527,,19.79527
Fam110a,21.5588,21.43064,,21.49472
Mmd2,,,,
Dock7,19.60435,19.74972,19.87691,19.74972
Rorb,,,,
Kcnc4,,,,
Vopp1,,20.30307,19.22322,19.763145
Mettl22,22.1479,23.12296,22.95853,22.95853
Apbb3,17.14221,,,17.14221
D8Ertd738e,25.05763,24.30131,22.49787,24.30131
Hyi,24.78965,23.29908,23.85196,23.85196
Rpp40,20.08512,21.17457,19.07533,20.08512
Tasp1,21.46433,21.2083,,21.336315
Pdlim2,20.22235,16.27549,22.74768,20.22235
Ubac2,23.41209,24.03305,21.44617,23.41209
Kdelr3,,,,
Hmces,20.6313,22.19256,20.72259,20.72259
H2afj,,,,
Atg10,20.10162,20.65997,19.23874,20.10162
Il34,,,,
Rnf121,,21.08809,21.0673,21.077695
Zc3h10,20.98252,18.61213,19.90497,19.90497
6330416G13Rik,,,,
Ero1lb,18.45238,17.62107,17.92474,17.92474
Ccdc80,16.81428,,,16.81428
Tceanc2,,,,
Ccdc59,17.68058,,,17.68058
Cirh1a,22.01621,21.76259,22.06586,22.01621
Klhl25,19.92167,20.36035,20.16595,20.16595
Zfp940,,,,
Tctn3,,19.9002,,19.9002
Bst2,21.28167,21.97004,22.61746,21.97004
Pomt1,22.4551,21.38516,20.82376,21.38516
Cd177,,,,
Actr8,22.69375,23.02645,22.82367,22.82367
BC027231,16.81077,17.24887,,17.02982
Lrrc42,,,,
Adap2,21.63609,22.03046,21.52071,21.63609
Pank3,23.39663,22.96964,22.48672,22.96964
Blzf1,21.47907,19.48267,21.11133,21.11133
Dolk,,,19.85032,19.85032
Nabp2,22.23681,22.50654,22.56291,22.50654
Slc26a7,,,,
Tmcc3,,,,
Slc35f5,,,,
Ubqln1,24.33204,22.68179,23.2939,23.2939
Rerg,17.71472,,,17.71472
Clmp,24.45425,24.69748,24.71916,24.69748
Larp1b,18.88849,18.77436,,18.831425
Mterf3;Mterfd1,21.00512,21.58774,19.78184,21.00512
Chac1,18.51599,18.48797,19.19797,18.51599
Mmgt2,21.33118,,,21.33118
Tcf25,18.19051,,,18.19051
Tcf25,,,,
Slco3a1,23.4979,22.57041,20.43665,22.57041
Slco3a1,,,17.4888,17.4888
Cdk8,19.37655,18.60968,19.0758,19.0758
Dtx2,19.00292,,20.41658,19.70975
Rnf113a1,,,,
Tspan33,,,,
Aimp2,22.05308,22.63099,22.72109,22.63099
Sh3glb2,,,,
Cuedc1,23.17604,23.17531,22.3514,23.17531
0610009B22Rik,,,,
Atp2a1,,,,
Nlrp3,14.41098,15.88927,14.12759,14.41098
Cdt1,18.62067,,13.03762,15.829145
Ntng2,,,,
Arhgef12,20.86635,20.29255,19.97631,20.29255
Slc30a5,22.96395,22.72345,23.62288,22.96395
Atxn7,15.28265,15.02618,14.74152,15.02618
Pappa,,,,
Abcc10,20.20275,19.28197,18.49833,19.28197
Cys1,,,,
Mypop,18.58439,17.08877,,17.83658
Nfam1,,19.91663,19.42524,19.670935
Etv3,16.94444,17.2692,18.3247,17.2692
Fktn,22.57147,21.61634,21.89855,21.89855
Rhoq,19.54674,19.21338,18.20929,19.21338
Sh3kbp1,,,,
Gipc3,,,,
Cadm1,19.61744,18.69221,17.27412,18.69221
Txlnb,19.3919,20.13458,,19.76324
Apobr,20.21644,20.46074,20.46114,20.46074
Banp,19.58173,19.08195,19.86042,19.58173
Bbx,15.01385,15.70881,14.0754,15.01385
Asb13,,,,
Dhrsx,21.7162,21.80239,21.81968,21.80239
Akr1c13,22.07927,21.05834,19.15845,21.05834
Rpap2,18.61328,,17.50928,18.06128
Pex12,23.08839,23.11883,23.58256,23.11883
Wrap53,20.23011,20.10738,20.9643,20.23011
Rbpms2,,,,
Kctd5,24.28546,24.55485,23.60093,24.28546
Glb1l,17.20008,22.80845,24.44847,22.80845
Nrm,20.35434,24.23929,23.35205,23.35205
Ssx2ip,18.21599,19.18343,22.71919,19.18343
Slc22a6,,,,
Rbms2,,,,
Akr1c20,,,,
Cyp4f15,17.64019,18.54431,,18.09225
Tmem161a,18.98089,20.60223,19.78405,19.78405
Med25,23.18813,23.3159,23.17469,23.18813
Hpgd,21.22958,20.72559,,20.977585
Ces1,19.72763,,19.69552,19.711575
Kdm4c,18.76234,19.49005,18.80448,18.80448
Plekhh3,21.95077,19.14353,21.2387,21.2387
Cant1,23.55555,22.86098,22.56542,22.86098
Dhcr24,24.85733,24.37066,24.01376,24.37066
Rdh10,21.36922,21.90878,20.86922,21.36922
Lrrc3b,,,,
Plbd1,19.28385,19.764,,19.523925
Swsap1,23.26814,22.18517,22.49409,22.49409
Tubg2,21.09674,20.86982,21.11623,21.09674
Klhl20,20.19244,20.12123,19.02494,20.12123
Zfp451,19.62876,19.38408,17.2713,19.38408
Zfyve21,21.45362,20.97994,,21.21678
Fgg,,,,
Ak6,23.31879,21.67569,23.41983,23.31879
Nrbf2,15.69098,20.91203,20.81018,20.81018
Sgms1,,,,
Tmem242,,,,
Abhd14b,17.64118,,19.1747,18.40794
Med9,25.7312,24.97845,23.34881,24.97845
Ces1d,,,,
Angel1,16.1961,16.70509,,16.450595
Ces3b,,20.07156,21.61243,20.841995
Ndrg3,,,,
Unc93b1,16.51222,15.1007,15.41782,15.41782
Slc35c2,,,,
Rpusd1,,,,
Tmem97,24.36773,25.4438,23.46625,24.36773
Gripap1,,,,
Tapbpl,21.54783,20.15264,20.52229,20.52229
Sgip1,,,,
Sgip1,,,,
Sft2d2,,,,
Evi2b,,22.00494,,22.00494
Gtf2h3,19.38534,20.8053,,20.09532
Alg12,21.87144,20.63635,19.80848,20.63635
Uhrf1,19.7604,18.56685,17.22232,18.56685
Dapk2,,,,
Epsti1,,,,
Alg9,22.72299,23.71471,23.7291,23.71471
Glis2,,,,
Sirt2,16.33668,,,16.33668
Apol9a,,,,
Mitd1,,22.16082,,22.16082
Ube2w,20.23549,24.2068,20.59914,20.59914
Tmem5,16.3224,16.75186,,16.53713
Efcab7,19.59754,23.52492,22.47993,22.47993
Caap1,18.9508,20.29726,17.11563,18.9508
Mob3b,,,,
Fbxo33,20.02472,18.98128,18.84736,18.98128
Naa40,23.22897,23.32745,22.84776,23.22897
Nkd2,15.24626,15.7559,14.69664,15.24626
Ankrd49,21.98774,21.51941,,21.753575
Paip1,,,,
Taf12,17.55869,16.73661,21.73847,17.55869
Rbm4b;Rbm4,23.70599,23.28743,24.38495,23.70599
Slc35f6,21.96874,22.77246,21.90529,21.96874
Cd276,24.44411,24.60037,24.28814,24.44411
Rab7b;5430435G22Rik,16.06131,16.31842,22.82542,16.31842
Sav1,17.23949,16.86641,17.81059,17.23949
Ccdc71,,18.88685,,18.88685
Rhbdd2,23.40341,24.0141,22.68252,23.40341
Ing3,21.11991,20.76069,21.31777,21.11991
Mospd1,23.05151,22.24235,22.26979,22.26979
Klhdc3,18.45647,20.15091,21.70586,20.15091
Olfr284,23.58405,,,23.58405
Olfr1184,18.88223,18.85538,19.75153,18.88223
Ca9,,,,
Dnah5,20.43349,19.33243,,19.88296
Agap3,,,,
Ccdc65,,,,
Crygn,,,,
Cdhr1,,,,
Socs7,,,13.51558,13.51558
Cacng5,19.0418,19.54231,19.7956,19.54231
Imp4,23.41867,23.31396,23.26699,23.31396
Gbgt1,,,,
Noc3l,20.73057,20.7185,20.80176,20.73057
Oasl1,17.98948,21.40764,16.23444,17.98948
St3gal6,,,,
Barhl2,24.78127,22.66277,21.90551,22.66277
Recql5,,,,
Mpv17l2,,21.05046,21.29972,21.17509
Havcr2,,,,
Impa2,22.47709,19.94364,21.73934,21.73934
Tram1,21.37788,22.93645,22.701,22.701
Slc12a5,,,18.57655,18.57655
Lyrm5,,22.23669,,22.23669
Chn1,,,,
Rbm42,,,,
Fgfrl1,18.51044,18.12923,17.80095,18.12923
Npnt,18.58773,19.41559,19.32799,19.32799
Hps3,16.43671,17.00821,19.77203,17.00821
Pcdhb17,19.07744,21.02256,18.77632,19.07744
Col26a1,23.17904,20.82252,,22.00078
Eef1d,22.48035,,,22.48035
Zbtb1,19.42741,18.74199,15.69936,18.74199
Lrp5,15.19583,,,15.19583
Farp2,19.25105,17.5109,17.42718,17.5109
Nsmce2,22.08761,,18.92048,20.504045
Ptov1,21.77937,22.73542,21.8606,21.8606
Dennd2d,,,17.7088,17.7088
Zkscan3,19.99175,18.51538,19.0507,19.0507
Nxph3,,,,
Tmem168,22.71064,22.99852,21.96028,22.71064
Kdm4b,24.25212,24.19746,23.56395,24.19746
Znf622,23.75807,23.85243,23.56267,23.75807
Cox4i2,20.7107,,20.08161,20.396155
Usp3,20.74501,22.25055,21.38459,21.38459
Paip2b,,,,
Tmem19,24.05606,23.81656,24.21941,24.05606
Nmrk1,,,,
Usb1,21.14923,20.90698,21.15456,21.14923
Slc15a4,20.15993,21.03885,20.30508,20.30508
Tipin,,15.27616,13.28184,14.279
Cxxc5,,,,
Ppapdc3,,,,
Plekhf2,22.24609,22.7726,21.64077,22.24609
Ubtd1,,,,
Pot1,19.69678,,,19.69678
Gpr108,21.54519,20.61926,20.2049,20.61926
,21.61396,21.85525,21.51494,21.61396
Rpp25,21.76967,21.69511,21.63019,21.69511
Trub2,18.55165,19.24556,18.99697,18.99697
Fubp1,,,,
Fubp1,,,,
Ankrd54,23.86825,22.96017,22.45448,22.96017
Zfp617,,,,
Tmem150a,,,,
Calml4,,18.41138,,18.41138
Gpx6,,,,
Dnajc17,22.56883,23.87136,22.03039,22.56883
Akr1c14,21.36068,20.48709,22.41199,21.36068
Rbm47,,,19.42718,19.42718
Tmco4,19.67005,16.77507,20.18241,19.67005
Zdhhc7,,18.73688,,18.73688
Dtnbp1,22.62167,22.58144,21.71297,22.58144
Kiaa2013,22.01747,22.1142,21.34706,22.01747
Baat,,,,
Zbtb3,,18.08649,18.49833,18.29241
Arhgef3,,,,
S1pr5,,,,
Cyp2a5,,,,
Flvcr2,,,,
Tmem98,,,,
Qprt,,19.33566,,19.33566
Snapc2,17.10534,19.58417,19.19147,19.19147
Klhdc8a,19.29887,,,19.29887
Ajuba,,,,
Dap,19.42649,20.60657,,20.01653
Slc25a38,18.63839,,,18.63839
Atp6v0e2,,,,
Tmem205,22.74557,24.66639,22.67023,22.74557
Rnf167,20.9058,18.25391,18.32711,18.32711
Lrg1,,,,
Lnx2,,,,
Dlg2,16.25261,16.35485,13.86341,16.25261
Chst15,18.93131,16.39435,,17.66283
Mtmr4,20.05139,19.57618,19.8999,19.8999
Pcdhgc4,22.49731,21.86416,21.92448,21.92448
Pcdhga4,22.5355,21.8642,22.33456,22.33456
Pcdhgb6,17.68647,15.91506,20.50019,17.68647
Pcdhb8,,,,
Pcdhb5,18.73215,18.93163,16.50857,18.73215
Pcdhb4,19.471,19.14878,,19.30989
Pcdhb3,21.43705,20.65465,20.52774,20.65465
Pcdhb2,19.67494,17.96607,17.93145,17.96607
Pcdhb19,15.58411,18.13526,19.29437,18.13526
Pcdhb18,19.64695,,,19.64695
Pcdhb16,19.04289,19.73339,20.76377,19.73339
Pcdhb15,18.21333,17.97673,19.18592,18.21333
Pcdhb1,,,,
Pcdha9,20.46463,20.09146,19.88749,20.09146
Pcdha9,20.24272,21.15518,20.61126,20.61126
Pcdha9,19.4614,20.18289,19.61515,19.61515
Pcdha9,21.64606,21.87519,,21.760625
Siglec12,,,,
St3gal4,18.14937,16.79424,18.84763,18.14937
Klk6,,15.39074,15.92084,15.65579
Aldob,21.87316,,,21.87316
Egln1,20.6435,20.82749,21.46034,20.82749
Synpo2,,,,
Papd4,18.04174,,,18.04174
Fam118a,21.51123,22.32334,20.50232,21.51123
Bcdin3d,21.16177,,,21.16177
Msantd4,,,,
Ppan,22.65914,22.37965,20.71984,22.37965
Themis2,,19.68859,,19.68859
Pex2,,,,
Tmem123,,,,
Dusp7,18.62003,20.38753,19.67392,19.67392
Myh7,16.63609,,15.49364,16.064865
Emr4,,,,
Mpped1,21.76409,20.26431,22.32092,21.76409
Ugp2,,,,
Tfap2d,24.97482,22.51263,22.00285,22.51263
Sh2b1,,,,
Dok5,20.25084,22.42629,21.52473,21.52473
Nek8,,,24.04477,24.04477
Dst,,,,
Dcbld2,17.93261,17.58197,16.94112,17.58197
Gpr124,19.63174,19.08623,19.03325,19.08623
Senp2,20.66588,20.77957,20.83175,20.77957
Med28,24.55789,24.01529,24.80297,24.55789
Smc1b,19.07141,14.40215,17.48613,17.48613
Gmcl1,21.52803,21.51345,19.71171,21.51345
Elovl6,22.08229,22.07692,17.54306,22.07692
Coro6,,,,
B3galnt1,21.04033,21.54019,22.30822,21.54019
Med6,23.69572,23.01125,22.19967,23.01125
Lrch4,,,,
Ube2s,17.97969,21.83607,22.14557,21.83607
Fam115c,,,16.02337,16.02337
Hemk1,22.14046,22.11168,18.03467,22.11168
Galnt11,18.31756,19.77974,19.52388,19.52388
Gps2,,,,
Tceal1,,,,
Dnajc14,17.32166,,16.59735,16.959505
Tor1aip1,,,,
Smtn,,,,
Tial1,22.51684,23.42905,21.82314,22.51684
Polr3f,24.57317,21.02614,,22.799655
Imp3,24.85984,24.48228,24.48745,24.48745
Mfsd5,21.45347,21.42737,19.20929,21.42737
Fam76a,19.9282,21.50242,17.84739,19.9282
Znf330,22.70811,23.12939,23.34611,23.12939
Clip1,,,,
Cdca7l,,,,
Prkx,21.62006,21.90356,19.58776,21.62006
Kif2c,,,,
Mfap3,,,,
Pycr1,27.21271,27.6363,27.13594,27.21271
Ddo,17.30305,19.09401,17.40898,17.40898
Tmem159,19.56963,,,19.56963
Map3k7,,,,
Nrif1,,,,
Steap4,22.65755,24.68992,23.11679,23.11679
Clec4a;Clec4a2,,,,
Parm1,,,,
Gtpbp3,,20.52248,16.90994,18.71621
Ear6,,,,
Camk2g,,,,
Camk2g,20.27923,20.35046,20.5173,20.35046
Rad51c,,19.34908,,19.34908
Xrcc4,17.33307,,16.97444,17.153755
Smc6,21.78995,21.93744,20.85476,21.78995
St5,14.86622,,19.40794,17.13708
Lmo1;Lmo3,24.05507,24.24605,22.85652,24.05507
Cpt1b,,,,
Tram2,,,17.8764,17.8764
Cybrd1,23.98251,23.85823,23.39231,23.85823
Asic2,,,,
Krtap19-2,,,,
Sfxn4,,20.88532,21.94024,21.41278
Sfxn2,20.99659,20.92911,21.48015,20.99659
Ceacam2,,,,
Slc8b1,,,,
Dach2,,,,
Plagl2,,,,
Grip1,18.87769,22.56795,21.03409,21.03409
Edem1,21.79329,23.05553,21.46034,21.79329
Myo5a,,,,
Csprs,,,,
Ctu1,24.50978,24.8479,24.86773,24.8479
Smim11,,,,
Mcoln1,21.70763,21.68804,20.77346,21.68804
Ghdc,21.76745,20.94371,21.42291,21.42291
Mrm1,21.73929,12.66407,20.64394,20.64394
Ttc30a1,16.80423,15.95288,18.41245,16.80423
Rbm43,,,,
Ifitm2,,,19.92595,19.92595
Calca,,,,
Klf7,22.15567,19.77187,20.36003,20.36003
Tnip2,,13.58155,,13.58155
Rpp25l,24.27092,23.54616,23.19463,23.54616
Kdelr1,,,,
Mustn1,,,,
Spef1,,,,
Krcc1,,,,
Tlcd1,,,,
Epcam,,,,
Taf11,,19.80452,,19.80452
Pdxdc1,,,,
Nrf1,21.87953,21.77161,22.24406,21.87953
Med24,19.21658,18.586,17.98937,18.586
Tab2,22.79834,22.77479,18.80149,22.77479
Stat1,,,,
,19.81447,20.20824,21.01679,20.20824
Hagh,,,,
Smagp,,,,
Dok4,25.31517,25.60933,24.00761,25.31517
Lsr,,,,
Hps4,,17.70873,,17.70873
Arrdc1,22.07264,22.09091,22.01403,22.07264
Rnf34,21.4289,22.6011,21.35612,21.4289
Ngrn,20.78189,,21.64579,21.21384
,23.3453,23.09611,22.18229,23.09611
Triobp,,,,
Znf639,,,,
Haus8,22.48451,22.2596,22.46389,22.46389
PAGR1;Pagr1b,,,20.25707,20.25707
Gstt3,,18.28184,,18.28184
Rsl24d1,,,,
Pdgfa,18.40495,21.08401,,19.74448
Dnttip1,20.14021,16.2989,20.35089,20.14021
Rilpl2,22.54198,22.58765,23.1137,22.58765
Lysmd3,,,,
Dcaf4,18.87811,20.61863,18.95651,18.95651
Gnl2,23.02433,21.51778,22.93695,22.93695
Clp1,21.33941,22.72918,16.6358,21.33941
Cmtm3,21.48797,,,21.48797
Nus1,20.10149,20.44758,20.97267,20.44758
Chst12,20.7432,18.83741,19.96607,19.96607
Yipf2,,,,
Mbip,,,,
Mmadhc,21.27048,,,21.27048
Ankrd10,22.08722,21.69387,16.15478,21.69387
Mmtag2,,17.35139,19.20848,18.279935
Gins4,19.9113,19.44174,19.57522,19.57522
Rwdd2b,20.18447,18.79519,21.58265,20.18447
,23.84316,24.20486,23.48653,23.84316
Cdca3,19.90695,18.60932,19.9648,19.90695
Krt84,,,,
Scrt1,,,,
Dnaja3,21.08395,20.4287,20.67668,20.67668
St7,22.47048,22.34746,21.73368,22.34746
Mtfr1,17.84995,,,17.84995
Nme5,,,,
Erc1,18.57865,17.82817,18.70188,18.57865
Rassf1,,,,
Zmynd10,,,,
Bbc3,21.41302,22.3909,22.96031,22.3909
Rnf111,,,,
Bicc1,,,,
Pink1,,,,
Aspn,22.19009,,,22.19009
Col25a1,,,,
Mpv17l,,,,
Ehbp1l1,,,,
Tpra1,,,,
Adar,,,,
Mlxipl,,,,
Ms4a6c,,,,
Ms4a6b,,,,
Dusp22,,,20.90316,20.90316
Hdac9,22.41297,21.51927,21.6859,21.6859
Cyp4f3,,,,
Cyp4f13,,,,
Brms1,,,,
Mrpl34,,22.27827,,22.27827
Srd5a2,20.54764,18.73092,,19.63928
Pcgf6,19.99686,20.33516,,20.16601
Bco2,,,,
Ranbp17,,16.26186,,16.26186
Trem2,,,,
Gtf2ird2,17.56778,18.01835,17.10421,17.56778
Rassf3,,,,
Slc29a3,,21.34922,19.03963,20.194425
Nuf2,,,,
Rtn4,20.61117,20.64051,20.40987,20.61117
Slc24a3,,,,
Cdh23,17.4386,17.10072,16.89475,17.10072
Rgs18,22.40439,22.28059,21.7936,22.28059
Lrrc4,20.40499,20.66622,19.91583,20.40499
Rtn4r,19.53014,,20.60838,20.06926
Pcdh15,17.89581,15.90113,15.49192,15.90113
Trim8,16.77854,17.00481,15.88929,16.77854
Trim26,22.96563,22.69,21.56593,22.69
Trim11,18.43986,18.04137,16.0897,18.04137
Ino80b,19.62779,19.76998,,19.698885
Kif19;Kif19a,,,21.99797,21.99797
Bap1,18.78043,15.07727,21.89807,18.78043
Bhlhe41,,,,
2210010C04Rik,18.90169,,19.62235,19.26202
Npm3,26.97487,25.0578,26.31766,26.31766
Cenpq,,,19.01922,19.01922
,21.75079,21.27668,21.1389,21.27668
Slc31a2,,,,
Anapc16,,20.35035,20.09893,20.22464
Pmf1,,,,
Cntnap2,21.53379,21.31008,21.26035,21.31008
Cntnap2,,,,
Ssr2,,,,
Metap1d,21.51263,21.59651,21.41437,21.51263
Uqcr11,26.25162,27.66153,25.70023,26.25162
Anapc11,24.43224,25.9313,24.25407,24.43224
Ftsj2,22.00463,21.13665,18.99128,21.13665
Mrpl51,25.06139,24.33688,25.0859,25.06139
Ormdl3,22.89968,23.48775,23.79996,23.48775
Tmem261,25.83882,25.78414,25.7893,25.7893
Ogfod2,,16.6095,18.82324,17.71637
Coprs,24.66427,24.7741,24.46345,24.66427
Mcts2,20.24447,20.78365,19.29069,20.24447
Fbxo36,,,,
Ube2t,,,17.61576,17.61576
Med21,,24.01759,22.71131,23.36445
Dut,22.11025,21.82135,22.24447,22.11025
Efcab2,,,,
Tctex1d2,23.08971,22.57519,21.97939,22.57519
Leprotl1,,24.88353,23.78387,24.3337
Itgb3bp,24.51845,,,24.51845
Tspan31,21.90298,24.85975,24.85852,24.85852
,,19.04006,20.08148,19.56077
Cenpm,,,,
Cep19,,19.62242,,19.62242
Fam195a,18.3949,17.43372,21.29625,18.3949
Lyrm1,20.69897,,21.97484,21.336905
Cdc42ep3,17.40191,,17.7674,17.584655
Chmp1b2,25.65363,25.3394,22.39373,25.3394
Rnf138,18.13561,17.3954,17.0635,17.3954
Tmem147,21.03899,21.65687,20.83028,21.03899
Tmem100,,,,
Rpp14,21.73583,22.56728,21.46951,21.73583
Nwc;B230118H07Rik,22.12003,21.78568,22.09126,22.09126
Med30,19.34104,19.42821,22.95711,19.42821
Higd2a,,,,
Mettl21A,,,18.84989,18.84989
Mrpl18,26.20927,24.44815,25.75911,25.75911
Nicn1,20.78859,22.00997,23.3648,22.00997
Kdelr2,,,,
Tmem14c,26.6656,26.50197,25.66882,26.50197
Chchd5,,,18.76289,18.76289
Riok2,21.9774,21.63334,20.61603,21.63334
Haus2,18.24716,18.42681,,18.336985
Pomp,20.30184,24.77545,18.02296,20.30184
,23.27498,22.49962,,22.8873
Immp1l,21.0256,21.13508,,21.08034
Ywhab,22.48584,,,22.48584
Emc6,,,,
Ifitm3,,22.30466,20.08369,21.194175
Paf,,,,
Ndufc1,,,,
Ormdl2,,18.55157,,18.55157
Hsbp1,25.47423,28.69926,25.8753,25.8753
Polr3k,22.16892,22.68333,17.36939,22.16892
Pop4,19.95858,20.49238,18.46786,19.95858
Oxld1,23.19975,23.23549,23.06806,23.19975
,23.61728,23.5844,24.04218,23.61728
Fancl,,,,
Tmem42,,,,
Ppdpf,22.70782,22.656,24.09321,22.70782
Klhl28,18.67083,,,18.67083
Ska2,,,,
Hbb-y,17.6499,,,17.6499
Rchy1,21.39566,19.20299,19.32098,19.32098
,,20.49755,19.6516,20.074575
Slc25a30,22.17822,19.03591,,20.607065
Gadd45gip1,25.69906,25.4214,24.23015,25.4214
Tmem186,24.28609,24.22251,24.87338,24.28609
Msantd3,19.62564,,,19.62564
Fam32a,21.29524,22.04737,22.28354,22.04737
Rbm18,,,,
Ccdc96,,,,
Tmem208,,,,
Golph3,25.17927,24.84953,24.03473,24.84953
Vkorc1;Gm21974,23.45701,26.71555,24.27796,24.27796
Ociad1,23.17921,22.6058,22.89887,22.89887
Ociad1,23.85034,23.12893,23.57242,23.57242
Dbndd2,,,,
Tm7sf3,18.94658,18.93991,,18.943245
Ecd,19.70357,19.70742,19.20946,19.70357
Atp13a2,21.16809,20.76943,19.09213,20.76943
Rhobtb3,17.48141,15.57893,19.401,17.48141
Lhfpl3,,,,
Otud1,21.97474,20.25857,,21.116655
Sppl3,,22.65428,,22.65428
Prkrir,21.1168,20.9796,19.32103,20.9796
Fam133b,21.28472,21.66497,22.62366,21.66497
,23.17948,20.44101,22.59525,22.59525
Nudt17,19.60252,20.48089,21.06631,20.48089
Glipr1,19.65559,,,19.65559
Bloc1s2,23.84871,24.93279,24.19317,24.19317
Katnbl1,19.60165,21.03859,18.82879,19.60165
Mospd2,,,,
Pold4,21.18429,,,21.18429
Gatsl3,,,,
Bex4,20.28229,20.51307,20.14669,20.28229
Ddx28,22.36201,22.6709,21.65399,22.36201
Zdhhc13,22.46695,22.96828,20.59941,22.46695
Mcm8,,,,
Prkrip1,21.22606,20.5904,22.01311,21.22606
Zswim1,19.66464,19.45986,19.46637,19.46637
Rpusd4,22.6804,22.84978,22.69776,22.69776
Setd6,22.48358,21.32542,21.22847,21.32542
Rpain,,19.50533,,19.50533
Utp23,20.03577,20.92673,,20.48125
Cnih4,28.82523,28.51164,28.88501,28.82523
Lbh,22.36967,23.9411,23.87699,23.87699
D10Wsu102e,20.71163,21.58573,22.54411,21.58573
Cyp2u1,18.41113,15.78862,,17.099875
Grap,,,,
L3hypdh,,16.11523,,16.11523
Mgme1,21.58261,21.1582,20.2143,21.1582
Bcl7a,24.00607,23.00866,20.824,23.00866
Chd1l,,18.10631,18.87802,18.492165
Tmem50a,24.55585,24.56483,23.82852,24.55585
Dcx,,,,
Pbld2;Pbld1,17.01911,16.42993,16.17948,16.42993
Exo5,,,,
Kdm8,,,,
Tmem192,22.21827,22.52729,22.80469,22.52729
Wbscr22,21.65731,21.26012,22.16294,21.65731
Tmem179b,21.28308,22.61171,21.23433,21.28308
Mis12,,,,
Gins3,18.63644,22.74464,21.41736,21.41736
Trim13,21.54948,20.36357,21.49746,21.49746
Dsn1,,,,
Crtap,,17.91181,19.12843,18.52012
Tomm34,,,,
Gfod2,24.46942,24.55614,23.82211,24.46942
Qpct,22.40179,22.41227,21.64033,22.40179
Sesn3,20.99948,19.70761,18.43274,19.70761
,,,,
Dph7,22.03785,21.79058,21.53269,21.79058
Tmem135,20.40447,19.78074,19.43306,19.78074
Rrp15,,20.48404,,20.48404
Slmo2,22.33571,21.9561,21.46149,21.9561
2810428I15Rik,24.51785,25.25245,23.49875,24.51785
Mettl18,17.53617,17.98893,,17.76255
Gins1,,,,
Nsfl1c,21.3665,19.78123,20.16938,20.16938
St3gal3,,,,
Nsun4,23.31852,23.5438,21.75463,23.31852
Cmtm6,,,,
Med18,22.43331,,,22.43331
Srfbp1,14.01498,,19.26119,16.638085
Cenpp,19.7494,18.28667,15.67904,18.28667
Zcrb1,21.3297,19.908,21.0428,21.0428
Nde1,17.72594,19.34884,18.82246,18.82246
Thumpd2,19.32573,18.23252,18.00799,18.23252
Med7,19.82563,,19.06418,19.444905
Tmem128,,,,
Mmachc,,,,
Ccdc77,,,,
Aen,20.00977,22.97194,,21.490855
Utp11l,24.00573,24.09861,23.8641,24.00573
Anks3,18.88142,18.88831,18.40976,18.88142
,22.75805,23.20172,21.4801,22.75805
Fopnl,,,,
Vasn,19.90256,19.73909,,19.820825
Cmss1,18.5916,21.62051,21.06151,21.06151
Eral1,24.47308,24.85847,23.82668,24.47308
Cenpn,,,,
Elp3,,,,
Cep89,,,,
Pinx1,19.91048,28.31142,,24.11095
Ube2v1,23.87446,14.01097,21.97656,21.97656
Lipt2,22.03507,23.47023,22.36153,22.36153
Nt5c3a,22.11842,18.79563,20.87049,20.87049
Nkain1,22.45149,24.83836,24.05705,24.05705
Mgrn1,19.67311,,19.42446,19.548785
Alg14,21.39341,22.32765,20.96416,21.39341
Spc24,,,,
Apitd1,,,,
Acer3,,,,
Det1,,,17.81341,17.81341
Rnf115,21.40088,20.6709,21.16208,21.16208
Dimt1,24.00222,23.90435,23.32649,23.90435
Ndc80,,,,
Zbed3,18.0418,17.31115,,17.676475
Cdca7,21.60752,,,21.60752
Chaf1b,,18.56752,,18.56752
Pygo1,,,,
Psrc1,,,,
Wdr89,21.68932,19.85,22.77521,21.68932
Ebag9,22.78063,21.57676,21.75691,21.75691
Cinp,22.60055,21.31612,20.28421,21.31612
Mrpl52,22.56579,,,22.56579
Mthfs,,,,
Dnlz,24.85067,24.90431,24.67729,24.85067
Znf706,24.19287,27.43944,23.56442,24.19287
Ints12,20.72949,20.51874,22.44753,20.72949
Tomm7,22.23614,23.73024,22.51246,22.51246
Ss18l2,,,,
Wdr65,,,17.09228,17.09228
Aaed1,,,,
Ube2c,20.77901,16.44124,19.86783,19.86783
Cby1,22.66136,21.77455,,22.217955
Cthrc1,,,,
,,21.58678,20.87807,21.232425
Slc37a4,,,,
Rita1,,,,
Mfap4,,,,
Polr1d,,,,
Fkbp11,20.03725,21.24162,,20.639435
Mphosph6,,,,
Dpm3,22.94038,25.11779,24.07611,24.07611
Prr15,,,,
Fam173b,18.73642,17.8629,18.66428,18.66428
Cdkn2aipnl,,23.75756,21.69613,22.726845
Bcl9,18.75955,18.45972,20.06395,18.75955
Plekhj1,22.03587,21.70417,21.85316,21.85316
Acbd7,19.067,18.42366,,18.74533
Snapc3,17.39297,19.22612,,18.309545
Klhdc8b,22.05315,21.87151,21.88342,21.88342
Dnaaf1,,,,
Arsk,,21.01332,20.40291,20.708115
Cpxm2,,,,
Trmt44,21.17646,18.17612,20.84284,20.84284
S100a14,20.96621,21.06461,20.56309,20.96621
Naa38,24.16515,24.0535,23.80449,24.0535
Gramd3,17.55824,18.51918,18.04708,18.04708
Ankrd39,,,,
Mau2,,18.88274,20.0212,19.45197
9130401M01Rik,18.93385,20.69727,20.73422,20.69727
Mlkl,22.2676,,21.32306,21.79533
Snx20,,,,
Fbxo25,22.11607,21.64112,21.01195,21.64112
Elovl7,,,,
Rnf128,,17.62185,,17.62185
Mgat4c,,,,
Snrnp48,20.05205,18.96502,18.80395,18.96502
Snrnp35,24.82895,22.75019,24.49528,24.49528
Rufy3,17.75081,,,17.75081
Rufy3,,,,
Rhoh,,,,
Obp1a,,,,
Krtap7-1,,,,
,,,,
Tchhl1,,,19.63996,19.63996
Nts,,,,
Fsip1,16.6569,,,16.6569
Gpn3,22.70502,22.10572,,22.40537
Pacrgl,17.46372,,20.39989,18.931805
Mfap3l,,20.32191,17.60769,18.9648
Dlgap1,,,,
Uvssa,19.05243,18.12212,,18.587275
Sgms2,,,19.08447,19.08447
Ttc25,,,20.22764,20.22764
Eaf1,18.52256,,,18.52256
Rmi1,,,18.08254,18.08254
Amotl1,19.53744,,,19.53744
Dcbld1,,,,
Ccdc130,20.3756,18.68216,18.66042,18.68216
Cdyl2,23.24542,22.3806,18.86762,22.3806
S100pbp,20.34039,,,20.34039
Gins2,21.24394,,19.94692,20.59543
Fam84a,17.49576,20.43532,18.29199,18.29199
Zfp84,,20.60775,20.61333,20.61054
4632428N05Rik,12.05728,17.9686,19.08874,17.9686
Sun1,,,,
Sun1,,,,
Rin2,19.97631,,,19.97631
Zdhhc4,,20.75987,,20.75987
Cxx1c,,,,
Fam69a,23.12902,22.58964,22.18776,22.58964
Cers4,,,,
Cers5,14.50786,19.98092,19.65763,19.65763
Calml3,,,,
Paip2,,,,
Nsmce1,23.86174,22.47425,23.14157,23.14157
,,,,
Tmem206,23.65742,23.51557,23.42982,23.51557
Haus5,21.55726,22.43163,23.51929,22.43163
Gpx8,,,,
Ly6g6e,,,,
Fam83d,,,,
Dnase1l1,17.22666,,18.53092,17.87879
Serpinb12,,,,
Med8,23.0487,22.68414,21.51831,22.68414
Slx4ip,18.03456,18.57792,19.02718,18.57792
2200002D01Rik,,,,
Sapcd2,,,,
Pipox,20.37008,19.78312,19.94864,19.94864
Aplf,19.48416,20.88524,20.7536,20.7536
Tex9,,,,
Actr6,21.89,22.05533,22.12446,22.05533
Tmem254b;Tmem254,22.01366,21.47531,20.6971,21.47531
Aig1,19.80887,,20.07209,19.94048
Fam210b,21.82015,21.91371,21.98332,21.91371
Tspan13,21.95727,23.20353,,22.5804
Alg13,20.16079,19.93776,19.03128,19.93776
Pnp2,17.02626,,,17.02626
2010005H15Rik,,23.28419,20.96077,22.12248
Alkbh4,,,,
Oma1,,,,
P2yr13,,,,
Gtf3c6,22.02948,21.43781,21.53398,21.53398
Ifrd2,18.92741,19.23355,,19.08048
Tmem41a,,,,
Mcemp1,,,,
Dtwd1,21.36981,20.28184,21.41705,21.36981
Manbal,,,,
Ing5,,,,
1700112E06Rik,,,21.47353,21.47353
Slc22a17,24.52886,23.01686,23.44556,23.44556
Chic2,21.53559,21.74911,21.93998,21.74911
Tbc1d20,21.81948,19.41549,20.01604,20.01604
Usp12,20.88494,22.08213,21.93955,21.93955
Phospho2,24.11981,23.32279,22.52059,23.32279
Pradc1,,,,
Ccdc19,,,,
Dennd6b,23.0912,22.98054,22.46787,22.98054
Knstrn,21.99421,21.38811,20.17889,21.38811
Cir1,20.6832,19.2622,19.87009,19.87009
Mfsd2a,,,18.95835,18.95835
Exosc1,24.32841,24.59275,24.00256,24.32841
Ttc32,,,,
Pfn3,,,,
Tekt1,,,,
Dynlrb2,,,,
Pacrg,,,,
Rhobtb1,,,,
Fank1,19.37579,17.77559,17.75851,17.77559
Lrrc46,,,,
Asf1b,,,,
Cklf,,24.21593,,24.21593
Mrgbp,22.86454,23.26542,22.8013,22.86454
Znf654,17.10401,16.30651,15.88651,16.30651
Tmem38b,20.8735,21.08874,21.42378,21.08874
,21.7967,,,21.7967
Yae1d1;Gm6505,19.31933,17.52719,19.32125,19.31933
Ift46,21.56165,21.04013,21.27787,21.27787
Smdt1,,20.87155,15.42715,18.14935
Pop5,22.37745,23.39192,,22.884685
Znf580,,,,
Med27,23.48013,23.46576,23.79005,23.48013
Znf593,17.73284,18.24563,18.86629,18.24563
Ap1s2,23.67756,23.33197,23.2548,23.33197
Fam216a,,25.23144,,25.23144
Emc9,21.98092,21.42501,20.62631,21.42501
Rrp8,23.89745,23.50531,23.35272,23.50531
Med29,20.62703,20.42818,,20.527605
Wdr53,21.40966,22.13968,21.6957,21.6957
Leng1,,,,
Tysnd1,22.28695,22.3921,21.93848,22.28695
Amdhd1,,,,
Dusp6,19.80281,19.80426,,19.803535
Eif4e3,17.27876,,,17.27876
Cpn2,,,,
2015-03-08 00:00:00,19.81388,,,19.81388
Cwc25,18.64709,,18.33071,18.4889
Cyp27a1,,18.82395,17.14181,17.98288
Rpn2,,,19.02131,19.02131
Baiap2l1,,,,
Josd1,21.63803,20.82236,21.09841,21.09841
Ddx59,22.28557,20.76773,22.9283,22.28557
Scyl3,24.21134,21.81139,21.03234,21.81139
Armc8,19.66534,20.12136,20.34484,20.12136
Apbb2,21.15357,21.43028,20.08667,21.15357
Poc5,19.21807,19.1579,15.44404,19.1579
Osbpl3,,,,
Entpd4,20.69498,19.86042,19.87927,19.87927
Dmgdh,20.12868,20.23245,19.95248,20.12868
Riok3,21.33287,23.45951,22.3377,22.3377
Rnf6,15.34023,14.549,14.64239,14.64239
Dhx34,,16.02477,15.64214,15.833455
Mxra8,20.97379,20.96698,19.66525,20.96698
Cyp4v2,18.93526,18.01476,19.37118,18.93526
Natd1,25.18117,25.09192,23.91607,25.09192
Tril,,,,
Plxdc2,23.29488,23.1986,22.92888,23.1986
Slc46a3,,,,
Mfsd1,20.64667,15.80055,16.677,16.677
Zfp869,19.33932,19.37159,19.81225,19.37159
Dram1,,,,
Caly,24.31734,24.07088,24.3931,24.31734
Arpp21,,,,
Gabarap,25.56133,24.81455,24.4367,24.81455
Cd302,,,,
Pop7,21.05742,22.6919,21.80104,21.80104
Zfand6,,22.82726,21.92908,22.37817
Stard3nl,22.54484,22.53374,21.65814,22.53374
Aurkaip1,,,,
Znf414;Zfp414,,21.1404,20.46633,20.803365
Mettl15,19.04375,19.26325,18.64005,19.04375
Nudt12,21.51258,21.05252,22.27943,21.51258
Rnft1,,,,
Dazap2,23.56151,23.63998,,23.600745
Eid1,,,19.05865,19.05865
Tmem176a,,,,
Bap18;0610010K14Rik,20.02594,,,20.02594
Dgat2,16.9138,20.09352,22.55992,20.09352
Rab13,19.86084,,18.87316,19.367
Rarres2,,19.84756,,19.84756
Nudt22,19.90602,,,19.90602
Wbp5,,,16.33114,16.33114
Twsg1,19.72101,20.2635,,19.992255
Tsc1,19.27141,18.57215,18.72231,18.72231
Hcar2,19.17324,,,19.17324
Cd274,,,,
Chst7,,,,
Slco1a4,,,,
Gpr88,22.02648,21.18283,21.42383,21.42383
Wwtr1,,,,
Mettl9,23.68955,22.62988,22.55663,22.62988
Tlr1,22.88112,,22.82712,22.85412
Pla2g12a,20.55581,20.90492,21.55726,20.90492
Glce,21.86872,22.45521,22.19337,22.19337
Vmn1r171,,,,
Inpp4a,,20.56774,20.49989,20.533815
Ropn1l,,,19.03888,19.03888
Chst1,17.97768,20.84222,17.31778,17.97768
Hsd3b7,,,,
Elovl4,23.85624,23.61549,22.39016,23.61549
Dpys,24.58772,24.5354,24.71382,24.58772
Taf8,,,19.93154,19.93154
Tpcn1,20.54378,20.25592,,20.39985
Tsc22d4,21.60797,20.73843,19.91215,20.73843
Slc19a2,,19.8693,21.26339,20.566345
Suv39h2,18.98604,,20.13834,19.56219
Kcnn1,21.4442,14.7235,20.61576,20.61576
Igdcc4,20.07104,19.94063,20.00003,20.00003
Rhou,23.4924,21.5559,21.42101,21.5559
Tlr9,20.05205,20.35132,19.05706,20.05205
Set,21.4708,16.70793,,19.089365
Olig2,,,,
Ern1,13.49035,,,13.49035
Tor3a,21.06828,15.99976,16.74649,16.74649
Wtap,,,,
Rhoj,,,,
Rtp4,,,,
Tor1aip2,21.61333,23.18438,21.39446,21.61333
Rsc1a1,18.01089,17.84665,,17.92877
Dscam,16.95878,17.3538,16.74215,16.95878
Krt81,,,,
Sgk3,19.65025,15.92662,,17.788435
Mesdc1,20.61423,20.25211,17.5849,20.25211
Nusap1,,,,
Moap1,18.53894,17.85026,17.34195,17.85026
Chrnb2,18.84537,18.9711,17.04399,18.84537
P2ry6,21.95262,,20.15549,21.054055
Mllt1,19.10229,20.05099,20.27606,20.05099
Gmfg,,,22.27273,22.27273
Znf319,,,,
Chrm3,22.32353,21.16772,21.98141,21.98141
Chrm2,,,19.53721,19.53721
Foxj2,18.37318,,,18.37318
Arhgef7,,,,
Arhgef7,,,,
Arhgef7,,,,
Inpp5d,,,,
Cd200r1,,18.02589,,18.02589
Rtn3,,,,
Hrg,,,,
Ypel1,18.23818,,,18.23818
Cmtm7,,,,
Dysf,,,,
Zdhhc16,15.98375,,,15.98375
Irak1bp1,20.95539,21.29642,17.53579,20.95539
Capn10,18.85863,19.63304,21.36357,19.63304
Ing2,21.13264,20.44395,20.28557,20.44395
Zak,19.69251,19.54849,17.21902,19.54849
Gdpd2,21.73727,20.65097,20.95227,20.95227
Doc2g,,,,
Cenpk,,,,
Mapk8ip3,,17.82762,18.58344,18.20553
Mapk8ip3,,,,
Dusp10,,17.56985,18.765,18.167425
Gsdma,,,,
Eif4enif1,,,,
Nfkbiz,16.85611,,18.22637,17.54124
Slc1a5,22.10252,20.43888,22.05778,22.05778
Cldn12,21.78684,22.32235,19.45322,21.78684
Palld,,,,
Palld,16.31863,,,16.31863
Timp4,,,,
Elf2,,,,
Elf2,21.26585,19.37647,20.68893,20.68893
Kat2b,,,,
Asah2,20.31429,,20.43919,20.37674
Gal3st1,,,,
Hpgds,,20.87117,22.90025,21.88571
Pik3cg,15.68738,18.45623,18.79065,18.45623
Copz2,19.66148,24.13923,18.40757,19.66148
Mmp19,21.53867,,,21.53867
Adat1,21.03952,20.60485,20.6747,20.6747
Slc40a1,,,,
0610031J06Rik,21.64399,21.21733,23.92606,21.64399
Icoslg,,,,
Lat2,,,,
Stk19,20.79313,20.15734,18.05595,20.15734
Kdelc1,22.27088,21.7275,22.24821,22.24821
Ammecr1,,,,
Cdk20,18.29041,16.91917,20.51961,18.29041
Aldh1a3,22.60576,22.58893,22.41725,22.58893
Bin3,20.66145,20.20967,19.99314,20.20967
Ntn4,,,,
Pus3,,16.14025,15.75978,15.950015
Gtf2ird1,20.86801,17.4244,15.34228,17.4244
B3galt5,,,,
Sgpp1,21.91787,23.17413,22.12041,22.12041
Sh2b2,22.73721,22.67025,22.29165,22.67025
Prmt1,,,,
Slc2a8,19.07992,18.20376,18.69653,18.69653
Zfand2a,23.33006,,,23.33006
Kcnmb4,22.61097,23.37398,20.84384,22.61097
Panx1,26.87385,26.63478,26.39308,26.63478
Smad9,,,,
Cbll1,18.27485,18.07243,18.78663,18.27485
Tfap4,,,,
Plscr3,25.21523,24.75083,24.8101,24.8101
Plscr1,13.36126,,,13.36126
C1galt1,22.23952,21.40904,16.79601,21.40904
Rbfox1,,,,
Zc3h8,,,,
Cdc20,,,,
Pbk,21.49785,20.46483,19.34432,20.46483
Ccdc86,,,,
Ssna1,21.2324,21.79578,22.6629,21.79578
Ccnl2,21.65766,22.82949,19.41316,21.65766
Grasp,21.1979,20.87927,19.33128,20.87927
Nipa2;Nipal1,,,,
Fads3,22.27133,22.17785,22.0233,22.17785
Sppl2a,21.66323,22.43487,16.09148,21.66323
Tacc2,,,,
Tmem47,,20.38184,18.81315,19.597495
Caln1,16.37433,17.97298,15.1437,16.37433
Pigb,21.49497,20.88517,21.87508,21.49497
Cacng4,23.58875,23.10247,23.14968,23.14968
,,,,
Tdp2,23.35555,22.93625,22.91954,22.93625
Ube2j1,,,,
Klf13,,20.38922,,20.38922
Ppp2r3c,18.09584,17.36735,,17.731595
Orc3,20.47783,20.58701,20.6435,20.58701
Sh3glb1,,,,
Pard6g,,19.94192,,19.94192
Mlh1,17.7204,19.03604,18.69197,18.69197
Hspb8,,17.81297,,17.81297
Ybx3,,,,
Tbx21,,,14.33588,14.33588
Cyp39a1,18.21632,,,18.21632
Rcan3,22.3033,23.06554,22.54517,22.54517
Slc30a7,24.04552,24.63129,23.46264,24.04552
Olig1,,,,
Pole3,22.09748,20.97358,22.1496,22.09748
Chrac1,21.66154,,20.8205,21.24102
Ldb3,20.93402,20.85331,19.54907,20.85331
Ick,20.56458,20.62827,20.26224,20.56458
Arl6ip1,25.12558,26.9526,18.66917,25.12558
Lgals8,,19.36897,22.91973,21.14435
Isg20,,16.05977,,16.05977
Bace2,,17.48628,23.31838,20.40233
Rgs1,,,,
Gmeb1,21.07222,20.71574,23.18417,21.07222
Rfx5,17.43884,,16.68634,17.06259
Fanca,19.46208,,,19.46208
Mpp6,24.14616,23.49741,23.58337,23.58337
Pvrl3,,,,
Capn15,,18.8659,,18.8659
Capn15,,,,
Akr1c12,,,,
Col5a3,18.45125,17.63211,,18.04168
Spag6;BC061194,,16.61094,,16.61094
Selk,,,,
Elovl2,,21.05,,21.05
Elovl1,,,,
Tnfrsf19,,20.05378,19.92706,19.99042
Git2,,,,
Sec61a2,25.30368,26.1671,25.23582,25.30368
Socs6,17.63091,17.61662,17.66615,17.63091
Hic2,21.0807,20.44455,,20.762625
Sigirr,,,,
Pias4,20.30129,20.82586,21.22629,20.82586
Mink1,,,,
Tob2,,,,
Crlf1,19.17998,19.25822,18.33678,19.17998
Reep6,,18.45165,,18.45165
Srf,,,16.82115,16.82115
Stap1,14.13338,19.31582,22.72565,19.31582
Wrap73,19.39672,19.11627,20.20096,19.39672
Prg4,,,,
Znf207,,,,
Sfmbt1,20.47803,19.56261,20.08887,20.08887
Chst11,17.26517,19.83612,22.1316,19.83612
Vstm2b,,19.60023,,19.60023
Dolpp1,23.51557,22.5077,23.80233,23.51557
C1galt1c1,21.52836,20.84713,,21.187745
Neu3,18.26169,18.09697,17.85562,18.09697
Fbxw4,,,,
B4galt5,20.75849,20.79265,18.75251,20.75849
Mageh1,,,,
Polk,13.987,,15.71773,14.852365
Cln8,25.26528,25.95956,25.31264,25.31264
Tlr4,21.8212,22.74076,16.18063,21.8212
Try4;Try5,21.91346,22.78067,20.71549,21.91346
Itga2b,,,,
Tlr2,,,,
Ptk2b,17.38978,17.78162,16.6454,17.38978
Rai2,,,,
Chaf1a,19.24247,19.59862,,19.420545
Kifc1,,,,
Mlf1,,,,
Rad1,,18.24934,,18.24934
Clca1,,19.65116,18.16663,18.908895
Son,,,15.99309,15.99309
Dpf1,,,,
Cyhr1,26.02578,26.11692,25.87722,26.02578
Acox2,19.53277,19.50114,,19.516955
Fbp1,,,,
Limd1,,20.6256,20.18773,20.406665
Poll,,16.00786,15.51961,15.763735
Itgax,18.93194,16.20287,,17.567405
Rad18,,17.81778,20.30597,19.061875
Kif21a,19.76341,18.62966,19.32461,19.32461
Kif21a,,20.13871,20.0351,20.086905
Abhd2,19.97743,18.59179,19.38718,19.38718
Mkrn1,17.89261,17.25322,,17.572915
Plec,,,,
Plec,,,,
Plec,,,,
Dbn1,24.02047,23.36078,23.6309,23.6309
Dapp1,16.1326,,,16.1326
Cbx8,23.85671,23.68024,23.43007,23.68024
Spry2,20.80278,19.3089,22.43081,20.80278
Fbxl6,18.48856,20.00374,19.40083,19.40083
Nufip1,,,,
Xk,,,,
Macf1,18.03633,17.23734,17.61956,17.61956
Pkp3,,,,
Zbp1,,,,
Tspan3,22.7223,22.98223,23.51833,22.98223
Pdzd4,18.97958,22.1903,21.63737,21.63737
Gpr37,,,,
Tmem59,22.30028,22.26502,22.52678,22.30028
Dctpp1,23.31354,23.36813,23.54545,23.36813
Casr,,,,
Dach1,17.12928,,,17.12928
Add3,,,,
Add2,,,,
Add1,,,,
Bcl11a,,,,
Bcl11a,,21.5363,,21.5363
Bcl11a,,,,
Bcl11a,,,,
Jag2,20.18641,20.52678,19.98649,20.18641
Dnajb9,,22.33928,20.27446,21.30687
Hs6st1,21.81108,21.72372,21.73413,21.73413
Abt1,21.61216,20.36367,20.7737,20.7737
Cenph,,19.0961,,19.0961
Tmeff2,23.53053,25.09277,23.68603,23.68603
Azi2,,18.67831,,18.67831
Map1a,,,,
Qki,,17.48958,19.64614,18.56786
Ppm1d,18.94083,19.84731,19.32021,19.32021
Iigp1,24.14686,23.79273,23.82716,23.82716
Plekhb2,23.39937,23.565,23.22949,23.39937
Abhd1,20.9583,19.44587,19.00306,19.44587
Chml,19.63749,19.8951,22.67217,19.8951
Serinc3,21.90356,23.45086,21.69634,21.90356
Ripk3,17.95498,21.06763,18.86384,18.86384
Usp21,19.30497,19.14093,18.28722,19.14093
Polg2,21.17597,18.97623,20.56495,20.56495
Mllt4,,,,
Mllt4,,,,
H2afy,22.7768,22.03127,,22.404035
Hipk2,21.30775,21.67788,16.19297,21.30775
Numb,,,,
Sgk2,,,15.26657,15.26657
Krtap15-1,,,,
Ube2l6,,,,
Nxt1,25.19472,22.81617,22.18029,22.81617
Dpt,,,,
Adamts5,19.69829,19.536,14.00992,19.536
Naip5,,,21.05019,21.05019
Dnajc12,,,,
Angptl2,,,,
Amfr,,,,
Fhl3,,19.33787,18.17816,18.758015
Hgfac,,,,
Znf346;Zfp346,22.66241,22.04407,21.82408,22.04407
Bloc1s6,,,,
Acox1,,,,
Emcn,,,,
Syt10,21.01896,21.98263,17.80902,21.01896
Syt9,,,13.59561,13.59561
Clec4e,,,,
Mfi2,20.777,20.04247,20.8906,20.777
Mmp24,21.58724,24.27085,23.87774,23.87774
Mmp17,20.25084,19.99217,17.80738,19.99217
Srsf10,,,,
Med20,23.70324,22.29583,23.8839,23.70324
Gabrg1,22.69999,19.86977,22.59202,22.59202
Nat6,21.18004,19.43882,21.84483,21.18004
Rfwd2,21.11191,21.66271,20.13345,21.11191
Taf7,19.63164,21.97446,20.23199,20.23199
Foxo1,,13.00662,17.90242,15.45452
Tmem176b,23.4491,22.00908,19.58888,22.00908
Plp2,16.16418,15.20377,15.77702,15.77702
B9d1,,,,
Pign,,,16.56613,16.56613
Timeless,16.5684,19.97071,15.35235,16.5684
Abcc5,22.61773,21.05782,20.58013,21.05782
Myo1c,,,,
Myo1c,24.13774,,,24.13774
Fiz1,22.21101,22.83648,21.66462,22.21101
Ramp1,,,,
Sema6c,18.45141,19.15632,18.61547,18.61547
Nfe2l3,,,,
Spry4,,,,
Mmp16,19.78195,,19.2081,19.495025
Mapk9,,,,
Usp18,,,22.7688,22.7688
Rlim,,17.62035,16.81703,17.21869
Slc22a3,,,,
Mbtps1,20.17487,20.64509,19.45691,20.17487
Bex2;Bex1,19.2087,18.89359,,19.051145
Pdcd6ip,,,19.54083,19.54083
Slc37a2,18.01111,,16.3904,17.200755
Cyb561d2,,23.18195,,23.18195
Tmem115,22.18782,23.12756,21.13934,22.18782
Sema4g,20.83946,21.16208,19.91014,20.83946
Rfc2,23.31976,22.99412,22.46906,22.99412
Srd5a3,19.10116,19.61682,,19.35899
Uchl5,20.42337,20.60395,22.18556,20.60395
Cxcl14,22.08261,20.90918,22.24876,22.08261
St6galnac3,19.23909,19.801,19.21703,19.23909
Cyp2g1,,,14.3436,14.3436
Atp1a4,13.70552,18.1253,18.68839,18.1253
Mpp2,,,,
Apobec2,,,,
2015-03-07 00:00:00,17.83966,,16.60192,17.22079
Decr2,24.06225,21.94131,21.15715,21.94131
Dmtn,,,,
Noc2l,20.8527,21.51273,17.08348,20.8527
Asb3,22.57452,22.47791,21.75091,22.47791
Stxbp4,19.77386,20.54793,17.18553,19.77386
Epb41l3,20.18641,19.79268,20.25119,20.18641
Epb41l3,,,,
Peg12,,,,
Slit3,24.23279,24.19468,24.13469,24.19468
Pole,15.5864,15.19967,15.12856,15.19967
Msl3,19.83918,20.22835,18.56298,19.83918
Agtrap,,,,
B4galt6,,16.7129,19.09939,17.906145
Slc12a7,23.11883,22.3626,21.5804,22.3626
Racgap1,20.84491,18.82115,18.79344,18.82115
Ap1m2,,,,
Park2,21.5866,18.49299,19.06768,19.06768
Cx3cr1,,,,
Ncdn,23.64878,23.63323,22.34541,23.63323
B3galt4,18.35311,17.97371,17.01683,17.97371
Cib1,,,,
Rad9a,18.92963,18.46292,,18.696275
Zbtb22,,16.88679,16.89143,16.88911
Cdc7,16.50654,,16.05706,16.2818
Smarcb1,21.08583,20.66787,21.44157,21.08583
Celf2,,,,
Clip2,,,,
Slfn3,,,,
Slfn2,,,,
Slfn1,,,,
Reck,,,,
Vnn1,,,,
Il18bp,,17.7282,,17.7282
Eif2s3y,22.57307,20.12881,23.32759,22.57307
Sufu,21.50664,19.9189,21.68962,21.50664
Gsg2,,,,
Itsn1,,,,
Lhx2,20.76377,18.23977,18.60023,18.60023
Cldn14,,,,
S1pr3,,,,
Hmg20b,21.54623,21.10636,20.77451,21.10636
Aldh18a1,21.22806,21.36041,20.64148,21.22806
Pf4,,23.66579,22.36816,23.016975
Sh3bp5,,,,
Ror1,,,,
Loxl3,,,,
Shcbp1,,17.90059,,17.90059
Padi4,,,,
Phf1,21.6525,20.87635,18.12969,20.87635
Nfkbia,,,,
Slc7a7,,,21.23725,21.23725
Irgm2,,,,
Orc1,19.72396,,18.28726,19.00561
Bub1b,13.35796,,,13.35796
Deaf1,21.3756,17.69234,17.60001,17.69234
Pikfyve,17.54977,17.42431,17.84457,17.54977
Trip6,20.51326,20.30251,20.02364,20.30251
Hnrnpc,,,,
Rfxank,19.57406,18.78373,18.92645,18.92645
Diaph3;Diap3,,14.53187,20.91159,17.72173
Pex11a,,,,
Dpp6,,,,
Fxyd1,25.06225,23.98798,23.75369,23.98798
Aebp2,17.92613,17.96093,17.36897,17.92613
P2rx4,,,18.51056,18.51056
Chek2,17.46276,,,17.46276
Ate1,,20.70126,,20.70126
Dgat1,21.91145,20.92803,19.97477,20.92803
Ggt5,18.66428,19.31875,20.34061,19.31875
Sel1l,,,,
Epb41l1,25.44012,25.74204,25.3665,25.44012
Gipc2,,17.59032,,17.59032
Fkbp1b,25.53656,25.53528,24.68833,25.53528
Vamp5,,,,
Tsc22d3,,,,
Tsc22d3,,22.14513,19.52468,20.834905
Krt85,,,,
Zfp292,20.34733,20.21288,20.55936,20.34733
Elf4,,,,
Gria4,,,,
B4galt2,20.16803,21.48998,20.62498,20.62498
Homer1,,,,
Gfpt2,19.79193,19.84558,19.15946,19.79193
Snph,,,,
Plekha7,,,,
Ppfia1,,,,
Birc6,16.9124,,15.41854,16.16547
Ank2,,,,
Ank3,20.05907,,,20.05907
Gm3839,21.56964,23.00898,23.46563,23.00898
Arhgap12,,,,
Prrc2c,,,,
Ank2,17.47524,18.4933,18.5178,18.4933
Sipa1l3,,,,
Tbc1d25,,,21.60878,21.60878
Ank2,,16.15454,16.38198,16.26826
Gyg,,,,
Gm17190,,,,
Celf2,22.94242,22.33971,22.64511,22.64511
Mlip,,,,
1110065P20Rik,20.84858,21.18283,,21.015705
Gm5269,,,,
Erc1,21.94878,21.48832,21.2674,21.48832
Gm12117,,,,
Ccpg1os,,,,
Gm17087,,22.72113,,22.72113
Nav2,20.96289,18.38739,24.53825,20.96289
Ogdh,,,,
Cluh,17.68818,,16.42982,17.059
